
============================================================
  advisor Web Interface
  Open http://localhost:5000 in your browser
  Press Ctrl+C to stop
============================================================

 * Serving Flask app 'webapp'
 * Debug mode: on
WARNING: This is a development server. Do not use it in a production deployment. Use a production WSGI server instead.
 * Running on all addresses (0.0.0.0)
 * Running on http://127.0.0.1:5000
 * Running on http://192.168.29.198:5000
Press CTRL+C to quit
 * Restarting with watchdog (windowsapi)
 * Debugger is active!
 * Debugger PIN: 296-218-656
 * Detected change in 'E:\\nse-trade-advisor-v5\\nse-trade-advisor\\ingest_news.py', reloading
 * Detected change in 'E:\\nse-trade-advisor-v5\\nse-trade-advisor\\ingest_news.py.tmp.1896.e2bb764ec653', reloading

============================================================
  advisor Web Interface
  Open http://localhost:5000 in your browser
  Press Ctrl+C to stop
============================================================

 * Restarting with watchdog (windowsapi)
 * Debugger is active!
 * Debugger PIN: 296-218-656
 * Detected change in 'E:\\nse-trade-advisor-v5\\nse-trade-advisor\\patterns.py', reloading

============================================================
  advisor Web Interface
  Open http://localhost:5000 in your browser
  Press Ctrl+C to stop
============================================================

 * Restarting with watchdog (windowsapi)
 * Debugger is active!
 * Debugger PIN: 296-218-656
 * Detected change in 'E:\\nse-trade-advisor-v5\\nse-trade-advisor\\rl_agent.py', reloading

============================================================
  advisor Web Interface
  Open http://localhost:5000 in your browser
  Press Ctrl+C to stop
============================================================

 * Restarting with watchdog (windowsapi)
 * Debugger is active!
 * Debugger PIN: 296-218-656
 * Detected change in 'C:\\Users\\ayush\\AppData\\Roaming\\Python\\Python312\\site-packages\\farama_notifications\\__init__.py', reloading
 * Detected change in 'C:\\Users\\ayush\\AppData\\Roaming\\Python\\Python312\\site-packages\\farama_notifications\\__init__.py', reloading
 * Detected change in 'C:\\Users\\ayush\\AppData\\Roaming\\Python\\Python312\\site-packages\\farama_notifications\\__init__.py', reloading
 * Detected change in 'C:\\Users\\ayush\\AppData\\Roaming\\Python\\Python312\\site-packages\\gymnasium\\__init__.py', reloading
 * Detected change in 'C:\\Users\\ayush\\AppData\\Roaming\\Python\\Python312\\site-packages\\gymnasium\\__init__.py', reloading
 * Detected change in 'C:\\Users\\ayush\\AppData\\Roaming\\Python\\Python312\\site-packages\\gymnasium\\__init__.py', reloading
 * Detected change in 'C:\\Users\\ayush\\AppData\\Roaming\\Python\\Python312\\site-packages\\gymnasium\\core.py', reloading
 * Detected change in 'C:\\Users\\ayush\\AppData\\Roaming\\Python\\Python312\\site-packages\\gymnasium\\core.py', reloading
 * Detected change in 'C:\\Users\\ayush\\AppData\\Roaming\\Python\\Python312\\site-packages\\gymnasium\\error.py', reloading
 * Detected change in 'C:\\Users\\ayush\\AppData\\Roaming\\Python\\Python312\\site-packages\\gymnasium\\error.py', reloading
 * Detected change in 'C:\\Users\\ayush\\AppData\\Roaming\\Python\\Python312\\site-packages\\gymnasium\\logger.py', reloading
 * Detected change in 'C:\\Users\\ayush\\AppData\\Roaming\\Python\\Python312\\site-packages\\gymnasium\\logger.py', reloading
 * Detected change in 'C:\\Users\\ayush\\AppData\\Roaming\\Python\\Python312\\site-packages\\gymnasium\\envs\\__init__.py', reloading
 * Detected change in 'C:\\Users\\ayush\\AppData\\Roaming\\Python\\Python312\\site-packages\\gymnasium\\envs\\__init__.py', reloading
 * Detected change in 'C:\\Users\\ayush\\AppData\\Roaming\\Python\\Python312\\site-packages\\gymnasium\\envs\\__init__.py', reloading
 * Detected change in 'C:\\Users\\ayush\\AppData\\Roaming\\Python\\Python312\\site-packages\\gymnasium\\envs\\functional_jax_env.py', reloading
 * Detected change in 'C:\\Users\\ayush\\AppData\\Roaming\\Python\\Python312\\site-packages\\gymnasium\\envs\\functional_jax_env.py', reloading
 * Detected change in 'C:\\Users\\ayush\\AppData\\Roaming\\Python\\Python312\\site-packages\\gymnasium\\envs\\registration.py', reloading
 * Detected change in 'C:\\Users\\ayush\\AppData\\Roaming\\Python\\Python312\\site-packages\\gymnasium\\envs\\registration.py', reloading
 * Detected change in 'C:\\Users\\ayush\\AppData\\Roaming\\Python\\Python312\\site-packages\\gymnasium\\envs\\box2d\\__init__.py', reloading
 * Detected change in 'C:\\Users\\ayush\\AppData\\Roaming\\Python\\Python312\\site-packages\\gymnasium\\envs\\box2d\\__init__.py', reloading
 * Detected change in 'C:\\Users\\ayush\\AppData\\Roaming\\Python\\Python312\\site-packages\\gymnasium\\envs\\box2d\\__init__.py', reloading
 * Detected change in 'C:\\Users\\ayush\\AppData\\Roaming\\Python\\Python312\\site-packages\\gymnasium\\envs\\box2d\\bipedal_walker.py', reloading
 * Detected change in 'C:\\Users\\ayush\\AppData\\Roaming\\Python\\Python312\\site-packages\\gymnasium\\envs\\box2d\\bipedal_walker.py', reloading
 * Detected change in 'C:\\Users\\ayush\\AppData\\Roaming\\Python\\Python312\\site-packages\\gymnasium\\envs\\box2d\\car_dynamics.py', reloading
 * Detected change in 'C:\\Users\\ayush\\AppData\\Roaming\\Python\\Python312\\site-packages\\gymnasium\\envs\\box2d\\car_dynamics.py', reloading
 * Detected change in 'C:\\Users\\ayush\\AppData\\Roaming\\Python\\Python312\\site-packages\\gymnasium\\envs\\box2d\\car_racing.py', reloading
 * Detected change in 'C:\\Users\\ayush\\AppData\\Roaming\\Python\\Python312\\site-packages\\gymnasium\\envs\\box2d\\car_racing.py', reloading
 * Detected change in 'C:\\Users\\ayush\\AppData\\Roaming\\Python\\Python312\\site-packages\\gymnasium\\envs\\box2d\\lunar_lander.py', reloading
 * Detected change in 'C:\\Users\\ayush\\AppData\\Roaming\\Python\\Python312\\site-packages\\gymnasium\\envs\\box2d\\lunar_lander.py', reloading
 * Detected change in 'C:\\Users\\ayush\\AppData\\Roaming\\Python\\Python312\\site-packages\\gymnasium\\envs\\classic_control\\__init__.py', reloading
 * Detected change in 'C:\\Users\\ayush\\AppData\\Roaming\\Python\\Python312\\site-packages\\gymnasium\\envs\\classic_control\\__init__.py', reloading
 * Detected change in 'C:\\Users\\ayush\\AppData\\Roaming\\Python\\Python312\\site-packages\\gymnasium\\envs\\classic_control\\acrobot.py', reloading
 * Detected change in 'C:\\Users\\ayush\\AppData\\Roaming\\Python\\Python312\\site-packages\\gymnasium\\envs\\classic_control\\acrobot.py', reloading
 * Detected change in 'C:\\Users\\ayush\\AppData\\Roaming\\Python\\Python312\\site-packages\\gymnasium\\envs\\classic_control\\acrobot.py', reloading
 * Detected change in 'C:\\Users\\ayush\\AppData\\Roaming\\Python\\Python312\\site-packages\\gymnasium\\envs\\classic_control\\cartpole.py', reloading
 * Detected change in 'C:\\Users\\ayush\\AppData\\Roaming\\Python\\Python312\\site-packages\\gymnasium\\envs\\classic_control\\cartpole.py', reloading
 * Detected change in 'C:\\Users\\ayush\\AppData\\Roaming\\Python\\Python312\\site-packages\\gymnasium\\envs\\classic_control\\continuous_mountain_car.py', reloading
 * Detected change in 'C:\\Users\\ayush\\AppData\\Roaming\\Python\\Python312\\site-packages\\gymnasium\\envs\\classic_control\\continuous_mountain_car.py', reloading
 * Detected change in 'C:\\Users\\ayush\\AppData\\Roaming\\Python\\Python312\\site-packages\\gymnasium\\envs\\classic_control\\mountain_car.py', reloading
 * Detected change in 'C:\\Users\\ayush\\AppData\\Roaming\\Python\\Python312\\site-packages\\gymnasium\\envs\\classic_control\\mountain_car.py', reloading
 * Detected change in 'C:\\Users\\ayush\\AppData\\Roaming\\Python\\Python312\\site-packages\\gymnasium\\envs\\classic_control\\pendulum.py', reloading
 * Detected change in 'C:\\Users\\ayush\\AppData\\Roaming\\Python\\Python312\\site-packages\\gymnasium\\envs\\classic_control\\pendulum.py', reloading
 * Detected change in 'C:\\Users\\ayush\\AppData\\Roaming\\Python\\Python312\\site-packages\\gymnasium\\envs\\classic_control\\pendulum.py', reloading
 * Detected change in 'C:\\Users\\ayush\\AppData\\Roaming\\Python\\Python312\\site-packages\\gymnasium\\envs\\classic_control\\utils.py', reloading
 * Detected change in 'C:\\Users\\ayush\\AppData\\Roaming\\Python\\Python312\\site-packages\\gymnasium\\envs\\classic_control\\utils.py', reloading
 * Detected change in 'C:\\Users\\ayush\\AppData\\Roaming\\Python\\Python312\\site-packages\\gymnasium\\envs\\mujoco\\ant_v4.py', reloading
 * Detected change in 'C:\\Users\\ayush\\AppData\\Roaming\\Python\\Python312\\site-packages\\gymnasium\\envs\\mujoco\\__init__.py', reloading
 * Detected change in 'C:\\Users\\ayush\\AppData\\Roaming\\Python\\Python312\\site-packages\\gymnasium\\envs\\mujoco\\__init__.py', reloading
 * Detected change in 'C:\\Users\\ayush\\AppData\\Roaming\\Python\\Python312\\site-packages\\gymnasium\\envs\\mujoco\\__init__.py', reloading
 * Detected change in 'C:\\Users\\ayush\\AppData\\Roaming\\Python\\Python312\\site-packages\\gymnasium\\envs\\mujoco\\ant_v4.py', reloading
 * Detected change in 'C:\\Users\\ayush\\AppData\\Roaming\\Python\\Python312\\site-packages\\gymnasium\\envs\\mujoco\\ant_v4.py', reloading
 * Detected change in 'C:\\Users\\ayush\\AppData\\Roaming\\Python\\Python312\\site-packages\\gymnasium\\envs\\mujoco\\ant_v5.py', reloading
 * Detected change in 'C:\\Users\\ayush\\AppData\\Roaming\\Python\\Python312\\site-packages\\gymnasium\\envs\\mujoco\\ant_v5.py', reloading
 * Detected change in 'C:\\Users\\ayush\\AppData\\Roaming\\Python\\Python312\\site-packages\\gymnasium\\envs\\mujoco\\half_cheetah_v4.py', reloading
 * Detected change in 'C:\\Users\\ayush\\AppData\\Roaming\\Python\\Python312\\site-packages\\gymnasium\\envs\\mujoco\\half_cheetah_v4.py', reloading
 * Detected change in 'C:\\Users\\ayush\\AppData\\Roaming\\Python\\Python312\\site-packages\\gymnasium\\envs\\mujoco\\half_cheetah_v5.py', reloading
 * Detected change in 'C:\\Users\\ayush\\AppData\\Roaming\\Python\\Python312\\site-packages\\gymnasium\\envs\\mujoco\\half_cheetah_v5.py', reloading
 * Detected change in 'C:\\Users\\ayush\\AppData\\Roaming\\Python\\Python312\\site-packages\\gymnasium\\envs\\mujoco\\hopper_v4.py', reloading
 * Detected change in 'C:\\Users\\ayush\\AppData\\Roaming\\Python\\Python312\\site-packages\\gymnasium\\envs\\mujoco\\hopper_v4.py', reloading
 * Detected change in 'C:\\Users\\ayush\\AppData\\Roaming\\Python\\Python312\\site-packages\\gymnasium\\envs\\mujoco\\hopper_v5.py', reloading
 * Detected change in 'C:\\Users\\ayush\\AppData\\Roaming\\Python\\Python312\\site-packages\\gymnasium\\envs\\mujoco\\hopper_v5.py', reloading
 * Detected change in 'C:\\Users\\ayush\\AppData\\Roaming\\Python\\Python312\\site-packages\\gymnasium\\envs\\mujoco\\humanoid_v4.py', reloading
 * Detected change in 'C:\\Users\\ayush\\AppData\\Roaming\\Python\\Python312\\site-packages\\gymnasium\\envs\\mujoco\\humanoid_v4.py', reloading
 * Detected change in 'C:\\Users\\ayush\\AppData\\Roaming\\Python\\Python312\\site-packages\\gymnasium\\envs\\mujoco\\humanoid_v5.py', reloading
 * Detected change in 'C:\\Users\\ayush\\AppData\\Roaming\\Python\\Python312\\site-packages\\gymnasium\\envs\\mujoco\\humanoid_v5.py', reloading
 * Detected change in 'C:\\Users\\ayush\\AppData\\Roaming\\Python\\Python312\\site-packages\\gymnasium\\envs\\mujoco\\humanoidstandup_v4.py', reloading
 * Detected change in 'C:\\Users\\ayush\\AppData\\Roaming\\Python\\Python312\\site-packages\\gymnasium\\envs\\mujoco\\humanoidstandup_v4.py', reloading

============================================================
  advisor Web Interface
  Open http://localhost:5000 in your browser
  Press Ctrl+C to stop
============================================================

 * Restarting with watchdog (windowsapi)
 * Debugger is active!
 * Debugger PIN: 296-218-656
 * Detected change in 'C:\\Users\\ayush\\AppData\\Roaming\\Python\\Python312\\site-packages\\functorch\\__init__.py', reloading
 * Detected change in 'C:\\Users\\ayush\\AppData\\Roaming\\Python\\Python312\\site-packages\\functorch\\compile\\__init__.py', reloading
 * Detected change in 'C:\\Users\\ayush\\AppData\\Roaming\\Python\\Python312\\site-packages\\functorch\\dim\\batch_tensor.py', reloading
 * Detected change in 'C:\\Users\\ayush\\AppData\\Roaming\\Python\\Python312\\site-packages\\functorch\\dim\\delayed_mul_tensor.py', reloading
 * Detected change in 'C:\\Users\\ayush\\AppData\\Roaming\\Python\\Python312\\site-packages\\functorch\\dim\\dim.py', reloading
 * Detected change in 'C:\\Users\\ayush\\AppData\\Roaming\\Python\\Python312\\site-packages\\functorch\\dim\\magic_trace.py', reloading
 * Detected change in 'C:\\Users\\ayush\\AppData\\Roaming\\Python\\Python312\\site-packages\\functorch\\dim\\op_properties.py', reloading
 * Detected change in 'C:\\Users\\ayush\\AppData\\Roaming\\Python\\Python312\\site-packages\\functorch\\dim\\reference.py', reloading
 * Detected change in 'C:\\Users\\ayush\\AppData\\Roaming\\Python\\Python312\\site-packages\\functorch\\dim\\tree_map.py', reloading
 * Detected change in 'C:\\Users\\ayush\\AppData\\Roaming\\Python\\Python312\\site-packages\\functorch\\dim\\wrap_type.py', reloading
 * Detected change in 'C:\\Users\\ayush\\AppData\\Roaming\\Python\\Python312\\site-packages\\functorch\\dim\\__init__.py', reloading
 * Detected change in 'C:\\Users\\ayush\\AppData\\Roaming\\Python\\Python312\\site-packages\\functorch\\einops\\rearrange.py', reloading
 * Detected change in 'C:\\Users\\ayush\\AppData\\Roaming\\Python\\Python312\\site-packages\\functorch\\einops\\_parsing.py', reloading
 * Detected change in 'C:\\Users\\ayush\\AppData\\Roaming\\Python\\Python312\\site-packages\\functorch\\einops\\__init__.py', reloading
 * Detected change in 'C:\\Users\\ayush\\AppData\\Roaming\\Python\\Python312\\site-packages\\functorch\\experimental\\control_flow.py', reloading
 * Detected change in 'C:\\Users\\ayush\\AppData\\Roaming\\Python\\Python312\\site-packages\\functorch\\experimental\\ops.py', reloading
 * Detected change in 'C:\\Users\\ayush\\AppData\\Roaming\\Python\\Python312\\site-packages\\functorch\\experimental\\__init__.py', reloading
 * Detected change in 'C:\\Users\\ayush\\AppData\\Roaming\\Python\\Python312\\site-packages\\functorch\\_src\\__init__.py', reloading
 * Detected change in 'C:\\Users\\ayush\\AppData\\Roaming\\Python\\Python312\\site-packages\\functorch\\_src\\aot_autograd\\__init__.py', reloading
 * Detected change in 'C:\\Users\\ayush\\AppData\\Roaming\\Python\\Python312\\site-packages\\functorch\\_src\\eager_transforms\\__init__.py', reloading
 * Detected change in 'C:\\Users\\ayush\\AppData\\Roaming\\Python\\Python312\\site-packages\\functorch\\_src\\make_functional\\__init__.py', reloading
 * Detected change in 'C:\\Users\\ayush\\AppData\\Roaming\\Python\\Python312\\site-packages\\functorch\\_src\\vmap\\__init__.py', reloading
 * Detected change in 'C:\\Users\\ayush\\AppData\\Roaming\\Python\\Python312\\site-packages\\torch\\__config__.py', reloading
 * Detected change in 'C:\\Users\\ayush\\AppData\\Roaming\\Python\\Python312\\site-packages\\torch\\__future__.py', reloading
 * Detected change in 'C:\\Users\\ayush\\AppData\\Roaming\\Python\\Python312\\site-packages\\torch\\__init__.py', reloading
 * Detected change in 'C:\\Users\\ayush\\AppData\\Roaming\\Python\\Python312\\site-packages\\torch\\~_pycache__\\functional.cpython-312.pyc', reloading
 * Detected change in 'C:\\Users\\ayush\\AppData\\Roaming\\Python\\Python312\\site-packages\\torch\\~_pycache__\\hub.cpython-312.pyc', reloading
 * Detected change in 'C:\\Users\\ayush\\AppData\\Roaming\\Python\\Python312\\site-packages\\torch\\~_pycache__\\library.cpython-312.pyc', reloading
 * Detected change in 'C:\\Users\\ayush\\AppData\\Roaming\\Python\\Python312\\site-packages\\torch\\~_pycache__\\overrides.cpython-312.pyc', reloading
 * Detected change in 'C:\\Users\\ayush\\AppData\\Roaming\\Python\\Python312\\site-packages\\torch\\~_pycache__\\quasirandom.cpython-312.pyc', reloading
 * Detected change in 'C:\\Users\\ayush\\AppData\\Roaming\\Python\\Python312\\site-packages\\torch\\~_pycache__\\random.cpython-312.pyc', reloading
 * Detected change in 'C:\\Users\\ayush\\AppData\\Roaming\\Python\\Python312\\site-packages\\torch\\~_pycache__\\return_types.cpython-312.pyc', reloading
 * Detected change in 'C:\\Users\\ayush\\AppData\\Roaming\\Python\\Python312\\site-packages\\torch\\~_pycache__\\serialization.cpython-312.pyc', reloading
 * Detected change in 'C:\\Users\\ayush\\AppData\\Roaming\\Python\\Python312\\site-packages\\torch\\~_pycache__\\storage.cpython-312.pyc', reloading
 * Detected change in 'C:\\Users\\ayush\\AppData\\Roaming\\Python\\Python312\\site-packages\\torch\\~_pycache__\\torch_version.cpython-312.pyc', reloading
 * Detected change in 'C:\\Users\\ayush\\AppData\\Roaming\\Python\\Python312\\site-packages\\torch\\~_pycache__\\types.cpython-312.pyc', reloading
 * Detected change in 'C:\\Users\\ayush\\AppData\\Roaming\\Python\\Python312\\site-packages\\torch\\~_pycache__\\version.cpython-312.pyc', reloading
 * Detected change in 'C:\\Users\\ayush\\AppData\\Roaming\\Python\\Python312\\site-packages\\torch\\~_pycache__\\_appdirs.cpython-312.pyc', reloading
 * Detected change in 'C:\\Users\\ayush\\AppData\\Roaming\\Python\\Python312\\site-packages\\torch\\~_pycache__\\_classes.cpython-312.pyc', reloading
 * Detected change in 'C:\\Users\\ayush\\AppData\\Roaming\\Python\\Python312\\site-packages\\torch\\~_pycache__\\_compile.cpython-312.pyc', reloading
 * Detected change in 'C:\\Users\\ayush\\AppData\\Roaming\\Python\\Python312\\site-packages\\torch\\~_pycache__\\_custom_ops.cpython-312.pyc', reloading
 * Detected change in 'C:\\Users\\ayush\\AppData\\Roaming\\Python\\Python312\\site-packages\\torch\\~_pycache__\\_deploy.cpython-312.pyc', reloading
 * Detected change in 'C:\\Users\\ayush\\AppData\\Roaming\\Python\\Python312\\site-packages\\torch\\~_pycache__\\_guards.cpython-312.pyc', reloading
 * Detected change in 'C:\\Users\\ayush\\AppData\\Roaming\\Python\\Python312\\site-packages\\torch\\~_pycache__\\_jit_internal.cpython-312.pyc', reloading
 * Detected change in 'C:\\Users\\ayush\\AppData\\Roaming\\Python\\Python312\\site-packages\\torch\\~_pycache__\\_linalg_utils.cpython-312.pyc', reloading
 * Detected change in 'C:\\Users\\ayush\\AppData\\Roaming\\Python\\Python312\\site-packages\\torch\\~_pycache__\\_lobpcg.cpython-312.pyc', reloading
 * Detected change in 'C:\\Users\\ayush\\AppData\\Roaming\\Python\\Python312\\site-packages\\torch\\~_pycache__\\_lowrank.cpython-312.pyc', reloading
 * Detected change in 'C:\\Users\\ayush\\AppData\\Roaming\\Python\\Python312\\site-packages\\torch\\~_pycache__\\_meta_registrations.cpython-312.pyc', reloading
 * Detected change in 'C:\\Users\\ayush\\AppData\\Roaming\\Python\\Python312\\site-packages\\torch\\~_pycache__\\_namedtensor_internals.cpython-312.pyc', reloading
 * Detected change in 'C:\\Users\\ayush\\AppData\\Roaming\\Python\\Python312\\site-packages\\torch\\~_pycache__\\_ops.cpython-312.pyc', reloading
 * Detected change in 'C:\\Users\\ayush\\AppData\\Roaming\\Python\\Python312\\site-packages\\torch\\~_pycache__\\_python_dispatcher.cpython-312.pyc', reloading
 * Detected change in 'C:\\Users\\ayush\\AppData\\Roaming\\Python\\Python312\\site-packages\\torch\\~_pycache__\\_sources.cpython-312.pyc', reloading
 * Detected change in 'C:\\Users\\ayush\\AppData\\Roaming\\Python\\Python312\\site-packages\\torch\\~_pycache__\\_storage_docs.cpython-312.pyc', reloading
 * Detected change in 'C:\\Users\\ayush\\AppData\\Roaming\\Python\\Python312\\site-packages\\torch\\~_pycache__\\_streambase.cpython-312.pyc', reloading
 * Detected change in 'C:\\Users\\ayush\\AppData\\Roaming\\Python\\Python312\\site-packages\\torch\\~_pycache__\\_tensor.cpython-312.pyc', reloading
 * Detected change in 'C:\\Users\\ayush\\AppData\\Roaming\\Python\\Python312\\site-packages\\torch\\~_pycache__\\_tensor_docs.cpython-312.pyc', reloading
 * Detected change in 'C:\\Users\\ayush\\AppData\\Roaming\\Python\\Python312\\site-packages\\torch\\~_pycache__\\_tensor_str.cpython-312.pyc', reloading
 * Detected change in 'C:\\Users\\ayush\\AppData\\Roaming\\Python\\Python312\\site-packages\\torch\\~_pycache__\\_torch_docs.cpython-312.pyc', reloading
 * Detected change in 'C:\\Users\\ayush\\AppData\\Roaming\\Python\\Python312\\site-packages\\torch\\~_pycache__\\_utils.cpython-312.pyc', reloading
 * Detected change in 'C:\\Users\\ayush\\AppData\\Roaming\\Python\\Python312\\site-packages\\torch\\~_pycache__\\_utils_internal.cpython-312.pyc', reloading
 * Detected change in 'C:\\Users\\ayush\\AppData\\Roaming\\Python\\Python312\\site-packages\\torch\\~_pycache__\\_VF.cpython-312.pyc', reloading
 * Detected change in 'C:\\Users\\ayush\\AppData\\Roaming\\Python\\Python312\\site-packages\\torch\\~_pycache__\\_vmap_internals.cpython-312.pyc', reloading
 * Detected change in 'C:\\Users\\ayush\\AppData\\Roaming\\Python\\Python312\\site-packages\\torch\\~_pycache__\\_weights_only_unpickler.cpython-312.pyc', reloading
 * Detected change in 'C:\\Users\\ayush\\AppData\\Roaming\\Python\\Python312\\site-packages\\torch\\~_pycache__\\__config__.cpython-312.pyc', reloading
 * Detected change in 'C:\\Users\\ayush\\AppData\\Roaming\\Python\\Python312\\site-packages\\torch\\~_pycache__\\__future__.cpython-312.pyc', reloading
 * Detected change in 'C:\\Users\\ayush\\AppData\\Roaming\\Python\\Python312\\site-packages\\torch\\~_pycache__\\__init__.cpython-312.pyc', reloading
 * Detected change in 'C:\\Users\\ayush\\AppData\\Roaming\\Python\\Python312\\site-packages\\torch\\__pycache__\\functional.cpython-312.pyc', reloading
 * Detected change in 'C:\\Users\\ayush\\AppData\\Roaming\\Python\\Python312\\site-packages\\torch\\__pycache__\\hub.cpython-312.pyc', reloading
 * Detected change in 'C:\\Users\\ayush\\AppData\\Roaming\\Python\\Python312\\site-packages\\torch\\__pycache__\\library.cpython-312.pyc', reloading
 * Detected change in 'C:\\Users\\ayush\\AppData\\Roaming\\Python\\Python312\\site-packages\\torch\\__pycache__\\overrides.cpython-312.pyc', reloading
 * Detected change in 'C:\\Users\\ayush\\AppData\\Roaming\\Python\\Python312\\site-packages\\torch\\__pycache__\\quasirandom.cpython-312.pyc', reloading
 * Detected change in 'C:\\Users\\ayush\\AppData\\Roaming\\Python\\Python312\\site-packages\\torch\\__pycache__\\random.cpython-312.pyc', reloading
 * Detected change in 'C:\\Users\\ayush\\AppData\\Roaming\\Python\\Python312\\site-packages\\torch\\__pycache__\\return_types.cpython-312.pyc', reloading
 * Detected change in 'C:\\Users\\ayush\\AppData\\Roaming\\Python\\Python312\\site-packages\\torch\\__pycache__\\serialization.cpython-312.pyc', reloading
 * Detected change in 'C:\\Users\\ayush\\AppData\\Roaming\\Python\\Python312\\site-packages\\torch\\__pycache__\\storage.cpython-312.pyc', reloading
 * Detected change in 'C:\\Users\\ayush\\AppData\\Roaming\\Python\\Python312\\site-packages\\torch\\__pycache__\\torch_version.cpython-312.pyc', reloading
 * Detected change in 'C:\\Users\\ayush\\AppData\\Roaming\\Python\\Python312\\site-packages\\torch\\__pycache__\\types.cpython-312.pyc', reloading
 * Detected change in 'C:\\Users\\ayush\\AppData\\Roaming\\Python\\Python312\\site-packages\\torch\\__pycache__\\version.cpython-312.pyc', reloading
 * Detected change in 'C:\\Users\\ayush\\AppData\\Roaming\\Python\\Python312\\site-packages\\torch\\__pycache__\\_appdirs.cpython-312.pyc', reloading
 * Detected change in 'C:\\Users\\ayush\\AppData\\Roaming\\Python\\Python312\\site-packages\\torch\\__pycache__\\_classes.cpython-312.pyc', reloading
 * Detected change in 'C:\\Users\\ayush\\AppData\\Roaming\\Python\\Python312\\site-packages\\torch\\__pycache__\\_compile.cpython-312.pyc', reloading
 * Detected change in 'C:\\Users\\ayush\\AppData\\Roaming\\Python\\Python312\\site-packages\\torch\\__pycache__\\_custom_ops.cpython-312.pyc', reloading
 * Detected change in 'C:\\Users\\ayush\\AppData\\Roaming\\Python\\Python312\\site-packages\\torch\\__pycache__\\_deploy.cpython-312.pyc', reloading
 * Detected change in 'C:\\Users\\ayush\\AppData\\Roaming\\Python\\Python312\\site-packages\\torch\\__pycache__\\_guards.cpython-312.pyc', reloading
 * Detected change in 'C:\\Users\\ayush\\AppData\\Roaming\\Python\\Python312\\site-packages\\torch\\__pycache__\\_jit_internal.cpython-312.pyc', reloading
 * Detected change in 'C:\\Users\\ayush\\AppData\\Roaming\\Python\\Python312\\site-packages\\torch\\__pycache__\\_linalg_utils.cpython-312.pyc', reloading
 * Detected change in 'C:\\Users\\ayush\\AppData\\Roaming\\Python\\Python312\\site-packages\\torch\\__pycache__\\_lobpcg.cpython-312.pyc', reloading
 * Detected change in 'C:\\Users\\ayush\\AppData\\Roaming\\Python\\Python312\\site-packages\\torch\\__pycache__\\_lowrank.cpython-312.pyc', reloading
 * Detected change in 'C:\\Users\\ayush\\AppData\\Roaming\\Python\\Python312\\site-packages\\torch\\__pycache__\\_meta_registrations.cpython-312.pyc', reloading
 * Detected change in 'C:\\Users\\ayush\\AppData\\Roaming\\Python\\Python312\\site-packages\\torch\\__pycache__\\_namedtensor_internals.cpython-312.pyc', reloading
 * Detected change in 'C:\\Users\\ayush\\AppData\\Roaming\\Python\\Python312\\site-packages\\torch\\__pycache__\\_ops.cpython-312.pyc', reloading
 * Detected change in 'C:\\Users\\ayush\\AppData\\Roaming\\Python\\Python312\\site-packages\\torch\\__pycache__\\_python_dispatcher.cpython-312.pyc', reloading
 * Detected change in 'C:\\Users\\ayush\\AppData\\Roaming\\Python\\Python312\\site-packages\\torch\\__pycache__\\_sources.cpython-312.pyc', reloading
 * Detected change in 'C:\\Users\\ayush\\AppData\\Roaming\\Python\\Python312\\site-packages\\torch\\__pycache__\\_storage_docs.cpython-312.pyc', reloading
 * Detected change in 'C:\\Users\\ayush\\AppData\\Roaming\\Python\\Python312\\site-packages\\torch\\__pycache__\\_streambase.cpython-312.pyc', reloading
 * Detected change in 'C:\\Users\\ayush\\AppData\\Roaming\\Python\\Python312\\site-packages\\torch\\__pycache__\\_tensor.cpython-312.pyc', reloading
 * Detected change in 'C:\\Users\\ayush\\AppData\\Roaming\\Python\\Python312\\site-packages\\torch\\__pycache__\\_tensor_docs.cpython-312.pyc', reloading
 * Detected change in 'C:\\Users\\ayush\\AppData\\Roaming\\Python\\Python312\\site-packages\\torch\\__pycache__\\_tensor_str.cpython-312.pyc', reloading
 * Detected change in 'C:\\Users\\ayush\\AppData\\Roaming\\Python\\Python312\\site-packages\\torch\\__pycache__\\_torch_docs.cpython-312.pyc', reloading
 * Detected change in 'C:\\Users\\ayush\\AppData\\Roaming\\Python\\Python312\\site-packages\\torch\\__pycache__\\_utils.cpython-312.pyc', reloading
 * Detected change in 'C:\\Users\\ayush\\AppData\\Roaming\\Python\\Python312\\site-packages\\torch\\__pycache__\\_utils_internal.cpython-312.pyc', reloading
 * Detected change in 'C:\\Users\\ayush\\AppData\\Roaming\\Python\\Python312\\site-packages\\torch\\__pycache__\\_VF.cpython-312.pyc', reloading
 * Detected change in 'C:\\Users\\ayush\\AppData\\Roaming\\Python\\Python312\\site-packages\\torch\\__pycache__\\_vmap_internals.cpython-312.pyc', reloading
 * Detected change in 'C:\\Users\\ayush\\AppData\\Roaming\\Python\\Python312\\site-packages\\torch\\__pycache__\\_weights_only_unpickler.cpython-312.pyc', reloading
 * Detected change in 'C:\\Users\\ayush\\AppData\\Roaming\\Python\\Python312\\site-packages\\torch\\__pycache__\\__config__.cpython-312.pyc', reloading
 * Detected change in 'C:\\Users\\ayush\\AppData\\Roaming\\Python\\Python312\\site-packages\\torch\\__pycache__\\__future__.cpython-312.pyc', reloading
 * Detected change in 'C:\\Users\\ayush\\AppData\\Roaming\\Python\\Python312\\site-packages\\torch\\__pycache__\\__init__.cpython-312.pyc', reloading
 * Detected change in 'C:\\Users\\ayush\\AppData\\Roaming\\Python\\Python312\\site-packages\\torch\\_appdirs.py', reloading
 * Detected change in 'C:\\Users\\ayush\\AppData\\Roaming\\Python\\Python312\\site-packages\\torch\\~awaits\\__init__.py', reloading
 * Detected change in 'C:\\Users\\ayush\\AppData\\Roaming\\Python\\Python312\\site-packages\\torch\\_awaits\\__init__.py', reloading
 * Detected change in 'C:\\Users\\ayush\\AppData\\Roaming\\Python\\Python312\\site-packages\\torch\\_classes.py', reloading
 * Detected change in 'C:\\Users\\ayush\\AppData\\Roaming\\Python\\Python312\\site-packages\\torch\\_compile.py', reloading
 * Detected change in 'C:\\Users\\ayush\\AppData\\Roaming\\Python\\Python312\\site-packages\\torch\\~custom_op\\autograd.py', reloading
 * Detected change in 'C:\\Users\\ayush\\AppData\\Roaming\\Python\\Python312\\site-packages\\torch\\~custom_op\\functional.py', reloading
 * Detected change in 'C:\\Users\\ayush\\AppData\\Roaming\\Python\\Python312\\site-packages\\torch\\~custom_op\\impl.py', reloading
 * Detected change in 'C:\\Users\\ayush\\AppData\\Roaming\\Python\\Python312\\site-packages\\torch\\~custom_op\\__init__.py', reloading
 * Detected change in 'C:\\Users\\ayush\\AppData\\Roaming\\Python\\Python312\\site-packages\\torch\\_custom_op\\autograd.py', reloading
 * Detected change in 'C:\\Users\\ayush\\AppData\\Roaming\\Python\\Python312\\site-packages\\torch\\_custom_op\\functional.py', reloading
 * Detected change in 'C:\\Users\\ayush\\AppData\\Roaming\\Python\\Python312\\site-packages\\torch\\_custom_op\\impl.py', reloading
 * Detected change in 'C:\\Users\\ayush\\AppData\\Roaming\\Python\\Python312\\site-packages\\torch\\_custom_op\\__init__.py', reloading
 * Detected change in 'C:\\Users\\ayush\\AppData\\Roaming\\Python\\Python312\\site-packages\\torch\\_custom_ops.py', reloading
 * Detected change in 'C:\\Users\\ayush\\AppData\\Roaming\\Python\\Python312\\site-packages\\torch\\~decomp\\decompositions.py', reloading
 * Detected change in 'C:\\Users\\ayush\\AppData\\Roaming\\Python\\Python312\\site-packages\\torch\\~decomp\\decompositions_for_jvp.py', reloading
 * Detected change in 'C:\\Users\\ayush\\AppData\\Roaming\\Python\\Python312\\site-packages\\torch\\~decomp\\decompositions_for_rng.py', reloading
 * Detected change in 'C:\\Users\\ayush\\AppData\\Roaming\\Python\\Python312\\site-packages\\torch\\~decomp\\__init__.py', reloading
 * Detected change in 'C:\\Users\\ayush\\AppData\\Roaming\\Python\\Python312\\site-packages\\torch\\_decomp\\decompositions.py', reloading
 * Detected change in 'C:\\Users\\ayush\\AppData\\Roaming\\Python\\Python312\\site-packages\\torch\\_decomp\\decompositions_for_jvp.py', reloading
 * Detected change in 'C:\\Users\\ayush\\AppData\\Roaming\\Python\\Python312\\site-packages\\torch\\_decomp\\decompositions_for_rng.py', reloading
 * Detected change in 'C:\\Users\\ayush\\AppData\\Roaming\\Python\\Python312\\site-packages\\torch\\_decomp\\__init__.py', reloading
 * Detected change in 'C:\\Users\\ayush\\AppData\\Roaming\\Python\\Python312\\site-packages\\torch\\_deploy.py', reloading
 * Detected change in 'C:\\Users\\ayush\\AppData\\Roaming\\Python\\Python312\\site-packages\\torch\\~dispatch\\python.py', reloading
 * Detected change in 'C:\\Users\\ayush\\AppData\\Roaming\\Python\\Python312\\site-packages\\torch\\~dispatch\\__init__.py', reloading
 * Detected change in 'C:\\Users\\ayush\\AppData\\Roaming\\Python\\Python312\\site-packages\\torch\\_dispatch\\python.py', reloading
 * Detected change in 'C:\\Users\\ayush\\AppData\\Roaming\\Python\\Python312\\site-packages\\torch\\_dispatch\\__init__.py', reloading
 * Detected change in 'C:\\Users\\ayush\\AppData\\Roaming\\Python\\Python312\\site-packages\\torch\\~dynamo\\allowed_functions.py', reloading
 * Detected change in 'C:\\Users\\ayush\\AppData\\Roaming\\Python\\Python312\\site-packages\\torch\\~dynamo\\bytecode_analysis.py', reloading
 * Detected change in 'C:\\Users\\ayush\\AppData\\Roaming\\Python\\Python312\\site-packages\\torch\\~dynamo\\bytecode_transformation.py', reloading
 * Detected change in 'C:\\Users\\ayush\\AppData\\Roaming\\Python\\Python312\\site-packages\\torch\\~dynamo\\cache_size.py', reloading
 * Detected change in 'C:\\Users\\ayush\\AppData\\Roaming\\Python\\Python312\\site-packages\\torch\\~dynamo\\codegen.py', reloading
 * Detected change in 'C:\\Users\\ayush\\AppData\\Roaming\\Python\\Python312\\site-packages\\torch\\~dynamo\\code_context.py', reloading
 * Detected change in 'C:\\Users\\ayush\\AppData\\Roaming\\Python\\Python312\\site-packages\\torch\\~dynamo\\compiled_autograd.py', reloading
 * Detected change in 'C:\\Users\\ayush\\AppData\\Roaming\\Python\\Python312\\site-packages\\torch\\~dynamo\\comptime.py', reloading
 * Detected change in 'C:\\Users\\ayush\\AppData\\Roaming\\Python\\Python312\\site-packages\\torch\\~dynamo\\config.py', reloading
 * Detected change in 'C:\\Users\\ayush\\AppData\\Roaming\\Python\\Python312\\site-packages\\torch\\~dynamo\\convert_frame.py', reloading
 * Detected change in 'C:\\Users\\ayush\\AppData\\Roaming\\Python\\Python312\\site-packages\\torch\\~dynamo\\current_scope_id.py', reloading
 * Detected change in 'C:\\Users\\ayush\\AppData\\Roaming\\Python\\Python312\\site-packages\\torch\\~dynamo\\debug_utils.py', reloading
 * Detected change in 'C:\\Users\\ayush\\AppData\\Roaming\\Python\\Python312\\site-packages\\torch\\~dynamo\\decorators.py', reloading
 * Detected change in 'C:\\Users\\ayush\\AppData\\Roaming\\Python\\Python312\\site-packages\\torch\\~dynamo\\device_interface.py', reloading
 * Detected change in 'C:\\Users\\ayush\\AppData\\Roaming\\Python\\Python312\\site-packages\\torch\\~dynamo\\eval_frame.py', reloading
 * Detected change in 'C:\\Users\\ayush\\AppData\\Roaming\\Python\\Python312\\site-packages\\torch\\~dynamo\\exc.py', reloading
 * Detected change in 'C:\\Users\\ayush\\AppData\\Roaming\\Python\\Python312\\site-packages\\torch\\~dynamo\\external_utils.py', reloading
 * Detected change in 'C:\\Users\\ayush\\AppData\\Roaming\\Python\\Python312\\site-packages\\torch\\~dynamo\\funcname_cache.py', reloading
 * Detected change in 'C:\\Users\\ayush\\AppData\\Roaming\\Python\\Python312\\site-packages\\torch\\~dynamo\\guards.py', reloading
 * Detected change in 'C:\\Users\\ayush\\AppData\\Roaming\\Python\\Python312\\site-packages\\torch\\~dynamo\\hooks.py', reloading
 * Detected change in 'C:\\Users\\ayush\\AppData\\Roaming\\Python\\Python312\\site-packages\\torch\\~dynamo\\logging.py', reloading
 * Detected change in 'C:\\Users\\ayush\\AppData\\Roaming\\Python\\Python312\\site-packages\\torch\\~dynamo\\mutation_guard.py', reloading
 * Detected change in 'C:\\Users\\ayush\\AppData\\Roaming\\Python\\Python312\\site-packages\\torch\\~dynamo\\output_graph.py', reloading
 * Detected change in 'C:\\Users\\ayush\\AppData\\Roaming\\Python\\Python312\\site-packages\\torch\\~dynamo\\polyfill.py', reloading
 * Detected change in 'C:\\Users\\ayush\\AppData\\Roaming\\Python\\Python312\\site-packages\\torch\\~dynamo\\profiler.py', reloading
 * Detected change in 'C:\\Users\\ayush\\AppData\\Roaming\\Python\\Python312\\site-packages\\torch\\~dynamo\\replay_record.py', reloading
 * Detected change in 'C:\\Users\\ayush\\AppData\\Roaming\\Python\\Python312\\site-packages\\torch\\~dynamo\\resume_execution.py', reloading
 * Detected change in 'C:\\Users\\ayush\\AppData\\Roaming\\Python\\Python312\\site-packages\\torch\\~dynamo\\side_effects.py', reloading
 * Detected change in 'C:\\Users\\ayush\\AppData\\Roaming\\Python\\Python312\\site-packages\\torch\\~dynamo\\skipfiles.py', reloading
 * Detected change in 'C:\\Users\\ayush\\AppData\\Roaming\\Python\\Python312\\site-packages\\torch\\~dynamo\\source.py', reloading
 * Detected change in 'C:\\Users\\ayush\\AppData\\Roaming\\Python\\Python312\\site-packages\\torch\\~dynamo\\symbolic_convert.py', reloading
 * Detected change in 'C:\\Users\\ayush\\AppData\\Roaming\\Python\\Python312\\site-packages\\torch\\~dynamo\\testing.py', reloading
 * Detected change in 'C:\\Users\\ayush\\AppData\\Roaming\\Python\\Python312\\site-packages\\torch\\~dynamo\\test_case.py', reloading
 * Detected change in 'C:\\Users\\ayush\\AppData\\Roaming\\Python\\Python312\\site-packages\\torch\\~dynamo\\test_minifier_common.py', reloading
 * Detected change in 'C:\\Users\\ayush\\AppData\\Roaming\\Python\\Python312\\site-packages\\torch\\~dynamo\\trace_rules.py', reloading
 * Detected change in 'C:\\Users\\ayush\\AppData\\Roaming\\Python\\Python312\\site-packages\\torch\\~dynamo\\types.py', reloading
 * Detected change in 'C:\\Users\\ayush\\AppData\\Roaming\\Python\\Python312\\site-packages\\torch\\~dynamo\\utils.py', reloading
 * Detected change in 'C:\\Users\\ayush\\AppData\\Roaming\\Python\\Python312\\site-packages\\torch\\~dynamo\\_trace_wrapped_higher_order_op.py', reloading
 * Detected change in 'C:\\Users\\ayush\\AppData\\Roaming\\Python\\Python312\\site-packages\\torch\\~dynamo\\__init__.py', reloading
 * Detected change in 'C:\\Users\\ayush\\AppData\\Roaming\\Python\\Python312\\site-packages\\torch\\~dynamo\\backends\\common.py', reloading
 * Detected change in 'C:\\Users\\ayush\\AppData\\Roaming\\Python\\Python312\\site-packages\\torch\\~dynamo\\backends\\cudagraphs.py', reloading
 * Detected change in 'C:\\Users\\ayush\\AppData\\Roaming\\Python\\Python312\\site-packages\\torch\\~dynamo\\backends\\debugging.py', reloading
 * Detected change in 'C:\\Users\\ayush\\AppData\\Roaming\\Python\\Python312\\site-packages\\torch\\~dynamo\\backends\\distributed.py', reloading
 * Detected change in 'C:\\Users\\ayush\\AppData\\Roaming\\Python\\Python312\\site-packages\\torch\\~dynamo\\backends\\inductor.py', reloading
 * Detected change in 'C:\\Users\\ayush\\AppData\\Roaming\\Python\\Python312\\site-packages\\torch\\~dynamo\\backends\\onnxrt.py', reloading
 * Detected change in 'C:\\Users\\ayush\\AppData\\Roaming\\Python\\Python312\\site-packages\\torch\\~dynamo\\backends\\registry.py', reloading
 * Detected change in 'C:\\Users\\ayush\\AppData\\Roaming\\Python\\Python312\\site-packages\\torch\\~dynamo\\backends\\tensorrt.py', reloading
 * Detected change in 'C:\\Users\\ayush\\AppData\\Roaming\\Python\\Python312\\site-packages\\torch\\~dynamo\\backends\\torchxla.py', reloading
 * Detected change in 'C:\\Users\\ayush\\AppData\\Roaming\\Python\\Python312\\site-packages\\torch\\~dynamo\\backends\\tvm.py', reloading
 * Detected change in 'C:\\Users\\ayush\\AppData\\Roaming\\Python\\Python312\\site-packages\\torch\\~dynamo\\backends\\__init__.py', reloading
 * Detected change in 'C:\\Users\\ayush\\AppData\\Roaming\\Python\\Python312\\site-packages\\torch\\~dynamo\\repro\\after_aot.py', reloading
 * Detected change in 'C:\\Users\\ayush\\AppData\\Roaming\\Python\\Python312\\site-packages\\torch\\~dynamo\\repro\\after_dynamo.py', reloading
 * Detected change in 'C:\\Users\\ayush\\AppData\\Roaming\\Python\\Python312\\site-packages\\torch\\~dynamo\\repro\\__init__.py', reloading
 * Detected change in 'C:\\Users\\ayush\\AppData\\Roaming\\Python\\Python312\\site-packages\\torch\\~dynamo\\variables\\base.py', reloading
 * Detected change in 'C:\\Users\\ayush\\AppData\\Roaming\\Python\\Python312\\site-packages\\torch\\~dynamo\\variables\\builder.py', reloading
 * Detected change in 'C:\\Users\\ayush\\AppData\\Roaming\\Python\\Python312\\site-packages\\torch\\~dynamo\\variables\\builtin.py', reloading
 * Detected change in 'C:\\Users\\ayush\\AppData\\Roaming\\Python\\Python312\\site-packages\\torch\\~dynamo\\variables\\constant.py', reloading
 * Detected change in 'C:\\Users\\ayush\\AppData\\Roaming\\Python\\Python312\\site-packages\\torch\\~dynamo\\variables\\ctx_manager.py', reloading
 * Detected change in 'C:\\Users\\ayush\\AppData\\Roaming\\Python\\Python312\\site-packages\\torch\\~dynamo\\variables\\dicts.py', reloading
 * Detected change in 'C:\\Users\\ayush\\AppData\\Roaming\\Python\\Python312\\site-packages\\torch\\~dynamo\\variables\\distributed.py', reloading
 * Detected change in 'C:\\Users\\ayush\\AppData\\Roaming\\Python\\Python312\\site-packages\\torch\\~dynamo\\variables\\functions.py', reloading
 * Detected change in 'C:\\Users\\ayush\\AppData\\Roaming\\Python\\Python312\\site-packages\\torch\\~dynamo\\variables\\higher_order_ops.py', reloading
 * Detected change in 'C:\\Users\\ayush\\AppData\\Roaming\\Python\\Python312\\site-packages\\torch\\~dynamo\\variables\\iter.py', reloading
 * Detected change in 'C:\\Users\\ayush\\AppData\\Roaming\\Python\\Python312\\site-packages\\torch\\~dynamo\\variables\\lazy.py', reloading
 * Detected change in 'C:\\Users\\ayush\\AppData\\Roaming\\Python\\Python312\\site-packages\\torch\\~dynamo\\variables\\lists.py', reloading
 * Detected change in 'C:\\Users\\ayush\\AppData\\Roaming\\Python\\Python312\\site-packages\\torch\\~dynamo\\variables\\misc.py', reloading
 * Detected change in 'C:\\Users\\ayush\\AppData\\Roaming\\Python\\Python312\\site-packages\\torch\\~dynamo\\variables\\nn_module.py', reloading
 * Detected change in 'C:\\Users\\ayush\\AppData\\Roaming\\Python\\Python312\\site-packages\\torch\\~dynamo\\variables\\optimizer.py', reloading
 * Detected change in 'C:\\Users\\ayush\\AppData\\Roaming\\Python\\Python312\\site-packages\\torch\\~dynamo\\variables\\tensor.py', reloading
 * Detected change in 'C:\\Users\\ayush\\AppData\\Roaming\\Python\\Python312\\site-packages\\torch\\~dynamo\\variables\\torch.py', reloading
 * Detected change in 'C:\\Users\\ayush\\AppData\\Roaming\\Python\\Python312\\site-packages\\torch\\~dynamo\\variables\\torch_function.py', reloading
 * Detected change in 'C:\\Users\\ayush\\AppData\\Roaming\\Python\\Python312\\site-packages\\torch\\~dynamo\\variables\\user_defined.py', reloading
 * Detected change in 'C:\\Users\\ayush\\AppData\\Roaming\\Python\\Python312\\site-packages\\torch\\~dynamo\\variables\\__init__.py', reloading
 * Detected change in 'C:\\Users\\ayush\\AppData\\Roaming\\Python\\Python312\\site-packages\\torch\\_dynamo\\allowed_functions.py', reloading
 * Detected change in 'C:\\Users\\ayush\\AppData\\Roaming\\Python\\Python312\\site-packages\\torch\\_dynamo\\bytecode_analysis.py', reloading
 * Detected change in 'C:\\Users\\ayush\\AppData\\Roaming\\Python\\Python312\\site-packages\\torch\\_dynamo\\bytecode_transformation.py', reloading
 * Detected change in 'C:\\Users\\ayush\\AppData\\Roaming\\Python\\Python312\\site-packages\\torch\\_dynamo\\cache_size.py', reloading
 * Detected change in 'C:\\Users\\ayush\\AppData\\Roaming\\Python\\Python312\\site-packages\\torch\\_dynamo\\codegen.py', reloading
 * Detected change in 'C:\\Users\\ayush\\AppData\\Roaming\\Python\\Python312\\site-packages\\torch\\_dynamo\\code_context.py', reloading
 * Detected change in 'C:\\Users\\ayush\\AppData\\Roaming\\Python\\Python312\\site-packages\\torch\\_dynamo\\compiled_autograd.py', reloading
 * Detected change in 'C:\\Users\\ayush\\AppData\\Roaming\\Python\\Python312\\site-packages\\torch\\_dynamo\\comptime.py', reloading
 * Detected change in 'C:\\Users\\ayush\\AppData\\Roaming\\Python\\Python312\\site-packages\\torch\\_dynamo\\config.py', reloading
 * Detected change in 'C:\\Users\\ayush\\AppData\\Roaming\\Python\\Python312\\site-packages\\torch\\_dynamo\\convert_frame.py', reloading
 * Detected change in 'C:\\Users\\ayush\\AppData\\Roaming\\Python\\Python312\\site-packages\\torch\\_dynamo\\current_scope_id.py', reloading
 * Detected change in 'C:\\Users\\ayush\\AppData\\Roaming\\Python\\Python312\\site-packages\\torch\\_dynamo\\debug_utils.py', reloading
 * Detected change in 'C:\\Users\\ayush\\AppData\\Roaming\\Python\\Python312\\site-packages\\torch\\_dynamo\\decorators.py', reloading
 * Detected change in 'C:\\Users\\ayush\\AppData\\Roaming\\Python\\Python312\\site-packages\\torch\\_dynamo\\device_interface.py', reloading
 * Detected change in 'C:\\Users\\ayush\\AppData\\Roaming\\Python\\Python312\\site-packages\\torch\\_dynamo\\eval_frame.py', reloading
 * Detected change in 'C:\\Users\\ayush\\AppData\\Roaming\\Python\\Python312\\site-packages\\torch\\_dynamo\\exc.py', reloading
 * Detected change in 'C:\\Users\\ayush\\AppData\\Roaming\\Python\\Python312\\site-packages\\torch\\_dynamo\\external_utils.py', reloading
 * Detected change in 'C:\\Users\\ayush\\AppData\\Roaming\\Python\\Python312\\site-packages\\torch\\_dynamo\\funcname_cache.py', reloading
 * Detected change in 'C:\\Users\\ayush\\AppData\\Roaming\\Python\\Python312\\site-packages\\torch\\_dynamo\\guards.py', reloading
 * Detected change in 'C:\\Users\\ayush\\AppData\\Roaming\\Python\\Python312\\site-packages\\torch\\_dynamo\\hooks.py', reloading
 * Detected change in 'C:\\Users\\ayush\\AppData\\Roaming\\Python\\Python312\\site-packages\\torch\\_dynamo\\logging.py', reloading
 * Detected change in 'C:\\Users\\ayush\\AppData\\Roaming\\Python\\Python312\\site-packages\\torch\\_dynamo\\mutation_guard.py', reloading
 * Detected change in 'C:\\Users\\ayush\\AppData\\Roaming\\Python\\Python312\\site-packages\\torch\\_dynamo\\output_graph.py', reloading
 * Detected change in 'C:\\Users\\ayush\\AppData\\Roaming\\Python\\Python312\\site-packages\\torch\\_dynamo\\polyfill.py', reloading
 * Detected change in 'C:\\Users\\ayush\\AppData\\Roaming\\Python\\Python312\\site-packages\\torch\\_dynamo\\profiler.py', reloading
 * Detected change in 'C:\\Users\\ayush\\AppData\\Roaming\\Python\\Python312\\site-packages\\torch\\_dynamo\\replay_record.py', reloading
 * Detected change in 'C:\\Users\\ayush\\AppData\\Roaming\\Python\\Python312\\site-packages\\torch\\_dynamo\\resume_execution.py', reloading
 * Detected change in 'C:\\Users\\ayush\\AppData\\Roaming\\Python\\Python312\\site-packages\\torch\\_dynamo\\side_effects.py', reloading
 * Detected change in 'C:\\Users\\ayush\\AppData\\Roaming\\Python\\Python312\\site-packages\\torch\\_dynamo\\skipfiles.py', reloading
 * Detected change in 'C:\\Users\\ayush\\AppData\\Roaming\\Python\\Python312\\site-packages\\torch\\_dynamo\\source.py', reloading
 * Detected change in 'C:\\Users\\ayush\\AppData\\Roaming\\Python\\Python312\\site-packages\\torch\\_dynamo\\symbolic_convert.py', reloading
 * Detected change in 'C:\\Users\\ayush\\AppData\\Roaming\\Python\\Python312\\site-packages\\torch\\_dynamo\\testing.py', reloading
 * Detected change in 'C:\\Users\\ayush\\AppData\\Roaming\\Python\\Python312\\site-packages\\torch\\_dynamo\\test_case.py', reloading
 * Detected change in 'C:\\Users\\ayush\\AppData\\Roaming\\Python\\Python312\\site-packages\\torch\\_dynamo\\test_minifier_common.py', reloading
 * Detected change in 'C:\\Users\\ayush\\AppData\\Roaming\\Python\\Python312\\site-packages\\torch\\_dynamo\\trace_rules.py', reloading
 * Detected change in 'C:\\Users\\ayush\\AppData\\Roaming\\Python\\Python312\\site-packages\\torch\\_dynamo\\types.py', reloading
 * Detected change in 'C:\\Users\\ayush\\AppData\\Roaming\\Python\\Python312\\site-packages\\torch\\_dynamo\\utils.py', reloading
 * Detected change in 'C:\\Users\\ayush\\AppData\\Roaming\\Python\\Python312\\site-packages\\torch\\_dynamo\\_trace_wrapped_higher_order_op.py', reloading
 * Detected change in 'C:\\Users\\ayush\\AppData\\Roaming\\Python\\Python312\\site-packages\\torch\\_dynamo\\__init__.py', reloading
 * Detected change in 'C:\\Users\\ayush\\AppData\\Roaming\\Python\\Python312\\site-packages\\torch\\_dynamo\\backends\\common.py', reloading
 * Detected change in 'C:\\Users\\ayush\\AppData\\Roaming\\Python\\Python312\\site-packages\\torch\\_dynamo\\backends\\cudagraphs.py', reloading
 * Detected change in 'C:\\Users\\ayush\\AppData\\Roaming\\Python\\Python312\\site-packages\\torch\\_dynamo\\backends\\debugging.py', reloading
 * Detected change in 'C:\\Users\\ayush\\AppData\\Roaming\\Python\\Python312\\site-packages\\torch\\_dynamo\\backends\\distributed.py', reloading
 * Detected change in 'C:\\Users\\ayush\\AppData\\Roaming\\Python\\Python312\\site-packages\\torch\\_dynamo\\backends\\inductor.py', reloading
 * Detected change in 'C:\\Users\\ayush\\AppData\\Roaming\\Python\\Python312\\site-packages\\torch\\_dynamo\\backends\\onnxrt.py', reloading
 * Detected change in 'C:\\Users\\ayush\\AppData\\Roaming\\Python\\Python312\\site-packages\\torch\\_dynamo\\backends\\registry.py', reloading
 * Detected change in 'C:\\Users\\ayush\\AppData\\Roaming\\Python\\Python312\\site-packages\\torch\\_dynamo\\backends\\tensorrt.py', reloading
 * Detected change in 'C:\\Users\\ayush\\AppData\\Roaming\\Python\\Python312\\site-packages\\torch\\_dynamo\\backends\\torchxla.py', reloading
 * Detected change in 'C:\\Users\\ayush\\AppData\\Roaming\\Python\\Python312\\site-packages\\torch\\_dynamo\\backends\\tvm.py', reloading
 * Detected change in 'C:\\Users\\ayush\\AppData\\Roaming\\Python\\Python312\\site-packages\\torch\\_dynamo\\backends\\__init__.py', reloading
 * Detected change in 'C:\\Users\\ayush\\AppData\\Roaming\\Python\\Python312\\site-packages\\torch\\_dynamo\\repro\\after_aot.py', reloading
 * Detected change in 'C:\\Users\\ayush\\AppData\\Roaming\\Python\\Python312\\site-packages\\torch\\_dynamo\\repro\\after_dynamo.py', reloading
 * Detected change in 'C:\\Users\\ayush\\AppData\\Roaming\\Python\\Python312\\site-packages\\torch\\_dynamo\\repro\\__init__.py', reloading
 * Detected change in 'C:\\Users\\ayush\\AppData\\Roaming\\Python\\Python312\\site-packages\\torch\\_dynamo\\variables\\base.py', reloading
 * Detected change in 'C:\\Users\\ayush\\AppData\\Roaming\\Python\\Python312\\site-packages\\torch\\_dynamo\\variables\\builder.py', reloading
 * Detected change in 'C:\\Users\\ayush\\AppData\\Roaming\\Python\\Python312\\site-packages\\torch\\_dynamo\\variables\\builtin.py', reloading
 * Detected change in 'C:\\Users\\ayush\\AppData\\Roaming\\Python\\Python312\\site-packages\\torch\\_dynamo\\variables\\constant.py', reloading
 * Detected change in 'C:\\Users\\ayush\\AppData\\Roaming\\Python\\Python312\\site-packages\\torch\\_dynamo\\variables\\ctx_manager.py', reloading
 * Detected change in 'C:\\Users\\ayush\\AppData\\Roaming\\Python\\Python312\\site-packages\\torch\\_dynamo\\variables\\dicts.py', reloading
 * Detected change in 'C:\\Users\\ayush\\AppData\\Roaming\\Python\\Python312\\site-packages\\torch\\_dynamo\\variables\\distributed.py', reloading
 * Detected change in 'C:\\Users\\ayush\\AppData\\Roaming\\Python\\Python312\\site-packages\\torch\\_dynamo\\variables\\functions.py', reloading
 * Detected change in 'C:\\Users\\ayush\\AppData\\Roaming\\Python\\Python312\\site-packages\\torch\\_dynamo\\variables\\higher_order_ops.py', reloading
 * Detected change in 'C:\\Users\\ayush\\AppData\\Roaming\\Python\\Python312\\site-packages\\torch\\_dynamo\\variables\\iter.py', reloading
 * Detected change in 'C:\\Users\\ayush\\AppData\\Roaming\\Python\\Python312\\site-packages\\torch\\_dynamo\\variables\\lazy.py', reloading
 * Detected change in 'C:\\Users\\ayush\\AppData\\Roaming\\Python\\Python312\\site-packages\\torch\\_dynamo\\variables\\lists.py', reloading
 * Detected change in 'C:\\Users\\ayush\\AppData\\Roaming\\Python\\Python312\\site-packages\\torch\\_dynamo\\variables\\misc.py', reloading
 * Detected change in 'C:\\Users\\ayush\\AppData\\Roaming\\Python\\Python312\\site-packages\\torch\\_dynamo\\variables\\nn_module.py', reloading
 * Detected change in 'C:\\Users\\ayush\\AppData\\Roaming\\Python\\Python312\\site-packages\\torch\\_dynamo\\variables\\optimizer.py', reloading
 * Detected change in 'C:\\Users\\ayush\\AppData\\Roaming\\Python\\Python312\\site-packages\\torch\\_dynamo\\variables\\tensor.py', reloading
 * Detected change in 'C:\\Users\\ayush\\AppData\\Roaming\\Python\\Python312\\site-packages\\torch\\_dynamo\\variables\\torch.py', reloading
 * Detected change in 'C:\\Users\\ayush\\AppData\\Roaming\\Python\\Python312\\site-packages\\torch\\_dynamo\\variables\\torch_function.py', reloading
 * Detected change in 'C:\\Users\\ayush\\AppData\\Roaming\\Python\\Python312\\site-packages\\torch\\_dynamo\\variables\\user_defined.py', reloading
 * Detected change in 'C:\\Users\\ayush\\AppData\\Roaming\\Python\\Python312\\site-packages\\torch\\_dynamo\\variables\\__init__.py', reloading
 * Detected change in 'C:\\Users\\ayush\\AppData\\Roaming\\Python\\Python312\\site-packages\\torch\\~export\\error.py', reloading
 * Detected change in 'C:\\Users\\ayush\\AppData\\Roaming\\Python\\Python312\\site-packages\\torch\\~export\\exported_program.py', reloading
 * Detected change in 'C:\\Users\\ayush\\AppData\\Roaming\\Python\\Python312\\site-packages\\torch\\~export\\pass_base.py', reloading
 * Detected change in 'C:\\Users\\ayush\\AppData\\Roaming\\Python\\Python312\\site-packages\\torch\\~export\\unflatten.py', reloading
 * Detected change in 'C:\\Users\\ayush\\AppData\\Roaming\\Python\\Python312\\site-packages\\torch\\~export\\utils.py', reloading
 * Detected change in 'C:\\Users\\ayush\\AppData\\Roaming\\Python\\Python312\\site-packages\\torch\\~export\\verifier.py', reloading
 * Detected change in 'C:\\Users\\ayush\\AppData\\Roaming\\Python\\Python312\\site-packages\\torch\\~export\\wrappers.py', reloading
 * Detected change in 'C:\\Users\\ayush\\AppData\\Roaming\\Python\\Python312\\site-packages\\torch\\~export\\__init__.py', reloading
 * Detected change in 'C:\\Users\\ayush\\AppData\\Roaming\\Python\\Python312\\site-packages\\torch\\~export\\db\\case.py', reloading
 * Detected change in 'C:\\Users\\ayush\\AppData\\Roaming\\Python\\Python312\\site-packages\\torch\\~export\\db\\gen_example.py', reloading
 * Detected change in 'C:\\Users\\ayush\\AppData\\Roaming\\Python\\Python312\\site-packages\\torch\\~export\\db\\logging.py', reloading
 * Detected change in 'C:\\Users\\ayush\\AppData\\Roaming\\Python\\Python312\\site-packages\\torch\\~export\\db\\__init__.py', reloading
 * Detected change in 'C:\\Users\\ayush\\AppData\\Roaming\\Python\\Python312\\site-packages\\torch\\~export\\db\\examples\\assume_constant_result.py', reloading
 * Detected change in 'C:\\Users\\ayush\\AppData\\Roaming\\Python\\Python312\\site-packages\\torch\\~export\\db\\examples\\autograd_function.py', reloading
 * Detected change in 'C:\\Users\\ayush\\AppData\\Roaming\\Python\\Python312\\site-packages\\torch\\~export\\db\\examples\\class_method.py', reloading
 * Detected change in 'C:\\Users\\ayush\\AppData\\Roaming\\Python\\Python312\\site-packages\\torch\\~export\\db\\examples\\cond_branch_class_method.py', reloading
 * Detected change in 'C:\\Users\\ayush\\AppData\\Roaming\\Python\\Python312\\site-packages\\torch\\~export\\db\\examples\\cond_branch_nested_function.py', reloading
 * Detected change in 'C:\\Users\\ayush\\AppData\\Roaming\\Python\\Python312\\site-packages\\torch\\~export\\db\\examples\\cond_branch_nonlocal_variables.py', reloading
 * Detected change in 'C:\\Users\\ayush\\AppData\\Roaming\\Python\\Python312\\site-packages\\torch\\~export\\db\\examples\\cond_closed_over_variable.py', reloading
 * Detected change in 'C:\\Users\\ayush\\AppData\\Roaming\\Python\\Python312\\site-packages\\torch\\~export\\db\\examples\\cond_operands.py', reloading
 * Detected change in 'C:\\Users\\ayush\\AppData\\Roaming\\Python\\Python312\\site-packages\\torch\\~export\\db\\examples\\cond_predicate.py', reloading
 * Detected change in 'C:\\Users\\ayush\\AppData\\Roaming\\Python\\Python312\\site-packages\\torch\\~export\\db\\examples\\constrain_as_size_example.py', reloading
 * Detected change in 'C:\\Users\\ayush\\AppData\\Roaming\\Python\\Python312\\site-packages\\torch\\~export\\db\\examples\\constrain_as_value_example.py', reloading
 * Detected change in 'C:\\Users\\ayush\\AppData\\Roaming\\Python\\Python312\\site-packages\\torch\\~export\\db\\examples\\decorator.py', reloading
 * Detected change in 'C:\\Users\\ayush\\AppData\\Roaming\\Python\\Python312\\site-packages\\torch\\~export\\db\\examples\\dictionary.py', reloading
 * Detected change in 'C:\\Users\\ayush\\AppData\\Roaming\\Python\\Python312\\site-packages\\torch\\~export\\db\\examples\\dynamic_shape_assert.py', reloading
 * Detected change in 'C:\\Users\\ayush\\AppData\\Roaming\\Python\\Python312\\site-packages\\torch\\~export\\db\\examples\\dynamic_shape_constructor.py', reloading
 * Detected change in 'C:\\Users\\ayush\\AppData\\Roaming\\Python\\Python312\\site-packages\\torch\\~export\\db\\examples\\dynamic_shape_if_guard.py', reloading
 * Detected change in 'C:\\Users\\ayush\\AppData\\Roaming\\Python\\Python312\\site-packages\\torch\\~export\\db\\examples\\dynamic_shape_map.py', reloading
 * Detected change in 'C:\\Users\\ayush\\AppData\\Roaming\\Python\\Python312\\site-packages\\torch\\~export\\db\\examples\\dynamic_shape_round.py', reloading
 * Detected change in 'C:\\Users\\ayush\\AppData\\Roaming\\Python\\Python312\\site-packages\\torch\\~export\\db\\examples\\dynamic_shape_slicing.py', reloading
 * Detected change in 'C:\\Users\\ayush\\AppData\\Roaming\\Python\\Python312\\site-packages\\torch\\~export\\db\\examples\\dynamic_shape_view.py', reloading
 * Detected change in 'C:\\Users\\ayush\\AppData\\Roaming\\Python\\Python312\\site-packages\\torch\\~export\\db\\examples\\fn_with_kwargs.py', reloading
 * Detected change in 'C:\\Users\\ayush\\AppData\\Roaming\\Python\\Python312\\site-packages\\torch\\~export\\db\\examples\\list_contains.py', reloading
 * Detected change in 'C:\\Users\\ayush\\AppData\\Roaming\\Python\\Python312\\site-packages\\torch\\~export\\db\\examples\\list_unpack.py', reloading
 * Detected change in 'C:\\Users\\ayush\\AppData\\Roaming\\Python\\Python312\\site-packages\\torch\\~export\\db\\examples\\model_attr_mutation.py', reloading
 * Detected change in 'C:\\Users\\ayush\\AppData\\Roaming\\Python\\Python312\\site-packages\\torch\\~export\\db\\examples\\nested_function.py', reloading
 * Detected change in 'C:\\Users\\ayush\\AppData\\Roaming\\Python\\Python312\\site-packages\\torch\\~export\\db\\examples\\null_context_manager.py', reloading
 * Detected change in 'C:\\Users\\ayush\\AppData\\Roaming\\Python\\Python312\\site-packages\\torch\\~export\\db\\examples\\optional_input.py', reloading
 * Detected change in 'C:\\Users\\ayush\\AppData\\Roaming\\Python\\Python312\\site-packages\\torch\\~export\\db\\examples\\pytree_flatten.py', reloading
 * Detected change in 'C:\\Users\\ayush\\AppData\\Roaming\\Python\\Python312\\site-packages\\torch\\~export\\db\\examples\\scalar_output.py', reloading
 * Detected change in 'C:\\Users\\ayush\\AppData\\Roaming\\Python\\Python312\\site-packages\\torch\\~export\\db\\examples\\specialized_attribute.py', reloading
 * Detected change in 'C:\\Users\\ayush\\AppData\\Roaming\\Python\\Python312\\site-packages\\torch\\~export\\db\\examples\\static_for_loop.py', reloading
 * Detected change in 'C:\\Users\\ayush\\AppData\\Roaming\\Python\\Python312\\site-packages\\torch\\~export\\db\\examples\\static_if.py', reloading
 * Detected change in 'C:\\Users\\ayush\\AppData\\Roaming\\Python\\Python312\\site-packages\\torch\\~export\\db\\examples\\tensor_setattr.py', reloading
 * Detected change in 'C:\\Users\\ayush\\AppData\\Roaming\\Python\\Python312\\site-packages\\torch\\~export\\db\\examples\\torch_sym_min.py', reloading
 * Detected change in 'C:\\Users\\ayush\\AppData\\Roaming\\Python\\Python312\\site-packages\\torch\\~export\\db\\examples\\type_reflection_method.py', reloading
 * Detected change in 'C:\\Users\\ayush\\AppData\\Roaming\\Python\\Python312\\site-packages\\torch\\~export\\db\\examples\\user_input_mutation.py', reloading
 * Detected change in 'C:\\Users\\ayush\\AppData\\Roaming\\Python\\Python312\\site-packages\\torch\\~export\\db\\examples\\__init__.py', reloading
 * Detected change in 'C:\\Users\\ayush\\AppData\\Roaming\\Python\\Python312\\site-packages\\torch\\~export\\passes\\add_runtime_assertions_for_constraints_pass.py', reloading
 * Detected change in 'C:\\Users\\ayush\\AppData\\Roaming\\Python\\Python312\\site-packages\\torch\\~export\\passes\\collect_tracepoints_pass.py', reloading
 * Detected change in 'C:\\Users\\ayush\\AppData\\Roaming\\Python\\Python312\\site-packages\\torch\\~export\\passes\\functionalize_side_effectful_ops_pass.py', reloading
 * Detected change in 'C:\\Users\\ayush\\AppData\\Roaming\\Python\\Python312\\site-packages\\torch\\~export\\passes\\lift_constant_tensor_pass.py', reloading
 * Detected change in 'C:\\Users\\ayush\\AppData\\Roaming\\Python\\Python312\\site-packages\\torch\\~export\\passes\\remove_runtime_assertions.py', reloading
 * Detected change in 'C:\\Users\\ayush\\AppData\\Roaming\\Python\\Python312\\site-packages\\torch\\~export\\passes\\replace_sym_size_ops_pass.py', reloading
 * Detected change in 'C:\\Users\\ayush\\AppData\\Roaming\\Python\\Python312\\site-packages\\torch\\~export\\passes\\replace_view_ops_with_view_copy_ops_pass.py', reloading
 * Detected change in 'C:\\Users\\ayush\\AppData\\Roaming\\Python\\Python312\\site-packages\\torch\\~export\\passes\\__init__.py', reloading
 * Detected change in 'C:\\Users\\ayush\\AppData\\Roaming\\Python\\Python312\\site-packages\\torch\\~export\\pass_infra\\node_metadata.py', reloading
 * Detected change in 'C:\\Users\\ayush\\AppData\\Roaming\\Python\\Python312\\site-packages\\torch\\~export\\pass_infra\\proxy_value.py', reloading
 * Detected change in 'C:\\Users\\ayush\\AppData\\Roaming\\Python\\Python312\\site-packages\\torch\\~export\\pass_infra\\__init__.py', reloading
 * Detected change in 'C:\\Users\\ayush\\AppData\\Roaming\\Python\\Python312\\site-packages\\torch\\~export\\serde\\schema.py', reloading
 * Detected change in 'C:\\Users\\ayush\\AppData\\Roaming\\Python\\Python312\\site-packages\\torch\\~export\\serde\\serialize.py', reloading
 * Detected change in 'C:\\Users\\ayush\\AppData\\Roaming\\Python\\Python312\\site-packages\\torch\\~export\\serde\\upgrade.py', reloading
 * Detected change in 'C:\\Users\\ayush\\AppData\\Roaming\\Python\\Python312\\site-packages\\torch\\~export\\serde\\__init__.py', reloading
 * Detected change in 'C:\\Users\\ayush\\AppData\\Roaming\\Python\\Python312\\site-packages\\torch\\_export\\error.py', reloading
 * Detected change in 'C:\\Users\\ayush\\AppData\\Roaming\\Python\\Python312\\site-packages\\torch\\_export\\exported_program.py', reloading
 * Detected change in 'C:\\Users\\ayush\\AppData\\Roaming\\Python\\Python312\\site-packages\\torch\\_export\\pass_base.py', reloading
 * Detected change in 'C:\\Users\\ayush\\AppData\\Roaming\\Python\\Python312\\site-packages\\torch\\_export\\unflatten.py', reloading
 * Detected change in 'C:\\Users\\ayush\\AppData\\Roaming\\Python\\Python312\\site-packages\\torch\\_export\\utils.py', reloading
 * Detected change in 'C:\\Users\\ayush\\AppData\\Roaming\\Python\\Python312\\site-packages\\torch\\_export\\verifier.py', reloading
 * Detected change in 'C:\\Users\\ayush\\AppData\\Roaming\\Python\\Python312\\site-packages\\torch\\_export\\wrappers.py', reloading
 * Detected change in 'C:\\Users\\ayush\\AppData\\Roaming\\Python\\Python312\\site-packages\\torch\\_export\\__init__.py', reloading
 * Detected change in 'C:\\Users\\ayush\\AppData\\Roaming\\Python\\Python312\\site-packages\\torch\\_export\\db\\case.py', reloading
 * Detected change in 'C:\\Users\\ayush\\AppData\\Roaming\\Python\\Python312\\site-packages\\torch\\_export\\db\\gen_example.py', reloading
 * Detected change in 'C:\\Users\\ayush\\AppData\\Roaming\\Python\\Python312\\site-packages\\torch\\_export\\db\\logging.py', reloading
 * Detected change in 'C:\\Users\\ayush\\AppData\\Roaming\\Python\\Python312\\site-packages\\torch\\_export\\db\\__init__.py', reloading
 * Detected change in 'C:\\Users\\ayush\\AppData\\Roaming\\Python\\Python312\\site-packages\\torch\\_export\\db\\examples\\assume_constant_result.py', reloading
 * Detected change in 'C:\\Users\\ayush\\AppData\\Roaming\\Python\\Python312\\site-packages\\torch\\_export\\db\\examples\\autograd_function.py', reloading
 * Detected change in 'C:\\Users\\ayush\\AppData\\Roaming\\Python\\Python312\\site-packages\\torch\\_export\\db\\examples\\class_method.py', reloading
 * Detected change in 'C:\\Users\\ayush\\AppData\\Roaming\\Python\\Python312\\site-packages\\torch\\_export\\db\\examples\\cond_branch_class_method.py', reloading
 * Detected change in 'C:\\Users\\ayush\\AppData\\Roaming\\Python\\Python312\\site-packages\\torch\\_export\\db\\examples\\cond_branch_nested_function.py', reloading
 * Detected change in 'C:\\Users\\ayush\\AppData\\Roaming\\Python\\Python312\\site-packages\\torch\\_export\\db\\examples\\cond_branch_nonlocal_variables.py', reloading
 * Detected change in 'C:\\Users\\ayush\\AppData\\Roaming\\Python\\Python312\\site-packages\\torch\\_export\\db\\examples\\cond_closed_over_variable.py', reloading
 * Detected change in 'C:\\Users\\ayush\\AppData\\Roaming\\Python\\Python312\\site-packages\\torch\\_export\\db\\examples\\cond_operands.py', reloading
 * Detected change in 'C:\\Users\\ayush\\AppData\\Roaming\\Python\\Python312\\site-packages\\torch\\_export\\db\\examples\\cond_predicate.py', reloading
 * Detected change in 'C:\\Users\\ayush\\AppData\\Roaming\\Python\\Python312\\site-packages\\torch\\_export\\db\\examples\\constrain_as_size_example.py', reloading
 * Detected change in 'C:\\Users\\ayush\\AppData\\Roaming\\Python\\Python312\\site-packages\\torch\\_export\\db\\examples\\constrain_as_value_example.py', reloading
 * Detected change in 'C:\\Users\\ayush\\AppData\\Roaming\\Python\\Python312\\site-packages\\torch\\_export\\db\\examples\\decorator.py', reloading
 * Detected change in 'C:\\Users\\ayush\\AppData\\Roaming\\Python\\Python312\\site-packages\\torch\\_export\\db\\examples\\dictionary.py', reloading
 * Detected change in 'C:\\Users\\ayush\\AppData\\Roaming\\Python\\Python312\\site-packages\\torch\\_export\\db\\examples\\dynamic_shape_assert.py', reloading
 * Detected change in 'C:\\Users\\ayush\\AppData\\Roaming\\Python\\Python312\\site-packages\\torch\\_export\\db\\examples\\dynamic_shape_constructor.py', reloading
 * Detected change in 'C:\\Users\\ayush\\AppData\\Roaming\\Python\\Python312\\site-packages\\torch\\_export\\db\\examples\\dynamic_shape_if_guard.py', reloading
 * Detected change in 'C:\\Users\\ayush\\AppData\\Roaming\\Python\\Python312\\site-packages\\torch\\_export\\db\\examples\\dynamic_shape_map.py', reloading
 * Detected change in 'C:\\Users\\ayush\\AppData\\Roaming\\Python\\Python312\\site-packages\\torch\\_export\\db\\examples\\dynamic_shape_round.py', reloading
 * Detected change in 'C:\\Users\\ayush\\AppData\\Roaming\\Python\\Python312\\site-packages\\torch\\_export\\db\\examples\\dynamic_shape_slicing.py', reloading
 * Detected change in 'C:\\Users\\ayush\\AppData\\Roaming\\Python\\Python312\\site-packages\\torch\\_export\\db\\examples\\dynamic_shape_view.py', reloading
 * Detected change in 'C:\\Users\\ayush\\AppData\\Roaming\\Python\\Python312\\site-packages\\torch\\_export\\db\\examples\\fn_with_kwargs.py', reloading
 * Detected change in 'C:\\Users\\ayush\\AppData\\Roaming\\Python\\Python312\\site-packages\\torch\\_export\\db\\examples\\list_contains.py', reloading
 * Detected change in 'C:\\Users\\ayush\\AppData\\Roaming\\Python\\Python312\\site-packages\\torch\\_export\\db\\examples\\list_unpack.py', reloading
 * Detected change in 'C:\\Users\\ayush\\AppData\\Roaming\\Python\\Python312\\site-packages\\torch\\_export\\db\\examples\\model_attr_mutation.py', reloading
 * Detected change in 'C:\\Users\\ayush\\AppData\\Roaming\\Python\\Python312\\site-packages\\torch\\_export\\db\\examples\\nested_function.py', reloading
 * Detected change in 'C:\\Users\\ayush\\AppData\\Roaming\\Python\\Python312\\site-packages\\torch\\_export\\db\\examples\\null_context_manager.py', reloading
 * Detected change in 'C:\\Users\\ayush\\AppData\\Roaming\\Python\\Python312\\site-packages\\torch\\_export\\db\\examples\\optional_input.py', reloading
 * Detected change in 'C:\\Users\\ayush\\AppData\\Roaming\\Python\\Python312\\site-packages\\torch\\_export\\db\\examples\\pytree_flatten.py', reloading
 * Detected change in 'C:\\Users\\ayush\\AppData\\Roaming\\Python\\Python312\\site-packages\\torch\\_export\\db\\examples\\scalar_output.py', reloading
 * Detected change in 'C:\\Users\\ayush\\AppData\\Roaming\\Python\\Python312\\site-packages\\torch\\_export\\db\\examples\\specialized_attribute.py', reloading
 * Detected change in 'C:\\Users\\ayush\\AppData\\Roaming\\Python\\Python312\\site-packages\\torch\\_export\\db\\examples\\static_for_loop.py', reloading
 * Detected change in 'C:\\Users\\ayush\\AppData\\Roaming\\Python\\Python312\\site-packages\\torch\\_export\\db\\examples\\static_if.py', reloading
 * Detected change in 'C:\\Users\\ayush\\AppData\\Roaming\\Python\\Python312\\site-packages\\torch\\_export\\db\\examples\\tensor_setattr.py', reloading
 * Detected change in 'C:\\Users\\ayush\\AppData\\Roaming\\Python\\Python312\\site-packages\\torch\\_export\\db\\examples\\torch_sym_min.py', reloading
 * Detected change in 'C:\\Users\\ayush\\AppData\\Roaming\\Python\\Python312\\site-packages\\torch\\_export\\db\\examples\\type_reflection_method.py', reloading
 * Detected change in 'C:\\Users\\ayush\\AppData\\Roaming\\Python\\Python312\\site-packages\\torch\\_export\\db\\examples\\user_input_mutation.py', reloading
 * Detected change in 'C:\\Users\\ayush\\AppData\\Roaming\\Python\\Python312\\site-packages\\torch\\_export\\db\\examples\\__init__.py', reloading
 * Detected change in 'C:\\Users\\ayush\\AppData\\Roaming\\Python\\Python312\\site-packages\\torch\\_export\\passes\\add_runtime_assertions_for_constraints_pass.py', reloading
 * Detected change in 'C:\\Users\\ayush\\AppData\\Roaming\\Python\\Python312\\site-packages\\torch\\_export\\passes\\collect_tracepoints_pass.py', reloading
 * Detected change in 'C:\\Users\\ayush\\AppData\\Roaming\\Python\\Python312\\site-packages\\torch\\_export\\passes\\functionalize_side_effectful_ops_pass.py', reloading
 * Detected change in 'C:\\Users\\ayush\\AppData\\Roaming\\Python\\Python312\\site-packages\\torch\\_export\\passes\\lift_constant_tensor_pass.py', reloading
 * Detected change in 'C:\\Users\\ayush\\AppData\\Roaming\\Python\\Python312\\site-packages\\torch\\_export\\passes\\remove_runtime_assertions.py', reloading
 * Detected change in 'C:\\Users\\ayush\\AppData\\Roaming\\Python\\Python312\\site-packages\\torch\\_export\\passes\\replace_sym_size_ops_pass.py', reloading
 * Detected change in 'C:\\Users\\ayush\\AppData\\Roaming\\Python\\Python312\\site-packages\\torch\\_export\\passes\\replace_view_ops_with_view_copy_ops_pass.py', reloading
 * Detected change in 'C:\\Users\\ayush\\AppData\\Roaming\\Python\\Python312\\site-packages\\torch\\_export\\passes\\__init__.py', reloading
 * Detected change in 'C:\\Users\\ayush\\AppData\\Roaming\\Python\\Python312\\site-packages\\torch\\_export\\pass_infra\\node_metadata.py', reloading
 * Detected change in 'C:\\Users\\ayush\\AppData\\Roaming\\Python\\Python312\\site-packages\\torch\\_export\\pass_infra\\proxy_value.py', reloading
 * Detected change in 'C:\\Users\\ayush\\AppData\\Roaming\\Python\\Python312\\site-packages\\torch\\_export\\pass_infra\\__init__.py', reloading
 * Detected change in 'C:\\Users\\ayush\\AppData\\Roaming\\Python\\Python312\\site-packages\\torch\\_export\\serde\\schema.py', reloading
 * Detected change in 'C:\\Users\\ayush\\AppData\\Roaming\\Python\\Python312\\site-packages\\torch\\_export\\serde\\serialize.py', reloading
 * Detected change in 'C:\\Users\\ayush\\AppData\\Roaming\\Python\\Python312\\site-packages\\torch\\_export\\serde\\upgrade.py', reloading
 * Detected change in 'C:\\Users\\ayush\\AppData\\Roaming\\Python\\Python312\\site-packages\\torch\\_export\\serde\\__init__.py', reloading
 * Detected change in 'C:\\Users\\ayush\\AppData\\Roaming\\Python\\Python312\\site-packages\\torch\\~functorch\\aot_autograd.py', reloading
 * Detected change in 'C:\\Users\\ayush\\AppData\\Roaming\\Python\\Python312\\site-packages\\torch\\~functorch\\apis.py', reloading
 * Detected change in 'C:\\Users\\ayush\\AppData\\Roaming\\Python\\Python312\\site-packages\\torch\\~functorch\\autograd_function.py', reloading
 * Detected change in 'C:\\Users\\ayush\\AppData\\Roaming\\Python\\Python312\\site-packages\\torch\\~functorch\\batch_norm_replacement.py', reloading
 * Detected change in 'C:\\Users\\ayush\\AppData\\Roaming\\Python\\Python312\\site-packages\\torch\\~functorch\\benchmark_utils.py', reloading
 * Detected change in 'C:\\Users\\ayush\\AppData\\Roaming\\Python\\Python312\\site-packages\\torch\\~functorch\\compilers.py', reloading
 * Detected change in 'C:\\Users\\ayush\\AppData\\Roaming\\Python\\Python312\\site-packages\\torch\\~functorch\\compile_utils.py', reloading
 * Detected change in 'C:\\Users\\ayush\\AppData\\Roaming\\Python\\Python312\\site-packages\\torch\\~functorch\\config.py', reloading
 * Detected change in 'C:\\Users\\ayush\\AppData\\Roaming\\Python\\Python312\\site-packages\\torch\\~functorch\\deprecated.py', reloading
 * Detected change in 'C:\\Users\\ayush\\AppData\\Roaming\\Python\\Python312\\site-packages\\torch\\~functorch\\eager_transforms.py', reloading
 * Detected change in 'C:\\Users\\ayush\\AppData\\Roaming\\Python\\Python312\\site-packages\\torch\\~functorch\\functional_call.py', reloading
 * Detected change in 'C:\\Users\\ayush\\AppData\\Roaming\\Python\\Python312\\site-packages\\torch\\~functorch\\fx_minifier.py', reloading
 * Detected change in 'C:\\Users\\ayush\\AppData\\Roaming\\Python\\Python312\\site-packages\\torch\\~functorch\\make_functional.py', reloading
 * Detected change in 'C:\\Users\\ayush\\AppData\\Roaming\\Python\\Python312\\site-packages\\torch\\~functorch\\partitioners.py', reloading
 * Detected change in 'C:\\Users\\ayush\\AppData\\Roaming\\Python\\Python312\\site-packages\\torch\\~functorch\\pyfunctorch.py', reloading
 * Detected change in 'C:\\Users\\ayush\\AppData\\Roaming\\Python\\Python312\\site-packages\\torch\\~functorch\\python_key.py', reloading
 * Detected change in 'C:\\Users\\ayush\\AppData\\Roaming\\Python\\Python312\\site-packages\\torch\\~functorch\\pytree_hacks.py', reloading
 * Detected change in 'C:\\Users\\ayush\\AppData\\Roaming\\Python\\Python312\\site-packages\\torch\\~functorch\\top_operators_github_usage.py', reloading
 * Detected change in 'C:\\Users\\ayush\\AppData\\Roaming\\Python\\Python312\\site-packages\\torch\\~functorch\\utils.py', reloading
 * Detected change in 'C:\\Users\\ayush\\AppData\\Roaming\\Python\\Python312\\site-packages\\torch\\~functorch\\vmap.py', reloading
 * Detected change in 'C:\\Users\\ayush\\AppData\\Roaming\\Python\\Python312\\site-packages\\torch\\~functorch\\__init__.py', reloading
 * Detected change in 'C:\\Users\\ayush\\AppData\\Roaming\\Python\\Python312\\site-packages\\torch\\~functorch\\_aot_autograd\\collect_metadata_analysis.py', reloading
 * Detected change in 'C:\\Users\\ayush\\AppData\\Roaming\\Python\\Python312\\site-packages\\torch\\~functorch\\_aot_autograd\\dispatch_and_compile_graph.py', reloading
 * Detected change in 'C:\\Users\\ayush\\AppData\\Roaming\\Python\\Python312\\site-packages\\torch\\~functorch\\_aot_autograd\\functional_utils.py', reloading
 * Detected change in 'C:\\Users\\ayush\\AppData\\Roaming\\Python\\Python312\\site-packages\\torch\\~functorch\\_aot_autograd\\input_output_analysis.py', reloading
 * Detected change in 'C:\\Users\\ayush\\AppData\\Roaming\\Python\\Python312\\site-packages\\torch\\~functorch\\_aot_autograd\\jit_compile_runtime_wrappers.py', reloading
 * Detected change in 'C:\\Users\\ayush\\AppData\\Roaming\\Python\\Python312\\site-packages\\torch\\~functorch\\_aot_autograd\\logging_utils.py', reloading
 * Detected change in 'C:\\Users\\ayush\\AppData\\Roaming\\Python\\Python312\\site-packages\\torch\\~functorch\\_aot_autograd\\runtime_wrappers.py', reloading
 * Detected change in 'C:\\Users\\ayush\\AppData\\Roaming\\Python\\Python312\\site-packages\\torch\\~functorch\\_aot_autograd\\schemas.py', reloading
 * Detected change in 'C:\\Users\\ayush\\AppData\\Roaming\\Python\\Python312\\site-packages\\torch\\~functorch\\_aot_autograd\\subclass_utils.py', reloading
 * Detected change in 'C:\\Users\\ayush\\AppData\\Roaming\\Python\\Python312\\site-packages\\torch\\~functorch\\_aot_autograd\\traced_function_transforms.py', reloading
 * Detected change in 'C:\\Users\\ayush\\AppData\\Roaming\\Python\\Python312\\site-packages\\torch\\~functorch\\_aot_autograd\\utils.py', reloading
 * Detected change in 'C:\\Users\\ayush\\AppData\\Roaming\\Python\\Python312\\site-packages\\torch\\~functorch\\_aot_autograd\\__init__.py', reloading
 * Detected change in 'C:\\Users\\ayush\\AppData\\Roaming\\Python\\Python312\\site-packages\\torch\\_functorch\\aot_autograd.py', reloading
 * Detected change in 'C:\\Users\\ayush\\AppData\\Roaming\\Python\\Python312\\site-packages\\torch\\_functorch\\apis.py', reloading
 * Detected change in 'C:\\Users\\ayush\\AppData\\Roaming\\Python\\Python312\\site-packages\\torch\\_functorch\\autograd_function.py', reloading
 * Detected change in 'C:\\Users\\ayush\\AppData\\Roaming\\Python\\Python312\\site-packages\\torch\\_functorch\\batch_norm_replacement.py', reloading
 * Detected change in 'C:\\Users\\ayush\\AppData\\Roaming\\Python\\Python312\\site-packages\\torch\\_functorch\\benchmark_utils.py', reloading
 * Detected change in 'C:\\Users\\ayush\\AppData\\Roaming\\Python\\Python312\\site-packages\\torch\\_functorch\\compilers.py', reloading
 * Detected change in 'C:\\Users\\ayush\\AppData\\Roaming\\Python\\Python312\\site-packages\\torch\\_functorch\\compile_utils.py', reloading
 * Detected change in 'C:\\Users\\ayush\\AppData\\Roaming\\Python\\Python312\\site-packages\\torch\\_functorch\\config.py', reloading
 * Detected change in 'C:\\Users\\ayush\\AppData\\Roaming\\Python\\Python312\\site-packages\\torch\\_functorch\\deprecated.py', reloading
 * Detected change in 'C:\\Users\\ayush\\AppData\\Roaming\\Python\\Python312\\site-packages\\torch\\_functorch\\eager_transforms.py', reloading
 * Detected change in 'C:\\Users\\ayush\\AppData\\Roaming\\Python\\Python312\\site-packages\\torch\\_functorch\\functional_call.py', reloading
 * Detected change in 'C:\\Users\\ayush\\AppData\\Roaming\\Python\\Python312\\site-packages\\torch\\_functorch\\fx_minifier.py', reloading
 * Detected change in 'C:\\Users\\ayush\\AppData\\Roaming\\Python\\Python312\\site-packages\\torch\\_functorch\\make_functional.py', reloading
 * Detected change in 'C:\\Users\\ayush\\AppData\\Roaming\\Python\\Python312\\site-packages\\torch\\_functorch\\partitioners.py', reloading
 * Detected change in 'C:\\Users\\ayush\\AppData\\Roaming\\Python\\Python312\\site-packages\\torch\\_functorch\\pyfunctorch.py', reloading
 * Detected change in 'C:\\Users\\ayush\\AppData\\Roaming\\Python\\Python312\\site-packages\\torch\\_functorch\\python_key.py', reloading
 * Detected change in 'C:\\Users\\ayush\\AppData\\Roaming\\Python\\Python312\\site-packages\\torch\\_functorch\\pytree_hacks.py', reloading
 * Detected change in 'C:\\Users\\ayush\\AppData\\Roaming\\Python\\Python312\\site-packages\\torch\\_functorch\\top_operators_github_usage.py', reloading
 * Detected change in 'C:\\Users\\ayush\\AppData\\Roaming\\Python\\Python312\\site-packages\\torch\\_functorch\\utils.py', reloading
 * Detected change in 'C:\\Users\\ayush\\AppData\\Roaming\\Python\\Python312\\site-packages\\torch\\_functorch\\vmap.py', reloading
 * Detected change in 'C:\\Users\\ayush\\AppData\\Roaming\\Python\\Python312\\site-packages\\torch\\_functorch\\__init__.py', reloading
 * Detected change in 'C:\\Users\\ayush\\AppData\\Roaming\\Python\\Python312\\site-packages\\torch\\_functorch\\_aot_autograd\\collect_metadata_analysis.py', reloading
 * Detected change in 'C:\\Users\\ayush\\AppData\\Roaming\\Python\\Python312\\site-packages\\torch\\_functorch\\_aot_autograd\\dispatch_and_compile_graph.py', reloading
 * Detected change in 'C:\\Users\\ayush\\AppData\\Roaming\\Python\\Python312\\site-packages\\torch\\_functorch\\_aot_autograd\\functional_utils.py', reloading
 * Detected change in 'C:\\Users\\ayush\\AppData\\Roaming\\Python\\Python312\\site-packages\\torch\\_functorch\\_aot_autograd\\input_output_analysis.py', reloading
 * Detected change in 'C:\\Users\\ayush\\AppData\\Roaming\\Python\\Python312\\site-packages\\torch\\_functorch\\_aot_autograd\\jit_compile_runtime_wrappers.py', reloading
 * Detected change in 'C:\\Users\\ayush\\AppData\\Roaming\\Python\\Python312\\site-packages\\torch\\_functorch\\_aot_autograd\\logging_utils.py', reloading
 * Detected change in 'C:\\Users\\ayush\\AppData\\Roaming\\Python\\Python312\\site-packages\\torch\\_functorch\\_aot_autograd\\runtime_wrappers.py', reloading
 * Detected change in 'C:\\Users\\ayush\\AppData\\Roaming\\Python\\Python312\\site-packages\\torch\\_functorch\\_aot_autograd\\schemas.py', reloading
 * Detected change in 'C:\\Users\\ayush\\AppData\\Roaming\\Python\\Python312\\site-packages\\torch\\_functorch\\_aot_autograd\\subclass_utils.py', reloading
 * Detected change in 'C:\\Users\\ayush\\AppData\\Roaming\\Python\\Python312\\site-packages\\torch\\_functorch\\_aot_autograd\\traced_function_transforms.py', reloading
 * Detected change in 'C:\\Users\\ayush\\AppData\\Roaming\\Python\\Python312\\site-packages\\torch\\_functorch\\_aot_autograd\\utils.py', reloading
 * Detected change in 'C:\\Users\\ayush\\AppData\\Roaming\\Python\\Python312\\site-packages\\torch\\_functorch\\_aot_autograd\\__init__.py', reloading
 * Detected change in 'C:\\Users\\ayush\\AppData\\Roaming\\Python\\Python312\\site-packages\\torch\\_guards.py', reloading
 * Detected change in 'C:\\Users\\ayush\\AppData\\Roaming\\Python\\Python312\\site-packages\\torch\\~higher_order_ops\\auto_functionalize.py', reloading
 * Detected change in 'C:\\Users\\ayush\\AppData\\Roaming\\Python\\Python312\\site-packages\\torch\\~higher_order_ops\\cond.py', reloading
 * Detected change in 'C:\\Users\\ayush\\AppData\\Roaming\\Python\\Python312\\site-packages\\torch\\~higher_order_ops\\map.py', reloading
 * Detected change in 'C:\\Users\\ayush\\AppData\\Roaming\\Python\\Python312\\site-packages\\torch\\~higher_order_ops\\out_dtype.py', reloading
 * Detected change in 'C:\\Users\\ayush\\AppData\\Roaming\\Python\\Python312\\site-packages\\torch\\~higher_order_ops\\triton_kernel_wrap.py', reloading
 * Detected change in 'C:\\Users\\ayush\\AppData\\Roaming\\Python\\Python312\\site-packages\\torch\\~higher_order_ops\\utils.py', reloading
 * Detected change in 'C:\\Users\\ayush\\AppData\\Roaming\\Python\\Python312\\site-packages\\torch\\~higher_order_ops\\wrap.py', reloading
 * Detected change in 'C:\\Users\\ayush\\AppData\\Roaming\\Python\\Python312\\site-packages\\torch\\~higher_order_ops\\__init__.py', reloading
 * Detected change in 'C:\\Users\\ayush\\AppData\\Roaming\\Python\\Python312\\site-packages\\torch\\_higher_order_ops\\auto_functionalize.py', reloading
 * Detected change in 'C:\\Users\\ayush\\AppData\\Roaming\\Python\\Python312\\site-packages\\torch\\_higher_order_ops\\cond.py', reloading
 * Detected change in 'C:\\Users\\ayush\\AppData\\Roaming\\Python\\Python312\\site-packages\\torch\\_higher_order_ops\\map.py', reloading
 * Detected change in 'C:\\Users\\ayush\\AppData\\Roaming\\Python\\Python312\\site-packages\\torch\\_higher_order_ops\\out_dtype.py', reloading
 * Detected change in 'C:\\Users\\ayush\\AppData\\Roaming\\Python\\Python312\\site-packages\\torch\\_higher_order_ops\\triton_kernel_wrap.py', reloading
 * Detected change in 'C:\\Users\\ayush\\AppData\\Roaming\\Python\\Python312\\site-packages\\torch\\_higher_order_ops\\utils.py', reloading
 * Detected change in 'C:\\Users\\ayush\\AppData\\Roaming\\Python\\Python312\\site-packages\\torch\\_higher_order_ops\\wrap.py', reloading
 * Detected change in 'C:\\Users\\ayush\\AppData\\Roaming\\Python\\Python312\\site-packages\\torch\\_higher_order_ops\\__init__.py', reloading
 * Detected change in 'C:\\Users\\ayush\\AppData\\Roaming\\Python\\Python312\\site-packages\\torch\\_inductor\\__init__.py', reloading
 * Detected change in 'C:\\Users\\ayush\\AppData\\Roaming\\Python\\Python312\\site-packages\\torch\\_inductor\\autotune_process.py', reloading
 * Detected change in 'C:\\Users\\ayush\\AppData\\Roaming\\Python\\Python312\\site-packages\\torch\\_inductor\\bounds.py', reloading
 * Detected change in 'C:\\Users\\ayush\\AppData\\Roaming\\Python\\Python312\\site-packages\\torch\\_inductor\\codecache.py', reloading
 * Detected change in 'C:\\Users\\ayush\\AppData\\Roaming\\Python\\Python312\\site-packages\\torch\\_inductor\\~odegen\\common.py', reloading
 * Detected change in 'C:\\Users\\ayush\\AppData\\Roaming\\Python\\Python312\\site-packages\\torch\\_inductor\\~odegen\\cpp.py', reloading
 * Detected change in 'C:\\Users\\ayush\\AppData\\Roaming\\Python\\Python312\\site-packages\\torch\\_inductor\\~odegen\\cuda_combined_scheduling.py', reloading
 * Detected change in 'C:\\Users\\ayush\\AppData\\Roaming\\Python\\Python312\\site-packages\\torch\\_inductor\\~odegen\\memory_planning.py', reloading
 * Detected change in 'C:\\Users\\ayush\\AppData\\Roaming\\Python\\Python312\\site-packages\\torch\\_inductor\\~odegen\\triton.py', reloading
 * Detected change in 'C:\\Users\\ayush\\AppData\\Roaming\\Python\\Python312\\site-packages\\torch\\_inductor\\~odegen\\triton_foreach.py', reloading
 * Detected change in 'C:\\Users\\ayush\\AppData\\Roaming\\Python\\Python312\\site-packages\\torch\\_inductor\\~odegen\\triton_utils.py', reloading
 * Detected change in 'C:\\Users\\ayush\\AppData\\Roaming\\Python\\Python312\\site-packages\\torch\\_inductor\\~odegen\\wrapper.py', reloading
 * Detected change in 'C:\\Users\\ayush\\AppData\\Roaming\\Python\\Python312\\site-packages\\torch\\_inductor\\~odegen\\__init__.py', reloading
 * Detected change in 'C:\\Users\\ayush\\AppData\\Roaming\\Python\\Python312\\site-packages\\torch\\_inductor\\~odegen\\cuda\\cuda_cpp_scheduling.py', reloading
 * Detected change in 'C:\\Users\\ayush\\AppData\\Roaming\\Python\\Python312\\site-packages\\torch\\_inductor\\~odegen\\cuda\\cuda_env.py', reloading
 * Detected change in 'C:\\Users\\ayush\\AppData\\Roaming\\Python\\Python312\\site-packages\\torch\\_inductor\\~odegen\\cuda\\cuda_kernel.py', reloading
 * Detected change in 'C:\\Users\\ayush\\AppData\\Roaming\\Python\\Python312\\site-packages\\torch\\_inductor\\~odegen\\cuda\\cuda_template.py', reloading
 * Detected change in 'C:\\Users\\ayush\\AppData\\Roaming\\Python\\Python312\\site-packages\\torch\\_inductor\\~odegen\\cuda\\cutlass_epilogue_gen.py', reloading
 * Detected change in 'C:\\Users\\ayush\\AppData\\Roaming\\Python\\Python312\\site-packages\\torch\\_inductor\\~odegen\\cuda\\cutlass_utils.py', reloading
 * Detected change in 'C:\\Users\\ayush\\AppData\\Roaming\\Python\\Python312\\site-packages\\torch\\_inductor\\~odegen\\cuda\\gemm_template.py', reloading
 * Detected change in 'C:\\Users\\ayush\\AppData\\Roaming\\Python\\Python312\\site-packages\\torch\\_inductor\\~odegen\\cuda\\__init__.py', reloading
 * Detected change in 'C:\\Users\\ayush\\AppData\\Roaming\\Python\\Python312\\site-packages\\torch\\_inductor\\~odegen\\cuda\\cutlass_lib_extensions\\gemm_operation_extensions.py', reloading
 * Detected change in 'C:\\Users\\ayush\\AppData\\Roaming\\Python\\Python312\\site-packages\\torch\\_inductor\\~odegen\\cuda\\cutlass_lib_extensions\\__init__.py', reloading
 * Detected change in 'C:\\Users\\ayush\\AppData\\Roaming\\Python\\Python312\\site-packages\\torch\\_inductor\\codegen\\common.py', reloading
 * Detected change in 'C:\\Users\\ayush\\AppData\\Roaming\\Python\\Python312\\site-packages\\torch\\_inductor\\codegen\\cpp.py', reloading
 * Detected change in 'C:\\Users\\ayush\\AppData\\Roaming\\Python\\Python312\\site-packages\\torch\\_inductor\\codegen\\cuda_combined_scheduling.py', reloading
 * Detected change in 'C:\\Users\\ayush\\AppData\\Roaming\\Python\\Python312\\site-packages\\torch\\_inductor\\codegen\\memory_planning.py', reloading
 * Detected change in 'C:\\Users\\ayush\\AppData\\Roaming\\Python\\Python312\\site-packages\\torch\\_inductor\\codegen\\triton.py', reloading
 * Detected change in 'C:\\Users\\ayush\\AppData\\Roaming\\Python\\Python312\\site-packages\\torch\\_inductor\\codegen\\triton_foreach.py', reloading
 * Detected change in 'C:\\Users\\ayush\\AppData\\Roaming\\Python\\Python312\\site-packages\\torch\\_inductor\\codegen\\triton_utils.py', reloading
 * Detected change in 'C:\\Users\\ayush\\AppData\\Roaming\\Python\\Python312\\site-packages\\torch\\_inductor\\codegen\\wrapper.py', reloading
 * Detected change in 'C:\\Users\\ayush\\AppData\\Roaming\\Python\\Python312\\site-packages\\torch\\_inductor\\codegen\\__init__.py', reloading
 * Detected change in 'C:\\Users\\ayush\\AppData\\Roaming\\Python\\Python312\\site-packages\\torch\\_inductor\\codegen\\cuda\\cuda_cpp_scheduling.py', reloading
 * Detected change in 'C:\\Users\\ayush\\AppData\\Roaming\\Python\\Python312\\site-packages\\torch\\_inductor\\codegen\\cuda\\cuda_env.py', reloading
 * Detected change in 'C:\\Users\\ayush\\AppData\\Roaming\\Python\\Python312\\site-packages\\torch\\_inductor\\codegen\\cuda\\cuda_kernel.py', reloading
 * Detected change in 'C:\\Users\\ayush\\AppData\\Roaming\\Python\\Python312\\site-packages\\torch\\_inductor\\codegen\\cuda\\cuda_template.py', reloading
 * Detected change in 'C:\\Users\\ayush\\AppData\\Roaming\\Python\\Python312\\site-packages\\torch\\_inductor\\codegen\\cuda\\cutlass_epilogue_gen.py', reloading
 * Detected change in 'C:\\Users\\ayush\\AppData\\Roaming\\Python\\Python312\\site-packages\\torch\\_inductor\\codegen\\cuda\\cutlass_utils.py', reloading
 * Detected change in 'C:\\Users\\ayush\\AppData\\Roaming\\Python\\Python312\\site-packages\\torch\\_inductor\\codegen\\cuda\\gemm_template.py', reloading
 * Detected change in 'C:\\Users\\ayush\\AppData\\Roaming\\Python\\Python312\\site-packages\\torch\\_inductor\\codegen\\cuda\\__init__.py', reloading
 * Detected change in 'C:\\Users\\ayush\\AppData\\Roaming\\Python\\Python312\\site-packages\\torch\\_inductor\\codegen\\cuda\\cutlass_lib_extensions\\gemm_operation_extensions.py', reloading
 * Detected change in 'C:\\Users\\ayush\\AppData\\Roaming\\Python\\Python312\\site-packages\\torch\\_inductor\\codegen\\cuda\\cutlass_lib_extensions\\__init__.py', reloading
 * Detected change in 'C:\\Users\\ayush\\AppData\\Roaming\\Python\\Python312\\site-packages\\torch\\_inductor\\comm_analysis.py', reloading
 * Detected change in 'C:\\Users\\ayush\\AppData\\Roaming\\Python\\Python312\\site-packages\\torch\\_inductor\\comms.py', reloading
 * Detected change in 'C:\\Users\\ayush\\AppData\\Roaming\\Python\\Python312\\site-packages\\torch\\_inductor\\compile_fx.py', reloading
 * Detected change in 'C:\\Users\\ayush\\AppData\\Roaming\\Python\\Python312\\site-packages\\torch\\_inductor\\config.py', reloading
 * Detected change in 'C:\\Users\\ayush\\AppData\\Roaming\\Python\\Python312\\site-packages\\torch\\_inductor\\constant_folding.py', reloading
 * Detected change in 'C:\\Users\\ayush\\AppData\\Roaming\\Python\\Python312\\site-packages\\torch\\_inductor\\coordinate_descent_tuner.py', reloading
 * Detected change in 'C:\\Users\\ayush\\AppData\\Roaming\\Python\\Python312\\site-packages\\torch\\_inductor\\cudagraph_trees.py', reloading
 * Detected change in 'C:\\Users\\ayush\\AppData\\Roaming\\Python\\Python312\\site-packages\\torch\\_inductor\\debug.py', reloading
 * Detected change in 'C:\\Users\\ayush\\AppData\\Roaming\\Python\\Python312\\site-packages\\torch\\_inductor\\decomposition.py', reloading
 * Detected change in 'C:\\Users\\ayush\\AppData\\Roaming\\Python\\Python312\\site-packages\\torch\\_inductor\\dependencies.py', reloading
 * Detected change in 'C:\\Users\\ayush\\AppData\\Roaming\\Python\\Python312\\site-packages\\torch\\_inductor\\exc.py', reloading
 * Detected change in 'C:\\Users\\ayush\\AppData\\Roaming\\Python\\Python312\\site-packages\\torch\\_inductor\\freezing.py', reloading
 * Detected change in 'C:\\Users\\ayush\\AppData\\Roaming\\Python\\Python312\\site-packages\\torch\\_inductor\\~x_passes\\binary_folding.py', reloading
 * Detected change in 'C:\\Users\\ayush\\AppData\\Roaming\\Python\\Python312\\site-packages\\torch\\_inductor\\~x_passes\\efficient_conv_bn_eval.py', reloading
 * Detected change in 'C:\\Users\\ayush\\AppData\\Roaming\\Python\\Python312\\site-packages\\torch\\_inductor\\~x_passes\\freezing_patterns.py', reloading
 * Detected change in 'C:\\Users\\ayush\\AppData\\Roaming\\Python\\Python312\\site-packages\\torch\\_inductor\\~x_passes\\fuse_attention.py', reloading
 * Detected change in 'C:\\Users\\ayush\\AppData\\Roaming\\Python\\Python312\\site-packages\\torch\\_inductor\\~x_passes\\group_batch_fusion.py', reloading
 * Detected change in 'C:\\Users\\ayush\\AppData\\Roaming\\Python\\Python312\\site-packages\\torch\\_inductor\\~x_passes\\joint_graph.py', reloading
 * Detected change in 'C:\\Users\\ayush\\AppData\\Roaming\\Python\\Python312\\site-packages\\torch\\_inductor\\~x_passes\\misc_patterns.py', reloading
 * Detected change in 'C:\\Users\\ayush\\AppData\\Roaming\\Python\\Python312\\site-packages\\torch\\_inductor\\~x_passes\\mkldnn_fusion.py', reloading
 * Detected change in 'C:\\Users\\ayush\\AppData\\Roaming\\Python\\Python312\\site-packages\\torch\\_inductor\\~x_passes\\pad_mm.py', reloading
 * Detected change in 'C:\\Users\\ayush\\AppData\\Roaming\\Python\\Python312\\site-packages\\torch\\_inductor\\~x_passes\\post_grad.py', reloading
 * Detected change in 'C:\\Users\\ayush\\AppData\\Roaming\\Python\\Python312\\site-packages\\torch\\_inductor\\~x_passes\\pre_grad.py', reloading
 * Detected change in 'C:\\Users\\ayush\\AppData\\Roaming\\Python\\Python312\\site-packages\\torch\\_inductor\\~x_passes\\quantization.py', reloading
 * Detected change in 'C:\\Users\\ayush\\AppData\\Roaming\\Python\\Python312\\site-packages\\torch\\_inductor\\~x_passes\\replace_random.py', reloading
 * Detected change in 'C:\\Users\\ayush\\AppData\\Roaming\\Python\\Python312\\site-packages\\torch\\_inductor\\~x_passes\\split_cat.py', reloading
 * Detected change in 'C:\\Users\\ayush\\AppData\\Roaming\\Python\\Python312\\site-packages\\torch\\_inductor\\~x_passes\\__init__.py', reloading
 * Detected change in 'C:\\Users\\ayush\\AppData\\Roaming\\Python\\Python312\\site-packages\\torch\\_inductor\\~x_passes\\serialized_patterns\\central_index.py', reloading
 * Detected change in 'C:\\Users\\ayush\\AppData\\Roaming\\Python\\Python312\\site-packages\\torch\\_inductor\\~x_passes\\serialized_patterns\\_sfdp_pattern_1.py', reloading
 * Detected change in 'C:\\Users\\ayush\\AppData\\Roaming\\Python\\Python312\\site-packages\\torch\\_inductor\\~x_passes\\serialized_patterns\\_sfdp_pattern_10.py', reloading
 * Detected change in 'C:\\Users\\ayush\\AppData\\Roaming\\Python\\Python312\\site-packages\\torch\\_inductor\\~x_passes\\serialized_patterns\\_sfdp_pattern_11.py', reloading
 * Detected change in 'C:\\Users\\ayush\\AppData\\Roaming\\Python\\Python312\\site-packages\\torch\\_inductor\\~x_passes\\serialized_patterns\\_sfdp_pattern_12.py', reloading
 * Detected change in 'C:\\Users\\ayush\\AppData\\Roaming\\Python\\Python312\\site-packages\\torch\\_inductor\\~x_passes\\serialized_patterns\\_sfdp_pattern_13.py', reloading
 * Detected change in 'C:\\Users\\ayush\\AppData\\Roaming\\Python\\Python312\\site-packages\\torch\\_inductor\\~x_passes\\serialized_patterns\\_sfdp_pattern_2.py', reloading
 * Detected change in 'C:\\Users\\ayush\\AppData\\Roaming\\Python\\Python312\\site-packages\\torch\\_inductor\\~x_passes\\serialized_patterns\\_sfdp_pattern_3.py', reloading
 * Detected change in 'C:\\Users\\ayush\\AppData\\Roaming\\Python\\Python312\\site-packages\\torch\\_inductor\\~x_passes\\serialized_patterns\\_sfdp_pattern_4.py', reloading
 * Detected change in 'C:\\Users\\ayush\\AppData\\Roaming\\Python\\Python312\\site-packages\\torch\\_inductor\\~x_passes\\serialized_patterns\\_sfdp_pattern_5.py', reloading
 * Detected change in 'C:\\Users\\ayush\\AppData\\Roaming\\Python\\Python312\\site-packages\\torch\\_inductor\\~x_passes\\serialized_patterns\\_sfdp_pattern_6.py', reloading
 * Detected change in 'C:\\Users\\ayush\\AppData\\Roaming\\Python\\Python312\\site-packages\\torch\\_inductor\\~x_passes\\serialized_patterns\\_sfdp_pattern_7.py', reloading
 * Detected change in 'C:\\Users\\ayush\\AppData\\Roaming\\Python\\Python312\\site-packages\\torch\\_inductor\\~x_passes\\serialized_patterns\\_sfdp_pattern_8.py', reloading
 * Detected change in 'C:\\Users\\ayush\\AppData\\Roaming\\Python\\Python312\\site-packages\\torch\\_inductor\\~x_passes\\serialized_patterns\\_sfdp_pattern_9.py', reloading
 * Detected change in 'C:\\Users\\ayush\\AppData\\Roaming\\Python\\Python312\\site-packages\\torch\\_inductor\\~x_passes\\serialized_patterns\\__init__.py', reloading
 * Detected change in 'C:\\Users\\ayush\\AppData\\Roaming\\Python\\Python312\\site-packages\\torch\\_inductor\\fx_passes\\binary_folding.py', reloading
 * Detected change in 'C:\\Users\\ayush\\AppData\\Roaming\\Python\\Python312\\site-packages\\torch\\_inductor\\fx_passes\\efficient_conv_bn_eval.py', reloading
 * Detected change in 'C:\\Users\\ayush\\AppData\\Roaming\\Python\\Python312\\site-packages\\torch\\_inductor\\fx_passes\\freezing_patterns.py', reloading
 * Detected change in 'C:\\Users\\ayush\\AppData\\Roaming\\Python\\Python312\\site-packages\\torch\\_inductor\\fx_passes\\fuse_attention.py', reloading
 * Detected change in 'C:\\Users\\ayush\\AppData\\Roaming\\Python\\Python312\\site-packages\\torch\\_inductor\\fx_passes\\group_batch_fusion.py', reloading
 * Detected change in 'C:\\Users\\ayush\\AppData\\Roaming\\Python\\Python312\\site-packages\\torch\\_inductor\\fx_passes\\joint_graph.py', reloading
 * Detected change in 'C:\\Users\\ayush\\AppData\\Roaming\\Python\\Python312\\site-packages\\torch\\_inductor\\fx_passes\\misc_patterns.py', reloading
 * Detected change in 'C:\\Users\\ayush\\AppData\\Roaming\\Python\\Python312\\site-packages\\torch\\_inductor\\fx_passes\\mkldnn_fusion.py', reloading
 * Detected change in 'C:\\Users\\ayush\\AppData\\Roaming\\Python\\Python312\\site-packages\\torch\\_inductor\\fx_passes\\pad_mm.py', reloading
 * Detected change in 'C:\\Users\\ayush\\AppData\\Roaming\\Python\\Python312\\site-packages\\torch\\_inductor\\fx_passes\\post_grad.py', reloading
 * Detected change in 'C:\\Users\\ayush\\AppData\\Roaming\\Python\\Python312\\site-packages\\torch\\_inductor\\fx_passes\\pre_grad.py', reloading
 * Detected change in 'C:\\Users\\ayush\\AppData\\Roaming\\Python\\Python312\\site-packages\\torch\\_inductor\\fx_passes\\quantization.py', reloading
 * Detected change in 'C:\\Users\\ayush\\AppData\\Roaming\\Python\\Python312\\site-packages\\torch\\_inductor\\fx_passes\\replace_random.py', reloading
 * Detected change in 'C:\\Users\\ayush\\AppData\\Roaming\\Python\\Python312\\site-packages\\torch\\_inductor\\fx_passes\\split_cat.py', reloading
 * Detected change in 'C:\\Users\\ayush\\AppData\\Roaming\\Python\\Python312\\site-packages\\torch\\_inductor\\fx_passes\\__init__.py', reloading
 * Detected change in 'C:\\Users\\ayush\\AppData\\Roaming\\Python\\Python312\\site-packages\\torch\\_inductor\\fx_passes\\serialized_patterns\\central_index.py', reloading
 * Detected change in 'C:\\Users\\ayush\\AppData\\Roaming\\Python\\Python312\\site-packages\\torch\\_inductor\\fx_passes\\serialized_patterns\\_sfdp_pattern_1.py', reloading
 * Detected change in 'C:\\Users\\ayush\\AppData\\Roaming\\Python\\Python312\\site-packages\\torch\\_inductor\\fx_passes\\serialized_patterns\\_sfdp_pattern_10.py', reloading
 * Detected change in 'C:\\Users\\ayush\\AppData\\Roaming\\Python\\Python312\\site-packages\\torch\\_inductor\\fx_passes\\serialized_patterns\\_sfdp_pattern_11.py', reloading
 * Detected change in 'C:\\Users\\ayush\\AppData\\Roaming\\Python\\Python312\\site-packages\\torch\\_inductor\\fx_passes\\serialized_patterns\\_sfdp_pattern_12.py', reloading
 * Detected change in 'C:\\Users\\ayush\\AppData\\Roaming\\Python\\Python312\\site-packages\\torch\\_inductor\\fx_passes\\serialized_patterns\\_sfdp_pattern_13.py', reloading
 * Detected change in 'C:\\Users\\ayush\\AppData\\Roaming\\Python\\Python312\\site-packages\\torch\\_inductor\\fx_passes\\serialized_patterns\\_sfdp_pattern_2.py', reloading
 * Detected change in 'C:\\Users\\ayush\\AppData\\Roaming\\Python\\Python312\\site-packages\\torch\\_inductor\\fx_passes\\serialized_patterns\\_sfdp_pattern_3.py', reloading
 * Detected change in 'C:\\Users\\ayush\\AppData\\Roaming\\Python\\Python312\\site-packages\\torch\\_inductor\\fx_passes\\serialized_patterns\\_sfdp_pattern_4.py', reloading
 * Detected change in 'C:\\Users\\ayush\\AppData\\Roaming\\Python\\Python312\\site-packages\\torch\\_inductor\\fx_passes\\serialized_patterns\\_sfdp_pattern_5.py', reloading
 * Detected change in 'C:\\Users\\ayush\\AppData\\Roaming\\Python\\Python312\\site-packages\\torch\\_inductor\\fx_passes\\serialized_patterns\\_sfdp_pattern_6.py', reloading
 * Detected change in 'C:\\Users\\ayush\\AppData\\Roaming\\Python\\Python312\\site-packages\\torch\\_inductor\\fx_passes\\serialized_patterns\\_sfdp_pattern_7.py', reloading
 * Detected change in 'C:\\Users\\ayush\\AppData\\Roaming\\Python\\Python312\\site-packages\\torch\\_inductor\\fx_passes\\serialized_patterns\\_sfdp_pattern_8.py', reloading
 * Detected change in 'C:\\Users\\ayush\\AppData\\Roaming\\Python\\Python312\\site-packages\\torch\\_inductor\\fx_passes\\serialized_patterns\\_sfdp_pattern_9.py', reloading
 * Detected change in 'C:\\Users\\ayush\\AppData\\Roaming\\Python\\Python312\\site-packages\\torch\\_inductor\\fx_passes\\serialized_patterns\\__init__.py', reloading
 * Detected change in 'C:\\Users\\ayush\\AppData\\Roaming\\Python\\Python312\\site-packages\\torch\\_inductor\\fx_utils.py', reloading
 * Detected change in 'C:\\Users\\ayush\\AppData\\Roaming\\Python\\Python312\\site-packages\\torch\\_inductor\\graph.py', reloading
 * Detected change in 'C:\\Users\\ayush\\AppData\\Roaming\\Python\\Python312\\site-packages\\torch\\_inductor\\hooks.py', reloading
 * Detected change in 'C:\\Users\\ayush\\AppData\\Roaming\\Python\\Python312\\site-packages\\torch\\_inductor\\index_propagation.py', reloading
 * Detected change in 'C:\\Users\\ayush\\AppData\\Roaming\\Python\\Python312\\site-packages\\torch\\_inductor\\inductor_prims.py', reloading
 * Detected change in 'C:\\Users\\ayush\\AppData\\Roaming\\Python\\Python312\\site-packages\\torch\\_inductor\\ir.py', reloading
 * Detected change in 'C:\\Users\\ayush\\AppData\\Roaming\\Python\\Python312\\site-packages\\torch\\_inductor\\~ernel\\bmm.py', reloading
 * Detected change in 'C:\\Users\\ayush\\AppData\\Roaming\\Python\\Python312\\site-packages\\torch\\_inductor\\~ernel\\conv.py', reloading
 * Detected change in 'C:\\Users\\ayush\\AppData\\Roaming\\Python\\Python312\\site-packages\\torch\\_inductor\\~ernel\\mm.py', reloading
 * Detected change in 'C:\\Users\\ayush\\AppData\\Roaming\\Python\\Python312\\site-packages\\torch\\_inductor\\~ernel\\mm_common.py', reloading
 * Detected change in 'C:\\Users\\ayush\\AppData\\Roaming\\Python\\Python312\\site-packages\\torch\\_inductor\\~ernel\\mm_plus_mm.py', reloading
 * Detected change in 'C:\\Users\\ayush\\AppData\\Roaming\\Python\\Python312\\site-packages\\torch\\_inductor\\~ernel\\unpack_mixed_mm.py', reloading
 * Detected change in 'C:\\Users\\ayush\\AppData\\Roaming\\Python\\Python312\\site-packages\\torch\\_inductor\\~ernel\\__init__.py', reloading
 * Detected change in 'C:\\Users\\ayush\\AppData\\Roaming\\Python\\Python312\\site-packages\\torch\\_inductor\\kernel\\bmm.py', reloading
 * Detected change in 'C:\\Users\\ayush\\AppData\\Roaming\\Python\\Python312\\site-packages\\torch\\_inductor\\kernel\\conv.py', reloading
 * Detected change in 'C:\\Users\\ayush\\AppData\\Roaming\\Python\\Python312\\site-packages\\torch\\_inductor\\kernel\\mm.py', reloading
 * Detected change in 'C:\\Users\\ayush\\AppData\\Roaming\\Python\\Python312\\site-packages\\torch\\_inductor\\kernel\\mm_common.py', reloading
 * Detected change in 'C:\\Users\\ayush\\AppData\\Roaming\\Python\\Python312\\site-packages\\torch\\_inductor\\kernel\\mm_plus_mm.py', reloading
 * Detected change in 'C:\\Users\\ayush\\AppData\\Roaming\\Python\\Python312\\site-packages\\torch\\_inductor\\kernel\\unpack_mixed_mm.py', reloading
 * Detected change in 'C:\\Users\\ayush\\AppData\\Roaming\\Python\\Python312\\site-packages\\torch\\_inductor\\kernel\\__init__.py', reloading
 * Detected change in 'C:\\Users\\ayush\\AppData\\Roaming\\Python\\Python312\\site-packages\\torch\\_inductor\\lowering.py', reloading
 * Detected change in 'C:\\Users\\ayush\\AppData\\Roaming\\Python\\Python312\\site-packages\\torch\\_inductor\\metrics.py', reloading
 * Detected change in 'C:\\Users\\ayush\\AppData\\Roaming\\Python\\Python312\\site-packages\\torch\\_inductor\\optimize_indexing.py', reloading
 * Detected change in 'C:\\Users\\ayush\\AppData\\Roaming\\Python\\Python312\\site-packages\\torch\\_inductor\\pattern_matcher.py', reloading
 * Detected change in 'C:\\Users\\ayush\\AppData\\Roaming\\Python\\Python312\\site-packages\\torch\\_inductor\\quantized_lowerings.py', reloading
 * Detected change in 'C:\\Users\\ayush\\AppData\\Roaming\\Python\\Python312\\site-packages\\torch\\_inductor\\scheduler.py', reloading
 * Detected change in 'C:\\Users\\ayush\\AppData\\Roaming\\Python\\Python312\\site-packages\\torch\\_inductor\\select_algorithm.py', reloading
 * Detected change in 'C:\\Users\\ayush\\AppData\\Roaming\\Python\\Python312\\site-packages\\torch\\_inductor\\sizevars.py', reloading
 * Detected change in 'C:\\Users\\ayush\\AppData\\Roaming\\Python\\Python312\\site-packages\\torch\\_inductor\\test_operators.py', reloading
 * Detected change in 'C:\\Users\\ayush\\AppData\\Roaming\\Python\\Python312\\site-packages\\torch\\_inductor\\triton_helpers.py', reloading
 * Detected change in 'C:\\Users\\ayush\\AppData\\Roaming\\Python\\Python312\\site-packages\\torch\\_inductor\\triton_heuristics.py', reloading
 * Detected change in 'C:\\Users\\ayush\\AppData\\Roaming\\Python\\Python312\\site-packages\\torch\\_inductor\\utils.py', reloading
 * Detected change in 'C:\\Users\\ayush\\AppData\\Roaming\\Python\\Python312\\site-packages\\torch\\_inductor\\virtualized.py', reloading
 * Detected change in 'C:\\Users\\ayush\\AppData\\Roaming\\Python\\Python312\\site-packages\\torch\\_inductor\\wrapper_benchmark.py', reloading
 * Detected change in 'C:\\Users\\ayush\\AppData\\Roaming\\Python\\Python312\\site-packages\\torch\\_jit_internal.py', reloading
 * Detected change in 'C:\\Users\\ayush\\AppData\\Roaming\\Python\\Python312\\site-packages\\torch\\~lazy\\closure.py', reloading
 * Detected change in 'C:\\Users\\ayush\\AppData\\Roaming\\Python\\Python312\\site-packages\\torch\\~lazy\\computation.py', reloading
 * Detected change in 'C:\\Users\\ayush\\AppData\\Roaming\\Python\\Python312\\site-packages\\torch\\~lazy\\config.py', reloading
 * Detected change in 'C:\\Users\\ayush\\AppData\\Roaming\\Python\\Python312\\site-packages\\torch\\~lazy\\debug.py', reloading
 * Detected change in 'C:\\Users\\ayush\\AppData\\Roaming\\Python\\Python312\\site-packages\\torch\\~lazy\\device_context.py', reloading
 * Detected change in 'C:\\Users\\ayush\\AppData\\Roaming\\Python\\Python312\\site-packages\\torch\\~lazy\\extract_compiled_graph.py', reloading
 * Detected change in 'C:\\Users\\ayush\\AppData\\Roaming\\Python\\Python312\\site-packages\\torch\\~lazy\\ir_cache.py', reloading
 * Detected change in 'C:\\Users\\ayush\\AppData\\Roaming\\Python\\Python312\\site-packages\\torch\\~lazy\\metrics.py', reloading
 * Detected change in 'C:\\Users\\ayush\\AppData\\Roaming\\Python\\Python312\\site-packages\\torch\\~lazy\\tensor_factory_functions.py', reloading
 * Detected change in 'C:\\Users\\ayush\\AppData\\Roaming\\Python\\Python312\\site-packages\\torch\\~lazy\\ts_backend.py', reloading
 * Detected change in 'C:\\Users\\ayush\\AppData\\Roaming\\Python\\Python312\\site-packages\\torch\\~lazy\\__init__.py', reloading
 * Detected change in 'C:\\Users\\ayush\\AppData\\Roaming\\Python\\Python312\\site-packages\\torch\\_lazy\\closure.py', reloading
 * Detected change in 'C:\\Users\\ayush\\AppData\\Roaming\\Python\\Python312\\site-packages\\torch\\_lazy\\computation.py', reloading
 * Detected change in 'C:\\Users\\ayush\\AppData\\Roaming\\Python\\Python312\\site-packages\\torch\\_lazy\\config.py', reloading
 * Detected change in 'C:\\Users\\ayush\\AppData\\Roaming\\Python\\Python312\\site-packages\\torch\\_lazy\\debug.py', reloading
 * Detected change in 'C:\\Users\\ayush\\AppData\\Roaming\\Python\\Python312\\site-packages\\torch\\_lazy\\device_context.py', reloading
 * Detected change in 'C:\\Users\\ayush\\AppData\\Roaming\\Python\\Python312\\site-packages\\torch\\_lazy\\extract_compiled_graph.py', reloading
 * Detected change in 'C:\\Users\\ayush\\AppData\\Roaming\\Python\\Python312\\site-packages\\torch\\_lazy\\ir_cache.py', reloading
 * Detected change in 'C:\\Users\\ayush\\AppData\\Roaming\\Python\\Python312\\site-packages\\torch\\_lazy\\metrics.py', reloading
 * Detected change in 'C:\\Users\\ayush\\AppData\\Roaming\\Python\\Python312\\site-packages\\torch\\_lazy\\tensor_factory_functions.py', reloading
 * Detected change in 'C:\\Users\\ayush\\AppData\\Roaming\\Python\\Python312\\site-packages\\torch\\_lazy\\ts_backend.py', reloading
 * Detected change in 'C:\\Users\\ayush\\AppData\\Roaming\\Python\\Python312\\site-packages\\torch\\_lazy\\__init__.py', reloading

============================================================
  advisor Web Interface
  Open http://localhost:5000 in your browser
  Press Ctrl+C to stop
============================================================

 * Restarting with watchdog (windowsapi)
 * Debugger is active!
 * Debugger PIN: 296-218-656
 * Detected change in 'C:\\Users\\ayush\\AppData\\Roaming\\Python\\Python312\\site-packages\\torch\\distributed\\algorithms\\_optimizer_overlap\\__init__.py', reloading
 * Detected change in 'C:\\Users\\ayush\\AppData\\Roaming\\Python\\Python312\\site-packages\\torch\\distributed\\algorithms\\_optimizer_overlap\\__init__.py', reloading
 * Detected change in 'C:\\Users\\ayush\\AppData\\Roaming\\Python\\Python312\\site-packages\\torch\\distributed\\algorithms\\_optimizer_overlap\\optimizer_overlap.py', reloading
 * Detected change in 'C:\\Users\\ayush\\AppData\\Roaming\\Python\\Python312\\site-packages\\torch\\distributed\\algorithms\\_optimizer_overlap\\optimizer_overlap.py', reloading
 * Detected change in 'C:\\Users\\ayush\\AppData\\Roaming\\Python\\Python312\\site-packages\\torch\\distributed\\algorithms\\_quantization\\quantization.py', reloading
 * Detected change in 'C:\\Users\\ayush\\AppData\\Roaming\\Python\\Python312\\site-packages\\torch\\distributed\\algorithms\\_quantization\\__init__.py', reloading
 * Detected change in 'C:\\Users\\ayush\\AppData\\Roaming\\Python\\Python312\\site-packages\\torch\\distributed\\algorithms\\_quantization\\__init__.py', reloading
 * Detected change in 'C:\\Users\\ayush\\AppData\\Roaming\\Python\\Python312\\site-packages\\torch\\distributed\\algorithms\\_quantization\\quantization.py', reloading
 * Detected change in 'C:\\Users\\ayush\\AppData\\Roaming\\Python\\Python312\\site-packages\\torch\\distributed\\algorithms\\_quantization\\quantization.py', reloading
 * Detected change in 'C:\\Users\\ayush\\AppData\\Roaming\\Python\\Python312\\site-packages\\torch\\distributed\\algorithms\\ddp_comm_hooks\\ddp_zero_hook.py', reloading
 * Detected change in 'C:\\Users\\ayush\\AppData\\Roaming\\Python\\Python312\\site-packages\\torch\\distributed\\algorithms\\ddp_comm_hooks\\debugging_hooks.py', reloading
 * Detected change in 'C:\\Users\\ayush\\AppData\\Roaming\\Python\\Python312\\site-packages\\torch\\distributed\\algorithms\\ddp_comm_hooks\\__init__.py', reloading
 * Detected change in 'C:\\Users\\ayush\\AppData\\Roaming\\Python\\Python312\\site-packages\\torch\\distributed\\algorithms\\ddp_comm_hooks\\__init__.py', reloading
 * Detected change in 'C:\\Users\\ayush\\AppData\\Roaming\\Python\\Python312\\site-packages\\torch\\distributed\\algorithms\\ddp_comm_hooks\\__init__.py', reloading
 * Detected change in 'C:\\Users\\ayush\\AppData\\Roaming\\Python\\Python312\\site-packages\\torch\\distributed\\algorithms\\ddp_comm_hooks\\ddp_zero_hook.py', reloading
 * Detected change in 'C:\\Users\\ayush\\AppData\\Roaming\\Python\\Python312\\site-packages\\torch\\distributed\\algorithms\\ddp_comm_hooks\\ddp_zero_hook.py', reloading
 * Detected change in 'C:\\Users\\ayush\\AppData\\Roaming\\Python\\Python312\\site-packages\\torch\\distributed\\algorithms\\ddp_comm_hooks\\debugging_hooks.py', reloading
 * Detected change in 'C:\\Users\\ayush\\AppData\\Roaming\\Python\\Python312\\site-packages\\torch\\distributed\\algorithms\\ddp_comm_hooks\\debugging_hooks.py', reloading
 * Detected change in 'C:\\Users\\ayush\\AppData\\Roaming\\Python\\Python312\\site-packages\\torch\\distributed\\algorithms\\ddp_comm_hooks\\default_hooks.py', reloading
 * Detected change in 'C:\\Users\\ayush\\AppData\\Roaming\\Python\\Python312\\site-packages\\torch\\distributed\\algorithms\\ddp_comm_hooks\\default_hooks.py', reloading
 * Detected change in 'C:\\Users\\ayush\\AppData\\Roaming\\Python\\Python312\\site-packages\\torch\\distributed\\algorithms\\ddp_comm_hooks\\mixed_precision_hooks.py', reloading
 * Detected change in 'C:\\Users\\ayush\\AppData\\Roaming\\Python\\Python312\\site-packages\\torch\\distributed\\algorithms\\ddp_comm_hooks\\mixed_precision_hooks.py', reloading
 * Detected change in 'C:\\Users\\ayush\\AppData\\Roaming\\Python\\Python312\\site-packages\\torch\\distributed\\algorithms\\ddp_comm_hooks\\optimizer_overlap_hooks.py', reloading
 * Detected change in 'C:\\Users\\ayush\\AppData\\Roaming\\Python\\Python312\\site-packages\\torch\\distributed\\algorithms\\ddp_comm_hooks\\optimizer_overlap_hooks.py', reloading
 * Detected change in 'C:\\Users\\ayush\\AppData\\Roaming\\Python\\Python312\\site-packages\\torch\\distributed\\algorithms\\ddp_comm_hooks\\post_localSGD_hook.py', reloading
 * Detected change in 'C:\\Users\\ayush\\AppData\\Roaming\\Python\\Python312\\site-packages\\torch\\distributed\\algorithms\\ddp_comm_hooks\\post_localSGD_hook.py', reloading
 * Detected change in 'C:\\Users\\ayush\\AppData\\Roaming\\Python\\Python312\\site-packages\\torch\\distributed\\algorithms\\ddp_comm_hooks\\powerSGD_hook.py', reloading
 * Detected change in 'C:\\Users\\ayush\\AppData\\Roaming\\Python\\Python312\\site-packages\\torch\\distributed\\algorithms\\ddp_comm_hooks\\powerSGD_hook.py', reloading
 * Detected change in 'C:\\Users\\ayush\\AppData\\Roaming\\Python\\Python312\\site-packages\\torch\\distributed\\algorithms\\ddp_comm_hooks\\quantization_hooks.py', reloading
 * Detected change in 'C:\\Users\\ayush\\AppData\\Roaming\\Python\\Python312\\site-packages\\torch\\distributed\\algorithms\\ddp_comm_hooks\\quantization_hooks.py', reloading
 * Detected change in 'C:\\Users\\ayush\\AppData\\Roaming\\Python\\Python312\\site-packages\\torch\\distributed\\algorithms\\model_averaging\\averagers.py', reloading
 * Detected change in 'C:\\Users\\ayush\\AppData\\Roaming\\Python\\Python312\\site-packages\\torch\\distributed\\algorithms\\model_averaging\\hierarchical_model_averager.py', reloading
 * Detected change in 'C:\\Users\\ayush\\AppData\\Roaming\\Python\\Python312\\site-packages\\torch\\distributed\\algorithms\\model_averaging\\utils.py', reloading
 * Detected change in 'C:\\Users\\ayush\\AppData\\Roaming\\Python\\Python312\\site-packages\\torch\\distributed\\algorithms\\model_averaging\\__init__.py', reloading
 * Detected change in 'C:\\Users\\ayush\\AppData\\Roaming\\Python\\Python312\\site-packages\\torch\\distributed\\algorithms\\model_averaging\\__init__.py', reloading
 * Detected change in 'C:\\Users\\ayush\\AppData\\Roaming\\Python\\Python312\\site-packages\\torch\\distributed\\algorithms\\model_averaging\\averagers.py', reloading
 * Detected change in 'C:\\Users\\ayush\\AppData\\Roaming\\Python\\Python312\\site-packages\\torch\\distributed\\algorithms\\model_averaging\\averagers.py', reloading
 * Detected change in 'C:\\Users\\ayush\\AppData\\Roaming\\Python\\Python312\\site-packages\\torch\\distributed\\algorithms\\model_averaging\\hierarchical_model_averager.py', reloading
 * Detected change in 'C:\\Users\\ayush\\AppData\\Roaming\\Python\\Python312\\site-packages\\torch\\distributed\\algorithms\\model_averaging\\hierarchical_model_averager.py', reloading
 * Detected change in 'C:\\Users\\ayush\\AppData\\Roaming\\Python\\Python312\\site-packages\\torch\\distributed\\algorithms\\model_averaging\\utils.py', reloading
 * Detected change in 'C:\\Users\\ayush\\AppData\\Roaming\\Python\\Python312\\site-packages\\torch\\distributed\\algorithms\\model_averaging\\utils.py', reloading
 * Detected change in 'C:\\Users\\ayush\\AppData\\Roaming\\Python\\Python312\\site-packages\\torch\\distributed\\autograd\\__init__.py', reloading
 * Detected change in 'C:\\Users\\ayush\\AppData\\Roaming\\Python\\Python312\\site-packages\\torch\\distributed\\autograd\\__init__.py', reloading
 * Detected change in 'C:\\Users\\ayush\\AppData\\Roaming\\Python\\Python312\\site-packages\\torch\\distributed\\autograd\\__init__.py', reloading
 * Detected change in 'C:\\Users\\ayush\\AppData\\Roaming\\Python\\Python312\\site-packages\\torch\\distributed\\checkpoint\\_async_executor.py', reloading
 * Detected change in 'C:\\Users\\ayush\\AppData\\Roaming\\Python\\Python312\\site-packages\\torch\\distributed\\checkpoint\\_async_process_executor.py', reloading
 * Detected change in 'C:\\Users\\ayush\\AppData\\Roaming\\Python\\Python312\\site-packages\\torch\\distributed\\checkpoint\\_async_thread_executor.py', reloading
 * Detected change in 'C:\\Users\\ayush\\AppData\\Roaming\\Python\\Python312\\site-packages\\torch\\distributed\\checkpoint\\_checkpointer.py', reloading
 * Detected change in 'C:\\Users\\ayush\\AppData\\Roaming\\Python\\Python312\\site-packages\\torch\\distributed\\checkpoint\\__init__.py', reloading
 * Detected change in 'C:\\Users\\ayush\\AppData\\Roaming\\Python\\Python312\\site-packages\\torch\\distributed\\checkpoint\\__init__.py', reloading
 * Detected change in 'C:\\Users\\ayush\\AppData\\Roaming\\Python\\Python312\\site-packages\\torch\\distributed\\checkpoint\\__init__.py', reloading
 * Detected change in 'C:\\Users\\ayush\\AppData\\Roaming\\Python\\Python312\\site-packages\\torch\\distributed\\checkpoint\\_async_executor.py', reloading
 * Detected change in 'C:\\Users\\ayush\\AppData\\Roaming\\Python\\Python312\\site-packages\\torch\\distributed\\checkpoint\\_async_executor.py', reloading
 * Detected change in 'C:\\Users\\ayush\\AppData\\Roaming\\Python\\Python312\\site-packages\\torch\\distributed\\checkpoint\\_async_process_executor.py', reloading
 * Detected change in 'C:\\Users\\ayush\\AppData\\Roaming\\Python\\Python312\\site-packages\\torch\\distributed\\checkpoint\\_async_process_executor.py', reloading
 * Detected change in 'C:\\Users\\ayush\\AppData\\Roaming\\Python\\Python312\\site-packages\\torch\\distributed\\checkpoint\\_async_thread_executor.py', reloading
 * Detected change in 'C:\\Users\\ayush\\AppData\\Roaming\\Python\\Python312\\site-packages\\torch\\distributed\\checkpoint\\_async_thread_executor.py', reloading
 * Detected change in 'C:\\Users\\ayush\\AppData\\Roaming\\Python\\Python312\\site-packages\\torch\\distributed\\checkpoint\\_checkpointer.py', reloading
 * Detected change in 'C:\\Users\\ayush\\AppData\\Roaming\\Python\\Python312\\site-packages\\torch\\distributed\\checkpoint\\_checkpointer.py', reloading
 * Detected change in 'C:\\Users\\ayush\\AppData\\Roaming\\Python\\Python312\\site-packages\\torch\\distributed\\checkpoint\\_consolidate_hf_safetensors.py', reloading
 * Detected change in 'C:\\Users\\ayush\\AppData\\Roaming\\Python\\Python312\\site-packages\\torch\\distributed\\checkpoint\\_consolidate_hf_safetensors.py', reloading
 * Detected change in 'C:\\Users\\ayush\\AppData\\Roaming\\Python\\Python312\\site-packages\\torch\\distributed\\checkpoint\\_dedup_save_plans.py', reloading
 * Detected change in 'C:\\Users\\ayush\\AppData\\Roaming\\Python\\Python312\\site-packages\\torch\\distributed\\checkpoint\\_dedup_save_plans.py', reloading
 * Detected change in 'C:\\Users\\ayush\\AppData\\Roaming\\Python\\Python312\\site-packages\\torch\\distributed\\checkpoint\\_dedup_tensors.py', reloading
 * Detected change in 'C:\\Users\\ayush\\AppData\\Roaming\\Python\\Python312\\site-packages\\torch\\distributed\\checkpoint\\_dedup_tensors.py', reloading
 * Detected change in 'C:\\Users\\ayush\\AppData\\Roaming\\Python\\Python312\\site-packages\\torch\\distributed\\checkpoint\\_extension.py', reloading
 * Detected change in 'C:\\Users\\ayush\\AppData\\Roaming\\Python\\Python312\\site-packages\\torch\\distributed\\checkpoint\\_extension.py', reloading
 * Detected change in 'C:\\Users\\ayush\\AppData\\Roaming\\Python\\Python312\\site-packages\\torch\\distributed\\checkpoint\\_fsspec_filesystem.py', reloading
 * Detected change in 'C:\\Users\\ayush\\AppData\\Roaming\\Python\\Python312\\site-packages\\torch\\distributed\\checkpoint\\_fsspec_filesystem.py', reloading
 * Detected change in 'C:\\Users\\ayush\\AppData\\Roaming\\Python\\Python312\\site-packages\\torch\\distributed\\checkpoint\\_hf_utils.py', reloading
 * Detected change in 'C:\\Users\\ayush\\AppData\\Roaming\\Python\\Python312\\site-packages\\torch\\distributed\\checkpoint\\_hf_utils.py', reloading
 * Detected change in 'C:\\Users\\ayush\\AppData\\Roaming\\Python\\Python312\\site-packages\\torch\\distributed\\checkpoint\\_nested_dict.py', reloading
 * Detected change in 'C:\\Users\\ayush\\AppData\\Roaming\\Python\\Python312\\site-packages\\torch\\distributed\\checkpoint\\_nested_dict.py', reloading
 * Detected change in 'C:\\Users\\ayush\\AppData\\Roaming\\Python\\Python312\\site-packages\\torch\\distributed\\checkpoint\\_pg_transport.py', reloading
 * Detected change in 'C:\\Users\\ayush\\AppData\\Roaming\\Python\\Python312\\site-packages\\torch\\distributed\\checkpoint\\_pg_transport.py', reloading
 * Detected change in 'C:\\Users\\ayush\\AppData\\Roaming\\Python\\Python312\\site-packages\\torch\\distributed\\checkpoint\\_sharded_tensor_utils.py', reloading
 * Detected change in 'C:\\Users\\ayush\\AppData\\Roaming\\Python\\Python312\\site-packages\\torch\\distributed\\checkpoint\\_sharded_tensor_utils.py', reloading
 * Detected change in 'C:\\Users\\ayush\\AppData\\Roaming\\Python\\Python312\\site-packages\\torch\\distributed\\checkpoint\\_state_dict_stager.py', reloading
 * Detected change in 'C:\\Users\\ayush\\AppData\\Roaming\\Python\\Python312\\site-packages\\torch\\distributed\\checkpoint\\_state_dict_stager.py', reloading
 * Detected change in 'C:\\Users\\ayush\\AppData\\Roaming\\Python\\Python312\\site-packages\\torch\\distributed\\checkpoint\\_storage_utils.py', reloading
 * Detected change in 'C:\\Users\\ayush\\AppData\\Roaming\\Python\\Python312\\site-packages\\torch\\distributed\\checkpoint\\_storage_utils.py', reloading
 * Detected change in 'C:\\Users\\ayush\\AppData\\Roaming\\Python\\Python312\\site-packages\\torch\\distributed\\checkpoint\\_traverse.py', reloading
 * Detected change in 'C:\\Users\\ayush\\AppData\\Roaming\\Python\\Python312\\site-packages\\torch\\distributed\\checkpoint\\_traverse.py', reloading
 * Detected change in 'C:\\Users\\ayush\\AppData\\Roaming\\Python\\Python312\\site-packages\\torch\\distributed\\checkpoint\\_version.py', reloading
 * Detected change in 'C:\\Users\\ayush\\AppData\\Roaming\\Python\\Python312\\site-packages\\torch\\distributed\\checkpoint\\_version.py', reloading
 * Detected change in 'C:\\Users\\ayush\\AppData\\Roaming\\Python\\Python312\\site-packages\\torch\\distributed\\checkpoint\\api.py', reloading
 * Detected change in 'C:\\Users\\ayush\\AppData\\Roaming\\Python\\Python312\\site-packages\\torch\\distributed\\checkpoint\\api.py', reloading
 * Detected change in 'C:\\Users\\ayush\\AppData\\Roaming\\Python\\Python312\\site-packages\\torch\\distributed\\checkpoint\\default_planner.py', reloading
 * Detected change in 'C:\\Users\\ayush\\AppData\\Roaming\\Python\\Python312\\site-packages\\torch\\distributed\\checkpoint\\default_planner.py', reloading
 * Detected change in 'C:\\Users\\ayush\\AppData\\Roaming\\Python\\Python312\\site-packages\\torch\\distributed\\checkpoint\\filesystem.py', reloading
 * Detected change in 'C:\\Users\\ayush\\AppData\\Roaming\\Python\\Python312\\site-packages\\torch\\distributed\\checkpoint\\filesystem.py', reloading
 * Detected change in 'C:\\Users\\ayush\\AppData\\Roaming\\Python\\Python312\\site-packages\\torch\\distributed\\checkpoint\\format_utils.py', reloading
 * Detected change in 'C:\\Users\\ayush\\AppData\\Roaming\\Python\\Python312\\site-packages\\torch\\distributed\\checkpoint\\format_utils.py', reloading
 * Detected change in 'C:\\Users\\ayush\\AppData\\Roaming\\Python\\Python312\\site-packages\\torch\\distributed\\checkpoint\\hf_storage.py', reloading
 * Detected change in 'C:\\Users\\ayush\\AppData\\Roaming\\Python\\Python312\\site-packages\\torch\\distributed\\checkpoint\\hf_storage.py', reloading
 * Detected change in 'C:\\Users\\ayush\\AppData\\Roaming\\Python\\Python312\\site-packages\\torch\\distributed\\checkpoint\\logger.py', reloading
 * Detected change in 'C:\\Users\\ayush\\AppData\\Roaming\\Python\\Python312\\site-packages\\torch\\distributed\\checkpoint\\logger.py', reloading
 * Detected change in 'C:\\Users\\ayush\\AppData\\Roaming\\Python\\Python312\\site-packages\\torch\\distributed\\checkpoint\\logging_handlers.py', reloading
 * Detected change in 'C:\\Users\\ayush\\AppData\\Roaming\\Python\\Python312\\site-packages\\torch\\distributed\\checkpoint\\logging_handlers.py', reloading
 * Detected change in 'C:\\Users\\ayush\\AppData\\Roaming\\Python\\Python312\\site-packages\\torch\\distributed\\checkpoint\\metadata.py', reloading
 * Detected change in 'C:\\Users\\ayush\\AppData\\Roaming\\Python\\Python312\\site-packages\\torch\\distributed\\checkpoint\\metadata.py', reloading
 * Detected change in 'C:\\Users\\ayush\\AppData\\Roaming\\Python\\Python312\\site-packages\\torch\\distributed\\checkpoint\\optimizer.py', reloading
 * Detected change in 'C:\\Users\\ayush\\AppData\\Roaming\\Python\\Python312\\site-packages\\torch\\distributed\\checkpoint\\optimizer.py', reloading
 * Detected change in 'C:\\Users\\ayush\\AppData\\Roaming\\Python\\Python312\\site-packages\\torch\\distributed\\checkpoint\\planner.py', reloading
 * Detected change in 'C:\\Users\\ayush\\AppData\\Roaming\\Python\\Python312\\site-packages\\torch\\distributed\\checkpoint\\planner.py', reloading
 * Detected change in 'C:\\Users\\ayush\\AppData\\Roaming\\Python\\Python312\\site-packages\\torch\\distributed\\checkpoint\\planner_helpers.py', reloading
 * Detected change in 'C:\\Users\\ayush\\AppData\\Roaming\\Python\\Python312\\site-packages\\torch\\distributed\\checkpoint\\planner_helpers.py', reloading
 * Detected change in 'C:\\Users\\ayush\\AppData\\Roaming\\Python\\Python312\\site-packages\\torch\\distributed\\checkpoint\\quantized_hf_storage.py', reloading
 * Detected change in 'C:\\Users\\ayush\\AppData\\Roaming\\Python\\Python312\\site-packages\\torch\\distributed\\checkpoint\\quantized_hf_storage.py', reloading
 * Detected change in 'C:\\Users\\ayush\\AppData\\Roaming\\Python\\Python312\\site-packages\\torch\\distributed\\checkpoint\\resharding.py', reloading
 * Detected change in 'C:\\Users\\ayush\\AppData\\Roaming\\Python\\Python312\\site-packages\\torch\\distributed\\checkpoint\\resharding.py', reloading
 * Detected change in 'C:\\Users\\ayush\\AppData\\Roaming\\Python\\Python312\\site-packages\\torch\\distributed\\checkpoint\\staging.py', reloading
 * Detected change in 'C:\\Users\\ayush\\AppData\\Roaming\\Python\\Python312\\site-packages\\torch\\distributed\\checkpoint\\staging.py', reloading
 * Detected change in 'C:\\Users\\ayush\\AppData\\Roaming\\Python\\Python312\\site-packages\\torch\\distributed\\checkpoint\\state_dict.py', reloading
 * Detected change in 'C:\\Users\\ayush\\AppData\\Roaming\\Python\\Python312\\site-packages\\torch\\distributed\\checkpoint\\state_dict.py', reloading
 * Detected change in 'C:\\Users\\ayush\\AppData\\Roaming\\Python\\Python312\\site-packages\\torch\\distributed\\checkpoint\\state_dict_loader.py', reloading
 * Detected change in 'C:\\Users\\ayush\\AppData\\Roaming\\Python\\Python312\\site-packages\\torch\\distributed\\checkpoint\\state_dict_loader.py', reloading
 * Detected change in 'C:\\Users\\ayush\\AppData\\Roaming\\Python\\Python312\\site-packages\\torch\\distributed\\checkpoint\\state_dict_saver.py', reloading
 * Detected change in 'C:\\Users\\ayush\\AppData\\Roaming\\Python\\Python312\\site-packages\\torch\\distributed\\checkpoint\\state_dict_saver.py', reloading
 * Detected change in 'C:\\Users\\ayush\\AppData\\Roaming\\Python\\Python312\\site-packages\\torch\\distributed\\checkpoint\\stateful.py', reloading
 * Detected change in 'C:\\Users\\ayush\\AppData\\Roaming\\Python\\Python312\\site-packages\\torch\\distributed\\checkpoint\\stateful.py', reloading
 * Detected change in 'C:\\Users\\ayush\\AppData\\Roaming\\Python\\Python312\\site-packages\\torch\\distributed\\checkpoint\\storage.py', reloading
 * Detected change in 'C:\\Users\\ayush\\AppData\\Roaming\\Python\\Python312\\site-packages\\torch\\distributed\\checkpoint\\storage.py', reloading
 * Detected change in 'C:\\Users\\ayush\\AppData\\Roaming\\Python\\Python312\\site-packages\\torch\\distributed\\checkpoint\\utils.py', reloading
 * Detected change in 'C:\\Users\\ayush\\AppData\\Roaming\\Python\\Python312\\site-packages\\torch\\distributed\\checkpoint\\utils.py', reloading
 * Detected change in 'C:\\Users\\ayush\\AppData\\Roaming\\Python\\Python312\\site-packages\\torch\\distributed\\checkpoint\\_experimental\\barriers.py', reloading
 * Detected change in 'C:\\Users\\ayush\\AppData\\Roaming\\Python\\Python312\\site-packages\\torch\\distributed\\checkpoint\\_experimental\\builder.py', reloading
 * Detected change in 'C:\\Users\\ayush\\AppData\\Roaming\\Python\\Python312\\site-packages\\torch\\distributed\\checkpoint\\_experimental\\checkpoint_process.py', reloading
 * Detected change in 'C:\\Users\\ayush\\AppData\\Roaming\\Python\\Python312\\site-packages\\torch\\distributed\\checkpoint\\_experimental\\checkpoint_reader.py', reloading
 * Detected change in 'C:\\Users\\ayush\\AppData\\Roaming\\Python\\Python312\\site-packages\\torch\\distributed\\checkpoint\\_experimental\\checkpoint_writer.py', reloading
 * Detected change in 'C:\\Users\\ayush\\AppData\\Roaming\\Python\\Python312\\site-packages\\torch\\distributed\\checkpoint\\_experimental\\__init__.py', reloading
 * Detected change in 'C:\\Users\\ayush\\AppData\\Roaming\\Python\\Python312\\site-packages\\torch\\distributed\\checkpoint\\_experimental\\__init__.py', reloading
 * Detected change in 'C:\\Users\\ayush\\AppData\\Roaming\\Python\\Python312\\site-packages\\torch\\distributed\\checkpoint\\_experimental\\__init__.py', reloading
 * Detected change in 'C:\\Users\\ayush\\AppData\\Roaming\\Python\\Python312\\site-packages\\torch\\distributed\\checkpoint\\_experimental\\barriers.py', reloading
 * Detected change in 'C:\\Users\\ayush\\AppData\\Roaming\\Python\\Python312\\site-packages\\torch\\distributed\\checkpoint\\_experimental\\barriers.py', reloading
 * Detected change in 'C:\\Users\\ayush\\AppData\\Roaming\\Python\\Python312\\site-packages\\torch\\distributed\\checkpoint\\_experimental\\builder.py', reloading
 * Detected change in 'C:\\Users\\ayush\\AppData\\Roaming\\Python\\Python312\\site-packages\\torch\\distributed\\checkpoint\\_experimental\\builder.py', reloading
 * Detected change in 'C:\\Users\\ayush\\AppData\\Roaming\\Python\\Python312\\site-packages\\torch\\distributed\\checkpoint\\_experimental\\checkpoint_process.py', reloading
 * Detected change in 'C:\\Users\\ayush\\AppData\\Roaming\\Python\\Python312\\site-packages\\torch\\distributed\\checkpoint\\_experimental\\checkpoint_process.py', reloading
 * Detected change in 'C:\\Users\\ayush\\AppData\\Roaming\\Python\\Python312\\site-packages\\torch\\distributed\\checkpoint\\_experimental\\checkpoint_reader.py', reloading
 * Detected change in 'C:\\Users\\ayush\\AppData\\Roaming\\Python\\Python312\\site-packages\\torch\\distributed\\checkpoint\\_experimental\\checkpoint_reader.py', reloading
 * Detected change in 'C:\\Users\\ayush\\AppData\\Roaming\\Python\\Python312\\site-packages\\torch\\distributed\\checkpoint\\_experimental\\checkpoint_writer.py', reloading
 * Detected change in 'C:\\Users\\ayush\\AppData\\Roaming\\Python\\Python312\\site-packages\\torch\\distributed\\checkpoint\\_experimental\\checkpoint_writer.py', reloading
 * Detected change in 'C:\\Users\\ayush\\AppData\\Roaming\\Python\\Python312\\site-packages\\torch\\distributed\\checkpoint\\_experimental\\checkpointer.py', reloading
 * Detected change in 'C:\\Users\\ayush\\AppData\\Roaming\\Python\\Python312\\site-packages\\torch\\distributed\\checkpoint\\_experimental\\checkpointer.py', reloading
 * Detected change in 'C:\\Users\\ayush\\AppData\\Roaming\\Python\\Python312\\site-packages\\torch\\distributed\\checkpoint\\_experimental\\config.py', reloading
 * Detected change in 'C:\\Users\\ayush\\AppData\\Roaming\\Python\\Python312\\site-packages\\torch\\distributed\\checkpoint\\_experimental\\config.py', reloading
 * Detected change in 'C:\\Users\\ayush\\AppData\\Roaming\\Python\\Python312\\site-packages\\torch\\distributed\\checkpoint\\_experimental\\staging.py', reloading
 * Detected change in 'C:\\Users\\ayush\\AppData\\Roaming\\Python\\Python312\\site-packages\\torch\\distributed\\checkpoint\\_experimental\\staging.py', reloading
 * Detected change in 'C:\\Users\\ayush\\AppData\\Roaming\\Python\\Python312\\site-packages\\torch\\distributed\\checkpoint\\_experimental\\types.py', reloading
 * Detected change in 'C:\\Users\\ayush\\AppData\\Roaming\\Python\\Python312\\site-packages\\torch\\distributed\\checkpoint\\_experimental\\types.py', reloading
 * Detected change in 'C:\\Users\\ayush\\AppData\\Roaming\\Python\\Python312\\site-packages\\torch\\distributed\\checkpoint\\_experimental\\utils.py', reloading
 * Detected change in 'C:\\Users\\ayush\\AppData\\Roaming\\Python\\Python312\\site-packages\\torch\\distributed\\checkpoint\\_experimental\\utils.py', reloading
 * Detected change in 'C:\\Users\\ayush\\AppData\\Roaming\\Python\\Python312\\site-packages\\torch\\distributed\\debug\\_debug_handlers.py', reloading
 * Detected change in 'C:\\Users\\ayush\\AppData\\Roaming\\Python\\Python312\\site-packages\\torch\\distributed\\debug\\_frontend.py', reloading
 * Detected change in 'C:\\Users\\ayush\\AppData\\Roaming\\Python\\Python312\\site-packages\\torch\\distributed\\debug\\_handlers.py', reloading
 * Detected change in 'C:\\Users\\ayush\\AppData\\Roaming\\Python\\Python312\\site-packages\\torch\\distributed\\debug\\_store.py', reloading
 * Detected change in 'C:\\Users\\ayush\\AppData\\Roaming\\Python\\Python312\\site-packages\\torch\\distributed\\debug\\__init__.py', reloading
 * Detected change in 'C:\\Users\\ayush\\AppData\\Roaming\\Python\\Python312\\site-packages\\torch\\distributed\\debug\\__init__.py', reloading
 * Detected change in 'C:\\Users\\ayush\\AppData\\Roaming\\Python\\Python312\\site-packages\\torch\\distributed\\debug\\__init__.py', reloading
 * Detected change in 'C:\\Users\\ayush\\AppData\\Roaming\\Python\\Python312\\site-packages\\torch\\distributed\\debug\\_debug_handlers.py', reloading
 * Detected change in 'C:\\Users\\ayush\\AppData\\Roaming\\Python\\Python312\\site-packages\\torch\\distributed\\debug\\_debug_handlers.py', reloading
 * Detected change in 'C:\\Users\\ayush\\AppData\\Roaming\\Python\\Python312\\site-packages\\torch\\distributed\\debug\\_frontend.py', reloading
 * Detected change in 'C:\\Users\\ayush\\AppData\\Roaming\\Python\\Python312\\site-packages\\torch\\distributed\\debug\\_frontend.py', reloading
 * Detected change in 'C:\\Users\\ayush\\AppData\\Roaming\\Python\\Python312\\site-packages\\torch\\distributed\\debug\\_handlers.py', reloading
 * Detected change in 'C:\\Users\\ayush\\AppData\\Roaming\\Python\\Python312\\site-packages\\torch\\distributed\\debug\\_handlers.py', reloading
 * Detected change in 'C:\\Users\\ayush\\AppData\\Roaming\\Python\\Python312\\site-packages\\torch\\distributed\\debug\\_store.py', reloading
 * Detected change in 'C:\\Users\\ayush\\AppData\\Roaming\\Python\\Python312\\site-packages\\torch\\distributed\\debug\\_store.py', reloading
 * Detected change in 'C:\\Users\\ayush\\AppData\\Roaming\\Python\\Python312\\site-packages\\torch\\distributed\\elastic\\control_plane.py', reloading
 * Detected change in 'C:\\Users\\ayush\\AppData\\Roaming\\Python\\Python312\\site-packages\\torch\\distributed\\elastic\\__init__.py', reloading
 * Detected change in 'C:\\Users\\ayush\\AppData\\Roaming\\Python\\Python312\\site-packages\\torch\\distributed\\elastic\\agent\\__init__.py', reloading
 * Detected change in 'C:\\Users\\ayush\\AppData\\Roaming\\Python\\Python312\\site-packages\\torch\\distributed\\elastic\\agent\\server\\api.py', reloading
 * Detected change in 'C:\\Users\\ayush\\AppData\\Roaming\\Python\\Python312\\site-packages\\torch\\distributed\\elastic\\agent\\server\\health_check_server.py', reloading
 * Detected change in 'C:\\Users\\ayush\\AppData\\Roaming\\Python\\Python312\\site-packages\\torch\\distributed\\elastic\\agent\\server\\local_elastic_agent.py', reloading
 * Detected change in 'C:\\Users\\ayush\\AppData\\Roaming\\Python\\Python312\\site-packages\\torch\\distributed\\elastic\\agent\\server\\__init__.py', reloading
 * Detected change in 'C:\\Users\\ayush\\AppData\\Roaming\\Python\\Python312\\site-packages\\torch\\distributed\\elastic\\__init__.py', reloading
 * Detected change in 'C:\\Users\\ayush\\AppData\\Roaming\\Python\\Python312\\site-packages\\torch\\distributed\\elastic\\__init__.py', reloading
 * Detected change in 'C:\\Users\\ayush\\AppData\\Roaming\\Python\\Python312\\site-packages\\torch\\distributed\\elastic\\control_plane.py', reloading
 * Detected change in 'C:\\Users\\ayush\\AppData\\Roaming\\Python\\Python312\\site-packages\\torch\\distributed\\elastic\\control_plane.py', reloading
 * Detected change in 'C:\\Users\\ayush\\AppData\\Roaming\\Python\\Python312\\site-packages\\torch\\distributed\\elastic\\agent\\__init__.py', reloading
 * Detected change in 'C:\\Users\\ayush\\AppData\\Roaming\\Python\\Python312\\site-packages\\torch\\distributed\\elastic\\agent\\server\\api.py', reloading
 * Detected change in 'C:\\Users\\ayush\\AppData\\Roaming\\Python\\Python312\\site-packages\\torch\\distributed\\elastic\\agent\\server\\health_check_server.py', reloading
 * Detected change in 'C:\\Users\\ayush\\AppData\\Roaming\\Python\\Python312\\site-packages\\torch\\distributed\\elastic\\agent\\server\\local_elastic_agent.py', reloading
 * Detected change in 'C:\\Users\\ayush\\AppData\\Roaming\\Python\\Python312\\site-packages\\torch\\distributed\\elastic\\agent\\server\\__init__.py', reloading
 * Detected change in 'C:\\Users\\ayush\\AppData\\Roaming\\Python\\Python312\\site-packages\\torch\\distributed\\elastic\\agent\\__init__.py', reloading
 * Detected change in 'C:\\Users\\ayush\\AppData\\Roaming\\Python\\Python312\\site-packages\\torch\\distributed\\elastic\\agent\\server\\api.py', reloading
 * Detected change in 'C:\\Users\\ayush\\AppData\\Roaming\\Python\\Python312\\site-packages\\torch\\distributed\\elastic\\agent\\server\\health_check_server.py', reloading
 * Detected change in 'C:\\Users\\ayush\\AppData\\Roaming\\Python\\Python312\\site-packages\\torch\\distributed\\elastic\\agent\\server\\local_elastic_agent.py', reloading
 * Detected change in 'C:\\Users\\ayush\\AppData\\Roaming\\Python\\Python312\\site-packages\\torch\\distributed\\elastic\\agent\\server\\__init__.py', reloading
 * Detected change in 'C:\\Users\\ayush\\AppData\\Roaming\\Python\\Python312\\site-packages\\torch\\distributed\\elastic\\agent\\server\\__init__.py', reloading
 * Detected change in 'C:\\Users\\ayush\\AppData\\Roaming\\Python\\Python312\\site-packages\\torch\\distributed\\elastic\\agent\\server\\__init__.py', reloading
 * Detected change in 'C:\\Users\\ayush\\AppData\\Roaming\\Python\\Python312\\site-packages\\torch\\distributed\\elastic\\agent\\server\\api.py', reloading
 * Detected change in 'C:\\Users\\ayush\\AppData\\Roaming\\Python\\Python312\\site-packages\\torch\\distributed\\elastic\\agent\\server\\api.py', reloading
 * Detected change in 'C:\\Users\\ayush\\AppData\\Roaming\\Python\\Python312\\site-packages\\torch\\distributed\\elastic\\agent\\server\\health_check_server.py', reloading
 * Detected change in 'C:\\Users\\ayush\\AppData\\Roaming\\Python\\Python312\\site-packages\\torch\\distributed\\elastic\\agent\\server\\health_check_server.py', reloading
 * Detected change in 'C:\\Users\\ayush\\AppData\\Roaming\\Python\\Python312\\site-packages\\torch\\distributed\\elastic\\agent\\server\\local_elastic_agent.py', reloading
 * Detected change in 'C:\\Users\\ayush\\AppData\\Roaming\\Python\\Python312\\site-packages\\torch\\distributed\\elastic\\agent\\server\\local_elastic_agent.py', reloading
 * Detected change in 'C:\\Users\\ayush\\AppData\\Roaming\\Python\\Python312\\site-packages\\torch\\distributed\\elastic\\events\\api.py', reloading
 * Detected change in 'C:\\Users\\ayush\\AppData\\Roaming\\Python\\Python312\\site-packages\\torch\\distributed\\elastic\\events\\handlers.py', reloading
 * Detected change in 'C:\\Users\\ayush\\AppData\\Roaming\\Python\\Python312\\site-packages\\torch\\distributed\\elastic\\events\\__init__.py', reloading
 * Detected change in 'C:\\Users\\ayush\\AppData\\Roaming\\Python\\Python312\\site-packages\\torch\\distributed\\elastic\\events\\__init__.py', reloading
 * Detected change in 'C:\\Users\\ayush\\AppData\\Roaming\\Python\\Python312\\site-packages\\torch\\distributed\\elastic\\events\\__init__.py', reloading
 * Detected change in 'C:\\Users\\ayush\\AppData\\Roaming\\Python\\Python312\\site-packages\\torch\\distributed\\elastic\\events\\api.py', reloading
 * Detected change in 'C:\\Users\\ayush\\AppData\\Roaming\\Python\\Python312\\site-packages\\torch\\distributed\\elastic\\events\\api.py', reloading
 * Detected change in 'C:\\Users\\ayush\\AppData\\Roaming\\Python\\Python312\\site-packages\\torch\\distributed\\elastic\\events\\handlers.py', reloading
 * Detected change in 'C:\\Users\\ayush\\AppData\\Roaming\\Python\\Python312\\site-packages\\torch\\distributed\\elastic\\events\\handlers.py', reloading
 * Detected change in 'C:\\Users\\ayush\\AppData\\Roaming\\Python\\Python312\\site-packages\\torch\\distributed\\elastic\\metrics\\api.py', reloading
 * Detected change in 'C:\\Users\\ayush\\AppData\\Roaming\\Python\\Python312\\site-packages\\torch\\distributed\\elastic\\metrics\\__init__.py', reloading
 * Detected change in 'C:\\Users\\ayush\\AppData\\Roaming\\Python\\Python312\\site-packages\\torch\\distributed\\elastic\\metrics\\__init__.py', reloading
 * Detected change in 'C:\\Users\\ayush\\AppData\\Roaming\\Python\\Python312\\site-packages\\torch\\distributed\\elastic\\metrics\\__init__.py', reloading
 * Detected change in 'C:\\Users\\ayush\\AppData\\Roaming\\Python\\Python312\\site-packages\\torch\\distributed\\elastic\\metrics\\api.py', reloading
 * Detected change in 'C:\\Users\\ayush\\AppData\\Roaming\\Python\\Python312\\site-packages\\torch\\distributed\\elastic\\metrics\\api.py', reloading
 * Detected change in 'C:\\Users\\ayush\\AppData\\Roaming\\Python\\Python312\\site-packages\\torch\\distributed\\elastic\\multiprocessing\\api.py', reloading
 * Detected change in 'C:\\Users\\ayush\\AppData\\Roaming\\Python\\Python312\\site-packages\\torch\\distributed\\elastic\\multiprocessing\\redirects.py', reloading
 * Detected change in 'C:\\Users\\ayush\\AppData\\Roaming\\Python\\Python312\\site-packages\\torch\\distributed\\elastic\\multiprocessing\\tail_log.py', reloading
 * Detected change in 'C:\\Users\\ayush\\AppData\\Roaming\\Python\\Python312\\site-packages\\torch\\distributed\\elastic\\multiprocessing\\__init__.py', reloading
 * Detected change in 'C:\\Users\\ayush\\AppData\\Roaming\\Python\\Python312\\site-packages\\torch\\distributed\\elastic\\multiprocessing\\errors\\error_handler.py', reloading
 * Detected change in 'C:\\Users\\ayush\\AppData\\Roaming\\Python\\Python312\\site-packages\\torch\\distributed\\elastic\\multiprocessing\\errors\\handlers.py', reloading
 * Detected change in 'C:\\Users\\ayush\\AppData\\Roaming\\Python\\Python312\\site-packages\\torch\\distributed\\elastic\\multiprocessing\\errors\\__init__.py', reloading
 * Detected change in 'C:\\Users\\ayush\\AppData\\Roaming\\Python\\Python312\\site-packages\\torch\\distributed\\elastic\\multiprocessing\\subprocess_handler\\handlers.py', reloading
 * Detected change in 'C:\\Users\\ayush\\AppData\\Roaming\\Python\\Python312\\site-packages\\torch\\distributed\\elastic\\multiprocessing\\subprocess_handler\\subprocess_handler.py', reloading
 * Detected change in 'C:\\Users\\ayush\\AppData\\Roaming\\Python\\Python312\\site-packages\\torch\\distributed\\elastic\\multiprocessing\\subprocess_handler\\__init__.py', reloading
 * Detected change in 'C:\\Users\\ayush\\AppData\\Roaming\\Python\\Python312\\site-packages\\torch\\distributed\\elastic\\multiprocessing\\__init__.py', reloading
 * Detected change in 'C:\\Users\\ayush\\AppData\\Roaming\\Python\\Python312\\site-packages\\torch\\distributed\\elastic\\multiprocessing\\__init__.py', reloading
 * Detected change in 'C:\\Users\\ayush\\AppData\\Roaming\\Python\\Python312\\site-packages\\torch\\distributed\\elastic\\multiprocessing\\api.py', reloading
 * Detected change in 'C:\\Users\\ayush\\AppData\\Roaming\\Python\\Python312\\site-packages\\torch\\distributed\\elastic\\multiprocessing\\api.py', reloading
 * Detected change in 'C:\\Users\\ayush\\AppData\\Roaming\\Python\\Python312\\site-packages\\torch\\distributed\\elastic\\multiprocessing\\redirects.py', reloading
 * Detected change in 'C:\\Users\\ayush\\AppData\\Roaming\\Python\\Python312\\site-packages\\torch\\distributed\\elastic\\multiprocessing\\redirects.py', reloading
 * Detected change in 'C:\\Users\\ayush\\AppData\\Roaming\\Python\\Python312\\site-packages\\torch\\distributed\\elastic\\multiprocessing\\tail_log.py', reloading
 * Detected change in 'C:\\Users\\ayush\\AppData\\Roaming\\Python\\Python312\\site-packages\\torch\\distributed\\elastic\\multiprocessing\\tail_log.py', reloading
 * Detected change in 'C:\\Users\\ayush\\AppData\\Roaming\\Python\\Python312\\site-packages\\torch\\distributed\\elastic\\multiprocessing\\errors\\error_handler.py', reloading
 * Detected change in 'C:\\Users\\ayush\\AppData\\Roaming\\Python\\Python312\\site-packages\\torch\\distributed\\elastic\\multiprocessing\\errors\\handlers.py', reloading
 * Detected change in 'C:\\Users\\ayush\\AppData\\Roaming\\Python\\Python312\\site-packages\\torch\\distributed\\elastic\\multiprocessing\\errors\\__init__.py', reloading
 * Detected change in 'C:\\Users\\ayush\\AppData\\Roaming\\Python\\Python312\\site-packages\\torch\\distributed\\elastic\\multiprocessing\\errors\\__init__.py', reloading
 * Detected change in 'C:\\Users\\ayush\\AppData\\Roaming\\Python\\Python312\\site-packages\\torch\\distributed\\elastic\\multiprocessing\\errors\\__init__.py', reloading
 * Detected change in 'C:\\Users\\ayush\\AppData\\Roaming\\Python\\Python312\\site-packages\\torch\\distributed\\elastic\\multiprocessing\\errors\\error_handler.py', reloading
 * Detected change in 'C:\\Users\\ayush\\AppData\\Roaming\\Python\\Python312\\site-packages\\torch\\distributed\\elastic\\multiprocessing\\errors\\error_handler.py', reloading
 * Detected change in 'C:\\Users\\ayush\\AppData\\Roaming\\Python\\Python312\\site-packages\\torch\\distributed\\elastic\\multiprocessing\\errors\\handlers.py', reloading
 * Detected change in 'C:\\Users\\ayush\\AppData\\Roaming\\Python\\Python312\\site-packages\\torch\\distributed\\elastic\\multiprocessing\\errors\\handlers.py', reloading
 * Detected change in 'C:\\Users\\ayush\\AppData\\Roaming\\Python\\Python312\\site-packages\\torch\\distributed\\elastic\\multiprocessing\\subprocess_handler\\handlers.py', reloading
 * Detected change in 'C:\\Users\\ayush\\AppData\\Roaming\\Python\\Python312\\site-packages\\torch\\distributed\\elastic\\multiprocessing\\subprocess_handler\\subprocess_handler.py', reloading
 * Detected change in 'C:\\Users\\ayush\\AppData\\Roaming\\Python\\Python312\\site-packages\\torch\\distributed\\elastic\\multiprocessing\\subprocess_handler\\__init__.py', reloading
 * Detected change in 'C:\\Users\\ayush\\AppData\\Roaming\\Python\\Python312\\site-packages\\torch\\distributed\\elastic\\multiprocessing\\subprocess_handler\\__init__.py', reloading
 * Detected change in 'C:\\Users\\ayush\\AppData\\Roaming\\Python\\Python312\\site-packages\\torch\\distributed\\elastic\\multiprocessing\\subprocess_handler\\__init__.py', reloading
 * Detected change in 'C:\\Users\\ayush\\AppData\\Roaming\\Python\\Python312\\site-packages\\torch\\distributed\\elastic\\multiprocessing\\subprocess_handler\\handlers.py', reloading
 * Detected change in 'C:\\Users\\ayush\\AppData\\Roaming\\Python\\Python312\\site-packages\\torch\\distributed\\elastic\\multiprocessing\\subprocess_handler\\handlers.py', reloading
 * Detected change in 'C:\\Users\\ayush\\AppData\\Roaming\\Python\\Python312\\site-packages\\torch\\distributed\\elastic\\multiprocessing\\subprocess_handler\\subprocess_handler.py', reloading
 * Detected change in 'C:\\Users\\ayush\\AppData\\Roaming\\Python\\Python312\\site-packages\\torch\\distributed\\elastic\\multiprocessing\\subprocess_handler\\subprocess_handler.py', reloading
 * Detected change in 'C:\\Users\\ayush\\AppData\\Roaming\\Python\\Python312\\site-packages\\torch\\distributed\\elastic\\rendezvous\\api.py', reloading
 * Detected change in 'C:\\Users\\ayush\\AppData\\Roaming\\Python\\Python312\\site-packages\\torch\\distributed\\elastic\\rendezvous\\c10d_rendezvous_backend.py', reloading
 * Detected change in 'C:\\Users\\ayush\\AppData\\Roaming\\Python\\Python312\\site-packages\\torch\\distributed\\elastic\\rendezvous\\dynamic_rendezvous.py', reloading
 * Detected change in 'C:\\Users\\ayush\\AppData\\Roaming\\Python\\Python312\\site-packages\\torch\\distributed\\elastic\\rendezvous\\etcd_rendezvous.py', reloading
 * Detected change in 'C:\\Users\\ayush\\AppData\\Roaming\\Python\\Python312\\site-packages\\torch\\distributed\\elastic\\rendezvous\\etcd_rendezvous_backend.py', reloading
 * Detected change in 'C:\\Users\\ayush\\AppData\\Roaming\\Python\\Python312\\site-packages\\torch\\distributed\\elastic\\rendezvous\\etcd_server.py', reloading
 * Detected change in 'C:\\Users\\ayush\\AppData\\Roaming\\Python\\Python312\\site-packages\\torch\\distributed\\elastic\\rendezvous\\etcd_store.py', reloading
 * Detected change in 'C:\\Users\\ayush\\AppData\\Roaming\\Python\\Python312\\site-packages\\torch\\distributed\\elastic\\rendezvous\\registry.py', reloading
 * Detected change in 'C:\\Users\\ayush\\AppData\\Roaming\\Python\\Python312\\site-packages\\torch\\distributed\\elastic\\rendezvous\\static_tcp_rendezvous.py', reloading
 * Detected change in 'C:\\Users\\ayush\\AppData\\Roaming\\Python\\Python312\\site-packages\\torch\\distributed\\elastic\\rendezvous\\utils.py', reloading
 * Detected change in 'C:\\Users\\ayush\\AppData\\Roaming\\Python\\Python312\\site-packages\\torch\\distributed\\elastic\\rendezvous\\_etcd_stub.py', reloading
 * Detected change in 'C:\\Users\\ayush\\AppData\\Roaming\\Python\\Python312\\site-packages\\torch\\distributed\\elastic\\rendezvous\\__init__.py', reloading
 * Detected change in 'C:\\Users\\ayush\\AppData\\Roaming\\Python\\Python312\\site-packages\\torch\\distributed\\elastic\\rendezvous\\__init__.py', reloading
 * Detected change in 'C:\\Users\\ayush\\AppData\\Roaming\\Python\\Python312\\site-packages\\torch\\distributed\\elastic\\rendezvous\\__init__.py', reloading
 * Detected change in 'C:\\Users\\ayush\\AppData\\Roaming\\Python\\Python312\\site-packages\\torch\\distributed\\elastic\\rendezvous\\_etcd_stub.py', reloading
 * Detected change in 'C:\\Users\\ayush\\AppData\\Roaming\\Python\\Python312\\site-packages\\torch\\distributed\\elastic\\rendezvous\\_etcd_stub.py', reloading
 * Detected change in 'C:\\Users\\ayush\\AppData\\Roaming\\Python\\Python312\\site-packages\\torch\\distributed\\elastic\\rendezvous\\api.py', reloading
 * Detected change in 'C:\\Users\\ayush\\AppData\\Roaming\\Python\\Python312\\site-packages\\torch\\distributed\\elastic\\rendezvous\\api.py', reloading
 * Detected change in 'C:\\Users\\ayush\\AppData\\Roaming\\Python\\Python312\\site-packages\\torch\\distributed\\elastic\\rendezvous\\c10d_rendezvous_backend.py', reloading
 * Detected change in 'C:\\Users\\ayush\\AppData\\Roaming\\Python\\Python312\\site-packages\\torch\\distributed\\elastic\\rendezvous\\c10d_rendezvous_backend.py', reloading
 * Detected change in 'C:\\Users\\ayush\\AppData\\Roaming\\Python\\Python312\\site-packages\\torch\\distributed\\elastic\\rendezvous\\dynamic_rendezvous.py', reloading
 * Detected change in 'C:\\Users\\ayush\\AppData\\Roaming\\Python\\Python312\\site-packages\\torch\\distributed\\elastic\\rendezvous\\dynamic_rendezvous.py', reloading
 * Detected change in 'C:\\Users\\ayush\\AppData\\Roaming\\Python\\Python312\\site-packages\\torch\\distributed\\elastic\\rendezvous\\etcd_rendezvous.py', reloading
 * Detected change in 'C:\\Users\\ayush\\AppData\\Roaming\\Python\\Python312\\site-packages\\torch\\distributed\\elastic\\rendezvous\\etcd_rendezvous.py', reloading
 * Detected change in 'C:\\Users\\ayush\\AppData\\Roaming\\Python\\Python312\\site-packages\\torch\\distributed\\elastic\\rendezvous\\etcd_rendezvous_backend.py', reloading
 * Detected change in 'C:\\Users\\ayush\\AppData\\Roaming\\Python\\Python312\\site-packages\\torch\\distributed\\elastic\\rendezvous\\etcd_rendezvous_backend.py', reloading
 * Detected change in 'C:\\Users\\ayush\\AppData\\Roaming\\Python\\Python312\\site-packages\\torch\\distributed\\elastic\\rendezvous\\etcd_server.py', reloading
 * Detected change in 'C:\\Users\\ayush\\AppData\\Roaming\\Python\\Python312\\site-packages\\torch\\distributed\\elastic\\rendezvous\\etcd_server.py', reloading
 * Detected change in 'C:\\Users\\ayush\\AppData\\Roaming\\Python\\Python312\\site-packages\\torch\\distributed\\elastic\\rendezvous\\etcd_store.py', reloading
 * Detected change in 'C:\\Users\\ayush\\AppData\\Roaming\\Python\\Python312\\site-packages\\torch\\distributed\\elastic\\rendezvous\\etcd_store.py', reloading
 * Detected change in 'C:\\Users\\ayush\\AppData\\Roaming\\Python\\Python312\\site-packages\\torch\\distributed\\elastic\\rendezvous\\registry.py', reloading
 * Detected change in 'C:\\Users\\ayush\\AppData\\Roaming\\Python\\Python312\\site-packages\\torch\\distributed\\elastic\\rendezvous\\registry.py', reloading
 * Detected change in 'C:\\Users\\ayush\\AppData\\Roaming\\Python\\Python312\\site-packages\\torch\\distributed\\elastic\\rendezvous\\static_tcp_rendezvous.py', reloading
 * Detected change in 'C:\\Users\\ayush\\AppData\\Roaming\\Python\\Python312\\site-packages\\torch\\distributed\\elastic\\rendezvous\\static_tcp_rendezvous.py', reloading
 * Detected change in 'C:\\Users\\ayush\\AppData\\Roaming\\Python\\Python312\\site-packages\\torch\\distributed\\elastic\\rendezvous\\utils.py', reloading
 * Detected change in 'C:\\Users\\ayush\\AppData\\Roaming\\Python\\Python312\\site-packages\\torch\\distributed\\elastic\\rendezvous\\utils.py', reloading
 * Detected change in 'C:\\Users\\ayush\\AppData\\Roaming\\Python\\Python312\\site-packages\\torch\\distributed\\elastic\\timer\\api.py', reloading
 * Detected change in 'C:\\Users\\ayush\\AppData\\Roaming\\Python\\Python312\\site-packages\\torch\\distributed\\elastic\\timer\\debug_info_logging.py', reloading
 * Detected change in 'C:\\Users\\ayush\\AppData\\Roaming\\Python\\Python312\\site-packages\\torch\\distributed\\elastic\\timer\\file_based_local_timer.py', reloading
 * Detected change in 'C:\\Users\\ayush\\AppData\\Roaming\\Python\\Python312\\site-packages\\torch\\distributed\\elastic\\timer\\local_timer.py', reloading
 * Detected change in 'C:\\Users\\ayush\\AppData\\Roaming\\Python\\Python312\\site-packages\\torch\\distributed\\elastic\\timer\\__init__.py', reloading
 * Detected change in 'C:\\Users\\ayush\\AppData\\Roaming\\Python\\Python312\\site-packages\\torch\\distributed\\elastic\\timer\\__init__.py', reloading
 * Detected change in 'C:\\Users\\ayush\\AppData\\Roaming\\Python\\Python312\\site-packages\\torch\\distributed\\elastic\\timer\\__init__.py', reloading
 * Detected change in 'C:\\Users\\ayush\\AppData\\Roaming\\Python\\Python312\\site-packages\\torch\\distributed\\elastic\\timer\\api.py', reloading
 * Detected change in 'C:\\Users\\ayush\\AppData\\Roaming\\Python\\Python312\\site-packages\\torch\\distributed\\elastic\\timer\\api.py', reloading
 * Detected change in 'C:\\Users\\ayush\\AppData\\Roaming\\Python\\Python312\\site-packages\\torch\\distributed\\elastic\\timer\\debug_info_logging.py', reloading
 * Detected change in 'C:\\Users\\ayush\\AppData\\Roaming\\Python\\Python312\\site-packages\\torch\\distributed\\elastic\\timer\\debug_info_logging.py', reloading
 * Detected change in 'C:\\Users\\ayush\\AppData\\Roaming\\Python\\Python312\\site-packages\\torch\\distributed\\elastic\\timer\\file_based_local_timer.py', reloading
 * Detected change in 'C:\\Users\\ayush\\AppData\\Roaming\\Python\\Python312\\site-packages\\torch\\distributed\\elastic\\timer\\file_based_local_timer.py', reloading
 * Detected change in 'C:\\Users\\ayush\\AppData\\Roaming\\Python\\Python312\\site-packages\\torch\\distributed\\elastic\\timer\\local_timer.py', reloading
 * Detected change in 'C:\\Users\\ayush\\AppData\\Roaming\\Python\\Python312\\site-packages\\torch\\distributed\\elastic\\timer\\local_timer.py', reloading
 * Detected change in 'C:\\Users\\ayush\\AppData\\Roaming\\Python\\Python312\\site-packages\\torch\\distributed\\elastic\\utils\\api.py', reloading
 * Detected change in 'C:\\Users\\ayush\\AppData\\Roaming\\Python\\Python312\\site-packages\\torch\\distributed\\elastic\\utils\\distributed.py', reloading
 * Detected change in 'C:\\Users\\ayush\\AppData\\Roaming\\Python\\Python312\\site-packages\\torch\\distributed\\elastic\\utils\\logging.py', reloading
 * Detected change in 'C:\\Users\\ayush\\AppData\\Roaming\\Python\\Python312\\site-packages\\torch\\distributed\\elastic\\utils\\log_level.py', reloading
 * Detected change in 'C:\\Users\\ayush\\AppData\\Roaming\\Python\\Python312\\site-packages\\torch\\distributed\\elastic\\utils\\process_state.py', reloading
 * Detected change in 'C:\\Users\\ayush\\AppData\\Roaming\\Python\\Python312\\site-packages\\torch\\distributed\\elastic\\utils\\store.py', reloading
 * Detected change in 'C:\\Users\\ayush\\AppData\\Roaming\\Python\\Python312\\site-packages\\torch\\distributed\\elastic\\utils\\__init__.py', reloading
 * Detected change in 'C:\\Users\\ayush\\AppData\\Roaming\\Python\\Python312\\site-packages\\torch\\distributed\\elastic\\utils\\data\\cycling_iterator.py', reloading
 * Detected change in 'C:\\Users\\ayush\\AppData\\Roaming\\Python\\Python312\\site-packages\\torch\\distributed\\elastic\\utils\\data\\elastic_distributed_sampler.py', reloading
 * Detected change in 'C:\\Users\\ayush\\AppData\\Roaming\\Python\\Python312\\site-packages\\torch\\distributed\\elastic\\utils\\data\\__init__.py', reloading
 * Detected change in 'C:\\Users\\ayush\\AppData\\Roaming\\Python\\Python312\\site-packages\\torch\\distributed\\elastic\\utils\\__init__.py', reloading
 * Detected change in 'C:\\Users\\ayush\\AppData\\Roaming\\Python\\Python312\\site-packages\\torch\\distributed\\elastic\\utils\\__init__.py', reloading
 * Detected change in 'C:\\Users\\ayush\\AppData\\Roaming\\Python\\Python312\\site-packages\\torch\\distributed\\elastic\\utils\\api.py', reloading
 * Detected change in 'C:\\Users\\ayush\\AppData\\Roaming\\Python\\Python312\\site-packages\\torch\\distributed\\elastic\\utils\\api.py', reloading
 * Detected change in 'C:\\Users\\ayush\\AppData\\Roaming\\Python\\Python312\\site-packages\\torch\\distributed\\elastic\\utils\\distributed.py', reloading
 * Detected change in 'C:\\Users\\ayush\\AppData\\Roaming\\Python\\Python312\\site-packages\\torch\\distributed\\elastic\\utils\\distributed.py', reloading
 * Detected change in 'C:\\Users\\ayush\\AppData\\Roaming\\Python\\Python312\\site-packages\\torch\\distributed\\elastic\\utils\\log_level.py', reloading
 * Detected change in 'C:\\Users\\ayush\\AppData\\Roaming\\Python\\Python312\\site-packages\\torch\\distributed\\elastic\\utils\\log_level.py', reloading
 * Detected change in 'C:\\Users\\ayush\\AppData\\Roaming\\Python\\Python312\\site-packages\\torch\\distributed\\elastic\\utils\\logging.py', reloading
 * Detected change in 'C:\\Users\\ayush\\AppData\\Roaming\\Python\\Python312\\site-packages\\torch\\distributed\\elastic\\utils\\logging.py', reloading
 * Detected change in 'C:\\Users\\ayush\\AppData\\Roaming\\Python\\Python312\\site-packages\\torch\\distributed\\elastic\\utils\\process_state.py', reloading
 * Detected change in 'C:\\Users\\ayush\\AppData\\Roaming\\Python\\Python312\\site-packages\\torch\\distributed\\elastic\\utils\\process_state.py', reloading
 * Detected change in 'C:\\Users\\ayush\\AppData\\Roaming\\Python\\Python312\\site-packages\\torch\\distributed\\elastic\\utils\\store.py', reloading
 * Detected change in 'C:\\Users\\ayush\\AppData\\Roaming\\Python\\Python312\\site-packages\\torch\\distributed\\elastic\\utils\\store.py', reloading
 * Detected change in 'C:\\Users\\ayush\\AppData\\Roaming\\Python\\Python312\\site-packages\\torch\\distributed\\elastic\\utils\\data\\cycling_iterator.py', reloading
 * Detected change in 'C:\\Users\\ayush\\AppData\\Roaming\\Python\\Python312\\site-packages\\torch\\distributed\\elastic\\utils\\data\\elastic_distributed_sampler.py', reloading
 * Detected change in 'C:\\Users\\ayush\\AppData\\Roaming\\Python\\Python312\\site-packages\\torch\\distributed\\elastic\\utils\\data\\__init__.py', reloading
 * Detected change in 'C:\\Users\\ayush\\AppData\\Roaming\\Python\\Python312\\site-packages\\torch\\distributed\\elastic\\utils\\data\\__init__.py', reloading
 * Detected change in 'C:\\Users\\ayush\\AppData\\Roaming\\Python\\Python312\\site-packages\\torch\\distributed\\elastic\\utils\\data\\__init__.py', reloading
 * Detected change in 'C:\\Users\\ayush\\AppData\\Roaming\\Python\\Python312\\site-packages\\torch\\distributed\\elastic\\utils\\data\\cycling_iterator.py', reloading
 * Detected change in 'C:\\Users\\ayush\\AppData\\Roaming\\Python\\Python312\\site-packages\\torch\\distributed\\elastic\\utils\\data\\cycling_iterator.py', reloading
 * Detected change in 'C:\\Users\\ayush\\AppData\\Roaming\\Python\\Python312\\site-packages\\torch\\distributed\\elastic\\utils\\data\\elastic_distributed_sampler.py', reloading
 * Detected change in 'C:\\Users\\ayush\\AppData\\Roaming\\Python\\Python312\\site-packages\\torch\\distributed\\elastic\\utils\\data\\elastic_distributed_sampler.py', reloading
 * Detected change in 'C:\\Users\\ayush\\AppData\\Roaming\\Python\\Python312\\site-packages\\torch\\distributed\\flight_recorder\\fr_trace.py', reloading
 * Detected change in 'C:\\Users\\ayush\\AppData\\Roaming\\Python\\Python312\\site-packages\\torch\\distributed\\flight_recorder\\__init__.py', reloading
 * Detected change in 'C:\\Users\\ayush\\AppData\\Roaming\\Python\\Python312\\site-packages\\torch\\distributed\\flight_recorder\\components\\builder.py', reloading
 * Detected change in 'C:\\Users\\ayush\\AppData\\Roaming\\Python\\Python312\\site-packages\\torch\\distributed\\flight_recorder\\components\\config_manager.py', reloading
 * Detected change in 'C:\\Users\\ayush\\AppData\\Roaming\\Python\\Python312\\site-packages\\torch\\distributed\\flight_recorder\\components\\fr_logger.py', reloading
 * Detected change in 'C:\\Users\\ayush\\AppData\\Roaming\\Python\\Python312\\site-packages\\torch\\distributed\\flight_recorder\\components\\loader.py', reloading
 * Detected change in 'C:\\Users\\ayush\\AppData\\Roaming\\Python\\Python312\\site-packages\\torch\\distributed\\flight_recorder\\components\\types.py', reloading
 * Detected change in 'C:\\Users\\ayush\\AppData\\Roaming\\Python\\Python312\\site-packages\\torch\\distributed\\flight_recorder\\components\\utils.py', reloading
 * Detected change in 'C:\\Users\\ayush\\AppData\\Roaming\\Python\\Python312\\site-packages\\torch\\distributed\\flight_recorder\\components\\__init__.py', reloading
 * Detected change in 'C:\\Users\\ayush\\AppData\\Roaming\\Python\\Python312\\site-packages\\torch\\distributed\\flight_recorder\\__init__.py', reloading
 * Detected change in 'C:\\Users\\ayush\\AppData\\Roaming\\Python\\Python312\\site-packages\\torch\\distributed\\flight_recorder\\fr_trace.py', reloading
 * Detected change in 'C:\\Users\\ayush\\AppData\\Roaming\\Python\\Python312\\site-packages\\torch\\distributed\\flight_recorder\\fr_trace.py', reloading
 * Detected change in 'C:\\Users\\ayush\\AppData\\Roaming\\Python\\Python312\\site-packages\\torch\\distributed\\flight_recorder\\components\\builder.py', reloading
 * Detected change in 'C:\\Users\\ayush\\AppData\\Roaming\\Python\\Python312\\site-packages\\torch\\distributed\\flight_recorder\\components\\config_manager.py', reloading
 * Detected change in 'C:\\Users\\ayush\\AppData\\Roaming\\Python\\Python312\\site-packages\\torch\\distributed\\flight_recorder\\components\\fr_logger.py', reloading
 * Detected change in 'C:\\Users\\ayush\\AppData\\Roaming\\Python\\Python312\\site-packages\\torch\\distributed\\flight_recorder\\components\\loader.py', reloading
 * Detected change in 'C:\\Users\\ayush\\AppData\\Roaming\\Python\\Python312\\site-packages\\torch\\distributed\\flight_recorder\\components\\types.py', reloading
 * Detected change in 'C:\\Users\\ayush\\AppData\\Roaming\\Python\\Python312\\site-packages\\torch\\distributed\\flight_recorder\\components\\utils.py', reloading
 * Detected change in 'C:\\Users\\ayush\\AppData\\Roaming\\Python\\Python312\\site-packages\\torch\\distributed\\flight_recorder\\components\\__init__.py', reloading
 * Detected change in 'C:\\Users\\ayush\\AppData\\Roaming\\Python\\Python312\\site-packages\\torch\\distributed\\flight_recorder\\components\\__init__.py', reloading
 * Detected change in 'C:\\Users\\ayush\\AppData\\Roaming\\Python\\Python312\\site-packages\\torch\\distributed\\flight_recorder\\components\\builder.py', reloading
 * Detected change in 'C:\\Users\\ayush\\AppData\\Roaming\\Python\\Python312\\site-packages\\torch\\distributed\\flight_recorder\\components\\builder.py', reloading
 * Detected change in 'C:\\Users\\ayush\\AppData\\Roaming\\Python\\Python312\\site-packages\\torch\\distributed\\flight_recorder\\components\\config_manager.py', reloading
 * Detected change in 'C:\\Users\\ayush\\AppData\\Roaming\\Python\\Python312\\site-packages\\torch\\distributed\\flight_recorder\\components\\config_manager.py', reloading
 * Detected change in 'C:\\Users\\ayush\\AppData\\Roaming\\Python\\Python312\\site-packages\\torch\\distributed\\flight_recorder\\components\\fr_logger.py', reloading
 * Detected change in 'C:\\Users\\ayush\\AppData\\Roaming\\Python\\Python312\\site-packages\\torch\\distributed\\flight_recorder\\components\\fr_logger.py', reloading
 * Detected change in 'C:\\Users\\ayush\\AppData\\Roaming\\Python\\Python312\\site-packages\\torch\\distributed\\flight_recorder\\components\\loader.py', reloading
 * Detected change in 'C:\\Users\\ayush\\AppData\\Roaming\\Python\\Python312\\site-packages\\torch\\distributed\\flight_recorder\\components\\loader.py', reloading
 * Detected change in 'C:\\Users\\ayush\\AppData\\Roaming\\Python\\Python312\\site-packages\\torch\\distributed\\flight_recorder\\components\\types.py', reloading
 * Detected change in 'C:\\Users\\ayush\\AppData\\Roaming\\Python\\Python312\\site-packages\\torch\\distributed\\flight_recorder\\components\\types.py', reloading
 * Detected change in 'C:\\Users\\ayush\\AppData\\Roaming\\Python\\Python312\\site-packages\\torch\\distributed\\flight_recorder\\components\\utils.py', reloading
 * Detected change in 'C:\\Users\\ayush\\AppData\\Roaming\\Python\\Python312\\site-packages\\torch\\distributed\\flight_recorder\\components\\utils.py', reloading
 * Detected change in 'C:\\Users\\ayush\\AppData\\Roaming\\Python\\Python312\\site-packages\\torch\\distributed\\fsdp\\api.py', reloading
 * Detected change in 'C:\\Users\\ayush\\AppData\\Roaming\\Python\\Python312\\site-packages\\torch\\distributed\\fsdp\\fully_sharded_data_parallel.py', reloading
 * Detected change in 'C:\\Users\\ayush\\AppData\\Roaming\\Python\\Python312\\site-packages\\torch\\distributed\\fsdp\\sharded_grad_scaler.py', reloading
 * Detected change in 'C:\\Users\\ayush\\AppData\\Roaming\\Python\\Python312\\site-packages\\torch\\distributed\\fsdp\\wrap.py', reloading
 * Detected change in 'C:\\Users\\ayush\\AppData\\Roaming\\Python\\Python312\\site-packages\\torch\\distributed\\fsdp\\_common_utils.py', reloading
 * Detected change in 'C:\\Users\\ayush\\AppData\\Roaming\\Python\\Python312\\site-packages\\torch\\distributed\\fsdp\\_debug_utils.py', reloading
 * Detected change in 'C:\\Users\\ayush\\AppData\\Roaming\\Python\\Python312\\site-packages\\torch\\distributed\\fsdp\\_dynamo_utils.py', reloading
 * Detected change in 'C:\\Users\\ayush\\AppData\\Roaming\\Python\\Python312\\site-packages\\torch\\distributed\\fsdp\\_exec_order_utils.py', reloading
 * Detected change in 'C:\\Users\\ayush\\AppData\\Roaming\\Python\\Python312\\site-packages\\torch\\distributed\\fsdp\\_flat_param.py', reloading
 * Detected change in 'C:\\Users\\ayush\\AppData\\Roaming\\Python\\Python312\\site-packages\\torch\\distributed\\fsdp\\_fsdp_extensions.py', reloading
 * Detected change in 'C:\\Users\\ayush\\AppData\\Roaming\\Python\\Python312\\site-packages\\torch\\distributed\\fsdp\\_init_utils.py', reloading
 * Detected change in 'C:\\Users\\ayush\\AppData\\Roaming\\Python\\Python312\\site-packages\\torch\\distributed\\fsdp\\_limiter_utils.py', reloading
 * Detected change in 'C:\\Users\\ayush\\AppData\\Roaming\\Python\\Python312\\site-packages\\torch\\distributed\\fsdp\\_optim_utils.py', reloading
 * Detected change in 'C:\\Users\\ayush\\AppData\\Roaming\\Python\\Python312\\site-packages\\torch\\distributed\\fsdp\\_runtime_utils.py', reloading
 * Detected change in 'C:\\Users\\ayush\\AppData\\Roaming\\Python\\Python312\\site-packages\\torch\\distributed\\fsdp\\_shard_utils.py', reloading
 * Detected change in 'C:\\Users\\ayush\\AppData\\Roaming\\Python\\Python312\\site-packages\\torch\\distributed\\fsdp\\_state_dict_utils.py', reloading
 * Detected change in 'C:\\Users\\ayush\\AppData\\Roaming\\Python\\Python312\\site-packages\\torch\\distributed\\fsdp\\_trace_utils.py', reloading
 * Detected change in 'C:\\Users\\ayush\\AppData\\Roaming\\Python\\Python312\\site-packages\\torch\\distributed\\fsdp\\_traversal_utils.py', reloading
 * Detected change in 'C:\\Users\\ayush\\AppData\\Roaming\\Python\\Python312\\site-packages\\torch\\distributed\\fsdp\\_unshard_param_utils.py', reloading
 * Detected change in 'C:\\Users\\ayush\\AppData\\Roaming\\Python\\Python312\\site-packages\\torch\\distributed\\fsdp\\_wrap_utils.py', reloading
 * Detected change in 'C:\\Users\\ayush\\AppData\\Roaming\\Python\\Python312\\site-packages\\torch\\distributed\\fsdp\\__init__.py', reloading
 * Detected change in 'C:\\Users\\ayush\\AppData\\Roaming\\Python\\Python312\\site-packages\\torch\\distributed\\fsdp\\_fully_shard\\_fsdp_api.py', reloading
 * Detected change in 'C:\\Users\\ayush\\AppData\\Roaming\\Python\\Python312\\site-packages\\torch\\distributed\\fsdp\\_fully_shard\\_fsdp_collectives.py', reloading
 * Detected change in 'C:\\Users\\ayush\\AppData\\Roaming\\Python\\Python312\\site-packages\\torch\\distributed\\fsdp\\_fully_shard\\__init__.py', reloading
 * Detected change in 'C:\\Users\\ayush\\AppData\\Roaming\\Python\\Python312\\site-packages\\torch\\distributed\\fsdp\\__init__.py', reloading
 * Detected change in 'C:\\Users\\ayush\\AppData\\Roaming\\Python\\Python312\\site-packages\\torch\\distributed\\fsdp\\__init__.py', reloading
 * Detected change in 'C:\\Users\\ayush\\AppData\\Roaming\\Python\\Python312\\site-packages\\torch\\distributed\\fsdp\\_common_utils.py', reloading
 * Detected change in 'C:\\Users\\ayush\\AppData\\Roaming\\Python\\Python312\\site-packages\\torch\\distributed\\fsdp\\_common_utils.py', reloading
 * Detected change in 'C:\\Users\\ayush\\AppData\\Roaming\\Python\\Python312\\site-packages\\torch\\distributed\\fsdp\\_debug_utils.py', reloading
 * Detected change in 'C:\\Users\\ayush\\AppData\\Roaming\\Python\\Python312\\site-packages\\torch\\distributed\\fsdp\\_debug_utils.py', reloading
 * Detected change in 'C:\\Users\\ayush\\AppData\\Roaming\\Python\\Python312\\site-packages\\torch\\distributed\\fsdp\\_dynamo_utils.py', reloading
 * Detected change in 'C:\\Users\\ayush\\AppData\\Roaming\\Python\\Python312\\site-packages\\torch\\distributed\\fsdp\\_dynamo_utils.py', reloading
 * Detected change in 'C:\\Users\\ayush\\AppData\\Roaming\\Python\\Python312\\site-packages\\torch\\distributed\\fsdp\\_exec_order_utils.py', reloading
 * Detected change in 'C:\\Users\\ayush\\AppData\\Roaming\\Python\\Python312\\site-packages\\torch\\distributed\\fsdp\\_exec_order_utils.py', reloading
 * Detected change in 'C:\\Users\\ayush\\AppData\\Roaming\\Python\\Python312\\site-packages\\torch\\distributed\\fsdp\\_flat_param.py', reloading
 * Detected change in 'C:\\Users\\ayush\\AppData\\Roaming\\Python\\Python312\\site-packages\\torch\\distributed\\fsdp\\_flat_param.py', reloading
 * Detected change in 'C:\\Users\\ayush\\AppData\\Roaming\\Python\\Python312\\site-packages\\torch\\distributed\\fsdp\\_fsdp_extensions.py', reloading
 * Detected change in 'C:\\Users\\ayush\\AppData\\Roaming\\Python\\Python312\\site-packages\\torch\\distributed\\fsdp\\_fsdp_extensions.py', reloading
 * Detected change in 'C:\\Users\\ayush\\AppData\\Roaming\\Python\\Python312\\site-packages\\torch\\distributed\\fsdp\\_init_utils.py', reloading
 * Detected change in 'C:\\Users\\ayush\\AppData\\Roaming\\Python\\Python312\\site-packages\\torch\\distributed\\fsdp\\_init_utils.py', reloading
 * Detected change in 'C:\\Users\\ayush\\AppData\\Roaming\\Python\\Python312\\site-packages\\torch\\distributed\\fsdp\\_limiter_utils.py', reloading
 * Detected change in 'C:\\Users\\ayush\\AppData\\Roaming\\Python\\Python312\\site-packages\\torch\\distributed\\fsdp\\_limiter_utils.py', reloading
 * Detected change in 'C:\\Users\\ayush\\AppData\\Roaming\\Python\\Python312\\site-packages\\torch\\distributed\\fsdp\\_optim_utils.py', reloading
 * Detected change in 'C:\\Users\\ayush\\AppData\\Roaming\\Python\\Python312\\site-packages\\torch\\distributed\\fsdp\\_optim_utils.py', reloading
 * Detected change in 'C:\\Users\\ayush\\AppData\\Roaming\\Python\\Python312\\site-packages\\torch\\distributed\\fsdp\\_runtime_utils.py', reloading
 * Detected change in 'C:\\Users\\ayush\\AppData\\Roaming\\Python\\Python312\\site-packages\\torch\\distributed\\fsdp\\_runtime_utils.py', reloading
 * Detected change in 'C:\\Users\\ayush\\AppData\\Roaming\\Python\\Python312\\site-packages\\torch\\distributed\\fsdp\\_shard_utils.py', reloading
 * Detected change in 'C:\\Users\\ayush\\AppData\\Roaming\\Python\\Python312\\site-packages\\torch\\distributed\\fsdp\\_shard_utils.py', reloading
 * Detected change in 'C:\\Users\\ayush\\AppData\\Roaming\\Python\\Python312\\site-packages\\torch\\distributed\\fsdp\\_state_dict_utils.py', reloading
 * Detected change in 'C:\\Users\\ayush\\AppData\\Roaming\\Python\\Python312\\site-packages\\torch\\distributed\\fsdp\\_state_dict_utils.py', reloading
 * Detected change in 'C:\\Users\\ayush\\AppData\\Roaming\\Python\\Python312\\site-packages\\torch\\distributed\\fsdp\\_trace_utils.py', reloading
 * Detected change in 'C:\\Users\\ayush\\AppData\\Roaming\\Python\\Python312\\site-packages\\torch\\distributed\\fsdp\\_trace_utils.py', reloading
 * Detected change in 'C:\\Users\\ayush\\AppData\\Roaming\\Python\\Python312\\site-packages\\torch\\distributed\\fsdp\\_traversal_utils.py', reloading
 * Detected change in 'C:\\Users\\ayush\\AppData\\Roaming\\Python\\Python312\\site-packages\\torch\\distributed\\fsdp\\_traversal_utils.py', reloading
 * Detected change in 'C:\\Users\\ayush\\AppData\\Roaming\\Python\\Python312\\site-packages\\torch\\distributed\\fsdp\\_unshard_param_utils.py', reloading
 * Detected change in 'C:\\Users\\ayush\\AppData\\Roaming\\Python\\Python312\\site-packages\\torch\\distributed\\fsdp\\_unshard_param_utils.py', reloading
 * Detected change in 'C:\\Users\\ayush\\AppData\\Roaming\\Python\\Python312\\site-packages\\torch\\distributed\\fsdp\\_wrap_utils.py', reloading
 * Detected change in 'C:\\Users\\ayush\\AppData\\Roaming\\Python\\Python312\\site-packages\\torch\\distributed\\fsdp\\_wrap_utils.py', reloading
 * Detected change in 'C:\\Users\\ayush\\AppData\\Roaming\\Python\\Python312\\site-packages\\torch\\distributed\\fsdp\\api.py', reloading
 * Detected change in 'C:\\Users\\ayush\\AppData\\Roaming\\Python\\Python312\\site-packages\\torch\\distributed\\fsdp\\api.py', reloading
 * Detected change in 'C:\\Users\\ayush\\AppData\\Roaming\\Python\\Python312\\site-packages\\torch\\distributed\\fsdp\\fully_sharded_data_parallel.py', reloading
 * Detected change in 'C:\\Users\\ayush\\AppData\\Roaming\\Python\\Python312\\site-packages\\torch\\distributed\\fsdp\\fully_sharded_data_parallel.py', reloading
 * Detected change in 'C:\\Users\\ayush\\AppData\\Roaming\\Python\\Python312\\site-packages\\torch\\distributed\\fsdp\\sharded_grad_scaler.py', reloading
 * Detected change in 'C:\\Users\\ayush\\AppData\\Roaming\\Python\\Python312\\site-packages\\torch\\distributed\\fsdp\\sharded_grad_scaler.py', reloading
 * Detected change in 'C:\\Users\\ayush\\AppData\\Roaming\\Python\\Python312\\site-packages\\torch\\distributed\\fsdp\\wrap.py', reloading
 * Detected change in 'C:\\Users\\ayush\\AppData\\Roaming\\Python\\Python312\\site-packages\\torch\\distributed\\fsdp\\wrap.py', reloading
 * Detected change in 'C:\\Users\\ayush\\AppData\\Roaming\\Python\\Python312\\site-packages\\torch\\distributed\\fsdp\\_fully_shard\\_fsdp_api.py', reloading
 * Detected change in 'C:\\Users\\ayush\\AppData\\Roaming\\Python\\Python312\\site-packages\\torch\\distributed\\fsdp\\_fully_shard\\_fsdp_collectives.py', reloading
 * Detected change in 'C:\\Users\\ayush\\AppData\\Roaming\\Python\\Python312\\site-packages\\torch\\distributed\\fsdp\\_fully_shard\\_fsdp_common.py', reloading
 * Detected change in 'C:\\Users\\ayush\\AppData\\Roaming\\Python\\Python312\\site-packages\\torch\\distributed\\fsdp\\_fully_shard\\_fsdp_init.py', reloading
 * Detected change in 'C:\\Users\\ayush\\AppData\\Roaming\\Python\\Python312\\site-packages\\torch\\distributed\\fsdp\\_fully_shard\\_fsdp_param.py', reloading
 * Detected change in 'C:\\Users\\ayush\\AppData\\Roaming\\Python\\Python312\\site-packages\\torch\\distributed\\fsdp\\_fully_shard\\_fsdp_param_group.py', reloading
 * Detected change in 'C:\\Users\\ayush\\AppData\\Roaming\\Python\\Python312\\site-packages\\torch\\distributed\\fsdp\\_fully_shard\\_fsdp_state.py', reloading
 * Detected change in 'C:\\Users\\ayush\\AppData\\Roaming\\Python\\Python312\\site-packages\\torch\\distributed\\fsdp\\_fully_shard\\_fully_shard.py', reloading
 * Detected change in 'C:\\Users\\ayush\\AppData\\Roaming\\Python\\Python312\\site-packages\\torch\\distributed\\fsdp\\_fully_shard\\__init__.py', reloading
 * Detected change in 'C:\\Users\\ayush\\AppData\\Roaming\\Python\\Python312\\site-packages\\torch\\distributed\\fsdp\\_fully_shard\\__init__.py', reloading
 * Detected change in 'C:\\Users\\ayush\\AppData\\Roaming\\Python\\Python312\\site-packages\\torch\\distributed\\fsdp\\_fully_shard\\__init__.py', reloading
 * Detected change in 'C:\\Users\\ayush\\AppData\\Roaming\\Python\\Python312\\site-packages\\torch\\distributed\\fsdp\\_fully_shard\\_fsdp_api.py', reloading
 * Detected change in 'C:\\Users\\ayush\\AppData\\Roaming\\Python\\Python312\\site-packages\\torch\\distributed\\fsdp\\_fully_shard\\_fsdp_api.py', reloading
 * Detected change in 'C:\\Users\\ayush\\AppData\\Roaming\\Python\\Python312\\site-packages\\torch\\distributed\\fsdp\\_fully_shard\\_fsdp_collectives.py', reloading
 * Detected change in 'C:\\Users\\ayush\\AppData\\Roaming\\Python\\Python312\\site-packages\\torch\\distributed\\fsdp\\_fully_shard\\_fsdp_collectives.py', reloading
 * Detected change in 'C:\\Users\\ayush\\AppData\\Roaming\\Python\\Python312\\site-packages\\torch\\distributed\\fsdp\\_fully_shard\\_fsdp_common.py', reloading
 * Detected change in 'C:\\Users\\ayush\\AppData\\Roaming\\Python\\Python312\\site-packages\\torch\\distributed\\fsdp\\_fully_shard\\_fsdp_common.py', reloading
 * Detected change in 'C:\\Users\\ayush\\AppData\\Roaming\\Python\\Python312\\site-packages\\torch\\distributed\\fsdp\\_fully_shard\\_fsdp_init.py', reloading
 * Detected change in 'C:\\Users\\ayush\\AppData\\Roaming\\Python\\Python312\\site-packages\\torch\\distributed\\fsdp\\_fully_shard\\_fsdp_init.py', reloading
 * Detected change in 'C:\\Users\\ayush\\AppData\\Roaming\\Python\\Python312\\site-packages\\torch\\distributed\\fsdp\\_fully_shard\\_fsdp_param.py', reloading
 * Detected change in 'C:\\Users\\ayush\\AppData\\Roaming\\Python\\Python312\\site-packages\\torch\\distributed\\fsdp\\_fully_shard\\_fsdp_param.py', reloading
 * Detected change in 'C:\\Users\\ayush\\AppData\\Roaming\\Python\\Python312\\site-packages\\torch\\distributed\\fsdp\\_fully_shard\\_fsdp_param_group.py', reloading
 * Detected change in 'C:\\Users\\ayush\\AppData\\Roaming\\Python\\Python312\\site-packages\\torch\\distributed\\fsdp\\_fully_shard\\_fsdp_param_group.py', reloading
 * Detected change in 'C:\\Users\\ayush\\AppData\\Roaming\\Python\\Python312\\site-packages\\torch\\distributed\\fsdp\\_fully_shard\\_fsdp_state.py', reloading
 * Detected change in 'C:\\Users\\ayush\\AppData\\Roaming\\Python\\Python312\\site-packages\\torch\\distributed\\fsdp\\_fully_shard\\_fsdp_state.py', reloading
 * Detected change in 'C:\\Users\\ayush\\AppData\\Roaming\\Python\\Python312\\site-packages\\torch\\distributed\\fsdp\\_fully_shard\\_fully_shard.py', reloading
 * Detected change in 'C:\\Users\\ayush\\AppData\\Roaming\\Python\\Python312\\site-packages\\torch\\distributed\\fsdp\\_fully_shard\\_fully_shard.py', reloading
 * Detected change in 'C:\\Users\\ayush\\AppData\\Roaming\\Python\\Python312\\site-packages\\torch\\distributed\\launcher\\api.py', reloading
 * Detected change in 'C:\\Users\\ayush\\AppData\\Roaming\\Python\\Python312\\site-packages\\torch\\distributed\\launcher\\__init__.py', reloading
 * Detected change in 'C:\\Users\\ayush\\AppData\\Roaming\\Python\\Python312\\site-packages\\torch\\distributed\\launcher\\__init__.py', reloading
 * Detected change in 'C:\\Users\\ayush\\AppData\\Roaming\\Python\\Python312\\site-packages\\torch\\distributed\\launcher\\__init__.py', reloading
 * Detected change in 'C:\\Users\\ayush\\AppData\\Roaming\\Python\\Python312\\site-packages\\torch\\distributed\\launcher\\api.py', reloading
 * Detected change in 'C:\\Users\\ayush\\AppData\\Roaming\\Python\\Python312\\site-packages\\torch\\distributed\\launcher\\api.py', reloading
 * Detected change in 'C:\\Users\\ayush\\AppData\\Roaming\\Python\\Python312\\site-packages\\torch\\distributed\\nn\\functional.py', reloading
 * Detected change in 'C:\\Users\\ayush\\AppData\\Roaming\\Python\\Python312\\site-packages\\torch\\distributed\\nn\\__init__.py', reloading
 * Detected change in 'C:\\Users\\ayush\\AppData\\Roaming\\Python\\Python312\\site-packages\\torch\\distributed\\nn\\api\\remote_module.py', reloading
 * Detected change in 'C:\\Users\\ayush\\AppData\\Roaming\\Python\\Python312\\site-packages\\torch\\distributed\\nn\\api\\__init__.py', reloading
 * Detected change in 'C:\\Users\\ayush\\AppData\\Roaming\\Python\\Python312\\site-packages\\torch\\distributed\\nn\\jit\\instantiator.py', reloading
 * Detected change in 'C:\\Users\\ayush\\AppData\\Roaming\\Python\\Python312\\site-packages\\torch\\distributed\\nn\\jit\\__init__.py', reloading
 * Detected change in 'C:\\Users\\ayush\\AppData\\Roaming\\Python\\Python312\\site-packages\\torch\\distributed\\nn\\jit\\templates\\remote_module_template.py', reloading
 * Detected change in 'C:\\Users\\ayush\\AppData\\Roaming\\Python\\Python312\\site-packages\\torch\\distributed\\nn\\jit\\templates\\__init__.py', reloading
 * Detected change in 'C:\\Users\\ayush\\AppData\\Roaming\\Python\\Python312\\site-packages\\torch\\distributed\\nn\\__init__.py', reloading
 * Detected change in 'C:\\Users\\ayush\\AppData\\Roaming\\Python\\Python312\\site-packages\\torch\\distributed\\nn\\__init__.py', reloading
 * Detected change in 'C:\\Users\\ayush\\AppData\\Roaming\\Python\\Python312\\site-packages\\torch\\distributed\\nn\\functional.py', reloading
 * Detected change in 'C:\\Users\\ayush\\AppData\\Roaming\\Python\\Python312\\site-packages\\torch\\distributed\\nn\\functional.py', reloading
 * Detected change in 'C:\\Users\\ayush\\AppData\\Roaming\\Python\\Python312\\site-packages\\torch\\distributed\\nn\\api\\remote_module.py', reloading
 * Detected change in 'C:\\Users\\ayush\\AppData\\Roaming\\Python\\Python312\\site-packages\\torch\\distributed\\nn\\api\\__init__.py', reloading
 * Detected change in 'C:\\Users\\ayush\\AppData\\Roaming\\Python\\Python312\\site-packages\\torch\\distributed\\nn\\api\\__init__.py', reloading
 * Detected change in 'C:\\Users\\ayush\\AppData\\Roaming\\Python\\Python312\\site-packages\\torch\\distributed\\nn\\api\\remote_module.py', reloading
 * Detected change in 'C:\\Users\\ayush\\AppData\\Roaming\\Python\\Python312\\site-packages\\torch\\distributed\\nn\\api\\remote_module.py', reloading
 * Detected change in 'C:\\Users\\ayush\\AppData\\Roaming\\Python\\Python312\\site-packages\\torch\\distributed\\nn\\jit\\instantiator.py', reloading
 * Detected change in 'C:\\Users\\ayush\\AppData\\Roaming\\Python\\Python312\\site-packages\\torch\\distributed\\nn\\jit\\__init__.py', reloading
 * Detected change in 'C:\\Users\\ayush\\AppData\\Roaming\\Python\\Python312\\site-packages\\torch\\distributed\\nn\\jit\\templates\\remote_module_template.py', reloading
 * Detected change in 'C:\\Users\\ayush\\AppData\\Roaming\\Python\\Python312\\site-packages\\torch\\distributed\\nn\\jit\\templates\\__init__.py', reloading
 * Detected change in 'C:\\Users\\ayush\\AppData\\Roaming\\Python\\Python312\\site-packages\\torch\\distributed\\nn\\jit\\__init__.py', reloading
 * Detected change in 'C:\\Users\\ayush\\AppData\\Roaming\\Python\\Python312\\site-packages\\torch\\distributed\\nn\\jit\\instantiator.py', reloading
 * Detected change in 'C:\\Users\\ayush\\AppData\\Roaming\\Python\\Python312\\site-packages\\torch\\distributed\\nn\\jit\\instantiator.py', reloading
 * Detected change in 'C:\\Users\\ayush\\AppData\\Roaming\\Python\\Python312\\site-packages\\torch\\distributed\\nn\\jit\\templates\\remote_module_template.py', reloading
 * Detected change in 'C:\\Users\\ayush\\AppData\\Roaming\\Python\\Python312\\site-packages\\torch\\distributed\\nn\\jit\\templates\\__init__.py', reloading
 * Detected change in 'C:\\Users\\ayush\\AppData\\Roaming\\Python\\Python312\\site-packages\\torch\\distributed\\nn\\jit\\templates\\__init__.py', reloading
 * Detected change in 'C:\\Users\\ayush\\AppData\\Roaming\\Python\\Python312\\site-packages\\torch\\distributed\\nn\\jit\\templates\\remote_module_template.py', reloading
 * Detected change in 'C:\\Users\\ayush\\AppData\\Roaming\\Python\\Python312\\site-packages\\torch\\distributed\\nn\\jit\\templates\\remote_module_template.py', reloading
 * Detected change in 'C:\\Users\\ayush\\AppData\\Roaming\\Python\\Python312\\site-packages\\torch\\distributed\\optim\\apply_optimizer_in_backward.py', reloading
 * Detected change in 'C:\\Users\\ayush\\AppData\\Roaming\\Python\\Python312\\site-packages\\torch\\distributed\\optim\\functional_adadelta.py', reloading
 * Detected change in 'C:\\Users\\ayush\\AppData\\Roaming\\Python\\Python312\\site-packages\\torch\\distributed\\optim\\functional_adagrad.py', reloading
 * Detected change in 'C:\\Users\\ayush\\AppData\\Roaming\\Python\\Python312\\site-packages\\torch\\distributed\\optim\\functional_adam.py', reloading
 * Detected change in 'C:\\Users\\ayush\\AppData\\Roaming\\Python\\Python312\\site-packages\\torch\\distributed\\optim\\functional_adamax.py', reloading
 * Detected change in 'C:\\Users\\ayush\\AppData\\Roaming\\Python\\Python312\\site-packages\\torch\\distributed\\optim\\functional_adamw.py', reloading
 * Detected change in 'C:\\Users\\ayush\\AppData\\Roaming\\Python\\Python312\\site-packages\\torch\\distributed\\optim\\functional_rmsprop.py', reloading
 * Detected change in 'C:\\Users\\ayush\\AppData\\Roaming\\Python\\Python312\\site-packages\\torch\\distributed\\optim\\functional_rprop.py', reloading
 * Detected change in 'C:\\Users\\ayush\\AppData\\Roaming\\Python\\Python312\\site-packages\\torch\\distributed\\optim\\functional_sgd.py', reloading
 * Detected change in 'C:\\Users\\ayush\\AppData\\Roaming\\Python\\Python312\\site-packages\\torch\\distributed\\optim\\named_optimizer.py', reloading
 * Detected change in 'C:\\Users\\ayush\\AppData\\Roaming\\Python\\Python312\\site-packages\\torch\\distributed\\optim\\optimizer.py', reloading
 * Detected change in 'C:\\Users\\ayush\\AppData\\Roaming\\Python\\Python312\\site-packages\\torch\\distributed\\optim\\post_localSGD_optimizer.py', reloading
 * Detected change in 'C:\\Users\\ayush\\AppData\\Roaming\\Python\\Python312\\site-packages\\torch\\distributed\\optim\\utils.py', reloading
 * Detected change in 'C:\\Users\\ayush\\AppData\\Roaming\\Python\\Python312\\site-packages\\torch\\distributed\\optim\\zero_redundancy_optimizer.py', reloading
 * Detected change in 'C:\\Users\\ayush\\AppData\\Roaming\\Python\\Python312\\site-packages\\torch\\distributed\\optim\\_deprecation_warning.py', reloading
 * Detected change in 'C:\\Users\\ayush\\AppData\\Roaming\\Python\\Python312\\site-packages\\torch\\distributed\\optim\\__init__.py', reloading
 * Detected change in 'C:\\Users\\ayush\\AppData\\Roaming\\Python\\Python312\\site-packages\\torch\\distributed\\optim\\__init__.py', reloading
 * Detected change in 'C:\\Users\\ayush\\AppData\\Roaming\\Python\\Python312\\site-packages\\torch\\distributed\\optim\\__init__.py', reloading
 * Detected change in 'C:\\Users\\ayush\\AppData\\Roaming\\Python\\Python312\\site-packages\\torch\\distributed\\optim\\_deprecation_warning.py', reloading
 * Detected change in 'C:\\Users\\ayush\\AppData\\Roaming\\Python\\Python312\\site-packages\\torch\\distributed\\optim\\_deprecation_warning.py', reloading
 * Detected change in 'C:\\Users\\ayush\\AppData\\Roaming\\Python\\Python312\\site-packages\\torch\\distributed\\optim\\apply_optimizer_in_backward.py', reloading
 * Detected change in 'C:\\Users\\ayush\\AppData\\Roaming\\Python\\Python312\\site-packages\\torch\\distributed\\optim\\apply_optimizer_in_backward.py', reloading
 * Detected change in 'C:\\Users\\ayush\\AppData\\Roaming\\Python\\Python312\\site-packages\\torch\\distributed\\optim\\functional_adadelta.py', reloading
 * Detected change in 'C:\\Users\\ayush\\AppData\\Roaming\\Python\\Python312\\site-packages\\torch\\distributed\\optim\\functional_adadelta.py', reloading
 * Detected change in 'C:\\Users\\ayush\\AppData\\Roaming\\Python\\Python312\\site-packages\\torch\\distributed\\optim\\functional_adagrad.py', reloading
 * Detected change in 'C:\\Users\\ayush\\AppData\\Roaming\\Python\\Python312\\site-packages\\torch\\distributed\\optim\\functional_adagrad.py', reloading
 * Detected change in 'C:\\Users\\ayush\\AppData\\Roaming\\Python\\Python312\\site-packages\\torch\\distributed\\optim\\functional_adam.py', reloading
 * Detected change in 'C:\\Users\\ayush\\AppData\\Roaming\\Python\\Python312\\site-packages\\torch\\distributed\\optim\\functional_adam.py', reloading
 * Detected change in 'C:\\Users\\ayush\\AppData\\Roaming\\Python\\Python312\\site-packages\\torch\\distributed\\optim\\functional_adamax.py', reloading
 * Detected change in 'C:\\Users\\ayush\\AppData\\Roaming\\Python\\Python312\\site-packages\\torch\\distributed\\optim\\functional_adamax.py', reloading
 * Detected change in 'C:\\Users\\ayush\\AppData\\Roaming\\Python\\Python312\\site-packages\\torch\\distributed\\optim\\functional_adamw.py', reloading
 * Detected change in 'C:\\Users\\ayush\\AppData\\Roaming\\Python\\Python312\\site-packages\\torch\\distributed\\optim\\functional_adamw.py', reloading
 * Detected change in 'C:\\Users\\ayush\\AppData\\Roaming\\Python\\Python312\\site-packages\\torch\\distributed\\optim\\functional_rmsprop.py', reloading
 * Detected change in 'C:\\Users\\ayush\\AppData\\Roaming\\Python\\Python312\\site-packages\\torch\\distributed\\optim\\functional_rmsprop.py', reloading
 * Detected change in 'C:\\Users\\ayush\\AppData\\Roaming\\Python\\Python312\\site-packages\\torch\\distributed\\optim\\functional_rprop.py', reloading
 * Detected change in 'C:\\Users\\ayush\\AppData\\Roaming\\Python\\Python312\\site-packages\\torch\\distributed\\optim\\functional_rprop.py', reloading
 * Detected change in 'C:\\Users\\ayush\\AppData\\Roaming\\Python\\Python312\\site-packages\\torch\\distributed\\optim\\functional_sgd.py', reloading
 * Detected change in 'C:\\Users\\ayush\\AppData\\Roaming\\Python\\Python312\\site-packages\\torch\\distributed\\optim\\functional_sgd.py', reloading
 * Detected change in 'C:\\Users\\ayush\\AppData\\Roaming\\Python\\Python312\\site-packages\\torch\\distributed\\optim\\named_optimizer.py', reloading
 * Detected change in 'C:\\Users\\ayush\\AppData\\Roaming\\Python\\Python312\\site-packages\\torch\\distributed\\optim\\named_optimizer.py', reloading
 * Detected change in 'C:\\Users\\ayush\\AppData\\Roaming\\Python\\Python312\\site-packages\\torch\\distributed\\optim\\optimizer.py', reloading
 * Detected change in 'C:\\Users\\ayush\\AppData\\Roaming\\Python\\Python312\\site-packages\\torch\\distributed\\optim\\optimizer.py', reloading
 * Detected change in 'C:\\Users\\ayush\\AppData\\Roaming\\Python\\Python312\\site-packages\\torch\\distributed\\optim\\post_localSGD_optimizer.py', reloading
 * Detected change in 'C:\\Users\\ayush\\AppData\\Roaming\\Python\\Python312\\site-packages\\torch\\distributed\\optim\\post_localSGD_optimizer.py', reloading
 * Detected change in 'C:\\Users\\ayush\\AppData\\Roaming\\Python\\Python312\\site-packages\\torch\\distributed\\optim\\utils.py', reloading
 * Detected change in 'C:\\Users\\ayush\\AppData\\Roaming\\Python\\Python312\\site-packages\\torch\\distributed\\optim\\utils.py', reloading
 * Detected change in 'C:\\Users\\ayush\\AppData\\Roaming\\Python\\Python312\\site-packages\\torch\\distributed\\optim\\zero_redundancy_optimizer.py', reloading
 * Detected change in 'C:\\Users\\ayush\\AppData\\Roaming\\Python\\Python312\\site-packages\\torch\\distributed\\optim\\zero_redundancy_optimizer.py', reloading
 * Detected change in 'C:\\Users\\ayush\\AppData\\Roaming\\Python\\Python312\\site-packages\\torch\\distributed\\pipelining\\microbatch.py', reloading
 * Detected change in 'C:\\Users\\ayush\\AppData\\Roaming\\Python\\Python312\\site-packages\\torch\\distributed\\pipelining\\schedules.py', reloading
 * Detected change in 'C:\\Users\\ayush\\AppData\\Roaming\\Python\\Python312\\site-packages\\torch\\distributed\\pipelining\\stage.py', reloading
 * Detected change in 'C:\\Users\\ayush\\AppData\\Roaming\\Python\\Python312\\site-packages\\torch\\distributed\\pipelining\\_backward.py', reloading
 * Detected change in 'C:\\Users\\ayush\\AppData\\Roaming\\Python\\Python312\\site-packages\\torch\\distributed\\pipelining\\_debug.py', reloading
 * Detected change in 'C:\\Users\\ayush\\AppData\\Roaming\\Python\\Python312\\site-packages\\torch\\distributed\\pipelining\\_IR.py', reloading
 * Detected change in 'C:\\Users\\ayush\\AppData\\Roaming\\Python\\Python312\\site-packages\\torch\\distributed\\pipelining\\_schedule_visualizer.py', reloading
 * Detected change in 'C:\\Users\\ayush\\AppData\\Roaming\\Python\\Python312\\site-packages\\torch\\distributed\\pipelining\\_unflatten.py', reloading
 * Detected change in 'C:\\Users\\ayush\\AppData\\Roaming\\Python\\Python312\\site-packages\\torch\\distributed\\pipelining\\_utils.py', reloading
 * Detected change in 'C:\\Users\\ayush\\AppData\\Roaming\\Python\\Python312\\site-packages\\torch\\distributed\\pipelining\\__init__.py', reloading
 * Detected change in 'C:\\Users\\ayush\\AppData\\Roaming\\Python\\Python312\\site-packages\\torch\\distributed\\pipelining\\_IR.py', reloading
 * Detected change in 'C:\\Users\\ayush\\AppData\\Roaming\\Python\\Python312\\site-packages\\torch\\distributed\\pipelining\\_IR.py', reloading
 * Detected change in 'C:\\Users\\ayush\\AppData\\Roaming\\Python\\Python312\\site-packages\\torch\\distributed\\pipelining\\__init__.py', reloading
 * Detected change in 'C:\\Users\\ayush\\AppData\\Roaming\\Python\\Python312\\site-packages\\torch\\distributed\\pipelining\\__init__.py', reloading
 * Detected change in 'C:\\Users\\ayush\\AppData\\Roaming\\Python\\Python312\\site-packages\\torch\\distributed\\pipelining\\_backward.py', reloading
 * Detected change in 'C:\\Users\\ayush\\AppData\\Roaming\\Python\\Python312\\site-packages\\torch\\distributed\\pipelining\\_backward.py', reloading
 * Detected change in 'C:\\Users\\ayush\\AppData\\Roaming\\Python\\Python312\\site-packages\\torch\\distributed\\pipelining\\_debug.py', reloading
 * Detected change in 'C:\\Users\\ayush\\AppData\\Roaming\\Python\\Python312\\site-packages\\torch\\distributed\\pipelining\\_debug.py', reloading
 * Detected change in 'C:\\Users\\ayush\\AppData\\Roaming\\Python\\Python312\\site-packages\\torch\\distributed\\pipelining\\_schedule_visualizer.py', reloading
 * Detected change in 'C:\\Users\\ayush\\AppData\\Roaming\\Python\\Python312\\site-packages\\torch\\distributed\\pipelining\\_schedule_visualizer.py', reloading
 * Detected change in 'C:\\Users\\ayush\\AppData\\Roaming\\Python\\Python312\\site-packages\\torch\\distributed\\pipelining\\_unflatten.py', reloading
 * Detected change in 'C:\\Users\\ayush\\AppData\\Roaming\\Python\\Python312\\site-packages\\torch\\distributed\\pipelining\\_unflatten.py', reloading
 * Detected change in 'C:\\Users\\ayush\\AppData\\Roaming\\Python\\Python312\\site-packages\\torch\\distributed\\pipelining\\_utils.py', reloading
 * Detected change in 'C:\\Users\\ayush\\AppData\\Roaming\\Python\\Python312\\site-packages\\torch\\distributed\\pipelining\\_utils.py', reloading
 * Detected change in 'C:\\Users\\ayush\\AppData\\Roaming\\Python\\Python312\\site-packages\\torch\\distributed\\pipelining\\microbatch.py', reloading
 * Detected change in 'C:\\Users\\ayush\\AppData\\Roaming\\Python\\Python312\\site-packages\\torch\\distributed\\pipelining\\microbatch.py', reloading
 * Detected change in 'C:\\Users\\ayush\\AppData\\Roaming\\Python\\Python312\\site-packages\\torch\\distributed\\pipelining\\schedules.py', reloading
 * Detected change in 'C:\\Users\\ayush\\AppData\\Roaming\\Python\\Python312\\site-packages\\torch\\distributed\\pipelining\\schedules.py', reloading
 * Detected change in 'C:\\Users\\ayush\\AppData\\Roaming\\Python\\Python312\\site-packages\\torch\\distributed\\pipelining\\stage.py', reloading
 * Detected change in 'C:\\Users\\ayush\\AppData\\Roaming\\Python\\Python312\\site-packages\\torch\\distributed\\pipelining\\stage.py', reloading
 * Detected change in 'C:\\Users\\ayush\\AppData\\Roaming\\Python\\Python312\\site-packages\\torch\\distributed\\rpc\\api.py', reloading
 * Detected change in 'C:\\Users\\ayush\\AppData\\Roaming\\Python\\Python312\\site-packages\\torch\\distributed\\rpc\\backend_registry.py', reloading
 * Detected change in 'C:\\Users\\ayush\\AppData\\Roaming\\Python\\Python312\\site-packages\\torch\\distributed\\rpc\\constants.py', reloading
 * Detected change in 'C:\\Users\\ayush\\AppData\\Roaming\\Python\\Python312\\site-packages\\torch\\distributed\\rpc\\functions.py', reloading
 * Detected change in 'C:\\Users\\ayush\\AppData\\Roaming\\Python\\Python312\\site-packages\\torch\\distributed\\rpc\\internal.py', reloading
 * Detected change in 'C:\\Users\\ayush\\AppData\\Roaming\\Python\\Python312\\site-packages\\torch\\distributed\\rpc\\options.py', reloading
 * Detected change in 'C:\\Users\\ayush\\AppData\\Roaming\\Python\\Python312\\site-packages\\torch\\distributed\\rpc\\rref_proxy.py', reloading
 * Detected change in 'C:\\Users\\ayush\\AppData\\Roaming\\Python\\Python312\\site-packages\\torch\\distributed\\rpc\\server_process_global_profiler.py', reloading
 * Detected change in 'C:\\Users\\ayush\\AppData\\Roaming\\Python\\Python312\\site-packages\\torch\\distributed\\rpc\\_utils.py', reloading
 * Detected change in 'C:\\Users\\ayush\\AppData\\Roaming\\Python\\Python312\\site-packages\\torch\\distributed\\rpc\\__init__.py', reloading
 * Detected change in 'C:\\Users\\ayush\\AppData\\Roaming\\Python\\Python312\\site-packages\\torch\\distributed\\rpc\\_testing\\faulty_agent_backend_registry.py', reloading
 * Detected change in 'C:\\Users\\ayush\\AppData\\Roaming\\Python\\Python312\\site-packages\\torch\\distributed\\rpc\\_testing\\__init__.py', reloading
 * Detected change in 'C:\\Users\\ayush\\AppData\\Roaming\\Python\\Python312\\site-packages\\torch\\distributed\\rpc\\__init__.py', reloading
 * Detected change in 'C:\\Users\\ayush\\AppData\\Roaming\\Python\\Python312\\site-packages\\torch\\distributed\\rpc\\__init__.py', reloading
 * Detected change in 'C:\\Users\\ayush\\AppData\\Roaming\\Python\\Python312\\site-packages\\torch\\distributed\\rpc\\_utils.py', reloading
 * Detected change in 'C:\\Users\\ayush\\AppData\\Roaming\\Python\\Python312\\site-packages\\torch\\distributed\\rpc\\_utils.py', reloading
 * Detected change in 'C:\\Users\\ayush\\AppData\\Roaming\\Python\\Python312\\site-packages\\torch\\distributed\\rpc\\api.py', reloading
 * Detected change in 'C:\\Users\\ayush\\AppData\\Roaming\\Python\\Python312\\site-packages\\torch\\distributed\\rpc\\api.py', reloading
 * Detected change in 'C:\\Users\\ayush\\AppData\\Roaming\\Python\\Python312\\site-packages\\torch\\distributed\\rpc\\backend_registry.py', reloading
 * Detected change in 'C:\\Users\\ayush\\AppData\\Roaming\\Python\\Python312\\site-packages\\torch\\distributed\\rpc\\backend_registry.py', reloading
 * Detected change in 'C:\\Users\\ayush\\AppData\\Roaming\\Python\\Python312\\site-packages\\torch\\distributed\\rpc\\constants.py', reloading
 * Detected change in 'C:\\Users\\ayush\\AppData\\Roaming\\Python\\Python312\\site-packages\\torch\\distributed\\rpc\\constants.py', reloading
 * Detected change in 'C:\\Users\\ayush\\AppData\\Roaming\\Python\\Python312\\site-packages\\torch\\distributed\\rpc\\functions.py', reloading
 * Detected change in 'C:\\Users\\ayush\\AppData\\Roaming\\Python\\Python312\\site-packages\\torch\\distributed\\rpc\\functions.py', reloading
 * Detected change in 'C:\\Users\\ayush\\AppData\\Roaming\\Python\\Python312\\site-packages\\torch\\distributed\\rpc\\internal.py', reloading
 * Detected change in 'C:\\Users\\ayush\\AppData\\Roaming\\Python\\Python312\\site-packages\\torch\\distributed\\rpc\\internal.py', reloading
 * Detected change in 'C:\\Users\\ayush\\AppData\\Roaming\\Python\\Python312\\site-packages\\torch\\distributed\\rpc\\options.py', reloading
 * Detected change in 'C:\\Users\\ayush\\AppData\\Roaming\\Python\\Python312\\site-packages\\torch\\distributed\\rpc\\options.py', reloading
 * Detected change in 'C:\\Users\\ayush\\AppData\\Roaming\\Python\\Python312\\site-packages\\torch\\distributed\\rpc\\rref_proxy.py', reloading
 * Detected change in 'C:\\Users\\ayush\\AppData\\Roaming\\Python\\Python312\\site-packages\\torch\\distributed\\rpc\\rref_proxy.py', reloading
 * Detected change in 'C:\\Users\\ayush\\AppData\\Roaming\\Python\\Python312\\site-packages\\torch\\distributed\\rpc\\server_process_global_profiler.py', reloading
 * Detected change in 'C:\\Users\\ayush\\AppData\\Roaming\\Python\\Python312\\site-packages\\torch\\distributed\\rpc\\server_process_global_profiler.py', reloading
 * Detected change in 'C:\\Users\\ayush\\AppData\\Roaming\\Python\\Python312\\site-packages\\torch\\distributed\\rpc\\_testing\\faulty_agent_backend_registry.py', reloading
 * Detected change in 'C:\\Users\\ayush\\AppData\\Roaming\\Python\\Python312\\site-packages\\torch\\distributed\\rpc\\_testing\\__init__.py', reloading
 * Detected change in 'C:\\Users\\ayush\\AppData\\Roaming\\Python\\Python312\\site-packages\\torch\\distributed\\rpc\\_testing\\__init__.py', reloading
 * Detected change in 'C:\\Users\\ayush\\AppData\\Roaming\\Python\\Python312\\site-packages\\torch\\distributed\\rpc\\_testing\\__init__.py', reloading
 * Detected change in 'C:\\Users\\ayush\\AppData\\Roaming\\Python\\Python312\\site-packages\\torch\\distributed\\rpc\\_testing\\faulty_agent_backend_registry.py', reloading
 * Detected change in 'C:\\Users\\ayush\\AppData\\Roaming\\Python\\Python312\\site-packages\\torch\\distributed\\rpc\\_testing\\faulty_agent_backend_registry.py', reloading
 * Detected change in 'C:\\Users\\ayush\\AppData\\Roaming\\Python\\Python312\\site-packages\\torch\\distributed\\tensor\\device_mesh.py', reloading
 * Detected change in 'C:\\Users\\ayush\\AppData\\Roaming\\Python\\Python312\\site-packages\\torch\\distributed\\tensor\\placement_types.py', reloading
 * Detected change in 'C:\\Users\\ayush\\AppData\\Roaming\\Python\\Python312\\site-packages\\torch\\distributed\\tensor\\_api.py', reloading
 * Detected change in 'C:\\Users\\ayush\\AppData\\Roaming\\Python\\Python312\\site-packages\\torch\\distributed\\tensor\\_collective_utils.py', reloading
 * Detected change in 'C:\\Users\\ayush\\AppData\\Roaming\\Python\\Python312\\site-packages\\torch\\distributed\\tensor\\_decompositions.py', reloading
 * Detected change in 'C:\\Users\\ayush\\AppData\\Roaming\\Python\\Python312\\site-packages\\torch\\distributed\\tensor\\_dispatch.py', reloading
 * Detected change in 'C:\\Users\\ayush\\AppData\\Roaming\\Python\\Python312\\site-packages\\torch\\distributed\\tensor\\_dtensor_spec.py', reloading
 * Detected change in 'C:\\Users\\ayush\\AppData\\Roaming\\Python\\Python312\\site-packages\\torch\\distributed\\tensor\\_nonlinear_redux.py', reloading
 * Detected change in 'C:\\Users\\ayush\\AppData\\Roaming\\Python\\Python312\\site-packages\\torch\\distributed\\tensor\\_op_schema.py', reloading
 * Detected change in 'C:\\Users\\ayush\\AppData\\Roaming\\Python\\Python312\\site-packages\\torch\\distributed\\tensor\\_random.py', reloading
 * Detected change in 'C:\\Users\\ayush\\AppData\\Roaming\\Python\\Python312\\site-packages\\torch\\distributed\\tensor\\_redistribute.py', reloading
 * Detected change in 'C:\\Users\\ayush\\AppData\\Roaming\\Python\\Python312\\site-packages\\torch\\distributed\\tensor\\_sharding_prop.py', reloading
 * Detected change in 'C:\\Users\\ayush\\AppData\\Roaming\\Python\\Python312\\site-packages\\torch\\distributed\\tensor\\_shards_wrapper.py', reloading
 * Detected change in 'C:\\Users\\ayush\\AppData\\Roaming\\Python\\Python312\\site-packages\\torch\\distributed\\tensor\\_tp_conv.py', reloading
 * Detected change in 'C:\\Users\\ayush\\AppData\\Roaming\\Python\\Python312\\site-packages\\torch\\distributed\\tensor\\_utils.py', reloading
 * Detected change in 'C:\\Users\\ayush\\AppData\\Roaming\\Python\\Python312\\site-packages\\torch\\distributed\\tensor\\__init__.py', reloading
 * Detected change in 'C:\\Users\\ayush\\AppData\\Roaming\\Python\\Python312\\site-packages\\torch\\distributed\\tensor\\debug\\_comm_mode.py', reloading
 * Detected change in 'C:\\Users\\ayush\\AppData\\Roaming\\Python\\Python312\\site-packages\\torch\\distributed\\tensor\\debug\\_op_coverage.py', reloading
 * Detected change in 'C:\\Users\\ayush\\AppData\\Roaming\\Python\\Python312\\site-packages\\torch\\distributed\\tensor\\debug\\_visualize_sharding.py', reloading
 * Detected change in 'C:\\Users\\ayush\\AppData\\Roaming\\Python\\Python312\\site-packages\\torch\\distributed\\tensor\\debug\\__init__.py', reloading
 * Detected change in 'C:\\Users\\ayush\\AppData\\Roaming\\Python\\Python312\\site-packages\\torch\\distributed\\tensor\\experimental\\_attention.py', reloading
 * Detected change in 'C:\\Users\\ayush\\AppData\\Roaming\\Python\\Python312\\site-packages\\torch\\distributed\\tensor\\experimental\\_func_map.py', reloading
 * Detected change in 'C:\\Users\\ayush\\AppData\\Roaming\\Python\\Python312\\site-packages\\torch\\distributed\\tensor\\experimental\\_register_sharding.py', reloading
 * Detected change in 'C:\\Users\\ayush\\AppData\\Roaming\\Python\\Python312\\site-packages\\torch\\distributed\\tensor\\experimental\\_tp_transform.py', reloading
 * Detected change in 'C:\\Users\\ayush\\AppData\\Roaming\\Python\\Python312\\site-packages\\torch\\distributed\\tensor\\experimental\\__init__.py', reloading
 * Detected change in 'C:\\Users\\ayush\\AppData\\Roaming\\Python\\Python312\\site-packages\\torch\\distributed\\tensor\\_ops\\autogen.py', reloading
 * Detected change in 'C:\\Users\\ayush\\AppData\\Roaming\\Python\\Python312\\site-packages\\torch\\distributed\\tensor\\_ops\\single_dim_strategy.py', reloading
 * Detected change in 'C:\\Users\\ayush\\AppData\\Roaming\\Python\\Python312\\site-packages\\torch\\distributed\\tensor\\_ops\\strategy_validation.py', reloading
 * Detected change in 'C:\\Users\\ayush\\AppData\\Roaming\\Python\\Python312\\site-packages\\torch\\distributed\\tensor\\_ops\\utils.py', reloading
 * Detected change in 'C:\\Users\\ayush\\AppData\\Roaming\\Python\\Python312\\site-packages\\torch\\distributed\\tensor\\_ops\\_common_rules.py', reloading
 * Detected change in 'C:\\Users\\ayush\\AppData\\Roaming\\Python\\Python312\\site-packages\\torch\\distributed\\tensor\\_ops\\_conv_ops.py', reloading
 * Detected change in 'C:\\Users\\ayush\\AppData\\Roaming\\Python\\Python312\\site-packages\\torch\\distributed\\tensor\\_ops\\_einsum_strategy.py', reloading
 * Detected change in 'C:\\Users\\ayush\\AppData\\Roaming\\Python\\Python312\\site-packages\\torch\\distributed\\tensor\\_ops\\_embedding_ops.py', reloading
 * Detected change in 'C:\\Users\\ayush\\AppData\\Roaming\\Python\\Python312\\site-packages\\torch\\distributed\\tensor\\_ops\\_mask_buffer.py', reloading
 * Detected change in 'C:\\Users\\ayush\\AppData\\Roaming\\Python\\Python312\\site-packages\\torch\\distributed\\tensor\\_ops\\_math_ops.py', reloading
 * Detected change in 'C:\\Users\\ayush\\AppData\\Roaming\\Python\\Python312\\site-packages\\torch\\distributed\\tensor\\_ops\\_matrix_ops.py', reloading
 * Detected change in 'C:\\Users\\ayush\\AppData\\Roaming\\Python\\Python312\\site-packages\\torch\\distributed\\tensor\\_ops\\_pointwise_ops.py', reloading
 * Detected change in 'C:\\Users\\ayush\\AppData\\Roaming\\Python\\Python312\\site-packages\\torch\\distributed\\tensor\\_ops\\_random_ops.py', reloading
 * Detected change in 'C:\\Users\\ayush\\AppData\\Roaming\\Python\\Python312\\site-packages\\torch\\distributed\\tensor\\_ops\\_tensor_ops.py', reloading
 * Detected change in 'C:\\Users\\ayush\\AppData\\Roaming\\Python\\Python312\\site-packages\\torch\\distributed\\tensor\\_ops\\_view_ops.py', reloading
 * Detected change in 'C:\\Users\\ayush\\AppData\\Roaming\\Python\\Python312\\site-packages\\torch\\distributed\\tensor\\_ops\\__init__.py', reloading
 * Detected change in 'C:\\Users\\ayush\\AppData\\Roaming\\Python\\Python312\\site-packages\\torch\\distributed\\tensor\\__init__.py', reloading
 * Detected change in 'C:\\Users\\ayush\\AppData\\Roaming\\Python\\Python312\\site-packages\\torch\\distributed\\tensor\\__init__.py', reloading
 * Detected change in 'C:\\Users\\ayush\\AppData\\Roaming\\Python\\Python312\\site-packages\\torch\\distributed\\tensor\\_api.py', reloading
 * Detected change in 'C:\\Users\\ayush\\AppData\\Roaming\\Python\\Python312\\site-packages\\torch\\distributed\\tensor\\_api.py', reloading
 * Detected change in 'C:\\Users\\ayush\\AppData\\Roaming\\Python\\Python312\\site-packages\\torch\\distributed\\tensor\\_collective_utils.py', reloading
 * Detected change in 'C:\\Users\\ayush\\AppData\\Roaming\\Python\\Python312\\site-packages\\torch\\distributed\\tensor\\_collective_utils.py', reloading
 * Detected change in 'C:\\Users\\ayush\\AppData\\Roaming\\Python\\Python312\\site-packages\\torch\\distributed\\tensor\\_decompositions.py', reloading
 * Detected change in 'C:\\Users\\ayush\\AppData\\Roaming\\Python\\Python312\\site-packages\\torch\\distributed\\tensor\\_decompositions.py', reloading
 * Detected change in 'C:\\Users\\ayush\\AppData\\Roaming\\Python\\Python312\\site-packages\\torch\\distributed\\tensor\\_dispatch.py', reloading
 * Detected change in 'C:\\Users\\ayush\\AppData\\Roaming\\Python\\Python312\\site-packages\\torch\\distributed\\tensor\\_dispatch.py', reloading
 * Detected change in 'C:\\Users\\ayush\\AppData\\Roaming\\Python\\Python312\\site-packages\\torch\\distributed\\tensor\\_dtensor_spec.py', reloading
 * Detected change in 'C:\\Users\\ayush\\AppData\\Roaming\\Python\\Python312\\site-packages\\torch\\distributed\\tensor\\_dtensor_spec.py', reloading
 * Detected change in 'C:\\Users\\ayush\\AppData\\Roaming\\Python\\Python312\\site-packages\\torch\\distributed\\tensor\\_nonlinear_redux.py', reloading
 * Detected change in 'C:\\Users\\ayush\\AppData\\Roaming\\Python\\Python312\\site-packages\\torch\\distributed\\tensor\\_nonlinear_redux.py', reloading
 * Detected change in 'C:\\Users\\ayush\\AppData\\Roaming\\Python\\Python312\\site-packages\\torch\\distributed\\tensor\\_op_schema.py', reloading
 * Detected change in 'C:\\Users\\ayush\\AppData\\Roaming\\Python\\Python312\\site-packages\\torch\\distributed\\tensor\\_op_schema.py', reloading
 * Detected change in 'C:\\Users\\ayush\\AppData\\Roaming\\Python\\Python312\\site-packages\\torch\\distributed\\tensor\\_random.py', reloading
 * Detected change in 'C:\\Users\\ayush\\AppData\\Roaming\\Python\\Python312\\site-packages\\torch\\distributed\\tensor\\_random.py', reloading
 * Detected change in 'C:\\Users\\ayush\\AppData\\Roaming\\Python\\Python312\\site-packages\\torch\\distributed\\tensor\\_redistribute.py', reloading
 * Detected change in 'C:\\Users\\ayush\\AppData\\Roaming\\Python\\Python312\\site-packages\\torch\\distributed\\tensor\\_redistribute.py', reloading
 * Detected change in 'C:\\Users\\ayush\\AppData\\Roaming\\Python\\Python312\\site-packages\\torch\\distributed\\tensor\\_sharding_prop.py', reloading
 * Detected change in 'C:\\Users\\ayush\\AppData\\Roaming\\Python\\Python312\\site-packages\\torch\\distributed\\tensor\\_sharding_prop.py', reloading
 * Detected change in 'C:\\Users\\ayush\\AppData\\Roaming\\Python\\Python312\\site-packages\\torch\\distributed\\tensor\\_shards_wrapper.py', reloading
 * Detected change in 'C:\\Users\\ayush\\AppData\\Roaming\\Python\\Python312\\site-packages\\torch\\distributed\\tensor\\_shards_wrapper.py', reloading
 * Detected change in 'C:\\Users\\ayush\\AppData\\Roaming\\Python\\Python312\\site-packages\\torch\\distributed\\tensor\\_tp_conv.py', reloading
 * Detected change in 'C:\\Users\\ayush\\AppData\\Roaming\\Python\\Python312\\site-packages\\torch\\distributed\\tensor\\_tp_conv.py', reloading
 * Detected change in 'C:\\Users\\ayush\\AppData\\Roaming\\Python\\Python312\\site-packages\\torch\\distributed\\tensor\\_utils.py', reloading
 * Detected change in 'C:\\Users\\ayush\\AppData\\Roaming\\Python\\Python312\\site-packages\\torch\\distributed\\tensor\\_utils.py', reloading
 * Detected change in 'C:\\Users\\ayush\\AppData\\Roaming\\Python\\Python312\\site-packages\\torch\\distributed\\tensor\\device_mesh.py', reloading
 * Detected change in 'C:\\Users\\ayush\\AppData\\Roaming\\Python\\Python312\\site-packages\\torch\\distributed\\tensor\\device_mesh.py', reloading
 * Detected change in 'C:\\Users\\ayush\\AppData\\Roaming\\Python\\Python312\\site-packages\\torch\\distributed\\tensor\\placement_types.py', reloading
 * Detected change in 'C:\\Users\\ayush\\AppData\\Roaming\\Python\\Python312\\site-packages\\torch\\distributed\\tensor\\placement_types.py', reloading
 * Detected change in 'C:\\Users\\ayush\\AppData\\Roaming\\Python\\Python312\\site-packages\\torch\\distributed\\tensor\\_ops\\autogen.py', reloading
 * Detected change in 'C:\\Users\\ayush\\AppData\\Roaming\\Python\\Python312\\site-packages\\torch\\distributed\\tensor\\_ops\\single_dim_strategy.py', reloading
 * Detected change in 'C:\\Users\\ayush\\AppData\\Roaming\\Python\\Python312\\site-packages\\torch\\distributed\\tensor\\_ops\\strategy_validation.py', reloading
 * Detected change in 'C:\\Users\\ayush\\AppData\\Roaming\\Python\\Python312\\site-packages\\torch\\distributed\\tensor\\_ops\\utils.py', reloading
 * Detected change in 'C:\\Users\\ayush\\AppData\\Roaming\\Python\\Python312\\site-packages\\torch\\distributed\\tensor\\_ops\\_common_rules.py', reloading
 * Detected change in 'C:\\Users\\ayush\\AppData\\Roaming\\Python\\Python312\\site-packages\\torch\\distributed\\tensor\\_ops\\_conv_ops.py', reloading
 * Detected change in 'C:\\Users\\ayush\\AppData\\Roaming\\Python\\Python312\\site-packages\\torch\\distributed\\tensor\\_ops\\_einsum_strategy.py', reloading
 * Detected change in 'C:\\Users\\ayush\\AppData\\Roaming\\Python\\Python312\\site-packages\\torch\\distributed\\tensor\\_ops\\_embedding_ops.py', reloading
 * Detected change in 'C:\\Users\\ayush\\AppData\\Roaming\\Python\\Python312\\site-packages\\torch\\distributed\\tensor\\_ops\\_mask_buffer.py', reloading
 * Detected change in 'C:\\Users\\ayush\\AppData\\Roaming\\Python\\Python312\\site-packages\\torch\\distributed\\tensor\\_ops\\_math_ops.py', reloading
 * Detected change in 'C:\\Users\\ayush\\AppData\\Roaming\\Python\\Python312\\site-packages\\torch\\distributed\\tensor\\_ops\\_matrix_ops.py', reloading
 * Detected change in 'C:\\Users\\ayush\\AppData\\Roaming\\Python\\Python312\\site-packages\\torch\\distributed\\tensor\\_ops\\_pointwise_ops.py', reloading
 * Detected change in 'C:\\Users\\ayush\\AppData\\Roaming\\Python\\Python312\\site-packages\\torch\\distributed\\tensor\\_ops\\_random_ops.py', reloading
 * Detected change in 'C:\\Users\\ayush\\AppData\\Roaming\\Python\\Python312\\site-packages\\torch\\distributed\\tensor\\_ops\\_tensor_ops.py', reloading
 * Detected change in 'C:\\Users\\ayush\\AppData\\Roaming\\Python\\Python312\\site-packages\\torch\\distributed\\tensor\\_ops\\_view_ops.py', reloading
 * Detected change in 'C:\\Users\\ayush\\AppData\\Roaming\\Python\\Python312\\site-packages\\torch\\distributed\\tensor\\_ops\\__init__.py', reloading
 * Detected change in 'C:\\Users\\ayush\\AppData\\Roaming\\Python\\Python312\\site-packages\\torch\\distributed\\tensor\\_ops\\__init__.py', reloading
 * Detected change in 'C:\\Users\\ayush\\AppData\\Roaming\\Python\\Python312\\site-packages\\torch\\distributed\\tensor\\_ops\\__init__.py', reloading
 * Detected change in 'C:\\Users\\ayush\\AppData\\Roaming\\Python\\Python312\\site-packages\\torch\\distributed\\tensor\\_ops\\_common_rules.py', reloading
 * Detected change in 'C:\\Users\\ayush\\AppData\\Roaming\\Python\\Python312\\site-packages\\torch\\distributed\\tensor\\_ops\\_common_rules.py', reloading
 * Detected change in 'C:\\Users\\ayush\\AppData\\Roaming\\Python\\Python312\\site-packages\\torch\\distributed\\tensor\\_ops\\_conv_ops.py', reloading
 * Detected change in 'C:\\Users\\ayush\\AppData\\Roaming\\Python\\Python312\\site-packages\\torch\\distributed\\tensor\\_ops\\_conv_ops.py', reloading
 * Detected change in 'C:\\Users\\ayush\\AppData\\Roaming\\Python\\Python312\\site-packages\\torch\\distributed\\tensor\\_ops\\_einsum_strategy.py', reloading
 * Detected change in 'C:\\Users\\ayush\\AppData\\Roaming\\Python\\Python312\\site-packages\\torch\\distributed\\tensor\\_ops\\_einsum_strategy.py', reloading
 * Detected change in 'C:\\Users\\ayush\\AppData\\Roaming\\Python\\Python312\\site-packages\\torch\\distributed\\tensor\\_ops\\_embedding_ops.py', reloading
 * Detected change in 'C:\\Users\\ayush\\AppData\\Roaming\\Python\\Python312\\site-packages\\torch\\distributed\\tensor\\_ops\\_embedding_ops.py', reloading
 * Detected change in 'C:\\Users\\ayush\\AppData\\Roaming\\Python\\Python312\\site-packages\\torch\\distributed\\tensor\\_ops\\_mask_buffer.py', reloading
 * Detected change in 'C:\\Users\\ayush\\AppData\\Roaming\\Python\\Python312\\site-packages\\torch\\distributed\\tensor\\_ops\\_mask_buffer.py', reloading
 * Detected change in 'C:\\Users\\ayush\\AppData\\Roaming\\Python\\Python312\\site-packages\\torch\\distributed\\tensor\\_ops\\_math_ops.py', reloading
 * Detected change in 'C:\\Users\\ayush\\AppData\\Roaming\\Python\\Python312\\site-packages\\torch\\distributed\\tensor\\_ops\\_math_ops.py', reloading
 * Detected change in 'C:\\Users\\ayush\\AppData\\Roaming\\Python\\Python312\\site-packages\\torch\\distributed\\tensor\\_ops\\_matrix_ops.py', reloading
 * Detected change in 'C:\\Users\\ayush\\AppData\\Roaming\\Python\\Python312\\site-packages\\torch\\distributed\\tensor\\_ops\\_matrix_ops.py', reloading
 * Detected change in 'C:\\Users\\ayush\\AppData\\Roaming\\Python\\Python312\\site-packages\\torch\\distributed\\tensor\\_ops\\_pointwise_ops.py', reloading
 * Detected change in 'C:\\Users\\ayush\\AppData\\Roaming\\Python\\Python312\\site-packages\\torch\\distributed\\tensor\\_ops\\_pointwise_ops.py', reloading
 * Detected change in 'C:\\Users\\ayush\\AppData\\Roaming\\Python\\Python312\\site-packages\\torch\\distributed\\tensor\\_ops\\_random_ops.py', reloading
 * Detected change in 'C:\\Users\\ayush\\AppData\\Roaming\\Python\\Python312\\site-packages\\torch\\distributed\\tensor\\_ops\\_random_ops.py', reloading
 * Detected change in 'C:\\Users\\ayush\\AppData\\Roaming\\Python\\Python312\\site-packages\\torch\\distributed\\tensor\\_ops\\_tensor_ops.py', reloading
 * Detected change in 'C:\\Users\\ayush\\AppData\\Roaming\\Python\\Python312\\site-packages\\torch\\distributed\\tensor\\_ops\\_tensor_ops.py', reloading
 * Detected change in 'C:\\Users\\ayush\\AppData\\Roaming\\Python\\Python312\\site-packages\\torch\\distributed\\tensor\\_ops\\_view_ops.py', reloading
 * Detected change in 'C:\\Users\\ayush\\AppData\\Roaming\\Python\\Python312\\site-packages\\torch\\distributed\\tensor\\_ops\\_view_ops.py', reloading
 * Detected change in 'C:\\Users\\ayush\\AppData\\Roaming\\Python\\Python312\\site-packages\\torch\\distributed\\tensor\\_ops\\autogen.py', reloading
 * Detected change in 'C:\\Users\\ayush\\AppData\\Roaming\\Python\\Python312\\site-packages\\torch\\distributed\\tensor\\_ops\\autogen.py', reloading
 * Detected change in 'C:\\Users\\ayush\\AppData\\Roaming\\Python\\Python312\\site-packages\\torch\\distributed\\tensor\\_ops\\single_dim_strategy.py', reloading
 * Detected change in 'C:\\Users\\ayush\\AppData\\Roaming\\Python\\Python312\\site-packages\\torch\\distributed\\tensor\\_ops\\single_dim_strategy.py', reloading
 * Detected change in 'C:\\Users\\ayush\\AppData\\Roaming\\Python\\Python312\\site-packages\\torch\\distributed\\tensor\\_ops\\strategy_validation.py', reloading
 * Detected change in 'C:\\Users\\ayush\\AppData\\Roaming\\Python\\Python312\\site-packages\\torch\\distributed\\tensor\\_ops\\strategy_validation.py', reloading
 * Detected change in 'C:\\Users\\ayush\\AppData\\Roaming\\Python\\Python312\\site-packages\\torch\\distributed\\tensor\\_ops\\utils.py', reloading
 * Detected change in 'C:\\Users\\ayush\\AppData\\Roaming\\Python\\Python312\\site-packages\\torch\\distributed\\tensor\\_ops\\utils.py', reloading
 * Detected change in 'C:\\Users\\ayush\\AppData\\Roaming\\Python\\Python312\\site-packages\\torch\\distributed\\tensor\\debug\\_comm_mode.py', reloading
 * Detected change in 'C:\\Users\\ayush\\AppData\\Roaming\\Python\\Python312\\site-packages\\torch\\distributed\\tensor\\debug\\_op_coverage.py', reloading
 * Detected change in 'C:\\Users\\ayush\\AppData\\Roaming\\Python\\Python312\\site-packages\\torch\\distributed\\tensor\\debug\\_visualize_sharding.py', reloading
 * Detected change in 'C:\\Users\\ayush\\AppData\\Roaming\\Python\\Python312\\site-packages\\torch\\distributed\\tensor\\debug\\__init__.py', reloading
 * Detected change in 'C:\\Users\\ayush\\AppData\\Roaming\\Python\\Python312\\site-packages\\torch\\distributed\\tensor\\debug\\__init__.py', reloading
 * Detected change in 'C:\\Users\\ayush\\AppData\\Roaming\\Python\\Python312\\site-packages\\torch\\distributed\\tensor\\debug\\__init__.py', reloading
 * Detected change in 'C:\\Users\\ayush\\AppData\\Roaming\\Python\\Python312\\site-packages\\torch\\distributed\\tensor\\debug\\_comm_mode.py', reloading
 * Detected change in 'C:\\Users\\ayush\\AppData\\Roaming\\Python\\Python312\\site-packages\\torch\\distributed\\tensor\\debug\\_comm_mode.py', reloading
 * Detected change in 'C:\\Users\\ayush\\AppData\\Roaming\\Python\\Python312\\site-packages\\torch\\distributed\\tensor\\debug\\_op_coverage.py', reloading
 * Detected change in 'C:\\Users\\ayush\\AppData\\Roaming\\Python\\Python312\\site-packages\\torch\\distributed\\tensor\\debug\\_op_coverage.py', reloading
 * Detected change in 'C:\\Users\\ayush\\AppData\\Roaming\\Python\\Python312\\site-packages\\torch\\distributed\\tensor\\debug\\_visualize_sharding.py', reloading
 * Detected change in 'C:\\Users\\ayush\\AppData\\Roaming\\Python\\Python312\\site-packages\\torch\\distributed\\tensor\\debug\\_visualize_sharding.py', reloading
 * Detected change in 'C:\\Users\\ayush\\AppData\\Roaming\\Python\\Python312\\site-packages\\torch\\distributed\\tensor\\experimental\\_attention.py', reloading
 * Detected change in 'C:\\Users\\ayush\\AppData\\Roaming\\Python\\Python312\\site-packages\\torch\\distributed\\tensor\\experimental\\_func_map.py', reloading
 * Detected change in 'C:\\Users\\ayush\\AppData\\Roaming\\Python\\Python312\\site-packages\\torch\\distributed\\tensor\\experimental\\_register_sharding.py', reloading
 * Detected change in 'C:\\Users\\ayush\\AppData\\Roaming\\Python\\Python312\\site-packages\\torch\\distributed\\tensor\\experimental\\_tp_transform.py', reloading
 * Detected change in 'C:\\Users\\ayush\\AppData\\Roaming\\Python\\Python312\\site-packages\\torch\\distributed\\tensor\\experimental\\__init__.py', reloading
 * Detected change in 'C:\\Users\\ayush\\AppData\\Roaming\\Python\\Python312\\site-packages\\torch\\distributed\\tensor\\experimental\\_context_parallel\\_attention.py', reloading
 * Detected change in 'C:\\Users\\ayush\\AppData\\Roaming\\Python\\Python312\\site-packages\\torch\\distributed\\tensor\\experimental\\_context_parallel\\_cp_custom_ops.py', reloading
 * Detected change in 'C:\\Users\\ayush\\AppData\\Roaming\\Python\\Python312\\site-packages\\torch\\distributed\\tensor\\experimental\\_context_parallel\\_load_balancer.py', reloading
 * Detected change in 'C:\\Users\\ayush\\AppData\\Roaming\\Python\\Python312\\site-packages\\torch\\distributed\\tensor\\experimental\\_context_parallel\\_sharding_rules.py', reloading
 * Detected change in 'C:\\Users\\ayush\\AppData\\Roaming\\Python\\Python312\\site-packages\\torch\\distributed\\tensor\\experimental\\_context_parallel\\__init__.py', reloading
 * Detected change in 'C:\\Users\\ayush\\AppData\\Roaming\\Python\\Python312\\site-packages\\torch\\distributed\\tensor\\experimental\\__init__.py', reloading
 * Detected change in 'C:\\Users\\ayush\\AppData\\Roaming\\Python\\Python312\\site-packages\\torch\\distributed\\tensor\\experimental\\__init__.py', reloading
 * Detected change in 'C:\\Users\\ayush\\AppData\\Roaming\\Python\\Python312\\site-packages\\torch\\distributed\\tensor\\experimental\\_attention.py', reloading
 * Detected change in 'C:\\Users\\ayush\\AppData\\Roaming\\Python\\Python312\\site-packages\\torch\\distributed\\tensor\\experimental\\_attention.py', reloading
 * Detected change in 'C:\\Users\\ayush\\AppData\\Roaming\\Python\\Python312\\site-packages\\torch\\distributed\\tensor\\experimental\\_func_map.py', reloading
 * Detected change in 'C:\\Users\\ayush\\AppData\\Roaming\\Python\\Python312\\site-packages\\torch\\distributed\\tensor\\experimental\\_func_map.py', reloading
 * Detected change in 'C:\\Users\\ayush\\AppData\\Roaming\\Python\\Python312\\site-packages\\torch\\distributed\\tensor\\experimental\\_register_sharding.py', reloading
 * Detected change in 'C:\\Users\\ayush\\AppData\\Roaming\\Python\\Python312\\site-packages\\torch\\distributed\\tensor\\experimental\\_register_sharding.py', reloading
 * Detected change in 'C:\\Users\\ayush\\AppData\\Roaming\\Python\\Python312\\site-packages\\torch\\distributed\\tensor\\experimental\\_tp_transform.py', reloading
 * Detected change in 'C:\\Users\\ayush\\AppData\\Roaming\\Python\\Python312\\site-packages\\torch\\distributed\\tensor\\experimental\\_tp_transform.py', reloading
 * Detected change in 'C:\\Users\\ayush\\AppData\\Roaming\\Python\\Python312\\site-packages\\torch\\distributed\\tensor\\experimental\\_context_parallel\\_attention.py', reloading
 * Detected change in 'C:\\Users\\ayush\\AppData\\Roaming\\Python\\Python312\\site-packages\\torch\\distributed\\tensor\\experimental\\_context_parallel\\_cp_custom_ops.py', reloading
 * Detected change in 'C:\\Users\\ayush\\AppData\\Roaming\\Python\\Python312\\site-packages\\torch\\distributed\\tensor\\experimental\\_context_parallel\\_load_balancer.py', reloading
 * Detected change in 'C:\\Users\\ayush\\AppData\\Roaming\\Python\\Python312\\site-packages\\torch\\distributed\\tensor\\experimental\\_context_parallel\\_sharding_rules.py', reloading
 * Detected change in 'C:\\Users\\ayush\\AppData\\Roaming\\Python\\Python312\\site-packages\\torch\\distributed\\tensor\\experimental\\_context_parallel\\__init__.py', reloading
 * Detected change in 'C:\\Users\\ayush\\AppData\\Roaming\\Python\\Python312\\site-packages\\torch\\distributed\\tensor\\experimental\\_context_parallel\\__init__.py', reloading
 * Detected change in 'C:\\Users\\ayush\\AppData\\Roaming\\Python\\Python312\\site-packages\\torch\\distributed\\tensor\\experimental\\_context_parallel\\__init__.py', reloading
 * Detected change in 'C:\\Users\\ayush\\AppData\\Roaming\\Python\\Python312\\site-packages\\torch\\distributed\\tensor\\experimental\\_context_parallel\\_attention.py', reloading
 * Detected change in 'C:\\Users\\ayush\\AppData\\Roaming\\Python\\Python312\\site-packages\\torch\\distributed\\tensor\\experimental\\_context_parallel\\_attention.py', reloading
 * Detected change in 'C:\\Users\\ayush\\AppData\\Roaming\\Python\\Python312\\site-packages\\torch\\distributed\\tensor\\experimental\\_context_parallel\\_cp_custom_ops.py', reloading
 * Detected change in 'C:\\Users\\ayush\\AppData\\Roaming\\Python\\Python312\\site-packages\\torch\\distributed\\tensor\\experimental\\_context_parallel\\_cp_custom_ops.py', reloading
 * Detected change in 'C:\\Users\\ayush\\AppData\\Roaming\\Python\\Python312\\site-packages\\torch\\distributed\\tensor\\experimental\\_context_parallel\\_load_balancer.py', reloading
 * Detected change in 'C:\\Users\\ayush\\AppData\\Roaming\\Python\\Python312\\site-packages\\torch\\distributed\\tensor\\experimental\\_context_parallel\\_load_balancer.py', reloading
 * Detected change in 'C:\\Users\\ayush\\AppData\\Roaming\\Python\\Python312\\site-packages\\torch\\distributed\\tensor\\experimental\\_context_parallel\\_sharding_rules.py', reloading
 * Detected change in 'C:\\Users\\ayush\\AppData\\Roaming\\Python\\Python312\\site-packages\\torch\\distributed\\tensor\\experimental\\_context_parallel\\_sharding_rules.py', reloading
 * Detected change in 'C:\\Users\\ayush\\AppData\\Roaming\\Python\\Python312\\site-packages\\torch\\distributed\\tensor\\parallel\\api.py', reloading
 * Detected change in 'C:\\Users\\ayush\\AppData\\Roaming\\Python\\Python312\\site-packages\\torch\\distributed\\tensor\\parallel\\ddp.py', reloading
 * Detected change in 'C:\\Users\\ayush\\AppData\\Roaming\\Python\\Python312\\site-packages\\torch\\distributed\\tensor\\parallel\\fsdp.py', reloading
 * Detected change in 'C:\\Users\\ayush\\AppData\\Roaming\\Python\\Python312\\site-packages\\torch\\distributed\\tensor\\parallel\\input_reshard.py', reloading
 * Detected change in 'C:\\Users\\ayush\\AppData\\Roaming\\Python\\Python312\\site-packages\\torch\\distributed\\tensor\\parallel\\loss.py', reloading
 * Detected change in 'C:\\Users\\ayush\\AppData\\Roaming\\Python\\Python312\\site-packages\\torch\\distributed\\tensor\\parallel\\style.py', reloading
 * Detected change in 'C:\\Users\\ayush\\AppData\\Roaming\\Python\\Python312\\site-packages\\torch\\distributed\\tensor\\parallel\\_data_parallel_utils.py', reloading
 * Detected change in 'C:\\Users\\ayush\\AppData\\Roaming\\Python\\Python312\\site-packages\\torch\\distributed\\tensor\\parallel\\__init__.py', reloading
 * Detected change in 'C:\\Users\\ayush\\AppData\\Roaming\\Python\\Python312\\site-packages\\torch\\distributed\\tensor\\parallel\\__init__.py', reloading
 * Detected change in 'C:\\Users\\ayush\\AppData\\Roaming\\Python\\Python312\\site-packages\\torch\\distributed\\tensor\\parallel\\__init__.py', reloading
 * Detected change in 'C:\\Users\\ayush\\AppData\\Roaming\\Python\\Python312\\site-packages\\torch\\distributed\\tensor\\parallel\\_data_parallel_utils.py', reloading
 * Detected change in 'C:\\Users\\ayush\\AppData\\Roaming\\Python\\Python312\\site-packages\\torch\\distributed\\tensor\\parallel\\_data_parallel_utils.py', reloading
 * Detected change in 'C:\\Users\\ayush\\AppData\\Roaming\\Python\\Python312\\site-packages\\torch\\distributed\\tensor\\parallel\\api.py', reloading
 * Detected change in 'C:\\Users\\ayush\\AppData\\Roaming\\Python\\Python312\\site-packages\\torch\\distributed\\tensor\\parallel\\api.py', reloading
 * Detected change in 'C:\\Users\\ayush\\AppData\\Roaming\\Python\\Python312\\site-packages\\torch\\distributed\\tensor\\parallel\\ddp.py', reloading
 * Detected change in 'C:\\Users\\ayush\\AppData\\Roaming\\Python\\Python312\\site-packages\\torch\\distributed\\tensor\\parallel\\ddp.py', reloading
 * Detected change in 'C:\\Users\\ayush\\AppData\\Roaming\\Python\\Python312\\site-packages\\torch\\distributed\\tensor\\parallel\\fsdp.py', reloading
 * Detected change in 'C:\\Users\\ayush\\AppData\\Roaming\\Python\\Python312\\site-packages\\torch\\distributed\\tensor\\parallel\\fsdp.py', reloading
 * Detected change in 'C:\\Users\\ayush\\AppData\\Roaming\\Python\\Python312\\site-packages\\torch\\distributed\\tensor\\parallel\\input_reshard.py', reloading
 * Detected change in 'C:\\Users\\ayush\\AppData\\Roaming\\Python\\Python312\\site-packages\\torch\\distributed\\tensor\\parallel\\input_reshard.py', reloading
 * Detected change in 'C:\\Users\\ayush\\AppData\\Roaming\\Python\\Python312\\site-packages\\torch\\distributed\\tensor\\parallel\\loss.py', reloading
 * Detected change in 'C:\\Users\\ayush\\AppData\\Roaming\\Python\\Python312\\site-packages\\torch\\distributed\\tensor\\parallel\\loss.py', reloading
 * Detected change in 'C:\\Users\\ayush\\AppData\\Roaming\\Python\\Python312\\site-packages\\torch\\distributed\\tensor\\parallel\\style.py', reloading
 * Detected change in 'C:\\Users\\ayush\\AppData\\Roaming\\Python\\Python312\\site-packages\\torch\\distributed\\tensor\\parallel\\style.py', reloading
 * Detected change in 'C:\\Users\\ayush\\AppData\\Roaming\\Python\\Python312\\site-packages\\torch\\distributions\\bernoulli.py', reloading
 * Detected change in 'C:\\Users\\ayush\\AppData\\Roaming\\Python\\Python312\\site-packages\\torch\\distributions\\beta.py', reloading
 * Detected change in 'C:\\Users\\ayush\\AppData\\Roaming\\Python\\Python312\\site-packages\\torch\\distributions\\binomial.py', reloading
 * Detected change in 'C:\\Users\\ayush\\AppData\\Roaming\\Python\\Python312\\site-packages\\torch\\distributions\\categorical.py', reloading
 * Detected change in 'C:\\Users\\ayush\\AppData\\Roaming\\Python\\Python312\\site-packages\\torch\\distributions\\cauchy.py', reloading
 * Detected change in 'C:\\Users\\ayush\\AppData\\Roaming\\Python\\Python312\\site-packages\\torch\\distributions\\chi2.py', reloading
 * Detected change in 'C:\\Users\\ayush\\AppData\\Roaming\\Python\\Python312\\site-packages\\torch\\distributions\\constraints.py', reloading
 * Detected change in 'C:\\Users\\ayush\\AppData\\Roaming\\Python\\Python312\\site-packages\\torch\\distributions\\constraint_registry.py', reloading
 * Detected change in 'C:\\Users\\ayush\\AppData\\Roaming\\Python\\Python312\\site-packages\\torch\\distributions\\continuous_bernoulli.py', reloading
 * Detected change in 'C:\\Users\\ayush\\AppData\\Roaming\\Python\\Python312\\site-packages\\torch\\distributions\\dirichlet.py', reloading
 * Detected change in 'C:\\Users\\ayush\\AppData\\Roaming\\Python\\Python312\\site-packages\\torch\\distributions\\distribution.py', reloading
 * Detected change in 'C:\\Users\\ayush\\AppData\\Roaming\\Python\\Python312\\site-packages\\torch\\distributions\\exponential.py', reloading
 * Detected change in 'C:\\Users\\ayush\\AppData\\Roaming\\Python\\Python312\\site-packages\\torch\\distributions\\exp_family.py', reloading
 * Detected change in 'C:\\Users\\ayush\\AppData\\Roaming\\Python\\Python312\\site-packages\\torch\\distributions\\fishersnedecor.py', reloading
 * Detected change in 'C:\\Users\\ayush\\AppData\\Roaming\\Python\\Python312\\site-packages\\torch\\distributions\\gamma.py', reloading
 * Detected change in 'C:\\Users\\ayush\\AppData\\Roaming\\Python\\Python312\\site-packages\\torch\\distributions\\generalized_pareto.py', reloading
 * Detected change in 'C:\\Users\\ayush\\AppData\\Roaming\\Python\\Python312\\site-packages\\torch\\distributions\\geometric.py', reloading
 * Detected change in 'C:\\Users\\ayush\\AppData\\Roaming\\Python\\Python312\\site-packages\\torch\\distributions\\gumbel.py', reloading
 * Detected change in 'C:\\Users\\ayush\\AppData\\Roaming\\Python\\Python312\\site-packages\\torch\\distributions\\half_cauchy.py', reloading
 * Detected change in 'C:\\Users\\ayush\\AppData\\Roaming\\Python\\Python312\\site-packages\\torch\\distributions\\half_normal.py', reloading
 * Detected change in 'C:\\Users\\ayush\\AppData\\Roaming\\Python\\Python312\\site-packages\\torch\\distributions\\independent.py', reloading
 * Detected change in 'C:\\Users\\ayush\\AppData\\Roaming\\Python\\Python312\\site-packages\\torch\\distributions\\inverse_gamma.py', reloading
 * Detected change in 'C:\\Users\\ayush\\AppData\\Roaming\\Python\\Python312\\site-packages\\torch\\distributions\\kl.py', reloading
 * Detected change in 'C:\\Users\\ayush\\AppData\\Roaming\\Python\\Python312\\site-packages\\torch\\distributions\\kumaraswamy.py', reloading
 * Detected change in 'C:\\Users\\ayush\\AppData\\Roaming\\Python\\Python312\\site-packages\\torch\\distributions\\laplace.py', reloading
 * Detected change in 'C:\\Users\\ayush\\AppData\\Roaming\\Python\\Python312\\site-packages\\torch\\distributions\\lkj_cholesky.py', reloading
 * Detected change in 'C:\\Users\\ayush\\AppData\\Roaming\\Python\\Python312\\site-packages\\torch\\distributions\\logistic_normal.py', reloading
 * Detected change in 'C:\\Users\\ayush\\AppData\\Roaming\\Python\\Python312\\site-packages\\torch\\distributions\\log_normal.py', reloading
 * Detected change in 'C:\\Users\\ayush\\AppData\\Roaming\\Python\\Python312\\site-packages\\torch\\distributions\\lowrank_multivariate_normal.py', reloading
 * Detected change in 'C:\\Users\\ayush\\AppData\\Roaming\\Python\\Python312\\site-packages\\torch\\distributions\\mixture_same_family.py', reloading
 * Detected change in 'C:\\Users\\ayush\\AppData\\Roaming\\Python\\Python312\\site-packages\\torch\\distributions\\multinomial.py', reloading
 * Detected change in 'C:\\Users\\ayush\\AppData\\Roaming\\Python\\Python312\\site-packages\\torch\\distributions\\multivariate_normal.py', reloading
 * Detected change in 'C:\\Users\\ayush\\AppData\\Roaming\\Python\\Python312\\site-packages\\torch\\distributions\\negative_binomial.py', reloading
 * Detected change in 'C:\\Users\\ayush\\AppData\\Roaming\\Python\\Python312\\site-packages\\torch\\distributions\\normal.py', reloading
 * Detected change in 'C:\\Users\\ayush\\AppData\\Roaming\\Python\\Python312\\site-packages\\torch\\distributions\\one_hot_categorical.py', reloading
 * Detected change in 'C:\\Users\\ayush\\AppData\\Roaming\\Python\\Python312\\site-packages\\torch\\distributions\\pareto.py', reloading
 * Detected change in 'C:\\Users\\ayush\\AppData\\Roaming\\Python\\Python312\\site-packages\\torch\\distributions\\poisson.py', reloading
 * Detected change in 'C:\\Users\\ayush\\AppData\\Roaming\\Python\\Python312\\site-packages\\torch\\distributions\\relaxed_bernoulli.py', reloading
 * Detected change in 'C:\\Users\\ayush\\AppData\\Roaming\\Python\\Python312\\site-packages\\torch\\distributions\\relaxed_categorical.py', reloading
 * Detected change in 'C:\\Users\\ayush\\AppData\\Roaming\\Python\\Python312\\site-packages\\torch\\distributions\\studentT.py', reloading
 * Detected change in 'C:\\Users\\ayush\\AppData\\Roaming\\Python\\Python312\\site-packages\\torch\\distributions\\transformed_distribution.py', reloading
 * Detected change in 'C:\\Users\\ayush\\AppData\\Roaming\\Python\\Python312\\site-packages\\torch\\distributions\\transforms.py', reloading
 * Detected change in 'C:\\Users\\ayush\\AppData\\Roaming\\Python\\Python312\\site-packages\\torch\\distributions\\uniform.py', reloading
 * Detected change in 'C:\\Users\\ayush\\AppData\\Roaming\\Python\\Python312\\site-packages\\torch\\distributions\\utils.py', reloading
 * Detected change in 'C:\\Users\\ayush\\AppData\\Roaming\\Python\\Python312\\site-packages\\torch\\distributions\\von_mises.py', reloading
 * Detected change in 'C:\\Users\\ayush\\AppData\\Roaming\\Python\\Python312\\site-packages\\torch\\distributions\\weibull.py', reloading
 * Detected change in 'C:\\Users\\ayush\\AppData\\Roaming\\Python\\Python312\\site-packages\\torch\\distributions\\wishart.py', reloading
 * Detected change in 'C:\\Users\\ayush\\AppData\\Roaming\\Python\\Python312\\site-packages\\torch\\distributions\\__init__.py', reloading
 * Detected change in 'C:\\Users\\ayush\\AppData\\Roaming\\Python\\Python312\\site-packages\\torch\\distributions\\__init__.py', reloading
 * Detected change in 'C:\\Users\\ayush\\AppData\\Roaming\\Python\\Python312\\site-packages\\torch\\distributions\\__init__.py', reloading
 * Detected change in 'C:\\Users\\ayush\\AppData\\Roaming\\Python\\Python312\\site-packages\\torch\\distributions\\bernoulli.py', reloading
 * Detected change in 'C:\\Users\\ayush\\AppData\\Roaming\\Python\\Python312\\site-packages\\torch\\distributions\\bernoulli.py', reloading
 * Detected change in 'C:\\Users\\ayush\\AppData\\Roaming\\Python\\Python312\\site-packages\\torch\\distributions\\beta.py', reloading
 * Detected change in 'C:\\Users\\ayush\\AppData\\Roaming\\Python\\Python312\\site-packages\\torch\\distributions\\beta.py', reloading
 * Detected change in 'C:\\Users\\ayush\\AppData\\Roaming\\Python\\Python312\\site-packages\\torch\\distributions\\binomial.py', reloading
 * Detected change in 'C:\\Users\\ayush\\AppData\\Roaming\\Python\\Python312\\site-packages\\torch\\distributions\\binomial.py', reloading
 * Detected change in 'C:\\Users\\ayush\\AppData\\Roaming\\Python\\Python312\\site-packages\\torch\\distributions\\categorical.py', reloading
 * Detected change in 'C:\\Users\\ayush\\AppData\\Roaming\\Python\\Python312\\site-packages\\torch\\distributions\\categorical.py', reloading
 * Detected change in 'C:\\Users\\ayush\\AppData\\Roaming\\Python\\Python312\\site-packages\\torch\\distributions\\cauchy.py', reloading
 * Detected change in 'C:\\Users\\ayush\\AppData\\Roaming\\Python\\Python312\\site-packages\\torch\\distributions\\cauchy.py', reloading
 * Detected change in 'C:\\Users\\ayush\\AppData\\Roaming\\Python\\Python312\\site-packages\\torch\\distributions\\chi2.py', reloading
 * Detected change in 'C:\\Users\\ayush\\AppData\\Roaming\\Python\\Python312\\site-packages\\torch\\distributions\\chi2.py', reloading
 * Detected change in 'C:\\Users\\ayush\\AppData\\Roaming\\Python\\Python312\\site-packages\\torch\\distributions\\constraint_registry.py', reloading
 * Detected change in 'C:\\Users\\ayush\\AppData\\Roaming\\Python\\Python312\\site-packages\\torch\\distributions\\constraint_registry.py', reloading
 * Detected change in 'C:\\Users\\ayush\\AppData\\Roaming\\Python\\Python312\\site-packages\\torch\\distributions\\constraints.py', reloading
 * Detected change in 'C:\\Users\\ayush\\AppData\\Roaming\\Python\\Python312\\site-packages\\torch\\distributions\\constraints.py', reloading
 * Detected change in 'C:\\Users\\ayush\\AppData\\Roaming\\Python\\Python312\\site-packages\\torch\\distributions\\continuous_bernoulli.py', reloading
 * Detected change in 'C:\\Users\\ayush\\AppData\\Roaming\\Python\\Python312\\site-packages\\torch\\distributions\\continuous_bernoulli.py', reloading
 * Detected change in 'C:\\Users\\ayush\\AppData\\Roaming\\Python\\Python312\\site-packages\\torch\\distributions\\dirichlet.py', reloading
 * Detected change in 'C:\\Users\\ayush\\AppData\\Roaming\\Python\\Python312\\site-packages\\torch\\distributions\\dirichlet.py', reloading
 * Detected change in 'C:\\Users\\ayush\\AppData\\Roaming\\Python\\Python312\\site-packages\\torch\\distributions\\distribution.py', reloading
 * Detected change in 'C:\\Users\\ayush\\AppData\\Roaming\\Python\\Python312\\site-packages\\torch\\distributions\\distribution.py', reloading
 * Detected change in 'C:\\Users\\ayush\\AppData\\Roaming\\Python\\Python312\\site-packages\\torch\\distributions\\exp_family.py', reloading
 * Detected change in 'C:\\Users\\ayush\\AppData\\Roaming\\Python\\Python312\\site-packages\\torch\\distributions\\exp_family.py', reloading
 * Detected change in 'C:\\Users\\ayush\\AppData\\Roaming\\Python\\Python312\\site-packages\\torch\\distributions\\exponential.py', reloading
 * Detected change in 'C:\\Users\\ayush\\AppData\\Roaming\\Python\\Python312\\site-packages\\torch\\distributions\\exponential.py', reloading
 * Detected change in 'C:\\Users\\ayush\\AppData\\Roaming\\Python\\Python312\\site-packages\\torch\\distributions\\fishersnedecor.py', reloading
 * Detected change in 'C:\\Users\\ayush\\AppData\\Roaming\\Python\\Python312\\site-packages\\torch\\distributions\\fishersnedecor.py', reloading
 * Detected change in 'C:\\Users\\ayush\\AppData\\Roaming\\Python\\Python312\\site-packages\\torch\\distributions\\gamma.py', reloading
 * Detected change in 'C:\\Users\\ayush\\AppData\\Roaming\\Python\\Python312\\site-packages\\torch\\distributions\\gamma.py', reloading
 * Detected change in 'C:\\Users\\ayush\\AppData\\Roaming\\Python\\Python312\\site-packages\\torch\\distributions\\generalized_pareto.py', reloading
 * Detected change in 'C:\\Users\\ayush\\AppData\\Roaming\\Python\\Python312\\site-packages\\torch\\distributions\\generalized_pareto.py', reloading
 * Detected change in 'C:\\Users\\ayush\\AppData\\Roaming\\Python\\Python312\\site-packages\\torch\\distributions\\geometric.py', reloading
 * Detected change in 'C:\\Users\\ayush\\AppData\\Roaming\\Python\\Python312\\site-packages\\torch\\distributions\\geometric.py', reloading
 * Detected change in 'C:\\Users\\ayush\\AppData\\Roaming\\Python\\Python312\\site-packages\\torch\\distributions\\gumbel.py', reloading
 * Detected change in 'C:\\Users\\ayush\\AppData\\Roaming\\Python\\Python312\\site-packages\\torch\\distributions\\gumbel.py', reloading
 * Detected change in 'C:\\Users\\ayush\\AppData\\Roaming\\Python\\Python312\\site-packages\\torch\\distributions\\half_cauchy.py', reloading
 * Detected change in 'C:\\Users\\ayush\\AppData\\Roaming\\Python\\Python312\\site-packages\\torch\\distributions\\half_cauchy.py', reloading
 * Detected change in 'C:\\Users\\ayush\\AppData\\Roaming\\Python\\Python312\\site-packages\\torch\\distributions\\half_normal.py', reloading
 * Detected change in 'C:\\Users\\ayush\\AppData\\Roaming\\Python\\Python312\\site-packages\\torch\\distributions\\half_normal.py', reloading
 * Detected change in 'C:\\Users\\ayush\\AppData\\Roaming\\Python\\Python312\\site-packages\\torch\\distributions\\independent.py', reloading
 * Detected change in 'C:\\Users\\ayush\\AppData\\Roaming\\Python\\Python312\\site-packages\\torch\\distributions\\independent.py', reloading
 * Detected change in 'C:\\Users\\ayush\\AppData\\Roaming\\Python\\Python312\\site-packages\\torch\\distributions\\inverse_gamma.py', reloading
 * Detected change in 'C:\\Users\\ayush\\AppData\\Roaming\\Python\\Python312\\site-packages\\torch\\distributions\\inverse_gamma.py', reloading
 * Detected change in 'C:\\Users\\ayush\\AppData\\Roaming\\Python\\Python312\\site-packages\\torch\\distributions\\kl.py', reloading
 * Detected change in 'C:\\Users\\ayush\\AppData\\Roaming\\Python\\Python312\\site-packages\\torch\\distributions\\kl.py', reloading
 * Detected change in 'C:\\Users\\ayush\\AppData\\Roaming\\Python\\Python312\\site-packages\\torch\\distributions\\kumaraswamy.py', reloading
 * Detected change in 'C:\\Users\\ayush\\AppData\\Roaming\\Python\\Python312\\site-packages\\torch\\distributions\\kumaraswamy.py', reloading
 * Detected change in 'C:\\Users\\ayush\\AppData\\Roaming\\Python\\Python312\\site-packages\\torch\\distributions\\laplace.py', reloading
 * Detected change in 'C:\\Users\\ayush\\AppData\\Roaming\\Python\\Python312\\site-packages\\torch\\distributions\\laplace.py', reloading
 * Detected change in 'C:\\Users\\ayush\\AppData\\Roaming\\Python\\Python312\\site-packages\\torch\\distributions\\lkj_cholesky.py', reloading
 * Detected change in 'C:\\Users\\ayush\\AppData\\Roaming\\Python\\Python312\\site-packages\\torch\\distributions\\lkj_cholesky.py', reloading
 * Detected change in 'C:\\Users\\ayush\\AppData\\Roaming\\Python\\Python312\\site-packages\\torch\\distributions\\log_normal.py', reloading
 * Detected change in 'C:\\Users\\ayush\\AppData\\Roaming\\Python\\Python312\\site-packages\\torch\\distributions\\log_normal.py', reloading
 * Detected change in 'C:\\Users\\ayush\\AppData\\Roaming\\Python\\Python312\\site-packages\\torch\\distributions\\logistic_normal.py', reloading
 * Detected change in 'C:\\Users\\ayush\\AppData\\Roaming\\Python\\Python312\\site-packages\\torch\\distributions\\logistic_normal.py', reloading
 * Detected change in 'C:\\Users\\ayush\\AppData\\Roaming\\Python\\Python312\\site-packages\\torch\\distributions\\lowrank_multivariate_normal.py', reloading
 * Detected change in 'C:\\Users\\ayush\\AppData\\Roaming\\Python\\Python312\\site-packages\\torch\\distributions\\lowrank_multivariate_normal.py', reloading
 * Detected change in 'C:\\Users\\ayush\\AppData\\Roaming\\Python\\Python312\\site-packages\\torch\\distributions\\mixture_same_family.py', reloading
 * Detected change in 'C:\\Users\\ayush\\AppData\\Roaming\\Python\\Python312\\site-packages\\torch\\distributions\\mixture_same_family.py', reloading
 * Detected change in 'C:\\Users\\ayush\\AppData\\Roaming\\Python\\Python312\\site-packages\\torch\\distributions\\multinomial.py', reloading
 * Detected change in 'C:\\Users\\ayush\\AppData\\Roaming\\Python\\Python312\\site-packages\\torch\\distributions\\multinomial.py', reloading
 * Detected change in 'C:\\Users\\ayush\\AppData\\Roaming\\Python\\Python312\\site-packages\\torch\\distributions\\multivariate_normal.py', reloading
 * Detected change in 'C:\\Users\\ayush\\AppData\\Roaming\\Python\\Python312\\site-packages\\torch\\distributions\\multivariate_normal.py', reloading
 * Detected change in 'C:\\Users\\ayush\\AppData\\Roaming\\Python\\Python312\\site-packages\\torch\\distributions\\negative_binomial.py', reloading
 * Detected change in 'C:\\Users\\ayush\\AppData\\Roaming\\Python\\Python312\\site-packages\\torch\\distributions\\negative_binomial.py', reloading
 * Detected change in 'C:\\Users\\ayush\\AppData\\Roaming\\Python\\Python312\\site-packages\\torch\\distributions\\normal.py', reloading
 * Detected change in 'C:\\Users\\ayush\\AppData\\Roaming\\Python\\Python312\\site-packages\\torch\\distributions\\normal.py', reloading
 * Detected change in 'C:\\Users\\ayush\\AppData\\Roaming\\Python\\Python312\\site-packages\\torch\\distributions\\one_hot_categorical.py', reloading
 * Detected change in 'C:\\Users\\ayush\\AppData\\Roaming\\Python\\Python312\\site-packages\\torch\\distributions\\one_hot_categorical.py', reloading
 * Detected change in 'C:\\Users\\ayush\\AppData\\Roaming\\Python\\Python312\\site-packages\\torch\\distributions\\pareto.py', reloading
 * Detected change in 'C:\\Users\\ayush\\AppData\\Roaming\\Python\\Python312\\site-packages\\torch\\distributions\\pareto.py', reloading
 * Detected change in 'C:\\Users\\ayush\\AppData\\Roaming\\Python\\Python312\\site-packages\\torch\\distributions\\poisson.py', reloading
 * Detected change in 'C:\\Users\\ayush\\AppData\\Roaming\\Python\\Python312\\site-packages\\torch\\distributions\\poisson.py', reloading
 * Detected change in 'C:\\Users\\ayush\\AppData\\Roaming\\Python\\Python312\\site-packages\\torch\\distributions\\relaxed_bernoulli.py', reloading
 * Detected change in 'C:\\Users\\ayush\\AppData\\Roaming\\Python\\Python312\\site-packages\\torch\\distributions\\relaxed_bernoulli.py', reloading
 * Detected change in 'C:\\Users\\ayush\\AppData\\Roaming\\Python\\Python312\\site-packages\\torch\\distributions\\relaxed_categorical.py', reloading
 * Detected change in 'C:\\Users\\ayush\\AppData\\Roaming\\Python\\Python312\\site-packages\\torch\\distributions\\relaxed_categorical.py', reloading
 * Detected change in 'C:\\Users\\ayush\\AppData\\Roaming\\Python\\Python312\\site-packages\\torch\\distributions\\studentT.py', reloading
 * Detected change in 'C:\\Users\\ayush\\AppData\\Roaming\\Python\\Python312\\site-packages\\torch\\distributions\\studentT.py', reloading
 * Detected change in 'C:\\Users\\ayush\\AppData\\Roaming\\Python\\Python312\\site-packages\\torch\\distributions\\transformed_distribution.py', reloading
 * Detected change in 'C:\\Users\\ayush\\AppData\\Roaming\\Python\\Python312\\site-packages\\torch\\distributions\\transformed_distribution.py', reloading
 * Detected change in 'C:\\Users\\ayush\\AppData\\Roaming\\Python\\Python312\\site-packages\\torch\\distributions\\transforms.py', reloading
 * Detected change in 'C:\\Users\\ayush\\AppData\\Roaming\\Python\\Python312\\site-packages\\torch\\distributions\\transforms.py', reloading
 * Detected change in 'C:\\Users\\ayush\\AppData\\Roaming\\Python\\Python312\\site-packages\\torch\\distributions\\uniform.py', reloading
 * Detected change in 'C:\\Users\\ayush\\AppData\\Roaming\\Python\\Python312\\site-packages\\torch\\distributions\\uniform.py', reloading
 * Detected change in 'C:\\Users\\ayush\\AppData\\Roaming\\Python\\Python312\\site-packages\\torch\\distributions\\utils.py', reloading
 * Detected change in 'C:\\Users\\ayush\\AppData\\Roaming\\Python\\Python312\\site-packages\\torch\\distributions\\utils.py', reloading
 * Detected change in 'C:\\Users\\ayush\\AppData\\Roaming\\Python\\Python312\\site-packages\\torch\\distributions\\von_mises.py', reloading
 * Detected change in 'C:\\Users\\ayush\\AppData\\Roaming\\Python\\Python312\\site-packages\\torch\\distributions\\von_mises.py', reloading
 * Detected change in 'C:\\Users\\ayush\\AppData\\Roaming\\Python\\Python312\\site-packages\\torch\\distributions\\weibull.py', reloading
 * Detected change in 'C:\\Users\\ayush\\AppData\\Roaming\\Python\\Python312\\site-packages\\torch\\distributions\\weibull.py', reloading
 * Detected change in 'C:\\Users\\ayush\\AppData\\Roaming\\Python\\Python312\\site-packages\\torch\\distributions\\wishart.py', reloading
 * Detected change in 'C:\\Users\\ayush\\AppData\\Roaming\\Python\\Python312\\site-packages\\torch\\distributions\\wishart.py', reloading
 * Detected change in 'C:\\Users\\ayush\\AppData\\Roaming\\Python\\Python312\\site-packages\\torch\\export\\custom_obj.py', reloading
 * Detected change in 'C:\\Users\\ayush\\AppData\\Roaming\\Python\\Python312\\site-packages\\torch\\export\\custom_ops.py', reloading
 * Detected change in 'C:\\Users\\ayush\\AppData\\Roaming\\Python\\Python312\\site-packages\\torch\\export\\decomp_utils.py', reloading
 * Detected change in 'C:\\Users\\ayush\\AppData\\Roaming\\Python\\Python312\\site-packages\\torch\\export\\dynamic_shapes.py', reloading
 * Detected change in 'C:\\Users\\ayush\\AppData\\Roaming\\Python\\Python312\\site-packages\\torch\\export\\exported_program.py', reloading
 * Detected change in 'C:\\Users\\ayush\\AppData\\Roaming\\Python\\Python312\\site-packages\\torch\\export\\graph_signature.py', reloading
 * Detected change in 'C:\\Users\\ayush\\AppData\\Roaming\\Python\\Python312\\site-packages\\torch\\export\\unflatten.py', reloading
 * Detected change in 'C:\\Users\\ayush\\AppData\\Roaming\\Python\\Python312\\site-packages\\torch\\export\\_draft_export.py', reloading
 * Detected change in 'C:\\Users\\ayush\\AppData\\Roaming\\Python\\Python312\\site-packages\\torch\\export\\_leakage_detection_utils.py', reloading
 * Detected change in 'C:\\Users\\ayush\\AppData\\Roaming\\Python\\Python312\\site-packages\\torch\\export\\_patches.py', reloading
 * Detected change in 'C:\\Users\\ayush\\AppData\\Roaming\\Python\\Python312\\site-packages\\torch\\export\\_remove_auto_functionalized_pass.py', reloading
 * Detected change in 'C:\\Users\\ayush\\AppData\\Roaming\\Python\\Python312\\site-packages\\torch\\export\\_remove_effect_tokens_pass.py', reloading
 * Detected change in 'C:\\Users\\ayush\\AppData\\Roaming\\Python\\Python312\\site-packages\\torch\\export\\_safeguard.py', reloading
 * Detected change in 'C:\\Users\\ayush\\AppData\\Roaming\\Python\\Python312\\site-packages\\torch\\export\\_state_dict_utils.py', reloading
 * Detected change in 'C:\\Users\\ayush\\AppData\\Roaming\\Python\\Python312\\site-packages\\torch\\export\\_swap.py', reloading
 * Detected change in 'C:\\Users\\ayush\\AppData\\Roaming\\Python\\Python312\\site-packages\\torch\\export\\_trace.py', reloading
 * Detected change in 'C:\\Users\\ayush\\AppData\\Roaming\\Python\\Python312\\site-packages\\torch\\export\\_tree_utils.py', reloading
 * Detected change in 'C:\\Users\\ayush\\AppData\\Roaming\\Python\\Python312\\site-packages\\torch\\export\\_unlift.py', reloading
 * Detected change in 'C:\\Users\\ayush\\AppData\\Roaming\\Python\\Python312\\site-packages\\torch\\export\\_wrapper_utils.py', reloading
 * Detected change in 'C:\\Users\\ayush\\AppData\\Roaming\\Python\\Python312\\site-packages\\torch\\export\\__init__.py', reloading
 * Detected change in 'C:\\Users\\ayush\\AppData\\Roaming\\Python\\Python312\\site-packages\\torch\\export\\experimental\\_utils.py', reloading
 * Detected change in 'C:\\Users\\ayush\\AppData\\Roaming\\Python\\Python312\\site-packages\\torch\\export\\experimental\\__init__.py', reloading
 * Detected change in 'C:\\Users\\ayush\\AppData\\Roaming\\Python\\Python312\\site-packages\\torch\\export\\passes\\__init__.py', reloading
 * Detected change in 'C:\\Users\\ayush\\AppData\\Roaming\\Python\\Python312\\site-packages\\torch\\export\\pt2_archive\\constants.py', reloading
 * Detected change in 'C:\\Users\\ayush\\AppData\\Roaming\\Python\\Python312\\site-packages\\torch\\export\\pt2_archive\\_package.py', reloading
 * Detected change in 'C:\\Users\\ayush\\AppData\\Roaming\\Python\\Python312\\site-packages\\torch\\export\\pt2_archive\\_package_weights.py', reloading
 * Detected change in 'C:\\Users\\ayush\\AppData\\Roaming\\Python\\Python312\\site-packages\\torch\\export\\pt2_archive\\__init__.py', reloading
 * Detected change in 'C:\\Users\\ayush\\AppData\\Roaming\\Python\\Python312\\site-packages\\torch\\export\\__init__.py', reloading
 * Detected change in 'C:\\Users\\ayush\\AppData\\Roaming\\Python\\Python312\\site-packages\\torch\\export\\__init__.py', reloading
 * Detected change in 'C:\\Users\\ayush\\AppData\\Roaming\\Python\\Python312\\site-packages\\torch\\export\\_draft_export.py', reloading
 * Detected change in 'C:\\Users\\ayush\\AppData\\Roaming\\Python\\Python312\\site-packages\\torch\\export\\_draft_export.py', reloading
 * Detected change in 'C:\\Users\\ayush\\AppData\\Roaming\\Python\\Python312\\site-packages\\torch\\export\\_leakage_detection_utils.py', reloading
 * Detected change in 'C:\\Users\\ayush\\AppData\\Roaming\\Python\\Python312\\site-packages\\torch\\export\\_leakage_detection_utils.py', reloading
 * Detected change in 'C:\\Users\\ayush\\AppData\\Roaming\\Python\\Python312\\site-packages\\torch\\export\\_patches.py', reloading
 * Detected change in 'C:\\Users\\ayush\\AppData\\Roaming\\Python\\Python312\\site-packages\\torch\\export\\_patches.py', reloading
 * Detected change in 'C:\\Users\\ayush\\AppData\\Roaming\\Python\\Python312\\site-packages\\torch\\export\\_remove_auto_functionalized_pass.py', reloading
 * Detected change in 'C:\\Users\\ayush\\AppData\\Roaming\\Python\\Python312\\site-packages\\torch\\export\\_remove_auto_functionalized_pass.py', reloading
 * Detected change in 'C:\\Users\\ayush\\AppData\\Roaming\\Python\\Python312\\site-packages\\torch\\export\\_remove_effect_tokens_pass.py', reloading
 * Detected change in 'C:\\Users\\ayush\\AppData\\Roaming\\Python\\Python312\\site-packages\\torch\\export\\_remove_effect_tokens_pass.py', reloading
 * Detected change in 'C:\\Users\\ayush\\AppData\\Roaming\\Python\\Python312\\site-packages\\torch\\export\\_safeguard.py', reloading
 * Detected change in 'C:\\Users\\ayush\\AppData\\Roaming\\Python\\Python312\\site-packages\\torch\\export\\_safeguard.py', reloading
 * Detected change in 'C:\\Users\\ayush\\AppData\\Roaming\\Python\\Python312\\site-packages\\torch\\export\\_state_dict_utils.py', reloading
 * Detected change in 'C:\\Users\\ayush\\AppData\\Roaming\\Python\\Python312\\site-packages\\torch\\export\\_state_dict_utils.py', reloading
 * Detected change in 'C:\\Users\\ayush\\AppData\\Roaming\\Python\\Python312\\site-packages\\torch\\export\\_swap.py', reloading
 * Detected change in 'C:\\Users\\ayush\\AppData\\Roaming\\Python\\Python312\\site-packages\\torch\\export\\_swap.py', reloading
 * Detected change in 'C:\\Users\\ayush\\AppData\\Roaming\\Python\\Python312\\site-packages\\torch\\export\\_trace.py', reloading
 * Detected change in 'C:\\Users\\ayush\\AppData\\Roaming\\Python\\Python312\\site-packages\\torch\\export\\_trace.py', reloading
 * Detected change in 'C:\\Users\\ayush\\AppData\\Roaming\\Python\\Python312\\site-packages\\torch\\export\\_tree_utils.py', reloading
 * Detected change in 'C:\\Users\\ayush\\AppData\\Roaming\\Python\\Python312\\site-packages\\torch\\export\\_tree_utils.py', reloading
 * Detected change in 'C:\\Users\\ayush\\AppData\\Roaming\\Python\\Python312\\site-packages\\torch\\export\\_unlift.py', reloading
 * Detected change in 'C:\\Users\\ayush\\AppData\\Roaming\\Python\\Python312\\site-packages\\torch\\export\\_unlift.py', reloading
 * Detected change in 'C:\\Users\\ayush\\AppData\\Roaming\\Python\\Python312\\site-packages\\torch\\export\\_wrapper_utils.py', reloading
 * Detected change in 'C:\\Users\\ayush\\AppData\\Roaming\\Python\\Python312\\site-packages\\torch\\export\\_wrapper_utils.py', reloading
 * Detected change in 'C:\\Users\\ayush\\AppData\\Roaming\\Python\\Python312\\site-packages\\torch\\export\\custom_obj.py', reloading
 * Detected change in 'C:\\Users\\ayush\\AppData\\Roaming\\Python\\Python312\\site-packages\\torch\\export\\custom_obj.py', reloading
 * Detected change in 'C:\\Users\\ayush\\AppData\\Roaming\\Python\\Python312\\site-packages\\torch\\export\\custom_ops.py', reloading
 * Detected change in 'C:\\Users\\ayush\\AppData\\Roaming\\Python\\Python312\\site-packages\\torch\\export\\custom_ops.py', reloading
 * Detected change in 'C:\\Users\\ayush\\AppData\\Roaming\\Python\\Python312\\site-packages\\torch\\export\\decomp_utils.py', reloading
 * Detected change in 'C:\\Users\\ayush\\AppData\\Roaming\\Python\\Python312\\site-packages\\torch\\export\\decomp_utils.py', reloading
 * Detected change in 'C:\\Users\\ayush\\AppData\\Roaming\\Python\\Python312\\site-packages\\torch\\export\\dynamic_shapes.py', reloading
 * Detected change in 'C:\\Users\\ayush\\AppData\\Roaming\\Python\\Python312\\site-packages\\torch\\export\\dynamic_shapes.py', reloading
 * Detected change in 'C:\\Users\\ayush\\AppData\\Roaming\\Python\\Python312\\site-packages\\torch\\export\\exported_program.py', reloading
 * Detected change in 'C:\\Users\\ayush\\AppData\\Roaming\\Python\\Python312\\site-packages\\torch\\export\\exported_program.py', reloading
 * Detected change in 'C:\\Users\\ayush\\AppData\\Roaming\\Python\\Python312\\site-packages\\torch\\export\\graph_signature.py', reloading
 * Detected change in 'C:\\Users\\ayush\\AppData\\Roaming\\Python\\Python312\\site-packages\\torch\\export\\graph_signature.py', reloading
 * Detected change in 'C:\\Users\\ayush\\AppData\\Roaming\\Python\\Python312\\site-packages\\torch\\export\\unflatten.py', reloading
 * Detected change in 'C:\\Users\\ayush\\AppData\\Roaming\\Python\\Python312\\site-packages\\torch\\export\\unflatten.py', reloading
 * Detected change in 'C:\\Users\\ayush\\AppData\\Roaming\\Python\\Python312\\site-packages\\torch\\export\\experimental\\_utils.py', reloading
 * Detected change in 'C:\\Users\\ayush\\AppData\\Roaming\\Python\\Python312\\site-packages\\torch\\export\\experimental\\__init__.py', reloading
 * Detected change in 'C:\\Users\\ayush\\AppData\\Roaming\\Python\\Python312\\site-packages\\torch\\export\\experimental\\__init__.py', reloading
 * Detected change in 'C:\\Users\\ayush\\AppData\\Roaming\\Python\\Python312\\site-packages\\torch\\export\\experimental\\__init__.py', reloading
 * Detected change in 'C:\\Users\\ayush\\AppData\\Roaming\\Python\\Python312\\site-packages\\torch\\export\\experimental\\_utils.py', reloading
 * Detected change in 'C:\\Users\\ayush\\AppData\\Roaming\\Python\\Python312\\site-packages\\torch\\export\\experimental\\_utils.py', reloading
 * Detected change in 'C:\\Users\\ayush\\AppData\\Roaming\\Python\\Python312\\site-packages\\torch\\export\\passes\\__init__.py', reloading
 * Detected change in 'C:\\Users\\ayush\\AppData\\Roaming\\Python\\Python312\\site-packages\\torch\\export\\passes\\__init__.py', reloading
 * Detected change in 'C:\\Users\\ayush\\AppData\\Roaming\\Python\\Python312\\site-packages\\torch\\export\\passes\\__init__.py', reloading
 * Detected change in 'C:\\Users\\ayush\\AppData\\Roaming\\Python\\Python312\\site-packages\\torch\\export\\pt2_archive\\constants.py', reloading
 * Detected change in 'C:\\Users\\ayush\\AppData\\Roaming\\Python\\Python312\\site-packages\\torch\\export\\pt2_archive\\_package.py', reloading
 * Detected change in 'C:\\Users\\ayush\\AppData\\Roaming\\Python\\Python312\\site-packages\\torch\\export\\pt2_archive\\_package_weights.py', reloading
 * Detected change in 'C:\\Users\\ayush\\AppData\\Roaming\\Python\\Python312\\site-packages\\torch\\export\\pt2_archive\\__init__.py', reloading
 * Detected change in 'C:\\Users\\ayush\\AppData\\Roaming\\Python\\Python312\\site-packages\\torch\\export\\pt2_archive\\__init__.py', reloading
 * Detected change in 'C:\\Users\\ayush\\AppData\\Roaming\\Python\\Python312\\site-packages\\torch\\export\\pt2_archive\\__init__.py', reloading
 * Detected change in 'C:\\Users\\ayush\\AppData\\Roaming\\Python\\Python312\\site-packages\\torch\\export\\pt2_archive\\_package.py', reloading
 * Detected change in 'C:\\Users\\ayush\\AppData\\Roaming\\Python\\Python312\\site-packages\\torch\\export\\pt2_archive\\_package.py', reloading
 * Detected change in 'C:\\Users\\ayush\\AppData\\Roaming\\Python\\Python312\\site-packages\\torch\\export\\pt2_archive\\_package_weights.py', reloading
 * Detected change in 'C:\\Users\\ayush\\AppData\\Roaming\\Python\\Python312\\site-packages\\torch\\export\\pt2_archive\\_package_weights.py', reloading
 * Detected change in 'C:\\Users\\ayush\\AppData\\Roaming\\Python\\Python312\\site-packages\\torch\\export\\pt2_archive\\constants.py', reloading
 * Detected change in 'C:\\Users\\ayush\\AppData\\Roaming\\Python\\Python312\\site-packages\\torch\\export\\pt2_archive\\constants.py', reloading
 * Detected change in 'C:\\Users\\ayush\\AppData\\Roaming\\Python\\Python312\\site-packages\\torch\\fft\\__init__.py', reloading
 * Detected change in 'C:\\Users\\ayush\\AppData\\Roaming\\Python\\Python312\\site-packages\\torch\\fft\\__init__.py', reloading
 * Detected change in 'C:\\Users\\ayush\\AppData\\Roaming\\Python\\Python312\\site-packages\\torch\\fft\\__init__.py', reloading
 * Detected change in 'C:\\Users\\ayush\\AppData\\Roaming\\Python\\Python312\\site-packages\\torch\\func\\_random.py', reloading
 * Detected change in 'C:\\Users\\ayush\\AppData\\Roaming\\Python\\Python312\\site-packages\\torch\\func\\__init__.py', reloading
 * Detected change in 'C:\\Users\\ayush\\AppData\\Roaming\\Python\\Python312\\site-packages\\torch\\func\\__init__.py', reloading
 * Detected change in 'C:\\Users\\ayush\\AppData\\Roaming\\Python\\Python312\\site-packages\\torch\\func\\__init__.py', reloading
 * Detected change in 'C:\\Users\\ayush\\AppData\\Roaming\\Python\\Python312\\site-packages\\torch\\func\\_random.py', reloading
 * Detected change in 'C:\\Users\\ayush\\AppData\\Roaming\\Python\\Python312\\site-packages\\torch\\func\\_random.py', reloading
 * Detected change in 'C:\\Users\\ayush\\AppData\\Roaming\\Python\\Python312\\site-packages\\torch\\futures\\__init__.py', reloading
 * Detected change in 'C:\\Users\\ayush\\AppData\\Roaming\\Python\\Python312\\site-packages\\torch\\futures\\__init__.py', reloading
 * Detected change in 'C:\\Users\\ayush\\AppData\\Roaming\\Python\\Python312\\site-packages\\torch\\futures\\__init__.py', reloading
 * Detected change in 'C:\\Users\\ayush\\AppData\\Roaming\\Python\\Python312\\site-packages\\torch\\fx\\annotate.py', reloading
 * Detected change in 'C:\\Users\\ayush\\AppData\\Roaming\\Python\\Python312\\site-packages\\torch\\fx\\config.py', reloading
 * Detected change in 'C:\\Users\\ayush\\AppData\\Roaming\\Python\\Python312\\site-packages\\torch\\fx\\graph.py', reloading
 * Detected change in 'C:\\Users\\ayush\\AppData\\Roaming\\Python\\Python312\\site-packages\\torch\\fx\\graph_module.py', reloading
 * Detected change in 'C:\\Users\\ayush\\AppData\\Roaming\\Python\\Python312\\site-packages\\torch\\fx\\immutable_collections.py', reloading
 * Detected change in 'C:\\Users\\ayush\\AppData\\Roaming\\Python\\Python312\\site-packages\\torch\\fx\\interpreter.py', reloading
 * Detected change in 'C:\\Users\\ayush\\AppData\\Roaming\\Python\\Python312\\site-packages\\torch\\fx\\node.py', reloading
 * Detected change in 'C:\\Users\\ayush\\AppData\\Roaming\\Python\\Python312\\site-packages\\torch\\fx\\operator_schemas.py', reloading
 * Detected change in 'C:\\Users\\ayush\\AppData\\Roaming\\Python\\Python312\\site-packages\\torch\\fx\\proxy.py', reloading
 * Detected change in 'C:\\Users\\ayush\\AppData\\Roaming\\Python\\Python312\\site-packages\\torch\\fx\\subgraph_rewriter.py', reloading
 * Detected change in 'C:\\Users\\ayush\\AppData\\Roaming\\Python\\Python312\\site-packages\\torch\\fx\\tensor_type.py', reloading
 * Detected change in 'C:\\Users\\ayush\\AppData\\Roaming\\Python\\Python312\\site-packages\\torch\\fx\\traceback.py', reloading
 * Detected change in 'C:\\Users\\ayush\\AppData\\Roaming\\Python\\Python312\\site-packages\\torch\\fx\\_compatibility.py', reloading
 * Detected change in 'C:\\Users\\ayush\\AppData\\Roaming\\Python\\Python312\\site-packages\\torch\\fx\\_graph_pickler.py', reloading
 * Detected change in 'C:\\Users\\ayush\\AppData\\Roaming\\Python\\Python312\\site-packages\\torch\\fx\\_lazy_graph_module.py', reloading
 * Detected change in 'C:\\Users\\ayush\\AppData\\Roaming\\Python\\Python312\\site-packages\\torch\\fx\\_pytree.py', reloading
 * Detected change in 'C:\\Users\\ayush\\AppData\\Roaming\\Python\\Python312\\site-packages\\torch\\fx\\_symbolic_trace.py', reloading
 * Detected change in 'C:\\Users\\ayush\\AppData\\Roaming\\Python\\Python312\\site-packages\\torch\\fx\\_utils.py', reloading
 * Detected change in 'C:\\Users\\ayush\\AppData\\Roaming\\Python\\Python312\\site-packages\\torch\\fx\\__init__.py', reloading
 * Detected change in 'C:\\Users\\ayush\\AppData\\Roaming\\Python\\Python312\\site-packages\\torch\\fx\\experimental\\accelerator_partitioner.py', reloading
 * Detected change in 'C:\\Users\\ayush\\AppData\\Roaming\\Python\\Python312\\site-packages\\torch\\fx\\experimental\\const_fold.py', reloading
 * Detected change in 'C:\\Users\\ayush\\AppData\\Roaming\\Python\\Python312\\site-packages\\torch\\fx\\experimental\\debug.py', reloading
 * Detected change in 'C:\\Users\\ayush\\AppData\\Roaming\\Python\\Python312\\site-packages\\torch\\fx\\experimental\\dynamic_spec.py', reloading
 * Detected change in 'C:\\Users\\ayush\\AppData\\Roaming\\Python\\Python312\\site-packages\\torch\\fx\\experimental\\graph_gradual_typechecker.py', reloading
 * Detected change in 'C:\\Users\\ayush\\AppData\\Roaming\\Python\\Python312\\site-packages\\torch\\fx\\experimental\\merge_matmul.py', reloading
 * Detected change in 'C:\\Users\\ayush\\AppData\\Roaming\\Python\\Python312\\site-packages\\torch\\fx\\experimental\\meta_tracer.py', reloading
 * Detected change in 'C:\\Users\\ayush\\AppData\\Roaming\\Python\\Python312\\site-packages\\torch\\fx\\experimental\\normalize.py', reloading
 * Detected change in 'C:\\Users\\ayush\\AppData\\Roaming\\Python\\Python312\\site-packages\\torch\\fx\\experimental\\optimization.py', reloading
 * Detected change in 'C:\\Users\\ayush\\AppData\\Roaming\\Python\\Python312\\site-packages\\torch\\fx\\experimental\\partitioner_utils.py', reloading
 * Detected change in 'C:\\Users\\ayush\\AppData\\Roaming\\Python\\Python312\\site-packages\\torch\\fx\\experimental\\proxy_tensor.py', reloading
 * Detected change in 'C:\\Users\\ayush\\AppData\\Roaming\\Python\\Python312\\site-packages\\torch\\fx\\experimental\\recording.py', reloading
 * Detected change in 'C:\\Users\\ayush\\AppData\\Roaming\\Python\\Python312\\site-packages\\torch\\fx\\experimental\\refinement_types.py', reloading
 * Detected change in 'C:\\Users\\ayush\\AppData\\Roaming\\Python\\Python312\\site-packages\\torch\\fx\\experimental\\rewriter.py', reloading
 * Detected change in 'C:\\Users\\ayush\\AppData\\Roaming\\Python\\Python312\\site-packages\\torch\\fx\\experimental\\schema_type_annotation.py', reloading
 * Detected change in 'C:\\Users\\ayush\\AppData\\Roaming\\Python\\Python312\\site-packages\\torch\\fx\\experimental\\symbolic_shapes.py', reloading
 * Detected change in 'C:\\Users\\ayush\\AppData\\Roaming\\Python\\Python312\\site-packages\\torch\\fx\\experimental\\sym_node.py', reloading
 * Detected change in 'C:\\Users\\ayush\\AppData\\Roaming\\Python\\Python312\\site-packages\\torch\\fx\\experimental\\unify_refinements.py', reloading
 * Detected change in 'C:\\Users\\ayush\\AppData\\Roaming\\Python\\Python312\\site-packages\\torch\\fx\\experimental\\validator.py', reloading
 * Detected change in 'C:\\Users\\ayush\\AppData\\Roaming\\Python\\Python312\\site-packages\\torch\\fx\\experimental\\_backward_state.py', reloading
 * Detected change in 'C:\\Users\\ayush\\AppData\\Roaming\\Python\\Python312\\site-packages\\torch\\fx\\experimental\\_config.py', reloading
 * Detected change in 'C:\\Users\\ayush\\AppData\\Roaming\\Python\\Python312\\site-packages\\torch\\fx\\experimental\\_constant_symnode.py', reloading
 * Detected change in 'C:\\Users\\ayush\\AppData\\Roaming\\Python\\Python312\\site-packages\\torch\\fx\\experimental\\_dynamism.py', reloading
 * Detected change in 'C:\\Users\\ayush\\AppData\\Roaming\\Python\\Python312\\site-packages\\torch\\fx\\experimental\\_size_hinting.py', reloading
 * Detected change in 'C:\\Users\\ayush\\AppData\\Roaming\\Python\\Python312\\site-packages\\torch\\fx\\experimental\\__init__.py', reloading
 * Detected change in 'C:\\Users\\ayush\\AppData\\Roaming\\Python\\Python312\\site-packages\\torch\\fx\\experimental\\migrate_gradual_types\\constraint.py', reloading
 * Detected change in 'C:\\Users\\ayush\\AppData\\Roaming\\Python\\Python312\\site-packages\\torch\\fx\\experimental\\migrate_gradual_types\\constraint_generator.py', reloading
 * Detected change in 'C:\\Users\\ayush\\AppData\\Roaming\\Python\\Python312\\site-packages\\torch\\fx\\experimental\\migrate_gradual_types\\constraint_transformation.py', reloading
 * Detected change in 'C:\\Users\\ayush\\AppData\\Roaming\\Python\\Python312\\site-packages\\torch\\fx\\experimental\\migrate_gradual_types\\operation.py', reloading
 * Detected change in 'C:\\Users\\ayush\\AppData\\Roaming\\Python\\Python312\\site-packages\\torch\\fx\\experimental\\migrate_gradual_types\\transform_to_z3.py', reloading
 * Detected change in 'C:\\Users\\ayush\\AppData\\Roaming\\Python\\Python312\\site-packages\\torch\\fx\\experimental\\migrate_gradual_types\\util.py', reloading
 * Detected change in 'C:\\Users\\ayush\\AppData\\Roaming\\Python\\Python312\\site-packages\\torch\\fx\\experimental\\migrate_gradual_types\\z3_types.py', reloading
 * Detected change in 'C:\\Users\\ayush\\AppData\\Roaming\\Python\\Python312\\site-packages\\torch\\fx\\experimental\\migrate_gradual_types\\__init__.py', reloading
 * Detected change in 'C:\\Users\\ayush\\AppData\\Roaming\\Python\\Python312\\site-packages\\torch\\fx\\__init__.py', reloading
 * Detected change in 'C:\\Users\\ayush\\AppData\\Roaming\\Python\\Python312\\site-packages\\torch\\fx\\__init__.py', reloading
 * Detected change in 'C:\\Users\\ayush\\AppData\\Roaming\\Python\\Python312\\site-packages\\torch\\fx\\_compatibility.py', reloading
 * Detected change in 'C:\\Users\\ayush\\AppData\\Roaming\\Python\\Python312\\site-packages\\torch\\fx\\_compatibility.py', reloading
 * Detected change in 'C:\\Users\\ayush\\AppData\\Roaming\\Python\\Python312\\site-packages\\torch\\fx\\_graph_pickler.py', reloading
 * Detected change in 'C:\\Users\\ayush\\AppData\\Roaming\\Python\\Python312\\site-packages\\torch\\fx\\_graph_pickler.py', reloading
 * Detected change in 'C:\\Users\\ayush\\AppData\\Roaming\\Python\\Python312\\site-packages\\torch\\fx\\_lazy_graph_module.py', reloading
 * Detected change in 'C:\\Users\\ayush\\AppData\\Roaming\\Python\\Python312\\site-packages\\torch\\fx\\_lazy_graph_module.py', reloading
 * Detected change in 'C:\\Users\\ayush\\AppData\\Roaming\\Python\\Python312\\site-packages\\torch\\fx\\_pytree.py', reloading
 * Detected change in 'C:\\Users\\ayush\\AppData\\Roaming\\Python\\Python312\\site-packages\\torch\\fx\\_pytree.py', reloading
 * Detected change in 'C:\\Users\\ayush\\AppData\\Roaming\\Python\\Python312\\site-packages\\torch\\fx\\_symbolic_trace.py', reloading
 * Detected change in 'C:\\Users\\ayush\\AppData\\Roaming\\Python\\Python312\\site-packages\\torch\\fx\\_symbolic_trace.py', reloading
 * Detected change in 'C:\\Users\\ayush\\AppData\\Roaming\\Python\\Python312\\site-packages\\torch\\fx\\_utils.py', reloading
 * Detected change in 'C:\\Users\\ayush\\AppData\\Roaming\\Python\\Python312\\site-packages\\torch\\fx\\_utils.py', reloading
 * Detected change in 'C:\\Users\\ayush\\AppData\\Roaming\\Python\\Python312\\site-packages\\torch\\fx\\annotate.py', reloading
 * Detected change in 'C:\\Users\\ayush\\AppData\\Roaming\\Python\\Python312\\site-packages\\torch\\fx\\annotate.py', reloading
 * Detected change in 'C:\\Users\\ayush\\AppData\\Roaming\\Python\\Python312\\site-packages\\torch\\fx\\config.py', reloading
 * Detected change in 'C:\\Users\\ayush\\AppData\\Roaming\\Python\\Python312\\site-packages\\torch\\fx\\config.py', reloading
 * Detected change in 'C:\\Users\\ayush\\AppData\\Roaming\\Python\\Python312\\site-packages\\torch\\fx\\graph.py', reloading
 * Detected change in 'C:\\Users\\ayush\\AppData\\Roaming\\Python\\Python312\\site-packages\\torch\\fx\\graph.py', reloading
 * Detected change in 'C:\\Users\\ayush\\AppData\\Roaming\\Python\\Python312\\site-packages\\torch\\fx\\graph_module.py', reloading
 * Detected change in 'C:\\Users\\ayush\\AppData\\Roaming\\Python\\Python312\\site-packages\\torch\\fx\\graph_module.py', reloading
 * Detected change in 'C:\\Users\\ayush\\AppData\\Roaming\\Python\\Python312\\site-packages\\torch\\fx\\immutable_collections.py', reloading
 * Detected change in 'C:\\Users\\ayush\\AppData\\Roaming\\Python\\Python312\\site-packages\\torch\\fx\\immutable_collections.py', reloading
 * Detected change in 'C:\\Users\\ayush\\AppData\\Roaming\\Python\\Python312\\site-packages\\torch\\fx\\interpreter.py', reloading
 * Detected change in 'C:\\Users\\ayush\\AppData\\Roaming\\Python\\Python312\\site-packages\\torch\\fx\\interpreter.py', reloading
 * Detected change in 'C:\\Users\\ayush\\AppData\\Roaming\\Python\\Python312\\site-packages\\torch\\fx\\node.py', reloading
 * Detected change in 'C:\\Users\\ayush\\AppData\\Roaming\\Python\\Python312\\site-packages\\torch\\fx\\node.py', reloading
 * Detected change in 'C:\\Users\\ayush\\AppData\\Roaming\\Python\\Python312\\site-packages\\torch\\fx\\operator_schemas.py', reloading
 * Detected change in 'C:\\Users\\ayush\\AppData\\Roaming\\Python\\Python312\\site-packages\\torch\\fx\\operator_schemas.py', reloading
 * Detected change in 'C:\\Users\\ayush\\AppData\\Roaming\\Python\\Python312\\site-packages\\torch\\fx\\proxy.py', reloading
 * Detected change in 'C:\\Users\\ayush\\AppData\\Roaming\\Python\\Python312\\site-packages\\torch\\fx\\proxy.py', reloading
 * Detected change in 'C:\\Users\\ayush\\AppData\\Roaming\\Python\\Python312\\site-packages\\torch\\fx\\subgraph_rewriter.py', reloading
 * Detected change in 'C:\\Users\\ayush\\AppData\\Roaming\\Python\\Python312\\site-packages\\torch\\fx\\subgraph_rewriter.py', reloading
 * Detected change in 'C:\\Users\\ayush\\AppData\\Roaming\\Python\\Python312\\site-packages\\torch\\fx\\tensor_type.py', reloading
 * Detected change in 'C:\\Users\\ayush\\AppData\\Roaming\\Python\\Python312\\site-packages\\torch\\fx\\tensor_type.py', reloading
 * Detected change in 'C:\\Users\\ayush\\AppData\\Roaming\\Python\\Python312\\site-packages\\torch\\fx\\traceback.py', reloading
 * Detected change in 'C:\\Users\\ayush\\AppData\\Roaming\\Python\\Python312\\site-packages\\torch\\fx\\traceback.py', reloading
 * Detected change in 'C:\\Users\\ayush\\AppData\\Roaming\\Python\\Python312\\site-packages\\torch\\fx\\experimental\\accelerator_partitioner.py', reloading
 * Detected change in 'C:\\Users\\ayush\\AppData\\Roaming\\Python\\Python312\\site-packages\\torch\\fx\\experimental\\const_fold.py', reloading
 * Detected change in 'C:\\Users\\ayush\\AppData\\Roaming\\Python\\Python312\\site-packages\\torch\\fx\\experimental\\debug.py', reloading
 * Detected change in 'C:\\Users\\ayush\\AppData\\Roaming\\Python\\Python312\\site-packages\\torch\\fx\\experimental\\dynamic_spec.py', reloading
 * Detected change in 'C:\\Users\\ayush\\AppData\\Roaming\\Python\\Python312\\site-packages\\torch\\fx\\experimental\\graph_gradual_typechecker.py', reloading
 * Detected change in 'C:\\Users\\ayush\\AppData\\Roaming\\Python\\Python312\\site-packages\\torch\\fx\\experimental\\merge_matmul.py', reloading
 * Detected change in 'C:\\Users\\ayush\\AppData\\Roaming\\Python\\Python312\\site-packages\\torch\\fx\\experimental\\meta_tracer.py', reloading
 * Detected change in 'C:\\Users\\ayush\\AppData\\Roaming\\Python\\Python312\\site-packages\\torch\\fx\\experimental\\normalize.py', reloading
 * Detected change in 'C:\\Users\\ayush\\AppData\\Roaming\\Python\\Python312\\site-packages\\torch\\fx\\experimental\\optimization.py', reloading
 * Detected change in 'C:\\Users\\ayush\\AppData\\Roaming\\Python\\Python312\\site-packages\\torch\\fx\\experimental\\partitioner_utils.py', reloading
 * Detected change in 'C:\\Users\\ayush\\AppData\\Roaming\\Python\\Python312\\site-packages\\torch\\fx\\experimental\\proxy_tensor.py', reloading
 * Detected change in 'C:\\Users\\ayush\\AppData\\Roaming\\Python\\Python312\\site-packages\\torch\\fx\\experimental\\recording.py', reloading
 * Detected change in 'C:\\Users\\ayush\\AppData\\Roaming\\Python\\Python312\\site-packages\\torch\\fx\\experimental\\refinement_types.py', reloading
 * Detected change in 'C:\\Users\\ayush\\AppData\\Roaming\\Python\\Python312\\site-packages\\torch\\fx\\experimental\\rewriter.py', reloading
 * Detected change in 'C:\\Users\\ayush\\AppData\\Roaming\\Python\\Python312\\site-packages\\torch\\fx\\experimental\\schema_type_annotation.py', reloading
 * Detected change in 'C:\\Users\\ayush\\AppData\\Roaming\\Python\\Python312\\site-packages\\torch\\fx\\experimental\\symbolic_shapes.py', reloading
 * Detected change in 'C:\\Users\\ayush\\AppData\\Roaming\\Python\\Python312\\site-packages\\torch\\fx\\experimental\\sym_node.py', reloading
 * Detected change in 'C:\\Users\\ayush\\AppData\\Roaming\\Python\\Python312\\site-packages\\torch\\fx\\experimental\\unify_refinements.py', reloading
 * Detected change in 'C:\\Users\\ayush\\AppData\\Roaming\\Python\\Python312\\site-packages\\torch\\fx\\experimental\\validator.py', reloading
 * Detected change in 'C:\\Users\\ayush\\AppData\\Roaming\\Python\\Python312\\site-packages\\torch\\fx\\experimental\\_backward_state.py', reloading
 * Detected change in 'C:\\Users\\ayush\\AppData\\Roaming\\Python\\Python312\\site-packages\\torch\\fx\\experimental\\_config.py', reloading
 * Detected change in 'C:\\Users\\ayush\\AppData\\Roaming\\Python\\Python312\\site-packages\\torch\\fx\\experimental\\_constant_symnode.py', reloading
 * Detected change in 'C:\\Users\\ayush\\AppData\\Roaming\\Python\\Python312\\site-packages\\torch\\fx\\experimental\\_dynamism.py', reloading
 * Detected change in 'C:\\Users\\ayush\\AppData\\Roaming\\Python\\Python312\\site-packages\\torch\\fx\\experimental\\_size_hinting.py', reloading
 * Detected change in 'C:\\Users\\ayush\\AppData\\Roaming\\Python\\Python312\\site-packages\\torch\\fx\\experimental\\__init__.py', reloading
 * Detected change in 'C:\\Users\\ayush\\AppData\\Roaming\\Python\\Python312\\site-packages\\torch\\fx\\experimental\\migrate_gradual_types\\constraint.py', reloading
 * Detected change in 'C:\\Users\\ayush\\AppData\\Roaming\\Python\\Python312\\site-packages\\torch\\fx\\experimental\\migrate_gradual_types\\constraint_generator.py', reloading
 * Detected change in 'C:\\Users\\ayush\\AppData\\Roaming\\Python\\Python312\\site-packages\\torch\\fx\\experimental\\migrate_gradual_types\\constraint_transformation.py', reloading
 * Detected change in 'C:\\Users\\ayush\\AppData\\Roaming\\Python\\Python312\\site-packages\\torch\\fx\\experimental\\migrate_gradual_types\\operation.py', reloading
 * Detected change in 'C:\\Users\\ayush\\AppData\\Roaming\\Python\\Python312\\site-packages\\torch\\fx\\experimental\\migrate_gradual_types\\transform_to_z3.py', reloading
 * Detected change in 'C:\\Users\\ayush\\AppData\\Roaming\\Python\\Python312\\site-packages\\torch\\fx\\experimental\\migrate_gradual_types\\util.py', reloading
 * Detected change in 'C:\\Users\\ayush\\AppData\\Roaming\\Python\\Python312\\site-packages\\torch\\fx\\experimental\\migrate_gradual_types\\z3_types.py', reloading
 * Detected change in 'C:\\Users\\ayush\\AppData\\Roaming\\Python\\Python312\\site-packages\\torch\\fx\\experimental\\migrate_gradual_types\\__init__.py', reloading
 * Detected change in 'C:\\Users\\ayush\\AppData\\Roaming\\Python\\Python312\\site-packages\\torch\\fx\\experimental\\unification\\core.py', reloading
 * Detected change in 'C:\\Users\\ayush\\AppData\\Roaming\\Python\\Python312\\site-packages\\torch\\fx\\experimental\\unification\\dispatch.py', reloading
 * Detected change in 'C:\\Users\\ayush\\AppData\\Roaming\\Python\\Python312\\site-packages\\torch\\fx\\experimental\\unification\\match.py', reloading
 * Detected change in 'C:\\Users\\ayush\\AppData\\Roaming\\Python\\Python312\\site-packages\\torch\\fx\\experimental\\unification\\more.py', reloading
 * Detected change in 'C:\\Users\\ayush\\AppData\\Roaming\\Python\\Python312\\site-packages\\torch\\fx\\experimental\\unification\\unification_tools.py', reloading
 * Detected change in 'C:\\Users\\ayush\\AppData\\Roaming\\Python\\Python312\\site-packages\\torch\\fx\\experimental\\unification\\utils.py', reloading
 * Detected change in 'C:\\Users\\ayush\\AppData\\Roaming\\Python\\Python312\\site-packages\\torch\\fx\\experimental\\unification\\variable.py', reloading
 * Detected change in 'C:\\Users\\ayush\\AppData\\Roaming\\Python\\Python312\\site-packages\\torch\\fx\\experimental\\unification\\__init__.py', reloading
 * Detected change in 'C:\\Users\\ayush\\AppData\\Roaming\\Python\\Python312\\site-packages\\torch\\fx\\experimental\\unification\\multipledispatch\\conflict.py', reloading
 * Detected change in 'C:\\Users\\ayush\\AppData\\Roaming\\Python\\Python312\\site-packages\\torch\\fx\\experimental\\unification\\multipledispatch\\core.py', reloading
 * Detected change in 'C:\\Users\\ayush\\AppData\\Roaming\\Python\\Python312\\site-packages\\torch\\fx\\experimental\\unification\\multipledispatch\\dispatcher.py', reloading
 * Detected change in 'C:\\Users\\ayush\\AppData\\Roaming\\Python\\Python312\\site-packages\\torch\\fx\\experimental\\unification\\multipledispatch\\utils.py', reloading
 * Detected change in 'C:\\Users\\ayush\\AppData\\Roaming\\Python\\Python312\\site-packages\\torch\\fx\\experimental\\unification\\multipledispatch\\variadic.py', reloading
 * Detected change in 'C:\\Users\\ayush\\AppData\\Roaming\\Python\\Python312\\site-packages\\torch\\fx\\experimental\\unification\\multipledispatch\\__init__.py', reloading
 * Detected change in 'C:\\Users\\ayush\\AppData\\Roaming\\Python\\Python312\\site-packages\\torch\\fx\\experimental\\__init__.py', reloading
 * Detected change in 'C:\\Users\\ayush\\AppData\\Roaming\\Python\\Python312\\site-packages\\torch\\fx\\experimental\\_backward_state.py', reloading
 * Detected change in 'C:\\Users\\ayush\\AppData\\Roaming\\Python\\Python312\\site-packages\\torch\\fx\\experimental\\_backward_state.py', reloading
 * Detected change in 'C:\\Users\\ayush\\AppData\\Roaming\\Python\\Python312\\site-packages\\torch\\fx\\experimental\\_config.py', reloading
 * Detected change in 'C:\\Users\\ayush\\AppData\\Roaming\\Python\\Python312\\site-packages\\torch\\fx\\experimental\\_config.py', reloading
 * Detected change in 'C:\\Users\\ayush\\AppData\\Roaming\\Python\\Python312\\site-packages\\torch\\fx\\experimental\\_constant_symnode.py', reloading
 * Detected change in 'C:\\Users\\ayush\\AppData\\Roaming\\Python\\Python312\\site-packages\\torch\\fx\\experimental\\_constant_symnode.py', reloading
 * Detected change in 'C:\\Users\\ayush\\AppData\\Roaming\\Python\\Python312\\site-packages\\torch\\fx\\experimental\\_dynamism.py', reloading
 * Detected change in 'C:\\Users\\ayush\\AppData\\Roaming\\Python\\Python312\\site-packages\\torch\\fx\\experimental\\_dynamism.py', reloading
 * Detected change in 'C:\\Users\\ayush\\AppData\\Roaming\\Python\\Python312\\site-packages\\torch\\fx\\experimental\\_size_hinting.py', reloading
 * Detected change in 'C:\\Users\\ayush\\AppData\\Roaming\\Python\\Python312\\site-packages\\torch\\fx\\experimental\\_size_hinting.py', reloading
 * Detected change in 'C:\\Users\\ayush\\AppData\\Roaming\\Python\\Python312\\site-packages\\torch\\fx\\experimental\\accelerator_partitioner.py', reloading
 * Detected change in 'C:\\Users\\ayush\\AppData\\Roaming\\Python\\Python312\\site-packages\\torch\\fx\\experimental\\accelerator_partitioner.py', reloading
 * Detected change in 'C:\\Users\\ayush\\AppData\\Roaming\\Python\\Python312\\site-packages\\torch\\fx\\experimental\\const_fold.py', reloading
 * Detected change in 'C:\\Users\\ayush\\AppData\\Roaming\\Python\\Python312\\site-packages\\torch\\fx\\experimental\\const_fold.py', reloading
 * Detected change in 'C:\\Users\\ayush\\AppData\\Roaming\\Python\\Python312\\site-packages\\torch\\fx\\experimental\\debug.py', reloading
 * Detected change in 'C:\\Users\\ayush\\AppData\\Roaming\\Python\\Python312\\site-packages\\torch\\fx\\experimental\\debug.py', reloading
 * Detected change in 'C:\\Users\\ayush\\AppData\\Roaming\\Python\\Python312\\site-packages\\torch\\fx\\experimental\\dynamic_spec.py', reloading
 * Detected change in 'C:\\Users\\ayush\\AppData\\Roaming\\Python\\Python312\\site-packages\\torch\\fx\\experimental\\dynamic_spec.py', reloading
 * Detected change in 'C:\\Users\\ayush\\AppData\\Roaming\\Python\\Python312\\site-packages\\torch\\fx\\experimental\\graph_gradual_typechecker.py', reloading
 * Detected change in 'C:\\Users\\ayush\\AppData\\Roaming\\Python\\Python312\\site-packages\\torch\\fx\\experimental\\graph_gradual_typechecker.py', reloading
 * Detected change in 'C:\\Users\\ayush\\AppData\\Roaming\\Python\\Python312\\site-packages\\torch\\fx\\experimental\\merge_matmul.py', reloading
 * Detected change in 'C:\\Users\\ayush\\AppData\\Roaming\\Python\\Python312\\site-packages\\torch\\fx\\experimental\\merge_matmul.py', reloading
 * Detected change in 'C:\\Users\\ayush\\AppData\\Roaming\\Python\\Python312\\site-packages\\torch\\fx\\experimental\\meta_tracer.py', reloading
 * Detected change in 'C:\\Users\\ayush\\AppData\\Roaming\\Python\\Python312\\site-packages\\torch\\fx\\experimental\\meta_tracer.py', reloading
 * Detected change in 'C:\\Users\\ayush\\AppData\\Roaming\\Python\\Python312\\site-packages\\torch\\fx\\experimental\\normalize.py', reloading
 * Detected change in 'C:\\Users\\ayush\\AppData\\Roaming\\Python\\Python312\\site-packages\\torch\\fx\\experimental\\normalize.py', reloading
 * Detected change in 'C:\\Users\\ayush\\AppData\\Roaming\\Python\\Python312\\site-packages\\torch\\fx\\experimental\\optimization.py', reloading
 * Detected change in 'C:\\Users\\ayush\\AppData\\Roaming\\Python\\Python312\\site-packages\\torch\\fx\\experimental\\optimization.py', reloading
 * Detected change in 'C:\\Users\\ayush\\AppData\\Roaming\\Python\\Python312\\site-packages\\torch\\fx\\experimental\\partitioner_utils.py', reloading
 * Detected change in 'C:\\Users\\ayush\\AppData\\Roaming\\Python\\Python312\\site-packages\\torch\\fx\\experimental\\partitioner_utils.py', reloading
 * Detected change in 'C:\\Users\\ayush\\AppData\\Roaming\\Python\\Python312\\site-packages\\torch\\fx\\experimental\\proxy_tensor.py', reloading
 * Detected change in 'C:\\Users\\ayush\\AppData\\Roaming\\Python\\Python312\\site-packages\\torch\\fx\\experimental\\proxy_tensor.py', reloading
 * Detected change in 'C:\\Users\\ayush\\AppData\\Roaming\\Python\\Python312\\site-packages\\torch\\fx\\experimental\\recording.py', reloading
 * Detected change in 'C:\\Users\\ayush\\AppData\\Roaming\\Python\\Python312\\site-packages\\torch\\fx\\experimental\\recording.py', reloading
 * Detected change in 'C:\\Users\\ayush\\AppData\\Roaming\\Python\\Python312\\site-packages\\torch\\fx\\experimental\\refinement_types.py', reloading
 * Detected change in 'C:\\Users\\ayush\\AppData\\Roaming\\Python\\Python312\\site-packages\\torch\\fx\\experimental\\refinement_types.py', reloading
 * Detected change in 'C:\\Users\\ayush\\AppData\\Roaming\\Python\\Python312\\site-packages\\torch\\fx\\experimental\\rewriter.py', reloading
 * Detected change in 'C:\\Users\\ayush\\AppData\\Roaming\\Python\\Python312\\site-packages\\torch\\fx\\experimental\\rewriter.py', reloading
 * Detected change in 'C:\\Users\\ayush\\AppData\\Roaming\\Python\\Python312\\site-packages\\torch\\fx\\experimental\\schema_type_annotation.py', reloading
 * Detected change in 'C:\\Users\\ayush\\AppData\\Roaming\\Python\\Python312\\site-packages\\torch\\fx\\experimental\\schema_type_annotation.py', reloading
 * Detected change in 'C:\\Users\\ayush\\AppData\\Roaming\\Python\\Python312\\site-packages\\torch\\fx\\experimental\\sym_node.py', reloading
 * Detected change in 'C:\\Users\\ayush\\AppData\\Roaming\\Python\\Python312\\site-packages\\torch\\fx\\experimental\\sym_node.py', reloading
 * Detected change in 'C:\\Users\\ayush\\AppData\\Roaming\\Python\\Python312\\site-packages\\torch\\fx\\experimental\\symbolic_shapes.py', reloading
 * Detected change in 'C:\\Users\\ayush\\AppData\\Roaming\\Python\\Python312\\site-packages\\torch\\fx\\experimental\\symbolic_shapes.py', reloading
 * Detected change in 'C:\\Users\\ayush\\AppData\\Roaming\\Python\\Python312\\site-packages\\torch\\fx\\experimental\\unify_refinements.py', reloading
 * Detected change in 'C:\\Users\\ayush\\AppData\\Roaming\\Python\\Python312\\site-packages\\torch\\fx\\experimental\\unify_refinements.py', reloading
 * Detected change in 'C:\\Users\\ayush\\AppData\\Roaming\\Python\\Python312\\site-packages\\torch\\fx\\experimental\\validator.py', reloading
 * Detected change in 'C:\\Users\\ayush\\AppData\\Roaming\\Python\\Python312\\site-packages\\torch\\fx\\experimental\\validator.py', reloading
 * Detected change in 'C:\\Users\\ayush\\AppData\\Roaming\\Python\\Python312\\site-packages\\torch\\fx\\experimental\\migrate_gradual_types\\constraint.py', reloading
 * Detected change in 'C:\\Users\\ayush\\AppData\\Roaming\\Python\\Python312\\site-packages\\torch\\fx\\experimental\\migrate_gradual_types\\constraint_generator.py', reloading
 * Detected change in 'C:\\Users\\ayush\\AppData\\Roaming\\Python\\Python312\\site-packages\\torch\\fx\\experimental\\migrate_gradual_types\\constraint_transformation.py', reloading
 * Detected change in 'C:\\Users\\ayush\\AppData\\Roaming\\Python\\Python312\\site-packages\\torch\\fx\\experimental\\migrate_gradual_types\\operation.py', reloading
 * Detected change in 'C:\\Users\\ayush\\AppData\\Roaming\\Python\\Python312\\site-packages\\torch\\fx\\experimental\\migrate_gradual_types\\transform_to_z3.py', reloading
 * Detected change in 'C:\\Users\\ayush\\AppData\\Roaming\\Python\\Python312\\site-packages\\torch\\fx\\experimental\\migrate_gradual_types\\util.py', reloading
 * Detected change in 'C:\\Users\\ayush\\AppData\\Roaming\\Python\\Python312\\site-packages\\torch\\fx\\experimental\\migrate_gradual_types\\z3_types.py', reloading
 * Detected change in 'C:\\Users\\ayush\\AppData\\Roaming\\Python\\Python312\\site-packages\\torch\\fx\\experimental\\migrate_gradual_types\\__init__.py', reloading
 * Detected change in 'C:\\Users\\ayush\\AppData\\Roaming\\Python\\Python312\\site-packages\\torch\\fx\\experimental\\migrate_gradual_types\\__init__.py', reloading
 * Detected change in 'C:\\Users\\ayush\\AppData\\Roaming\\Python\\Python312\\site-packages\\torch\\fx\\experimental\\migrate_gradual_types\\constraint.py', reloading
 * Detected change in 'C:\\Users\\ayush\\AppData\\Roaming\\Python\\Python312\\site-packages\\torch\\fx\\experimental\\migrate_gradual_types\\constraint.py', reloading
 * Detected change in 'C:\\Users\\ayush\\AppData\\Roaming\\Python\\Python312\\site-packages\\torch\\fx\\experimental\\migrate_gradual_types\\constraint_generator.py', reloading
 * Detected change in 'C:\\Users\\ayush\\AppData\\Roaming\\Python\\Python312\\site-packages\\torch\\fx\\experimental\\migrate_gradual_types\\constraint_generator.py', reloading
 * Detected change in 'C:\\Users\\ayush\\AppData\\Roaming\\Python\\Python312\\site-packages\\torch\\fx\\experimental\\migrate_gradual_types\\constraint_transformation.py', reloading
 * Detected change in 'C:\\Users\\ayush\\AppData\\Roaming\\Python\\Python312\\site-packages\\torch\\fx\\experimental\\migrate_gradual_types\\constraint_transformation.py', reloading
 * Detected change in 'C:\\Users\\ayush\\AppData\\Roaming\\Python\\Python312\\site-packages\\torch\\fx\\experimental\\migrate_gradual_types\\operation.py', reloading
 * Detected change in 'C:\\Users\\ayush\\AppData\\Roaming\\Python\\Python312\\site-packages\\torch\\fx\\experimental\\migrate_gradual_types\\operation.py', reloading
 * Detected change in 'C:\\Users\\ayush\\AppData\\Roaming\\Python\\Python312\\site-packages\\torch\\fx\\experimental\\migrate_gradual_types\\transform_to_z3.py', reloading
 * Detected change in 'C:\\Users\\ayush\\AppData\\Roaming\\Python\\Python312\\site-packages\\torch\\fx\\experimental\\migrate_gradual_types\\transform_to_z3.py', reloading
 * Detected change in 'C:\\Users\\ayush\\AppData\\Roaming\\Python\\Python312\\site-packages\\torch\\fx\\experimental\\migrate_gradual_types\\util.py', reloading
 * Detected change in 'C:\\Users\\ayush\\AppData\\Roaming\\Python\\Python312\\site-packages\\torch\\fx\\experimental\\migrate_gradual_types\\util.py', reloading
 * Detected change in 'C:\\Users\\ayush\\AppData\\Roaming\\Python\\Python312\\site-packages\\torch\\fx\\experimental\\migrate_gradual_types\\z3_types.py', reloading
 * Detected change in 'C:\\Users\\ayush\\AppData\\Roaming\\Python\\Python312\\site-packages\\torch\\fx\\experimental\\migrate_gradual_types\\z3_types.py', reloading
 * Detected change in 'C:\\Users\\ayush\\AppData\\Roaming\\Python\\Python312\\site-packages\\torch\\fx\\experimental\\unification\\core.py', reloading
 * Detected change in 'C:\\Users\\ayush\\AppData\\Roaming\\Python\\Python312\\site-packages\\torch\\fx\\experimental\\unification\\dispatch.py', reloading
 * Detected change in 'C:\\Users\\ayush\\AppData\\Roaming\\Python\\Python312\\site-packages\\torch\\fx\\experimental\\unification\\match.py', reloading
 * Detected change in 'C:\\Users\\ayush\\AppData\\Roaming\\Python\\Python312\\site-packages\\torch\\fx\\experimental\\unification\\more.py', reloading
 * Detected change in 'C:\\Users\\ayush\\AppData\\Roaming\\Python\\Python312\\site-packages\\torch\\fx\\experimental\\unification\\unification_tools.py', reloading
 * Detected change in 'C:\\Users\\ayush\\AppData\\Roaming\\Python\\Python312\\site-packages\\torch\\fx\\experimental\\unification\\utils.py', reloading
 * Detected change in 'C:\\Users\\ayush\\AppData\\Roaming\\Python\\Python312\\site-packages\\torch\\fx\\experimental\\unification\\variable.py', reloading
 * Detected change in 'C:\\Users\\ayush\\AppData\\Roaming\\Python\\Python312\\site-packages\\torch\\fx\\experimental\\unification\\__init__.py', reloading
 * Detected change in 'C:\\Users\\ayush\\AppData\\Roaming\\Python\\Python312\\site-packages\\torch\\fx\\experimental\\unification\\multipledispatch\\conflict.py', reloading
 * Detected change in 'C:\\Users\\ayush\\AppData\\Roaming\\Python\\Python312\\site-packages\\torch\\fx\\experimental\\unification\\multipledispatch\\core.py', reloading
 * Detected change in 'C:\\Users\\ayush\\AppData\\Roaming\\Python\\Python312\\site-packages\\torch\\fx\\experimental\\unification\\multipledispatch\\dispatcher.py', reloading
 * Detected change in 'C:\\Users\\ayush\\AppData\\Roaming\\Python\\Python312\\site-packages\\torch\\fx\\experimental\\unification\\multipledispatch\\utils.py', reloading
 * Detected change in 'C:\\Users\\ayush\\AppData\\Roaming\\Python\\Python312\\site-packages\\torch\\fx\\experimental\\unification\\multipledispatch\\variadic.py', reloading
 * Detected change in 'C:\\Users\\ayush\\AppData\\Roaming\\Python\\Python312\\site-packages\\torch\\fx\\experimental\\unification\\multipledispatch\\__init__.py', reloading
 * Detected change in 'C:\\Users\\ayush\\AppData\\Roaming\\Python\\Python312\\site-packages\\torch\\fx\\experimental\\unification\\__init__.py', reloading
 * Detected change in 'C:\\Users\\ayush\\AppData\\Roaming\\Python\\Python312\\site-packages\\torch\\fx\\experimental\\unification\\__init__.py', reloading
 * Detected change in 'C:\\Users\\ayush\\AppData\\Roaming\\Python\\Python312\\site-packages\\torch\\fx\\experimental\\unification\\core.py', reloading
 * Detected change in 'C:\\Users\\ayush\\AppData\\Roaming\\Python\\Python312\\site-packages\\torch\\fx\\experimental\\unification\\core.py', reloading
 * Detected change in 'C:\\Users\\ayush\\AppData\\Roaming\\Python\\Python312\\site-packages\\torch\\fx\\experimental\\unification\\dispatch.py', reloading
 * Detected change in 'C:\\Users\\ayush\\AppData\\Roaming\\Python\\Python312\\site-packages\\torch\\fx\\experimental\\unification\\dispatch.py', reloading
 * Detected change in 'C:\\Users\\ayush\\AppData\\Roaming\\Python\\Python312\\site-packages\\torch\\fx\\experimental\\unification\\match.py', reloading
 * Detected change in 'C:\\Users\\ayush\\AppData\\Roaming\\Python\\Python312\\site-packages\\torch\\fx\\experimental\\unification\\match.py', reloading
 * Detected change in 'C:\\Users\\ayush\\AppData\\Roaming\\Python\\Python312\\site-packages\\torch\\fx\\experimental\\unification\\more.py', reloading
 * Detected change in 'C:\\Users\\ayush\\AppData\\Roaming\\Python\\Python312\\site-packages\\torch\\fx\\experimental\\unification\\more.py', reloading
 * Detected change in 'C:\\Users\\ayush\\AppData\\Roaming\\Python\\Python312\\site-packages\\torch\\fx\\experimental\\unification\\unification_tools.py', reloading
 * Detected change in 'C:\\Users\\ayush\\AppData\\Roaming\\Python\\Python312\\site-packages\\torch\\fx\\experimental\\unification\\unification_tools.py', reloading
 * Detected change in 'C:\\Users\\ayush\\AppData\\Roaming\\Python\\Python312\\site-packages\\torch\\fx\\experimental\\unification\\utils.py', reloading
 * Detected change in 'C:\\Users\\ayush\\AppData\\Roaming\\Python\\Python312\\site-packages\\torch\\fx\\experimental\\unification\\utils.py', reloading
 * Detected change in 'C:\\Users\\ayush\\AppData\\Roaming\\Python\\Python312\\site-packages\\torch\\fx\\experimental\\unification\\variable.py', reloading
 * Detected change in 'C:\\Users\\ayush\\AppData\\Roaming\\Python\\Python312\\site-packages\\torch\\fx\\experimental\\unification\\variable.py', reloading
 * Detected change in 'C:\\Users\\ayush\\AppData\\Roaming\\Python\\Python312\\site-packages\\torch\\fx\\experimental\\unification\\multipledispatch\\conflict.py', reloading
 * Detected change in 'C:\\Users\\ayush\\AppData\\Roaming\\Python\\Python312\\site-packages\\torch\\fx\\experimental\\unification\\multipledispatch\\core.py', reloading
 * Detected change in 'C:\\Users\\ayush\\AppData\\Roaming\\Python\\Python312\\site-packages\\torch\\fx\\experimental\\unification\\multipledispatch\\dispatcher.py', reloading
 * Detected change in 'C:\\Users\\ayush\\AppData\\Roaming\\Python\\Python312\\site-packages\\torch\\fx\\experimental\\unification\\multipledispatch\\utils.py', reloading
 * Detected change in 'C:\\Users\\ayush\\AppData\\Roaming\\Python\\Python312\\site-packages\\torch\\fx\\experimental\\unification\\multipledispatch\\variadic.py', reloading
 * Detected change in 'C:\\Users\\ayush\\AppData\\Roaming\\Python\\Python312\\site-packages\\torch\\fx\\experimental\\unification\\multipledispatch\\__init__.py', reloading
 * Detected change in 'C:\\Users\\ayush\\AppData\\Roaming\\Python\\Python312\\site-packages\\torch\\fx\\experimental\\unification\\multipledispatch\\__init__.py', reloading
 * Detected change in 'C:\\Users\\ayush\\AppData\\Roaming\\Python\\Python312\\site-packages\\torch\\fx\\experimental\\unification\\multipledispatch\\__init__.py', reloading
 * Detected change in 'C:\\Users\\ayush\\AppData\\Roaming\\Python\\Python312\\site-packages\\torch\\fx\\experimental\\unification\\multipledispatch\\conflict.py', reloading
 * Detected change in 'C:\\Users\\ayush\\AppData\\Roaming\\Python\\Python312\\site-packages\\torch\\fx\\experimental\\unification\\multipledispatch\\conflict.py', reloading
 * Detected change in 'C:\\Users\\ayush\\AppData\\Roaming\\Python\\Python312\\site-packages\\torch\\fx\\experimental\\unification\\multipledispatch\\core.py', reloading
 * Detected change in 'C:\\Users\\ayush\\AppData\\Roaming\\Python\\Python312\\site-packages\\torch\\fx\\experimental\\unification\\multipledispatch\\core.py', reloading
 * Detected change in 'C:\\Users\\ayush\\AppData\\Roaming\\Python\\Python312\\site-packages\\torch\\fx\\experimental\\unification\\multipledispatch\\dispatcher.py', reloading
 * Detected change in 'C:\\Users\\ayush\\AppData\\Roaming\\Python\\Python312\\site-packages\\torch\\fx\\experimental\\unification\\multipledispatch\\dispatcher.py', reloading
 * Detected change in 'C:\\Users\\ayush\\AppData\\Roaming\\Python\\Python312\\site-packages\\torch\\fx\\experimental\\unification\\multipledispatch\\utils.py', reloading
 * Detected change in 'C:\\Users\\ayush\\AppData\\Roaming\\Python\\Python312\\site-packages\\torch\\fx\\experimental\\unification\\multipledispatch\\utils.py', reloading
 * Detected change in 'C:\\Users\\ayush\\AppData\\Roaming\\Python\\Python312\\site-packages\\torch\\fx\\experimental\\unification\\multipledispatch\\variadic.py', reloading
 * Detected change in 'C:\\Users\\ayush\\AppData\\Roaming\\Python\\Python312\\site-packages\\torch\\fx\\experimental\\unification\\multipledispatch\\variadic.py', reloading
 * Detected change in 'C:\\Users\\ayush\\AppData\\Roaming\\Python\\Python312\\site-packages\\torch\\fx\\passes\\annotate_getitem_nodes.py', reloading
 * Detected change in 'C:\\Users\\ayush\\AppData\\Roaming\\Python\\Python312\\site-packages\\torch\\fx\\passes\\fake_tensor_prop.py', reloading
 * Detected change in 'C:\\Users\\ayush\\AppData\\Roaming\\Python\\Python312\\site-packages\\torch\\fx\\passes\\graph_drawer.py', reloading
 * Detected change in 'C:\\Users\\ayush\\AppData\\Roaming\\Python\\Python312\\site-packages\\torch\\fx\\passes\\graph_manipulation.py', reloading
 * Detected change in 'C:\\Users\\ayush\\AppData\\Roaming\\Python\\Python312\\site-packages\\torch\\fx\\passes\\graph_transform_observer.py', reloading
 * Detected change in 'C:\\Users\\ayush\\AppData\\Roaming\\Python\\Python312\\site-packages\\torch\\fx\\passes\\net_min_base.py', reloading
 * Detected change in 'C:\\Users\\ayush\\AppData\\Roaming\\Python\\Python312\\site-packages\\torch\\fx\\passes\\operator_support.py', reloading
 * Detected change in 'C:\\Users\\ayush\\AppData\\Roaming\\Python\\Python312\\site-packages\\torch\\fx\\passes\\param_fetch.py', reloading
 * Detected change in 'C:\\Users\\ayush\\AppData\\Roaming\\Python\\Python312\\site-packages\\torch\\fx\\passes\\pass_manager.py', reloading
 * Detected change in 'C:\\Users\\ayush\\AppData\\Roaming\\Python\\Python312\\site-packages\\torch\\fx\\passes\\regional_inductor.py', reloading
 * Detected change in 'C:\\Users\\ayush\\AppData\\Roaming\\Python\\Python312\\site-packages\\torch\\fx\\passes\\regional_inductor_invoke_subgraph.py', reloading
 * Detected change in 'C:\\Users\\ayush\\AppData\\Roaming\\Python\\Python312\\site-packages\\torch\\fx\\passes\\reinplace.py', reloading
 * Detected change in 'C:\\Users\\ayush\\AppData\\Roaming\\Python\\Python312\\site-packages\\torch\\fx\\passes\\runtime_assert.py', reloading
 * Detected change in 'C:\\Users\\ayush\\AppData\\Roaming\\Python\\Python312\\site-packages\\torch\\fx\\passes\\shape_prop.py', reloading
 * Detected change in 'C:\\Users\\ayush\\AppData\\Roaming\\Python\\Python312\\site-packages\\torch\\fx\\passes\\splitter_base.py', reloading
 * Detected change in 'C:\\Users\\ayush\\AppData\\Roaming\\Python\\Python312\\site-packages\\torch\\fx\\passes\\split_module.py', reloading
 * Detected change in 'C:\\Users\\ayush\\AppData\\Roaming\\Python\\Python312\\site-packages\\torch\\fx\\passes\\split_utils.py', reloading
 * Detected change in 'C:\\Users\\ayush\\AppData\\Roaming\\Python\\Python312\\site-packages\\torch\\fx\\passes\\tools_common.py', reloading
 * Detected change in 'C:\\Users\\ayush\\AppData\\Roaming\\Python\\Python312\\site-packages\\torch\\fx\\passes\\_tensorify_python_scalars.py', reloading
 * Detected change in 'C:\\Users\\ayush\\AppData\\Roaming\\Python\\Python312\\site-packages\\torch\\fx\\passes\\__init__.py', reloading
 * Detected change in 'C:\\Users\\ayush\\AppData\\Roaming\\Python\\Python312\\site-packages\\torch\\fx\\passes\\backends\\cudagraphs.py', reloading
 * Detected change in 'C:\\Users\\ayush\\AppData\\Roaming\\Python\\Python312\\site-packages\\torch\\fx\\passes\\backends\\__init__.py', reloading
 * Detected change in 'C:\\Users\\ayush\\AppData\\Roaming\\Python\\Python312\\site-packages\\torch\\fx\\passes\\dialect\\__init__.py', reloading
 * Detected change in 'C:\\Users\\ayush\\AppData\\Roaming\\Python\\Python312\\site-packages\\torch\\fx\\passes\\dialect\\common\\cse_pass.py', reloading
 * Detected change in 'C:\\Users\\ayush\\AppData\\Roaming\\Python\\Python312\\site-packages\\torch\\fx\\passes\\dialect\\common\\__init__.py', reloading
 * Detected change in 'C:\\Users\\ayush\\AppData\\Roaming\\Python\\Python312\\site-packages\\torch\\fx\\passes\\infra\\partitioner.py', reloading
 * Detected change in 'C:\\Users\\ayush\\AppData\\Roaming\\Python\\Python312\\site-packages\\torch\\fx\\passes\\infra\\pass_base.py', reloading
 * Detected change in 'C:\\Users\\ayush\\AppData\\Roaming\\Python\\Python312\\site-packages\\torch\\fx\\passes\\infra\\pass_manager.py', reloading
 * Detected change in 'C:\\Users\\ayush\\AppData\\Roaming\\Python\\Python312\\site-packages\\torch\\fx\\passes\\infra\\__init__.py', reloading
 * Detected change in 'C:\\Users\\ayush\\AppData\\Roaming\\Python\\Python312\\site-packages\\torch\\fx\\passes\\tests\\test_pass_manager.py', reloading
 * Detected change in 'C:\\Users\\ayush\\AppData\\Roaming\\Python\\Python312\\site-packages\\torch\\fx\\passes\\tests\\_test_split_utils.py', reloading
 * Detected change in 'C:\\Users\\ayush\\AppData\\Roaming\\Python\\Python312\\site-packages\\torch\\fx\\passes\\tests\\__init__.py', reloading
 * Detected change in 'C:\\Users\\ayush\\AppData\\Roaming\\Python\\Python312\\site-packages\\torch\\fx\\passes\\utils\\common.py', reloading
 * Detected change in 'C:\\Users\\ayush\\AppData\\Roaming\\Python\\Python312\\site-packages\\torch\\fx\\passes\\utils\\fuser_utils.py', reloading
 * Detected change in 'C:\\Users\\ayush\\AppData\\Roaming\\Python\\Python312\\site-packages\\torch\\fx\\passes\\utils\\matcher_utils.py', reloading
 * Detected change in 'C:\\Users\\ayush\\AppData\\Roaming\\Python\\Python312\\site-packages\\torch\\fx\\passes\\utils\\matcher_with_name_node_map_utils.py', reloading
 * Detected change in 'C:\\Users\\ayush\\AppData\\Roaming\\Python\\Python312\\site-packages\\torch\\fx\\passes\\utils\\source_matcher_utils.py', reloading
 * Detected change in 'C:\\Users\\ayush\\AppData\\Roaming\\Python\\Python312\\site-packages\\torch\\fx\\passes\\utils\\__init__.py', reloading
 * Detected change in 'C:\\Users\\ayush\\AppData\\Roaming\\Python\\Python312\\site-packages\\torch\\fx\\passes\\__init__.py', reloading
 * Detected change in 'C:\\Users\\ayush\\AppData\\Roaming\\Python\\Python312\\site-packages\\torch\\fx\\passes\\__init__.py', reloading
 * Detected change in 'C:\\Users\\ayush\\AppData\\Roaming\\Python\\Python312\\site-packages\\torch\\fx\\passes\\_tensorify_python_scalars.py', reloading
 * Detected change in 'C:\\Users\\ayush\\AppData\\Roaming\\Python\\Python312\\site-packages\\torch\\fx\\passes\\_tensorify_python_scalars.py', reloading
 * Detected change in 'C:\\Users\\ayush\\AppData\\Roaming\\Python\\Python312\\site-packages\\torch\\fx\\passes\\annotate_getitem_nodes.py', reloading
 * Detected change in 'C:\\Users\\ayush\\AppData\\Roaming\\Python\\Python312\\site-packages\\torch\\fx\\passes\\annotate_getitem_nodes.py', reloading
 * Detected change in 'C:\\Users\\ayush\\AppData\\Roaming\\Python\\Python312\\site-packages\\torch\\fx\\passes\\fake_tensor_prop.py', reloading
 * Detected change in 'C:\\Users\\ayush\\AppData\\Roaming\\Python\\Python312\\site-packages\\torch\\fx\\passes\\fake_tensor_prop.py', reloading
 * Detected change in 'C:\\Users\\ayush\\AppData\\Roaming\\Python\\Python312\\site-packages\\torch\\fx\\passes\\graph_drawer.py', reloading
 * Detected change in 'C:\\Users\\ayush\\AppData\\Roaming\\Python\\Python312\\site-packages\\torch\\fx\\passes\\graph_drawer.py', reloading
 * Detected change in 'C:\\Users\\ayush\\AppData\\Roaming\\Python\\Python312\\site-packages\\torch\\fx\\passes\\graph_manipulation.py', reloading
 * Detected change in 'C:\\Users\\ayush\\AppData\\Roaming\\Python\\Python312\\site-packages\\torch\\fx\\passes\\graph_manipulation.py', reloading
 * Detected change in 'C:\\Users\\ayush\\AppData\\Roaming\\Python\\Python312\\site-packages\\torch\\fx\\passes\\graph_transform_observer.py', reloading
 * Detected change in 'C:\\Users\\ayush\\AppData\\Roaming\\Python\\Python312\\site-packages\\torch\\fx\\passes\\graph_transform_observer.py', reloading
 * Detected change in 'C:\\Users\\ayush\\AppData\\Roaming\\Python\\Python312\\site-packages\\torch\\fx\\passes\\net_min_base.py', reloading
 * Detected change in 'C:\\Users\\ayush\\AppData\\Roaming\\Python\\Python312\\site-packages\\torch\\fx\\passes\\net_min_base.py', reloading
 * Detected change in 'C:\\Users\\ayush\\AppData\\Roaming\\Python\\Python312\\site-packages\\torch\\fx\\passes\\operator_support.py', reloading
 * Detected change in 'C:\\Users\\ayush\\AppData\\Roaming\\Python\\Python312\\site-packages\\torch\\fx\\passes\\operator_support.py', reloading
 * Detected change in 'C:\\Users\\ayush\\AppData\\Roaming\\Python\\Python312\\site-packages\\torch\\fx\\passes\\param_fetch.py', reloading
 * Detected change in 'C:\\Users\\ayush\\AppData\\Roaming\\Python\\Python312\\site-packages\\torch\\fx\\passes\\param_fetch.py', reloading
 * Detected change in 'C:\\Users\\ayush\\AppData\\Roaming\\Python\\Python312\\site-packages\\torch\\fx\\passes\\pass_manager.py', reloading
 * Detected change in 'C:\\Users\\ayush\\AppData\\Roaming\\Python\\Python312\\site-packages\\torch\\fx\\passes\\pass_manager.py', reloading
 * Detected change in 'C:\\Users\\ayush\\AppData\\Roaming\\Python\\Python312\\site-packages\\torch\\fx\\passes\\regional_inductor.py', reloading
 * Detected change in 'C:\\Users\\ayush\\AppData\\Roaming\\Python\\Python312\\site-packages\\torch\\fx\\passes\\regional_inductor.py', reloading
 * Detected change in 'C:\\Users\\ayush\\AppData\\Roaming\\Python\\Python312\\site-packages\\torch\\fx\\passes\\regional_inductor_invoke_subgraph.py', reloading
 * Detected change in 'C:\\Users\\ayush\\AppData\\Roaming\\Python\\Python312\\site-packages\\torch\\fx\\passes\\regional_inductor_invoke_subgraph.py', reloading
 * Detected change in 'C:\\Users\\ayush\\AppData\\Roaming\\Python\\Python312\\site-packages\\torch\\fx\\passes\\reinplace.py', reloading
 * Detected change in 'C:\\Users\\ayush\\AppData\\Roaming\\Python\\Python312\\site-packages\\torch\\fx\\passes\\reinplace.py', reloading
 * Detected change in 'C:\\Users\\ayush\\AppData\\Roaming\\Python\\Python312\\site-packages\\torch\\fx\\passes\\runtime_assert.py', reloading
 * Detected change in 'C:\\Users\\ayush\\AppData\\Roaming\\Python\\Python312\\site-packages\\torch\\fx\\passes\\runtime_assert.py', reloading
 * Detected change in 'C:\\Users\\ayush\\AppData\\Roaming\\Python\\Python312\\site-packages\\torch\\fx\\passes\\shape_prop.py', reloading
 * Detected change in 'C:\\Users\\ayush\\AppData\\Roaming\\Python\\Python312\\site-packages\\torch\\fx\\passes\\shape_prop.py', reloading
 * Detected change in 'C:\\Users\\ayush\\AppData\\Roaming\\Python\\Python312\\site-packages\\torch\\fx\\passes\\split_module.py', reloading
 * Detected change in 'C:\\Users\\ayush\\AppData\\Roaming\\Python\\Python312\\site-packages\\torch\\fx\\passes\\split_module.py', reloading
 * Detected change in 'C:\\Users\\ayush\\AppData\\Roaming\\Python\\Python312\\site-packages\\torch\\fx\\passes\\split_utils.py', reloading
 * Detected change in 'C:\\Users\\ayush\\AppData\\Roaming\\Python\\Python312\\site-packages\\torch\\fx\\passes\\split_utils.py', reloading
 * Detected change in 'C:\\Users\\ayush\\AppData\\Roaming\\Python\\Python312\\site-packages\\torch\\fx\\passes\\splitter_base.py', reloading
 * Detected change in 'C:\\Users\\ayush\\AppData\\Roaming\\Python\\Python312\\site-packages\\torch\\fx\\passes\\splitter_base.py', reloading
 * Detected change in 'C:\\Users\\ayush\\AppData\\Roaming\\Python\\Python312\\site-packages\\torch\\fx\\passes\\tools_common.py', reloading
 * Detected change in 'C:\\Users\\ayush\\AppData\\Roaming\\Python\\Python312\\site-packages\\torch\\fx\\passes\\tools_common.py', reloading
 * Detected change in 'C:\\Users\\ayush\\AppData\\Roaming\\Python\\Python312\\site-packages\\torch\\fx\\passes\\backends\\cudagraphs.py', reloading
 * Detected change in 'C:\\Users\\ayush\\AppData\\Roaming\\Python\\Python312\\site-packages\\torch\\fx\\passes\\backends\\__init__.py', reloading
 * Detected change in 'C:\\Users\\ayush\\AppData\\Roaming\\Python\\Python312\\site-packages\\torch\\fx\\passes\\backends\\__init__.py', reloading
 * Detected change in 'C:\\Users\\ayush\\AppData\\Roaming\\Python\\Python312\\site-packages\\torch\\fx\\passes\\backends\\cudagraphs.py', reloading
 * Detected change in 'C:\\Users\\ayush\\AppData\\Roaming\\Python\\Python312\\site-packages\\torch\\fx\\passes\\backends\\cudagraphs.py', reloading
 * Detected change in 'C:\\Users\\ayush\\AppData\\Roaming\\Python\\Python312\\site-packages\\torch\\fx\\passes\\dialect\\__init__.py', reloading
 * Detected change in 'C:\\Users\\ayush\\AppData\\Roaming\\Python\\Python312\\site-packages\\torch\\fx\\passes\\dialect\\common\\cse_pass.py', reloading
 * Detected change in 'C:\\Users\\ayush\\AppData\\Roaming\\Python\\Python312\\site-packages\\torch\\fx\\passes\\dialect\\common\\__init__.py', reloading
 * Detected change in 'C:\\Users\\ayush\\AppData\\Roaming\\Python\\Python312\\site-packages\\torch\\fx\\passes\\dialect\\__init__.py', reloading
 * Detected change in 'C:\\Users\\ayush\\AppData\\Roaming\\Python\\Python312\\site-packages\\torch\\fx\\passes\\dialect\\common\\cse_pass.py', reloading
 * Detected change in 'C:\\Users\\ayush\\AppData\\Roaming\\Python\\Python312\\site-packages\\torch\\fx\\passes\\dialect\\common\\__init__.py', reloading
 * Detected change in 'C:\\Users\\ayush\\AppData\\Roaming\\Python\\Python312\\site-packages\\torch\\fx\\passes\\dialect\\common\\__init__.py', reloading
 * Detected change in 'C:\\Users\\ayush\\AppData\\Roaming\\Python\\Python312\\site-packages\\torch\\fx\\passes\\dialect\\common\\cse_pass.py', reloading
 * Detected change in 'C:\\Users\\ayush\\AppData\\Roaming\\Python\\Python312\\site-packages\\torch\\fx\\passes\\dialect\\common\\cse_pass.py', reloading
 * Detected change in 'C:\\Users\\ayush\\AppData\\Roaming\\Python\\Python312\\site-packages\\torch\\fx\\passes\\infra\\partitioner.py', reloading
 * Detected change in 'C:\\Users\\ayush\\AppData\\Roaming\\Python\\Python312\\site-packages\\torch\\fx\\passes\\infra\\pass_base.py', reloading
 * Detected change in 'C:\\Users\\ayush\\AppData\\Roaming\\Python\\Python312\\site-packages\\torch\\fx\\passes\\infra\\pass_manager.py', reloading
 * Detected change in 'C:\\Users\\ayush\\AppData\\Roaming\\Python\\Python312\\site-packages\\torch\\fx\\passes\\infra\\__init__.py', reloading
 * Detected change in 'C:\\Users\\ayush\\AppData\\Roaming\\Python\\Python312\\site-packages\\torch\\fx\\passes\\infra\\__init__.py', reloading
 * Detected change in 'C:\\Users\\ayush\\AppData\\Roaming\\Python\\Python312\\site-packages\\torch\\fx\\passes\\infra\\__init__.py', reloading
 * Detected change in 'C:\\Users\\ayush\\AppData\\Roaming\\Python\\Python312\\site-packages\\torch\\fx\\passes\\infra\\partitioner.py', reloading
 * Detected change in 'C:\\Users\\ayush\\AppData\\Roaming\\Python\\Python312\\site-packages\\torch\\fx\\passes\\infra\\partitioner.py', reloading
 * Detected change in 'C:\\Users\\ayush\\AppData\\Roaming\\Python\\Python312\\site-packages\\torch\\fx\\passes\\infra\\pass_base.py', reloading
 * Detected change in 'C:\\Users\\ayush\\AppData\\Roaming\\Python\\Python312\\site-packages\\torch\\fx\\passes\\infra\\pass_base.py', reloading
 * Detected change in 'C:\\Users\\ayush\\AppData\\Roaming\\Python\\Python312\\site-packages\\torch\\fx\\passes\\infra\\pass_manager.py', reloading
 * Detected change in 'C:\\Users\\ayush\\AppData\\Roaming\\Python\\Python312\\site-packages\\torch\\fx\\passes\\infra\\pass_manager.py', reloading
 * Detected change in 'C:\\Users\\ayush\\AppData\\Roaming\\Python\\Python312\\site-packages\\torch\\fx\\passes\\tests\\test_pass_manager.py', reloading
 * Detected change in 'C:\\Users\\ayush\\AppData\\Roaming\\Python\\Python312\\site-packages\\torch\\fx\\passes\\tests\\_test_split_utils.py', reloading
 * Detected change in 'C:\\Users\\ayush\\AppData\\Roaming\\Python\\Python312\\site-packages\\torch\\fx\\passes\\tests\\__init__.py', reloading
 * Detected change in 'C:\\Users\\ayush\\AppData\\Roaming\\Python\\Python312\\site-packages\\torch\\fx\\passes\\tests\\__init__.py', reloading
 * Detected change in 'C:\\Users\\ayush\\AppData\\Roaming\\Python\\Python312\\site-packages\\torch\\fx\\passes\\tests\\_test_split_utils.py', reloading
 * Detected change in 'C:\\Users\\ayush\\AppData\\Roaming\\Python\\Python312\\site-packages\\torch\\fx\\passes\\tests\\_test_split_utils.py', reloading
 * Detected change in 'C:\\Users\\ayush\\AppData\\Roaming\\Python\\Python312\\site-packages\\torch\\fx\\passes\\tests\\test_pass_manager.py', reloading
 * Detected change in 'C:\\Users\\ayush\\AppData\\Roaming\\Python\\Python312\\site-packages\\torch\\fx\\passes\\tests\\test_pass_manager.py', reloading
 * Detected change in 'C:\\Users\\ayush\\AppData\\Roaming\\Python\\Python312\\site-packages\\torch\\fx\\passes\\utils\\common.py', reloading
 * Detected change in 'C:\\Users\\ayush\\AppData\\Roaming\\Python\\Python312\\site-packages\\torch\\fx\\passes\\utils\\fuser_utils.py', reloading
 * Detected change in 'C:\\Users\\ayush\\AppData\\Roaming\\Python\\Python312\\site-packages\\torch\\fx\\passes\\utils\\matcher_utils.py', reloading
 * Detected change in 'C:\\Users\\ayush\\AppData\\Roaming\\Python\\Python312\\site-packages\\torch\\fx\\passes\\utils\\matcher_with_name_node_map_utils.py', reloading
 * Detected change in 'C:\\Users\\ayush\\AppData\\Roaming\\Python\\Python312\\site-packages\\torch\\fx\\passes\\utils\\source_matcher_utils.py', reloading
 * Detected change in 'C:\\Users\\ayush\\AppData\\Roaming\\Python\\Python312\\site-packages\\torch\\fx\\passes\\utils\\__init__.py', reloading
 * Detected change in 'C:\\Users\\ayush\\AppData\\Roaming\\Python\\Python312\\site-packages\\torch\\fx\\passes\\utils\\__init__.py', reloading
 * Detected change in 'C:\\Users\\ayush\\AppData\\Roaming\\Python\\Python312\\site-packages\\torch\\fx\\passes\\utils\\__init__.py', reloading
 * Detected change in 'C:\\Users\\ayush\\AppData\\Roaming\\Python\\Python312\\site-packages\\torch\\fx\\passes\\utils\\common.py', reloading
 * Detected change in 'C:\\Users\\ayush\\AppData\\Roaming\\Python\\Python312\\site-packages\\torch\\fx\\passes\\utils\\common.py', reloading
 * Detected change in 'C:\\Users\\ayush\\AppData\\Roaming\\Python\\Python312\\site-packages\\torch\\fx\\passes\\utils\\fuser_utils.py', reloading
 * Detected change in 'C:\\Users\\ayush\\AppData\\Roaming\\Python\\Python312\\site-packages\\torch\\fx\\passes\\utils\\fuser_utils.py', reloading
 * Detected change in 'C:\\Users\\ayush\\AppData\\Roaming\\Python\\Python312\\site-packages\\torch\\fx\\passes\\utils\\matcher_utils.py', reloading
 * Detected change in 'C:\\Users\\ayush\\AppData\\Roaming\\Python\\Python312\\site-packages\\torch\\fx\\passes\\utils\\matcher_utils.py', reloading
 * Detected change in 'C:\\Users\\ayush\\AppData\\Roaming\\Python\\Python312\\site-packages\\torch\\fx\\passes\\utils\\matcher_with_name_node_map_utils.py', reloading
 * Detected change in 'C:\\Users\\ayush\\AppData\\Roaming\\Python\\Python312\\site-packages\\torch\\fx\\passes\\utils\\matcher_with_name_node_map_utils.py', reloading
 * Detected change in 'C:\\Users\\ayush\\AppData\\Roaming\\Python\\Python312\\site-packages\\torch\\fx\\passes\\utils\\source_matcher_utils.py', reloading
 * Detected change in 'C:\\Users\\ayush\\AppData\\Roaming\\Python\\Python312\\site-packages\\torch\\fx\\passes\\utils\\source_matcher_utils.py', reloading

============================================================
  advisor Web Interface
  Open http://localhost:5000 in your browser
  Press Ctrl+C to stop
============================================================

 * Restarting with watchdog (windowsapi)
 * Debugger is active!
 * Debugger PIN: 296-218-656
 * Detected change in 'C:\\Users\\ayush\\AppData\\Roaming\\Python\\Python312\\site-packages\\torch\\jit\\__init__.py', reloading
 * Detected change in 'C:\\Users\\ayush\\AppData\\Roaming\\Python\\Python312\\site-packages\\torch\\jit\\__init__.py', reloading
 * Detected change in 'C:\\Users\\ayush\\AppData\\Roaming\\Python\\Python312\\site-packages\\torch\\jit\\__init__.py', reloading
 * Detected change in 'C:\\Users\\ayush\\AppData\\Roaming\\Python\\Python312\\site-packages\\torch\\jit\\_async.py', reloading
 * Detected change in 'C:\\Users\\ayush\\AppData\\Roaming\\Python\\Python312\\site-packages\\torch\\jit\\_async.py', reloading
 * Detected change in 'C:\\Users\\ayush\\AppData\\Roaming\\Python\\Python312\\site-packages\\torch\\jit\\_await.py', reloading
 * Detected change in 'C:\\Users\\ayush\\AppData\\Roaming\\Python\\Python312\\site-packages\\torch\\jit\\_await.py', reloading
 * Detected change in 'C:\\Users\\ayush\\AppData\\Roaming\\Python\\Python312\\site-packages\\torch\\jit\\_builtins.py', reloading
 * Detected change in 'C:\\Users\\ayush\\AppData\\Roaming\\Python\\Python312\\site-packages\\torch\\jit\\_builtins.py', reloading
 * Detected change in 'C:\\Users\\ayush\\AppData\\Roaming\\Python\\Python312\\site-packages\\torch\\jit\\_check.py', reloading
 * Detected change in 'C:\\Users\\ayush\\AppData\\Roaming\\Python\\Python312\\site-packages\\torch\\jit\\_check.py', reloading
 * Detected change in 'C:\\Users\\ayush\\AppData\\Roaming\\Python\\Python312\\site-packages\\torch\\jit\\_dataclass_impls.py', reloading
 * Detected change in 'C:\\Users\\ayush\\AppData\\Roaming\\Python\\Python312\\site-packages\\torch\\jit\\_dataclass_impls.py', reloading
 * Detected change in 'C:\\Users\\ayush\\AppData\\Roaming\\Python\\Python312\\site-packages\\torch\\jit\\_decomposition_utils.py', reloading
 * Detected change in 'C:\\Users\\ayush\\AppData\\Roaming\\Python\\Python312\\site-packages\\torch\\jit\\_decomposition_utils.py', reloading
 * Detected change in 'C:\\Users\\ayush\\AppData\\Roaming\\Python\\Python312\\site-packages\\torch\\jit\\_decompositions.py', reloading
 * Detected change in 'C:\\Users\\ayush\\AppData\\Roaming\\Python\\Python312\\site-packages\\torch\\jit\\_decompositions.py', reloading
 * Detected change in 'C:\\Users\\ayush\\AppData\\Roaming\\Python\\Python312\\site-packages\\torch\\jit\\_freeze.py', reloading
 * Detected change in 'C:\\Users\\ayush\\AppData\\Roaming\\Python\\Python312\\site-packages\\torch\\jit\\_freeze.py', reloading
 * Detected change in 'C:\\Users\\ayush\\AppData\\Roaming\\Python\\Python312\\site-packages\\torch\\jit\\_fuser.py', reloading
 * Detected change in 'C:\\Users\\ayush\\AppData\\Roaming\\Python\\Python312\\site-packages\\torch\\jit\\_fuser.py', reloading
 * Detected change in 'C:\\Users\\ayush\\AppData\\Roaming\\Python\\Python312\\site-packages\\torch\\jit\\_ir_utils.py', reloading
 * Detected change in 'C:\\Users\\ayush\\AppData\\Roaming\\Python\\Python312\\site-packages\\torch\\jit\\_ir_utils.py', reloading
 * Detected change in 'C:\\Users\\ayush\\AppData\\Roaming\\Python\\Python312\\site-packages\\torch\\jit\\_logging.py', reloading
 * Detected change in 'C:\\Users\\ayush\\AppData\\Roaming\\Python\\Python312\\site-packages\\torch\\jit\\_logging.py', reloading
 * Detected change in 'C:\\Users\\ayush\\AppData\\Roaming\\Python\\Python312\\site-packages\\torch\\jit\\_monkeytype_config.py', reloading
 * Detected change in 'C:\\Users\\ayush\\AppData\\Roaming\\Python\\Python312\\site-packages\\torch\\jit\\_monkeytype_config.py', reloading
 * Detected change in 'C:\\Users\\ayush\\AppData\\Roaming\\Python\\Python312\\site-packages\\torch\\jit\\_pickle.py', reloading
 * Detected change in 'C:\\Users\\ayush\\AppData\\Roaming\\Python\\Python312\\site-packages\\torch\\jit\\_pickle.py', reloading
 * Detected change in 'C:\\Users\\ayush\\AppData\\Roaming\\Python\\Python312\\site-packages\\torch\\jit\\_recursive.py', reloading
 * Detected change in 'C:\\Users\\ayush\\AppData\\Roaming\\Python\\Python312\\site-packages\\torch\\jit\\_recursive.py', reloading
 * Detected change in 'C:\\Users\\ayush\\AppData\\Roaming\\Python\\Python312\\site-packages\\torch\\jit\\_script.py', reloading
 * Detected change in 'C:\\Users\\ayush\\AppData\\Roaming\\Python\\Python312\\site-packages\\torch\\jit\\_script.py', reloading
 * Detected change in 'C:\\Users\\ayush\\AppData\\Roaming\\Python\\Python312\\site-packages\\torch\\jit\\_serialization.py', reloading
 * Detected change in 'C:\\Users\\ayush\\AppData\\Roaming\\Python\\Python312\\site-packages\\torch\\jit\\_serialization.py', reloading
 * Detected change in 'C:\\Users\\ayush\\AppData\\Roaming\\Python\\Python312\\site-packages\\torch\\jit\\_shape_functions.py', reloading
 * Detected change in 'C:\\Users\\ayush\\AppData\\Roaming\\Python\\Python312\\site-packages\\torch\\jit\\_shape_functions.py', reloading
 * Detected change in 'C:\\Users\\ayush\\AppData\\Roaming\\Python\\Python312\\site-packages\\torch\\jit\\_state.py', reloading
 * Detected change in 'C:\\Users\\ayush\\AppData\\Roaming\\Python\\Python312\\site-packages\\torch\\jit\\_state.py', reloading
 * Detected change in 'C:\\Users\\ayush\\AppData\\Roaming\\Python\\Python312\\site-packages\\torch\\jit\\_trace.py', reloading
 * Detected change in 'C:\\Users\\ayush\\AppData\\Roaming\\Python\\Python312\\site-packages\\torch\\jit\\_trace.py', reloading
 * Detected change in 'C:\\Users\\ayush\\AppData\\Roaming\\Python\\Python312\\site-packages\\torch\\jit\\annotations.py', reloading
 * Detected change in 'C:\\Users\\ayush\\AppData\\Roaming\\Python\\Python312\\site-packages\\torch\\jit\\annotations.py', reloading
 * Detected change in 'C:\\Users\\ayush\\AppData\\Roaming\\Python\\Python312\\site-packages\\torch\\jit\\frontend.py', reloading
 * Detected change in 'C:\\Users\\ayush\\AppData\\Roaming\\Python\\Python312\\site-packages\\torch\\jit\\frontend.py', reloading
 * Detected change in 'C:\\Users\\ayush\\AppData\\Roaming\\Python\\Python312\\site-packages\\torch\\jit\\generate_bytecode.py', reloading
 * Detected change in 'C:\\Users\\ayush\\AppData\\Roaming\\Python\\Python312\\site-packages\\torch\\jit\\generate_bytecode.py', reloading
 * Detected change in 'C:\\Users\\ayush\\AppData\\Roaming\\Python\\Python312\\site-packages\\torch\\jit\\quantized.py', reloading
 * Detected change in 'C:\\Users\\ayush\\AppData\\Roaming\\Python\\Python312\\site-packages\\torch\\jit\\quantized.py', reloading
 * Detected change in 'C:\\Users\\ayush\\AppData\\Roaming\\Python\\Python312\\site-packages\\torch\\jit\\supported_ops.py', reloading
 * Detected change in 'C:\\Users\\ayush\\AppData\\Roaming\\Python\\Python312\\site-packages\\torch\\jit\\supported_ops.py', reloading
 * Detected change in 'C:\\Users\\ayush\\AppData\\Roaming\\Python\\Python312\\site-packages\\torch\\jit\\unsupported_tensor_ops.py', reloading
 * Detected change in 'C:\\Users\\ayush\\AppData\\Roaming\\Python\\Python312\\site-packages\\torch\\jit\\unsupported_tensor_ops.py', reloading
 * Detected change in 'C:\\Users\\ayush\\AppData\\Roaming\\Python\\Python312\\site-packages\\torch\\jit\\_passes\\_property_propagation.py', reloading
 * Detected change in 'C:\\Users\\ayush\\AppData\\Roaming\\Python\\Python312\\site-packages\\torch\\jit\\_passes\\__init__.py', reloading
 * Detected change in 'C:\\Users\\ayush\\AppData\\Roaming\\Python\\Python312\\site-packages\\torch\\jit\\_passes\\__init__.py', reloading
 * Detected change in 'C:\\Users\\ayush\\AppData\\Roaming\\Python\\Python312\\site-packages\\torch\\jit\\_passes\\_property_propagation.py', reloading
 * Detected change in 'C:\\Users\\ayush\\AppData\\Roaming\\Python\\Python312\\site-packages\\torch\\jit\\_passes\\_property_propagation.py', reloading
 * Detected change in 'C:\\Users\\ayush\\AppData\\Roaming\\Python\\Python312\\site-packages\\torch\\jit\\mobile\\__init__.py', reloading
 * Detected change in 'C:\\Users\\ayush\\AppData\\Roaming\\Python\\Python312\\site-packages\\torch\\jit\\mobile\\__init__.py', reloading
 * Detected change in 'C:\\Users\\ayush\\AppData\\Roaming\\Python\\Python312\\site-packages\\torch\\jit\\mobile\\__init__.py', reloading

============================================================
  advisor Web Interface
  Open http://localhost:5000 in your browser
  Press Ctrl+C to stop
============================================================

 * Restarting with watchdog (windowsapi)
 * Debugger is active!
 * Debugger PIN: 296-218-656
 * Detected change in 'C:\\Users\\ayush\\AppData\\Roaming\\Python\\Python312\\site-packages\\torch\\linalg\\__init__.py', reloading
 * Detected change in 'C:\\Users\\ayush\\AppData\\Roaming\\Python\\Python312\\site-packages\\torch\\linalg\\__init__.py', reloading
 * Detected change in 'C:\\Users\\ayush\\AppData\\Roaming\\Python\\Python312\\site-packages\\torch\\linalg\\__init__.py', reloading
 * Detected change in 'C:\\Users\\ayush\\AppData\\Roaming\\Python\\Python312\\site-packages\\torch\\masked\\_docs.py', reloading
 * Detected change in 'C:\\Users\\ayush\\AppData\\Roaming\\Python\\Python312\\site-packages\\torch\\masked\\_ops.py', reloading
 * Detected change in 'C:\\Users\\ayush\\AppData\\Roaming\\Python\\Python312\\site-packages\\torch\\masked\\__init__.py', reloading
 * Detected change in 'C:\\Users\\ayush\\AppData\\Roaming\\Python\\Python312\\site-packages\\torch\\masked\\__init__.py', reloading
 * Detected change in 'C:\\Users\\ayush\\AppData\\Roaming\\Python\\Python312\\site-packages\\torch\\masked\\__init__.py', reloading
 * Detected change in 'C:\\Users\\ayush\\AppData\\Roaming\\Python\\Python312\\site-packages\\torch\\masked\\_docs.py', reloading
 * Detected change in 'C:\\Users\\ayush\\AppData\\Roaming\\Python\\Python312\\site-packages\\torch\\masked\\_docs.py', reloading
 * Detected change in 'C:\\Users\\ayush\\AppData\\Roaming\\Python\\Python312\\site-packages\\torch\\masked\\_ops.py', reloading
 * Detected change in 'C:\\Users\\ayush\\AppData\\Roaming\\Python\\Python312\\site-packages\\torch\\masked\\_ops.py', reloading
 * Detected change in 'C:\\Users\\ayush\\AppData\\Roaming\\Python\\Python312\\site-packages\\torch\\masked\\maskedtensor\\binary.py', reloading
 * Detected change in 'C:\\Users\\ayush\\AppData\\Roaming\\Python\\Python312\\site-packages\\torch\\masked\\maskedtensor\\core.py', reloading
 * Detected change in 'C:\\Users\\ayush\\AppData\\Roaming\\Python\\Python312\\site-packages\\torch\\masked\\maskedtensor\\_ops_refs.py', reloading
 * Detected change in 'C:\\Users\\ayush\\AppData\\Roaming\\Python\\Python312\\site-packages\\torch\\masked\\maskedtensor\\__init__.py', reloading
 * Detected change in 'C:\\Users\\ayush\\AppData\\Roaming\\Python\\Python312\\site-packages\\torch\\masked\\maskedtensor\\__init__.py', reloading
 * Detected change in 'C:\\Users\\ayush\\AppData\\Roaming\\Python\\Python312\\site-packages\\torch\\masked\\maskedtensor\\__init__.py', reloading
 * Detected change in 'C:\\Users\\ayush\\AppData\\Roaming\\Python\\Python312\\site-packages\\torch\\masked\\maskedtensor\\_ops_refs.py', reloading
 * Detected change in 'C:\\Users\\ayush\\AppData\\Roaming\\Python\\Python312\\site-packages\\torch\\masked\\maskedtensor\\_ops_refs.py', reloading
 * Detected change in 'C:\\Users\\ayush\\AppData\\Roaming\\Python\\Python312\\site-packages\\torch\\masked\\maskedtensor\\binary.py', reloading
 * Detected change in 'C:\\Users\\ayush\\AppData\\Roaming\\Python\\Python312\\site-packages\\torch\\masked\\maskedtensor\\binary.py', reloading
 * Detected change in 'C:\\Users\\ayush\\AppData\\Roaming\\Python\\Python312\\site-packages\\torch\\masked\\maskedtensor\\core.py', reloading
 * Detected change in 'C:\\Users\\ayush\\AppData\\Roaming\\Python\\Python312\\site-packages\\torch\\masked\\maskedtensor\\core.py', reloading
 * Detected change in 'C:\\Users\\ayush\\AppData\\Roaming\\Python\\Python312\\site-packages\\torch\\masked\\maskedtensor\\creation.py', reloading
 * Detected change in 'C:\\Users\\ayush\\AppData\\Roaming\\Python\\Python312\\site-packages\\torch\\masked\\maskedtensor\\creation.py', reloading
 * Detected change in 'C:\\Users\\ayush\\AppData\\Roaming\\Python\\Python312\\site-packages\\torch\\masked\\maskedtensor\\passthrough.py', reloading
 * Detected change in 'C:\\Users\\ayush\\AppData\\Roaming\\Python\\Python312\\site-packages\\torch\\masked\\maskedtensor\\passthrough.py', reloading
 * Detected change in 'C:\\Users\\ayush\\AppData\\Roaming\\Python\\Python312\\site-packages\\torch\\masked\\maskedtensor\\reductions.py', reloading
 * Detected change in 'C:\\Users\\ayush\\AppData\\Roaming\\Python\\Python312\\site-packages\\torch\\masked\\maskedtensor\\reductions.py', reloading
 * Detected change in 'C:\\Users\\ayush\\AppData\\Roaming\\Python\\Python312\\site-packages\\torch\\masked\\maskedtensor\\unary.py', reloading
 * Detected change in 'C:\\Users\\ayush\\AppData\\Roaming\\Python\\Python312\\site-packages\\torch\\masked\\maskedtensor\\unary.py', reloading
 * Detected change in 'C:\\Users\\ayush\\AppData\\Roaming\\Python\\Python312\\site-packages\\torch\\monitor\\__init__.py', reloading
 * Detected change in 'C:\\Users\\ayush\\AppData\\Roaming\\Python\\Python312\\site-packages\\torch\\monitor\\__init__.py', reloading
 * Detected change in 'C:\\Users\\ayush\\AppData\\Roaming\\Python\\Python312\\site-packages\\torch\\monitor\\__init__.py', reloading
 * Detected change in 'C:\\Users\\ayush\\AppData\\Roaming\\Python\\Python312\\site-packages\\torch\\mps\\event.py', reloading
 * Detected change in 'C:\\Users\\ayush\\AppData\\Roaming\\Python\\Python312\\site-packages\\torch\\mps\\profiler.py', reloading
 * Detected change in 'C:\\Users\\ayush\\AppData\\Roaming\\Python\\Python312\\site-packages\\torch\\mps\\__init__.py', reloading
 * Detected change in 'C:\\Users\\ayush\\AppData\\Roaming\\Python\\Python312\\site-packages\\torch\\mps\\__init__.py', reloading
 * Detected change in 'C:\\Users\\ayush\\AppData\\Roaming\\Python\\Python312\\site-packages\\torch\\mps\\__init__.py', reloading
 * Detected change in 'C:\\Users\\ayush\\AppData\\Roaming\\Python\\Python312\\site-packages\\torch\\mps\\event.py', reloading
 * Detected change in 'C:\\Users\\ayush\\AppData\\Roaming\\Python\\Python312\\site-packages\\torch\\mps\\event.py', reloading
 * Detected change in 'C:\\Users\\ayush\\AppData\\Roaming\\Python\\Python312\\site-packages\\torch\\mps\\profiler.py', reloading
 * Detected change in 'C:\\Users\\ayush\\AppData\\Roaming\\Python\\Python312\\site-packages\\torch\\mps\\profiler.py', reloading
 * Detected change in 'C:\\Users\\ayush\\AppData\\Roaming\\Python\\Python312\\site-packages\\torch\\mtia\\memory.py', reloading
 * Detected change in 'C:\\Users\\ayush\\AppData\\Roaming\\Python\\Python312\\site-packages\\torch\\mtia\\mtia_graph.py', reloading
 * Detected change in 'C:\\Users\\ayush\\AppData\\Roaming\\Python\\Python312\\site-packages\\torch\\mtia\\_utils.py', reloading
 * Detected change in 'C:\\Users\\ayush\\AppData\\Roaming\\Python\\Python312\\site-packages\\torch\\mtia\\__init__.py', reloading
 * Detected change in 'C:\\Users\\ayush\\AppData\\Roaming\\Python\\Python312\\site-packages\\torch\\mtia\\__init__.py', reloading
 * Detected change in 'C:\\Users\\ayush\\AppData\\Roaming\\Python\\Python312\\site-packages\\torch\\mtia\\__init__.py', reloading
 * Detected change in 'C:\\Users\\ayush\\AppData\\Roaming\\Python\\Python312\\site-packages\\torch\\mtia\\_utils.py', reloading
 * Detected change in 'C:\\Users\\ayush\\AppData\\Roaming\\Python\\Python312\\site-packages\\torch\\mtia\\_utils.py', reloading
 * Detected change in 'C:\\Users\\ayush\\AppData\\Roaming\\Python\\Python312\\site-packages\\torch\\mtia\\memory.py', reloading
 * Detected change in 'C:\\Users\\ayush\\AppData\\Roaming\\Python\\Python312\\site-packages\\torch\\mtia\\memory.py', reloading
 * Detected change in 'C:\\Users\\ayush\\AppData\\Roaming\\Python\\Python312\\site-packages\\torch\\mtia\\mtia_graph.py', reloading
 * Detected change in 'C:\\Users\\ayush\\AppData\\Roaming\\Python\\Python312\\site-packages\\torch\\mtia\\mtia_graph.py', reloading
 * Detected change in 'C:\\Users\\ayush\\AppData\\Roaming\\Python\\Python312\\site-packages\\torch\\multiprocessing\\pool.py', reloading
 * Detected change in 'C:\\Users\\ayush\\AppData\\Roaming\\Python\\Python312\\site-packages\\torch\\multiprocessing\\queue.py', reloading
 * Detected change in 'C:\\Users\\ayush\\AppData\\Roaming\\Python\\Python312\\site-packages\\torch\\multiprocessing\\reductions.py', reloading
 * Detected change in 'C:\\Users\\ayush\\AppData\\Roaming\\Python\\Python312\\site-packages\\torch\\multiprocessing\\spawn.py', reloading
 * Detected change in 'C:\\Users\\ayush\\AppData\\Roaming\\Python\\Python312\\site-packages\\torch\\multiprocessing\\_atfork.py', reloading
 * Detected change in 'C:\\Users\\ayush\\AppData\\Roaming\\Python\\Python312\\site-packages\\torch\\multiprocessing\\__init__.py', reloading
 * Detected change in 'C:\\Users\\ayush\\AppData\\Roaming\\Python\\Python312\\site-packages\\torch\\multiprocessing\\__init__.py', reloading
 * Detected change in 'C:\\Users\\ayush\\AppData\\Roaming\\Python\\Python312\\site-packages\\torch\\multiprocessing\\__init__.py', reloading
 * Detected change in 'C:\\Users\\ayush\\AppData\\Roaming\\Python\\Python312\\site-packages\\torch\\multiprocessing\\_atfork.py', reloading
 * Detected change in 'C:\\Users\\ayush\\AppData\\Roaming\\Python\\Python312\\site-packages\\torch\\multiprocessing\\_atfork.py', reloading
 * Detected change in 'C:\\Users\\ayush\\AppData\\Roaming\\Python\\Python312\\site-packages\\torch\\multiprocessing\\pool.py', reloading
 * Detected change in 'C:\\Users\\ayush\\AppData\\Roaming\\Python\\Python312\\site-packages\\torch\\multiprocessing\\pool.py', reloading
 * Detected change in 'C:\\Users\\ayush\\AppData\\Roaming\\Python\\Python312\\site-packages\\torch\\multiprocessing\\queue.py', reloading
 * Detected change in 'C:\\Users\\ayush\\AppData\\Roaming\\Python\\Python312\\site-packages\\torch\\multiprocessing\\queue.py', reloading
 * Detected change in 'C:\\Users\\ayush\\AppData\\Roaming\\Python\\Python312\\site-packages\\torch\\multiprocessing\\reductions.py', reloading
 * Detected change in 'C:\\Users\\ayush\\AppData\\Roaming\\Python\\Python312\\site-packages\\torch\\multiprocessing\\reductions.py', reloading
 * Detected change in 'C:\\Users\\ayush\\AppData\\Roaming\\Python\\Python312\\site-packages\\torch\\multiprocessing\\spawn.py', reloading
 * Detected change in 'C:\\Users\\ayush\\AppData\\Roaming\\Python\\Python312\\site-packages\\torch\\multiprocessing\\spawn.py', reloading
 * Detected change in 'C:\\Users\\ayush\\AppData\\Roaming\\Python\\Python312\\site-packages\\torch\\nativert\\__init__.py', reloading
 * Detected change in 'C:\\Users\\ayush\\AppData\\Roaming\\Python\\Python312\\site-packages\\torch\\nativert\\backends\\_lowered_aoti_module.py', reloading
 * Detected change in 'C:\\Users\\ayush\\AppData\\Roaming\\Python\\Python312\\site-packages\\torch\\nativert\\backends\\_lower_utils.py', reloading
 * Detected change in 'C:\\Users\\ayush\\AppData\\Roaming\\Python\\Python312\\site-packages\\torch\\nativert\\backends\\__init__.py', reloading
 * Detected change in 'C:\\Users\\ayush\\AppData\\Roaming\\Python\\Python312\\site-packages\\torch\\nativert\\__init__.py', reloading
 * Detected change in 'C:\\Users\\ayush\\AppData\\Roaming\\Python\\Python312\\site-packages\\torch\\nativert\\backends\\_lowered_aoti_module.py', reloading
 * Detected change in 'C:\\Users\\ayush\\AppData\\Roaming\\Python\\Python312\\site-packages\\torch\\nativert\\backends\\_lower_utils.py', reloading
 * Detected change in 'C:\\Users\\ayush\\AppData\\Roaming\\Python\\Python312\\site-packages\\torch\\nativert\\backends\\__init__.py', reloading
 * Detected change in 'C:\\Users\\ayush\\AppData\\Roaming\\Python\\Python312\\site-packages\\torch\\nativert\\backends\\__init__.py', reloading
 * Detected change in 'C:\\Users\\ayush\\AppData\\Roaming\\Python\\Python312\\site-packages\\torch\\nativert\\backends\\_lower_utils.py', reloading
 * Detected change in 'C:\\Users\\ayush\\AppData\\Roaming\\Python\\Python312\\site-packages\\torch\\nativert\\backends\\_lower_utils.py', reloading
 * Detected change in 'C:\\Users\\ayush\\AppData\\Roaming\\Python\\Python312\\site-packages\\torch\\nativert\\backends\\_lowered_aoti_module.py', reloading
 * Detected change in 'C:\\Users\\ayush\\AppData\\Roaming\\Python\\Python312\\site-packages\\torch\\nativert\\backends\\_lowered_aoti_module.py', reloading
 * Detected change in 'C:\\Users\\ayush\\AppData\\Roaming\\Python\\Python312\\site-packages\\torch\\nested\\__init__.py', reloading
 * Detected change in 'C:\\Users\\ayush\\AppData\\Roaming\\Python\\Python312\\site-packages\\torch\\nested\\_internal\\nested_int.py', reloading
 * Detected change in 'C:\\Users\\ayush\\AppData\\Roaming\\Python\\Python312\\site-packages\\torch\\nested\\_internal\\nested_tensor.py', reloading
 * Detected change in 'C:\\Users\\ayush\\AppData\\Roaming\\Python\\Python312\\site-packages\\torch\\nested\\_internal\\ops.py', reloading
 * Detected change in 'C:\\Users\\ayush\\AppData\\Roaming\\Python\\Python312\\site-packages\\torch\\nested\\_internal\\sdpa.py', reloading
 * Detected change in 'C:\\Users\\ayush\\AppData\\Roaming\\Python\\Python312\\site-packages\\torch\\nested\\_internal\\__init__.py', reloading
 * Detected change in 'C:\\Users\\ayush\\AppData\\Roaming\\Python\\Python312\\site-packages\\torch\\nested\\__init__.py', reloading
 * Detected change in 'C:\\Users\\ayush\\AppData\\Roaming\\Python\\Python312\\site-packages\\torch\\nested\\__init__.py', reloading
 * Detected change in 'C:\\Users\\ayush\\AppData\\Roaming\\Python\\Python312\\site-packages\\torch\\nested\\_internal\\nested_int.py', reloading
 * Detected change in 'C:\\Users\\ayush\\AppData\\Roaming\\Python\\Python312\\site-packages\\torch\\nested\\_internal\\nested_tensor.py', reloading
 * Detected change in 'C:\\Users\\ayush\\AppData\\Roaming\\Python\\Python312\\site-packages\\torch\\nested\\_internal\\ops.py', reloading
 * Detected change in 'C:\\Users\\ayush\\AppData\\Roaming\\Python\\Python312\\site-packages\\torch\\nested\\_internal\\sdpa.py', reloading
 * Detected change in 'C:\\Users\\ayush\\AppData\\Roaming\\Python\\Python312\\site-packages\\torch\\nested\\_internal\\__init__.py', reloading
 * Detected change in 'C:\\Users\\ayush\\AppData\\Roaming\\Python\\Python312\\site-packages\\torch\\nested\\_internal\\__init__.py', reloading
 * Detected change in 'C:\\Users\\ayush\\AppData\\Roaming\\Python\\Python312\\site-packages\\torch\\nested\\_internal\\nested_int.py', reloading
 * Detected change in 'C:\\Users\\ayush\\AppData\\Roaming\\Python\\Python312\\site-packages\\torch\\nested\\_internal\\nested_int.py', reloading
 * Detected change in 'C:\\Users\\ayush\\AppData\\Roaming\\Python\\Python312\\site-packages\\torch\\nested\\_internal\\nested_tensor.py', reloading
 * Detected change in 'C:\\Users\\ayush\\AppData\\Roaming\\Python\\Python312\\site-packages\\torch\\nested\\_internal\\nested_tensor.py', reloading
 * Detected change in 'C:\\Users\\ayush\\AppData\\Roaming\\Python\\Python312\\site-packages\\torch\\nested\\_internal\\ops.py', reloading
 * Detected change in 'C:\\Users\\ayush\\AppData\\Roaming\\Python\\Python312\\site-packages\\torch\\nested\\_internal\\ops.py', reloading
 * Detected change in 'C:\\Users\\ayush\\AppData\\Roaming\\Python\\Python312\\site-packages\\torch\\nested\\_internal\\sdpa.py', reloading
 * Detected change in 'C:\\Users\\ayush\\AppData\\Roaming\\Python\\Python312\\site-packages\\torch\\nested\\_internal\\sdpa.py', reloading
 * Detected change in 'C:\\Users\\ayush\\AppData\\Roaming\\Python\\Python312\\site-packages\\torch\\nn\\common_types.py', reloading
 * Detected change in 'C:\\Users\\ayush\\AppData\\Roaming\\Python\\Python312\\site-packages\\torch\\nn\\cpp.py', reloading
 * Detected change in 'C:\\Users\\ayush\\AppData\\Roaming\\Python\\Python312\\site-packages\\torch\\nn\\functional.py', reloading
 * Detected change in 'C:\\Users\\ayush\\AppData\\Roaming\\Python\\Python312\\site-packages\\torch\\nn\\grad.py', reloading
 * Detected change in 'C:\\Users\\ayush\\AppData\\Roaming\\Python\\Python312\\site-packages\\torch\\nn\\init.py', reloading
 * Detected change in 'C:\\Users\\ayush\\AppData\\Roaming\\Python\\Python312\\site-packages\\torch\\nn\\parameter.py', reloading
 * Detected change in 'C:\\Users\\ayush\\AppData\\Roaming\\Python\\Python312\\site-packages\\torch\\nn\\_reduction.py', reloading
 * Detected change in 'C:\\Users\\ayush\\AppData\\Roaming\\Python\\Python312\\site-packages\\torch\\nn\\__init__.py', reloading
 * Detected change in 'C:\\Users\\ayush\\AppData\\Roaming\\Python\\Python312\\site-packages\\torch\\nn\\attention\\bias.py', reloading
 * Detected change in 'C:\\Users\\ayush\\AppData\\Roaming\\Python\\Python312\\site-packages\\torch\\nn\\attention\\flex_attention.py', reloading
 * Detected change in 'C:\\Users\\ayush\\AppData\\Roaming\\Python\\Python312\\site-packages\\torch\\nn\\attention\\varlen.py', reloading
 * Detected change in 'C:\\Users\\ayush\\AppData\\Roaming\\Python\\Python312\\site-packages\\torch\\nn\\attention\\_fa3.py', reloading
 * Detected change in 'C:\\Users\\ayush\\AppData\\Roaming\\Python\\Python312\\site-packages\\torch\\nn\\attention\\_fa4.py', reloading
 * Detected change in 'C:\\Users\\ayush\\AppData\\Roaming\\Python\\Python312\\site-packages\\torch\\nn\\attention\\_registry.py', reloading
 * Detected change in 'C:\\Users\\ayush\\AppData\\Roaming\\Python\\Python312\\site-packages\\torch\\nn\\attention\\_utils.py', reloading
 * Detected change in 'C:\\Users\\ayush\\AppData\\Roaming\\Python\\Python312\\site-packages\\torch\\nn\\attention\\__init__.py', reloading
 * Detected change in 'C:\\Users\\ayush\\AppData\\Roaming\\Python\\Python312\\site-packages\\torch\\nn\\attention\\experimental\\_paged_attention.py', reloading
 * Detected change in 'C:\\Users\\ayush\\AppData\\Roaming\\Python\\Python312\\site-packages\\torch\\nn\\attention\\experimental\\_scaled_dot_product_attention_quantized.py', reloading
 * Detected change in 'C:\\Users\\ayush\\AppData\\Roaming\\Python\\Python312\\site-packages\\torch\\nn\\attention\\experimental\\__init__.py', reloading
 * Detected change in 'C:\\Users\\ayush\\AppData\\Roaming\\Python\\Python312\\site-packages\\torch\\nn\\__init__.py', reloading
 * Detected change in 'C:\\Users\\ayush\\AppData\\Roaming\\Python\\Python312\\site-packages\\torch\\nn\\__init__.py', reloading
 * Detected change in 'C:\\Users\\ayush\\AppData\\Roaming\\Python\\Python312\\site-packages\\torch\\nn\\_reduction.py', reloading
 * Detected change in 'C:\\Users\\ayush\\AppData\\Roaming\\Python\\Python312\\site-packages\\torch\\nn\\_reduction.py', reloading
 * Detected change in 'C:\\Users\\ayush\\AppData\\Roaming\\Python\\Python312\\site-packages\\torch\\nn\\common_types.py', reloading
 * Detected change in 'C:\\Users\\ayush\\AppData\\Roaming\\Python\\Python312\\site-packages\\torch\\nn\\common_types.py', reloading
 * Detected change in 'C:\\Users\\ayush\\AppData\\Roaming\\Python\\Python312\\site-packages\\torch\\nn\\cpp.py', reloading
 * Detected change in 'C:\\Users\\ayush\\AppData\\Roaming\\Python\\Python312\\site-packages\\torch\\nn\\cpp.py', reloading
 * Detected change in 'C:\\Users\\ayush\\AppData\\Roaming\\Python\\Python312\\site-packages\\torch\\nn\\functional.py', reloading
 * Detected change in 'C:\\Users\\ayush\\AppData\\Roaming\\Python\\Python312\\site-packages\\torch\\nn\\functional.py', reloading
 * Detected change in 'C:\\Users\\ayush\\AppData\\Roaming\\Python\\Python312\\site-packages\\torch\\nn\\grad.py', reloading
 * Detected change in 'C:\\Users\\ayush\\AppData\\Roaming\\Python\\Python312\\site-packages\\torch\\nn\\grad.py', reloading
 * Detected change in 'C:\\Users\\ayush\\AppData\\Roaming\\Python\\Python312\\site-packages\\torch\\nn\\init.py', reloading
 * Detected change in 'C:\\Users\\ayush\\AppData\\Roaming\\Python\\Python312\\site-packages\\torch\\nn\\init.py', reloading
 * Detected change in 'C:\\Users\\ayush\\AppData\\Roaming\\Python\\Python312\\site-packages\\torch\\nn\\parameter.py', reloading
 * Detected change in 'C:\\Users\\ayush\\AppData\\Roaming\\Python\\Python312\\site-packages\\torch\\nn\\parameter.py', reloading
 * Detected change in 'C:\\Users\\ayush\\AppData\\Roaming\\Python\\Python312\\site-packages\\torch\\nn\\attention\\bias.py', reloading
 * Detected change in 'C:\\Users\\ayush\\AppData\\Roaming\\Python\\Python312\\site-packages\\torch\\nn\\attention\\flex_attention.py', reloading
 * Detected change in 'C:\\Users\\ayush\\AppData\\Roaming\\Python\\Python312\\site-packages\\torch\\nn\\attention\\varlen.py', reloading
 * Detected change in 'C:\\Users\\ayush\\AppData\\Roaming\\Python\\Python312\\site-packages\\torch\\nn\\attention\\_fa3.py', reloading
 * Detected change in 'C:\\Users\\ayush\\AppData\\Roaming\\Python\\Python312\\site-packages\\torch\\nn\\attention\\_fa4.py', reloading
 * Detected change in 'C:\\Users\\ayush\\AppData\\Roaming\\Python\\Python312\\site-packages\\torch\\nn\\attention\\_registry.py', reloading
 * Detected change in 'C:\\Users\\ayush\\AppData\\Roaming\\Python\\Python312\\site-packages\\torch\\nn\\attention\\_utils.py', reloading
 * Detected change in 'C:\\Users\\ayush\\AppData\\Roaming\\Python\\Python312\\site-packages\\torch\\nn\\attention\\__init__.py', reloading
 * Detected change in 'C:\\Users\\ayush\\AppData\\Roaming\\Python\\Python312\\site-packages\\torch\\nn\\attention\\experimental\\_paged_attention.py', reloading
 * Detected change in 'C:\\Users\\ayush\\AppData\\Roaming\\Python\\Python312\\site-packages\\torch\\nn\\attention\\experimental\\_scaled_dot_product_attention_quantized.py', reloading
 * Detected change in 'C:\\Users\\ayush\\AppData\\Roaming\\Python\\Python312\\site-packages\\torch\\nn\\attention\\experimental\\__init__.py', reloading
 * Detected change in 'C:\\Users\\ayush\\AppData\\Roaming\\Python\\Python312\\site-packages\\torch\\nn\\attention\\__init__.py', reloading
 * Detected change in 'C:\\Users\\ayush\\AppData\\Roaming\\Python\\Python312\\site-packages\\torch\\nn\\attention\\__init__.py', reloading
 * Detected change in 'C:\\Users\\ayush\\AppData\\Roaming\\Python\\Python312\\site-packages\\torch\\nn\\attention\\_fa3.py', reloading
 * Detected change in 'C:\\Users\\ayush\\AppData\\Roaming\\Python\\Python312\\site-packages\\torch\\nn\\attention\\_fa3.py', reloading
 * Detected change in 'C:\\Users\\ayush\\AppData\\Roaming\\Python\\Python312\\site-packages\\torch\\nn\\attention\\_fa4.py', reloading
 * Detected change in 'C:\\Users\\ayush\\AppData\\Roaming\\Python\\Python312\\site-packages\\torch\\nn\\attention\\_fa4.py', reloading
 * Detected change in 'C:\\Users\\ayush\\AppData\\Roaming\\Python\\Python312\\site-packages\\torch\\nn\\attention\\_registry.py', reloading
 * Detected change in 'C:\\Users\\ayush\\AppData\\Roaming\\Python\\Python312\\site-packages\\torch\\nn\\attention\\_registry.py', reloading
 * Detected change in 'C:\\Users\\ayush\\AppData\\Roaming\\Python\\Python312\\site-packages\\torch\\nn\\attention\\_utils.py', reloading
 * Detected change in 'C:\\Users\\ayush\\AppData\\Roaming\\Python\\Python312\\site-packages\\torch\\nn\\attention\\_utils.py', reloading
 * Detected change in 'C:\\Users\\ayush\\AppData\\Roaming\\Python\\Python312\\site-packages\\torch\\nn\\attention\\bias.py', reloading
 * Detected change in 'C:\\Users\\ayush\\AppData\\Roaming\\Python\\Python312\\site-packages\\torch\\nn\\attention\\bias.py', reloading
 * Detected change in 'C:\\Users\\ayush\\AppData\\Roaming\\Python\\Python312\\site-packages\\torch\\nn\\attention\\flex_attention.py', reloading
 * Detected change in 'C:\\Users\\ayush\\AppData\\Roaming\\Python\\Python312\\site-packages\\torch\\nn\\attention\\flex_attention.py', reloading
 * Detected change in 'C:\\Users\\ayush\\AppData\\Roaming\\Python\\Python312\\site-packages\\torch\\nn\\attention\\varlen.py', reloading
 * Detected change in 'C:\\Users\\ayush\\AppData\\Roaming\\Python\\Python312\\site-packages\\torch\\nn\\attention\\varlen.py', reloading
 * Detected change in 'C:\\Users\\ayush\\AppData\\Roaming\\Python\\Python312\\site-packages\\torch\\nn\\attention\\experimental\\_paged_attention.py', reloading
 * Detected change in 'C:\\Users\\ayush\\AppData\\Roaming\\Python\\Python312\\site-packages\\torch\\nn\\attention\\experimental\\_scaled_dot_product_attention_quantized.py', reloading
 * Detected change in 'C:\\Users\\ayush\\AppData\\Roaming\\Python\\Python312\\site-packages\\torch\\nn\\attention\\experimental\\__init__.py', reloading
 * Detected change in 'C:\\Users\\ayush\\AppData\\Roaming\\Python\\Python312\\site-packages\\torch\\nn\\attention\\experimental\\__init__.py', reloading
 * Detected change in 'C:\\Users\\ayush\\AppData\\Roaming\\Python\\Python312\\site-packages\\torch\\nn\\attention\\experimental\\__init__.py', reloading
 * Detected change in 'C:\\Users\\ayush\\AppData\\Roaming\\Python\\Python312\\site-packages\\torch\\nn\\attention\\experimental\\_paged_attention.py', reloading
 * Detected change in 'C:\\Users\\ayush\\AppData\\Roaming\\Python\\Python312\\site-packages\\torch\\nn\\attention\\experimental\\_paged_attention.py', reloading
 * Detected change in 'C:\\Users\\ayush\\AppData\\Roaming\\Python\\Python312\\site-packages\\torch\\nn\\attention\\experimental\\_scaled_dot_product_attention_quantized.py', reloading
 * Detected change in 'C:\\Users\\ayush\\AppData\\Roaming\\Python\\Python312\\site-packages\\torch\\nn\\attention\\experimental\\_scaled_dot_product_attention_quantized.py', reloading
 * Detected change in 'C:\\Users\\ayush\\AppData\\Roaming\\Python\\Python312\\site-packages\\torch\\nn\\backends\\thnn.py', reloading
 * Detected change in 'C:\\Users\\ayush\\AppData\\Roaming\\Python\\Python312\\site-packages\\torch\\nn\\backends\\__init__.py', reloading
 * Detected change in 'C:\\Users\\ayush\\AppData\\Roaming\\Python\\Python312\\site-packages\\torch\\nn\\backends\\__init__.py', reloading
 * Detected change in 'C:\\Users\\ayush\\AppData\\Roaming\\Python\\Python312\\site-packages\\torch\\nn\\backends\\thnn.py', reloading
 * Detected change in 'C:\\Users\\ayush\\AppData\\Roaming\\Python\\Python312\\site-packages\\torch\\nn\\backends\\thnn.py', reloading
 * Detected change in 'C:\\Users\\ayush\\AppData\\Roaming\\Python\\Python312\\site-packages\\torch\\nn\\intrinsic\\__init__.py', reloading
 * Detected change in 'C:\\Users\\ayush\\AppData\\Roaming\\Python\\Python312\\site-packages\\torch\\nn\\intrinsic\\modules\\fused.py', reloading
 * Detected change in 'C:\\Users\\ayush\\AppData\\Roaming\\Python\\Python312\\site-packages\\torch\\nn\\intrinsic\\modules\\__init__.py', reloading
 * Detected change in 'C:\\Users\\ayush\\AppData\\Roaming\\Python\\Python312\\site-packages\\torch\\nn\\intrinsic\\qat\\__init__.py', reloading
 * Detected change in 'C:\\Users\\ayush\\AppData\\Roaming\\Python\\Python312\\site-packages\\torch\\nn\\intrinsic\\qat\\modules\\conv_fused.py', reloading
 * Detected change in 'C:\\Users\\ayush\\AppData\\Roaming\\Python\\Python312\\site-packages\\torch\\nn\\intrinsic\\qat\\modules\\linear_fused.py', reloading
 * Detected change in 'C:\\Users\\ayush\\AppData\\Roaming\\Python\\Python312\\site-packages\\torch\\nn\\intrinsic\\qat\\modules\\linear_relu.py', reloading
 * Detected change in 'C:\\Users\\ayush\\AppData\\Roaming\\Python\\Python312\\site-packages\\torch\\nn\\intrinsic\\qat\\modules\\__init__.py', reloading
 * Detected change in 'C:\\Users\\ayush\\AppData\\Roaming\\Python\\Python312\\site-packages\\torch\\nn\\intrinsic\\quantized\\__init__.py', reloading
 * Detected change in 'C:\\Users\\ayush\\AppData\\Roaming\\Python\\Python312\\site-packages\\torch\\nn\\intrinsic\\quantized\\dynamic\\__init__.py', reloading
 * Detected change in 'C:\\Users\\ayush\\AppData\\Roaming\\Python\\Python312\\site-packages\\torch\\nn\\intrinsic\\quantized\\dynamic\\modules\\linear_relu.py', reloading
 * Detected change in 'C:\\Users\\ayush\\AppData\\Roaming\\Python\\Python312\\site-packages\\torch\\nn\\intrinsic\\quantized\\dynamic\\modules\\__init__.py', reloading
 * Detected change in 'C:\\Users\\ayush\\AppData\\Roaming\\Python\\Python312\\site-packages\\torch\\nn\\intrinsic\\quantized\\modules\\bn_relu.py', reloading
 * Detected change in 'C:\\Users\\ayush\\AppData\\Roaming\\Python\\Python312\\site-packages\\torch\\nn\\intrinsic\\quantized\\modules\\conv_relu.py', reloading
 * Detected change in 'C:\\Users\\ayush\\AppData\\Roaming\\Python\\Python312\\site-packages\\torch\\nn\\intrinsic\\quantized\\modules\\linear_relu.py', reloading
 * Detected change in 'C:\\Users\\ayush\\AppData\\Roaming\\Python\\Python312\\site-packages\\torch\\nn\\intrinsic\\quantized\\modules\\__init__.py', reloading
 * Detected change in 'C:\\Users\\ayush\\AppData\\Roaming\\Python\\Python312\\site-packages\\torch\\nn\\intrinsic\\__init__.py', reloading
 * Detected change in 'C:\\Users\\ayush\\AppData\\Roaming\\Python\\Python312\\site-packages\\torch\\nn\\intrinsic\\__init__.py', reloading
 * Detected change in 'C:\\Users\\ayush\\AppData\\Roaming\\Python\\Python312\\site-packages\\torch\\nn\\intrinsic\\modules\\fused.py', reloading
 * Detected change in 'C:\\Users\\ayush\\AppData\\Roaming\\Python\\Python312\\site-packages\\torch\\nn\\intrinsic\\modules\\__init__.py', reloading
 * Detected change in 'C:\\Users\\ayush\\AppData\\Roaming\\Python\\Python312\\site-packages\\torch\\nn\\intrinsic\\modules\\__init__.py', reloading
 * Detected change in 'C:\\Users\\ayush\\AppData\\Roaming\\Python\\Python312\\site-packages\\torch\\nn\\intrinsic\\modules\\__init__.py', reloading
 * Detected change in 'C:\\Users\\ayush\\AppData\\Roaming\\Python\\Python312\\site-packages\\torch\\nn\\intrinsic\\modules\\fused.py', reloading
 * Detected change in 'C:\\Users\\ayush\\AppData\\Roaming\\Python\\Python312\\site-packages\\torch\\nn\\intrinsic\\modules\\fused.py', reloading
 * Detected change in 'C:\\Users\\ayush\\AppData\\Roaming\\Python\\Python312\\site-packages\\torch\\nn\\intrinsic\\qat\\__init__.py', reloading
 * Detected change in 'C:\\Users\\ayush\\AppData\\Roaming\\Python\\Python312\\site-packages\\torch\\nn\\intrinsic\\qat\\modules\\conv_fused.py', reloading
 * Detected change in 'C:\\Users\\ayush\\AppData\\Roaming\\Python\\Python312\\site-packages\\torch\\nn\\intrinsic\\qat\\modules\\linear_fused.py', reloading
 * Detected change in 'C:\\Users\\ayush\\AppData\\Roaming\\Python\\Python312\\site-packages\\torch\\nn\\intrinsic\\qat\\modules\\linear_relu.py', reloading
 * Detected change in 'C:\\Users\\ayush\\AppData\\Roaming\\Python\\Python312\\site-packages\\torch\\nn\\intrinsic\\qat\\modules\\__init__.py', reloading
 * Detected change in 'C:\\Users\\ayush\\AppData\\Roaming\\Python\\Python312\\site-packages\\torch\\nn\\intrinsic\\qat\\__init__.py', reloading
 * Detected change in 'C:\\Users\\ayush\\AppData\\Roaming\\Python\\Python312\\site-packages\\torch\\nn\\intrinsic\\qat\\__init__.py', reloading
 * Detected change in 'C:\\Users\\ayush\\AppData\\Roaming\\Python\\Python312\\site-packages\\torch\\nn\\intrinsic\\qat\\modules\\conv_fused.py', reloading
 * Detected change in 'C:\\Users\\ayush\\AppData\\Roaming\\Python\\Python312\\site-packages\\torch\\nn\\intrinsic\\qat\\modules\\linear_fused.py', reloading
 * Detected change in 'C:\\Users\\ayush\\AppData\\Roaming\\Python\\Python312\\site-packages\\torch\\nn\\intrinsic\\qat\\modules\\linear_relu.py', reloading
 * Detected change in 'C:\\Users\\ayush\\AppData\\Roaming\\Python\\Python312\\site-packages\\torch\\nn\\intrinsic\\qat\\modules\\__init__.py', reloading
 * Detected change in 'C:\\Users\\ayush\\AppData\\Roaming\\Python\\Python312\\site-packages\\torch\\nn\\intrinsic\\qat\\modules\\__init__.py', reloading
 * Detected change in 'C:\\Users\\ayush\\AppData\\Roaming\\Python\\Python312\\site-packages\\torch\\nn\\intrinsic\\qat\\modules\\__init__.py', reloading
 * Detected change in 'C:\\Users\\ayush\\AppData\\Roaming\\Python\\Python312\\site-packages\\torch\\nn\\intrinsic\\qat\\modules\\conv_fused.py', reloading
 * Detected change in 'C:\\Users\\ayush\\AppData\\Roaming\\Python\\Python312\\site-packages\\torch\\nn\\intrinsic\\qat\\modules\\conv_fused.py', reloading
 * Detected change in 'C:\\Users\\ayush\\AppData\\Roaming\\Python\\Python312\\site-packages\\torch\\nn\\intrinsic\\qat\\modules\\linear_fused.py', reloading
 * Detected change in 'C:\\Users\\ayush\\AppData\\Roaming\\Python\\Python312\\site-packages\\torch\\nn\\intrinsic\\qat\\modules\\linear_fused.py', reloading
 * Detected change in 'C:\\Users\\ayush\\AppData\\Roaming\\Python\\Python312\\site-packages\\torch\\nn\\intrinsic\\qat\\modules\\linear_relu.py', reloading
 * Detected change in 'C:\\Users\\ayush\\AppData\\Roaming\\Python\\Python312\\site-packages\\torch\\nn\\intrinsic\\qat\\modules\\linear_relu.py', reloading
 * Detected change in 'C:\\Users\\ayush\\AppData\\Roaming\\Python\\Python312\\site-packages\\torch\\nn\\intrinsic\\quantized\\__init__.py', reloading
 * Detected change in 'C:\\Users\\ayush\\AppData\\Roaming\\Python\\Python312\\site-packages\\torch\\nn\\intrinsic\\quantized\\dynamic\\__init__.py', reloading
 * Detected change in 'C:\\Users\\ayush\\AppData\\Roaming\\Python\\Python312\\site-packages\\torch\\nn\\intrinsic\\quantized\\dynamic\\modules\\linear_relu.py', reloading
 * Detected change in 'C:\\Users\\ayush\\AppData\\Roaming\\Python\\Python312\\site-packages\\torch\\nn\\intrinsic\\quantized\\dynamic\\modules\\__init__.py', reloading
 * Detected change in 'C:\\Users\\ayush\\AppData\\Roaming\\Python\\Python312\\site-packages\\torch\\nn\\intrinsic\\quantized\\modules\\bn_relu.py', reloading
 * Detected change in 'C:\\Users\\ayush\\AppData\\Roaming\\Python\\Python312\\site-packages\\torch\\nn\\intrinsic\\quantized\\modules\\conv_relu.py', reloading
 * Detected change in 'C:\\Users\\ayush\\AppData\\Roaming\\Python\\Python312\\site-packages\\torch\\nn\\intrinsic\\quantized\\modules\\linear_relu.py', reloading
 * Detected change in 'C:\\Users\\ayush\\AppData\\Roaming\\Python\\Python312\\site-packages\\torch\\nn\\intrinsic\\quantized\\modules\\__init__.py', reloading
 * Detected change in 'C:\\Users\\ayush\\AppData\\Roaming\\Python\\Python312\\site-packages\\torch\\nn\\intrinsic\\quantized\\__init__.py', reloading
 * Detected change in 'C:\\Users\\ayush\\AppData\\Roaming\\Python\\Python312\\site-packages\\torch\\nn\\intrinsic\\quantized\\__init__.py', reloading
 * Detected change in 'C:\\Users\\ayush\\AppData\\Roaming\\Python\\Python312\\site-packages\\torch\\nn\\intrinsic\\quantized\\dynamic\\__init__.py', reloading
 * Detected change in 'C:\\Users\\ayush\\AppData\\Roaming\\Python\\Python312\\site-packages\\torch\\nn\\intrinsic\\quantized\\dynamic\\modules\\linear_relu.py', reloading
 * Detected change in 'C:\\Users\\ayush\\AppData\\Roaming\\Python\\Python312\\site-packages\\torch\\nn\\intrinsic\\quantized\\dynamic\\modules\\__init__.py', reloading
 * Detected change in 'C:\\Users\\ayush\\AppData\\Roaming\\Python\\Python312\\site-packages\\torch\\nn\\intrinsic\\quantized\\dynamic\\__init__.py', reloading
 * Detected change in 'C:\\Users\\ayush\\AppData\\Roaming\\Python\\Python312\\site-packages\\torch\\nn\\intrinsic\\quantized\\dynamic\\__init__.py', reloading
 * Detected change in 'C:\\Users\\ayush\\AppData\\Roaming\\Python\\Python312\\site-packages\\torch\\nn\\intrinsic\\quantized\\dynamic\\modules\\linear_relu.py', reloading
 * Detected change in 'C:\\Users\\ayush\\AppData\\Roaming\\Python\\Python312\\site-packages\\torch\\nn\\intrinsic\\quantized\\dynamic\\modules\\__init__.py', reloading
 * Detected change in 'C:\\Users\\ayush\\AppData\\Roaming\\Python\\Python312\\site-packages\\torch\\nn\\intrinsic\\quantized\\dynamic\\modules\\__init__.py', reloading
 * Detected change in 'C:\\Users\\ayush\\AppData\\Roaming\\Python\\Python312\\site-packages\\torch\\nn\\intrinsic\\quantized\\dynamic\\modules\\__init__.py', reloading
 * Detected change in 'C:\\Users\\ayush\\AppData\\Roaming\\Python\\Python312\\site-packages\\torch\\nn\\intrinsic\\quantized\\dynamic\\modules\\linear_relu.py', reloading
 * Detected change in 'C:\\Users\\ayush\\AppData\\Roaming\\Python\\Python312\\site-packages\\torch\\nn\\intrinsic\\quantized\\dynamic\\modules\\linear_relu.py', reloading
 * Detected change in 'C:\\Users\\ayush\\AppData\\Roaming\\Python\\Python312\\site-packages\\torch\\nn\\intrinsic\\quantized\\modules\\bn_relu.py', reloading
 * Detected change in 'C:\\Users\\ayush\\AppData\\Roaming\\Python\\Python312\\site-packages\\torch\\nn\\intrinsic\\quantized\\modules\\conv_relu.py', reloading
 * Detected change in 'C:\\Users\\ayush\\AppData\\Roaming\\Python\\Python312\\site-packages\\torch\\nn\\intrinsic\\quantized\\modules\\linear_relu.py', reloading
 * Detected change in 'C:\\Users\\ayush\\AppData\\Roaming\\Python\\Python312\\site-packages\\torch\\nn\\intrinsic\\quantized\\modules\\__init__.py', reloading
 * Detected change in 'C:\\Users\\ayush\\AppData\\Roaming\\Python\\Python312\\site-packages\\torch\\nn\\intrinsic\\quantized\\modules\\__init__.py', reloading
 * Detected change in 'C:\\Users\\ayush\\AppData\\Roaming\\Python\\Python312\\site-packages\\torch\\nn\\intrinsic\\quantized\\modules\\__init__.py', reloading
 * Detected change in 'C:\\Users\\ayush\\AppData\\Roaming\\Python\\Python312\\site-packages\\torch\\nn\\intrinsic\\quantized\\modules\\bn_relu.py', reloading
 * Detected change in 'C:\\Users\\ayush\\AppData\\Roaming\\Python\\Python312\\site-packages\\torch\\nn\\intrinsic\\quantized\\modules\\bn_relu.py', reloading
 * Detected change in 'C:\\Users\\ayush\\AppData\\Roaming\\Python\\Python312\\site-packages\\torch\\nn\\intrinsic\\quantized\\modules\\conv_relu.py', reloading
 * Detected change in 'C:\\Users\\ayush\\AppData\\Roaming\\Python\\Python312\\site-packages\\torch\\nn\\intrinsic\\quantized\\modules\\conv_relu.py', reloading
 * Detected change in 'C:\\Users\\ayush\\AppData\\Roaming\\Python\\Python312\\site-packages\\torch\\nn\\intrinsic\\quantized\\modules\\linear_relu.py', reloading
 * Detected change in 'C:\\Users\\ayush\\AppData\\Roaming\\Python\\Python312\\site-packages\\torch\\nn\\intrinsic\\quantized\\modules\\linear_relu.py', reloading
 * Detected change in 'C:\\Users\\ayush\\AppData\\Roaming\\Python\\Python312\\site-packages\\torch\\nn\\modules\\activation.py', reloading
 * Detected change in 'C:\\Users\\ayush\\AppData\\Roaming\\Python\\Python312\\site-packages\\torch\\nn\\modules\\adaptive.py', reloading
 * Detected change in 'C:\\Users\\ayush\\AppData\\Roaming\\Python\\Python312\\site-packages\\torch\\nn\\modules\\batchnorm.py', reloading
 * Detected change in 'C:\\Users\\ayush\\AppData\\Roaming\\Python\\Python312\\site-packages\\torch\\nn\\modules\\channelshuffle.py', reloading
 * Detected change in 'C:\\Users\\ayush\\AppData\\Roaming\\Python\\Python312\\site-packages\\torch\\nn\\modules\\container.py', reloading
 * Detected change in 'C:\\Users\\ayush\\AppData\\Roaming\\Python\\Python312\\site-packages\\torch\\nn\\modules\\conv.py', reloading
 * Detected change in 'C:\\Users\\ayush\\AppData\\Roaming\\Python\\Python312\\site-packages\\torch\\nn\\modules\\distance.py', reloading
 * Detected change in 'C:\\Users\\ayush\\AppData\\Roaming\\Python\\Python312\\site-packages\\torch\\nn\\modules\\dropout.py', reloading
 * Detected change in 'C:\\Users\\ayush\\AppData\\Roaming\\Python\\Python312\\site-packages\\torch\\nn\\modules\\flatten.py', reloading
 * Detected change in 'C:\\Users\\ayush\\AppData\\Roaming\\Python\\Python312\\site-packages\\torch\\nn\\modules\\fold.py', reloading
 * Detected change in 'C:\\Users\\ayush\\AppData\\Roaming\\Python\\Python312\\site-packages\\torch\\nn\\modules\\instancenorm.py', reloading
 * Detected change in 'C:\\Users\\ayush\\AppData\\Roaming\\Python\\Python312\\site-packages\\torch\\nn\\modules\\lazy.py', reloading
 * Detected change in 'C:\\Users\\ayush\\AppData\\Roaming\\Python\\Python312\\site-packages\\torch\\nn\\modules\\linear.py', reloading
 * Detected change in 'C:\\Users\\ayush\\AppData\\Roaming\\Python\\Python312\\site-packages\\torch\\nn\\modules\\linear_cross_entropy.py', reloading
 * Detected change in 'C:\\Users\\ayush\\AppData\\Roaming\\Python\\Python312\\site-packages\\torch\\nn\\modules\\linear_cross_entropy_options.py', reloading
 * Detected change in 'C:\\Users\\ayush\\AppData\\Roaming\\Python\\Python312\\site-packages\\torch\\nn\\modules\\loss.py', reloading
 * Detected change in 'C:\\Users\\ayush\\AppData\\Roaming\\Python\\Python312\\site-packages\\torch\\nn\\modules\\module.py', reloading
 * Detected change in 'C:\\Users\\ayush\\AppData\\Roaming\\Python\\Python312\\site-packages\\torch\\nn\\modules\\normalization.py', reloading
 * Detected change in 'C:\\Users\\ayush\\AppData\\Roaming\\Python\\Python312\\site-packages\\torch\\nn\\modules\\padding.py', reloading
 * Detected change in 'C:\\Users\\ayush\\AppData\\Roaming\\Python\\Python312\\site-packages\\torch\\nn\\modules\\pixelshuffle.py', reloading
 * Detected change in 'C:\\Users\\ayush\\AppData\\Roaming\\Python\\Python312\\site-packages\\torch\\nn\\modules\\pooling.py', reloading
 * Detected change in 'C:\\Users\\ayush\\AppData\\Roaming\\Python\\Python312\\site-packages\\torch\\nn\\modules\\rnn.py', reloading
 * Detected change in 'C:\\Users\\ayush\\AppData\\Roaming\\Python\\Python312\\site-packages\\torch\\nn\\modules\\sparse.py', reloading
 * Detected change in 'C:\\Users\\ayush\\AppData\\Roaming\\Python\\Python312\\site-packages\\torch\\nn\\modules\\transformer.py', reloading
 * Detected change in 'C:\\Users\\ayush\\AppData\\Roaming\\Python\\Python312\\site-packages\\torch\\nn\\modules\\upsampling.py', reloading
 * Detected change in 'C:\\Users\\ayush\\AppData\\Roaming\\Python\\Python312\\site-packages\\torch\\nn\\modules\\utils.py', reloading
 * Detected change in 'C:\\Users\\ayush\\AppData\\Roaming\\Python\\Python312\\site-packages\\torch\\nn\\modules\\_functions.py', reloading
 * Detected change in 'C:\\Users\\ayush\\AppData\\Roaming\\Python\\Python312\\site-packages\\torch\\nn\\modules\\__init__.py', reloading
 * Detected change in 'C:\\Users\\ayush\\AppData\\Roaming\\Python\\Python312\\site-packages\\torch\\nn\\modules\\__init__.py', reloading
 * Detected change in 'C:\\Users\\ayush\\AppData\\Roaming\\Python\\Python312\\site-packages\\torch\\nn\\modules\\__init__.py', reloading
 * Detected change in 'C:\\Users\\ayush\\AppData\\Roaming\\Python\\Python312\\site-packages\\torch\\nn\\modules\\_functions.py', reloading
 * Detected change in 'C:\\Users\\ayush\\AppData\\Roaming\\Python\\Python312\\site-packages\\torch\\nn\\modules\\_functions.py', reloading
 * Detected change in 'C:\\Users\\ayush\\AppData\\Roaming\\Python\\Python312\\site-packages\\torch\\nn\\modules\\activation.py', reloading
 * Detected change in 'C:\\Users\\ayush\\AppData\\Roaming\\Python\\Python312\\site-packages\\torch\\nn\\modules\\activation.py', reloading
 * Detected change in 'C:\\Users\\ayush\\AppData\\Roaming\\Python\\Python312\\site-packages\\torch\\nn\\modules\\adaptive.py', reloading
 * Detected change in 'C:\\Users\\ayush\\AppData\\Roaming\\Python\\Python312\\site-packages\\torch\\nn\\modules\\adaptive.py', reloading
 * Detected change in 'C:\\Users\\ayush\\AppData\\Roaming\\Python\\Python312\\site-packages\\torch\\nn\\modules\\batchnorm.py', reloading
 * Detected change in 'C:\\Users\\ayush\\AppData\\Roaming\\Python\\Python312\\site-packages\\torch\\nn\\modules\\batchnorm.py', reloading
 * Detected change in 'C:\\Users\\ayush\\AppData\\Roaming\\Python\\Python312\\site-packages\\torch\\nn\\modules\\channelshuffle.py', reloading
 * Detected change in 'C:\\Users\\ayush\\AppData\\Roaming\\Python\\Python312\\site-packages\\torch\\nn\\modules\\channelshuffle.py', reloading
 * Detected change in 'C:\\Users\\ayush\\AppData\\Roaming\\Python\\Python312\\site-packages\\torch\\nn\\modules\\container.py', reloading
 * Detected change in 'C:\\Users\\ayush\\AppData\\Roaming\\Python\\Python312\\site-packages\\torch\\nn\\modules\\container.py', reloading
 * Detected change in 'C:\\Users\\ayush\\AppData\\Roaming\\Python\\Python312\\site-packages\\torch\\nn\\modules\\conv.py', reloading
 * Detected change in 'C:\\Users\\ayush\\AppData\\Roaming\\Python\\Python312\\site-packages\\torch\\nn\\modules\\conv.py', reloading
 * Detected change in 'C:\\Users\\ayush\\AppData\\Roaming\\Python\\Python312\\site-packages\\torch\\nn\\modules\\distance.py', reloading
 * Detected change in 'C:\\Users\\ayush\\AppData\\Roaming\\Python\\Python312\\site-packages\\torch\\nn\\modules\\distance.py', reloading
 * Detected change in 'C:\\Users\\ayush\\AppData\\Roaming\\Python\\Python312\\site-packages\\torch\\nn\\modules\\dropout.py', reloading
 * Detected change in 'C:\\Users\\ayush\\AppData\\Roaming\\Python\\Python312\\site-packages\\torch\\nn\\modules\\dropout.py', reloading
 * Detected change in 'C:\\Users\\ayush\\AppData\\Roaming\\Python\\Python312\\site-packages\\torch\\nn\\modules\\flatten.py', reloading
 * Detected change in 'C:\\Users\\ayush\\AppData\\Roaming\\Python\\Python312\\site-packages\\torch\\nn\\modules\\flatten.py', reloading
 * Detected change in 'C:\\Users\\ayush\\AppData\\Roaming\\Python\\Python312\\site-packages\\torch\\nn\\modules\\fold.py', reloading
 * Detected change in 'C:\\Users\\ayush\\AppData\\Roaming\\Python\\Python312\\site-packages\\torch\\nn\\modules\\fold.py', reloading
 * Detected change in 'C:\\Users\\ayush\\AppData\\Roaming\\Python\\Python312\\site-packages\\torch\\nn\\modules\\instancenorm.py', reloading
 * Detected change in 'C:\\Users\\ayush\\AppData\\Roaming\\Python\\Python312\\site-packages\\torch\\nn\\modules\\instancenorm.py', reloading
 * Detected change in 'C:\\Users\\ayush\\AppData\\Roaming\\Python\\Python312\\site-packages\\torch\\nn\\modules\\lazy.py', reloading
 * Detected change in 'C:\\Users\\ayush\\AppData\\Roaming\\Python\\Python312\\site-packages\\torch\\nn\\modules\\lazy.py', reloading
 * Detected change in 'C:\\Users\\ayush\\AppData\\Roaming\\Python\\Python312\\site-packages\\torch\\nn\\modules\\linear.py', reloading
 * Detected change in 'C:\\Users\\ayush\\AppData\\Roaming\\Python\\Python312\\site-packages\\torch\\nn\\modules\\linear.py', reloading
 * Detected change in 'C:\\Users\\ayush\\AppData\\Roaming\\Python\\Python312\\site-packages\\torch\\nn\\modules\\linear_cross_entropy.py', reloading
 * Detected change in 'C:\\Users\\ayush\\AppData\\Roaming\\Python\\Python312\\site-packages\\torch\\nn\\modules\\linear_cross_entropy.py', reloading
 * Detected change in 'C:\\Users\\ayush\\AppData\\Roaming\\Python\\Python312\\site-packages\\torch\\nn\\modules\\linear_cross_entropy_options.py', reloading
 * Detected change in 'C:\\Users\\ayush\\AppData\\Roaming\\Python\\Python312\\site-packages\\torch\\nn\\modules\\linear_cross_entropy_options.py', reloading
 * Detected change in 'C:\\Users\\ayush\\AppData\\Roaming\\Python\\Python312\\site-packages\\torch\\nn\\modules\\loss.py', reloading
 * Detected change in 'C:\\Users\\ayush\\AppData\\Roaming\\Python\\Python312\\site-packages\\torch\\nn\\modules\\loss.py', reloading
 * Detected change in 'C:\\Users\\ayush\\AppData\\Roaming\\Python\\Python312\\site-packages\\torch\\nn\\modules\\module.py', reloading
 * Detected change in 'C:\\Users\\ayush\\AppData\\Roaming\\Python\\Python312\\site-packages\\torch\\nn\\modules\\module.py', reloading
 * Detected change in 'C:\\Users\\ayush\\AppData\\Roaming\\Python\\Python312\\site-packages\\torch\\nn\\modules\\normalization.py', reloading
 * Detected change in 'C:\\Users\\ayush\\AppData\\Roaming\\Python\\Python312\\site-packages\\torch\\nn\\modules\\normalization.py', reloading
 * Detected change in 'C:\\Users\\ayush\\AppData\\Roaming\\Python\\Python312\\site-packages\\torch\\nn\\modules\\padding.py', reloading
 * Detected change in 'C:\\Users\\ayush\\AppData\\Roaming\\Python\\Python312\\site-packages\\torch\\nn\\modules\\padding.py', reloading
 * Detected change in 'C:\\Users\\ayush\\AppData\\Roaming\\Python\\Python312\\site-packages\\torch\\nn\\modules\\pixelshuffle.py', reloading
 * Detected change in 'C:\\Users\\ayush\\AppData\\Roaming\\Python\\Python312\\site-packages\\torch\\nn\\modules\\pixelshuffle.py', reloading
 * Detected change in 'C:\\Users\\ayush\\AppData\\Roaming\\Python\\Python312\\site-packages\\torch\\nn\\modules\\pooling.py', reloading
 * Detected change in 'C:\\Users\\ayush\\AppData\\Roaming\\Python\\Python312\\site-packages\\torch\\nn\\modules\\pooling.py', reloading
 * Detected change in 'C:\\Users\\ayush\\AppData\\Roaming\\Python\\Python312\\site-packages\\torch\\nn\\modules\\rnn.py', reloading
 * Detected change in 'C:\\Users\\ayush\\AppData\\Roaming\\Python\\Python312\\site-packages\\torch\\nn\\modules\\rnn.py', reloading
 * Detected change in 'C:\\Users\\ayush\\AppData\\Roaming\\Python\\Python312\\site-packages\\torch\\nn\\modules\\sparse.py', reloading
 * Detected change in 'C:\\Users\\ayush\\AppData\\Roaming\\Python\\Python312\\site-packages\\torch\\nn\\modules\\sparse.py', reloading
 * Detected change in 'C:\\Users\\ayush\\AppData\\Roaming\\Python\\Python312\\site-packages\\torch\\nn\\modules\\transformer.py', reloading
 * Detected change in 'C:\\Users\\ayush\\AppData\\Roaming\\Python\\Python312\\site-packages\\torch\\nn\\modules\\transformer.py', reloading
 * Detected change in 'C:\\Users\\ayush\\AppData\\Roaming\\Python\\Python312\\site-packages\\torch\\nn\\modules\\upsampling.py', reloading
 * Detected change in 'C:\\Users\\ayush\\AppData\\Roaming\\Python\\Python312\\site-packages\\torch\\nn\\modules\\upsampling.py', reloading
 * Detected change in 'C:\\Users\\ayush\\AppData\\Roaming\\Python\\Python312\\site-packages\\torch\\nn\\modules\\utils.py', reloading
 * Detected change in 'C:\\Users\\ayush\\AppData\\Roaming\\Python\\Python312\\site-packages\\torch\\nn\\modules\\utils.py', reloading
 * Detected change in 'C:\\Users\\ayush\\AppData\\Roaming\\Python\\Python312\\site-packages\\torch\\nn\\parallel\\comm.py', reloading
 * Detected change in 'C:\\Users\\ayush\\AppData\\Roaming\\Python\\Python312\\site-packages\\torch\\nn\\parallel\\data_parallel.py', reloading
 * Detected change in 'C:\\Users\\ayush\\AppData\\Roaming\\Python\\Python312\\site-packages\\torch\\nn\\parallel\\distributed.py', reloading
 * Detected change in 'C:\\Users\\ayush\\AppData\\Roaming\\Python\\Python312\\site-packages\\torch\\nn\\parallel\\parallel_apply.py', reloading
 * Detected change in 'C:\\Users\\ayush\\AppData\\Roaming\\Python\\Python312\\site-packages\\torch\\nn\\parallel\\replicate.py', reloading
 * Detected change in 'C:\\Users\\ayush\\AppData\\Roaming\\Python\\Python312\\site-packages\\torch\\nn\\parallel\\scatter_gather.py', reloading
 * Detected change in 'C:\\Users\\ayush\\AppData\\Roaming\\Python\\Python312\\site-packages\\torch\\nn\\parallel\\_functions.py', reloading
 * Detected change in 'C:\\Users\\ayush\\AppData\\Roaming\\Python\\Python312\\site-packages\\torch\\nn\\parallel\\__init__.py', reloading
 * Detected change in 'C:\\Users\\ayush\\AppData\\Roaming\\Python\\Python312\\site-packages\\torch\\nn\\parallel\\__init__.py', reloading
 * Detected change in 'C:\\Users\\ayush\\AppData\\Roaming\\Python\\Python312\\site-packages\\torch\\nn\\parallel\\__init__.py', reloading
 * Detected change in 'C:\\Users\\ayush\\AppData\\Roaming\\Python\\Python312\\site-packages\\torch\\nn\\parallel\\_functions.py', reloading
 * Detected change in 'C:\\Users\\ayush\\AppData\\Roaming\\Python\\Python312\\site-packages\\torch\\nn\\parallel\\_functions.py', reloading
 * Detected change in 'C:\\Users\\ayush\\AppData\\Roaming\\Python\\Python312\\site-packages\\torch\\nn\\parallel\\comm.py', reloading
 * Detected change in 'C:\\Users\\ayush\\AppData\\Roaming\\Python\\Python312\\site-packages\\torch\\nn\\parallel\\comm.py', reloading
 * Detected change in 'C:\\Users\\ayush\\AppData\\Roaming\\Python\\Python312\\site-packages\\torch\\nn\\parallel\\data_parallel.py', reloading
 * Detected change in 'C:\\Users\\ayush\\AppData\\Roaming\\Python\\Python312\\site-packages\\torch\\nn\\parallel\\data_parallel.py', reloading
 * Detected change in 'C:\\Users\\ayush\\AppData\\Roaming\\Python\\Python312\\site-packages\\torch\\nn\\parallel\\distributed.py', reloading
 * Detected change in 'C:\\Users\\ayush\\AppData\\Roaming\\Python\\Python312\\site-packages\\torch\\nn\\parallel\\distributed.py', reloading
 * Detected change in 'C:\\Users\\ayush\\AppData\\Roaming\\Python\\Python312\\site-packages\\torch\\nn\\parallel\\parallel_apply.py', reloading
 * Detected change in 'C:\\Users\\ayush\\AppData\\Roaming\\Python\\Python312\\site-packages\\torch\\nn\\parallel\\parallel_apply.py', reloading
 * Detected change in 'C:\\Users\\ayush\\AppData\\Roaming\\Python\\Python312\\site-packages\\torch\\nn\\parallel\\replicate.py', reloading
 * Detected change in 'C:\\Users\\ayush\\AppData\\Roaming\\Python\\Python312\\site-packages\\torch\\nn\\parallel\\replicate.py', reloading
 * Detected change in 'C:\\Users\\ayush\\AppData\\Roaming\\Python\\Python312\\site-packages\\torch\\nn\\parallel\\scatter_gather.py', reloading
 * Detected change in 'C:\\Users\\ayush\\AppData\\Roaming\\Python\\Python312\\site-packages\\torch\\nn\\parallel\\scatter_gather.py', reloading
 * Detected change in 'C:\\Users\\ayush\\AppData\\Roaming\\Python\\Python312\\site-packages\\torch\\nn\\qat\\__init__.py', reloading
 * Detected change in 'C:\\Users\\ayush\\AppData\\Roaming\\Python\\Python312\\site-packages\\torch\\nn\\qat\\dynamic\\__init__.py', reloading
 * Detected change in 'C:\\Users\\ayush\\AppData\\Roaming\\Python\\Python312\\site-packages\\torch\\nn\\qat\\dynamic\\modules\\linear.py', reloading
 * Detected change in 'C:\\Users\\ayush\\AppData\\Roaming\\Python\\Python312\\site-packages\\torch\\nn\\qat\\dynamic\\modules\\__init__.py', reloading
 * Detected change in 'C:\\Users\\ayush\\AppData\\Roaming\\Python\\Python312\\site-packages\\torch\\nn\\qat\\modules\\conv.py', reloading
 * Detected change in 'C:\\Users\\ayush\\AppData\\Roaming\\Python\\Python312\\site-packages\\torch\\nn\\qat\\modules\\embedding_ops.py', reloading
 * Detected change in 'C:\\Users\\ayush\\AppData\\Roaming\\Python\\Python312\\site-packages\\torch\\nn\\qat\\modules\\linear.py', reloading
 * Detected change in 'C:\\Users\\ayush\\AppData\\Roaming\\Python\\Python312\\site-packages\\torch\\nn\\qat\\modules\\__init__.py', reloading
 * Detected change in 'C:\\Users\\ayush\\AppData\\Roaming\\Python\\Python312\\site-packages\\torch\\nn\\qat\\__init__.py', reloading
 * Detected change in 'C:\\Users\\ayush\\AppData\\Roaming\\Python\\Python312\\site-packages\\torch\\nn\\qat\\__init__.py', reloading
 * Detected change in 'C:\\Users\\ayush\\AppData\\Roaming\\Python\\Python312\\site-packages\\torch\\nn\\qat\\dynamic\\__init__.py', reloading
 * Detected change in 'C:\\Users\\ayush\\AppData\\Roaming\\Python\\Python312\\site-packages\\torch\\nn\\qat\\dynamic\\modules\\linear.py', reloading
 * Detected change in 'C:\\Users\\ayush\\AppData\\Roaming\\Python\\Python312\\site-packages\\torch\\nn\\qat\\dynamic\\modules\\__init__.py', reloading
 * Detected change in 'C:\\Users\\ayush\\AppData\\Roaming\\Python\\Python312\\site-packages\\torch\\nn\\qat\\dynamic\\__init__.py', reloading
 * Detected change in 'C:\\Users\\ayush\\AppData\\Roaming\\Python\\Python312\\site-packages\\torch\\nn\\qat\\dynamic\\__init__.py', reloading
 * Detected change in 'C:\\Users\\ayush\\AppData\\Roaming\\Python\\Python312\\site-packages\\torch\\nn\\qat\\dynamic\\modules\\linear.py', reloading
 * Detected change in 'C:\\Users\\ayush\\AppData\\Roaming\\Python\\Python312\\site-packages\\torch\\nn\\qat\\dynamic\\modules\\__init__.py', reloading
 * Detected change in 'C:\\Users\\ayush\\AppData\\Roaming\\Python\\Python312\\site-packages\\torch\\nn\\qat\\dynamic\\modules\\__init__.py', reloading
 * Detected change in 'C:\\Users\\ayush\\AppData\\Roaming\\Python\\Python312\\site-packages\\torch\\nn\\qat\\dynamic\\modules\\__init__.py', reloading
 * Detected change in 'C:\\Users\\ayush\\AppData\\Roaming\\Python\\Python312\\site-packages\\torch\\nn\\qat\\dynamic\\modules\\linear.py', reloading
 * Detected change in 'C:\\Users\\ayush\\AppData\\Roaming\\Python\\Python312\\site-packages\\torch\\nn\\qat\\dynamic\\modules\\linear.py', reloading
 * Detected change in 'C:\\Users\\ayush\\AppData\\Roaming\\Python\\Python312\\site-packages\\torch\\nn\\qat\\modules\\conv.py', reloading
 * Detected change in 'C:\\Users\\ayush\\AppData\\Roaming\\Python\\Python312\\site-packages\\torch\\nn\\qat\\modules\\embedding_ops.py', reloading
 * Detected change in 'C:\\Users\\ayush\\AppData\\Roaming\\Python\\Python312\\site-packages\\torch\\nn\\qat\\modules\\linear.py', reloading
 * Detected change in 'C:\\Users\\ayush\\AppData\\Roaming\\Python\\Python312\\site-packages\\torch\\nn\\qat\\modules\\__init__.py', reloading
 * Detected change in 'C:\\Users\\ayush\\AppData\\Roaming\\Python\\Python312\\site-packages\\torch\\nn\\qat\\modules\\__init__.py', reloading
 * Detected change in 'C:\\Users\\ayush\\AppData\\Roaming\\Python\\Python312\\site-packages\\torch\\nn\\qat\\modules\\__init__.py', reloading
 * Detected change in 'C:\\Users\\ayush\\AppData\\Roaming\\Python\\Python312\\site-packages\\torch\\nn\\qat\\modules\\conv.py', reloading
 * Detected change in 'C:\\Users\\ayush\\AppData\\Roaming\\Python\\Python312\\site-packages\\torch\\nn\\qat\\modules\\conv.py', reloading
 * Detected change in 'C:\\Users\\ayush\\AppData\\Roaming\\Python\\Python312\\site-packages\\torch\\nn\\qat\\modules\\embedding_ops.py', reloading
 * Detected change in 'C:\\Users\\ayush\\AppData\\Roaming\\Python\\Python312\\site-packages\\torch\\nn\\qat\\modules\\embedding_ops.py', reloading
 * Detected change in 'C:\\Users\\ayush\\AppData\\Roaming\\Python\\Python312\\site-packages\\torch\\nn\\qat\\modules\\linear.py', reloading
 * Detected change in 'C:\\Users\\ayush\\AppData\\Roaming\\Python\\Python312\\site-packages\\torch\\nn\\qat\\modules\\linear.py', reloading
 * Detected change in 'C:\\Users\\ayush\\AppData\\Roaming\\Python\\Python312\\site-packages\\torch\\nn\\quantizable\\__init__.py', reloading
 * Detected change in 'C:\\Users\\ayush\\AppData\\Roaming\\Python\\Python312\\site-packages\\torch\\nn\\quantizable\\modules\\activation.py', reloading
 * Detected change in 'C:\\Users\\ayush\\AppData\\Roaming\\Python\\Python312\\site-packages\\torch\\nn\\quantizable\\modules\\rnn.py', reloading
 * Detected change in 'C:\\Users\\ayush\\AppData\\Roaming\\Python\\Python312\\site-packages\\torch\\nn\\quantizable\\modules\\__init__.py', reloading
 * Detected change in 'C:\\Users\\ayush\\AppData\\Roaming\\Python\\Python312\\site-packages\\torch\\nn\\quantizable\\__init__.py', reloading
 * Detected change in 'C:\\Users\\ayush\\AppData\\Roaming\\Python\\Python312\\site-packages\\torch\\nn\\quantizable\\__init__.py', reloading
 * Detected change in 'C:\\Users\\ayush\\AppData\\Roaming\\Python\\Python312\\site-packages\\torch\\nn\\quantizable\\modules\\activation.py', reloading
 * Detected change in 'C:\\Users\\ayush\\AppData\\Roaming\\Python\\Python312\\site-packages\\torch\\nn\\quantizable\\modules\\rnn.py', reloading
 * Detected change in 'C:\\Users\\ayush\\AppData\\Roaming\\Python\\Python312\\site-packages\\torch\\nn\\quantizable\\modules\\__init__.py', reloading
 * Detected change in 'C:\\Users\\ayush\\AppData\\Roaming\\Python\\Python312\\site-packages\\torch\\nn\\quantizable\\modules\\__init__.py', reloading
 * Detected change in 'C:\\Users\\ayush\\AppData\\Roaming\\Python\\Python312\\site-packages\\torch\\nn\\quantizable\\modules\\__init__.py', reloading
 * Detected change in 'C:\\Users\\ayush\\AppData\\Roaming\\Python\\Python312\\site-packages\\torch\\nn\\quantizable\\modules\\activation.py', reloading
 * Detected change in 'C:\\Users\\ayush\\AppData\\Roaming\\Python\\Python312\\site-packages\\torch\\nn\\quantizable\\modules\\activation.py', reloading
 * Detected change in 'C:\\Users\\ayush\\AppData\\Roaming\\Python\\Python312\\site-packages\\torch\\nn\\quantizable\\modules\\rnn.py', reloading
 * Detected change in 'C:\\Users\\ayush\\AppData\\Roaming\\Python\\Python312\\site-packages\\torch\\nn\\quantizable\\modules\\rnn.py', reloading
 * Detected change in 'C:\\Users\\ayush\\AppData\\Roaming\\Python\\Python312\\site-packages\\torch\\nn\\quantized\\functional.py', reloading
 * Detected change in 'C:\\Users\\ayush\\AppData\\Roaming\\Python\\Python312\\site-packages\\torch\\nn\\quantized\\__init__.py', reloading
 * Detected change in 'C:\\Users\\ayush\\AppData\\Roaming\\Python\\Python312\\site-packages\\torch\\nn\\quantized\\dynamic\\__init__.py', reloading
 * Detected change in 'C:\\Users\\ayush\\AppData\\Roaming\\Python\\Python312\\site-packages\\torch\\nn\\quantized\\dynamic\\modules\\conv.py', reloading
 * Detected change in 'C:\\Users\\ayush\\AppData\\Roaming\\Python\\Python312\\site-packages\\torch\\nn\\quantized\\dynamic\\modules\\linear.py', reloading
 * Detected change in 'C:\\Users\\ayush\\AppData\\Roaming\\Python\\Python312\\site-packages\\torch\\nn\\quantized\\dynamic\\modules\\rnn.py', reloading
 * Detected change in 'C:\\Users\\ayush\\AppData\\Roaming\\Python\\Python312\\site-packages\\torch\\nn\\quantized\\dynamic\\modules\\__init__.py', reloading
 * Detected change in 'C:\\Users\\ayush\\AppData\\Roaming\\Python\\Python312\\site-packages\\torch\\nn\\quantized\\modules\\activation.py', reloading
 * Detected change in 'C:\\Users\\ayush\\AppData\\Roaming\\Python\\Python312\\site-packages\\torch\\nn\\quantized\\modules\\batchnorm.py', reloading
 * Detected change in 'C:\\Users\\ayush\\AppData\\Roaming\\Python\\Python312\\site-packages\\torch\\nn\\quantized\\modules\\conv.py', reloading
 * Detected change in 'C:\\Users\\ayush\\AppData\\Roaming\\Python\\Python312\\site-packages\\torch\\nn\\quantized\\modules\\dropout.py', reloading
 * Detected change in 'C:\\Users\\ayush\\AppData\\Roaming\\Python\\Python312\\site-packages\\torch\\nn\\quantized\\modules\\embedding_ops.py', reloading
 * Detected change in 'C:\\Users\\ayush\\AppData\\Roaming\\Python\\Python312\\site-packages\\torch\\nn\\quantized\\modules\\functional_modules.py', reloading
 * Detected change in 'C:\\Users\\ayush\\AppData\\Roaming\\Python\\Python312\\site-packages\\torch\\nn\\quantized\\modules\\linear.py', reloading
 * Detected change in 'C:\\Users\\ayush\\AppData\\Roaming\\Python\\Python312\\site-packages\\torch\\nn\\quantized\\modules\\normalization.py', reloading
 * Detected change in 'C:\\Users\\ayush\\AppData\\Roaming\\Python\\Python312\\site-packages\\torch\\nn\\quantized\\modules\\rnn.py', reloading
 * Detected change in 'C:\\Users\\ayush\\AppData\\Roaming\\Python\\Python312\\site-packages\\torch\\nn\\quantized\\modules\\utils.py', reloading
 * Detected change in 'C:\\Users\\ayush\\AppData\\Roaming\\Python\\Python312\\site-packages\\torch\\nn\\quantized\\modules\\__init__.py', reloading
 * Detected change in 'C:\\Users\\ayush\\AppData\\Roaming\\Python\\Python312\\site-packages\\torch\\nn\\quantized\\_reference\\__init__.py', reloading
 * Detected change in 'C:\\Users\\ayush\\AppData\\Roaming\\Python\\Python312\\site-packages\\torch\\nn\\quantized\\_reference\\modules\\conv.py', reloading
 * Detected change in 'C:\\Users\\ayush\\AppData\\Roaming\\Python\\Python312\\site-packages\\torch\\nn\\quantized\\_reference\\modules\\linear.py', reloading
 * Detected change in 'C:\\Users\\ayush\\AppData\\Roaming\\Python\\Python312\\site-packages\\torch\\nn\\quantized\\_reference\\modules\\rnn.py', reloading
 * Detected change in 'C:\\Users\\ayush\\AppData\\Roaming\\Python\\Python312\\site-packages\\torch\\nn\\quantized\\_reference\\modules\\sparse.py', reloading
 * Detected change in 'C:\\Users\\ayush\\AppData\\Roaming\\Python\\Python312\\site-packages\\torch\\nn\\quantized\\_reference\\modules\\utils.py', reloading
 * Detected change in 'C:\\Users\\ayush\\AppData\\Roaming\\Python\\Python312\\site-packages\\torch\\nn\\quantized\\_reference\\modules\\__init__.py', reloading
 * Detected change in 'C:\\Users\\ayush\\AppData\\Roaming\\Python\\Python312\\site-packages\\torch\\nn\\quantized\\__init__.py', reloading
 * Detected change in 'C:\\Users\\ayush\\AppData\\Roaming\\Python\\Python312\\site-packages\\torch\\nn\\quantized\\__init__.py', reloading
 * Detected change in 'C:\\Users\\ayush\\AppData\\Roaming\\Python\\Python312\\site-packages\\torch\\nn\\quantized\\functional.py', reloading
 * Detected change in 'C:\\Users\\ayush\\AppData\\Roaming\\Python\\Python312\\site-packages\\torch\\nn\\quantized\\functional.py', reloading
 * Detected change in 'C:\\Users\\ayush\\AppData\\Roaming\\Python\\Python312\\site-packages\\torch\\nn\\quantized\\_reference\\__init__.py', reloading
 * Detected change in 'C:\\Users\\ayush\\AppData\\Roaming\\Python\\Python312\\site-packages\\torch\\nn\\quantized\\_reference\\modules\\conv.py', reloading
 * Detected change in 'C:\\Users\\ayush\\AppData\\Roaming\\Python\\Python312\\site-packages\\torch\\nn\\quantized\\_reference\\modules\\linear.py', reloading
 * Detected change in 'C:\\Users\\ayush\\AppData\\Roaming\\Python\\Python312\\site-packages\\torch\\nn\\quantized\\_reference\\modules\\rnn.py', reloading
 * Detected change in 'C:\\Users\\ayush\\AppData\\Roaming\\Python\\Python312\\site-packages\\torch\\nn\\quantized\\_reference\\modules\\sparse.py', reloading
 * Detected change in 'C:\\Users\\ayush\\AppData\\Roaming\\Python\\Python312\\site-packages\\torch\\nn\\quantized\\_reference\\modules\\utils.py', reloading
 * Detected change in 'C:\\Users\\ayush\\AppData\\Roaming\\Python\\Python312\\site-packages\\torch\\nn\\quantized\\_reference\\modules\\__init__.py', reloading
 * Detected change in 'C:\\Users\\ayush\\AppData\\Roaming\\Python\\Python312\\site-packages\\torch\\nn\\quantized\\_reference\\__init__.py', reloading
 * Detected change in 'C:\\Users\\ayush\\AppData\\Roaming\\Python\\Python312\\site-packages\\torch\\nn\\quantized\\_reference\\__init__.py', reloading
 * Detected change in 'C:\\Users\\ayush\\AppData\\Roaming\\Python\\Python312\\site-packages\\torch\\nn\\quantized\\_reference\\modules\\conv.py', reloading
 * Detected change in 'C:\\Users\\ayush\\AppData\\Roaming\\Python\\Python312\\site-packages\\torch\\nn\\quantized\\_reference\\modules\\linear.py', reloading
 * Detected change in 'C:\\Users\\ayush\\AppData\\Roaming\\Python\\Python312\\site-packages\\torch\\nn\\quantized\\_reference\\modules\\rnn.py', reloading
 * Detected change in 'C:\\Users\\ayush\\AppData\\Roaming\\Python\\Python312\\site-packages\\torch\\nn\\quantized\\_reference\\modules\\sparse.py', reloading
 * Detected change in 'C:\\Users\\ayush\\AppData\\Roaming\\Python\\Python312\\site-packages\\torch\\nn\\quantized\\_reference\\modules\\utils.py', reloading
 * Detected change in 'C:\\Users\\ayush\\AppData\\Roaming\\Python\\Python312\\site-packages\\torch\\nn\\quantized\\_reference\\modules\\__init__.py', reloading
 * Detected change in 'C:\\Users\\ayush\\AppData\\Roaming\\Python\\Python312\\site-packages\\torch\\nn\\quantized\\_reference\\modules\\__init__.py', reloading
 * Detected change in 'C:\\Users\\ayush\\AppData\\Roaming\\Python\\Python312\\site-packages\\torch\\nn\\quantized\\_reference\\modules\\__init__.py', reloading
 * Detected change in 'C:\\Users\\ayush\\AppData\\Roaming\\Python\\Python312\\site-packages\\torch\\nn\\quantized\\_reference\\modules\\conv.py', reloading
 * Detected change in 'C:\\Users\\ayush\\AppData\\Roaming\\Python\\Python312\\site-packages\\torch\\nn\\quantized\\_reference\\modules\\conv.py', reloading
 * Detected change in 'C:\\Users\\ayush\\AppData\\Roaming\\Python\\Python312\\site-packages\\torch\\nn\\quantized\\_reference\\modules\\linear.py', reloading
 * Detected change in 'C:\\Users\\ayush\\AppData\\Roaming\\Python\\Python312\\site-packages\\torch\\nn\\quantized\\_reference\\modules\\linear.py', reloading
 * Detected change in 'C:\\Users\\ayush\\AppData\\Roaming\\Python\\Python312\\site-packages\\torch\\nn\\quantized\\_reference\\modules\\rnn.py', reloading
 * Detected change in 'C:\\Users\\ayush\\AppData\\Roaming\\Python\\Python312\\site-packages\\torch\\nn\\quantized\\_reference\\modules\\rnn.py', reloading
 * Detected change in 'C:\\Users\\ayush\\AppData\\Roaming\\Python\\Python312\\site-packages\\torch\\nn\\quantized\\_reference\\modules\\sparse.py', reloading
 * Detected change in 'C:\\Users\\ayush\\AppData\\Roaming\\Python\\Python312\\site-packages\\torch\\nn\\quantized\\_reference\\modules\\sparse.py', reloading
 * Detected change in 'C:\\Users\\ayush\\AppData\\Roaming\\Python\\Python312\\site-packages\\torch\\nn\\quantized\\_reference\\modules\\utils.py', reloading
 * Detected change in 'C:\\Users\\ayush\\AppData\\Roaming\\Python\\Python312\\site-packages\\torch\\nn\\quantized\\_reference\\modules\\utils.py', reloading
 * Detected change in 'C:\\Users\\ayush\\AppData\\Roaming\\Python\\Python312\\site-packages\\torch\\nn\\quantized\\dynamic\\__init__.py', reloading
 * Detected change in 'C:\\Users\\ayush\\AppData\\Roaming\\Python\\Python312\\site-packages\\torch\\nn\\quantized\\dynamic\\modules\\conv.py', reloading
 * Detected change in 'C:\\Users\\ayush\\AppData\\Roaming\\Python\\Python312\\site-packages\\torch\\nn\\quantized\\dynamic\\modules\\linear.py', reloading
 * Detected change in 'C:\\Users\\ayush\\AppData\\Roaming\\Python\\Python312\\site-packages\\torch\\nn\\quantized\\dynamic\\modules\\rnn.py', reloading
 * Detected change in 'C:\\Users\\ayush\\AppData\\Roaming\\Python\\Python312\\site-packages\\torch\\nn\\quantized\\dynamic\\modules\\__init__.py', reloading
 * Detected change in 'C:\\Users\\ayush\\AppData\\Roaming\\Python\\Python312\\site-packages\\torch\\nn\\quantized\\dynamic\\__init__.py', reloading
 * Detected change in 'C:\\Users\\ayush\\AppData\\Roaming\\Python\\Python312\\site-packages\\torch\\nn\\quantized\\dynamic\\__init__.py', reloading
 * Detected change in 'C:\\Users\\ayush\\AppData\\Roaming\\Python\\Python312\\site-packages\\torch\\nn\\quantized\\dynamic\\modules\\conv.py', reloading
 * Detected change in 'C:\\Users\\ayush\\AppData\\Roaming\\Python\\Python312\\site-packages\\torch\\nn\\quantized\\dynamic\\modules\\linear.py', reloading
 * Detected change in 'C:\\Users\\ayush\\AppData\\Roaming\\Python\\Python312\\site-packages\\torch\\nn\\quantized\\dynamic\\modules\\rnn.py', reloading
 * Detected change in 'C:\\Users\\ayush\\AppData\\Roaming\\Python\\Python312\\site-packages\\torch\\nn\\quantized\\dynamic\\modules\\__init__.py', reloading
 * Detected change in 'C:\\Users\\ayush\\AppData\\Roaming\\Python\\Python312\\site-packages\\torch\\nn\\quantized\\dynamic\\modules\\__init__.py', reloading
 * Detected change in 'C:\\Users\\ayush\\AppData\\Roaming\\Python\\Python312\\site-packages\\torch\\nn\\quantized\\dynamic\\modules\\__init__.py', reloading
 * Detected change in 'C:\\Users\\ayush\\AppData\\Roaming\\Python\\Python312\\site-packages\\torch\\nn\\quantized\\dynamic\\modules\\conv.py', reloading
 * Detected change in 'C:\\Users\\ayush\\AppData\\Roaming\\Python\\Python312\\site-packages\\torch\\nn\\quantized\\dynamic\\modules\\conv.py', reloading
 * Detected change in 'C:\\Users\\ayush\\AppData\\Roaming\\Python\\Python312\\site-packages\\torch\\nn\\quantized\\dynamic\\modules\\linear.py', reloading
 * Detected change in 'C:\\Users\\ayush\\AppData\\Roaming\\Python\\Python312\\site-packages\\torch\\nn\\quantized\\dynamic\\modules\\linear.py', reloading
 * Detected change in 'C:\\Users\\ayush\\AppData\\Roaming\\Python\\Python312\\site-packages\\torch\\nn\\quantized\\dynamic\\modules\\rnn.py', reloading
 * Detected change in 'C:\\Users\\ayush\\AppData\\Roaming\\Python\\Python312\\site-packages\\torch\\nn\\quantized\\dynamic\\modules\\rnn.py', reloading
 * Detected change in 'C:\\Users\\ayush\\AppData\\Roaming\\Python\\Python312\\site-packages\\torch\\nn\\quantized\\modules\\activation.py', reloading
 * Detected change in 'C:\\Users\\ayush\\AppData\\Roaming\\Python\\Python312\\site-packages\\torch\\nn\\quantized\\modules\\batchnorm.py', reloading
 * Detected change in 'C:\\Users\\ayush\\AppData\\Roaming\\Python\\Python312\\site-packages\\torch\\nn\\quantized\\modules\\conv.py', reloading
 * Detected change in 'C:\\Users\\ayush\\AppData\\Roaming\\Python\\Python312\\site-packages\\torch\\nn\\quantized\\modules\\dropout.py', reloading
 * Detected change in 'C:\\Users\\ayush\\AppData\\Roaming\\Python\\Python312\\site-packages\\torch\\nn\\quantized\\modules\\embedding_ops.py', reloading
 * Detected change in 'C:\\Users\\ayush\\AppData\\Roaming\\Python\\Python312\\site-packages\\torch\\nn\\quantized\\modules\\functional_modules.py', reloading
 * Detected change in 'C:\\Users\\ayush\\AppData\\Roaming\\Python\\Python312\\site-packages\\torch\\nn\\quantized\\modules\\linear.py', reloading
 * Detected change in 'C:\\Users\\ayush\\AppData\\Roaming\\Python\\Python312\\site-packages\\torch\\nn\\quantized\\modules\\normalization.py', reloading
 * Detected change in 'C:\\Users\\ayush\\AppData\\Roaming\\Python\\Python312\\site-packages\\torch\\nn\\quantized\\modules\\rnn.py', reloading
 * Detected change in 'C:\\Users\\ayush\\AppData\\Roaming\\Python\\Python312\\site-packages\\torch\\nn\\quantized\\modules\\utils.py', reloading
 * Detected change in 'C:\\Users\\ayush\\AppData\\Roaming\\Python\\Python312\\site-packages\\torch\\nn\\quantized\\modules\\__init__.py', reloading
 * Detected change in 'C:\\Users\\ayush\\AppData\\Roaming\\Python\\Python312\\site-packages\\torch\\nn\\quantized\\modules\\__init__.py', reloading
 * Detected change in 'C:\\Users\\ayush\\AppData\\Roaming\\Python\\Python312\\site-packages\\torch\\nn\\quantized\\modules\\__init__.py', reloading
 * Detected change in 'C:\\Users\\ayush\\AppData\\Roaming\\Python\\Python312\\site-packages\\torch\\nn\\quantized\\modules\\activation.py', reloading
 * Detected change in 'C:\\Users\\ayush\\AppData\\Roaming\\Python\\Python312\\site-packages\\torch\\nn\\quantized\\modules\\activation.py', reloading
 * Detected change in 'C:\\Users\\ayush\\AppData\\Roaming\\Python\\Python312\\site-packages\\torch\\nn\\quantized\\modules\\batchnorm.py', reloading
 * Detected change in 'C:\\Users\\ayush\\AppData\\Roaming\\Python\\Python312\\site-packages\\torch\\nn\\quantized\\modules\\batchnorm.py', reloading
 * Detected change in 'C:\\Users\\ayush\\AppData\\Roaming\\Python\\Python312\\site-packages\\torch\\nn\\quantized\\modules\\conv.py', reloading
 * Detected change in 'C:\\Users\\ayush\\AppData\\Roaming\\Python\\Python312\\site-packages\\torch\\nn\\quantized\\modules\\conv.py', reloading
 * Detected change in 'C:\\Users\\ayush\\AppData\\Roaming\\Python\\Python312\\site-packages\\torch\\nn\\quantized\\modules\\dropout.py', reloading
 * Detected change in 'C:\\Users\\ayush\\AppData\\Roaming\\Python\\Python312\\site-packages\\torch\\nn\\quantized\\modules\\dropout.py', reloading
 * Detected change in 'C:\\Users\\ayush\\AppData\\Roaming\\Python\\Python312\\site-packages\\torch\\nn\\quantized\\modules\\embedding_ops.py', reloading
 * Detected change in 'C:\\Users\\ayush\\AppData\\Roaming\\Python\\Python312\\site-packages\\torch\\nn\\quantized\\modules\\embedding_ops.py', reloading
 * Detected change in 'C:\\Users\\ayush\\AppData\\Roaming\\Python\\Python312\\site-packages\\torch\\nn\\quantized\\modules\\functional_modules.py', reloading
 * Detected change in 'C:\\Users\\ayush\\AppData\\Roaming\\Python\\Python312\\site-packages\\torch\\nn\\quantized\\modules\\functional_modules.py', reloading
 * Detected change in 'C:\\Users\\ayush\\AppData\\Roaming\\Python\\Python312\\site-packages\\torch\\nn\\quantized\\modules\\linear.py', reloading
 * Detected change in 'C:\\Users\\ayush\\AppData\\Roaming\\Python\\Python312\\site-packages\\torch\\nn\\quantized\\modules\\linear.py', reloading
 * Detected change in 'C:\\Users\\ayush\\AppData\\Roaming\\Python\\Python312\\site-packages\\torch\\nn\\quantized\\modules\\normalization.py', reloading
 * Detected change in 'C:\\Users\\ayush\\AppData\\Roaming\\Python\\Python312\\site-packages\\torch\\nn\\quantized\\modules\\normalization.py', reloading
 * Detected change in 'C:\\Users\\ayush\\AppData\\Roaming\\Python\\Python312\\site-packages\\torch\\nn\\quantized\\modules\\rnn.py', reloading
 * Detected change in 'C:\\Users\\ayush\\AppData\\Roaming\\Python\\Python312\\site-packages\\torch\\nn\\quantized\\modules\\rnn.py', reloading
 * Detected change in 'C:\\Users\\ayush\\AppData\\Roaming\\Python\\Python312\\site-packages\\torch\\nn\\quantized\\modules\\utils.py', reloading
 * Detected change in 'C:\\Users\\ayush\\AppData\\Roaming\\Python\\Python312\\site-packages\\torch\\nn\\quantized\\modules\\utils.py', reloading
 * Detected change in 'C:\\Users\\ayush\\AppData\\Roaming\\Python\\Python312\\site-packages\\torch\\nn\\utils\\clip_grad.py', reloading
 * Detected change in 'C:\\Users\\ayush\\AppData\\Roaming\\Python\\Python312\\site-packages\\torch\\nn\\utils\\convert_parameters.py', reloading
 * Detected change in 'C:\\Users\\ayush\\AppData\\Roaming\\Python\\Python312\\site-packages\\torch\\nn\\utils\\fusion.py', reloading
 * Detected change in 'C:\\Users\\ayush\\AppData\\Roaming\\Python\\Python312\\site-packages\\torch\\nn\\utils\\init.py', reloading
 * Detected change in 'C:\\Users\\ayush\\AppData\\Roaming\\Python\\Python312\\site-packages\\torch\\nn\\utils\\memory_format.py', reloading
 * Detected change in 'C:\\Users\\ayush\\AppData\\Roaming\\Python\\Python312\\site-packages\\torch\\nn\\utils\\parametrizations.py', reloading
 * Detected change in 'C:\\Users\\ayush\\AppData\\Roaming\\Python\\Python312\\site-packages\\torch\\nn\\utils\\parametrize.py', reloading
 * Detected change in 'C:\\Users\\ayush\\AppData\\Roaming\\Python\\Python312\\site-packages\\torch\\nn\\utils\\prune.py', reloading
 * Detected change in 'C:\\Users\\ayush\\AppData\\Roaming\\Python\\Python312\\site-packages\\torch\\nn\\utils\\rnn.py', reloading
 * Detected change in 'C:\\Users\\ayush\\AppData\\Roaming\\Python\\Python312\\site-packages\\torch\\nn\\utils\\spectral_norm.py', reloading
 * Detected change in 'C:\\Users\\ayush\\AppData\\Roaming\\Python\\Python312\\site-packages\\torch\\nn\\utils\\stateless.py', reloading
 * Detected change in 'C:\\Users\\ayush\\AppData\\Roaming\\Python\\Python312\\site-packages\\torch\\nn\\utils\\weight_norm.py', reloading
 * Detected change in 'C:\\Users\\ayush\\AppData\\Roaming\\Python\\Python312\\site-packages\\torch\\nn\\utils\\_deprecation_utils.py', reloading
 * Detected change in 'C:\\Users\\ayush\\AppData\\Roaming\\Python\\Python312\\site-packages\\torch\\nn\\utils\\_named_member_accessor.py', reloading
 * Detected change in 'C:\\Users\\ayush\\AppData\\Roaming\\Python\\Python312\\site-packages\\torch\\nn\\utils\\_per_sample_grad.py', reloading
 * Detected change in 'C:\\Users\\ayush\\AppData\\Roaming\\Python\\Python312\\site-packages\\torch\\nn\\utils\\__init__.py', reloading
 * Detected change in 'C:\\Users\\ayush\\AppData\\Roaming\\Python\\Python312\\site-packages\\torch\\nn\\utils\\_expanded_weights\\conv_expanded_weights.py', reloading
 * Detected change in 'C:\\Users\\ayush\\AppData\\Roaming\\Python\\Python312\\site-packages\\torch\\nn\\utils\\_expanded_weights\\conv_utils.py', reloading
 * Detected change in 'C:\\Users\\ayush\\AppData\\Roaming\\Python\\Python312\\site-packages\\torch\\nn\\utils\\_expanded_weights\\embedding_expanded_weights.py', reloading
 * Detected change in 'C:\\Users\\ayush\\AppData\\Roaming\\Python\\Python312\\site-packages\\torch\\nn\\utils\\_expanded_weights\\expanded_weights_impl.py', reloading
 * Detected change in 'C:\\Users\\ayush\\AppData\\Roaming\\Python\\Python312\\site-packages\\torch\\nn\\utils\\_expanded_weights\\expanded_weights_utils.py', reloading
 * Detected change in 'C:\\Users\\ayush\\AppData\\Roaming\\Python\\Python312\\site-packages\\torch\\nn\\utils\\_expanded_weights\\group_norm_expanded_weights.py', reloading
 * Detected change in 'C:\\Users\\ayush\\AppData\\Roaming\\Python\\Python312\\site-packages\\torch\\nn\\utils\\_expanded_weights\\instance_norm_expanded_weights.py', reloading
 * Detected change in 'C:\\Users\\ayush\\AppData\\Roaming\\Python\\Python312\\site-packages\\torch\\nn\\utils\\_expanded_weights\\layer_norm_expanded_weights.py', reloading
 * Detected change in 'C:\\Users\\ayush\\AppData\\Roaming\\Python\\Python312\\site-packages\\torch\\nn\\utils\\_expanded_weights\\linear_expanded_weights.py', reloading
 * Detected change in 'C:\\Users\\ayush\\AppData\\Roaming\\Python\\Python312\\site-packages\\torch\\nn\\utils\\_expanded_weights\\__init__.py', reloading
 * Detected change in 'C:\\Users\\ayush\\AppData\\Roaming\\Python\\Python312\\site-packages\\torch\\nn\\utils\\__init__.py', reloading
 * Detected change in 'C:\\Users\\ayush\\AppData\\Roaming\\Python\\Python312\\site-packages\\torch\\nn\\utils\\__init__.py', reloading
 * Detected change in 'C:\\Users\\ayush\\AppData\\Roaming\\Python\\Python312\\site-packages\\torch\\nn\\utils\\_deprecation_utils.py', reloading
 * Detected change in 'C:\\Users\\ayush\\AppData\\Roaming\\Python\\Python312\\site-packages\\torch\\nn\\utils\\_deprecation_utils.py', reloading
 * Detected change in 'C:\\Users\\ayush\\AppData\\Roaming\\Python\\Python312\\site-packages\\torch\\nn\\utils\\_named_member_accessor.py', reloading
 * Detected change in 'C:\\Users\\ayush\\AppData\\Roaming\\Python\\Python312\\site-packages\\torch\\nn\\utils\\_named_member_accessor.py', reloading
 * Detected change in 'C:\\Users\\ayush\\AppData\\Roaming\\Python\\Python312\\site-packages\\torch\\nn\\utils\\_per_sample_grad.py', reloading
 * Detected change in 'C:\\Users\\ayush\\AppData\\Roaming\\Python\\Python312\\site-packages\\torch\\nn\\utils\\_per_sample_grad.py', reloading
 * Detected change in 'C:\\Users\\ayush\\AppData\\Roaming\\Python\\Python312\\site-packages\\torch\\nn\\utils\\clip_grad.py', reloading
 * Detected change in 'C:\\Users\\ayush\\AppData\\Roaming\\Python\\Python312\\site-packages\\torch\\nn\\utils\\clip_grad.py', reloading
 * Detected change in 'C:\\Users\\ayush\\AppData\\Roaming\\Python\\Python312\\site-packages\\torch\\nn\\utils\\convert_parameters.py', reloading
 * Detected change in 'C:\\Users\\ayush\\AppData\\Roaming\\Python\\Python312\\site-packages\\torch\\nn\\utils\\convert_parameters.py', reloading
 * Detected change in 'C:\\Users\\ayush\\AppData\\Roaming\\Python\\Python312\\site-packages\\torch\\nn\\utils\\fusion.py', reloading
 * Detected change in 'C:\\Users\\ayush\\AppData\\Roaming\\Python\\Python312\\site-packages\\torch\\nn\\utils\\fusion.py', reloading
 * Detected change in 'C:\\Users\\ayush\\AppData\\Roaming\\Python\\Python312\\site-packages\\torch\\nn\\utils\\init.py', reloading
 * Detected change in 'C:\\Users\\ayush\\AppData\\Roaming\\Python\\Python312\\site-packages\\torch\\nn\\utils\\init.py', reloading
 * Detected change in 'C:\\Users\\ayush\\AppData\\Roaming\\Python\\Python312\\site-packages\\torch\\nn\\utils\\memory_format.py', reloading
 * Detected change in 'C:\\Users\\ayush\\AppData\\Roaming\\Python\\Python312\\site-packages\\torch\\nn\\utils\\memory_format.py', reloading
 * Detected change in 'C:\\Users\\ayush\\AppData\\Roaming\\Python\\Python312\\site-packages\\torch\\nn\\utils\\parametrizations.py', reloading
 * Detected change in 'C:\\Users\\ayush\\AppData\\Roaming\\Python\\Python312\\site-packages\\torch\\nn\\utils\\parametrizations.py', reloading
 * Detected change in 'C:\\Users\\ayush\\AppData\\Roaming\\Python\\Python312\\site-packages\\torch\\nn\\utils\\parametrize.py', reloading
 * Detected change in 'C:\\Users\\ayush\\AppData\\Roaming\\Python\\Python312\\site-packages\\torch\\nn\\utils\\parametrize.py', reloading
 * Detected change in 'C:\\Users\\ayush\\AppData\\Roaming\\Python\\Python312\\site-packages\\torch\\nn\\utils\\prune.py', reloading
 * Detected change in 'C:\\Users\\ayush\\AppData\\Roaming\\Python\\Python312\\site-packages\\torch\\nn\\utils\\prune.py', reloading
 * Detected change in 'C:\\Users\\ayush\\AppData\\Roaming\\Python\\Python312\\site-packages\\torch\\nn\\utils\\rnn.py', reloading
 * Detected change in 'C:\\Users\\ayush\\AppData\\Roaming\\Python\\Python312\\site-packages\\torch\\nn\\utils\\rnn.py', reloading
 * Detected change in 'C:\\Users\\ayush\\AppData\\Roaming\\Python\\Python312\\site-packages\\torch\\nn\\utils\\spectral_norm.py', reloading
 * Detected change in 'C:\\Users\\ayush\\AppData\\Roaming\\Python\\Python312\\site-packages\\torch\\nn\\utils\\spectral_norm.py', reloading
 * Detected change in 'C:\\Users\\ayush\\AppData\\Roaming\\Python\\Python312\\site-packages\\torch\\nn\\utils\\stateless.py', reloading
 * Detected change in 'C:\\Users\\ayush\\AppData\\Roaming\\Python\\Python312\\site-packages\\torch\\nn\\utils\\stateless.py', reloading
 * Detected change in 'C:\\Users\\ayush\\AppData\\Roaming\\Python\\Python312\\site-packages\\torch\\nn\\utils\\weight_norm.py', reloading
 * Detected change in 'C:\\Users\\ayush\\AppData\\Roaming\\Python\\Python312\\site-packages\\torch\\nn\\utils\\weight_norm.py', reloading
 * Detected change in 'C:\\Users\\ayush\\AppData\\Roaming\\Python\\Python312\\site-packages\\torch\\nn\\utils\\_expanded_weights\\conv_expanded_weights.py', reloading
 * Detected change in 'C:\\Users\\ayush\\AppData\\Roaming\\Python\\Python312\\site-packages\\torch\\nn\\utils\\_expanded_weights\\conv_utils.py', reloading
 * Detected change in 'C:\\Users\\ayush\\AppData\\Roaming\\Python\\Python312\\site-packages\\torch\\nn\\utils\\_expanded_weights\\embedding_expanded_weights.py', reloading
 * Detected change in 'C:\\Users\\ayush\\AppData\\Roaming\\Python\\Python312\\site-packages\\torch\\nn\\utils\\_expanded_weights\\expanded_weights_impl.py', reloading
 * Detected change in 'C:\\Users\\ayush\\AppData\\Roaming\\Python\\Python312\\site-packages\\torch\\nn\\utils\\_expanded_weights\\expanded_weights_utils.py', reloading
 * Detected change in 'C:\\Users\\ayush\\AppData\\Roaming\\Python\\Python312\\site-packages\\torch\\nn\\utils\\_expanded_weights\\group_norm_expanded_weights.py', reloading
 * Detected change in 'C:\\Users\\ayush\\AppData\\Roaming\\Python\\Python312\\site-packages\\torch\\nn\\utils\\_expanded_weights\\instance_norm_expanded_weights.py', reloading
 * Detected change in 'C:\\Users\\ayush\\AppData\\Roaming\\Python\\Python312\\site-packages\\torch\\nn\\utils\\_expanded_weights\\layer_norm_expanded_weights.py', reloading
 * Detected change in 'C:\\Users\\ayush\\AppData\\Roaming\\Python\\Python312\\site-packages\\torch\\nn\\utils\\_expanded_weights\\linear_expanded_weights.py', reloading
 * Detected change in 'C:\\Users\\ayush\\AppData\\Roaming\\Python\\Python312\\site-packages\\torch\\nn\\utils\\_expanded_weights\\__init__.py', reloading
 * Detected change in 'C:\\Users\\ayush\\AppData\\Roaming\\Python\\Python312\\site-packages\\torch\\nn\\utils\\_expanded_weights\\__init__.py', reloading
 * Detected change in 'C:\\Users\\ayush\\AppData\\Roaming\\Python\\Python312\\site-packages\\torch\\nn\\utils\\_expanded_weights\\__init__.py', reloading
 * Detected change in 'C:\\Users\\ayush\\AppData\\Roaming\\Python\\Python312\\site-packages\\torch\\nn\\utils\\_expanded_weights\\conv_expanded_weights.py', reloading
 * Detected change in 'C:\\Users\\ayush\\AppData\\Roaming\\Python\\Python312\\site-packages\\torch\\nn\\utils\\_expanded_weights\\conv_expanded_weights.py', reloading
 * Detected change in 'C:\\Users\\ayush\\AppData\\Roaming\\Python\\Python312\\site-packages\\torch\\nn\\utils\\_expanded_weights\\conv_utils.py', reloading
 * Detected change in 'C:\\Users\\ayush\\AppData\\Roaming\\Python\\Python312\\site-packages\\torch\\nn\\utils\\_expanded_weights\\conv_utils.py', reloading
 * Detected change in 'C:\\Users\\ayush\\AppData\\Roaming\\Python\\Python312\\site-packages\\torch\\nn\\utils\\_expanded_weights\\embedding_expanded_weights.py', reloading
 * Detected change in 'C:\\Users\\ayush\\AppData\\Roaming\\Python\\Python312\\site-packages\\torch\\nn\\utils\\_expanded_weights\\embedding_expanded_weights.py', reloading
 * Detected change in 'C:\\Users\\ayush\\AppData\\Roaming\\Python\\Python312\\site-packages\\torch\\nn\\utils\\_expanded_weights\\expanded_weights_impl.py', reloading
 * Detected change in 'C:\\Users\\ayush\\AppData\\Roaming\\Python\\Python312\\site-packages\\torch\\nn\\utils\\_expanded_weights\\expanded_weights_impl.py', reloading
 * Detected change in 'C:\\Users\\ayush\\AppData\\Roaming\\Python\\Python312\\site-packages\\torch\\nn\\utils\\_expanded_weights\\expanded_weights_utils.py', reloading
 * Detected change in 'C:\\Users\\ayush\\AppData\\Roaming\\Python\\Python312\\site-packages\\torch\\nn\\utils\\_expanded_weights\\expanded_weights_utils.py', reloading
 * Detected change in 'C:\\Users\\ayush\\AppData\\Roaming\\Python\\Python312\\site-packages\\torch\\nn\\utils\\_expanded_weights\\group_norm_expanded_weights.py', reloading
 * Detected change in 'C:\\Users\\ayush\\AppData\\Roaming\\Python\\Python312\\site-packages\\torch\\nn\\utils\\_expanded_weights\\group_norm_expanded_weights.py', reloading
 * Detected change in 'C:\\Users\\ayush\\AppData\\Roaming\\Python\\Python312\\site-packages\\torch\\nn\\utils\\_expanded_weights\\instance_norm_expanded_weights.py', reloading
 * Detected change in 'C:\\Users\\ayush\\AppData\\Roaming\\Python\\Python312\\site-packages\\torch\\nn\\utils\\_expanded_weights\\instance_norm_expanded_weights.py', reloading
 * Detected change in 'C:\\Users\\ayush\\AppData\\Roaming\\Python\\Python312\\site-packages\\torch\\nn\\utils\\_expanded_weights\\layer_norm_expanded_weights.py', reloading
 * Detected change in 'C:\\Users\\ayush\\AppData\\Roaming\\Python\\Python312\\site-packages\\torch\\nn\\utils\\_expanded_weights\\layer_norm_expanded_weights.py', reloading
 * Detected change in 'C:\\Users\\ayush\\AppData\\Roaming\\Python\\Python312\\site-packages\\torch\\nn\\utils\\_expanded_weights\\linear_expanded_weights.py', reloading
 * Detected change in 'C:\\Users\\ayush\\AppData\\Roaming\\Python\\Python312\\site-packages\\torch\\nn\\utils\\_expanded_weights\\linear_expanded_weights.py', reloading
 * Detected change in 'C:\\Users\\ayush\\AppData\\Roaming\\Python\\Python312\\site-packages\\torch\\numa\\binding.py', reloading
 * Detected change in 'C:\\Users\\ayush\\AppData\\Roaming\\Python\\Python312\\site-packages\\torch\\numa\\__init__.py', reloading
 * Detected change in 'C:\\Users\\ayush\\AppData\\Roaming\\Python\\Python312\\site-packages\\torch\\numa\\__init__.py', reloading
 * Detected change in 'C:\\Users\\ayush\\AppData\\Roaming\\Python\\Python312\\site-packages\\torch\\numa\\binding.py', reloading
 * Detected change in 'C:\\Users\\ayush\\AppData\\Roaming\\Python\\Python312\\site-packages\\torch\\numa\\binding.py', reloading
 * Detected change in 'C:\\Users\\ayush\\AppData\\Roaming\\Python\\Python312\\site-packages\\torch\\onnx\\errors.py', reloading
 * Detected change in 'C:\\Users\\ayush\\AppData\\Roaming\\Python\\Python312\\site-packages\\torch\\onnx\\operators.py', reloading
 * Detected change in 'C:\\Users\\ayush\\AppData\\Roaming\\Python\\Python312\\site-packages\\torch\\onnx\\symbolic_helper.py', reloading
 * Detected change in 'C:\\Users\\ayush\\AppData\\Roaming\\Python\\Python312\\site-packages\\torch\\onnx\\symbolic_opset10.py', reloading
 * Detected change in 'C:\\Users\\ayush\\AppData\\Roaming\\Python\\Python312\\site-packages\\torch\\onnx\\symbolic_opset11.py', reloading
 * Detected change in 'C:\\Users\\ayush\\AppData\\Roaming\\Python\\Python312\\site-packages\\torch\\onnx\\symbolic_opset12.py', reloading
 * Detected change in 'C:\\Users\\ayush\\AppData\\Roaming\\Python\\Python312\\site-packages\\torch\\onnx\\symbolic_opset13.py', reloading
 * Detected change in 'C:\\Users\\ayush\\AppData\\Roaming\\Python\\Python312\\site-packages\\torch\\onnx\\symbolic_opset14.py', reloading
 * Detected change in 'C:\\Users\\ayush\\AppData\\Roaming\\Python\\Python312\\site-packages\\torch\\onnx\\symbolic_opset15.py', reloading
 * Detected change in 'C:\\Users\\ayush\\AppData\\Roaming\\Python\\Python312\\site-packages\\torch\\onnx\\symbolic_opset16.py', reloading
 * Detected change in 'C:\\Users\\ayush\\AppData\\Roaming\\Python\\Python312\\site-packages\\torch\\onnx\\symbolic_opset17.py', reloading
 * Detected change in 'C:\\Users\\ayush\\AppData\\Roaming\\Python\\Python312\\site-packages\\torch\\onnx\\symbolic_opset18.py', reloading
 * Detected change in 'C:\\Users\\ayush\\AppData\\Roaming\\Python\\Python312\\site-packages\\torch\\onnx\\symbolic_opset19.py', reloading
 * Detected change in 'C:\\Users\\ayush\\AppData\\Roaming\\Python\\Python312\\site-packages\\torch\\onnx\\symbolic_opset20.py', reloading
 * Detected change in 'C:\\Users\\ayush\\AppData\\Roaming\\Python\\Python312\\site-packages\\torch\\onnx\\symbolic_opset7.py', reloading
 * Detected change in 'C:\\Users\\ayush\\AppData\\Roaming\\Python\\Python312\\site-packages\\torch\\onnx\\_constants.py', reloading
 * Detected change in 'C:\\Users\\ayush\\AppData\\Roaming\\Python\\Python312\\site-packages\\torch\\onnx\\_flags.py', reloading
 * Detected change in 'C:\\Users\\ayush\\AppData\\Roaming\\Python\\Python312\\site-packages\\torch\\onnx\\__init__.py', reloading
 * Detected change in 'C:\\Users\\ayush\\AppData\\Roaming\\Python\\Python312\\site-packages\\torch\\onnx\\__init__.py', reloading
 * Detected change in 'C:\\Users\\ayush\\AppData\\Roaming\\Python\\Python312\\site-packages\\torch\\onnx\\__init__.py', reloading
 * Detected change in 'C:\\Users\\ayush\\AppData\\Roaming\\Python\\Python312\\site-packages\\torch\\onnx\\_constants.py', reloading
 * Detected change in 'C:\\Users\\ayush\\AppData\\Roaming\\Python\\Python312\\site-packages\\torch\\onnx\\_constants.py', reloading
 * Detected change in 'C:\\Users\\ayush\\AppData\\Roaming\\Python\\Python312\\site-packages\\torch\\onnx\\_flags.py', reloading
 * Detected change in 'C:\\Users\\ayush\\AppData\\Roaming\\Python\\Python312\\site-packages\\torch\\onnx\\_flags.py', reloading
 * Detected change in 'C:\\Users\\ayush\\AppData\\Roaming\\Python\\Python312\\site-packages\\torch\\onnx\\errors.py', reloading
 * Detected change in 'C:\\Users\\ayush\\AppData\\Roaming\\Python\\Python312\\site-packages\\torch\\onnx\\errors.py', reloading
 * Detected change in 'C:\\Users\\ayush\\AppData\\Roaming\\Python\\Python312\\site-packages\\torch\\onnx\\operators.py', reloading
 * Detected change in 'C:\\Users\\ayush\\AppData\\Roaming\\Python\\Python312\\site-packages\\torch\\onnx\\operators.py', reloading
 * Detected change in 'C:\\Users\\ayush\\AppData\\Roaming\\Python\\Python312\\site-packages\\torch\\onnx\\symbolic_helper.py', reloading
 * Detected change in 'C:\\Users\\ayush\\AppData\\Roaming\\Python\\Python312\\site-packages\\torch\\onnx\\symbolic_helper.py', reloading
 * Detected change in 'C:\\Users\\ayush\\AppData\\Roaming\\Python\\Python312\\site-packages\\torch\\onnx\\symbolic_opset10.py', reloading
 * Detected change in 'C:\\Users\\ayush\\AppData\\Roaming\\Python\\Python312\\site-packages\\torch\\onnx\\symbolic_opset10.py', reloading
 * Detected change in 'C:\\Users\\ayush\\AppData\\Roaming\\Python\\Python312\\site-packages\\torch\\onnx\\symbolic_opset11.py', reloading
 * Detected change in 'C:\\Users\\ayush\\AppData\\Roaming\\Python\\Python312\\site-packages\\torch\\onnx\\symbolic_opset11.py', reloading
 * Detected change in 'C:\\Users\\ayush\\AppData\\Roaming\\Python\\Python312\\site-packages\\torch\\onnx\\symbolic_opset12.py', reloading
 * Detected change in 'C:\\Users\\ayush\\AppData\\Roaming\\Python\\Python312\\site-packages\\torch\\onnx\\symbolic_opset12.py', reloading
 * Detected change in 'C:\\Users\\ayush\\AppData\\Roaming\\Python\\Python312\\site-packages\\torch\\onnx\\symbolic_opset13.py', reloading
 * Detected change in 'C:\\Users\\ayush\\AppData\\Roaming\\Python\\Python312\\site-packages\\torch\\onnx\\symbolic_opset13.py', reloading
 * Detected change in 'C:\\Users\\ayush\\AppData\\Roaming\\Python\\Python312\\site-packages\\torch\\onnx\\symbolic_opset14.py', reloading
 * Detected change in 'C:\\Users\\ayush\\AppData\\Roaming\\Python\\Python312\\site-packages\\torch\\onnx\\symbolic_opset14.py', reloading
 * Detected change in 'C:\\Users\\ayush\\AppData\\Roaming\\Python\\Python312\\site-packages\\torch\\onnx\\symbolic_opset15.py', reloading
 * Detected change in 'C:\\Users\\ayush\\AppData\\Roaming\\Python\\Python312\\site-packages\\torch\\onnx\\symbolic_opset15.py', reloading
 * Detected change in 'C:\\Users\\ayush\\AppData\\Roaming\\Python\\Python312\\site-packages\\torch\\onnx\\symbolic_opset16.py', reloading
 * Detected change in 'C:\\Users\\ayush\\AppData\\Roaming\\Python\\Python312\\site-packages\\torch\\onnx\\symbolic_opset16.py', reloading
 * Detected change in 'C:\\Users\\ayush\\AppData\\Roaming\\Python\\Python312\\site-packages\\torch\\onnx\\symbolic_opset17.py', reloading
 * Detected change in 'C:\\Users\\ayush\\AppData\\Roaming\\Python\\Python312\\site-packages\\torch\\onnx\\symbolic_opset17.py', reloading
 * Detected change in 'C:\\Users\\ayush\\AppData\\Roaming\\Python\\Python312\\site-packages\\torch\\onnx\\symbolic_opset18.py', reloading
 * Detected change in 'C:\\Users\\ayush\\AppData\\Roaming\\Python\\Python312\\site-packages\\torch\\onnx\\symbolic_opset18.py', reloading
 * Detected change in 'C:\\Users\\ayush\\AppData\\Roaming\\Python\\Python312\\site-packages\\torch\\onnx\\symbolic_opset19.py', reloading
 * Detected change in 'C:\\Users\\ayush\\AppData\\Roaming\\Python\\Python312\\site-packages\\torch\\onnx\\symbolic_opset19.py', reloading
 * Detected change in 'C:\\Users\\ayush\\AppData\\Roaming\\Python\\Python312\\site-packages\\torch\\onnx\\symbolic_opset20.py', reloading
 * Detected change in 'C:\\Users\\ayush\\AppData\\Roaming\\Python\\Python312\\site-packages\\torch\\onnx\\symbolic_opset20.py', reloading
 * Detected change in 'C:\\Users\\ayush\\AppData\\Roaming\\Python\\Python312\\site-packages\\torch\\onnx\\symbolic_opset7.py', reloading
 * Detected change in 'C:\\Users\\ayush\\AppData\\Roaming\\Python\\Python312\\site-packages\\torch\\onnx\\symbolic_opset7.py', reloading
 * Detected change in 'C:\\Users\\ayush\\AppData\\Roaming\\Python\\Python312\\site-packages\\torch\\onnx\\symbolic_opset8.py', reloading
 * Detected change in 'C:\\Users\\ayush\\AppData\\Roaming\\Python\\Python312\\site-packages\\torch\\onnx\\symbolic_opset8.py', reloading
 * Detected change in 'C:\\Users\\ayush\\AppData\\Roaming\\Python\\Python312\\site-packages\\torch\\onnx\\symbolic_opset9.py', reloading
 * Detected change in 'C:\\Users\\ayush\\AppData\\Roaming\\Python\\Python312\\site-packages\\torch\\onnx\\symbolic_opset9.py', reloading
 * Detected change in 'C:\\Users\\ayush\\AppData\\Roaming\\Python\\Python312\\site-packages\\torch\\onnx\\testing.py', reloading
 * Detected change in 'C:\\Users\\ayush\\AppData\\Roaming\\Python\\Python312\\site-packages\\torch\\onnx\\testing.py', reloading
 * Detected change in 'C:\\Users\\ayush\\AppData\\Roaming\\Python\\Python312\\site-packages\\torch\\onnx\\utils.py', reloading
 * Detected change in 'C:\\Users\\ayush\\AppData\\Roaming\\Python\\Python312\\site-packages\\torch\\onnx\\utils.py', reloading
 * Detected change in 'C:\\Users\\ayush\\AppData\\Roaming\\Python\\Python312\\site-packages\\torch\\onnx\\verification.py', reloading
 * Detected change in 'C:\\Users\\ayush\\AppData\\Roaming\\Python\\Python312\\site-packages\\torch\\onnx\\verification.py', reloading
 * Detected change in 'C:\\Users\\ayush\\AppData\\Roaming\\Python\\Python312\\site-packages\\torch\\onnx\\_internal\\_lazy_import.py', reloading
 * Detected change in 'C:\\Users\\ayush\\AppData\\Roaming\\Python\\Python312\\site-packages\\torch\\onnx\\_internal\\__init__.py', reloading
 * Detected change in 'C:\\Users\\ayush\\AppData\\Roaming\\Python\\Python312\\site-packages\\torch\\onnx\\_internal\\exporter\\_analysis.py', reloading
 * Detected change in 'C:\\Users\\ayush\\AppData\\Roaming\\Python\\Python312\\site-packages\\torch\\onnx\\_internal\\exporter\\_building.py', reloading
 * Detected change in 'C:\\Users\\ayush\\AppData\\Roaming\\Python\\Python312\\site-packages\\torch\\onnx\\_internal\\exporter\\_capture_strategies.py', reloading
 * Detected change in 'C:\\Users\\ayush\\AppData\\Roaming\\Python\\Python312\\site-packages\\torch\\onnx\\_internal\\exporter\\__init__.py', reloading
 * Detected change in 'C:\\Users\\ayush\\AppData\\Roaming\\Python\\Python312\\site-packages\\torch\\onnx\\_internal\\__init__.py', reloading
 * Detected change in 'C:\\Users\\ayush\\AppData\\Roaming\\Python\\Python312\\site-packages\\torch\\onnx\\_internal\\_lazy_import.py', reloading
 * Detected change in 'C:\\Users\\ayush\\AppData\\Roaming\\Python\\Python312\\site-packages\\torch\\onnx\\_internal\\_lazy_import.py', reloading
 * Detected change in 'C:\\Users\\ayush\\AppData\\Roaming\\Python\\Python312\\site-packages\\torch\\onnx\\_internal\\exporter\\_analysis.py', reloading
 * Detected change in 'C:\\Users\\ayush\\AppData\\Roaming\\Python\\Python312\\site-packages\\torch\\onnx\\_internal\\exporter\\_building.py', reloading
 * Detected change in 'C:\\Users\\ayush\\AppData\\Roaming\\Python\\Python312\\site-packages\\torch\\onnx\\_internal\\exporter\\_capture_strategies.py', reloading
 * Detected change in 'C:\\Users\\ayush\\AppData\\Roaming\\Python\\Python312\\site-packages\\torch\\onnx\\_internal\\exporter\\_compat.py', reloading
 * Detected change in 'C:\\Users\\ayush\\AppData\\Roaming\\Python\\Python312\\site-packages\\torch\\onnx\\_internal\\exporter\\__init__.py', reloading
 * Detected change in 'C:\\Users\\ayush\\AppData\\Roaming\\Python\\Python312\\site-packages\\torch\\onnx\\_internal\\exporter\\__init__.py', reloading
 * Detected change in 'C:\\Users\\ayush\\AppData\\Roaming\\Python\\Python312\\site-packages\\torch\\onnx\\_internal\\exporter\\_analysis.py', reloading
 * Detected change in 'C:\\Users\\ayush\\AppData\\Roaming\\Python\\Python312\\site-packages\\torch\\onnx\\_internal\\exporter\\_analysis.py', reloading
 * Detected change in 'C:\\Users\\ayush\\AppData\\Roaming\\Python\\Python312\\site-packages\\torch\\onnx\\_internal\\exporter\\_building.py', reloading
 * Detected change in 'C:\\Users\\ayush\\AppData\\Roaming\\Python\\Python312\\site-packages\\torch\\onnx\\_internal\\exporter\\_building.py', reloading
 * Detected change in 'C:\\Users\\ayush\\AppData\\Roaming\\Python\\Python312\\site-packages\\torch\\onnx\\_internal\\exporter\\_capture_strategies.py', reloading
 * Detected change in 'C:\\Users\\ayush\\AppData\\Roaming\\Python\\Python312\\site-packages\\torch\\onnx\\_internal\\exporter\\_capture_strategies.py', reloading
 * Detected change in 'C:\\Users\\ayush\\AppData\\Roaming\\Python\\Python312\\site-packages\\torch\\onnx\\_internal\\exporter\\_compat.py', reloading
 * Detected change in 'C:\\Users\\ayush\\AppData\\Roaming\\Python\\Python312\\site-packages\\torch\\onnx\\_internal\\exporter\\_compat.py', reloading
 * Detected change in 'C:\\Users\\ayush\\AppData\\Roaming\\Python\\Python312\\site-packages\\torch\\onnx\\_internal\\exporter\\_compat.py', reloading
 * Detected change in 'C:\\Users\\ayush\\AppData\\Roaming\\Python\\Python312\\site-packages\\torch\\onnx\\_internal\\exporter\\_constants.py', reloading
 * Detected change in 'C:\\Users\\ayush\\AppData\\Roaming\\Python\\Python312\\site-packages\\torch\\onnx\\_internal\\exporter\\_constants.py', reloading
 * Detected change in 'C:\\Users\\ayush\\AppData\\Roaming\\Python\\Python312\\site-packages\\torch\\onnx\\_internal\\exporter\\_core.py', reloading
 * Detected change in 'C:\\Users\\ayush\\AppData\\Roaming\\Python\\Python312\\site-packages\\torch\\onnx\\_internal\\exporter\\_core.py', reloading
 * Detected change in 'C:\\Users\\ayush\\AppData\\Roaming\\Python\\Python312\\site-packages\\torch\\onnx\\_internal\\exporter\\_decomp.py', reloading
 * Detected change in 'C:\\Users\\ayush\\AppData\\Roaming\\Python\\Python312\\site-packages\\torch\\onnx\\_internal\\exporter\\_decomp.py', reloading
 * Detected change in 'C:\\Users\\ayush\\AppData\\Roaming\\Python\\Python312\\site-packages\\torch\\onnx\\_internal\\exporter\\_dispatching.py', reloading
 * Detected change in 'C:\\Users\\ayush\\AppData\\Roaming\\Python\\Python312\\site-packages\\torch\\onnx\\_internal\\exporter\\_dispatching.py', reloading
 * Detected change in 'C:\\Users\\ayush\\AppData\\Roaming\\Python\\Python312\\site-packages\\torch\\onnx\\_internal\\exporter\\_dispatching.py', reloading
 * Detected change in 'C:\\Users\\ayush\\AppData\\Roaming\\Python\\Python312\\site-packages\\torch\\onnx\\_internal\\exporter\\_dynamic_shapes.py', reloading
 * Detected change in 'C:\\Users\\ayush\\AppData\\Roaming\\Python\\Python312\\site-packages\\torch\\onnx\\_internal\\exporter\\_dynamic_shapes.py', reloading
 * Detected change in 'C:\\Users\\ayush\\AppData\\Roaming\\Python\\Python312\\site-packages\\torch\\onnx\\_internal\\exporter\\_errors.py', reloading
 * Detected change in 'C:\\Users\\ayush\\AppData\\Roaming\\Python\\Python312\\site-packages\\torch\\onnx\\_internal\\exporter\\_errors.py', reloading
 * Detected change in 'C:\\Users\\ayush\\AppData\\Roaming\\Python\\Python312\\site-packages\\torch\\onnx\\_internal\\exporter\\_exportable_module.py', reloading
 * Detected change in 'C:\\Users\\ayush\\AppData\\Roaming\\Python\\Python312\\site-packages\\torch\\onnx\\_internal\\exporter\\_exportable_module.py', reloading
 * Detected change in 'C:\\Users\\ayush\\AppData\\Roaming\\Python\\Python312\\site-packages\\torch\\onnx\\_internal\\exporter\\_exportable_module.py', reloading
 * Detected change in 'C:\\Users\\ayush\\AppData\\Roaming\\Python\\Python312\\site-packages\\torch\\onnx\\_internal\\exporter\\_flags.py', reloading
 * Detected change in 'C:\\Users\\ayush\\AppData\\Roaming\\Python\\Python312\\site-packages\\torch\\onnx\\_internal\\exporter\\_flags.py', reloading
 * Detected change in 'C:\\Users\\ayush\\AppData\\Roaming\\Python\\Python312\\site-packages\\torch\\onnx\\_internal\\exporter\\_fx_passes.py', reloading
 * Detected change in 'C:\\Users\\ayush\\AppData\\Roaming\\Python\\Python312\\site-packages\\torch\\onnx\\_internal\\exporter\\_fx_passes.py', reloading
 * Detected change in 'C:\\Users\\ayush\\AppData\\Roaming\\Python\\Python312\\site-packages\\torch\\onnx\\_internal\\exporter\\_input_observer.py', reloading
 * Detected change in 'C:\\Users\\ayush\\AppData\\Roaming\\Python\\Python312\\site-packages\\torch\\onnx\\_internal\\exporter\\_input_observer.py', reloading
 * Detected change in 'C:\\Users\\ayush\\AppData\\Roaming\\Python\\Python312\\site-packages\\torch\\onnx\\_internal\\exporter\\_ir_passes.py', reloading
 * Detected change in 'C:\\Users\\ayush\\AppData\\Roaming\\Python\\Python312\\site-packages\\torch\\onnx\\_internal\\exporter\\_ir_passes.py', reloading
 * Detected change in 'C:\\Users\\ayush\\AppData\\Roaming\\Python\\Python312\\site-packages\\torch\\onnx\\_internal\\exporter\\_isolated.py', reloading
 * Detected change in 'C:\\Users\\ayush\\AppData\\Roaming\\Python\\Python312\\site-packages\\torch\\onnx\\_internal\\exporter\\_isolated.py', reloading
 * Detected change in 'C:\\Users\\ayush\\AppData\\Roaming\\Python\\Python312\\site-packages\\torch\\onnx\\_internal\\exporter\\_onnx_program.py', reloading
 * Detected change in 'C:\\Users\\ayush\\AppData\\Roaming\\Python\\Python312\\site-packages\\torch\\onnx\\_internal\\exporter\\_onnx_program.py', reloading
 * Detected change in 'C:\\Users\\ayush\\AppData\\Roaming\\Python\\Python312\\site-packages\\torch\\onnx\\_internal\\exporter\\_registration.py', reloading
 * Detected change in 'C:\\Users\\ayush\\AppData\\Roaming\\Python\\Python312\\site-packages\\torch\\onnx\\_internal\\exporter\\_registration.py', reloading
 * Detected change in 'C:\\Users\\ayush\\AppData\\Roaming\\Python\\Python312\\site-packages\\torch\\onnx\\_internal\\exporter\\_reporting.py', reloading
 * Detected change in 'C:\\Users\\ayush\\AppData\\Roaming\\Python\\Python312\\site-packages\\torch\\onnx\\_internal\\exporter\\_reporting.py', reloading
 * Detected change in 'C:\\Users\\ayush\\AppData\\Roaming\\Python\\Python312\\site-packages\\torch\\onnx\\_internal\\exporter\\_reporting.py', reloading
 * Detected change in 'C:\\Users\\ayush\\AppData\\Roaming\\Python\\Python312\\site-packages\\torch\\onnx\\_internal\\exporter\\_schemas.py', reloading
 * Detected change in 'C:\\Users\\ayush\\AppData\\Roaming\\Python\\Python312\\site-packages\\torch\\onnx\\_internal\\exporter\\_schemas.py', reloading
 * Detected change in 'C:\\Users\\ayush\\AppData\\Roaming\\Python\\Python312\\site-packages\\torch\\onnx\\_internal\\exporter\\_tensors.py', reloading
 * Detected change in 'C:\\Users\\ayush\\AppData\\Roaming\\Python\\Python312\\site-packages\\torch\\onnx\\_internal\\exporter\\_tensors.py', reloading
 * Detected change in 'C:\\Users\\ayush\\AppData\\Roaming\\Python\\Python312\\site-packages\\torch\\onnx\\_internal\\exporter\\_testing.py', reloading
 * Detected change in 'C:\\Users\\ayush\\AppData\\Roaming\\Python\\Python312\\site-packages\\torch\\onnx\\_internal\\exporter\\_testing.py', reloading
 * Detected change in 'C:\\Users\\ayush\\AppData\\Roaming\\Python\\Python312\\site-packages\\torch\\onnx\\_internal\\exporter\\_testing.py', reloading
 * Detected change in 'C:\\Users\\ayush\\AppData\\Roaming\\Python\\Python312\\site-packages\\torch\\onnx\\_internal\\exporter\\_type_casting.py', reloading
 * Detected change in 'C:\\Users\\ayush\\AppData\\Roaming\\Python\\Python312\\site-packages\\torch\\onnx\\_internal\\exporter\\_type_casting.py', reloading
 * Detected change in 'C:\\Users\\ayush\\AppData\\Roaming\\Python\\Python312\\site-packages\\torch\\onnx\\_internal\\exporter\\_verification.py', reloading
 * Detected change in 'C:\\Users\\ayush\\AppData\\Roaming\\Python\\Python312\\site-packages\\torch\\onnx\\_internal\\exporter\\_verification.py', reloading
 * Detected change in 'C:\\Users\\ayush\\AppData\\Roaming\\Python\\Python312\\site-packages\\torch\\onnx\\_internal\\exporter\\_verification.py', reloading
 * Detected change in 'C:\\Users\\ayush\\AppData\\Roaming\\Python\\Python312\\site-packages\\torch\\onnx\\_internal\\exporter\\_torchlib\\__init__.py', reloading
 * Detected change in 'C:\\Users\\ayush\\AppData\\Roaming\\Python\\Python312\\site-packages\\torch\\onnx\\_internal\\exporter\\_torchlib\\__init__.py', reloading
 * Detected change in 'C:\\Users\\ayush\\AppData\\Roaming\\Python\\Python312\\site-packages\\torch\\onnx\\_internal\\exporter\\_torchlib\\_tensor_typing.py', reloading
 * Detected change in 'C:\\Users\\ayush\\AppData\\Roaming\\Python\\Python312\\site-packages\\torch\\onnx\\_internal\\exporter\\_torchlib\\_tensor_typing.py', reloading
 * Detected change in 'C:\\Users\\ayush\\AppData\\Roaming\\Python\\Python312\\site-packages\\torch\\onnx\\_internal\\exporter\\_torchlib\\_torchlib_registry.py', reloading
 * Detected change in 'C:\\Users\\ayush\\AppData\\Roaming\\Python\\Python312\\site-packages\\torch\\onnx\\_internal\\exporter\\_torchlib\\_torchlib_registry.py', reloading
 * Detected change in 'C:\\Users\\ayush\\AppData\\Roaming\\Python\\Python312\\site-packages\\torch\\onnx\\_internal\\exporter\\_torchlib\\ops\\__init__.py', reloading
 * Detected change in 'C:\\Users\\ayush\\AppData\\Roaming\\Python\\Python312\\site-packages\\torch\\onnx\\_internal\\exporter\\_torchlib\\ops\\__init__.py', reloading
 * Detected change in 'C:\\Users\\ayush\\AppData\\Roaming\\Python\\Python312\\site-packages\\torch\\onnx\\_internal\\exporter\\_torchlib\\ops\\__init__.py', reloading
 * Detected change in 'C:\\Users\\ayush\\AppData\\Roaming\\Python\\Python312\\site-packages\\torch\\onnx\\_internal\\exporter\\_torchlib\\ops\\core.py', reloading
 * Detected change in 'C:\\Users\\ayush\\AppData\\Roaming\\Python\\Python312\\site-packages\\torch\\onnx\\_internal\\exporter\\_torchlib\\ops\\core.py', reloading
 * Detected change in 'C:\\Users\\ayush\\AppData\\Roaming\\Python\\Python312\\site-packages\\torch\\onnx\\_internal\\exporter\\_torchlib\\ops\\hop.py', reloading
 * Detected change in 'C:\\Users\\ayush\\AppData\\Roaming\\Python\\Python312\\site-packages\\torch\\onnx\\_internal\\exporter\\_torchlib\\ops\\hop.py', reloading
 * Detected change in 'C:\\Users\\ayush\\AppData\\Roaming\\Python\\Python312\\site-packages\\torch\\onnx\\_internal\\exporter\\_torchlib\\ops\\nn.py', reloading
 * Detected change in 'C:\\Users\\ayush\\AppData\\Roaming\\Python\\Python312\\site-packages\\torch\\onnx\\_internal\\exporter\\_torchlib\\ops\\nn.py', reloading
 * Detected change in 'C:\\Users\\ayush\\AppData\\Roaming\\Python\\Python312\\site-packages\\torch\\onnx\\_internal\\exporter\\_torchlib\\ops\\symbolic.py', reloading
 * Detected change in 'C:\\Users\\ayush\\AppData\\Roaming\\Python\\Python312\\site-packages\\torch\\onnx\\_internal\\exporter\\_torchlib\\ops\\symbolic.py', reloading
 * Detected change in 'C:\\Users\\ayush\\AppData\\Roaming\\Python\\Python312\\site-packages\\torch\\onnx\\_internal\\exporter\\_torchlib\\ops\\symops.py', reloading
 * Detected change in 'C:\\Users\\ayush\\AppData\\Roaming\\Python\\Python312\\site-packages\\torch\\onnx\\_internal\\exporter\\_torchlib\\ops\\symops.py', reloading
 * Detected change in 'C:\\Users\\ayush\\AppData\\Roaming\\Python\\Python312\\site-packages\\torch\\onnx\\_internal\\fx\\type_utils.py', reloading
 * Detected change in 'C:\\Users\\ayush\\AppData\\Roaming\\Python\\Python312\\site-packages\\torch\\onnx\\_internal\\fx\\_pass.py', reloading
 * Detected change in 'C:\\Users\\ayush\\AppData\\Roaming\\Python\\Python312\\site-packages\\torch\\onnx\\_internal\\fx\\__init__.py', reloading
 * Detected change in 'C:\\Users\\ayush\\AppData\\Roaming\\Python\\Python312\\site-packages\\torch\\onnx\\_internal\\fx\\passes\\__init__.py', reloading
 * Detected change in 'C:\\Users\\ayush\\AppData\\Roaming\\Python\\Python312\\site-packages\\torch\\onnx\\_internal\\fx\\__init__.py', reloading
 * Detected change in 'C:\\Users\\ayush\\AppData\\Roaming\\Python\\Python312\\site-packages\\torch\\onnx\\_internal\\fx\\_pass.py', reloading
 * Detected change in 'C:\\Users\\ayush\\AppData\\Roaming\\Python\\Python312\\site-packages\\torch\\onnx\\_internal\\fx\\_pass.py', reloading
 * Detected change in 'C:\\Users\\ayush\\AppData\\Roaming\\Python\\Python312\\site-packages\\torch\\onnx\\_internal\\fx\\type_utils.py', reloading
 * Detected change in 'C:\\Users\\ayush\\AppData\\Roaming\\Python\\Python312\\site-packages\\torch\\onnx\\_internal\\fx\\type_utils.py', reloading
 * Detected change in 'C:\\Users\\ayush\\AppData\\Roaming\\Python\\Python312\\site-packages\\torch\\onnx\\_internal\\fx\\passes\\type_promotion.py', reloading
 * Detected change in 'C:\\Users\\ayush\\AppData\\Roaming\\Python\\Python312\\site-packages\\torch\\onnx\\_internal\\fx\\passes\\__init__.py', reloading
 * Detected change in 'C:\\Users\\ayush\\AppData\\Roaming\\Python\\Python312\\site-packages\\torch\\onnx\\_internal\\fx\\passes\\__init__.py', reloading
 * Detected change in 'C:\\Users\\ayush\\AppData\\Roaming\\Python\\Python312\\site-packages\\torch\\onnx\\_internal\\fx\\passes\\__init__.py', reloading
 * Detected change in 'C:\\Users\\ayush\\AppData\\Roaming\\Python\\Python312\\site-packages\\torch\\onnx\\_internal\\fx\\passes\\type_promotion.py', reloading
 * Detected change in 'C:\\Users\\ayush\\AppData\\Roaming\\Python\\Python312\\site-packages\\torch\\onnx\\_internal\\fx\\passes\\type_promotion.py', reloading
 * Detected change in 'C:\\Users\\ayush\\AppData\\Roaming\\Python\\Python312\\site-packages\\torch\\onnx\\_internal\\torchscript_exporter\\jit_utils.py', reloading
 * Detected change in 'C:\\Users\\ayush\\AppData\\Roaming\\Python\\Python312\\site-packages\\torch\\onnx\\_internal\\torchscript_exporter\\onnx_proto_utils.py', reloading
 * Detected change in 'C:\\Users\\ayush\\AppData\\Roaming\\Python\\Python312\\site-packages\\torch\\onnx\\_internal\\torchscript_exporter\\registration.py', reloading
 * Detected change in 'C:\\Users\\ayush\\AppData\\Roaming\\Python\\Python312\\site-packages\\torch\\onnx\\_internal\\torchscript_exporter\\symbolic_helper.py', reloading
 * Detected change in 'C:\\Users\\ayush\\AppData\\Roaming\\Python\\Python312\\site-packages\\torch\\onnx\\_internal\\torchscript_exporter\\_experimental.py', reloading
 * Detected change in 'C:\\Users\\ayush\\AppData\\Roaming\\Python\\Python312\\site-packages\\torch\\onnx\\_internal\\torchscript_exporter\\_globals.py', reloading
 * Detected change in 'C:\\Users\\ayush\\AppData\\Roaming\\Python\\Python312\\site-packages\\torch\\onnx\\_internal\\torchscript_exporter\\_type_utils.py', reloading
 * Detected change in 'C:\\Users\\ayush\\AppData\\Roaming\\Python\\Python312\\site-packages\\torch\\onnx\\_internal\\torchscript_exporter\\__init__.py', reloading
 * Detected change in 'C:\\Users\\ayush\\AppData\\Roaming\\Python\\Python312\\site-packages\\torch\\onnx\\_internal\\torchscript_exporter\\__init__.py', reloading
 * Detected change in 'C:\\Users\\ayush\\AppData\\Roaming\\Python\\Python312\\site-packages\\torch\\onnx\\_internal\\torchscript_exporter\\_experimental.py', reloading
 * Detected change in 'C:\\Users\\ayush\\AppData\\Roaming\\Python\\Python312\\site-packages\\torch\\onnx\\_internal\\torchscript_exporter\\_experimental.py', reloading
 * Detected change in 'C:\\Users\\ayush\\AppData\\Roaming\\Python\\Python312\\site-packages\\torch\\onnx\\_internal\\torchscript_exporter\\_globals.py', reloading
 * Detected change in 'C:\\Users\\ayush\\AppData\\Roaming\\Python\\Python312\\site-packages\\torch\\onnx\\_internal\\torchscript_exporter\\_globals.py', reloading
 * Detected change in 'C:\\Users\\ayush\\AppData\\Roaming\\Python\\Python312\\site-packages\\torch\\onnx\\_internal\\torchscript_exporter\\_type_utils.py', reloading
 * Detected change in 'C:\\Users\\ayush\\AppData\\Roaming\\Python\\Python312\\site-packages\\torch\\onnx\\_internal\\torchscript_exporter\\_type_utils.py', reloading
 * Detected change in 'C:\\Users\\ayush\\AppData\\Roaming\\Python\\Python312\\site-packages\\torch\\onnx\\_internal\\torchscript_exporter\\jit_utils.py', reloading
 * Detected change in 'C:\\Users\\ayush\\AppData\\Roaming\\Python\\Python312\\site-packages\\torch\\onnx\\_internal\\torchscript_exporter\\jit_utils.py', reloading
 * Detected change in 'C:\\Users\\ayush\\AppData\\Roaming\\Python\\Python312\\site-packages\\torch\\onnx\\_internal\\torchscript_exporter\\onnx_proto_utils.py', reloading
 * Detected change in 'C:\\Users\\ayush\\AppData\\Roaming\\Python\\Python312\\site-packages\\torch\\onnx\\_internal\\torchscript_exporter\\onnx_proto_utils.py', reloading
 * Detected change in 'C:\\Users\\ayush\\AppData\\Roaming\\Python\\Python312\\site-packages\\torch\\onnx\\_internal\\torchscript_exporter\\registration.py', reloading
 * Detected change in 'C:\\Users\\ayush\\AppData\\Roaming\\Python\\Python312\\site-packages\\torch\\onnx\\_internal\\torchscript_exporter\\registration.py', reloading
 * Detected change in 'C:\\Users\\ayush\\AppData\\Roaming\\Python\\Python312\\site-packages\\torch\\onnx\\_internal\\torchscript_exporter\\symbolic_helper.py', reloading
 * Detected change in 'C:\\Users\\ayush\\AppData\\Roaming\\Python\\Python312\\site-packages\\torch\\onnx\\_internal\\torchscript_exporter\\symbolic_helper.py', reloading
 * Detected change in 'C:\\Users\\ayush\\AppData\\Roaming\\Python\\Python312\\site-packages\\torch\\onnx\\_internal\\torchscript_exporter\\symbolic_opset10.py', reloading
 * Detected change in 'C:\\Users\\ayush\\AppData\\Roaming\\Python\\Python312\\site-packages\\torch\\onnx\\_internal\\torchscript_exporter\\symbolic_opset10.py', reloading
 * Detected change in 'C:\\Users\\ayush\\AppData\\Roaming\\Python\\Python312\\site-packages\\torch\\onnx\\_internal\\torchscript_exporter\\symbolic_opset11.py', reloading
 * Detected change in 'C:\\Users\\ayush\\AppData\\Roaming\\Python\\Python312\\site-packages\\torch\\onnx\\_internal\\torchscript_exporter\\symbolic_opset11.py', reloading
 * Detected change in 'C:\\Users\\ayush\\AppData\\Roaming\\Python\\Python312\\site-packages\\torch\\onnx\\_internal\\torchscript_exporter\\symbolic_opset12.py', reloading
 * Detected change in 'C:\\Users\\ayush\\AppData\\Roaming\\Python\\Python312\\site-packages\\torch\\onnx\\_internal\\torchscript_exporter\\symbolic_opset12.py', reloading
 * Detected change in 'C:\\Users\\ayush\\AppData\\Roaming\\Python\\Python312\\site-packages\\torch\\onnx\\_internal\\torchscript_exporter\\symbolic_opset13.py', reloading
 * Detected change in 'C:\\Users\\ayush\\AppData\\Roaming\\Python\\Python312\\site-packages\\torch\\onnx\\_internal\\torchscript_exporter\\symbolic_opset13.py', reloading
 * Detected change in 'C:\\Users\\ayush\\AppData\\Roaming\\Python\\Python312\\site-packages\\torch\\onnx\\_internal\\torchscript_exporter\\symbolic_opset14.py', reloading
 * Detected change in 'C:\\Users\\ayush\\AppData\\Roaming\\Python\\Python312\\site-packages\\torch\\onnx\\_internal\\torchscript_exporter\\symbolic_opset14.py', reloading
 * Detected change in 'C:\\Users\\ayush\\AppData\\Roaming\\Python\\Python312\\site-packages\\torch\\onnx\\_internal\\torchscript_exporter\\symbolic_opset15.py', reloading
 * Detected change in 'C:\\Users\\ayush\\AppData\\Roaming\\Python\\Python312\\site-packages\\torch\\onnx\\_internal\\torchscript_exporter\\symbolic_opset15.py', reloading
 * Detected change in 'C:\\Users\\ayush\\AppData\\Roaming\\Python\\Python312\\site-packages\\torch\\onnx\\_internal\\torchscript_exporter\\symbolic_opset16.py', reloading
 * Detected change in 'C:\\Users\\ayush\\AppData\\Roaming\\Python\\Python312\\site-packages\\torch\\onnx\\_internal\\torchscript_exporter\\symbolic_opset16.py', reloading
 * Detected change in 'C:\\Users\\ayush\\AppData\\Roaming\\Python\\Python312\\site-packages\\torch\\onnx\\_internal\\torchscript_exporter\\symbolic_opset17.py', reloading
 * Detected change in 'C:\\Users\\ayush\\AppData\\Roaming\\Python\\Python312\\site-packages\\torch\\onnx\\_internal\\torchscript_exporter\\symbolic_opset17.py', reloading
 * Detected change in 'C:\\Users\\ayush\\AppData\\Roaming\\Python\\Python312\\site-packages\\torch\\onnx\\_internal\\torchscript_exporter\\symbolic_opset18.py', reloading
 * Detected change in 'C:\\Users\\ayush\\AppData\\Roaming\\Python\\Python312\\site-packages\\torch\\onnx\\_internal\\torchscript_exporter\\symbolic_opset18.py', reloading
 * Detected change in 'C:\\Users\\ayush\\AppData\\Roaming\\Python\\Python312\\site-packages\\torch\\onnx\\_internal\\torchscript_exporter\\symbolic_opset19.py', reloading
 * Detected change in 'C:\\Users\\ayush\\AppData\\Roaming\\Python\\Python312\\site-packages\\torch\\onnx\\_internal\\torchscript_exporter\\symbolic_opset19.py', reloading
 * Detected change in 'C:\\Users\\ayush\\AppData\\Roaming\\Python\\Python312\\site-packages\\torch\\onnx\\_internal\\torchscript_exporter\\symbolic_opset20.py', reloading
 * Detected change in 'C:\\Users\\ayush\\AppData\\Roaming\\Python\\Python312\\site-packages\\torch\\onnx\\_internal\\torchscript_exporter\\symbolic_opset20.py', reloading
 * Detected change in 'C:\\Users\\ayush\\AppData\\Roaming\\Python\\Python312\\site-packages\\torch\\onnx\\_internal\\torchscript_exporter\\symbolic_opset7.py', reloading
 * Detected change in 'C:\\Users\\ayush\\AppData\\Roaming\\Python\\Python312\\site-packages\\torch\\onnx\\_internal\\torchscript_exporter\\symbolic_opset7.py', reloading
 * Detected change in 'C:\\Users\\ayush\\AppData\\Roaming\\Python\\Python312\\site-packages\\torch\\onnx\\_internal\\torchscript_exporter\\symbolic_opset8.py', reloading
 * Detected change in 'C:\\Users\\ayush\\AppData\\Roaming\\Python\\Python312\\site-packages\\torch\\onnx\\_internal\\torchscript_exporter\\symbolic_opset8.py', reloading
 * Detected change in 'C:\\Users\\ayush\\AppData\\Roaming\\Python\\Python312\\site-packages\\torch\\onnx\\_internal\\torchscript_exporter\\symbolic_opset9.py', reloading
 * Detected change in 'C:\\Users\\ayush\\AppData\\Roaming\\Python\\Python312\\site-packages\\torch\\onnx\\_internal\\torchscript_exporter\\symbolic_opset9.py', reloading
 * Detected change in 'C:\\Users\\ayush\\AppData\\Roaming\\Python\\Python312\\site-packages\\torch\\onnx\\_internal\\torchscript_exporter\\utils.py', reloading
 * Detected change in 'C:\\Users\\ayush\\AppData\\Roaming\\Python\\Python312\\site-packages\\torch\\onnx\\_internal\\torchscript_exporter\\utils.py', reloading
 * Detected change in 'C:\\Users\\ayush\\AppData\\Roaming\\Python\\Python312\\site-packages\\torch\\onnx\\_internal\\torchscript_exporter\\verification.py', reloading
 * Detected change in 'C:\\Users\\ayush\\AppData\\Roaming\\Python\\Python312\\site-packages\\torch\\onnx\\_internal\\torchscript_exporter\\verification.py', reloading
 * Detected change in 'C:\\Users\\ayush\\AppData\\Roaming\\Python\\Python312\\site-packages\\torch\\onnx\\ops\\_dtype_mappings.py', reloading
 * Detected change in 'C:\\Users\\ayush\\AppData\\Roaming\\Python\\Python312\\site-packages\\torch\\onnx\\ops\\_impl.py', reloading
 * Detected change in 'C:\\Users\\ayush\\AppData\\Roaming\\Python\\Python312\\site-packages\\torch\\onnx\\ops\\__init__.py', reloading
 * Detected change in 'C:\\Users\\ayush\\AppData\\Roaming\\Python\\Python312\\site-packages\\torch\\onnx\\ops\\__init__.py', reloading
 * Detected change in 'C:\\Users\\ayush\\AppData\\Roaming\\Python\\Python312\\site-packages\\torch\\onnx\\ops\\__init__.py', reloading
 * Detected change in 'C:\\Users\\ayush\\AppData\\Roaming\\Python\\Python312\\site-packages\\torch\\onnx\\ops\\_dtype_mappings.py', reloading
 * Detected change in 'C:\\Users\\ayush\\AppData\\Roaming\\Python\\Python312\\site-packages\\torch\\onnx\\ops\\_dtype_mappings.py', reloading
 * Detected change in 'C:\\Users\\ayush\\AppData\\Roaming\\Python\\Python312\\site-packages\\torch\\onnx\\ops\\_impl.py', reloading
 * Detected change in 'C:\\Users\\ayush\\AppData\\Roaming\\Python\\Python312\\site-packages\\torch\\onnx\\ops\\_impl.py', reloading
 * Detected change in 'C:\\Users\\ayush\\AppData\\Roaming\\Python\\Python312\\site-packages\\torch\\onnx\\ops\\_symbolic_impl.py', reloading
 * Detected change in 'C:\\Users\\ayush\\AppData\\Roaming\\Python\\Python312\\site-packages\\torch\\onnx\\ops\\_symbolic_impl.py', reloading
 * Detected change in 'C:\\Users\\ayush\\AppData\\Roaming\\Python\\Python312\\site-packages\\torch\\optim\\__init__.py', reloading
 * Detected change in 'C:\\Users\\ayush\\AppData\\Roaming\\Python\\Python312\\site-packages\\torch\\optim\\__init__.py', reloading
 * Detected change in 'C:\\Users\\ayush\\AppData\\Roaming\\Python\\Python312\\site-packages\\torch\\optim\\__init__.py', reloading
 * Detected change in 'C:\\Users\\ayush\\AppData\\Roaming\\Python\\Python312\\site-packages\\torch\\optim\\_adafactor.py', reloading
 * Detected change in 'C:\\Users\\ayush\\AppData\\Roaming\\Python\\Python312\\site-packages\\torch\\optim\\_adafactor.py', reloading
 * Detected change in 'C:\\Users\\ayush\\AppData\\Roaming\\Python\\Python312\\site-packages\\torch\\optim\\_functional.py', reloading
 * Detected change in 'C:\\Users\\ayush\\AppData\\Roaming\\Python\\Python312\\site-packages\\torch\\optim\\_functional.py', reloading
 * Detected change in 'C:\\Users\\ayush\\AppData\\Roaming\\Python\\Python312\\site-packages\\torch\\optim\\_muon.py', reloading
 * Detected change in 'C:\\Users\\ayush\\AppData\\Roaming\\Python\\Python312\\site-packages\\torch\\optim\\_muon.py', reloading
 * Detected change in 'C:\\Users\\ayush\\AppData\\Roaming\\Python\\Python312\\site-packages\\torch\\optim\\_muon.py', reloading
 * Detected change in 'C:\\Users\\ayush\\AppData\\Roaming\\Python\\Python312\\site-packages\\torch\\optim\\_stateless.py', reloading
 * Detected change in 'C:\\Users\\ayush\\AppData\\Roaming\\Python\\Python312\\site-packages\\torch\\optim\\_stateless.py', reloading
 * Detected change in 'C:\\Users\\ayush\\AppData\\Roaming\\Python\\Python312\\site-packages\\torch\\optim\\adadelta.py', reloading
 * Detected change in 'C:\\Users\\ayush\\AppData\\Roaming\\Python\\Python312\\site-packages\\torch\\optim\\adadelta.py', reloading
 * Detected change in 'C:\\Users\\ayush\\AppData\\Roaming\\Python\\Python312\\site-packages\\torch\\optim\\adagrad.py', reloading
 * Detected change in 'C:\\Users\\ayush\\AppData\\Roaming\\Python\\Python312\\site-packages\\torch\\optim\\adagrad.py', reloading
 * Detected change in 'C:\\Users\\ayush\\AppData\\Roaming\\Python\\Python312\\site-packages\\torch\\optim\\adagrad.py', reloading
 * Detected change in 'C:\\Users\\ayush\\AppData\\Roaming\\Python\\Python312\\site-packages\\torch\\optim\\adam.py', reloading
 * Detected change in 'C:\\Users\\ayush\\AppData\\Roaming\\Python\\Python312\\site-packages\\torch\\optim\\adam.py', reloading
 * Detected change in 'C:\\Users\\ayush\\AppData\\Roaming\\Python\\Python312\\site-packages\\torch\\optim\\adam.py', reloading
 * Detected change in 'C:\\Users\\ayush\\AppData\\Roaming\\Python\\Python312\\site-packages\\torch\\optim\\adamax.py', reloading
 * Detected change in 'C:\\Users\\ayush\\AppData\\Roaming\\Python\\Python312\\site-packages\\torch\\optim\\adamax.py', reloading
 * Detected change in 'C:\\Users\\ayush\\AppData\\Roaming\\Python\\Python312\\site-packages\\torch\\optim\\adamw.py', reloading
 * Detected change in 'C:\\Users\\ayush\\AppData\\Roaming\\Python\\Python312\\site-packages\\torch\\optim\\adamw.py', reloading
 * Detected change in 'C:\\Users\\ayush\\AppData\\Roaming\\Python\\Python312\\site-packages\\torch\\optim\\asgd.py', reloading
 * Detected change in 'C:\\Users\\ayush\\AppData\\Roaming\\Python\\Python312\\site-packages\\torch\\optim\\asgd.py', reloading
 * Detected change in 'C:\\Users\\ayush\\AppData\\Roaming\\Python\\Python312\\site-packages\\torch\\optim\\lbfgs.py', reloading
 * Detected change in 'C:\\Users\\ayush\\AppData\\Roaming\\Python\\Python312\\site-packages\\torch\\optim\\lbfgs.py', reloading
 * Detected change in 'C:\\Users\\ayush\\AppData\\Roaming\\Python\\Python312\\site-packages\\torch\\optim\\lr_scheduler.py', reloading
 * Detected change in 'C:\\Users\\ayush\\AppData\\Roaming\\Python\\Python312\\site-packages\\torch\\optim\\lr_scheduler.py', reloading
 * Detected change in 'C:\\Users\\ayush\\AppData\\Roaming\\Python\\Python312\\site-packages\\torch\\optim\\nadam.py', reloading
 * Detected change in 'C:\\Users\\ayush\\AppData\\Roaming\\Python\\Python312\\site-packages\\torch\\optim\\nadam.py', reloading
 * Detected change in 'C:\\Users\\ayush\\AppData\\Roaming\\Python\\Python312\\site-packages\\torch\\optim\\optimizer.py', reloading
 * Detected change in 'C:\\Users\\ayush\\AppData\\Roaming\\Python\\Python312\\site-packages\\torch\\optim\\optimizer.py', reloading
 * Detected change in 'C:\\Users\\ayush\\AppData\\Roaming\\Python\\Python312\\site-packages\\torch\\optim\\radam.py', reloading
 * Detected change in 'C:\\Users\\ayush\\AppData\\Roaming\\Python\\Python312\\site-packages\\torch\\optim\\radam.py', reloading

============================================================
  advisor Web Interface
  Open http://localhost:5000 in your browser
  Press Ctrl+C to stop
============================================================

 * Restarting with watchdog (windowsapi)
 * Debugger is active!
 * Debugger PIN: 296-218-656
 * Detected change in 'E:\\nse-trade-advisor-v5\\nse-trade-advisor\\advisor\\bt_engine.py', reloading
 * Detected change in 'E:\\nse-trade-advisor-v5\\nse-trade-advisor\\advisor\\bt_engine.py.tmp.1896.3ef707f34812', reloading

============================================================
  advisor Web Interface
  Open http://localhost:5000 in your browser
  Press Ctrl+C to stop
============================================================

 * Restarting with watchdog (windowsapi)
 * Debugger is active!
 * Debugger PIN: 296-218-656
 * Detected change in 'E:\\nse-trade-advisor-v5\\nse-trade-advisor\\pattern_library.py', reloading

============================================================
  advisor Web Interface
  Open http://localhost:5000 in your browser
  Press Ctrl+C to stop
============================================================

 * Restarting with watchdog (windowsapi)
 * Debugger is active!
 * Debugger PIN: 296-218-656
 * Detected change in 'E:\\nse-trade-advisor-v5\\nse-trade-advisor\\webapp.py', reloading
 * Detected change in 'E:\\nse-trade-advisor-v5\\nse-trade-advisor\\webapp.py.tmp.1896.844d725f6760', reloading

============================================================
  advisor Web Interface
  Open http://localhost:5000 in your browser
  Press Ctrl+C to stop
============================================================

 * Restarting with watchdog (windowsapi)
 * Debugger is active!
 * Debugger PIN: 296-218-656
 * Detected change in 'C:\\Users\\ayush\\AppData\\Roaming\\Python\\Python312\\site-packages\\~unctorch\\compile\\__init__.py', reloading
 * Detected change in 'C:\\Users\\ayush\\AppData\\Roaming\\Python\\Python312\\site-packages\\~unctorch\\dim\\batch_tensor.py', reloading
 * Detected change in 'C:\\Users\\ayush\\AppData\\Roaming\\Python\\Python312\\site-packages\\~unctorch\\dim\\delayed_mul_tensor.py', reloading
 * Detected change in 'C:\\Users\\ayush\\AppData\\Roaming\\Python\\Python312\\site-packages\\~unctorch\\dim\\dim.py', reloading
 * Detected change in 'C:\\Users\\ayush\\AppData\\Roaming\\Python\\Python312\\site-packages\\~unctorch\\dim\\magic_trace.py', reloading
 * Detected change in 'C:\\Users\\ayush\\AppData\\Roaming\\Python\\Python312\\site-packages\\~unctorch\\dim\\op_properties.py', reloading
 * Detected change in 'C:\\Users\\ayush\\AppData\\Roaming\\Python\\Python312\\site-packages\\~unctorch\\dim\\reference.py', reloading
 * Detected change in 'C:\\Users\\ayush\\AppData\\Roaming\\Python\\Python312\\site-packages\\~unctorch\\dim\\tree_map.py', reloading
 * Detected change in 'C:\\Users\\ayush\\AppData\\Roaming\\Python\\Python312\\site-packages\\~unctorch\\dim\\wrap_type.py', reloading
 * Detected change in 'C:\\Users\\ayush\\AppData\\Roaming\\Python\\Python312\\site-packages\\~unctorch\\dim\\__init__.py', reloading
 * Detected change in 'C:\\Users\\ayush\\AppData\\Roaming\\Python\\Python312\\site-packages\\~unctorch\\einops\\rearrange.py', reloading
 * Detected change in 'C:\\Users\\ayush\\AppData\\Roaming\\Python\\Python312\\site-packages\\~unctorch\\einops\\_parsing.py', reloading
 * Detected change in 'C:\\Users\\ayush\\AppData\\Roaming\\Python\\Python312\\site-packages\\~unctorch\\einops\\__init__.py', reloading
 * Detected change in 'C:\\Users\\ayush\\AppData\\Roaming\\Python\\Python312\\site-packages\\~unctorch\\experimental\\control_flow.py', reloading
 * Detected change in 'C:\\Users\\ayush\\AppData\\Roaming\\Python\\Python312\\site-packages\\~unctorch\\experimental\\ops.py', reloading
 * Detected change in 'C:\\Users\\ayush\\AppData\\Roaming\\Python\\Python312\\site-packages\\~unctorch\\experimental\\__init__.py', reloading
 * Detected change in 'C:\\Users\\ayush\\AppData\\Roaming\\Python\\Python312\\site-packages\\~unctorch\\_src\\aot_autograd\\__init__.py', reloading
 * Detected change in 'C:\\Users\\ayush\\AppData\\Roaming\\Python\\Python312\\site-packages\\~unctorch\\_src\\eager_transforms\\__init__.py', reloading
 * Detected change in 'C:\\Users\\ayush\\AppData\\Roaming\\Python\\Python312\\site-packages\\~unctorch\\_src\\make_functional\\__init__.py', reloading
 * Detected change in 'C:\\Users\\ayush\\AppData\\Roaming\\Python\\Python312\\site-packages\\~unctorch\\_src\\vmap\\__init__.py', reloading
 * Detected change in 'C:\\Users\\ayush\\AppData\\Roaming\\Python\\Python312\\site-packages\\~unctorch\\_src\\__init__.py', reloading
 * Detected change in 'C:\\Users\\ayush\\AppData\\Roaming\\Python\\Python312\\site-packages\\~unctorch\\__init__.py', reloading

============================================================
  advisor Web Interface
  Open http://localhost:5000 in your browser
  Press Ctrl+C to stop
============================================================

 * Restarting with watchdog (windowsapi)
 * Debugger is active!
 * Debugger PIN: 296-218-656
 * Detected change in 'C:\\Users\\ayush\\AppData\\Roaming\\Python\\Python312\\site-packages\\torch\\~o\\quantization\\fx\\_model_report\\model_report.py', reloading
 * Detected change in 'C:\\Users\\ayush\\AppData\\Roaming\\Python\\Python312\\site-packages\\torch\\~o\\quantization\\fx\\_model_report\\model_report_observer.py', reloading

============================================================
  advisor Web Interface
  Open http://localhost:5000 in your browser
  Press Ctrl+C to stop
============================================================

 * Restarting with watchdog (windowsapi)
 * Debugger is active!
 * Debugger PIN: 296-218-656
 * Detected change in 'E:\\nse-trade-advisor-v5\\nse-trade-advisor\\advisor\\cli.py', reloading
 * Detected change in 'E:\\nse-trade-advisor-v5\\nse-trade-advisor\\advisor\\engine.py', reloading
 * Detected change in 'E:\\nse-trade-advisor-v5\\nse-trade-advisor\\advisor\\__init__.py', reloading

============================================================
  advisor Web Interface
  Open http://localhost:5000 in your browser
  Press Ctrl+C to stop
============================================================

 * Restarting with watchdog (windowsapi)
 * Debugger is active!
 * Debugger PIN: 296-218-656
 * Detected change in 'C:\\Users\\ayush\\AppData\\Roaming\\Python\\Python312\\site-packages\\torch\\~it\\annotations.py', reloading
 * Detected change in 'C:\\Users\\ayush\\AppData\\Roaming\\Python\\Python312\\site-packages\\torch\\~it\\frontend.py', reloading
 * Detected change in 'C:\\Users\\ayush\\AppData\\Roaming\\Python\\Python312\\site-packages\\torch\\~it\\generate_bytecode.py', reloading
 * Detected change in 'C:\\Users\\ayush\\AppData\\Roaming\\Python\\Python312\\site-packages\\torch\\~it\\mobile\\__init__.py', reloading
 * Detected change in 'C:\\Users\\ayush\\AppData\\Roaming\\Python\\Python312\\site-packages\\torch\\~it\\quantized.py', reloading
 * Detected change in 'C:\\Users\\ayush\\AppData\\Roaming\\Python\\Python312\\site-packages\\torch\\~it\\supported_ops.py', reloading
 * Detected change in 'C:\\Users\\ayush\\AppData\\Roaming\\Python\\Python312\\site-packages\\torch\\~it\\unsupported_tensor_ops.py', reloading
 * Detected change in 'C:\\Users\\ayush\\AppData\\Roaming\\Python\\Python312\\site-packages\\torch\\~it\\_async.py', reloading
 * Detected change in 'C:\\Users\\ayush\\AppData\\Roaming\\Python\\Python312\\site-packages\\torch\\~it\\_await.py', reloading
 * Detected change in 'C:\\Users\\ayush\\AppData\\Roaming\\Python\\Python312\\site-packages\\torch\\~it\\_builtins.py', reloading
 * Detected change in 'C:\\Users\\ayush\\AppData\\Roaming\\Python\\Python312\\site-packages\\torch\\~it\\_check.py', reloading
 * Detected change in 'C:\\Users\\ayush\\AppData\\Roaming\\Python\\Python312\\site-packages\\torch\\~it\\_dataclass_impls.py', reloading
 * Detected change in 'C:\\Users\\ayush\\AppData\\Roaming\\Python\\Python312\\site-packages\\torch\\~it\\_decompositions.py', reloading
 * Detected change in 'C:\\Users\\ayush\\AppData\\Roaming\\Python\\Python312\\site-packages\\torch\\~it\\_decomposition_utils.py', reloading
 * Detected change in 'C:\\Users\\ayush\\AppData\\Roaming\\Python\\Python312\\site-packages\\torch\\~it\\_freeze.py', reloading
 * Detected change in 'C:\\Users\\ayush\\AppData\\Roaming\\Python\\Python312\\site-packages\\torch\\~it\\_fuser.py', reloading
 * Detected change in 'C:\\Users\\ayush\\AppData\\Roaming\\Python\\Python312\\site-packages\\torch\\~it\\_ir_utils.py', reloading
 * Detected change in 'C:\\Users\\ayush\\AppData\\Roaming\\Python\\Python312\\site-packages\\torch\\~it\\_logging.py', reloading
 * Detected change in 'C:\\Users\\ayush\\AppData\\Roaming\\Python\\Python312\\site-packages\\torch\\~it\\_monkeytype_config.py', reloading
 * Detected change in 'C:\\Users\\ayush\\AppData\\Roaming\\Python\\Python312\\site-packages\\torch\\~it\\_passes\\_property_propagation.py', reloading
 * Detected change in 'C:\\Users\\ayush\\AppData\\Roaming\\Python\\Python312\\site-packages\\torch\\~it\\_passes\\__init__.py', reloading
 * Detected change in 'C:\\Users\\ayush\\AppData\\Roaming\\Python\\Python312\\site-packages\\torch\\~it\\_pickle.py', reloading
 * Detected change in 'C:\\Users\\ayush\\AppData\\Roaming\\Python\\Python312\\site-packages\\torch\\~it\\_recursive.py', reloading
 * Detected change in 'C:\\Users\\ayush\\AppData\\Roaming\\Python\\Python312\\site-packages\\torch\\~it\\_script.py', reloading
 * Detected change in 'C:\\Users\\ayush\\AppData\\Roaming\\Python\\Python312\\site-packages\\torch\\~it\\_serialization.py', reloading
 * Detected change in 'C:\\Users\\ayush\\AppData\\Roaming\\Python\\Python312\\site-packages\\torch\\~it\\_shape_functions.py', reloading
 * Detected change in 'C:\\Users\\ayush\\AppData\\Roaming\\Python\\Python312\\site-packages\\torch\\~it\\_state.py', reloading
 * Detected change in 'C:\\Users\\ayush\\AppData\\Roaming\\Python\\Python312\\site-packages\\torch\\~it\\_trace.py', reloading
 * Detected change in 'C:\\Users\\ayush\\AppData\\Roaming\\Python\\Python312\\site-packages\\torch\\~it\\__init__.py', reloading
 * Detected change in 'C:\\Users\\ayush\\AppData\\Roaming\\Python\\Python312\\site-packages\\torch\\~inalg\\__init__.py', reloading
 * Detected change in 'C:\\Users\\ayush\\AppData\\Roaming\\Python\\Python312\\site-packages\\torch\\~asked\\maskedtensor\\binary.py', reloading
 * Detected change in 'C:\\Users\\ayush\\AppData\\Roaming\\Python\\Python312\\site-packages\\torch\\~asked\\maskedtensor\\core.py', reloading
 * Detected change in 'C:\\Users\\ayush\\AppData\\Roaming\\Python\\Python312\\site-packages\\torch\\~asked\\maskedtensor\\creation.py', reloading
 * Detected change in 'C:\\Users\\ayush\\AppData\\Roaming\\Python\\Python312\\site-packages\\torch\\~asked\\maskedtensor\\passthrough.py', reloading
 * Detected change in 'C:\\Users\\ayush\\AppData\\Roaming\\Python\\Python312\\site-packages\\torch\\~asked\\maskedtensor\\reductions.py', reloading
 * Detected change in 'C:\\Users\\ayush\\AppData\\Roaming\\Python\\Python312\\site-packages\\torch\\~asked\\maskedtensor\\unary.py', reloading
 * Detected change in 'C:\\Users\\ayush\\AppData\\Roaming\\Python\\Python312\\site-packages\\torch\\~asked\\maskedtensor\\_ops_refs.py', reloading
 * Detected change in 'C:\\Users\\ayush\\AppData\\Roaming\\Python\\Python312\\site-packages\\torch\\~asked\\maskedtensor\\__init__.py', reloading
 * Detected change in 'C:\\Users\\ayush\\AppData\\Roaming\\Python\\Python312\\site-packages\\torch\\~asked\\_docs.py', reloading
 * Detected change in 'C:\\Users\\ayush\\AppData\\Roaming\\Python\\Python312\\site-packages\\torch\\~asked\\_ops.py', reloading
 * Detected change in 'C:\\Users\\ayush\\AppData\\Roaming\\Python\\Python312\\site-packages\\torch\\~asked\\__init__.py', reloading
 * Detected change in 'C:\\Users\\ayush\\AppData\\Roaming\\Python\\Python312\\site-packages\\torch\\~onitor\\__init__.py', reloading
 * Detected change in 'C:\\Users\\ayush\\AppData\\Roaming\\Python\\Python312\\site-packages\\torch\\~ps\\event.py', reloading
 * Detected change in 'C:\\Users\\ayush\\AppData\\Roaming\\Python\\Python312\\site-packages\\torch\\~ps\\profiler.py', reloading
 * Detected change in 'C:\\Users\\ayush\\AppData\\Roaming\\Python\\Python312\\site-packages\\torch\\~ps\\__init__.py', reloading
 * Detected change in 'C:\\Users\\ayush\\AppData\\Roaming\\Python\\Python312\\site-packages\\torch\\~ultiprocessing\\pool.py', reloading
 * Detected change in 'C:\\Users\\ayush\\AppData\\Roaming\\Python\\Python312\\site-packages\\torch\\~ultiprocessing\\queue.py', reloading
 * Detected change in 'C:\\Users\\ayush\\AppData\\Roaming\\Python\\Python312\\site-packages\\torch\\~ultiprocessing\\reductions.py', reloading
 * Detected change in 'C:\\Users\\ayush\\AppData\\Roaming\\Python\\Python312\\site-packages\\torch\\~ultiprocessing\\spawn.py', reloading
 * Detected change in 'C:\\Users\\ayush\\AppData\\Roaming\\Python\\Python312\\site-packages\\torch\\~ultiprocessing\\_atfork.py', reloading
 * Detected change in 'C:\\Users\\ayush\\AppData\\Roaming\\Python\\Python312\\site-packages\\torch\\~ultiprocessing\\__init__.py', reloading
 * Detected change in 'C:\\Users\\ayush\\AppData\\Roaming\\Python\\Python312\\site-packages\\torch\\~ested\\_internal\\nested_tensor.py', reloading
 * Detected change in 'C:\\Users\\ayush\\AppData\\Roaming\\Python\\Python312\\site-packages\\torch\\~ested\\_internal\\ops.py', reloading
 * Detected change in 'C:\\Users\\ayush\\AppData\\Roaming\\Python\\Python312\\site-packages\\torch\\~ested\\_internal\\sdpa.py', reloading
 * Detected change in 'C:\\Users\\ayush\\AppData\\Roaming\\Python\\Python312\\site-packages\\torch\\~ested\\_internal\\__init__.py', reloading
 * Detected change in 'C:\\Users\\ayush\\AppData\\Roaming\\Python\\Python312\\site-packages\\torch\\~ested\\__init__.py', reloading
 * Detected change in 'C:\\Users\\ayush\\AppData\\Roaming\\Python\\Python312\\site-packages\\torch\\~n\\backends\\thnn.py', reloading
 * Detected change in 'C:\\Users\\ayush\\AppData\\Roaming\\Python\\Python312\\site-packages\\torch\\~n\\backends\\__init__.py', reloading
 * Detected change in 'C:\\Users\\ayush\\AppData\\Roaming\\Python\\Python312\\site-packages\\torch\\~n\\common_types.py', reloading
 * Detected change in 'C:\\Users\\ayush\\AppData\\Roaming\\Python\\Python312\\site-packages\\torch\\~n\\cpp.py', reloading
 * Detected change in 'C:\\Users\\ayush\\AppData\\Roaming\\Python\\Python312\\site-packages\\torch\\~n\\functional.py', reloading
 * Detected change in 'C:\\Users\\ayush\\AppData\\Roaming\\Python\\Python312\\site-packages\\torch\\~n\\grad.py', reloading
 * Detected change in 'C:\\Users\\ayush\\AppData\\Roaming\\Python\\Python312\\site-packages\\torch\\~n\\init.py', reloading
 * Detected change in 'C:\\Users\\ayush\\AppData\\Roaming\\Python\\Python312\\site-packages\\torch\\~n\\intrinsic\\modules\\fused.py', reloading
 * Detected change in 'C:\\Users\\ayush\\AppData\\Roaming\\Python\\Python312\\site-packages\\torch\\~n\\intrinsic\\modules\\__init__.py', reloading
 * Detected change in 'C:\\Users\\ayush\\AppData\\Roaming\\Python\\Python312\\site-packages\\torch\\~n\\intrinsic\\qat\\modules\\conv_fused.py', reloading
 * Detected change in 'C:\\Users\\ayush\\AppData\\Roaming\\Python\\Python312\\site-packages\\torch\\~n\\intrinsic\\qat\\modules\\linear_fused.py', reloading
 * Detected change in 'C:\\Users\\ayush\\AppData\\Roaming\\Python\\Python312\\site-packages\\torch\\~n\\intrinsic\\qat\\modules\\linear_relu.py', reloading
 * Detected change in 'C:\\Users\\ayush\\AppData\\Roaming\\Python\\Python312\\site-packages\\torch\\~n\\intrinsic\\qat\\modules\\__init__.py', reloading
 * Detected change in 'C:\\Users\\ayush\\AppData\\Roaming\\Python\\Python312\\site-packages\\torch\\~n\\intrinsic\\qat\\__init__.py', reloading
 * Detected change in 'C:\\Users\\ayush\\AppData\\Roaming\\Python\\Python312\\site-packages\\torch\\~n\\intrinsic\\quantized\\dynamic\\modules\\linear_relu.py', reloading
 * Detected change in 'C:\\Users\\ayush\\AppData\\Roaming\\Python\\Python312\\site-packages\\torch\\~n\\intrinsic\\quantized\\dynamic\\modules\\__init__.py', reloading
 * Detected change in 'C:\\Users\\ayush\\AppData\\Roaming\\Python\\Python312\\site-packages\\torch\\~n\\intrinsic\\quantized\\dynamic\\__init__.py', reloading
 * Detected change in 'C:\\Users\\ayush\\AppData\\Roaming\\Python\\Python312\\site-packages\\torch\\~n\\intrinsic\\quantized\\modules\\bn_relu.py', reloading
 * Detected change in 'C:\\Users\\ayush\\AppData\\Roaming\\Python\\Python312\\site-packages\\torch\\~n\\intrinsic\\quantized\\modules\\conv_relu.py', reloading
 * Detected change in 'C:\\Users\\ayush\\AppData\\Roaming\\Python\\Python312\\site-packages\\torch\\~n\\intrinsic\\quantized\\modules\\linear_relu.py', reloading
 * Detected change in 'C:\\Users\\ayush\\AppData\\Roaming\\Python\\Python312\\site-packages\\torch\\~n\\intrinsic\\quantized\\modules\\__init__.py', reloading
 * Detected change in 'C:\\Users\\ayush\\AppData\\Roaming\\Python\\Python312\\site-packages\\torch\\~n\\intrinsic\\quantized\\__init__.py', reloading
 * Detected change in 'C:\\Users\\ayush\\AppData\\Roaming\\Python\\Python312\\site-packages\\torch\\~n\\intrinsic\\__init__.py', reloading
 * Detected change in 'C:\\Users\\ayush\\AppData\\Roaming\\Python\\Python312\\site-packages\\torch\\~n\\modules\\activation.py', reloading
 * Detected change in 'C:\\Users\\ayush\\AppData\\Roaming\\Python\\Python312\\site-packages\\torch\\~n\\modules\\adaptive.py', reloading
 * Detected change in 'C:\\Users\\ayush\\AppData\\Roaming\\Python\\Python312\\site-packages\\torch\\~n\\modules\\batchnorm.py', reloading
 * Detected change in 'C:\\Users\\ayush\\AppData\\Roaming\\Python\\Python312\\site-packages\\torch\\~n\\modules\\channelshuffle.py', reloading
 * Detected change in 'C:\\Users\\ayush\\AppData\\Roaming\\Python\\Python312\\site-packages\\torch\\~n\\modules\\container.py', reloading
 * Detected change in 'C:\\Users\\ayush\\AppData\\Roaming\\Python\\Python312\\site-packages\\torch\\~n\\modules\\conv.py', reloading
 * Detected change in 'C:\\Users\\ayush\\AppData\\Roaming\\Python\\Python312\\site-packages\\torch\\~n\\modules\\distance.py', reloading
 * Detected change in 'C:\\Users\\ayush\\AppData\\Roaming\\Python\\Python312\\site-packages\\torch\\~n\\modules\\dropout.py', reloading
 * Detected change in 'C:\\Users\\ayush\\AppData\\Roaming\\Python\\Python312\\site-packages\\torch\\~n\\modules\\flatten.py', reloading
 * Detected change in 'C:\\Users\\ayush\\AppData\\Roaming\\Python\\Python312\\site-packages\\torch\\~n\\modules\\fold.py', reloading
 * Detected change in 'C:\\Users\\ayush\\AppData\\Roaming\\Python\\Python312\\site-packages\\torch\\~n\\modules\\instancenorm.py', reloading
 * Detected change in 'C:\\Users\\ayush\\AppData\\Roaming\\Python\\Python312\\site-packages\\torch\\~n\\modules\\lazy.py', reloading
 * Detected change in 'C:\\Users\\ayush\\AppData\\Roaming\\Python\\Python312\\site-packages\\torch\\~n\\modules\\linear.py', reloading
 * Detected change in 'C:\\Users\\ayush\\AppData\\Roaming\\Python\\Python312\\site-packages\\torch\\~n\\modules\\loss.py', reloading
 * Detected change in 'C:\\Users\\ayush\\AppData\\Roaming\\Python\\Python312\\site-packages\\torch\\~n\\modules\\module.py', reloading
 * Detected change in 'C:\\Users\\ayush\\AppData\\Roaming\\Python\\Python312\\site-packages\\torch\\~n\\modules\\normalization.py', reloading
 * Detected change in 'C:\\Users\\ayush\\AppData\\Roaming\\Python\\Python312\\site-packages\\torch\\~n\\modules\\padding.py', reloading
 * Detected change in 'C:\\Users\\ayush\\AppData\\Roaming\\Python\\Python312\\site-packages\\torch\\~n\\modules\\pixelshuffle.py', reloading
 * Detected change in 'C:\\Users\\ayush\\AppData\\Roaming\\Python\\Python312\\site-packages\\torch\\~n\\modules\\pooling.py', reloading
 * Detected change in 'C:\\Users\\ayush\\AppData\\Roaming\\Python\\Python312\\site-packages\\torch\\~n\\modules\\rnn.py', reloading
 * Detected change in 'C:\\Users\\ayush\\AppData\\Roaming\\Python\\Python312\\site-packages\\torch\\~n\\modules\\sparse.py', reloading
 * Detected change in 'C:\\Users\\ayush\\AppData\\Roaming\\Python\\Python312\\site-packages\\torch\\~n\\modules\\transformer.py', reloading
 * Detected change in 'C:\\Users\\ayush\\AppData\\Roaming\\Python\\Python312\\site-packages\\torch\\~n\\modules\\upsampling.py', reloading
 * Detected change in 'C:\\Users\\ayush\\AppData\\Roaming\\Python\\Python312\\site-packages\\torch\\~n\\modules\\utils.py', reloading
 * Detected change in 'C:\\Users\\ayush\\AppData\\Roaming\\Python\\Python312\\site-packages\\torch\\~n\\modules\\_functions.py', reloading
 * Detected change in 'C:\\Users\\ayush\\AppData\\Roaming\\Python\\Python312\\site-packages\\torch\\~n\\modules\\__init__.py', reloading
 * Detected change in 'C:\\Users\\ayush\\AppData\\Roaming\\Python\\Python312\\site-packages\\torch\\~n\\parallel\\comm.py', reloading
 * Detected change in 'C:\\Users\\ayush\\AppData\\Roaming\\Python\\Python312\\site-packages\\torch\\~n\\parallel\\data_parallel.py', reloading
 * Detected change in 'C:\\Users\\ayush\\AppData\\Roaming\\Python\\Python312\\site-packages\\torch\\~n\\parallel\\distributed.py', reloading
 * Detected change in 'C:\\Users\\ayush\\AppData\\Roaming\\Python\\Python312\\site-packages\\torch\\~n\\parallel\\parallel_apply.py', reloading
 * Detected change in 'C:\\Users\\ayush\\AppData\\Roaming\\Python\\Python312\\site-packages\\torch\\~n\\parallel\\replicate.py', reloading
 * Detected change in 'C:\\Users\\ayush\\AppData\\Roaming\\Python\\Python312\\site-packages\\torch\\~n\\parallel\\scatter_gather.py', reloading
 * Detected change in 'C:\\Users\\ayush\\AppData\\Roaming\\Python\\Python312\\site-packages\\torch\\~n\\parallel\\_functions.py', reloading
 * Detected change in 'C:\\Users\\ayush\\AppData\\Roaming\\Python\\Python312\\site-packages\\torch\\~n\\parallel\\__init__.py', reloading
 * Detected change in 'C:\\Users\\ayush\\AppData\\Roaming\\Python\\Python312\\site-packages\\torch\\~n\\parameter.py', reloading
 * Detected change in 'C:\\Users\\ayush\\AppData\\Roaming\\Python\\Python312\\site-packages\\torch\\~n\\qat\\dynamic\\modules\\linear.py', reloading
 * Detected change in 'C:\\Users\\ayush\\AppData\\Roaming\\Python\\Python312\\site-packages\\torch\\~n\\qat\\dynamic\\modules\\__init__.py', reloading
 * Detected change in 'C:\\Users\\ayush\\AppData\\Roaming\\Python\\Python312\\site-packages\\torch\\~n\\qat\\dynamic\\__init__.py', reloading
 * Detected change in 'C:\\Users\\ayush\\AppData\\Roaming\\Python\\Python312\\site-packages\\torch\\~n\\qat\\modules\\conv.py', reloading
 * Detected change in 'C:\\Users\\ayush\\AppData\\Roaming\\Python\\Python312\\site-packages\\torch\\~n\\qat\\modules\\embedding_ops.py', reloading
 * Detected change in 'C:\\Users\\ayush\\AppData\\Roaming\\Python\\Python312\\site-packages\\torch\\~n\\qat\\modules\\linear.py', reloading
 * Detected change in 'C:\\Users\\ayush\\AppData\\Roaming\\Python\\Python312\\site-packages\\torch\\~n\\qat\\modules\\__init__.py', reloading
 * Detected change in 'C:\\Users\\ayush\\AppData\\Roaming\\Python\\Python312\\site-packages\\torch\\~n\\qat\\__init__.py', reloading
 * Detected change in 'C:\\Users\\ayush\\AppData\\Roaming\\Python\\Python312\\site-packages\\torch\\~n\\quantizable\\modules\\activation.py', reloading
 * Detected change in 'C:\\Users\\ayush\\AppData\\Roaming\\Python\\Python312\\site-packages\\torch\\~n\\quantizable\\modules\\rnn.py', reloading
 * Detected change in 'C:\\Users\\ayush\\AppData\\Roaming\\Python\\Python312\\site-packages\\torch\\~n\\quantizable\\modules\\__init__.py', reloading
 * Detected change in 'C:\\Users\\ayush\\AppData\\Roaming\\Python\\Python312\\site-packages\\torch\\~n\\quantizable\\__init__.py', reloading
 * Detected change in 'C:\\Users\\ayush\\AppData\\Roaming\\Python\\Python312\\site-packages\\torch\\~n\\quantized\\dynamic\\modules\\conv.py', reloading
 * Detected change in 'C:\\Users\\ayush\\AppData\\Roaming\\Python\\Python312\\site-packages\\torch\\~n\\quantized\\dynamic\\modules\\linear.py', reloading
 * Detected change in 'C:\\Users\\ayush\\AppData\\Roaming\\Python\\Python312\\site-packages\\torch\\~n\\quantized\\dynamic\\modules\\rnn.py', reloading
 * Detected change in 'C:\\Users\\ayush\\AppData\\Roaming\\Python\\Python312\\site-packages\\torch\\~n\\quantized\\dynamic\\modules\\__init__.py', reloading
 * Detected change in 'C:\\Users\\ayush\\AppData\\Roaming\\Python\\Python312\\site-packages\\torch\\~n\\quantized\\dynamic\\__init__.py', reloading
 * Detected change in 'C:\\Users\\ayush\\AppData\\Roaming\\Python\\Python312\\site-packages\\torch\\~n\\quantized\\functional.py', reloading
 * Detected change in 'C:\\Users\\ayush\\AppData\\Roaming\\Python\\Python312\\site-packages\\torch\\~n\\quantized\\modules\\activation.py', reloading
 * Detected change in 'C:\\Users\\ayush\\AppData\\Roaming\\Python\\Python312\\site-packages\\torch\\~n\\quantized\\modules\\batchnorm.py', reloading

============================================================
  advisor Web Interface
  Open http://localhost:5000 in your browser
  Press Ctrl+C to stop
============================================================

 * Restarting with watchdog (windowsapi)
 * Debugger is active!
 * Debugger PIN: 296-218-656
 * Detected change in 'C:\\Users\\ayush\\AppData\\Roaming\\Python\\Python312\\site-packages\\tensorflow\\python\\framework\\registry.py', reloading
 * Detected change in 'C:\\Users\\ayush\\AppData\\Roaming\\Python\\Python312\\site-packages\\tensorflow\\python\\framework\\ops.py', reloading
 * Detected change in 'C:\\Users\\ayush\\AppData\\Roaming\\Python\\Python312\\site-packages\\tensorflow\\dtensor\\python\\api.py', reloading

============================================================
  advisor Web Interface
  Open http://localhost:5000 in your browser
  Press Ctrl+C to stop
============================================================

 * Restarting with watchdog (windowsapi)
 * Debugger is active!
 * Debugger PIN: 296-218-656
 * Detected change in 'C:\\Users\\ayush\\AppData\\Roaming\\Python\\Python312\\site-packages\\tensorflow\\python\\tpu\\ops\\tpu_ops.py', reloading
 * Detected change in 'C:\\Users\\ayush\\AppData\\Roaming\\Python\\Python312\\site-packages\\tensorflow\\compiler\\jit\\ops\\xla_ops_grad.py', reloading
 * Detected change in 'C:\\Users\\ayush\\AppData\\Roaming\\Python\\Python312\\site-packages\\tensorflow\\python\\ops\\array_grad.py', reloading
 * Detected change in 'C:\\Users\\ayush\\AppData\\Roaming\\Python\\Python312\\site-packages\\tensorflow\\python\\ops\\control_flow_grad.py', reloading
 * Detected change in 'C:\\Users\\ayush\\AppData\\Roaming\\Python\\Python312\\site-packages\\tensorflow\\python\\ops\\cudnn_rnn_grad.py', reloading
 * Detected change in 'C:\\Users\\ayush\\AppData\\Roaming\\Python\\Python312\\site-packages\\tensorflow\\python\\ops\\image_grad.py', reloading
 * Detected change in 'C:\\Users\\ayush\\AppData\\Roaming\\Python\\Python312\\site-packages\\tensorflow\\python\\ops\\io_ops.py', reloading
 * Detected change in 'C:\\Users\\ayush\\AppData\\Roaming\\Python\\Python312\\site-packages\\tensorflow\\python\\ops\\linalg_grad.py', reloading
 * Detected change in 'C:\\Users\\ayush\\AppData\\Roaming\\Python\\Python312\\site-packages\\tensorflow\\python\\ops\\lookup_grad.py', reloading
 * Detected change in 'C:\\Users\\ayush\\AppData\\Roaming\\Python\\Python312\\site-packages\\tensorflow\\python\\ops\\manip_grad.py', reloading
 * Detected change in 'C:\\Users\\ayush\\AppData\\Roaming\\Python\\Python312\\site-packages\\tensorflow\\python\\ops\\math_grad.py', reloading
 * Detected change in 'C:\\Users\\ayush\\AppData\\Roaming\\Python\\Python312\\site-packages\\tensorflow\\python\\ops\\nccl_ops.py', reloading
 * Detected change in 'C:\\Users\\ayush\\AppData\\Roaming\\Python\\Python312\\site-packages\\tensorflow\\python\\ops\\optional_grad.py', reloading
 * Detected change in 'C:\\Users\\ayush\\AppData\\Roaming\\Python\\Python312\\site-packages\\tensorflow\\python\\ops\\parsing_grad.py', reloading
 * Detected change in 'C:\\Users\\ayush\\AppData\\Roaming\\Python\\Python312\\site-packages\\tensorflow\\python\\ops\\proto_ops.py', reloading
 * Detected change in 'C:\\Users\\ayush\\AppData\\Roaming\\Python\\Python312\\site-packages\\tensorflow\\python\\ops\\random_grad.py', reloading
 * Detected change in 'C:\\Users\\ayush\\AppData\\Roaming\\Python\\Python312\\site-packages\\tensorflow\\python\\ops\\rnn_grad.py', reloading
 * Detected change in 'C:\\Users\\ayush\\AppData\\Roaming\\Python\\Python312\\site-packages\\tensorflow\\python\\ops\\sdca_ops.py', reloading
 * Detected change in 'C:\\Users\\ayush\\AppData\\Roaming\\Python\\Python312\\site-packages\\tensorflow\\python\\ops\\sets_impl.py', reloading
 * Detected change in 'C:\\Users\\ayush\\AppData\\Roaming\\Python\\Python312\\site-packages\\tensorflow\\python\\ops\\sparse_grad.py', reloading
 * Detected change in 'C:\\Users\\ayush\\AppData\\Roaming\\Python\\Python312\\site-packages\\tensorflow\\python\\ops\\tensor_array_grad.py', reloading
 * Detected change in 'C:\\Users\\ayush\\AppData\\Roaming\\Python\\Python312\\site-packages\\tensorflow\\python\\ops\\linalg\\sparse\\sparse_csr_matrix_grad.py', reloading
 * Detected change in 'C:\\Users\\ayush\\AppData\\Roaming\\Python\\Python312\\site-packages\\tensorflow\\python\\ops\\signal\\fft_ops.py', reloading
 * Detected change in 'C:\\Users\\ayush\\AppData\\Roaming\\Python\\Python312\\site-packages\\tensorflow\\python\\training\\checkpoint_ops.py', reloading

============================================================
  advisor Web Interface
  Open http://localhost:5000 in your browser
  Press Ctrl+C to stop
============================================================

 * Restarting with watchdog (windowsapi)
 * Debugger is active!
 * Debugger PIN: 296-218-656
 * Detected change in 'C:\\Users\\ayush\\AppData\\Roaming\\Python\\Python312\\site-packages\\tensorflow\\python\\training\\queue_runner_impl.py', reloading

============================================================
  advisor Web Interface
  Open http://localhost:5000 in your browser
  Press Ctrl+C to stop
============================================================

 * Restarting with watchdog (windowsapi)
 * Debugger is active!
 * Debugger PIN: 296-218-656
 * Detected change in 'C:\\Users\\ayush\\AppData\\Roaming\\Python\\Python312\\site-packages\\tensorflow\\python\\debug\\lib\\debug_gradients.py', reloading
 * Detected change in 'C:\\Users\\ayush\\AppData\\Roaming\\Python\\Python312\\site-packages\\tensorflow\\python\\debug\\lib\\dumping_callback.py', reloading

============================================================
  advisor Web Interface
  Open http://localhost:5000 in your browser
  Press Ctrl+C to stop
============================================================

 * Restarting with watchdog (windowsapi)
 * Debugger is active!
 * Debugger PIN: 296-218-656
 * Detected change in 'C:\\Users\\ayush\\AppData\\Roaming\\Python\\Python312\\site-packages\\tensorflow\\lite\\experimental\\microfrontend\\python\\ops\\audio_microfrontend_op.py', reloading

============================================================
  advisor Web Interface
  Open http://localhost:5000 in your browser
  Press Ctrl+C to stop
============================================================

 * Restarting with watchdog (windowsapi)
 * Debugger is active!
 * Debugger PIN: 296-218-656
 * Detected change in 'E:\\nse-trade-advisor-v5\\nse-trade-advisor\\webapp.py', reloading
 * Detected change in 'E:\\nse-trade-advisor-v5\\nse-trade-advisor\\webapp.py.tmp.1896.4765de74f5fb', reloading

============================================================
  advisor Web Interface
  Open http://localhost:5000 in your browser
  Press Ctrl+C to stop
============================================================

 * Restarting with watchdog (windowsapi)
 * Debugger is active!
 * Debugger PIN: 296-218-656
 * Detected change in 'E:\\nse-trade-advisor-v5\\nse-trade-advisor\\rl_models\\nse_ppo_agent.zip', reloading
 * Detected change in 'E:\\nse-trade-advisor-v5\\nse-trade-advisor\\rl_models\\nse_ppo_agent.zip', reloading

============================================================
  advisor Web Interface
  Open http://localhost:5000 in your browser
  Press Ctrl+C to stop
============================================================

 * Restarting with watchdog (windowsapi)
 * Debugger is active!
 * Debugger PIN: 296-218-656
 * Detected change in 'E:\\nse-trade-advisor-v5\\nse-trade-advisor\\rl_agent.py', reloading
 * Detected change in 'E:\\nse-trade-advisor-v5\\nse-trade-advisor\\rl_agent.py.tmp.1896.65e2e4a25c85', reloading

============================================================
  advisor Web Interface
  Open http://localhost:5000 in your browser
  Press Ctrl+C to stop
============================================================

 * Restarting with watchdog (windowsapi)
 * Debugger is active!
 * Debugger PIN: 296-218-656
 * Detected change in 'E:\\nse-trade-advisor-v5\\nse-trade-advisor\\ingest_rag.py', reloading
 * Detected change in 'E:\\nse-trade-advisor-v5\\nse-trade-advisor\\ingest_rag.py.tmp.1896.608c46bcd096', reloading

============================================================
  advisor Web Interface
  Open http://localhost:5000 in your browser
  Press Ctrl+C to stop
============================================================

 * Restarting with watchdog (windowsapi)
 * Debugger is active!
 * Debugger PIN: 296-218-656
 * Detected change in 'E:\\nse-trade-advisor-v5\\nse-trade-advisor\\rl_agent.py', reloading
 * Detected change in 'E:\\nse-trade-advisor-v5\\nse-trade-advisor\\rl_agent.py.tmp.1896.a572c6d0bac8', reloading
 * Detected change in 'E:\\nse-trade-advisor-v5\\nse-trade-advisor\\ingest_rag.py', reloading
 * Detected change in 'E:\\nse-trade-advisor-v5\\nse-trade-advisor\\ingest_rag.py.tmp.1896.c01203031b37', reloading

============================================================
  advisor Web Interface
  Open http://localhost:5000 in your browser
  Press Ctrl+C to stop
============================================================

 * Restarting with watchdog (windowsapi)
 * Debugger is active!
 * Debugger PIN: 296-218-656
 * Detected change in 'E:\\nse-trade-advisor-v5\\nse-trade-advisor\\rl_agent.py', reloading
 * Detected change in 'E:\\nse-trade-advisor-v5\\nse-trade-advisor\\rl_agent.py.tmp.1896.34db457264fb', reloading

============================================================
  advisor Web Interface
  Open http://localhost:5000 in your browser
  Press Ctrl+C to stop
============================================================

 * Restarting with watchdog (windowsapi)
 * Debugger is active!
 * Debugger PIN: 296-218-656
 * Detected change in 'E:\\nse-trade-advisor-v5\\nse-trade-advisor\\rl_agent.py', reloading
 * Detected change in 'E:\\nse-trade-advisor-v5\\nse-trade-advisor\\rl_agent.py.tmp.1896.782d77e5408a', reloading

============================================================
  advisor Web Interface
  Open http://localhost:5000 in your browser
  Press Ctrl+C to stop
============================================================

 * Restarting with watchdog (windowsapi)
 * Debugger is active!
 * Debugger PIN: 296-218-656
 * Detected change in 'E:\\nse-trade-advisor-v5\\nse-trade-advisor\\rl_agent.py', reloading
 * Detected change in 'E:\\nse-trade-advisor-v5\\nse-trade-advisor\\rl_agent.py.tmp.1896.d4f1ebddaabe', reloading

============================================================
  advisor Web Interface
  Open http://localhost:5000 in your browser
  Press Ctrl+C to stop
============================================================

 * Restarting with watchdog (windowsapi)
 * Debugger is active!
 * Debugger PIN: 296-218-656
 * Detected change in 'E:\\nse-trade-advisor-v5\\nse-trade-advisor\\rl_agent.py', reloading
 * Detected change in 'E:\\nse-trade-advisor-v5\\nse-trade-advisor\\rl_agent.py.tmp.1896.85f6bff2de2c', reloading

============================================================
  advisor Web Interface
  Open http://localhost:5000 in your browser
  Press Ctrl+C to stop
============================================================

 * Restarting with watchdog (windowsapi)
 * Debugger is active!
 * Debugger PIN: 296-218-656
 * Detected change in 'E:\\nse-trade-advisor-v5\\nse-trade-advisor\\rl_agent.py', reloading
 * Detected change in 'E:\\nse-trade-advisor-v5\\nse-trade-advisor\\rl_agent.py.tmp.1896.f6740cb3838d', reloading

============================================================
  advisor Web Interface
  Open http://localhost:5000 in your browser
  Press Ctrl+C to stop
============================================================

 * Restarting with watchdog (windowsapi)
 * Debugger is active!
 * Debugger PIN: 296-218-656
 * Detected change in 'E:\\nse-trade-advisor-v5\\nse-trade-advisor\\rl_agent.py', reloading
 * Detected change in 'E:\\nse-trade-advisor-v5\\nse-trade-advisor\\rl_agent.py.tmp.1896.48ed36995420', reloading

============================================================
  advisor Web Interface
  Open http://localhost:5000 in your browser
  Press Ctrl+C to stop
============================================================

 * Restarting with watchdog (windowsapi)
 * Debugger is active!
 * Debugger PIN: 296-218-656
127.0.0.1 - - [24/Jul/2026 13:49:40] "GET /api/scan/status HTTP/1.1" 200 -
 * Detected change in 'E:\\nse-trade-advisor-v5\\nse-trade-advisor\\rl_agent.py', reloading
 * Detected change in 'E:\\nse-trade-advisor-v5\\nse-trade-advisor\\rl_agent.py.tmp.1896.b717ba9319a3', reloading

============================================================
  advisor Web Interface
  Open http://localhost:5000 in your browser
  Press Ctrl+C to stop
============================================================

 * Restarting with watchdog (windowsapi)
 * Debugger is active!
 * Debugger PIN: 296-218-656
 * Detected change in 'E:\\nse-trade-advisor-v5\\nse-trade-advisor\\ingest_rag.py', reloading
 * Detected change in 'E:\\nse-trade-advisor-v5\\nse-trade-advisor\\ingest_rag.py.tmp.1896.cd4a9e4b67cc', reloading

============================================================
  advisor Web Interface
  Open http://localhost:5000 in your browser
  Press Ctrl+C to stop
============================================================

 * Restarting with watchdog (windowsapi)
 * Debugger is active!
 * Debugger PIN: 296-218-656
127.0.0.1 - - [24/Jul/2026 13:49:58] "GET /api/scan/status HTTP/1.1" 200 -
E:\nse-trade-advisor-v5\nse-trade-advisor\webapp.py:243: DeprecationWarning: datetime.datetime.utcnow() is deprecated and scheduled for removal in a future version. Use timezone-aware objects to represent datetimes in UTC: datetime.datetime.now(datetime.UTC).
  ist = datetime.utcnow() + timedelta(hours=5, minutes=30)
127.0.0.1 - - [24/Jul/2026 13:50:00] "GET /api/ticker HTTP/1.1" 200 -
 * Detected change in 'E:\\nse-trade-advisor-v5\\nse-trade-advisor\\webapp.py', reloading
 * Detected change in 'E:\\nse-trade-advisor-v5\\nse-trade-advisor\\webapp.py.tmp.1896.f7656ec3dda0', reloading

============================================================
  advisor Web Interface
  Open http://localhost:5000 in your browser
  Press Ctrl+C to stop
============================================================

 * Restarting with watchdog (windowsapi)
 * Debugger is active!
 * Debugger PIN: 296-218-656
 * Detected change in 'E:\\nse-trade-advisor-v5\\nse-trade-advisor\\webapp.py', reloading
 * Detected change in 'E:\\nse-trade-advisor-v5\\nse-trade-advisor\\webapp.py.tmp.1896.8c1cdbdf0a20', reloading

============================================================
  advisor Web Interface
  Open http://localhost:5000 in your browser
  Press Ctrl+C to stop
============================================================

 * Restarting with watchdog (windowsapi)
 * Debugger is active!
 * Debugger PIN: 296-218-656
127.0.0.1 - - [24/Jul/2026 13:50:57] "GET /api/scan/status HTTP/1.1" 200 -
E:\nse-trade-advisor-v5\nse-trade-advisor\webapp.py:258: DeprecationWarning: datetime.datetime.utcnow() is deprecated and scheduled for removal in a future version. Use timezone-aware objects to represent datetimes in UTC: datetime.datetime.now(datetime.UTC).
  ist = datetime.utcnow() + timedelta(hours=5, minutes=30)
127.0.0.1 - - [24/Jul/2026 13:51:00] "GET /api/ticker HTTP/1.1" 200 -
 * Detected change in 'E:\\nse-trade-advisor-v5\\nse-trade-advisor\\ingest_rag.py', reloading
 * Detected change in 'E:\\nse-trade-advisor-v5\\nse-trade-advisor\\ingest_rag.py.tmp.1896.5e9766d737b9', reloading

============================================================
  advisor Web Interface
  Open http://localhost:5000 in your browser
  Press Ctrl+C to stop
============================================================

 * Restarting with watchdog (windowsapi)
 * Debugger is active!
 * Debugger PIN: 296-218-656
127.0.0.1 - - [24/Jul/2026 13:51:57] "GET /api/scan/status HTTP/1.1" 200 -
E:\nse-trade-advisor-v5\nse-trade-advisor\webapp.py:258: DeprecationWarning: datetime.datetime.utcnow() is deprecated and scheduled for removal in a future version. Use timezone-aware objects to represent datetimes in UTC: datetime.datetime.now(datetime.UTC).
  ist = datetime.utcnow() + timedelta(hours=5, minutes=30)
127.0.0.1 - - [24/Jul/2026 13:52:01] "GET /api/ticker HTTP/1.1" 200 -
 * Detected change in 'E:\\nse-trade-advisor-v5\\nse-trade-advisor\\ingest_rag.py', reloading
 * Detected change in 'E:\\nse-trade-advisor-v5\\nse-trade-advisor\\ingest_rag.py.tmp.1896.00ed28bbc72b', reloading

============================================================
  advisor Web Interface
  Open http://localhost:5000 in your browser
  Press Ctrl+C to stop
============================================================

 * Restarting with watchdog (windowsapi)
 * Debugger is active!
 * Debugger PIN: 296-218-656
 * Detected change in 'E:\\nse-trade-advisor-v5\\nse-trade-advisor\\rl_models\\nse_ppo_agent.zip', reloading
 * Detected change in 'E:\\nse-trade-advisor-v5\\nse-trade-advisor\\rl_models\\nse_ppo_agent.zip', reloading
127.0.0.1 - - [24/Jul/2026 13:53:09] "GET /api/scan/status HTTP/1.1" 200 -

============================================================
  advisor Web Interface
  Open http://localhost:5000 in your browser
  Press Ctrl+C to stop
============================================================

 * Restarting with watchdog (windowsapi)
 * Debugger is active!
 * Debugger PIN: 296-218-656
127.0.0.1 - - [24/Jul/2026 13:53:57] "GET /api/scan/status HTTP/1.1" 200 -
E:\nse-trade-advisor-v5\nse-trade-advisor\webapp.py:258: DeprecationWarning: datetime.datetime.utcnow() is deprecated and scheduled for removal in a future version. Use timezone-aware objects to represent datetimes in UTC: datetime.datetime.now(datetime.UTC).
  ist = datetime.utcnow() + timedelta(hours=5, minutes=30)
127.0.0.1 - - [24/Jul/2026 13:54:02] "GET /api/ticker HTTP/1.1" 200 -
 * Detected change in 'C:\\Users\\ayush\\AppData\\Roaming\\Python\\Python312\\site-packages\\flask\\app.py', reloading
 * Detected change in 'C:\\Users\\ayush\\AppData\\Roaming\\Python\\Python312\\site-packages\\werkzeug\\test.py', reloading

============================================================
  advisor Web Interface
  Open http://localhost:5000 in your browser
  Press Ctrl+C to stop
============================================================

 * Restarting with watchdog (windowsapi)
 * Debugger is active!
 * Debugger PIN: 296-218-656
127.0.0.1 - - [24/Jul/2026 13:54:48] "GET /api/rag/stats HTTP/1.1" 200 -
127.0.0.1 - - [24/Jul/2026 13:54:57] "GET /api/scan/status HTTP/1.1" 200 -
E:\nse-trade-advisor-v5\nse-trade-advisor\webapp.py:258: DeprecationWarning: datetime.datetime.utcnow() is deprecated and scheduled for removal in a future version. Use timezone-aware objects to represent datetimes in UTC: datetime.datetime.now(datetime.UTC).
  ist = datetime.utcnow() + timedelta(hours=5, minutes=30)
127.0.0.1 - - [24/Jul/2026 13:54:59] "GET /api/ticker HTTP/1.1" 200 -
 * Detected change in 'C:\\Program Files\\Python312\\Lib\\threading.py', reloading

============================================================
  advisor Web Interface
  Open http://localhost:5000 in your browser
  Press Ctrl+C to stop
============================================================

 * Restarting with watchdog (windowsapi)
 * Debugger is active!
 * Debugger PIN: 296-218-656
127.0.0.1 - - [24/Jul/2026 13:55:57] "GET /api/scan/status HTTP/1.1" 200 -
E:\nse-trade-advisor-v5\nse-trade-advisor\webapp.py:258: DeprecationWarning: datetime.datetime.utcnow() is deprecated and scheduled for removal in a future version. Use timezone-aware objects to represent datetimes in UTC: datetime.datetime.now(datetime.UTC).
  ist = datetime.utcnow() + timedelta(hours=5, minutes=30)
127.0.0.1 - - [24/Jul/2026 13:56:01] "GET /api/ticker HTTP/1.1" 200 -
 * Detected change in 'E:\\nse-trade-advisor-v5\\nse-trade-advisor\\rl_models\\nse_ppo_agent.zip', reloading
 * Detected change in 'E:\\nse-trade-advisor-v5\\nse-trade-advisor\\rl_models\\nse_ppo_agent.zip', reloading

============================================================
  advisor Web Interface
  Open http://localhost:5000 in your browser
  Press Ctrl+C to stop
============================================================

 * Restarting with watchdog (windowsapi)
 * Debugger is active!
 * Debugger PIN: 296-218-656
127.0.0.1 - - [24/Jul/2026 13:56:57] "GET /api/scan/status HTTP/1.1" 200 -
E:\nse-trade-advisor-v5\nse-trade-advisor\webapp.py:258: DeprecationWarning: datetime.datetime.utcnow() is deprecated and scheduled for removal in a future version. Use timezone-aware objects to represent datetimes in UTC: datetime.datetime.now(datetime.UTC).
  ist = datetime.utcnow() + timedelta(hours=5, minutes=30)
127.0.0.1 - - [24/Jul/2026 13:57:00] "GET /api/ticker HTTP/1.1" 200 -
127.0.0.1 - - [24/Jul/2026 13:57:13] "GET /api/rl/train_status HTTP/1.1" 200 -
 * Detected change in 'C:\\Users\\ayush\\AppData\\Roaming\\Python\\Python312\\site-packages\\werkzeug\\debug\\__init__.py', reloading
 * Detected change in 'C:\\Users\\ayush\\AppData\\Roaming\\Python\\Python312\\site-packages\\werkzeug\\serving.py', reloading
 * Detected change in 'C:\\Program Files\\Python312\\Lib\\http\\server.py', reloading
 * Detected change in 'C:\\Program Files\\Python312\\Lib\\socketserver.py', reloading

============================================================
  advisor Web Interface
  Open http://localhost:5000 in your browser
  Press Ctrl+C to stop
============================================================

 * Restarting with watchdog (windowsapi)
 * Debugger is active!
 * Debugger PIN: 296-218-656
2026-07-24 13:57:47.237758: I tensorflow/core/util/port.cc:153] oneDNN custom operations are on. You may see slightly different numerical results due to floating-point round-off errors from different computation orders. To turn them off, set the environment variable `TF_ENABLE_ONEDNN_OPTS=0`.
127.0.0.1 - - [24/Jul/2026 13:57:57] "GET /api/scan/status HTTP/1.1" 200 -
E:\nse-trade-advisor-v5\nse-trade-advisor\webapp.py:258: DeprecationWarning: datetime.datetime.utcnow() is deprecated and scheduled for removal in a future version. Use timezone-aware objects to represent datetimes in UTC: datetime.datetime.now(datetime.UTC).
  ist = datetime.utcnow() + timedelta(hours=5, minutes=30)
127.0.0.1 - - [24/Jul/2026 13:57:58] "GET /api/ticker HTTP/1.1" 200 -
C:\Users\ayush\AppData\Roaming\Python\Python312\site-packages\gymnasium\spaces\box.py:231: UserWarning: [33mWARN: Box low's precision lowered by casting to float32, current low.dtype=float64[0m
  gym.logger.warn(
C:\Users\ayush\AppData\Roaming\Python\Python312\site-packages\gymnasium\spaces\box.py:297: UserWarning: [33mWARN: Box high's precision lowered by casting to float32, current high.dtype=float64[0m
  gym.logger.warn(
127.0.0.1 - - [24/Jul/2026 13:58:21] "GET /api/rl_opinion/RELIANCE HTTP/1.1" 200 -
127.0.0.1 - - [24/Jul/2026 13:58:56] "GET /api/scan/status HTTP/1.1" 200 -
E:\nse-trade-advisor-v5\nse-trade-advisor\webapp.py:258: DeprecationWarning: datetime.datetime.utcnow() is deprecated and scheduled for removal in a future version. Use timezone-aware objects to represent datetimes in UTC: datetime.datetime.now(datetime.UTC).
  ist = datetime.utcnow() + timedelta(hours=5, minutes=30)
127.0.0.1 - - [24/Jul/2026 13:58:57] "GET /api/ticker HTTP/1.1" 200 -
127.0.0.1 - - [24/Jul/2026 13:59:03] "GET /api/scan/status HTTP/1.1" 200 -
127.0.0.1 - - [24/Jul/2026 13:59:56] "GET /api/scan/status HTTP/1.1" 200 -
127.0.0.1 - - [24/Jul/2026 13:59:57] "GET /api/scan/status HTTP/1.1" 200 -
E:\nse-trade-advisor-v5\nse-trade-advisor\webapp.py:258: DeprecationWarning: datetime.datetime.utcnow() is deprecated and scheduled for removal in a future version. Use timezone-aware objects to represent datetimes in UTC: datetime.datetime.now(datetime.UTC).
  ist = datetime.utcnow() + timedelta(hours=5, minutes=30)
127.0.0.1 - - [24/Jul/2026 13:59:58] "GET /api/ticker HTTP/1.1" 200 -
127.0.0.1 - - [24/Jul/2026 13:59:58] "GET /api/ticker HTTP/1.1" 200 -
127.0.0.1 - - [24/Jul/2026 14:00:57] "GET /api/scan/status HTTP/1.1" 200 -
127.0.0.1 - - [24/Jul/2026 14:00:57] "GET /api/scan/status HTTP/1.1" 200 -
E:\nse-trade-advisor-v5\nse-trade-advisor\webapp.py:258: DeprecationWarning: datetime.datetime.utcnow() is deprecated and scheduled for removal in a future version. Use timezone-aware objects to represent datetimes in UTC: datetime.datetime.now(datetime.UTC).
  ist = datetime.utcnow() + timedelta(hours=5, minutes=30)
127.0.0.1 - - [24/Jul/2026 14:00:57] "GET /api/ticker HTTP/1.1" 200 -
127.0.0.1 - - [24/Jul/2026 14:00:57] "GET /api/ticker HTTP/1.1" 200 -
127.0.0.1 - - [24/Jul/2026 14:01:57] "GET /api/scan/status HTTP/1.1" 200 -
127.0.0.1 - - [24/Jul/2026 14:01:57] "GET /api/scan/status HTTP/1.1" 200 -
E:\nse-trade-advisor-v5\nse-trade-advisor\webapp.py:258: DeprecationWarning: datetime.datetime.utcnow() is deprecated and scheduled for removal in a future version. Use timezone-aware objects to represent datetimes in UTC: datetime.datetime.now(datetime.UTC).
  ist = datetime.utcnow() + timedelta(hours=5, minutes=30)
127.0.0.1 - - [24/Jul/2026 14:01:58] "GET /api/ticker HTTP/1.1" 200 -
127.0.0.1 - - [24/Jul/2026 14:01:58] "GET /api/ticker HTTP/1.1" 200 -
127.0.0.1 - - [24/Jul/2026 14:02:57] "GET /api/scan/status HTTP/1.1" 200 -
127.0.0.1 - - [24/Jul/2026 14:02:57] "GET /api/scan/status HTTP/1.1" 200 -
E:\nse-trade-advisor-v5\nse-trade-advisor\webapp.py:258: DeprecationWarning: datetime.datetime.utcnow() is deprecated and scheduled for removal in a future version. Use timezone-aware objects to represent datetimes in UTC: datetime.datetime.now(datetime.UTC).
  ist = datetime.utcnow() + timedelta(hours=5, minutes=30)
127.0.0.1 - - [24/Jul/2026 14:02:58] "GET /api/ticker HTTP/1.1" 200 -
127.0.0.1 - - [24/Jul/2026 14:02:58] "GET /api/ticker HTTP/1.1" 200 -
127.0.0.1 - - [24/Jul/2026 14:02:59] "GET /api/scan/status HTTP/1.1" 200 -
127.0.0.1 - - [24/Jul/2026 14:02:59] "GET /api/ticker HTTP/1.1" 200 -
 * Detected change in 'C:\\Users\\ayush\\AppData\\Roaming\\Python\\Python312\\site-packages\\quantstats\\__init__.py', reloading
 * Detected change in 'C:\\Users\\ayush\\AppData\\Roaming\\Python\\Python312\\site-packages\\quantstats\\__init__.py', reloading
 * Detected change in 'C:\\Users\\ayush\\AppData\\Roaming\\Python\\Python312\\site-packages\\quantstats\\__init__.py', reloading
 * Detected change in 'C:\\Users\\ayush\\AppData\\Roaming\\Python\\Python312\\site-packages\\quantstats\\_compat.py', reloading
 * Detected change in 'C:\\Users\\ayush\\AppData\\Roaming\\Python\\Python312\\site-packages\\quantstats\\_compat.py', reloading
 * Detected change in 'C:\\Users\\ayush\\AppData\\Roaming\\Python\\Python312\\site-packages\\quantstats\\_montecarlo.py', reloading
 * Detected change in 'C:\\Users\\ayush\\AppData\\Roaming\\Python\\Python312\\site-packages\\quantstats\\_montecarlo.py', reloading
 * Detected change in 'C:\\Users\\ayush\\AppData\\Roaming\\Python\\Python312\\site-packages\\quantstats\\_numpy_compat.py', reloading
 * Detected change in 'C:\\Users\\ayush\\AppData\\Roaming\\Python\\Python312\\site-packages\\quantstats\\_numpy_compat.py', reloading
 * Detected change in 'C:\\Users\\ayush\\AppData\\Roaming\\Python\\Python312\\site-packages\\quantstats\\plots.py', reloading
 * Detected change in 'C:\\Users\\ayush\\AppData\\Roaming\\Python\\Python312\\site-packages\\quantstats\\plots.py', reloading
 * Detected change in 'C:\\Users\\ayush\\AppData\\Roaming\\Python\\Python312\\site-packages\\quantstats\\reports.py', reloading
 * Detected change in 'C:\\Users\\ayush\\AppData\\Roaming\\Python\\Python312\\site-packages\\quantstats\\reports.py', reloading
 * Detected change in 'C:\\Users\\ayush\\AppData\\Roaming\\Python\\Python312\\site-packages\\quantstats\\stats.py', reloading
 * Detected change in 'C:\\Users\\ayush\\AppData\\Roaming\\Python\\Python312\\site-packages\\quantstats\\stats.py', reloading
 * Detected change in 'C:\\Users\\ayush\\AppData\\Roaming\\Python\\Python312\\site-packages\\quantstats\\utils.py', reloading
 * Detected change in 'C:\\Users\\ayush\\AppData\\Roaming\\Python\\Python312\\site-packages\\quantstats\\utils.py', reloading
 * Detected change in 'C:\\Users\\ayush\\AppData\\Roaming\\Python\\Python312\\site-packages\\quantstats\\version.py', reloading
 * Detected change in 'C:\\Users\\ayush\\AppData\\Roaming\\Python\\Python312\\site-packages\\quantstats\\version.py', reloading
 * Detected change in 'C:\\Users\\ayush\\AppData\\Roaming\\Python\\Python312\\site-packages\\quantstats\\_plotting\\core.py', reloading
 * Detected change in 'C:\\Users\\ayush\\AppData\\Roaming\\Python\\Python312\\site-packages\\quantstats\\_plotting\\wrappers.py', reloading
 * Detected change in 'C:\\Users\\ayush\\AppData\\Roaming\\Python\\Python312\\site-packages\\quantstats\\_plotting\\__init__.py', reloading
 * Detected change in 'C:\\Users\\ayush\\AppData\\Roaming\\Python\\Python312\\site-packages\\quantstats\\_plotting\\__init__.py', reloading
 * Detected change in 'C:\\Users\\ayush\\AppData\\Roaming\\Python\\Python312\\site-packages\\quantstats\\_plotting\\core.py', reloading
 * Detected change in 'C:\\Users\\ayush\\AppData\\Roaming\\Python\\Python312\\site-packages\\quantstats\\_plotting\\core.py', reloading
 * Detected change in 'C:\\Users\\ayush\\AppData\\Roaming\\Python\\Python312\\site-packages\\quantstats\\_plotting\\wrappers.py', reloading
 * Detected change in 'C:\\Users\\ayush\\AppData\\Roaming\\Python\\Python312\\site-packages\\quantstats\\_plotting\\wrappers.py', reloading

============================================================
  advisor Web Interface
  Open http://localhost:5000 in your browser
  Press Ctrl+C to stop
============================================================

 * Restarting with watchdog (windowsapi)
 * Debugger is active!
 * Debugger PIN: 296-218-656
 * Detected change in 'E:\\nse-trade-advisor-v5\\nse-trade-advisor\\advisor\\bt_engine.py', reloading
 * Detected change in 'E:\\nse-trade-advisor-v5\\nse-trade-advisor\\advisor\\bt_engine.py.tmp.1896.1847b9ed5236', reloading

============================================================
  advisor Web Interface
  Open http://localhost:5000 in your browser
  Press Ctrl+C to stop
============================================================

 * Restarting with watchdog (windowsapi)
 * Debugger is active!
 * Debugger PIN: 296-218-656
127.0.0.1 - - [24/Jul/2026 14:03:58] "GET /api/scan/status HTTP/1.1" 200 -
127.0.0.1 - - [24/Jul/2026 14:03:58] "GET /api/scan/status HTTP/1.1" 200 -
127.0.0.1 - - [24/Jul/2026 14:03:58] "GET /api/scan/status HTTP/1.1" 200 -
E:\nse-trade-advisor-v5\nse-trade-advisor\webapp.py:258: DeprecationWarning: datetime.datetime.utcnow() is deprecated and scheduled for removal in a future version. Use timezone-aware objects to represent datetimes in UTC: datetime.datetime.now(datetime.UTC).
  ist = datetime.utcnow() + timedelta(hours=5, minutes=30)
127.0.0.1 - - [24/Jul/2026 14:04:00] "GET /api/ticker HTTP/1.1" 200 -
127.0.0.1 - - [24/Jul/2026 14:04:01] "GET /api/ticker HTTP/1.1" 200 -
127.0.0.1 - - [24/Jul/2026 14:04:01] "GET /api/ticker HTTP/1.1" 200 -
 * Detected change in 'E:\\nse-trade-advisor-v5\\nse-trade-advisor\\advisor\\bt_engine.py', reloading
 * Detected change in 'E:\\nse-trade-advisor-v5\\nse-trade-advisor\\advisor\\bt_engine.py.tmp.1896.a1330d09958c', reloading

============================================================
  advisor Web Interface
  Open http://localhost:5000 in your browser
  Press Ctrl+C to stop
============================================================

 * Restarting with watchdog (windowsapi)
 * Debugger is active!
 * Debugger PIN: 296-218-656
 * Detected change in 'E:\\nse-trade-advisor-v5\\nse-trade-advisor\\webapp.py', reloading
 * Detected change in 'E:\\nse-trade-advisor-v5\\nse-trade-advisor\\webapp.py.tmp.1896.b28f3a01a1c2', reloading

============================================================
  advisor Web Interface
  Open http://localhost:5000 in your browser
  Press Ctrl+C to stop
============================================================

 * Restarting with watchdog (windowsapi)
 * Debugger is active!
 * Debugger PIN: 296-218-656
 * Detected change in 'E:\\nse-trade-advisor-v5\\nse-trade-advisor\\advisor\\tearsheet.py.tmp.1896.0d6d39cbec15', reloading

============================================================
  advisor Web Interface
  Open http://localhost:5000 in your browser
  Press Ctrl+C to stop
============================================================

 * Restarting with watchdog (windowsapi)
 * Debugger is active!
 * Debugger PIN: 296-218-656
127.0.0.1 - - [24/Jul/2026 14:04:57] "GET /api/scan/status HTTP/1.1" 200 -
127.0.0.1 - - [24/Jul/2026 14:04:57] "GET /api/scan/status HTTP/1.1" 200 -
127.0.0.1 - - [24/Jul/2026 14:04:57] "GET /api/scan/status HTTP/1.1" 200 -
E:\nse-trade-advisor-v5\nse-trade-advisor\webapp.py:258: DeprecationWarning: datetime.datetime.utcnow() is deprecated and scheduled for removal in a future version. Use timezone-aware objects to represent datetimes in UTC: datetime.datetime.now(datetime.UTC).
  ist = datetime.utcnow() + timedelta(hours=5, minutes=30)
127.0.0.1 - - [24/Jul/2026 14:04:59] "GET /api/ticker HTTP/1.1" 200 -
127.0.0.1 - - [24/Jul/2026 14:04:59] "GET /api/ticker HTTP/1.1" 200 -
127.0.0.1 - - [24/Jul/2026 14:05:00] "GET /api/ticker HTTP/1.1" 200 -
 * Detected change in 'E:\\nse-trade-advisor-v5\\nse-trade-advisor\\webapp.py', reloading
 * Detected change in 'E:\\nse-trade-advisor-v5\\nse-trade-advisor\\webapp.py.tmp.1896.354b638f2599', reloading

============================================================
  advisor Web Interface
  Open http://localhost:5000 in your browser
  Press Ctrl+C to stop
============================================================

 * Restarting with watchdog (windowsapi)
 * Debugger is active!
 * Debugger PIN: 296-218-656
 * Detected change in 'E:\\nse-trade-advisor-v5\\nse-trade-advisor\\webapp.py', reloading
 * Detected change in 'E:\\nse-trade-advisor-v5\\nse-trade-advisor\\webapp.py.tmp.1896.24c1d55389ee', reloading

============================================================
  advisor Web Interface
  Open http://localhost:5000 in your browser
  Press Ctrl+C to stop
============================================================

 * Restarting with watchdog (windowsapi)
 * Debugger is active!
 * Debugger PIN: 296-218-656
127.0.0.1 - - [24/Jul/2026 14:05:57] "GET /api/scan/status HTTP/1.1" 200 -
127.0.0.1 - - [24/Jul/2026 14:05:57] "GET /api/scan/status HTTP/1.1" 200 -
127.0.0.1 - - [24/Jul/2026 14:05:57] "GET /api/scan/status HTTP/1.1" 200 -
E:\nse-trade-advisor-v5\nse-trade-advisor\webapp.py:258: DeprecationWarning: datetime.datetime.utcnow() is deprecated and scheduled for removal in a future version. Use timezone-aware objects to represent datetimes in UTC: datetime.datetime.now(datetime.UTC).
  ist = datetime.utcnow() + timedelta(hours=5, minutes=30)
127.0.0.1 - - [24/Jul/2026 14:05:59] "GET /api/ticker HTTP/1.1" 200 -
127.0.0.1 - - [24/Jul/2026 14:05:59] "GET /api/ticker HTTP/1.1" 200 -
127.0.0.1 - - [24/Jul/2026 14:06:00] "GET /api/ticker HTTP/1.1" 200 -
127.0.0.1 - - [24/Jul/2026 14:06:33] "GET /tearsheet HTTP/1.1" 200 -
127.0.0.1 - - [24/Jul/2026 14:06:43] "GET /api/tearsheet/generate HTTP/1.1" 200 -
127.0.0.1 - - [24/Jul/2026 14:06:44] "GET /tearsheet/view HTTP/1.1" 200 -
127.0.0.1 - - [24/Jul/2026 14:06:52] "GET /tearsheet/view HTTP/1.1" 200 -
127.0.0.1 - - [24/Jul/2026 14:06:52] "GET /history HTTP/1.1" 200 -
127.0.0.1 - - [24/Jul/2026 14:06:57] "GET /api/scan/status HTTP/1.1" 200 -
127.0.0.1 - - [24/Jul/2026 14:06:57] "GET /api/scan/status HTTP/1.1" 200 -
127.0.0.1 - - [24/Jul/2026 14:06:57] "GET /api/scan/status HTTP/1.1" 200 -
127.0.0.1 - - [24/Jul/2026 14:06:57] "GET /api/ticker HTTP/1.1" 200 -
127.0.0.1 - - [24/Jul/2026 14:06:57] "GET /api/ticker HTTP/1.1" 200 -
127.0.0.1 - - [24/Jul/2026 14:06:58] "GET /api/ticker HTTP/1.1" 200 -
127.0.0.1 - - [24/Jul/2026 14:07:22] "GET /backtest/walkforward/RELIANCE HTTP/1.1" 200 -
127.0.0.1 - - [24/Jul/2026 14:07:22] "GET /backtest/optimize/RELIANCE HTTP/1.1" 200 -
127.0.0.1 - - [24/Jul/2026 14:07:22] "GET /backtest/optimize/RELIANCE HTTP/1.1" 200 -
127.0.0.1 - - [24/Jul/2026 14:07:30] "GET /api/scan/status HTTP/1.1" 200 -
