Date,open,high,low,close,volume,sma_20,sma_50,sma_200,ema_20,rsi_14,macd,macd_signal,macd_hist,bb_upper,bb_mid,bb_lower,bb_width,atr_14,atr_pct,adx_14,plus_di,minus_di,obv,avg_volume_20,recent_high_20,recent_low_20,recent_high_52w,recent_low_52w
2021-06-22,740.1097236436952,745.8855945964464,733.9852715517518,736.2756958007812,6727233,,,,736.2756958007812,,0.0,0.0,0.0,,,,,,,,,,0.0,,,,,
2021-06-23,740.1097928664143,740.6574938148095,727.761327648583,729.3048706054688,6154147,,,,735.611807686942,,-0.5560772235576223,-0.11121544471152447,-0.4448617788460979,,,,,,,,,,-6154147.0,,,,,
2021-06-24,732.8401127947354,739.8607863617929,728.0600228260957,736.0765991210938,5313822,,,,735.6560735378137,,-0.4452183322375731,-0.1780160222167342,-0.26720231002083894,,,,,,,,,,-840325.0,,,,,
2021-06-25,734.4832973594375,762.7652361052415,734.4832973594375,758.184326171875,11170037,,,,737.8016214077243,,1.4102900035569519,0.139645182938003,1.270644820618949,,,,,,,,,,10329712.0,,,,,
2021-06-28,761.3709431359562,766.3999327771132,754.5992300996496,759.2299194335938,7672743,,,,739.8424116959023,,2.9313733188201923,0.6979908101144409,2.2333825087057515,,,,,,,,,,18002455.0,,,,,
2021-06-29,757.8357217225494,760.3751065313118,746.9312402458263,748.8233642578125,7500655,,,,740.6977405113224,,3.2595467475957776,1.2103019976107083,2.0492447499850694,,,,,,,,,,10501800.0,,,,,
2021-06-30,749.3710860481526,757.3378218466712,743.4458141417304,745.1885375976562,5459970,,,,741.1254354719257,,3.1895591676485537,1.6061534316182775,1.5834057360302762,,,,,,,,,,5041830.0,,,,,
2021-07-01,746.88154061252,751.2632699633302,741.4044093146948,743.3463134765625,5695690,,,,741.3369476628435,,2.951419291446996,1.8752066035840214,1.0762126878629745,,,,,,,,,,-653860.0,,,,,
2021-07-02,744.4914419215504,749.7196123304977,740.906435096535,747.52880859375,3557647,,,,741.9266487038823,,3.0648543916180415,2.1131361611908255,0.951718230427216,,,,,,,,,,2903787.0,,,,,
2021-07-05,753.9519291336045,758.831579085944,750.2673624796743,757.1884155273438,4680089,,,,743.3801503061167,,3.8893678648978494,2.4683825019322305,1.4209853629656188,,,,,,,,,,7583876.0,,,,,
2021-07-06,753.8524149189935,763.8108351953342,752.0599114255269,755.19677734375,5529485,,,,744.5055433573198,,4.332153803791698,2.8411367623041244,1.4910170414875736,,,,,,,,,,2054391.0,,,,,
2021-07-07,752.7570110976264,760.8233071885155,749.1221633934041,759.7279052734375,3573368,,,,745.9552921112358,,4.991154088725807,3.271140227588461,1.7200138611373461,,,,,,,,,,5627759.0,,,,,
2021-07-08,756.8398741433112,763.9601683244437,748.5743982003883,751.26318359375,4188267,,,,746.460805585761,,4.775337151320514,3.5719796123348715,1.2033575389856423,,,,,,,,,,1439492.0,,,,,
2021-07-09,748.873120862762,749.7694028997456,737.1719783492813,744.242431640625,5782119,,,,746.2495318767004,,3.991770025738674,3.6559376950156324,0.33583233072304175,,,,,13.351401390610501,0.017939586380715175,,23.415000811859514,18.32707924770713,-4342627.0,,,,,
2021-07-12,749.3710898339368,754.6490401708452,745.1885413623104,750.4664916992188,4475466,,,,746.6511470978927,57.48034536055276,3.828880116914206,3.690526179395347,0.13835393751885894,,,,,13.141059043439764,0.017510520707840746,,24.74286171777824,17.290400791477758,132839.0,,,,,
2021-07-13,755.8440233614782,769.7858103536531,751.8606556494283,767.545166015625,9810976,,,,748.6410536614862,64.38599508236875,5.020027226501156,3.956426388816509,1.063600837684647,,,,,13.58236330136795,0.01769584892557509,,30.189324927630285,15.533717430743536,9943815.0,,,,,
2021-07-14,767.7444266725364,770.2340317523608,760.8233123943496,766.84814453125,5621924,,,,750.3750623157495,63.929649519646816,5.8404510004837675,4.333231311149961,1.5072196893338061,,,,,13.284388733985324,0.017323362948352246,,28.90273890214857,14.747706452774045,4321891.0,,,,,
2021-07-15,767.2963045250137,775.014080462806,763.3129362990566,770.93115234375,4239868,,,,752.332785175559,65.4733927093845,6.742385338356485,4.815062116591266,1.927323221765219,,,,,13.171299836111329,0.017084923596703206,,29.660933711875025,13.811878221068042,8561759.0,,,,,
2021-07-16,772.7734744535646,772.7734744535646,763.362754393183,767.9436645507812,2913553,,,,753.8195355922468,63.337420125704384,7.133874635673919,5.278824620407796,1.855050015266123,,,,,12.902686994987782,0.016801606147158435,,28.1156811388455,13.092317583941806,5648206.0,,,,,
2021-07-19,749.1719094335947,763.4622783161013,746.4831239311917,752.0598754882812,5554486,752.3685821533203,,,753.6519489156786,53.36849297345705,6.092216414789618,5.441502979284161,0.6507134355054571,774.6831016107913,752.3685821533203,730.0540626958493,0.05931805231315104,13.51396225388791,0.017969263743945727,,24.92650482204326,20.529043322272123,93720.0,,775.014080462806,727.761327648583,,
2021-07-20,751.8607701945136,752.0599507667346,741.1056878897284,742.6492309570312,5815740,752.6872589111329,,,752.6040710148551,48.498113097892755,4.455968770124855,5.2443961374523,-0.7884273673274453,774.242502320062,752.6872589111329,731.1320155022037,0.05727543054232605,13.331126584110642,0.017950771411869897,,23.46348686337526,22.205372909737708,-5722020.0,5781077.25,775.014080462806,727.761327648583,,
2021-07-22,746.9810659457578,755.3461631261508,737.9189279848092,743.64501953125,7876163,753.4042663574219,,,751.7508280164166,49.0281918424152,3.202664219454846,4.8360497538528096,-1.6333855343979637,772.6286602810623,753.4042663574219,734.1798724337815,0.0510334087078826,13.623705766769996,0.01832017348190885,,23.042568941563168,20.176460629271684,2154143.0,5735502.6,775.014080462806,728.0600228260957,,
2021-07-23,745.8856809298028,760.8233113890111,737.0226625447896,752.2590942382812,6604465,754.2133911132812,,,751.7992343232607,53.48792751386464,2.8713955114342298,4.443118905369094,-1.5717233939348638,771.7396931680511,754.2133911132812,736.6870890585113,0.04647571167862613,14.350630272302249,0.019076712242120965,,23.039018746268866,17.786257724070463,8758608.0,5821603.4,775.014080462806,734.4832973594375,,
2021-07-26,750.8648490515743,756.8399009007911,741.9022712777492,753.1552734375,7890992,753.9619384765625,,,751.9283809055692,53.939449715849904,2.6506221234761824,4.084619548990512,-1.4339974255143293,771.3972075469331,753.9619384765625,736.5266694061919,0.046249732726826795,14.392558797355086,0.01910968336139446,,21.331051188888107,16.467696743045824,16649600.0,5886135.55,775.014080462806,737.0226625447896,,
2021-07-27,747.3793473367459,752.8564777969086,726.0683063246574,728.6575317382812,15441543,752.4333190917969,,,749.7121095563036,41.95081567447967,0.49320919538365615,3.366337478269141,-2.8731282828854847,772.8576715678204,752.4333190917969,732.0089666157734,0.054288803958538495,15.299302248461334,0.020996560911081787,,18.63347960475224,21.777633276357836,1208057.0,5722183.3,775.014080462806,726.0683063246574,,
2021-07-28,731.7446476941112,731.7446476941112,709.1390234275983,719.8941650390625,11102486,750.9868591308593,,,746.8723053165663,38.64214154336076,-1.901764193747681,2.3127171438657768,-4.214481337613458,775.8452207603654,750.9868591308593,726.1284975013533,0.0662018551383852,15.821182392607875,0.021977094913318816,,16.73177309025608,27.19817493036409,-9894429.0,6110623.3,775.014080462806,709.1390234275983,,
2021-07-29,717.0062657938306,725.4709230983411,713.0228976505315,714.2677001953125,6855673,749.4408172607422,,,743.7671048288279,36.64382756957603,-4.205330122126952,1.009107690667231,-5.214437812794183,778.9588182281685,749.4408172607422,719.9228162933158,0.07877340088125087,15.580242610836573,0.021812889770286746,19.10994178242489,15.776912032216824,25.646009600924593,-16750102.0,6290714.85,775.014080462806,709.1390234275983,,
2021-07-30,715.0643100797221,715.6618517269321,704.2096691411597,705.952392578125,10358450,747.5711212158203,,,740.1657036620942,33.85718789514908,-6.625523635223885,-0.5178185745109923,-6.107705060712893,782.6160830350527,747.5711212158203,712.5261593965879,0.09375686359375858,15.28538118047485,0.02165214161914364,19.963972011486725,14.93259420657992,28.39195760114069,-27108552.0,6360500.0,775.014080462806,704.2096691411597,,
2021-08-02,712.0270365885923,722.5331576295341,709.0395105609479,718.1514892578125,6823345,746.1022552490234,,,738.0691118140674,40.95168375793647,-7.473034787729716,-1.9088618171547371,-5.56417297057498,783.4201017950813,746.1022552490234,708.7844087029655,0.10003413415122972,15.377908599827299,0.021413182079062308,20.065010806257437,16.974190580548857,26.205331175883163,-20285207.0,6593638.0,775.014080462806,704.2096691411597,,
2021-08-03,720.9896607136039,737.7695753278824,716.3091908151271,735.5289306640625,9265839,745.0192810058594,,,737.8271897997812,49.29489787475942,-6.6656418202459236,-2.8602178177729747,-3.805424002472949,782.244390630979,745.0192810058594,707.7941713807398,0.09993059394345202,15.812371165036446,0.021497959503456184,18.85811406133089,22.211360809401977,23.664931106266206,-11019368.0,6756922.9,775.014080462806,704.2096691411597,,
2021-08-04,737.4209636413293,753.8523558088943,735.5786803472105,750.6656494140625,9744349,744.792724609375,,,739.0499002392365,55.2289787873237,-4.7496197167159835,-3.238098197561577,-1.5115215191544067,781.821949341979,744.792724609375,707.763499876771,0.09943497971741037,15.99173216359326,0.021303402088633898,18.358441255535716,27.57703454209009,21.728115126039807,-1275019.0,6986210.4,775.014080462806,704.2096691411597,,
2021-08-05,749.8690147078194,751.8606986778268,740.4085158502837,746.1843872070312,7246991,744.1155487060547,,,739.7293751885503,53.24236944057088,-3.5518156838363666,-3.300841694816535,-0.2509739890198315,780.5175354120718,744.1155487060547,707.7135620000377,0.09783960775800642,15.667478639589676,0.020996792358833803,17.8944593644402,26.1372129277838,20.593670820621153,-8522010.0,7196953.6,775.014080462806,704.2096691411597,,
2021-08-06,743.8939839444209,754.499725698748,735.728067278984,737.76953125,6522599,743.4408660888672,,,739.5427233848789,49.63210378961545,-3.2441592593908126,-3.289505207731391,0.04534594834057826,779.7880874437694,743.4408660888672,707.093644733965,0.09778106911480287,15.889205766744984,0.021536814809665513,17.08912019012768,23.931587835380004,20.959901042176963,-15044609.0,7380634.75,775.014080462806,704.2096691411597,,
2021-08-09,737.9189333559109,754.250766719792,736.6741308367544,752.358642578125,6064688,743.8466766357421,,,740.763287117569,55.29229377686883,-1.8023436726456339,-2.99207290071424,1.189729228068606,780.4012743966006,743.8466766357421,707.2920788748837,0.09828530235877904,16.009736489337307,0.021279394670707,16.34130524255177,22.054886983613272,19.316238097228233,-8979921.0,7497351.35,775.014080462806,704.2096691411597,,
2021-08-10,752.3585912263414,760.8232477788548,751.8606702526641,758.3834228515625,8309248,744.2425231933594,,,742.4413952827113,57.42031847327763,-0.1715672945778124,-2.4279717794869544,2.256404484909142,781.2440210992977,744.2425231933594,707.241025287421,0.09943397952370178,15.50636799196969,0.020446607250017294,16.11993223946272,24.17189498465001,18.518762590251168,-670673.0,7511479.8,775.014080462806,704.2096691411597,,
2021-08-11,761.8190839479703,765.8024517071754,749.3710597004545,757.6365356445312,6429468,743.7470916748047,,,743.8885515076465,57.05773558939313,1.0484809428867266,-1.7326812350122183,2.7811621778989446,779.7388451626921,743.7470916748047,707.7553381869172,0.09678492565756325,15.57244113588049,0.020553973314701372,16.25331467789301,24.63398654533418,17.123032031261552,-7100141.0,7703168.9,775.014080462806,704.2096691411597,,
2021-08-12,755.8440913760024,760.2258205660938,750.2175596638822,754.200927734375,3572081,743.1147308349609,,,744.8706825768587,55.32707204253788,1.7183451025642853,-1.0424759674969177,2.760821070061203,777.8844246395172,743.1147308349609,708.3450370304047,0.09357826554047491,15.17499969061843,0.020120632490076933,16.377169799292563,23.47350940043562,16.316386818271912,-10672222.0,7534093.5,775.014080462806,704.2096691411597,,
2021-08-13,754.3503113443461,761.3212053105644,751.0640449165461,756.7403564453125,4239376,742.4051910400391,,,746.0011277071877,56.380242044252896,2.426160679223244,-0.34874863815288537,2.7749093173761294,775.4097163952697,742.4051910400391,709.4006656848085,0.08891243152272255,14.823725455146995,0.019588918879362375,16.572800654696767,22.841158834731317,15.509958553989708,-6432846.0,7431601.35,772.7734744535646,704.2096691411597,,
2021-08-16,752.8565520038755,762.6157914476513,752.8565520038755,758.8316040039062,3967629,741.9495880126954,,,747.2230778306847,57.27355760703476,3.119891655020865,0.3449794204818648,2.7749122345390003,773.7613952573346,741.9495880126954,710.1377807680561,0.08575193721677732,14.461976454334764,0.019058215785989215,16.853917142617547,22.379585269103348,14.762355744011337,-2465217.0,7431576.75,765.8024517071754,704.2096691411597,,
2021-08-17,755.8440991525489,756.8399411804179,746.1844193259451,753.6034545898438,5576110,742.0267669677735,,,747.8307327601284,54.280646046584714,3.210798401831539,0.9181432167517998,2.2926551850797394,773.9436307309544,742.0267669677735,710.1099032045926,0.08602617906522791,14.332348470308077,0.019018421933997904,16.364219317442675,20.968996246351814,17.157093521046843,-8041327.0,7484280.55,765.8024517071754,704.2096691411597,,
2021-08-18,760.6240613577542,760.6240613577542,747.3793757165199,751.26318359375,5370460,742.4574645996094,,,748.1576328395209,52.94687016772206,3.0587430567458114,1.3462631847506024,1.712479871995209,774.6277766405473,742.4574645996094,710.2871525586714,0.08665900357884244,14.254658268231374,0.01897425373627741,16.234636373094435,21.473514300048915,16.01841657605145,-13411787.0,7485361.75,765.8024517071754,704.2096691411597,,
2021-08-20,742.6989691811905,745.8856758135712,733.1389100654218,737.1720581054688,6092036,742.1338165283203,,,747.1113876267541,45.67016690114505,1.7806755188613579,1.4331456515727534,0.34752986728860447,774.3799795796609,742.1338165283203,709.8876534769796,0.08690120927836772,14.531059358238291,0.01971189656263301,15.427533233778705,19.560410998878158,21.5913285299011,-19503823.0,7463097.75,765.8024517071754,704.2096691411597,,
2021-08-23,746.3836143858234,746.3836143858234,731.3464237854636,733.039306640625,3614761,741.1728271484375,,,745.7711894375989,43.77017837490116,0.4293697752452772,1.2323904763072582,-0.803020701061981,773.3000554985358,741.1728271484375,709.0455987983391,0.08669294710574729,14.567211589818402,0.019872347168635566,14.831125046682477,18.118162099217738,20.8782579784358,-23118584.0,7373891.4,765.8024517071754,704.2096691411597,,
2021-08-24,732.9397028082143,746.5827501933915,728.4584138644141,743.2466430664062,4537435,740.6773956298828,,,745.5307564498662,49.37243784006112,0.18002180181645144,1.0219167414090968,-0.8418949395926454,772.3526435465025,740.6773956298828,709.0021477132631,0.08553048359112568,14.821291928329758,0.019941283376917363,14.527113319844995,16.5355949136489,20.446429527598873,-18581149.0,7224406.2,765.8024517071754,704.2096691411597,,
2021-08-25,745.0889680095336,748.3254543855335,732.1430225055342,735.9769897460938,6726509,741.0433685302735,,,744.6208739066498,45.867445886561306,-0.5973031921121219,0.6980727547048531,-1.295375946816975,772.3212988234369,741.0433685302735,709.7654382371101,0.08441592387554209,14.918516210591868,0.020270356843273916,14.056261480824128,16.088807283364844,18.86223831012635,-25307658.0,7056728.35,765.8024517071754,704.2096691411597,,
2021-08-26,731.0475787193946,746.8814906333705,729.30485524125,743.2466430664062,6492155,742.2109924316406,,,744.4899947790076,49.71204541558831,-0.6195962621781064,0.43453895132826115,-1.0541352135063675,771.9493290226069,742.2109924316406,712.4726558406744,0.08013445474187102,15.108381866415339,0.020327548072175367,13.883319725978035,14.751862088618307,18.63663998497208,-18815503.0,6620976.65,765.8024517071754,704.2096691411597,,
2021-08-27,743.3961138518163,756.4416208071273,737.9189824034773,749.2716064453125,5841967,743.9611877441406,,,744.9453863662748,52.70975494592292,-0.1493775573634366,0.31775564958992164,-0.46713320695335825,770.9041064152696,743.9611877441406,717.0182690730117,0.07243097923650023,15.352257333360667,0.020489575744361523,13.075133050302476,17.928545282970912,17.03054884147751,-12973536.0,6390460.1,765.8024517071754,704.2096691411597,,
2021-08-30,752.8565607247463,786.2172681113586,750.8648767016649,780.7899169921875,12517507,747.7030639648438,,,748.3591511877903,64.59859076776854,2.735010902368572,0.8012067001456518,1.93380420222292,773.2422823069463,747.7030639648438,722.1638456227412,0.0683137988138655,16.894643357123915,0.021637886183528878,14.406308293387596,27.716866575512725,14.37034430976384,-456029.0,6339774.8,786.2172681113586,709.0395105609479,,
2021-08-31,781.6364134339034,785.7193413387039,775.1634404063983,783.229736328125,12114870,750.9569763183594,,,751.6801592963935,65.32529872474024,5.1583206579898615,1.672629491714494,3.485691166275368,777.1804327537092,750.9569763183594,724.7335198830095,0.06984010339423943,16.441876041065463,0.020992405265595444,15.642399590538066,26.445824194833133,13.711347861052547,11658841.0,6447727.65,786.2172681113586,716.3091908151271,,
2021-09-01,794.7815247961867,815.5946481895196,792.0927998558274,795.5782470703125,19972195,753.9594421386719,748.8144262695313,,755.8609295605763,68.81455529477444,7.983207270369235,2.934745047445442,5.048462222923792,785.6172548484869,753.9594421386719,722.3016294288568,0.08397749518200849,17.579235742517543,0.022096174458329433,18.04960010348642,35.10707312971914,11.908219883722115,31631036.0,6712303.9,815.5946481895196,728.4584138644141,,
2021-09-02,792.1922913442843,802.7481919698246,789.1052055334293,799.3623657226562,6799617,756.3942779541015,750.0761596679688,,760.0039234807745,69.81690393933025,10.407327816205338,4.429261601197421,5.978066215007917,793.6584522193315,756.3942779541015,719.1301036888716,0.09853108451857208,17.298075077794525,0.021639841728295976,19.996264978822623,33.12929186802942,12.471023008477792,38430653.0,7247621.7,815.5946481895196,728.4584138644141,,
2021-09-03,801.1548575112097,806.532428412397,784.4247247250494,794.681884765625,7509746,758.8191528320312,751.3836999511718,,763.306586460284,66.9505397514106,11.814593833422578,5.906328047642452,5.9082657857801255,799.2844268856234,758.8191528320312,718.3538787784391,0.106653275428195,17.641619978476893,0.02219960001187132,21.35083457438405,30.16385085458018,13.249791785799063,30920907.0,7100385.1,815.5946481895196,728.4584138644141,,
2021-09-06,797.5199947845667,802.5490452157931,792.0428641046215,797.47021484375,4539192,761.8041870117188,752.611572265625,,766.5602653539476,67.79870886414814,13.004944322278789,7.326051302569719,5.6788930197090695,804.3713139196287,761.8041870117188,719.2370601038089,0.11175346009815283,17.131945773669372,0.021482866011523792,22.608649198833945,28.842564526707037,12.66940273606724,35460099.0,7113522.85,815.5946481895196,728.4584138644141,,
2021-09-07,794.6819173088844,796.0761204237297,778.7982252264487,784.5740966796875,6926921,763.4149597167968,753.1393676757813,,768.2758683373513,60.11453665080799,12.760600443511294,8.412961130758035,4.347639312753259,806.8595454979102,763.4149597167968,719.9703739356835,0.11381643817205242,17.241948905357365,0.021976189346965675,22.53286361080773,26.611510533518864,17.176271989502588,28533178.0,7014352.5,815.5946481895196,728.4584138644141,,
2021-09-08,786.7152211170732,794.0346358870679,779.7443267527447,791.3956909179688,5903035,765.0655731201172,753.7826831054688,,770.477756202172,62.53350557300608,12.967915743331105,9.323952053272649,3.643963690058456,810.0995039537546,765.0655731201172,720.0316422864797,0.1177256758527991,17.03111749314064,0.021520356616278293,22.462491279069102,25.016586619317838,16.14683598967938,34436213.0,7057464.15,815.5946481895196,728.4584138644141,,
2021-09-09,785.7193204013837,790.3997898528245,780.9392910647216,786.8645629882812,4909325,766.5269744873046,754.5435070800781,,772.0384044675158,59.933407430631725,12.621102246025998,9.98338209182332,2.637720154202679,812.3910478214134,766.5269744873046,720.6629011531959,0.11966721292433359,16.56149480457682,0.021047452870009944,22.397145542454663,23.888395527607713,15.418650454215731,29526888.0,6937153.5,815.5946481895196,728.4584138644141,,
2021-09-13,782.7317562285126,787.1632649690316,780.2421514059029,785.0719604492188,4814443,768.0705261230469,755.3411755371094,,773.2796955133923,58.89017240936776,12.062552411733236,10.399216155805302,1.663336255927934,814.2482267083092,768.0705261230469,721.8928255377846,0.12024338655032445,15.872896144473387,0.020218396458065963,22.26553210981967,23.14438557332259,15.252148006245992,24712445.0,6861146.35,815.5946481895196,728.4584138644141,,
2021-09-14,787.7109758786672,797.669395295591,786.7151339369749,791.0968627929688,6301208,769.7883514404297,756.2961865234375,,774.9765685876376,61.326719922700384,11.968096148335917,10.712992154311426,1.2551039940244912,816.7025734115979,769.7883514404297,722.8741294692614,0.12188862531728942,15.63893462318045,0.01976867228112518,22.807696853299213,26.611250994356002,14.374585758079261,31013653.0,6923264.45,815.5946481895196,728.4584138644141,,
2021-09-15,792.6902238402973,794.1342068817079,783.7276459325553,788.109375,4075592,771.2522399902343,757.1077978515625,,776.2273120554817,59.44529233765714,11.519385278732784,10.8742707791957,0.645114499537085,818.5332537525424,771.2522399902343,723.9712262279263,0.12260843161481566,15.265193646464171,0.019369384670070915,22.990096915207094,25.315438480234995,15.072526450977211,26938061.0,7026356.05,815.5946481895196,728.4584138644141,,
2021-09-16,789.2047765676705,804.0926264648743,785.8188894912985,799.2627563476562,15446511,773.535205078125,757.9492846679688,,778.4211638928316,63.898273313990614,11.926284559298438,11.084673535216249,0.841611024082189,821.590053159474,773.535205078125,725.4803569967761,0.12424734586319322,15.48008959840072,0.01936796063054304,23.74867327114237,27.7758999411538,13.801624874279444,42384572.0,7031754.2,815.5946481895196,728.4584138644141,,
2021-09-17,805.4868050434751,817.2875696174723,793.9350617594001,803.9930419921875,14641298,776.1716979980469,758.9252099609375,,780.856580854675,65.62232985162947,12.486512940965781,11.365041416366156,1.1214715245996256,824.8316550690407,776.1716979980469,727.511740927053,0.125384517875364,16.042405188377252,0.019953412965647455,25.099031412902683,30.762882547304102,12.366577530575807,57025870.0,7525274.25,817.2875696174723,728.4584138644141,,
2021-09-20,796.6735397845544,805.1879760847283,788.2088834243435,792.540771484375,6306484,778.9401336669922,759.5814672851562,,781.9693609146465,58.35625515275975,11.869570430925705,11.465947219278066,0.4036232116476395,824.618677962412,778.9401336669922,733.2615893715724,0.1172838381824809,16.109311436377794,0.020326161146518872,25.743076353159946,28.446893546895907,13.97454094422197,50719386.0,7988816.15,817.2875696174723,728.4584138644141,,
2021-09-21,791.9433478277285,795.6777553151275,769.0887618485729,792.0429077148438,7833561,781.8903137207031,760.3970617675782,,782.9287463241891,58.05530557604449,11.21122952627718,11.415003680677888,-0.20377415440070834,822.6907366690047,781.8903137207031,741.0898907724016,0.10436354622210017,16.857860152818994,0.021284023868676904,24.644511674243454,25.24205421122381,20.50156481892113,42885825.0,7999538.55,817.2875696174723,728.4584138644141,,
2021-09-22,789.2047287672981,793.4868369059134,782.7317562285126,785.0719604492188,4359142,783.9815795898437,761.21365234375,,783.1328619551443,53.866492527060224,10.011585109408315,11.134319966423973,-1.122734857015658,820.731257954042,783.9815795898437,747.2319012256454,0.09375138222871171,16.421947333146264,0.020917760613625297,23.624415900963854,24.061228836856507,19.54249992864553,38526683.0,8210478.55,817.2875696174723,729.30485524125,,
2021-09-23,791.047095491759,811.1133367918543,789.2545919866154,808.7731323242188,9043492,787.62138671875,762.37978515625,,785.5747924664847,63.5073764721621,10.848292395514932,11.077114452242165,-0.22882205672723366,818.5985099601425,787.62138671875,756.6442634773576,0.0786599342367882,17.10904940525264,0.021154324644891902,23.696530441972076,28.804176126988303,17.417836527827507,47570175.0,8201563.9,817.2875696174723,729.30485524125,,
2021-09-24,809.171460479317,813.5531898925956,791.7940042303815,794.7317504882812,5184626,790.1956420898438,762.9235168457031,,786.4468837066559,56.03612751332663,10.260094796344106,10.913710521062553,-0.6536157247184473,813.6341335343623,790.1956420898438,766.7571506453253,0.05932326172422393,17.441201995035605,0.021946023905952888,23.888291584326023,27.236582226435722,15.865691133625852,42385549.0,8317413.05,817.2875696174723,737.9189824034773,,
2021-09-27,799.5615635411248,805.4369948534058,789.5035229046485,793.6362915039062,7715259,792.4138763427734,763.4592797851562,,787.1315892111559,55.4876781408774,9.594945022783236,10.64995742140669,-1.0550123986234539,806.4528543462612,792.4138763427734,778.3748983392856,0.035433448157879105,17.33350699173001,0.021840617896749365,23.859627178567212,25.448248554498687,15.767831899553476,34670290.0,8252036.6,817.2875696174723,750.8648767016649,,
2021-09-28,798.6652835021868,802.2502903874033,774.7650755170839,785.9185180664062,7369680,792.6703063964844,763.7590270996094,,787.0160586259416,51.65204932078963,8.348809341671199,10.189727805459592,-1.8409184637883929,806.0211313718742,792.6703063964844,779.3194814210947,0.0336856947148259,18.058628983057826,0.0229777369637344,22.62497281849863,22.681662246527267,19.883246720018438,27300610.0,8345701.2,817.2875696174723,769.0887618485729,,
2021-09-29,779.7442685169102,786.2172413717759,775.2629796173877,778.8978271484375,14241004,792.4537109375,763.9781103515625,,786.2428937233221,48.37605611658122,6.717293970230571,9.495241038413788,-2.7779470681832166,806.5309350046424,792.4537109375,778.3764868703576,0.0355281926826706,17.551174181009994,0.0225333459271099,21.478508055577805,21.670493165796174,18.99683354230221,13059606.0,8088309.85,817.2875696174723,769.0887618485729,,
2021-09-30,776.6571980316405,784.0761722866652,761.669727346699,763.3626708984375,9178187,790.8429321289062,764.2041662597657,,784.0638248828569,42.024521524358384,4.123219104056375,8.420836651542306,-4.297617547485931,809.6868961720021,790.8429321289062,771.9989680858104,0.04765538965460294,17.897979235221147,0.023446233248681354,20.44742772343519,19.73268975889455,22.723007278769188,3881419.0,8194616.55,817.2875696174723,761.669727346699,,
2021-10-01,760.2258658571378,768.4913429395579,750.8649260212453,764.9561157226562,6089895,789.1226196289062,764.6503039550781,,782.2440430580759,42.853313147037674,2.1709484216178225,7.17085900555741,-4.999910583939587,810.6346251942965,789.1226196289062,767.610614063516,0.05452132540696027,17.87858192687053,0.023372036067690737,20.144640960521563,18.343091627164007,25.439565542223274,9971314.0,7654916.15,817.2875696174723,750.8649260212453,,
2021-10-04,767.8937491064602,777.902009925646,767.0970876552451,775.7609252929688,5845527,788.1765716552734,765.2926220703125,,781.6266032709228,48.25505371236724,1.4785735971497616,6.032401923875881,-4.553828326726119,810.2834087358025,788.1765716552734,766.0697345747443,0.05609615376945766,17.526247089450475,0.022592330340473938,19.160832856248206,21.210623357703316,24.097342229143305,15816841.0,7619430.05,817.2875696174723,750.8649260212453,,
2021-10-05,771.1800912562479,780.7401504182071,767.9933846084703,779.345947265625,3945224,787.2703582763672,765.8343591308594,,781.4093979370849,49.94566494386267,1.205249506314999,5.066971440363704,-3.8617219340487052,809.2646525281019,787.2703582763672,765.2760640246325,0.055874818657947495,17.184855569470933,0.02205035598088997,18.04399338566376,21.266516427466208,22.820623497723716,19762065.0,7536219.1,817.2875696174723,750.8649260212453,,
2021-10-06,778.9974482689938,790.8977729939036,772.7734354192894,775.711181640625,5092479,786.8272125244141,766.2854772949219,,780.8667106707553,48.225302154143996,0.6874188496060469,4.191060922212173,-3.5036420726061257,809.3712231388035,786.8272125244141,764.2832019100247,0.057303586494067596,17.251961426981165,0.022240186599467804,17.194668578858302,23.876243432669966,21.108152857846818,14669586.0,7506520.7,817.2875696174723,750.8649260212453,,
2021-10-07,786.7152843000546,786.8646849324105,770.8813700882989,773.868896484375,6622698,785.9508728027344,767.1897045898437,,780.2002521768143,47.335337329788,0.12691431864209335,3.378231601498157,-3.2513172828560637,809.0716409842364,785.9508728027344,762.8301046212323,0.0588351485610097,17.161343813919046,0.022176035103467356,16.266427911133327,22.28786667059957,20.491435753021907,8046888.0,7414798.6,817.2875696174723,750.8649260212453,,
2021-10-08,778.6488894895244,781.7359753982935,772.7733973364022,778.6986694335938,4295686,785.542578125,768.3657946777344,,780.0572442965075,49.9433757647999,0.07160730806788251,2.7169067428121023,-2.64529943474422,808.8718521796665,785.542578125,762.2133040703335,0.05939658703249615,16.5757176887742,0.02128643381506093,15.40449014824585,21.42706901543527,19.70001950364084,12342574.0,7450781.75,817.2875696174723,750.8649260212453,,
2021-10-11,778.7484644480985,789.7027267357315,775.7609383696531,783.8770751953125,4417455,785.4828338623047,769.7579821777343,,780.4210377154412,52.65082983822262,0.44055176444396693,2.261635747138475,-1.8210839826945082,808.8227403362486,785.4828338623047,762.1429273883608,0.05942817708486131,16.387579880010215,0.02090580321656562,15.168527707744028,23.597456048399035,18.502886828693505,16760029.0,7420099.8,817.2875696174723,750.8649260212453,,
2021-10-12,784.723470897682,796.3748340812439,782.1840860351881,793.83544921875,5098502,785.6197631835937,771.5156433105469,,781.6986007157564,57.420389293825856,1.5189904855318446,2.113106694817149,-0.5941162092853043,809.121380322591,785.6197631835937,762.1181460445964,0.059829495744253905,16.23066332044204,0.02044587872261863,15.38414286697007,25.06005440611879,17.347358819205898,21858531.0,7400250.4,817.2875696174723,750.8649260212453,,
2021-10-13,796.6238116202156,801.1548805159583,789.9018781913993,791.2960205078125,4381414,785.7790954589843,772.9785339355469,,782.6126406959522,55.87473056135815,2.1440351648789147,2.119292388829502,0.02474277604941255,809.3890257234929,785.7790954589843,762.1691651944758,0.06009304752684379,15.875116106450397,0.020062171039685724,15.880705178928691,25.941954786165116,16.469030623914485,17477117.0,7340115.1,817.2875696174723,750.8649260212453,,
2021-10-14,795.6777210527802,800.6569308215711,784.7234595614403,798.7150268554688,7157116,785.751708984375,774.242255859375,,784.1462012825729,59.319997311455566,3.2011386517600613,2.335661641415614,0.8654770103444474,809.3002046697848,785.751708984375,762.2032132989652,0.059938770520391024,15.879284331713281,0.019881038665604964,15.853684423869238,24.082634796034228,17.618025536907616,24634233.0,7355406.2,817.2875696174723,750.8649260212453,,
2021-10-18,816.5904889168995,816.5904889168995,798.7151117898214,809.9183349609375,11014585,786.0479736328125,775.4273095703124,,786.6006902043218,63.903390492866805,4.8865846097043,2.8458462350733513,2.040738374630949,810.6332634280526,786.0479736328125,761.4626838375724,0.06255417129724618,16.02186845526453,0.0197820789623651,16.771261191002317,29.26692217061291,16.214005471807024,35648818.0,6940936.45,816.5904889168995,750.8649260212453,,
2021-10-19,816.5903866186638,823.5612801629695,795.1797850182965,798.3167114257812,10633732,786.3367706298828,776.4699560546875,,787.7165017492227,56.77020122701358,5.2259174900787,3.3218604860744216,1.9040570040042786,811.3522850182007,786.3367706298828,761.3212562415649,0.06362544732145649,16.904698933079427,0.021175429113700874,17.97237461533453,28.702582526662447,14.269585337519015,25015086.0,6759600.8,823.5612801629695,750.8649260212453,,
2021-10-20,797.2710648093228,810.4161911005066,788.7068480945813,801.45361328125,9023067,786.8073059082031,777.7436376953125,,789.0247980856063,58.13107699731541,5.682459154169237,3.7939802196933847,1.8884789344758524,812.5770969935483,786.8073059082031,761.037514822858,0.06550470716740311,17.247887795425555,0.021520756173037357,18.475615938400892,26.12208349223885,15.667314951595102,34038153.0,6975963.2,823.5612801629695,750.8649260212453,,
2021-10-21,804.5905016766701,810.1174122468501,789.0055511174563,804.4411010742188,7405639,787.7757629394531,778.7852868652344,,790.4930174178551,59.44061036878769,6.21370923739255,4.277926023233218,1.9357832141593319,814.6443013834366,787.7757629394531,760.9072244954696,0.06821367121965798,17.523885890709,0.0217839265886692,18.9429114526768,23.874189215910523,14.319089125137285,41443792.0,7035438.5,823.5612801629695,750.8649260212453,,
2021-10-22,808.6236688308849,821.5696142678325,803.4452784998319,813.3041381835938,10646970,788.0023132324219,779.883701171875,,792.6655051098302,63.12540394690261,7.266142214598631,4.875569261506301,2.39057295309233,815.6405972290797,788.0023132324219,760.3640292357641,0.07014772300168591,17.5667751676584,0.021599269378969898,19.99978468053843,26.771364519695254,13.263834139034255,52090762.0,7187763.35,823.5612801629695,750.8649260212453,,
2021-10-25,826.6483694466276,863.2954014355793,822.0177408980047,841.5859985351562,29193770,790.3450256347656,781.5626904296874,,797.3245997217659,71.89863024129866,10.26399574655602,5.953254558516244,4.310741188039776,826.498956785443,790.3450256347656,754.1910944840882,0.0914889826038707,19.882810030824622,0.023625404968039092,22.464304173712456,36.953327090312605,10.881748367645523,81284532.0,7267937.25,863.2954014355793,750.8649260212453,,
2021-10-26,844.8724486457061,848.1089354197311,820.0759564337027,838.3994750976562,16771909,792.5831848144531,783.2466613769532,,801.2364926147078,69.88125546747101,12.241577176903775,7.210919082193751,5.030658094710024,834.3773093779067,792.5831848144531,750.7890602509996,0.10546306145325994,20.464964956196322,0.02440956317847477,24.582148869434622,33.337698959840225,10.494782583757372,64512623.0,8468394.45,863.2954014355793,750.8649260212453,,
2021-10-27,836.5072265625,837.3038879553335,782.3832416325807,784.2255249023438,39606414,792.49853515625,783.7963647460938,,799.6164004516255,46.1653333479483,9.329890507870346,7.634713367329071,1.6951771405412748,834.3531254067318,792.49853515625,750.6439449057682,0.10562692142321677,23.004341278259123,0.029333833888056316,23.894637021544884,27.539252032136375,20.37302143520251,24906209.0,8921226.95,863.2954014355793,750.8649260212453,,
2021-10-28,784.2255967618328,785.7193598032839,751.5122104666029,755.19677734375,19320926,791.3134826660156,783.7236682128906,,795.3859601556373,38.604935849927024,4.626647409134421,7.033100175690141,-2.40645276655572,835.8946188441685,791.3134826660156,746.7323464878627,0.1126762961954205,23.80454185386068,0.03152097912492196,22.575049401346526,24.71254264476973,27.545122530741843,5585283.0,10533063.65,863.2954014355793,750.8649260212453,,
2021-10-29,758.8315730750401,758.8315730750401,711.031159023069,738.9147338867188,21343427,790.0910858154297,783.4298937988282,,790.007748130026,35.129815737184614,-0.4098074586314624,5.544518648825821,-5.954326107457283,838.8186641025515,790.0910858154297,741.3635075283079,0.12334673599520869,25.51853272515428,0.034535152101956144,22.70224584810644,21.406066794398054,35.19064966779615,-15758144.0,10787059.75,863.2954014355793,711.031159023069,,
2021-11-01,751.8607464631896,756.8399567046677,736.9231157387554,749.2217407226562,11694854,789.3043670654297,783.3890649414062,,786.1233664721814,38.88053750547395,-3.5288663400982614,3.7298416510410046,-7.258707991139266,840.0942135852873,789.3043670654297,738.514520545572,0.12869521223780936,25.11841188520842,0.03352600507959185,22.820356834383503,20.193691386276523,33.19755683748594,-4063290.0,11395321.75,863.2954014355793,711.031159023069,,
2021-11-02,749.3711069242947,758.1842843343771,744.9395978566407,752.7071533203125,11812106,788.1516784667969,783.6997668457032,,782.9408699815272,40.14093054043067,-5.654319828156986,1.8530093552014066,-7.507329183358392,841.118460446273,788.1516784667969,735.1848964873207,0.13440758530772468,24.270288641817565,0.0322439989240934,22.86206377159286,19.802188748652203,31.903525396620914,7748816.0,11675569.7,863.2954014355793,711.031159023069,,
2021-11-03,756.2921805916807,759.478886985881,745.3876990900021,747.4789428710938,10529505,786.5583282470703,783.9885595703125,,779.5635435900573,38.846836971819755,-7.67218969277701,-0.05203045439427667,-7.620159238382733,842.3317182941232,786.5583282470703,730.7849382000175,0.14181628505885857,23.543210017107658,0.03149682040095649,22.831393319956362,19.348384575851146,30.53959386520013,-2780689.0,11973898.65,863.2954014355793,711.031159023069,,
2021-11-04,753.8524230012273,753.902202946868,748.275731899237,749.8192749023438,793433,785.2637329101562,784.1200122070312,,776.7307560959894,39.78269221357171,-8.979016351251062,-1.837427633765634,-7.141588717485428,843.1462572091901,785.2637329101562,727.3812086111224,0.14742187082682032,22.320356449869557,0.0297676482813496,22.80291361486533,18.950670413458248,29.91183970069604,-1987256.0,12303112.7,863.2954014355793,711.031159023069,,
2021-11-08,757.8357641072641,757.8357641072641,738.4168450532673,747.9271240234375,13872770,783.9666442871094,784.3590148925781,,773.9875530414606,39.25957582550973,-10.051499229555134,-3.480241952923534,-6.5712572766315995,843.9374111393182,783.9666442871094,723.9958774349005,0.15299315931162488,22.113110921592938,0.02956586305178576,23.13668427725943,17.761971817140846,31.220155620246363,-15860026.0,12088160.4,863.2954014355793,711.031159023069,,
2021-11-09,746.8814561339452,750.815043959191,740.2590829103435,741.9520263671875,12120207,782.1293121337891,784.3331225585938,,770.9365505010537,37.579128931439456,-11.25386256001218,-5.034966074341264,-6.218896485670917,844.8228925950726,782.1293121337891,719.4357316725055,0.16031512817297233,21.287600216396836,0.028691343186468682,23.446614178053952,17.132850770325835,30.114351760869525,-27980233.0,12450664.0,863.2954014355793,711.031159023069,,
2021-11-10,739.6118789434885,750.2175599666315,728.9563571943457,746.2341918945312,10844883,780.24716796875,784.2723742675781,,768.5839449194801,39.575295826161515,-11.726038716336916,-6.373180602740394,-5.352858113596522,844.8489958119138,780.24716796875,715.6453401255861,0.1655932388997822,21.285714684674616,0.028524175005482762,24.146584416315342,15.91048497345418,31.758664590640574,-17135350.0,12841890.05,863.2954014355793,711.031159023069,,
2021-11-11,744.8897797102615,744.8897797102615,732.0433942235662,734.9811401367188,6195359,777.3044525146485,783.3561987304688,,765.3836777973123,36.290894314335425,-12.860026572014135,-7.670549796595143,-5.189476775418992,844.4731374904225,777.3044525146485,710.1357675388745,0.1728246500029104,20.778934897981074,0.028271385159782256,24.7965567804152,15.134347044022462,30.20942808288974,-23330709.0,13163261.45,863.2954014355793,711.031159023069,,
2021-11-12,739.7113739500334,739.7113739500334,730.450056151018,732.9894409179688,9372897,774.3891235351563,782.3513928222657,,762.298512380232,35.72576001043902,-13.760807575285298,-8.888601352333174,-4.872206222952125,843.8962952854254,774.3891235351563,704.8819517848872,0.17951484502510207,19.95624796234067,0.027225832799648797,25.461331742774796,14.63266385502183,29.778323187196317,-32703606.0,13218104.3,863.2954014355793,711.031159023069,,
2021-11-15,734.931482969922,740.9065356769945,724.9730617914678,730.2012329101562,12849161,770.9634338378906,781.0438525390625,,759.2416286211771,34.90627022198896,-14.532150509237454,-10.01731118371403,-4.514839325523424,842.0722908545883,770.9634338378906,699.854576821193,0.18446752179338677,19.66890695685396,0.026936282863376123,26.29221984408473,13.78597156071357,30.04425161516671,-45552767.0,13467678.45,863.2954014355793,711.031159023069,,
2021-11-16,730.2011299971876,730.2509099397881,718.3008062098648,723.1306762695312,8978763,766.6240509033203,779.51921875,,755.8024903019729,32.84852740850384,-15.534903474301245,-11.120829641831474,-4.4140738324697715,838.284683360948,766.6240509033203,694.9634184456926,0.1869511721506501,19.117563869216053,0.026437218744251412,27.31623798659645,13.170442633285825,31.19574932757513,-54531530.0,13752280.7,863.2954014355793,711.031159023069,,
2021-11-17,718.0021195869265,721.8859279027901,703.8113703440503,709.3880615234375,18083445,762.1776184082031,777.8133422851563,,751.382068513541,29.240477345313153,-17.23977716201057,-12.344619145867293,-4.8951580161432755,836.4101580815369,762.1776184082031,687.9450787348693,0.19479065740179405,19.13197401609212,0.026969687049716466,28.759666333046027,12.220485359097188,34.355244679759664,-72614975.0,13650489.6,863.2954014355793,703.8113703440503,,
2021-11-18,712.0270213753964,713.0228633633341,698.9815156459622,703.4129638671875,13458109,757.2755859375,775.932197265625,,746.8135823567454,27.810197426673952,-18.855685680093302,-13.646832452712497,-5.208853227380805,833.4102457646065,757.2755859375,681.1409261103934,0.2010751732682696,18.768357851897818,0.026681848097757692,30.250017066885686,11.567440615399999,34.35749593594908,-86073084.0,14022975.25,863.2954014355793,698.9815156459622,,
2021-11-22,710.0353318315224,710.0353318315224,674.583381651501,683.5459594726562,16741079,751.2308288574219,773.9116345214844,,740.7880944630226,23.66524417885877,-21.491663522826116,-15.215798666735221,-6.2758648560908945,830.5568931393922,751.2308288574219,671.9047645754516,0.2111895871009995,19.960043018192362,0.029200732944996394,32.277304441675206,10.099907532881994,38.729706542985326,-102814163.0,14244727.35,863.2954014355793,674.583381651501,,
2021-11-23,678.1683827842854,689.7699660681067,674.533535274729,682.799072265625,16575348,744.7055755615235,771.7397021484375,,735.2653304442229,23.52329884953525,-23.371549831820744,-16.846948899752327,-6.524600932068417,824.0041926243197,744.7055755615235,665.4069584987272,0.21296635788715132,19.62264214499131,0.02873853076554509,34.16094758770094,9.539743627010964,36.59981331851024,-119389511.0,14711499.35,863.2954014355793,674.533535274729,,
2021-11-24,687.1309566845052,692.2097263996253,679.2140008968663,682.3011474609375,11463429,736.7413330078125,769.6484338378906,,730.2211225410529,23.42243498975644,-24.61777327961977,-18.40111377572582,-6.2166595038939505,806.9998078592984,736.7413330078125,666.4828581563266,0.19072765895907953,19.14929095626043,0.02806574637536682,35.679916522469426,9.98735491709786,34.82562928651952,-130852940.0,15007918.25,848.1089354197311,674.533535274729,,
2021-11-25,683.1476099157932,684.143451912755,673.7368908882298,677.072998046875,9760486,728.6750091552734,767.4884545898437,,725.1593963987502,22.339316068986875,-25.730675099050018,-19.86702604039066,-5.863649058659359,786.3046667566427,728.6750091552734,671.0453515539041,0.15817657220926873,18.524810246850773,0.02736013738590749,37.2393871176294,9.586602717235671,35.54009954870477,-140613426.0,14121401.2,837.3038879553335,673.7368908882298,,
2021-11-26,666.2182672527272,672.0937590941106,657.7038307019594,658.9984130859375,10252753,722.4136535644532,764.8464855957031,,718.8583503689586,19.058139329307878,-27.75122689065506,-21.44386621044354,-6.30736068021152,781.727672041716,722.4136535644532,663.0996350871903,0.16421067953132445,18.585121468141118,0.028202073175125388,39.07763712299063,8.872957693570356,39.056444924307634,-150866179.0,13770830.05,785.7193598032839,657.7038307019594,,
2021-11-29,662.2847082153323,662.6830693268415,646.6499766998605,648.3927001953125,12084376,717.0734497070313,762.0521520996094,,712.1473360667065,17.439500313806803,-29.86406676548779,-23.127906321452393,-6.736160444035399,782.5330200199759,717.0734497070313,651.6138793940867,0.18257424072719156,18.402833693772536,0.028382234544326503,41.015033386810366,8.320787479912921,40.91636734181492,-162950555.0,12303147.0,759.478886985881,646.6499766998605,,
2021-11-30,645.3056125531434,674.6331714527666,645.3056125531434,652.923828125,24699809,712.7739044189453,759.1253735351562,,706.5070019770202,20.544383391512696,-30.817636897925922,-24.6658524367471,-6.151784461178821,783.0493442092314,712.7739044189453,642.4984646286592,0.19718858772635559,19.183171208476157,0.029380412204536063,41.720611550780404,11.861769972734264,36.44825024608868,-138250746.0,11941319.5,759.478886985881,645.3056125531434,,
2021-12-01,662.1354014884542,678.5667952670713,657.2557511446786,676.7742309570312,16184200,709.1515289306641,756.5809973144532,,703.675309498926,34.50633980149176,-29.310941625937062,-25.594870274585098,-3.716071351351964,779.0060732684105,709.1515289306641,639.2969845929176,0.19700879568878812,19.64458520373295,0.029026792547868444,42.035006760107585,12.186073819780697,33.049853640490724,-122066546.0,12109138.6,759.478886985881,645.3056125531434,,
2021-12-02,672.1933554279223,675.977542902205,665.2722413157603,673.2887573242188,8612601,705.1806091308594,754.19595703125,,700.7813521489538,33.577749742858586,-28.074498023139427,-26.090795824295967,-1.98370219884346,773.6962551007622,705.1806091308594,636.6649631609565,0.19432084513596853,19.062971234985664,0.028313217809763588,42.32694516876854,11.660881763579534,31.62548014273448,-130679147.0,12333605.9,759.478886985881,645.3056125531434,,
2021-12-03,676.2763335791044,684.4920307556707,668.2100370273902,670.2017211914062,9505985,701.316748046875,751.7591333007813,,697.8690063434731,32.73744934523417,-27.03209639595093,-26.27905593862696,-0.7530404573239693,768.5592254374639,701.316748046875,634.0742706562861,0.19176064903014262,18.86432998450673,0.028147241924374542,41.83051048443359,14.165936019601782,29.67574647773675,-140185132.0,12173630.65,757.8357641072641,645.3056125531434,,
2021-12-06,671.1975370550881,675.9277867598532,658.4009911136945,660.3428344726562,8022785,696.8429260253906,749.26455078125,,694.295085212919,30.143026920067996,-26.69380578359869,-26.362005907621306,-0.33179987597738503,762.4688639474394,696.8429260253906,631.2169881033418,0.18835216795946244,18.76879181748187,0.028422799245592562,41.75545526468383,13.221041247446548,31.429355994184416,-148207917.0,12122454.65,757.8357641072641,645.3056125531434,,
2021-12-07,669.2058627865721,688.674562858686,667.2141786711359,684.1434936523438,15123987,693.6537445068359,746.7719580078125,,693.3282669690548,42.07717397683949,-24.22593228342066,-25.93479118278118,1.7088588993605178,755.106297526334,693.6537445068359,632.2011914873378,0.17718509704921645,19.451858715235293,0.028432425208621517,40.632458164272165,16.526280510392155,28.159569395048464,-133083930.0,12483922.25,750.815043959191,645.3056125531434,,
2021-12-08,692.1101721820118,698.6329249578127,684.7907579829948,694.201416015625,11670826,691.2662139892578,744.7613513183594,,693.411424021109,46.25565445247437,-21.213992773863538,-24.990631500997655,3.7766387271341166,748.5997142086643,691.2662139892578,633.9327137698514,0.1658796540584216,19.0973996145377,0.02750988282931975,38.860567865664095,19.355311159998973,26.633497205054958,-121413104.0,12546483.1,750.2175599666315,645.3056125531434,,
2021-12-09,695.2471237947947,696.9898473127979,685.1393030778271,691.0645751953125,7021395,688.5077331542968,742.7099169921875,,693.1879146091284,45.16143297855288,-18.86268851957618,-23.76504290471336,4.90235438513718,740.0092456950272,688.5077331542968,637.0062206135665,0.14960329437342337,18.57976708742578,0.026885717709050072,37.21524115981374,18.47351104299188,25.420113407833338,-128434499.0,12524014.05,744.8897797102615,645.3056125531434,,
2021-12-10,687.2304896734679,689.0728337076763,680.9069177480621,685.1890258789062,5549743,686.0181274414062,740.6953271484375,,692.4261156824406,43.10457435088039,-17.27424395220305,-22.4668831142113,5.192639162008248,732.8994723436758,686.0181274414062,639.1367825391367,0.1366766941775129,17.978187827413247,0.02623828921420954,35.91824522821828,17.727974289454426,26.07578782163537,-133984242.0,12332839.65,740.9065356769945,645.3056125531434,,
2021-12-13,696.0935440063477,708.939929860644,690.2180520119146,701.07275390625,13634563,684.4222930908203,739.1388256835937,,693.249605037089,49.765403537885,-14.565800600060356,-20.886666611381113,6.320866011320756,726.7512577415653,684.4222930908203,642.0933284400753,0.1236925362544498,18.390524695579288,0.02623197748466279,33.37350944267131,23.808955921003825,23.670342847538375,-120349679.0,12300558.85,740.9065356769945,645.3056125531434,,
2021-12-14,698.0852318279826,711.0311776393432,694.6993447647707,707.944091796875,8612512,683.3094360351563,738.0304541015626,,694.6490799665925,52.36355142848019,-11.729667878758505,-19.05526686485659,7.325598986098086,721.758105476059,683.3094360351563,644.8607665942536,0.11253662663872387,18.243475279793092,0.0257696553883065,31.139376630589815,23.10530274248502,22.15676812114989,-111737167.0,12513642.15,730.2509099397881,645.3056125531434,,
2021-12-15,709.4379156913883,717.006291118421,704.608045178223,709.5374755859375,7692888,682.6297760009766,736.9220812988282,,696.0670224065301,52.97097369797626,-9.246847605348762,-17.093583012955026,7.846735407606264,718.6421101061449,682.6297760009766,646.6174418958083,0.105510586766777,17.82595889839344,0.025123350790841215,29.433555835003578,24.35166375275844,21.05602565109039,-104044279.0,12301809.7,721.8859279027901,645.3056125531434,,
2021-12-16,716.0103779113722,718.9481238852242,702.1183702448566,706.6992797851562,7309187,682.4953369140625,735.5408483886719,,697.0796183473516,51.70623475939768,-7.422649647550429,-15.159396339874107,7.736746692323678,718.1251410938911,682.4953369140625,646.8655327342339,0.10441039594770157,17.754801379963023,0.0251235594655773,27.672502282182187,22.702884389115813,20.631994552762038,-111353466.0,12237515.95,718.9481238852242,645.3056125531434,,
2021-12-17,704.5582205288981,705.0561415328054,682.2513352412999,686.0355834960938,7844705,681.6264678955079,733.6746411132813,,696.0278055043746,43.55297783206097,-7.557232152134475,-13.638963502326181,6.081731350191706,715.9988471862932,681.6264678955079,647.2540886047225,0.10085400409085817,18.232883034526832,0.026577168113657547,26.59476954361278,20.52848154360221,26.438981690442425,-119198171.0,11698803.05,718.9481238852242,645.3056125531434,,
2021-12-20,678.1186140995156,679.0148354201765,657.3552721743207,671.5460205078125,9934646,681.0264709472656,731.591337890625,,693.6962069332734,38.91873401056731,-8.73241455619143,-12.657653713099233,3.9252391569078036,715.6618093616983,681.0264709472656,646.3911325328329,0.1017151018117022,18.979127912187277,0.028261842573105503,26.73517514029951,18.312651740771752,32.95489180269043,-129132817.0,11418132.85,718.9481238852242,645.3056125531434,,
2021-12-21,680.1600741790068,680.1600741790068,659.7453135338096,663.0813598632812,10116104,680.0405853271484,729.3755871582031,,690.7805072123218,36.47689073936457,-10.228870399318907,-12.171897050343167,1.94302665102426,715.5299607025337,680.0405853271484,644.5512099517631,0.10437428630325749,19.081673107402267,0.02877727268843247,26.783157134381007,17.341920278313886,30.43652088636073,-139248921.0,11077811.2,718.9481238852242,645.3056125531434,,
2021-12-22,667.214155123315,674.0356486653847,661.2391029878823,666.5668334960938,7489534,679.2538696289063,727.1329504394531,,688.4744430488715,38.19642029433773,-11.006695509130964,-11.938856742100727,0.9321612329697633,715.2025336878721,679.2538696289063,643.3052055699404,0.10584750611315771,18.632735433837983,0.0279532891489825,26.82771184317097,16.49120294128765,28.943440790198174,-131759387.0,10754849.0,718.9481238852242,645.3056125531434,863.2954014355793,645.3056125531434
2021-12-23,674.1850356144819,681.6538506323676,669.80330649144,675.9775390625,6884683,679.1990966796875,724.9749597167969,,687.2842617168361,42.70596189381941,-10.73995866383882,-11.699077126448346,0.9591184626095259,715.1642197233409,679.1990966796875,643.2339736360341,0.10590450788133098,18.37946984115483,0.027189468257547367,26.27991165020935,18.484953653977584,27.246399040593925,-124874704.0,10556154.25,718.9481238852242,645.3056125531434,863.2954014355793,645.3056125531434
2021-12-24,678.3177539418923,679.1641952686095,659.695497721802,664.7244873046875,6028893,679.485400390625,722.3927404785156,,685.135711772822,39.03788939918702,-11.306263456169404,-11.62051439239256,0.31425093622315536,714.8895178922145,679.485400390625,644.0812828890356,0.10420861870243626,18.457271820130025,0.027766799888733193,26.260173054401836,17.092246775691613,29.10524431416786,-130903597.0,10412364.1,718.9481238852242,645.3056125531434,863.2954014355793,645.3056125531434
2021-12-27,660.2930861494143,671.7950501418919,653.2226316172773,669.3552856445312,6996729,680.5335296630859,719.95392578125,,683.6328140463181,41.27328973277953,-11.251694825259506,-11.546750478965949,0.29505565370644327,713.3394724181095,680.5335296630859,647.7275869080623,0.09641242150482998,18.465496584736066,0.02758698852576534,26.533454601170753,15.864302697133208,29.518106336893794,-123906868.0,10201171.1,718.9481238852242,645.3056125531434,863.2954014355793,645.3056125531434
2021-12-28,674.4838240502902,678.0190512540227,669.2058732183848,672.6415405273438,4645547,681.5194152832031,717.4324560546875,,682.5860260921302,42.87416658432387,-10.818565795287896,-11.40111354223034,0.5825477469424438,712.0536513620928,681.5194152832031,650.9851792043135,0.08960635718998922,17.77604525980048,0.026427218940216286,26.28504512960681,17.80345001621551,28.472765652603645,-119261321.0,9946788.75,718.9481238852242,653.2226316172773,863.2954014355793,645.3056125531434
2021-12-29,671.6954039844624,676.7741736827682,664.475549753347,667.7120361328125,3969894,681.0663055419922,714.588330078125,,681.1694556198142,41.06578898082888,-10.749168007890717,-11.270724435362414,0.5215564274716975,712.1330679757203,681.0663055419922,649.999543108264,0.09122977360920904,17.3848008790591,0.02603637487163874,26.287191018846706,16.90382207635624,28.977543649555226,-123231215.0,8944075.65,718.9481238852242,653.2226316172773,863.2954014355793,645.3056125531434
2021-12-30,665.22246728959,670.3012372632337,661.7370202304379,666.0689086914062,5119705,680.7053131103515,711.9433740234375,,679.7313082932992,40.45329752975219,-10.703374574254099,-11.15725446314075,0.453879888886652,712.288675774478,680.7053131103515,649.1219504462251,0.09279599279110172,16.75475917575458,0.025154693391516884,26.424608269925255,16.28664988142051,29.087034840042794,-128350920.0,8333360.35,718.9481238852242,653.2226316172773,863.2954014355793,645.3056125531434
2021-12-31,670.1518857750453,683.6455327131083,668.4091622757767,675.7285766601562,5586980,680.981655883789,709.4288732910156,,679.3500957568094,45.590970677141875,-9.774948945558663,-10.880793359624334,1.1058444140656718,712.2880742090941,680.981655883789,649.6752375584839,0.09194496813478813,16.81346380760797,0.024881978339157847,25.462772093573193,20.739566031759956,26.915085531442337,-122763940.0,8158715.55,718.9481238852242,653.2226316172773,863.2954014355793,645.3056125531434
2022-01-03,677.4214974662981,695.5956133483413,676.1766950086239,693.4545288085938,8550860,682.637240600586,707.2091418457031,,680.6933750950747,53.51667705593154,-7.5221184503172935,-10.209058377762926,2.686939927445632,712.8870390675605,682.637240600586,652.3874421336114,0.08862627664544258,17.03157615622062,0.024560480101676066,23.73923539795425,24.023274971184023,24.672515668374444,-114213080.0,7962765.3,718.9481238852242,653.2226316172773,863.2954014355793,645.3056125531434
2022-01-04,698.0852186395155,708.0934182483302,697.1391566148998,706.2013549804688,9705906,683.7401336669922,705.0670861816407,,683.1227065127312,58.228844012539376,-4.654517331214265,-9.098150168453193,4.443632837238928,715.6898527968893,683.7401336669922,651.790414537095,0.09345573722152727,16.860669962186034,0.02387515946164157,22.700202184007335,27.82801458003006,23.142419593224727,-104507174.0,7989169.05,718.9481238852242,653.2226316172773,863.2954014355793,645.3056125531434
2022-01-05,708.9399336960422,727.8609314180345,704.8071651442165,723.8775634765625,11312955,685.2239410400391,702.7129174804687,,687.0041214616674,63.72108437869457,-0.9447104509612245,-7.4674622249548,6.522751773993575,721.4495229382801,685.2239410400391,648.9983591417981,0.10573355578690806,17.303033984445463,0.023903260520113767,22.710499129634428,33.33989175461073,20.939998524871562,-93194219.0,7718265.0,727.8609314180345,653.2226316172773,863.2954014355793,645.3056125531434
2022-01-06,716.9564869601546,730.4501344102309,716.0104248683791,727.263427734375,7955578,687.0338836669922,700.4901965332032,,690.8383411066872,64.67909425003941,2.242696765825599,-5.525430426798721,7.76812719262432,727.6027177820147,687.0338836669922,646.4650495519697,0.11809849580777396,17.09851080997449,0.023510752992544997,22.834503189810555,32.41041208761155,19.67686639822726,-85238641.0,7700371.45,730.4501344102309,653.2226316172773,863.2954014355793,645.3056125531434
2022-01-07,730.9480821877754,737.8194168097207,722.234464041804,727.5621948242188,10454143,689.1525421142578,699.3569299316406,,694.3358509845473,64.76750538750903,4.738228606477151,-3.4726986201435466,8.210927226620697,733.3758792563967,689.1525421142578,644.9292049721189,0.12834121457773545,16.990399521256073,0.023352504627265583,23.27258827653162,33.384968748628175,18.387638186674515,-74784498.0,7747080.6,737.8194168097207,653.2226316172773,863.2954014355793,645.3056125531434
2022-01-10,730.5995079459155,740.9064483380697,730.1513668894366,739.71142578125,9595787,691.0844757080079,699.0472229003906,,698.657334298519,68.24804319701586,7.608589884397816,-1.2564409192352741,8.86503080363309,740.3145065026554,691.0844757080079,641.8544449133603,0.1424718179183867,16.729960520727136,0.022616874550852994,23.812750097389753,32.800925300138154,17.340033863793682,-65188711.0,7992300.6,740.9064483380697,653.2226316172773,863.2954014355793,645.3056125531434
2022-01-11,739.811025520687,743.9437332368342,734.2342740070868,740.1595458984375,7252279,692.6952484130859,699.072119140625,,702.6099258794636,68.372152100748,9.806488332180834,0.9561449310479475,8.850343401132886,745.9685132756656,692.6952484130859,639.4219835505062,0.15381443711249604,16.22849614280001,0.02192567296163311,24.44819895811778,32.73600089233177,16.59899894788551,-57936432.0,7790361.8,743.9437332368342,653.2226316172773,863.2954014355793,645.3056125531434
2022-01-12,746.5329740755099,748.3254775059404,740.0600011235199,743.7445678710938,5294563,694.4056030273438,698.9625756835937,,706.5275108310474,69.4025380138346,11.702718346556821,3.1054596141497224,8.597258732407099,751.7712197126831,694.4056030273438,637.0399863420045,0.16522221720345312,15.659709017058619,0.021055224728408057,25.232432166633227,33.50045491022657,15.973195339282983,-52641869.0,7722350.15,748.3254775059404,653.2226316172773,863.2954014355793,645.3056125531434
2022-01-13,745.8856546290267,745.8856546290267,733.9853306265348,737.6201782226562,5196538,695.9516479492188,698.6608361816407,,709.4887172492959,65.47806128280433,12.566449031488219,4.997657497617422,7.5687915338707965,756.155684045685,695.9516479492188,635.7476118527526,0.17301212310904418,15.391181516018136,0.020865998477840163,25.410391508950465,31.650294027758815,17.910208284796905,-57838407.0,7602433.9,748.3254775059404,653.2226316172773,863.2954014355793,645.3056125531434
2022-01-14,731.7446631332328,732.8899057046035,713.0726263046016,718.6991577148438,16302342,697.5848266601563,698.0852404785156,,710.3659020555385,55.1098857242306,11.590584552888345,6.316242908671607,5.2743416442167375,758.3933872808198,697.5848266601563,636.7762660394928,0.17434026170494007,16.045207973306457,0.022325346845157523,23.98673442064493,28.191596768113033,25.262731352328558,-74140749.0,7496801.45,748.3254775059404,653.2226316172773,863.2954014355793,645.3056125531434
2022-01-17,716.0104626064722,717.6037856376907,706.54996275284,709.6868896484375,19680557,699.4918701171875,697.2825927734375,,710.3012342072432,50.96993794385543,9.97500456517912,7.04799523997311,2.9270093252060096,759.2984072708757,699.4918701171875,639.6853329634994,0.17099994927365958,15.76692132964198,0.02221672903870684,22.298416466225067,26.63995221944425,26.8272387313434,-93821306.0,7919683.3,748.3254775059404,653.2226316172773,863.2954014355793,645.3056125531434
2022-01-18,714.5166357829792,732.8401529156072,711.2801492794325,722.1846313476562,24055886,702.4470336914062,696.7677429199218,,711.4329863158539,55.91568167390089,9.592532350641818,7.556902662106852,2.035629688534966,760.582540486966,702.4470336914062,644.3115268958464,0.16552281953574147,16.29451718232253,0.022562813545222656,21.55555498236204,30.615149566429466,24.104420488127122,-69765420.0,8406978.85,748.3254775059404,653.2226316172773,863.2954014355793,645.3056125531434
2022-01-19,722.1846159372082,728.9065493011371,715.7116430682395,726.5662841796875,7746270,705.4470062255859,696.4600280761719,,712.8742527790762,57.53305863348385,9.533091583965415,7.952140446478565,1.5809511374868501,762.0385931017763,705.4470062255859,648.8554193493956,0.16044178053565564,16.073116400220755,0.0221220234825068,20.86575503306066,28.819942420639,22.69098862454826,-62019150.0,9103967.95,748.3254775059404,653.2226316172773,863.2954014355793,645.3056125531434
2022-01-20,728.0102865400066,734.0849592471822,719.1473291528737,725.8692626953125,8505400,707.9415924072266,696.0527294921875,,714.1118727710987,57.1737096853535,9.322279108938574,8.226168178970568,1.096110929968006,763.5063265214352,707.9415924072266,652.376858293018,0.1569754756893738,15.992010235512735,0.02203152972221317,20.514096124171108,29.210045058945287,21.17706479831974,-70524550.0,9116804.75,748.3254775059404,653.2226316172773,863.2954014355793,645.3056125531434
2022-01-21,718.9979752604166,722.2344619911595,705.1059662137219,709.5374755859375,10689060,710.182241821289,695.5438562011718,,713.6762158963214,49.38963552311047,7.748055216828561,8.130545586542166,-0.3824903697136044,762.0891139282749,710.182241821289,658.2753697143032,0.1461790201170581,16.332816395946868,0.02301896229294893,19.20867739272583,26.557642632284075,25.394824900425505,-81213610.0,9197840.6,748.3254775059404,653.2226316172773,863.2954014355793,645.3056125531434
2022-01-24,712.0270697770632,713.4212729674985,685.3385148423938,701.6702880859375,8812501,711.7979919433594,694.9174731445313,,712.5327942000945,46.13143344213441,5.798810085211471,7.664198486276027,-1.865388401064556,760.429292350092,711.7979919433594,663.1666915366268,0.13664354481798657,17.172097948029567,0.024473172428139643,18.786536928045077,23.455384802366524,30.650811408509547,-90026111.0,9430848.95,748.3254775059404,661.7370202304379,863.2954014355793,645.3056125531434
2022-01-25,711.0312099639364,751.8607332251709,705.653638685273,749.0723876953125,38088158,715.6195343017578,695.2948962402344,,716.0127554853533,62.278507166406456,7.986904494120154,7.728739687844853,0.2581648062753006,763.3460176574109,715.6195343017578,667.8930509461046,0.1333850770359999,19.530551318829836,0.02607298258439336,18.448460568203966,33.20827246353204,25.024542509672642,-51937953.0,9521637.55,751.8607332251709,661.7370202304379,863.2954014355793,645.3056125531434
2022-01-27,740.9064641820595,773.7692508998122,735.0309719411847,770.63232421875,34927774,720.7655487060547,696.2449291992187,,721.2146191742482,67.10782301455015,11.330085597053767,8.449008869686637,2.8810767273671303,768.912688716955,720.7655487060547,672.6184086951544,0.1336000037663728,20.902531864529667,0.02712387114791764,18.926811233221574,36.29887702658317,21.71186210318098,-17010179.0,11193768.1,773.7692508998122,661.7370202304379,863.2954014355793,645.3056125531434
2022-01-28,774.8646320065294,781.4372256424338,758.3336792018738,761.5203857421875,17765524,725.5381225585937,697.2875756835938,,725.0532636092901,63.412763781897915,13.093390963363731,9.377885288422057,3.7155056749416744,769.8199936697769,725.5381225585937,681.2562514474106,0.12206628358830855,21.059747191388976,0.02765486989670523,19.619017332841967,36.05523240849172,20.010508704568412,-34775703.0,12741662.1,781.4372256424338,668.4091622757767,863.2954014355793,645.3056125531434
2022-01-31,772.2256773944843,774.5658817405338,759.1801109564559,769.8356323242188,12319200,730.2434753417969,698.6160290527343,,729.3182511059499,65.29095561568323,14.98901009777569,10.500110250292785,4.488899847482905,772.2979451591096,730.2434753417969,688.1890055244841,0.11517931001746734,20.654463162295325,0.026829705322858624,20.26178013963233,34.13680394153457,18.94578863558624,-22456503.0,13373953.05,781.4372256424338,676.1766950086239,863.2954014355793,645.3056125531434
2022-02-01,774.8646166151174,790.5989684488723,765.9020388380335,778.6488647460938,15457534,734.5031921386719,700.5180871582031,,734.0164047859636,67.2121364149607,17.006416734199433,11.801371547074115,5.205045187125318,778.0224833797837,734.5031921386719,690.9839008975601,0.11849993766370308,20.943210765762714,0.026896861620150175,21.37418605383803,36.72964701898658,17.34996698521905,-6998969.0,13710564.05,790.5989684488723,685.3385148423938,863.2954014355793,645.3056125531434
2022-02-02,786.7151228589685,802.5490338214619,784.0761174380971,800.7564697265625,13478899,739.2309478759765,702.8772351074218,,740.372601446973,71.47705804168615,20.1567702884239,13.472451295344072,6.6843189930798275,789.4526819540027,739.2309478759765,689.0092137979503,0.13587562647999982,21.15442207359167,0.02641804702597702,22.751188344949185,37.80055368779172,15.94983033106077,6479930.0,14055897.75,802.5490338214619,685.3385148423938,863.2954014355793,645.3056125531434
2022-02-03,798.8644694960547,808.5241491120597,789.7524908271619,796.2254638671875,10802708,742.8483428955078,705.1557214355469,,745.6919216774697,69.482212896668,22.033841462770283,15.184729328829315,6.849112133940968,798.2776679410639,742.8483428955078,687.4190178499517,0.14923456604749538,20.98422466011354,0.026354626437335046,24.19453084075671,37.4190849907703,14.930681186111913,-4322778.0,14244547.4,808.5241491120597,685.3385148423938,863.2954014355793,645.3056125531434
2022-02-04,793.6362913757429,801.1548862940741,787.8604199515255,795.2296142578125,10776387,746.2466522216797,707.5188537597656,,750.4097971613119,69.02623840978977,23.173942368843427,16.782571936832138,6.391370432011289,805.630131840938,746.2466522216797,686.8631726024214,0.1591524181514663,20.434956208858903,0.025696925570271725,25.40125615214941,35.68023416751039,14.89821458175333,-15099165.0,14219035.05,808.5241491120597,685.3385148423938,863.2954014355793,645.3056125531434
2022-02-07,799.1632198473101,800.2586217551122,780.8397023943364,786.3168334960938,10939179,749.1843841552734,710.0652221679687,,753.8295149074816,64.91995196591071,23.0921022502298,18.04447799951167,5.04762425071813,810.3659064627611,749.1843841552734,688.0028618477857,0.16332834373335647,20.36238214828154,0.02589590007598724,26.021356586032233,33.24973131661989,16.346138521421302,-26038344.0,14360075.5,808.5241491120597,685.3385148423938,863.2954014355793,645.3056125531434
2022-02-08,790.6985453293908,797.6694393058464,772.9227900019778,795.2296142578125,12300670,751.9602935791015,713.0019604492187,,757.7723815122749,67.03203897661186,23.47581569669262,19.130745538947863,4.3450701577447575,816.1353762382801,751.9602935791015,687.785210919923,0.17068742380990554,20.67554408796633,0.02599946445312252,26.052469594294024,30.40710638171586,17.68374050086447,-13737674.0,14384327.3,808.5241491120597,685.3385148423938,863.2954014355793,645.3056125531434
2022-02-09,797.6695037872397,806.1341614429095,796.8230623342234,800.5076293945312,9399830,754.9776977539062,715.9536364746094,,761.8424051201089,68.25109176681757,23.92995347110468,20.09058712537923,3.839366345725452,822.249828360024,754.9776977539062,687.7055671477884,0.17820958369036732,19.97761573776138,0.02495618405644874,26.40422140960746,32.24808285316658,16.994278908193035,-4337844.0,14519571.45,808.5241491120597,685.3385148423938,863.2954014355793,645.3056125531434
2022-02-10,804.1921559017477,812.5572526081872,799.7606470606145,806.4328002929688,12848281,758.112109375,718.5468078613281,,766.089109422286,69.6096583869803,24.485716602828802,20.969613020869144,3.5161035819596584,828.7557947652247,758.112109375,687.4684239847754,0.1863673842341456,19.46468643846219,0.024136774237594093,26.96662527161551,33.090792551780346,16.19624365437541,8510437.0,14626949.0,812.5572526081872,685.3385148423938,863.2954014355793,645.3056125531434
2022-02-11,797.61963836871,806.5324361602936,795.179813384893,800.457763671875,9717894,761.2539886474609,721.0901879882813,,769.3623145889135,66.51851559691258,24.165462954458917,21.6087830075871,2.5566799468718173,833.5429345739149,761.2539886474609,688.965042721007,0.18992070190631521,18.885253319672078,0.023593066588599613,27.149050828359854,31.66992850200545,17.23338516800555,-1207457.0,15004634.9,812.5572526081872,685.3385148423938,863.2954014355793,645.3056125531434
2022-02-14,786.7151933070709,799.661139526048,766.7485730256154,770.1343994140625,8617389,763.8257507324219,723.0888415527344,,769.435846477023,53.52738168167341,21.22020425264043,21.53106725659777,-0.31086300395734057,833.4879748873195,763.8257507324219,694.1635265775242,0.18240344499540515,19.9441059858569,0.0258969161759699,25.547110668604166,27.84650153356903,25.335315387472917,-9824846.0,15230702.7,812.5572526081872,685.3385148423938,863.2954014355793,645.3056125531434
2022-02-15,773.7692315115252,795.7773153281973,761.1220259959247,793.6362915039062,7426563,768.0232208251953,725.7547106933594,,771.7406507652977,60.04108954525618,20.545634504791337,21.33398070623648,-0.7883462014451439,834.1585432014548,768.0232208251953,701.8878984489357,0.17222219480603998,20.99490479631517,0.0264540634306563,23.76632954303649,24.563294839578408,24.26244289372276,-2398283.0,14846455.05,812.5572526081872,685.3385148423938,863.2954014355793,645.3056125531434
2022-02-16,791.6943759362891,804.9390621447352,786.018064480849,793.73583984375,7457765,771.60078125,727.9465576171875,,773.8354306775312,60.06662144129736,19.790928336238494,21.025370232236888,-1.234441895998394,835.119893411143,771.60078125,708.0816690888569,0.1646424257327515,20.84676857257024,0.026264113986177076,22.5693974101678,26.109997854982556,22.689504267376012,5059482.0,14233755.35,812.5572526081872,685.3385148423938,863.2954014355793,645.3056125531434
2022-02-17,793.6861356706753,798.6653460575678,777.2547413939297,779.545166015625,6516308,774.2497253417969,729.6534326171875,,774.379214995445,54.7010186087401,17.842077120043427,20.3887116097982,-2.546634489754773,834.3630471192505,774.2497253417969,714.1364035643433,0.15528148040586326,20.887042579075086,0.026793883779476134,20.98295301823535,24.1982492545727,24.02504280017931,-1456826.0,13403849.3,812.5572526081872,685.3385148423938,863.2954014355793,645.3056125531434
2022-02-18,777.9020249191803,787.2629035187838,775.7609402452351,784.1260375976562,5466662,777.162564086914,731.5146618652344,,775.3074838147032,56.06535731106036,16.47729652563612,19.606428592965784,-3.129132067329664,833.118327083025,777.162564086914,721.2068010908031,0.1440001502436062,20.216679771537482,0.025782436498953353,19.539372349018247,23.214876764432443,23.576491524350516,4009836.0,13342351.2,812.5572526081872,685.3385148423938,863.2954014355793,645.3056125531434
2022-02-21,780.2919351604464,793.4868407847799,772.8729005965287,785.5698852539062,5635224,780.9641845703125,733.5222790527343,,776.2848553803416,56.50996954928797,15.335427251591796,18.75222832469099,-3.416801073099194,827.5768891707298,780.9641845703125,734.3514799698951,0.11937219534866057,20.245055515588465,0.025771170580253345,18.43525375345694,23.722385676879245,21.86177165200032,9645060.0,13190414.3,812.5572526081872,685.3385148423938,863.2954014355793,645.3056125531434
2022-02-22,762.9145522829463,783.7276749519059,762.9145522829463,775.9103393554688,6923558,784.6761871337891,735.0190307617188,,776.2491871874965,52.669753804101205,13.49547555778895,17.70087777131058,-4.20540221352163,814.0910174817091,784.6761871337891,755.2613567858691,0.07497316939198685,20.417218190972147,0.026313888545334077,17.396704331478013,21.842184993359833,23.612916587491252,2721502.0,12937722.5,812.5572526081872,705.653638685273,863.2954014355793,645.3056125531434
2022-02-23,780.242175983389,782.2338599042145,769.0389539287455,773.9683837890625,6303173,785.9209869384765,736.3395166015625,,776.0319678162172,51.90606587559639,11.745209535320896,16.509744124112643,-4.764534588791747,810.9896813956024,785.9209869384765,760.8522924813507,0.06379443957790193,19.90133874700763,0.025713374297769178,16.432337011069006,20.80777655858084,22.494649340177887,-3581671.0,12843275.35,812.5572526081872,735.0309719411847,863.2954014355793,645.3056125531434
2022-02-24,749.2715732290566,765.9519273549889,722.2842175475296,727.263427734375,13085009,783.7525421142578,736.6940356445313,,771.3873449512798,37.7348852480604,6.514318470217518,14.51065899333362,-7.9963405231161016,819.1223603038815,783.7525421142578,748.3827239246342,0.09025761650280506,22.171540710902296,0.030486258301167055,17.55814840812289,17.343127256277125,33.81178424582582,-16666680.0,11254026.1,812.5572526081872,722.2842175475296,863.2954014355793,645.3056125531434
2022-02-25,739.2134988721236,761.669723646592,734.3339095777253,754.8980102539062,10066136,783.4214233398437,737.6580102539062,,769.8169321229585,46.96170611373188,4.546272868401502,12.517781768347197,-7.971508899945695,819.729115728393,783.4214233398437,747.1137309512944,0.09269006771288978,23.04545179671049,0.030527901098797793,18.603544705387208,15.493636910954157,30.206058035279526,-6600544.0,10161887.85,812.5572526081872,722.2842175475296,863.2954014355793,645.3056125531434
2022-02-28,746.7819252024416,746.7819252024416,733.1388779185617,739.3131103515625,14463418,781.895297241211,738.7235607910156,,766.9118062399684,43.08412930294076,1.7093075429353348,10.356086923264826,-8.646779380329491,822.6522131517187,781.895297241211,741.1383813307033,0.10425159494963528,22.953571835184356,0.03104715919925908,19.616178644837596,14.444537517989637,28.532635167141095,-21063962.0,9776918.45,812.5572526081872,722.2842175475296,863.2954014355793,645.3056125531434
2022-03-02,725.6701092821028,753.3047259902704,721.9854815647388,747.1304931640625,11691602,780.3193786621093,740.2352502441406,,765.0278716613108,45.51432326876819,0.0907435089612818,8.303018240404118,-8.212274731442836,823.802738384879,780.3193786621093,736.8360189393396,0.11145015979821947,23.551119877352015,0.03152209700023637,20.940653290966967,13.072470519248126,29.205090482680603,-9372360.0,9884129.35,812.5572526081872,721.9854815647388,863.2954014355793,645.3056125531434
2022-03-03,752.8564998281435,756.2921666463311,729.3546545693358,734.5828247070312,8357181,777.0106964111328,741.6652795410156,,762.1283433799508,42.38596846082619,-2.1793499388325017,6.206544604556795,-8.385894543389297,823.7209157975784,777.0106964111328,730.3004770246872,0.1202305698034567,23.79300503446939,0.032389819410709196,21.947896815097568,12.912172005327195,26.843314476763794,-17729541.0,9695832.75,812.5572526081872,721.9854815647388,863.2954014355793,645.3056125531434
2022-03-04,719.993712952087,729.4542112550536,707.0975478459801,712.0269775390625,11660648,772.8007720947265,742.574482421875,,757.3567847284377,37.40839396406102,-5.7324041242771955,3.8187548587899967,-9.551158983067193,826.4821099146915,772.8007720947265,719.1194342747616,0.1389267189121931,24.05673873636809,0.03378627424976789,23.59429852931922,11.858429178144652,31.261187805252362,-29390189.0,9439746.85,812.5572526081872,707.0975478459801,863.2954014355793,645.3056125531434
2022-03-07,690.1185455355372,702.0686502201353,652.8740282893231,664.7743530273438,20147061,766.2780090332031,742.3504187011719,,748.5394102807145,29.5732613071403,-12.22024962521266,0.6109539619894653,-12.831203587202126,836.5975022727247,766.2780090332031,695.9585157936816,0.18353519848035874,26.563610915894614,0.039958838356091014,26.249800233723224,9.972226223989011,40.8692847918952,-49537250.0,9482643.85,812.5572526081872,652.8740282893231,863.2954014355793,645.3056125531434
2022-03-08,662.2349167877082,670.9485341138623,634.3513413440153,667.6124877929688,24828458,760.3427917480469,742.4081787109375,,740.8320843295006,30.514635723009803,-16.937653445209435,-2.8987675194503146,-14.03888592575912,842.0164719132357,760.3427917480469,678.6691115828581,0.21483383824135155,27.28029533403407,0.040862470119782834,28.98302959176817,9.016655595353567,41.80289324515008,-24708792.0,9951177.55,812.5572526081872,634.3513413440153,863.2954014355793,634.3513413440153
2022-03-09,668.7079427993228,677.6705213327464,656.3594769518335,671.396728515625,20438651,754.1511474609375,742.4490075683593,,734.2191932996077,31.823190513136495,-20.138726654565176,-6.346759346473287,-13.791967308091888,842.7858277602244,754.1511474609375,665.5164671616507,0.23505813283636973,26.853920265953985,0.03999709728303961,31.098506783097974,10.293522568257858,39.433291594082036,-4270141.0,10645641.5,812.5572526081872,634.3513413440153,863.2954014355793,634.3513413440153
2022-03-10,704.9565289632776,717.4045531307223,685.3882106595073,692.0603637695312,23224756,748.7287841796875,742.8373840332031,,730.2040666776957,38.62046520729028,-20.768807676916254,-9.231169012561882,-11.537638664354372,838.6163075517999,748.7287841796875,658.8412608075752,0.24010703280385767,28.222056290892795,0.04077976108496116,30.952873929310332,19.151388311713436,34.84154365421182,18954615.0,11052540.55,812.5572526081872,634.3513413440153,863.2954014355793,634.3513413440153
2022-03-11,689.0230997106047,703.7117691167635,684.5915906826417,687.9774169921875,14224356,742.8060150146484,743.2426916503906,,726.1824809933615,37.81814081245222,-21.351484486615732,-11.655232107372651,-9.69625237924308,832.3138085722622,742.8060150146484,653.2982214570346,0.24099910810724567,27.571922158266297,0.04007678373922468,30.837939148468656,18.20275772482454,33.322103150997954,4730259.0,11743786.85,806.5324361602936,634.3513413440153,863.2954014355793,634.3513413440153
2022-03-14,691.8115046453107,709.4379216051789,682.1518243198348,707.09765625,10720884,738.1380096435547,744.0632666015625,,724.3648786368509,43.715106885098656,-20.039414644741328,-13.332068614846385,-6.707346029894943,824.8257052148405,738.1380096435547,651.450314072269,0.23488208014961068,27.55150609591471,0.03896421640262608,30.45337555489084,18.39961766737328,30.964881358151622,15451143.0,11812590.6,804.9390621447352,634.3513413440153,863.2954014355793,634.3513413440153
2022-03-15,710.0352987151276,715.0145083835366,692.1101439088551,695.2470703125,12157425,734.3936431884765,744.4536364746094,,721.5917540345317,41.112717407793404,-19.728416186495224,-14.611338129176154,-5.11707805731907,821.6968400745645,734.3936431884765,647.0904463023885,0.23775586212061567,27.21956740868377,0.03915092716097186,29.822290289428548,18.7570998065536,29.103744063861654,3293718.0,11862740.1,804.9390621447352,634.3513413440153,863.2954014355793,634.3513413440153
2022-03-16,708.043604576157,722.9812333646836,706.1514806170635,720.8401489257812,10038170,730.7538360595703,745.0013488769531,,721.5201725956032,48.27437983194394,-17.218318061322748,-15.132734115605473,-2.085583945717275,813.8420817279507,730.7538360595703,647.6655903911899,0.22740419979569465,27.25632424036233,0.03781188420342647,28.845997633941373,19.48159754475523,26.98846045330246,13331888.0,12039741.9,804.9390621447352,634.3513413440153,863.2954014355793,634.3513413440153
2022-03-17,733.9356248150575,743.6450852518917,733.387923818486,736.17626953125,13657428,727.8758575439454,745.6008471679687,,722.9159913513791,52.03849419499609,-13.832102580921628,-14.872607808668704,1.0405052277470759,805.8698286168457,727.8758575439454,649.881886471045,0.2143056958533384,26.938367960772908,0.03659227969671657,27.014336077799634,23.782708137921716,25.356507409669284,26989316.0,12170322.25,798.6653460575678,634.3513413440153,863.2954014355793,634.3513413440153
2022-03-21,741.9022086334431,746.2839372654352,720.6907885160352,722.8816528320312,7495685,725.0426818847657,745.5809289550781,,722.9127210162031,48.728086736728,-12.081993179622827,-14.31448488285953,2.232491703236702,799.3528219398746,725.0426818847657,650.7325418296567,0.2049814222300347,26.842280874246267,0.037132331093321216,25.78860304340633,22.162996976454956,27.008380723300224,19493631.0,12480305.4,793.4868407847799,634.3513413440153,863.2954014355793,634.3513413440153
2022-03-22,725.9687806938647,732.939674335644,703.4129362404173,728.3588256835938,11117081,722.2543212890625,745.6028369140626,,723.4313976511928,50.1354743749178,-10.136212843670023,-13.47883047502163,3.3426176313516063,791.4997389948063,722.2543212890625,653.0089035833188,0.19174801912477635,27.034027818602013,0.03711635922476741,25.239489884933118,20.43395647260205,29.466435887309373,30610712.0,12529274.25,793.4868407847799,634.3513413440153,863.2954014355793,634.3513413440153
2022-03-23,733.039247491637,739.8110214913675,721.6369055962087,723.7281494140625,5886245,719.1622344970704,745.5261560058593,,723.459659723847,48.91302361368773,-8.865627350180375,-12.556189850053379,3.6905624998730033,782.0537774591987,719.1622344970704,656.270691534942,0.1749022402604612,26.40117696692749,0.03647941148662263,24.411532602780664,21.288262602422936,28.01756535966998,24724467.0,12811795.2,783.7276749519059,634.3513413440153,863.2954014355793,634.3513413440153
2022-03-24,716.109960582676,727.4128037940397,716.0104006948501,719.2468872070312,7559843,716.3290618896484,745.116865234375,,723.0584432936741,47.70088223449841,-8.126601201139238,-11.67027212027055,3.543670919131312,773.5931052351523,716.3290618896484,659.0650185441446,0.15988194921044674,25.32983597637479,0.03521716454656513,23.841193360953863,20.603758278576112,28.70332614806489,17164624.0,12824346.25,782.2338599042145,634.3513413440153,863.2954014355793,634.3513413440153
2022-03-25,720.2924403188133,723.6285471813724,712.5248855881715,718.2509765625,5430894,713.5431915283203,744.6786938476563,,722.6005893192767,47.419632801692124,-7.534427133492386,-10.843103122914918,3.3086759894225324,764.3802531172076,713.5431915283203,662.706129939433,0.14249189731598638,24.313680663290935,0.033851232308314494,23.43705008089774,19.93165824144167,28.790988407413877,11733730.0,12856160.5,765.9519273549889,634.3513413440153,863.2954014355793,634.3513413440153
2022-03-28,722.9812774658203,734.8318213401362,712.07679562876,732.939697265625,7077669,713.8270050048828,744.4625964355469,,723.5852662665479,51.92218018153354,-5.812860874733701,-9.837054673278676,4.0241937985449745,765.0293539870133,713.8270050048828,662.6246560227523,0.14345870532533372,24.2023481667256,0.033020926901649886,22.489307712774675,21.899537011860012,26.85746975827437,18811399.0,12812546.55,761.669723646592,634.3513413440153,863.2954014355793,634.3513413440153
2022-03-29,738.5662670600748,738.5662670600748,727.9605251108217,734.7322387695312,6174137,712.818716430664,744.4048376464843,,724.6468826954035,52.457223747349715,-4.2548172087309695,-8.720607180369134,4.465789971638165,761.4772637087132,712.818716430664,664.1601691526149,0.1365243256285405,23.231162008334707,0.03161854180679527,21.422247909252206,22.33363292144442,25.98166523833094,24985536.0,12512179.55,756.2921666463311,634.3513413440153,863.2954014355793,634.3513413440153
2022-03-30,743.8939230229128,762.665519123996,738.2176118556209,747.32958984375,16618114,713.2195404052734,744.9774462890625,,726.8071405190556,56.15043669260978,-1.980722886611943,-7.372630321617696,5.391907435005753,762.8665048510007,713.2195404052734,663.572575959546,0.1392193052296812,23.56702760448685,0.03153498526589077,20.441706551536118,27.74698780813021,23.782002607502317,41603650.0,12317579.6,762.665519123996,634.3513413440153,863.2954014355793,634.3513413440153
2022-03-31,759.8274518586874,759.8274518586874,748.1760882125745,757.9851684570312,20449544,713.7622741699219,745.9434118652343,,729.7764765131485,59.0482771778687,0.673564951852768,-5.763391266923604,6.436956218776372,765.0891149697418,713.7622741699219,662.4354333701019,0.14382054826170543,22.77637291951903,0.030048573332751405,19.53120386222832,26.659463512099183,22.84988320691089,62053194.0,12425314.4,762.665519123996,634.3513413440153,863.2954014355793,634.3513413440153
2022-04-01,756.8399178359851,772.5244292911387,752.0101084623437,771.3294067382812,9321859,715.5996032714844,746.9263073730468,,733.7338984393516,62.399506746966196,3.8099568824663947,-3.8487216370456045,7.658678519512,772.141953409016,715.5996032714844,659.0572531339528,0.15802789682676924,22.6147977701816,0.029319247487027286,19.211280877222446,28.942409152318795,21.369342394112614,71375053.0,12863211.5,772.5244292911387,634.3513413440153,863.2954014355793,634.3513413440153
2022-04-04,776.7567936155403,782.233924852573,763.8108470552813,780.8397216796875,10959783,719.0402404785157,748.0117761230468,,738.2201673193837,64.62156968828819,6.982483297703652,-1.6824806500957532,8.664963947799405,782.2730428881202,719.0402404785157,655.8074380689111,0.17588112277978668,22.31538920068946,0.028578706463198572,19.287978246437238,30.343560415347124,20.109196460536953,82334836.0,12911445.4,782.233924852573,634.3513413440153,863.2954014355793,634.3513413440153
2022-04-05,772.7734179454744,792.6902586141722,772.7734179454744,779.8438720703125,7334134,724.7937164306641,749.0912683105469,,742.184329676615,64.1937711997499,9.309067462766052,0.5158289724766076,8.793238490289443,788.169077362353,724.7937164306641,661.4183554989751,0.17487833985037496,22.144064305547197,0.028395509791927478,19.73885324675815,31.76698448561949,18.817293788387968,75000702.0,12876402.15,792.6902586141722,634.3513413440153,863.2954014355793,634.3513413440153
2022-04-06,773.7691763551528,776.7069221925688,766.0016214901004,770.48291015625,9954921,729.9372375488281,750.3101770019531,,744.8794325794373,60.162004052641294,10.2790601748668,2.4684752129546466,7.810584961912153,790.5522112616445,729.9372375488281,669.3222638360116,0.166082700250682,21.5510776108804,0.02797087038116128,19.75885682448687,30.309561310489688,20.19841779659959,65045781.0,12235755.8,792.6902586141722,656.3594769518335,863.2954014355793,634.3513413440153
2022-04-07,766.300451672499,791.6944237552134,766.0017112160361,788.8064575195312,9820244,735.8077239990234,752.052900390625,,749.0629587642081,64.81974466393376,12.3835931700238,4.451498804368478,7.932094365655323,795.3395924895743,735.8077239990234,676.2758555084725,0.1618136547058859,21.84690867718732,0.02769615850494781,20.324566617023816,32.66365477896068,18.501701308951255,74866025.0,11492078.95,792.6902586141722,682.1518243198348,863.2954014355793,634.3513413440153
2022-04-08,791.5948486328125,797.3707202116711,785.7193563827998,791.5948486328125,8104237,740.7844482421875,752.903349609375,744.5141311645508,753.1136149421704,65.48114291485128,14.113755996690315,6.383950242832846,7.72980575385747,801.4857380042483,740.7844482421875,680.0831584801267,0.1638838123724096,21.11865547373618,0.026678616605718002,21.04406973541829,33.29631653714639,17.77258950651875,82970262.0,10961158.6,797.3707202116711,682.1518243198348,863.2954014355793,634.3513413440153
2022-04-11,786.167442129292,790.9474713484954,780.7898712693325,782.7815551757812,6340427,745.5246551513671,753.1463342285156,744.7466604614258,755.9391330596573,61.54282554391718,14.605401399965785,8.028240474259434,6.577160925706352,803.7466717849481,745.5246551513671,687.3026385177861,0.1561907208065706,20.381964180146454,0.02603786975482513,21.39582822903926,32.03551716678383,18.827149597625066,76629835.0,10205132.65,797.3707202116711,682.1518243198348,863.2954014355793,634.3513413440153
2022-04-12,776.8563285454854,797.6694508899957,774.5659040762331,795.1300659179688,7672215,749.9262756347656,753.8185278320312,745.0757864379883,759.671602855687,64.74250821680363,15.80921673068417,9.584435725544381,6.224781005139789,809.1640902122214,749.9262756347656,690.6884610573098,0.15798303513852657,20.576362939690465,0.025877983768523814,21.973682880469056,31.799684441719034,17.31718563219904,84302050.0,9810936.2,797.6694508899957,692.1101439088551,863.2954014355793,634.3513413440153
2022-04-13,802.4494882066423,802.4494882066423,787.5616378393654,789.7525024414062,7640132,754.6515472412109,754.216865234375,745.3441659545898,762.5364504352792,62.3111392255991,16.143235453422108,10.896195671119926,5.247039782302181,810.67893767027,754.6515472412109,698.6241568121518,0.1484854583121949,20.170040613089494,0.02553969826083072,22.68707646190094,31.81588523057883,16.404177808154923,76661918.0,9658502.75,802.4494882066423,703.4129362404173,863.2954014355793,634.3513413440153
2022-04-18,776.7567833948308,798.3167876567369,772.7734152748573,795.5283813476562,11478317,758.3859588623047,754.5544555664062,745.5308862304687,765.6785390936009,63.88014509225946,16.681716411582443,12.05329981921243,4.628416592370012,814.855651085403,758.3859588623047,701.9162666392065,0.14892072186518712,20.553850025145934,0.025836727522312787,22.3625101131757,28.991648953991202,20.087200810734434,88140235.0,9432638.1,802.4494882066423,703.4129362404173,863.2954014355793,634.3513413440153
2022-04-19,801.6528015313107,812.8062439697597,782.2836626796526,794.4827270507812,8711816,761.3012817382812,754.4289807128906,745.7071502685546,768.4217950895228,63.36583922517109,16.83008415384802,13.008656686139549,3.821427467708471,818.8926958950877,761.3012817382812,703.7098675814747,0.1512972998687403,21.26590225835745,0.02676697873256367,22.642873482840375,30.88618302520497,18.027857131329274,79428419.0,9504645.45,812.8062439697597,703.4129362404173,863.2954014355793,634.3513413440153
2022-04-20,797.5200830692322,799.1134668213324,785.3210179316574,791.3956909179688,6676491,764.7269836425781,754.3323852539063,745.9200119018554,770.6097851684224,61.784328343802734,16.508271563503058,13.708579661612251,2.7996919018908066,820.9030494192816,764.7269836425781,708.5509178658747,0.14691796413178304,20.732084160594418,0.02619686257900459,22.903210897529004,29.418492045532915,17.17118528965573,72751928.0,9257364.85,812.8062439697597,703.4129362404173,863.2954014355793,634.3513413440153
2022-04-21,791.7939112226644,800.6569289024153,787.2628425001994,798.466064453125,6851615,768.2323455810547,754.3971142578125,746.1863995361329,773.2627641479179,64.00047786474966,16.632029142948795,14.293269557879562,2.3387595850692335,823.6375497499037,768.2323455810547,712.8271414122057,0.14424074822557253,20.20794146356738,0.02530845375051467,23.208886021277937,28.57127343876952,16.358236366959186,79603543.0,9216405.15,812.8062439697597,712.07679562876,863.2954014355793,634.3513413440153
2022-04-22,792.6902393006682,794.6819233190115,774.9642636936865,777.354248046875,6255027,770.9136505126953,754.2178625488282,746.3564392089844,773.6524292811519,53.94160437321678,14.855317913321414,14.405679228967934,0.44963868435348076,822.5033412470973,770.9136505126953,719.3239597782933,0.1338403871823837,20.443217127558178,0.026298456821870275,22.63547050579979,26.22513594131696,19.31209724031032,73348516.0,9003131.85,812.8062439697597,712.07679562876,863.2954014355793,634.3513413440153
2022-04-25,768.7900199116738,785.5201532664306,758.0847184686031,777.453857421875,8023525,773.8239990234375,753.8623474121093,746.506064453125,774.0144700564588,53.978356929158515,13.301962365455893,14.184935856265525,-0.8829734908096327,819.6746222628398,773.8239990234375,727.9733757840353,0.11850400943177136,20.94266124686313,0.026937497379344626,21.09596761732778,23.77116344026131,23.26206167009686,81372041.0,9021570.95,812.8062439697597,712.07679562876,863.2954014355793,634.3513413440153
2022-04-26,787.711060672883,793.2877518341234,765.8025355972783,771.777587890625,11087204,776.5003295898438,753.2877465820312,746.5790103149415,773.8014336597128,51.458458746961924,11.48054877001482,13.644058439015385,-2.1635096690005646,814.6683013050795,776.5003295898438,738.3323578746081,0.09830767679234971,21.40998660329041,0.027741135450443523,20.070517035367796,24.182868139764686,21.12900236809812,70284837.0,9044755.05,812.8062439697597,712.07679562876,863.2954014355793,634.3513413440153
2022-04-27,762.41659184877,769.7360668348151,745.8856393741215,762.7153930664062,11485697,777.9891143798828,752.4133984375,746.6166033935547,772.745620269874,47.635096474433375,9.199772733249802,12.755201297862268,-3.555428564612466,811.2521163722574,777.9891143798828,744.7261123875082,0.08551019899266268,21.730126739948485,0.028490478804400556,19.195346536126966,22.124693381646548,25.877572991743676,58799140.0,9327570.55,812.8062439697597,727.9605251108217,863.2954014355793,634.3513413440153
2022-04-28,773.6696509077843,782.1840875961353,763.1634694977997,776.5575561523438,11037317,780.0803802490234,751.9353942871094,746.7007516479492,773.1086617824902,53.33813165300301,8.412217363913442,11.886604511072504,-3.474387147159062,806.8219610564639,780.0803802490234,753.3387994415829,0.06856109058634155,21.568595867789956,0.02777462622945448,17.913334359177266,24.820620844594558,24.2091334868688,69836457.0,9547971.95,812.8062439697597,738.2176118556209,863.2954014355793,634.3513413440153
2022-04-29,761.8191065679225,763.6613898987086,721.9854277931292,725.5704345703125,34401710,778.9924224853515,751.0441149902343,746.572287902832,768.5812115718066,37.24669804674684,3.6319723487565625,10.235678078609316,-6.603705729852754,812.0094107920386,778.9924224853515,745.9754341786645,0.08476844537549505,23.92599104574885,0.03297542168999482,18.211625230889457,20.776859086284333,32.5582733257781,35434747.0,9791130.95,812.8062439697597,721.9854277931292,863.2954014355793,634.3513413440153
2022-05-02,718.9978924052576,735.1305442526191,715.5124455584178,724.3256225585938,16136040,777.3094451904296,749.6579016113282,746.4727038574218,764.3663935705483,36.95358076482427,-0.25392510107622,8.137757442672209,-8.391682543748429,817.1619573449648,777.3094451904296,737.4569330358945,0.10253963180589383,23.618284449209742,0.03260727456496841,18.69759824992389,19.544150489002504,32.584181836472354,19298707.0,10680310.75,812.8062439697597,715.5124455584178,863.2954014355793,634.3513413440153
2022-05-04,729.9521713782924,732.093255947953,701.0727539567774,704.2594604492188,14548684,773.9559478759766,747.8683740234375,746.2416687011719,758.6419237494692,32.51195502193224,-4.896257401253365,5.530954473887094,-10.42721187514046,824.9789508279353,773.9559478759766,722.9329449240179,0.13184988911057488,24.147014273635875,0.03428709961273856,19.592083688242695,17.75076296146081,33.86559279719331,4750023.0,10464635.55,812.8062439697597,701.0727539567774,863.2954014355793,634.3513413440153
2022-05-05,713.0228945064621,718.7987661325022,695.9940200814971,699.4296264648438,12726146,769.8854431152344,746.2660632324219,745.901091003418,753.0026573414096,31.529626332987263,-8.8629004340346,2.652183492302755,-11.515083926337354,830.204826753213,769.8854431152344,709.5660594772557,0.15669703636401958,24.051137972019397,0.03438678755085349,20.571987419587312,16.548557768453666,33.08029328726002,-7976123.0,10725976.8,812.8062439697597,695.9940200814971,863.2954014355793,634.3513413440153
2022-05-06,687.13098974294,689.6205947782404,665.3220253211583,670.6000366210938,15511195,764.4232513427735,743.9955432128907,745.4198504638672,745.1547887013796,26.401751404739557,-14.169463818375675,-0.7121459698329313,-13.457317848542743,838.38790650806,764.4232513427735,690.4585961774869,0.19351754420175327,24.769456769995543,0.0369362591967631,22.268077151435634,14.92088608418409,38.671597716513425,-23487318.0,10814294.95,812.8062439697597,665.3220253211583,863.2954014355793,634.3513413440153
2022-05-09,657.4549215410943,666.2183192645323,646.1022980661894,660.9403686523438,13999329,758.9461242675782,741.5029528808594,744.8698965454101,737.1343677443285,24.938250480234416,-18.936124156111532,-4.356941607088652,-14.57918254902288,845.463013016108,758.9461242675782,672.4292355190483,0.22799217489126267,24.75004832606046,0.03744671909891926,24.24159806321068,13.86597337832262,41.48430805462706,-37486647.0,11223148.0,812.8062439697597,646.1022980661894,863.2954014355793,634.3513413440153
2022-05-10,660.9403016502521,669.3053374004301,654.8158494630809,657.0067138671875,9523698,752.3561370849609,739.1248803710937,744.3152117919922,729.5031626131722,24.346397683905863,-22.76868663542018,-8.039290612754957,-14.729396022665224,848.3324940309794,752.3561370849609,656.3797801389424,0.25513543976097125,24.017151155438224,0.03655541206583962,25.891720639836322,14.186550711006214,39.696638016968826,-47010345.0,11425368.4,812.8062439697597,646.1022980661894,863.2954014355793,634.3513413440153
2022-05-11,658.948700892127,673.1892301427171,652.7246880394762,669.5543823242188,9352398,746.2541137695313,737.0366003417969,743.9026843261719,723.7937549666052,30.049243272374994,-24.510980705138877,-11.333628631231743,-13.177352073907134,846.8812133002535,746.2541137695313,645.627014238809,0.2696858822591344,23.763393365995558,0.03549135662962265,27.186490590689193,14.481325861270628,37.254786421523335,-37657947.0,11410541.1,812.8062439697597,646.1022980661894,863.2954014355793,634.3513413440153
2022-05-12,664.2266262089357,664.2266262089357,641.3222597879379,646.9487915039062,11166084,739.4624755859375,735.4303076171875,743.4241821289063,716.4751870177768,26.21523329965305,-27.39999349522691,-14.546901604030777,-12.853091891196131,847.3826607878588,739.4624755859375,631.5422903840162,0.2918881992393385,24.08258830673022,0.03722487563621148,28.655057668910494,13.268717218177258,37.51716071662968,-48824031.0,11472949.15,812.8062439697597,641.3222597879379,863.2954014355793,634.3513413440153
2022-05-13,653.6707689280064,656.6582951831044,630.7664009722546,633.3057861328125,9618627,731.3712615966797,732.9984631347656,742.8724859619141,708.5542916953992,24.207745499674104,-30.439545329084126,-17.725430349041446,-12.71411498004268,845.4719531773691,731.3712615966797,617.2705700159903,0.3120185262177039,24.211824442738763,0.03823085936192793,30.251094861147127,12.255185812304445,37.765550345427535,-58442658.0,11714232.0,812.8062439697597,630.7664009722546,863.2954014355793,630.7664009722546
2022-05-16,637.1894952793102,646.5006546803589,627.4302555921838,636.2932739257812,6159695,723.6983001708984,730.93806640625,742.2926568603516,701.6722900030546,25.55215657664037,-32.23575306353223,-20.627494891939605,-11.608258171592624,841.6379515287898,723.6983001708984,605.758648813007,0.3259359634533906,23.844579774555648,0.0374741974364119,31.805754939749203,11.555082756389648,36.60748668447967,-52282963.0,11811552.6,812.8062439697597,627.4302555921838,863.2954014355793,627.4302555921838
2022-05-17,640.2268014634527,654.7660693369427,638.4840780849894,652.2266845703125,8152237,716.5332153320312,729.039990234375,741.7880139160156,696.9631847237458,32.435696759387255,-32.004638011316274,-22.90292351581494,-9.101714495501334,833.5551528239732,716.5332153320312,599.5112778400892,0.32663367165112017,23.46088089145606,0.03597044010383002,32.679751830806424,13.421675638561258,34.54861072238068,-44130726.0,11737530.75,812.8062439697597,627.4302555921838,863.2954014355793,627.4302555921838
2022-05-18,652.0274777362135,667.6124276334435,647.5959691676821,656.7079467773438,13013873,709.6444763183594,727.4824926757813,741.428265991211,693.1293525383742,34.27629110619051,-31.101360138947257,-24.542610840441405,-6.558749298505852,823.6835145011843,709.6444763183594,595.6054381355344,0.3213976631635612,23.214850718192157,0.03535034231291727,32.66084038000157,16.547696222241637,32.42084456598798,-31116853.0,11571226.75,800.6569289024153,627.4302555921838,863.2954014355793,627.4302555921838
2022-05-19,640.6251260669496,655.0150546655143,638.533882246016,647.4964599609375,9216948,702.4495147705078,726.1918823242188,741.0662774658203,688.7833627690945,32.32681565707419,-30.77405180675953,-25.788899033705032,-4.985152773054498,813.0553704594981,702.4495147705078,591.8436590815174,0.31491474721888185,22.854794561987557,0.03529717299669307,32.922198568306044,15.607790598962477,33.4115406319849,-40333801.0,11786329.6,800.6569289024153,627.4302555921838,863.2954014355793,627.4302555921838
2022-05-20,657.0067424535753,672.9402140401721,655.2640189987912,670.3012084960938,9708672,696.0412719726562,726.3024194335937,740.8464450073242,687.0231576002374,41.23738221496414,-28.347729990340667,-26.300665225032162,-2.0470647653085052,798.1797082556769,696.0412719726562,593.9028356896355,0.29348385044337777,23.039720241790917,0.03437218962126514,32.097808933942474,19.93384496166921,30.775983384615618,-30625129.0,11913352.45,794.6819233190115,627.4302555921838,863.2954014355793,627.4302555921838
2022-05-23,670.2016657306767,681.9525891696802,665.7701566761832,672.5418701171875,7919353,690.8006530761719,726.4010070800781,740.6793923950195,685.6439873637564,42.04483387574298,-25.944972312656432,-26.22952664255702,0.2845543299005868,786.2495304010079,690.8006530761719,595.3517757513359,0.27634275358541444,22.549913974055638,0.03352938304068179,30.846664633679524,21.76679276039482,29.198434529739632,-22705776.0,12056205.3,793.2877518341234,627.4302555921838,863.2954014355793,627.4302555921838
2022-05-24,666.9154111045085,678.6165548071242,658.4507539579354,661.2888793945312,8088546,684.9924041748047,726.1988500976563,740.3950793457032,683.3244532714492,39.13631618164719,-24.664475132088228,-25.916516340463264,1.2520412083750365,772.4451259955822,684.9924041748047,597.5396823540273,0.2553392454800425,22.379620179422293,0.03384242632344404,29.969834885643102,20.365821684246807,29.655261049462446,-30794322.0,12139421.6,793.2877518341234,627.4302555921838,863.2954014355793,627.4302555921838
2022-05-25,665.222450290766,669.8531398635722,657.3054943024384,662.2349243164062,5169619,679.5152709960937,725.6023413085937,740.0286093139648,681.3159267043022,39.51513735896523,-23.304691989646358,-25.394151470299885,2.0894594806535274,757.7791167859364,679.5152709960937,601.251425206251,0.23035198509995686,21.67733627811597,0.03273360477098434,29.20105103652061,19.523786519117223,28.806521624044702,-25624703.0,12142672.65,782.1840875961353,627.4302555921838,863.2954014355793,627.4302555921838
2022-05-26,670.1518970058704,682.4007416497296,665.2224668690542,680.4090576171875,10114633,675.3999542236328,725.4509741210937,739.6773263549804,681.2295582198152,46.415076544048624,-20.523965879811726,-24.420114352202255,3.8961484723905286,743.7607173679052,675.3999542236328,607.0391910793604,0.20243046425092687,21.569370639202212,0.03170059304433539,27.768903998492046,22.375207772296207,26.882804811520085,-15510070.0,11846793.4,782.1840875961353,627.4302555921838,863.2954014355793,627.4302555921838
2022-05-27,686.1350897885424,690.915118896398,681.4048406209146,685.43798828125,5539060,670.8439758300781,725.0177807617188,739.3735943603516,681.630361082809,48.17676734459583,-17.710274705117968,-23.078146422785398,5.36787171766743,721.4774284195671,670.8439758300781,620.210523240589,0.15095448245424586,20.77913425634566,0.030315119108658934,25.986347784755303,24.493962415680816,25.911939412115757,-9971010.0,11778240.2,763.6613898987086,627.4302555921838,863.2954014355793,627.4302555921838
2022-05-30,692.209730339595,695.0976963705883,687.2305204802069,690.7658081054688,3818060,669.1037445068359,724.9281555175781,739.138575744629,682.5004036563956,50.05037174268307,-14.878978047170904,-21.4383127476625,6.559334700491597,714.1815852258733,669.1037445068359,624.0259037877986,0.13474096084236395,19.98488953013085,0.02893149790511849,24.148106216901798,25.143214442741623,25.01732861710813,-6152950.0,11503327.35,735.1305442526191,627.4302555921838,863.2954014355793,627.4302555921838
2022-05-31,686.1351396009929,693.1060336172584,680.2098675308928,682.3509521484375,10410424,667.0050109863281,724.1583715820312,738.7885372924804,682.4861701794473,47.15086010275354,-13.162435237121827,-19.783137245554368,6.620702008432541,704.9470659290666,667.0050109863281,629.0629560435896,0.11376842547743994,19.478552141290475,0.028546237211160428,22.77136709417303,23.95417377363359,26.408740592758114,-16563374.0,9974144.85,732.093255947953,627.4302555921838,863.2954014355793,627.4302555921838
2022-06-01,680.1600210066633,689.5707391636876,677.6704162445599,683.1973266601562,6966674,665.951904296875,723.0987927246093,738.4126068115235,682.5538993680863,47.480423776603594,-11.600049197121507,-18.146519635867797,6.54647043874629,700.7372864983095,665.951904296875,631.1665220954405,0.10446815145956086,18.937250053993132,0.027718565800848215,21.625625973131967,22.878959570506417,26.181194308748694,-9596700.0,9687864.05,718.7987661325022,627.4302555921838,863.2954014355793,627.4302555921838
2022-06-02,679.1642208915783,690.2678831263274,679.1642208915783,688.6744995117188,6347433,665.4141479492188,722.4146496582031,738.0677966308593,683.1368136674798,49.66781154783962,-9.806837807855686,-16.478583270265375,6.671745462409689,698.3986560960819,665.4141479492188,632.4296398023556,0.09913978609718525,18.377708066904272,0.0266856230046769,20.51797167334941,22.162540983307665,25.05130392568104,-3249267.0,9308763.55,695.0976963705883,627.4302555921838,863.2954014355793,627.4302555921838
2022-06-03,694.4006043591922,695.097705905343,670.3510568772786,674.4837646484375,8475726,665.6083343505859,721.3371484375,737.6692108154297,682.3127137609044,44.496896417395206,-9.42216570783387,-15.067299757779075,5.645134049945206,698.7579926505942,665.6083343505859,632.4586760505775,0.09960710102090739,18.832632421272855,0.027921550389117263,19.97540398536171,20.08238029271337,26.04267043719633,-11724993.0,8989827.9,695.097705905343,627.4302555921838,863.2954014355793,627.4302555921838
2022-06-06,674.1849974462752,681.1558910683195,667.5128442517592,669.4049682617188,6756864,666.0315643310547,720.2506848144532,737.2325338745118,681.0834046657438,42.78026728592077,-9.418555475613744,-13.93755090134601,4.518995425732266,699.14815014543,666.0315643310547,632.9149785166794,0.09944449358833844,18.46194773522196,0.027579639546391668,19.624085405713327,19.022343343621806,25.76611662083483,-18481857.0,8638054.45,695.097705905343,627.4302555921838,863.2954014355793,627.4302555921838
2022-06-07,669.4049929222015,675.1808642655441,658.3511104454917,663.0813598632812,8312778,666.3352966308594,719.1273742675781,736.7537826538086,679.3689242083665,40.67612465180058,-9.812840374170037,-13.112608795910816,3.2997684217407794,699.2258788522553,666.3352966308594,633.4447144094635,0.0987208163448584,18.34536245556699,0.027666834820012982,19.774367553562744,17.77585722279482,27.644894206676874,-26794635.0,8275931.2,695.097705905343,627.4302555921838,863.2954014355793,627.4302555921838
2022-06-08,667.2141963367413,670.7494235789666,652.7247061695846,655.861572265625,9282494,665.6506561279297,717.8795861816407,736.2650732421876,677.1301287852483,38.35651473175976,-10.585863275425595,-12.607259691813772,2.0213964163881766,698.8136286464622,665.6506561279297,632.4876836093971,0.09964077166674967,18.322459237982347,0.027936473202247198,20.18996920326957,16.526785956179967,27.895753473622353,-36077129.0,8215385.2,695.097705905343,627.4302555921838,863.2954014355793,627.4302555921838
2022-06-09,654.2184046436244,659.994276004249,647.2972906869284,658.55029296875,5682743,666.2307312011719,716.3917980957032,735.8015087890625,675.3606206122485,39.734827394750354,-10.856386537693538,-12.257085060989725,1.400698523296187,698.4575504860151,666.2307312011719,634.0039119163288,0.09674371888171603,17.920639672220794,0.027212256776068547,20.83519878019429,15.690398566052384,28.647279485146047,-30394386.0,8211890.0,695.097705905343,627.4302555921838,863.2954014355793,627.4302555921838
2022-06-10,652.7744292815764,660.9403458163541,649.4881628465018,657.9528198242188,6758832,667.4630828857422,714.8562097167969,735.4054125976562,673.7027348229124,39.52334625163315,-10.992277133191578,-12.004123475430095,1.0118463422385169,696.262171071345,667.4630828857422,638.6639947001394,0.08629417543541575,17.458607050623044,0.026534740067361295,21.350567131920442,15.342300372622157,27.305027554618093,-37153218.0,7937722.95,695.097705905343,627.4302555921838,863.2954014355793,627.4302555921838
2022-06-13,644.2600248890577,649.289015073459,637.4384703937707,646.251708984375,6135431,667.9610046386719,712.8346520996093,734.971474609375,671.0883514097183,35.53452792885811,-11.906897955826366,-11.98467837150935,0.07778041568298377,694.8695321805235,667.9610046386719,641.0524770968202,0.08056915704654823,17.67687436346769,0.027352924746996805,22.398076698011074,14.070512383898622,29.910628665954462,-43288649.0,7794733.2,695.097705905343,637.4384703937707,863.2954014355793,627.4302555921838
2022-06-14,642.3180978828515,652.9736195698958,640.4259737470816,648.044189453125,5391833,667.7518798828125,710.6358325195313,734.4954623413086,668.8936693186141,36.59027154662836,-12.344800181684604,-12.056702733544402,-0.28809744814020277,695.2057696188931,667.7518798828125,640.297990146732,0.08222781713740317,17.31050089627816,0.026711914369429404,23.029032295531533,14.8623878095017,28.361989914882834,-37896816.0,7793520.0,695.097705905343,637.4384703937707,863.2954014355793,627.4302555921838
2022-06-15,651.2806127197829,653.6208169085992,644.5088998508353,647.795166015625,4638336,667.3062408447265,708.1651477050781,734.0545532226563,666.8842880516628,36.50083714667927,-12.56706960514407,-12.158776107864336,-0.4082934972797343,695.7347842301965,667.3062408447265,638.8776974592565,0.08520388884564604,16.724887764955714,0.02581817315467943,23.55296342442971,14.560420755868703,27.258279327876036,-42535152.0,7655499.8,695.097705905343,637.4384703937707,863.2954014355793,627.4302555921838
2022-06-16,654.7660742888861,655.4631758018171,628.4260428703448,632.2600708007812,5960283,666.5444213867188,705.1935546875,733.4996203613281,663.5867435515788,31.35247412779505,-13.837264702142534,-12.494473826719977,-1.3427908754225566,697.7377207744116,666.5444213867188,635.351121999026,0.09359706086143946,17.461476705421187,0.027617554091792586,24.78705175769597,12.950051180783413,30.822451685595993,-48495435.0,7236722.95,695.097705905343,628.4260428703448,863.2954014355793,627.4302555921838
2022-06-17,627.3803869025398,638.1354670931676,623.9945001844881,632.5587768554688,6849201,664.6572998046875,702.2478527832031,732.9160562133789,660.6316991043302,31.55238639196409,-14.650913771472347,-12.925761815670452,-1.7251519558018948,699.1095730561383,664.6572998046875,630.2050265532366,0.10366928419073947,17.224297434225353,0.02722956042100871,26.113438694319633,12.190632915010598,30.852703797612012,-41646234.0,7073889.7,695.097705905343,623.9945001844881,863.2954014355793,623.9945001844881
2022-06-20,632.6086755846839,634.5007998320805,619.6129487147803,625.6875610351562,5305222,662.314584350586,699.3519458007812,732.1405444335937,657.303685954885,29.42929516095957,-15.669557309787251,-13.474520914493812,-2.195036395293439,700.4760922813222,662.314584350586,624.1530764198498,0.11523680387667865,17.057408411587843,0.027261862747227316,27.521018464416652,11.430626623797641,30.76403133500272,-46951456.0,6930916.15,695.097705905343,619.6129487147803,863.2954014355793,619.6129487147803
2022-06-21,629.3721048335624,642.6665703936861,625.5381376847027,633.8533935546875,10333886,660.9428100585938,696.2528845214844,731.3936627197265,655.0703247739139,35.02475677601146,-15.637663957224731,-13.907149523039998,-1.7305144341847338,701.0747311549941,660.9428100585938,620.8108889621934,0.12143840733464539,17.062481575687524,0.026918656189564773,27.992006997481887,14.029429376490429,28.558106857449037,-36617570.0,6800209.6,695.097705905343,619.6129487147803,863.2954014355793,619.6129487147803
2022-06-22,629.919878425449,631.0153411524986,618.6668753835999,624.1937866210938,5899024,659.0407531738281,692.90486328125,730.5367404174805,652.1297020926929,31.81154132048789,-16.205036226048264,-14.366726863641652,-1.838309362406612,702.2364015910831,659.0407531738281,615.845104756573,0.13108642586739025,16.928484189644674,0.027120558634975363,28.748458608979032,13.130445063722348,29.627428913984463,-42516594.0,6912476.6,695.097705905343,618.6668753835999,863.2954014355793,618.6668753835999
2022-06-23,624.7913109726796,638.1853375875851,615.679332128826,626.733154296875,8450777,656.3569580078125,689.7838952636719,729.6735943603516,649.710983254996,33.53773945773051,-16.26231524057937,-14.745844539029196,-1.5164707015501726,700.5665533271161,656.3569580078125,612.1473626885089,0.13471204892377295,17.326878566009988,0.027646341105807336,28.75002129966844,14.867984037481872,26.87862337496167,-34065817.0,6948946.85,695.097705905343,615.679332128826,863.2954014355793,615.679332128826
2022-06-24,631.7123509552741,639.778707656886,629.0236261694425,631.3638305664062,6918584,653.6532501220703,686.5085705566406,728.8570040893554,647.9636353798923,36.685394919529394,-15.752467754786949,-14.947169182180748,-0.8052985726062012,697.0241873090675,653.6532501220703,610.282312935073,0.13270319448085877,17.021069622724347,0.026959209252539036,28.598214679694593,14.722684824908786,25.407142426207074,-27147233.0,6865754.05,695.097705905343,615.679332128826,863.2954014355793,615.679332128826
2022-06-27,641.3222003007019,644.2101661984539,632.0608825458006,634.4508666992188,4552114,650.8375030517578,683.4025378417969,728.0419073486328,646.676705029352,38.767376686277075,-14.92724000170756,-14.94318334608611,0.015943344378550606,691.4281716842403,650.8375030517578,610.2468344192754,0.12473364992691417,16.72287433767601,0.02635802899076819,28.027329613304165,15.80765425216495,24.01303537230977,-22595119.0,6934730.25,695.097705905343,615.679332128826,863.2954014355793,615.679332128826
2022-06-28,631.363820855087,642.0193422907768,629.3721368776262,639.6790771484375,10711123,648.7039093017578,680.2855517578125,727.3174322509766,646.0102642787888,42.232002704238056,-13.693517823127081,-14.693250241494304,0.9997324183672234,686.8572327455421,648.7039093017578,610.5505858579735,0.11762939269119314,16.431755128781337,0.025687498178040842,27.66805191210539,14.938593752887222,23.861659385228272,-11883996.0,6971432.95,695.097705905343,615.679332128826,863.2954014355793,615.679332128826
2022-06-29,633.7039943727677,635.1479773424204,620.9074497529566,622.9489135742188,13620084,645.6914886474609,676.8548754882812,726.4751983642578,643.8139451640678,35.340977159894464,-13.905474830750904,-14.535695159345625,0.6302203285947208,681.9417599538286,645.6914886474609,609.4412173410932,0.1122835655842442,16.59888886211702,0.026645666282455776,27.84411237820608,13.731879091480609,25.57669041944905,-25504080.0,6986467.9,695.097705905343,615.679332128826,863.2954014355793,615.679332128826
2022-06-30,621.4053954580756,636.6417655942831,621.0568750776588,634.1521606445312,10563138,642.9653717041016,673.7100048828125,725.711636352539,642.8937752098262,42.14844544266398,-13.01936474472484,-14.232429076421468,1.2130643316966285,673.6488964199854,642.9653717041016,612.2818469882178,0.0954437861390912,16.526460408867543,0.026060717655003486,27.84673386691312,13.452539148819856,23.853869171829743,-14940942.0,7319138.4,695.097705905343,615.679332128826,863.2954014355793,615.679332128826
2022-07-01,630.3679790022765,643.9114057393818,629.172956459268,641.2724609375,6549359,641.3048065185546,670.5661328125,724.9926388549804,642.7393643267476,46.03702888307933,-11.6087489588582,-13.707693052908816,2.0989440940506157,668.3665905074655,641.3048065185546,614.2430225296438,0.08439601173682422,16.398745328242278,0.025572196417523285,27.089579574953838,15.755391496857708,22.322527971693603,-8391583.0,7529923.65,681.1558910683195,615.679332128826,863.2954014355793,615.679332128826
2022-07-04,638.8823856901697,652.4258725692654,637.8367638074149,651.629150390625,3933384,640.416015625,668.051630859375,724.2953002929687,643.5860106185455,51.177508641898726,-9.54509755818492,-12.875173953964037,3.330076395779116,664.7588780888099,640.416015625,616.0731531611901,0.07602202902453331,16.26948557350001,0.02496739988342621,25.59147736598699,18.484380947020323,20.89274447148378,-4458199.0,7433605.3,675.1808642655441,615.679332128826,863.2954014355793,615.679332128826
2022-07-05,653.3719026120401,657.1561507834157,643.3139228673742,645.8035278320312,5044787,639.5521240234375,665.4186242675781,723.583771057129,643.7972027341157,48.38542494729723,-8.284222647138677,-11.956983692598966,3.6727610454602893,661.7478715846978,639.5521240234375,617.3563764621772,0.06941028487756817,16.096110026538685,0.024924159334609838,23.793014028134557,19.44806901069973,19.609372587180825,-9502986.0,7292431.3,670.7494235789666,615.679332128826,863.2954014355793,615.679332128826
2022-07-06,649.2889615470638,656.6582164047778,648.2931195815007,655.2142333984375,6684686,639.5197570800781,663.0873571777344,722.8635284423829,644.8845389878607,52.85954457481384,-6.451239037492996,-10.855834761577771,4.404595724084775,661.6219681221679,639.5197570800781,617.4175460379882,0.0691212766998918,15.721722779839249,0.023994782131478556,22.123012357271584,18.488965048945538,18.64231375344613,-2818300.0,7129031.75,660.9403458163541,615.679332128826,863.2954014355793,615.679332128826
2022-07-07,661.6969945073649,662.7442079433337,649.9281855328095,656.4110107421875,11171714,639.41279296875,660.96126953125,722.1256182861329,645.9822982025585,53.41261372931987,-4.8461529565029196,-9.6538984005628,4.807745444059881,661.1634848767828,639.41279296875,617.6621010607171,0.0680333335435655,15.5141727534596,0.023634845393464856,21.045783136794643,20.200046399927036,17.54230431302329,8353414.0,6999141.35,662.7442079433337,615.679332128826,863.2954014355793,615.679332128826
2022-07-08,665.2376753500799,675.0117699495607,659.6524958286312,667.3820190429688,12669533,639.8842529296875,658.7777587890625,721.4998245239258,648.0203668540261,58.24849537258479,-2.658199917983893,-8.25475870404702,5.596558786063127,663.5467232736087,639.8842529296875,616.2217825857663,0.07395859559157274,15.734643214453433,0.023576666385194255,20.96706162141238,24.063314358410306,16.061040627074565,21022947.0,7273589.9,675.0117699495607,615.679332128826,863.2954014355793,615.679332128826
2022-07-11,664.7888038472906,680.1481377261227,663.5919623585436,678.0536499023438,14864123,641.4743499755859,657.8274230957031,720.9298782348633,650.8806795252945,62.34317520286984,-0.06240063215147984,-6.616287089667912,6.553886457516432,670.3373113975366,641.4743499755859,612.6113885536353,0.08998944828596553,15.793324082533841,0.02329214522303429,21.23074828467344,24.58451254049816,14.858410399001833,35887070.0,7569124.95,680.1481377261227,615.679332128826,863.2954014355793,615.679332128826
2022-07-12,675.2112041120472,683.439405639262,671.2217730685492,674.413330078125,6446810,642.7928070068359,656.8291772460938,720.3765850830079,653.1218843398498,60.175178413880666,1.681660481963604,-4.956697575341609,6.638358057305213,674.9561393926283,642.7928070068359,610.6294746210435,0.10007371593207744,15.537917545975194,0.02303916137626648,21.685775173118795,24.716734019612677,14.023886916583885,29440260.0,8005559.55,683.439405639262,615.679332128826,863.2954014355793,615.679332128826
2022-07-13,678.2033491323923,683.1901384642482,675.1614198147389,678.1036376953125,9614674,644.3082305908204,656.3060607910156,719.7232376098633,655.501098945132,61.63180682775665,3.3233094213796903,-3.3006961759973494,6.62400559737704,679.9405214132593,644.3082305908204,608.6759397683815,0.1106063499755844,15.054981177414337,0.02220159329712796,22.108300140960914,23.68748740176351,13.439908541182838,39054934.0,8058308.4,683.439405639262,615.679332128826,863.2954014355793,615.679332128826
2022-07-14,676.807004269972,678.6521527939327,663.841352380709,666.484375,8026311,646.0194458007812,655.6471557617188,719.0820007324219,656.5471252360718,54.83153843094353,3.644736387719263,-1.9116096632540271,5.55634605097329,682.451186969462,646.0194458007812,609.5877046321004,0.11278837318440586,15.03753969425786,0.02256247896922994,21.27213205081216,22.021035806378453,17.871441507518306,31028623.0,8307125.3,683.439405639262,615.679332128826,863.2954014355793,615.679332128826
2022-07-15,668.2297574493167,672.4186725812401,657.3585325681217,660.4503784179688,6015057,647.4140258789063,655.4441625976563,718.4160711669922,656.9188636343476,51.64471354716531,3.373686717906139,-0.8545503870219939,4.228237104928133,683.8132675159766,647.4140258789063,611.014784241836,0.11244502028715238,15.039154002747898,0.022771058196336298,19.890459066449033,20.445909770046143,19.672148657145282,25013566.0,8410426.7,683.439405639262,615.679332128826,863.2954014355793,615.679332128826
2022-07-18,666.2849180222244,686.1822198571037,661.6970961343652,682.6914672851562,12464664,650.2642211914062,655.8791845703125,717.899935913086,659.373397315377,60.7093883276219,4.897097208535797,0.2957791320895643,4.6013180764462325,688.3023869987791,650.2642211914062,612.2260553840334,0.11699295322655075,15.802917391061262,0.023147963828967083,19.653215044712155,24.288978734847383,17.384141605362903,37478230.0,8368719.5,686.1822198571037,615.679332128826,863.2954014355793,615.679332128826
2022-07-19,676.806969045998,701.9902531356498,676.806969045998,698.7488403320312,10171314,653.5089935302734,656.7140270996093,717.4991909790039,663.1234395074393,65.7075461443654,7.3157751042665495,1.6997783265249615,5.615996777741588,696.1830661477626,653.5089935302734,610.8349209127842,0.1305998021143142,16.47294358381773,0.023574913664243254,20.361779879145764,28.491224813595135,15.485834956233225,47649544.0,8726691.6,701.9902531356498,615.679332128826,863.2954014355793,615.679332128826
2022-07-20,704.4338395811476,712.6121861526394,700.8433756589768,703.83544921875,11620331,657.4910766601563,657.3996484375,717.2015548706055,667.0007737656595,67.13383893223931,9.533149377021687,3.266452536624307,6.26669684039738,703.2329905549287,657.4910766601563,611.7491627653839,0.1391407899469197,16.286543743588478,0.023139703693052648,21.52960448672437,31.417433668497466,14.54427990537528,59269875.0,8718563.0,712.6121861526394,615.679332128826,863.2954014355793,615.679332128826
2022-07-21,706.0794678500154,716.5517247672976,702.4889432397564,713.6593627929688,8036515,661.8373870849609,658.7338598632813,716.945071105957,671.4444489111174,69.7506204585542,11.945442561003802,5.0022505415002065,6.943192019503595,711.4209160569903,661.8373870849609,612.2538581129315,0.14983598672301748,16.12770358529939,0.022598601554363697,22.78990245920261,31.205453066666525,13.638416146059669,67306390.0,9004628.35,716.5517247672976,620.9074497529566,863.2954014355793,615.679332128826
2022-07-22,715.1056039753411,733.0580459161446,713.2105996431429,728.8192749023438,9713490,666.7101593017578,660.6441296386719,716.710362854004,676.908718053139,73.28541195150719,14.908623171868499,6.983525067573866,7.925098104294633,722.1640846700408,666.7101593017578,611.2562339334748,0.1663509235448267,16.393399491563837,0.022493092672062533,24.609035392846252,35.69891469366404,12.45898792624014,77019880.0,8983915.25,733.0580459161446,620.9074497529566,863.2954014355793,615.679332128826
2022-07-25,731.5619363572848,736.8479204506648,720.5910007063917,725.4281616210938,6230411,671.2590240478515,662.4268273925782,716.4407739257813,681.5296174405632,71.27891408422278,16.789788423792515,8.944777738817596,7.84501068497492,730.1979545121002,671.2590240478515,612.3200935836029,0.17560711544355226,16.383650938185927,0.022584801369681936,26.429847821422168,34.821005810855596,11.575944006525223,70789469.0,9123660.55,736.8479204506648,620.9074497529566,863.2954014355793,615.679332128826
2022-07-26,720.9899831615178,721.53851778069,700.1950363574366,704.5834350585938,14135744,674.5042419433594,663.4739624023438,716.0851351928711,683.7252191184709,60.34232709238917,16.409472033006068,10.43771659765529,5.971755435350778,733.2776749902798,674.5042419433594,615.7308088964389,0.17427150013937456,17.015756247148158,0.024150094084646075,26.286325672761315,31.1326478448208,18.911578631415306,56653725.0,9207575.4,736.8479204506648,620.9074497529566,863.2954014355793,615.679332128826
2022-07-27,706.079418945668,718.6461020264596,701.74087628467,717.0503540039062,6106880,679.2093139648438,664.680810546875,715.8010424804687,686.8990414885125,63.90902979478416,16.91901287309281,11.733975852742795,5.185037020350016,735.7443435912193,679.2093139648438,622.6742843384683,0.16647306938815556,17.00786121105112,0.02371920063365378,26.153055106147665,28.922306767726226,17.568903273698336,62760605.0,9378806.45,736.8479204506648,621.0568750776588,863.2954014355793,615.679332128826
2022-07-28,723.0844092891822,731.7614343754302,721.1395493928678,723.9820556640625,6964838,683.7008087158204,666.2105224609375,715.5274594116211,690.4307571242791,65.75329707275938,17.678372776271885,12.922855237448614,4.7555175388232716,739.4718203728623,683.7008087158204,627.9297970587784,0.163144495212154,16.843805436799183,0.023265501271781435,26.640161606717573,32.67974939396051,16.47287699241018,69725443.0,9003146.25,736.8479204506648,629.172956459268,863.2954014355793,615.679332128826
2022-07-29,731.9609314477744,733.0081449882887,721.0897068156585,722.8350830078125,6624854,687.778939819336,667.2611999511719,715.2222494506836,693.5168833989013,65.15995659692095,17.98035353950297,13.934354897859485,4.045998641643486,742.4611716126033,687.778939819336,633.0967080260687,0.15901106773531362,16.491993489358542,0.022815707036151555,27.147297225729318,31.532783696705245,15.622546774009416,63100589.0,8823231.25,736.8479204506648,637.8367638074149,863.2954014355793,615.679332128826
2022-08-01,724.0818348831959,730.3651774739322,718.4966549967404,728.869140625,5493105,691.6409393310547,668.3877453613281,714.8974179077148,696.8837650394822,66.85449773687206,18.493393166317333,14.846162551551057,3.6472306147662756,746.4752878571426,691.6409393310547,636.8065908049668,0.1585630502992575,16.161745559918064,0.022173727297686775,27.37931842803145,29.878756419385965,15.949105534454658,68593694.0,8827006.0,736.8479204506648,643.3139228673742,863.2954014355793,615.679332128826
2022-08-02,725.0791836822685,732.4097398004751,719.1947478007639,728.5200805664062,7275626,695.7767669677735,669.7323693847657,714.5835382080078,699.8967474706178,66.65253766966751,18.65675112377619,15.608280265996084,3.0484708577801047,748.5989786820052,695.7767669677735,642.9545552535418,0.15183666434978352,15.951263162760428,0.0218954337543568,27.69814332869693,29.026198347219786,15.005305213753763,61318068.0,8904992.05,736.8479204506648,648.2931195815007,863.2954014355793,615.679332128826
2022-08-03,728.0712063454505,736.5487477891988,725.5778118031716,728.5698852539062,9458761,699.4445495605469,671.0590686035156,714.2328125,702.6275224975976,66.6680098267808,18.576098602568322,16.201843933310535,2.3742546692577875,750.6538204913526,699.4445495605469,648.2352786297412,0.14642839368175764,15.595525507279488,0.021405668588462802,28.20531231444181,29.463394419180748,14.251324103347388,70776829.0,9016534.0,736.8479204506648,649.9281855328095,863.2954014355793,615.679332128826
2022-08-04,733.2574618897074,734.7534985798221,710.3182326412806,719.693359375,7466635,702.6086669921875,671.8447546386719,713.7816876220703,704.2528402954455,61.21653158185667,17.59311694344649,16.480098535337728,1.1130184081087613,750.5040596715878,702.6086669921875,654.7132743127872,0.13633590056449688,16.22693553808392,0.022547013011452274,27.26197332927776,26.294299092660484,19.43548674357777,63310194.0,9155237.75,736.8479204506648,657.3585325681217,863.2954014355793,615.679332128826
2022-08-05,722.0870849776938,729.2680736881621,719.2944951663708,726.5751953125,4583196,705.568325805664,672.6674987792969,713.4229800415039,706.3787788684983,63.69513793347292,17.171461622129414,16.618371152696064,0.55309046943335,751.6728361006798,705.568325805664,659.4638155106483,0.13068758505385178,15.780267179777306,0.021718697915348202,26.38601570019686,25.10724578610978,18.558073783373548,67893390.0,8969983.8,736.8479204506648,657.3585325681217,863.2954014355793,615.679332128826
2022-08-08,728.0712366367144,745.3753711305094,726.176232356185,743.5801391601562,8191870,708.8446502685547,673.7237854003906,713.1336126708984,709.9217655629419,68.97194313531881,18.00193845370677,16.895084612898206,1.106853840808565,755.9642510147947,708.8446502685547,661.7250495223146,0.13294760912250153,16.02447229367353,0.021550430746808978,26.49798975759608,30.138355291001893,16.969882264170906,76085260.0,8565666.95,745.3753711305094,657.3585325681217,863.2954014355793,615.679332128826
2022-08-10,743.0315711985421,745.8740166180007,734.2049788969476,737.0474243164062,9069541,711.9763549804687,674.81771484375,712.7966442871094,712.5051616347004,65.05973676926384,17.926318394572718,17.101331369233108,0.8249870253396097,757.8348613632786,711.9763549804687,666.1178485976588,0.1288203071970498,15.71336982420064,0.02131934704035417,26.627982278996207,28.766361434956252,16.06972890760763,67015719.0,8232054.3,745.8740166180007,657.3585325681217,863.2954014355793,615.679332128826
2022-08-11,741.0867290440332,758.6402635098942,741.0867290440332,756.844970703125,12384073,715.9134216308594,676.2906677246094,712.5143484497071,716.7280005935979,70.51751337375214,19.242074830435854,17.529480061473656,1.712594768962198,762.9683573182151,715.9134216308594,668.8584859435036,0.13145426322686904,16.133331922006878,0.02131656091606009,27.375064405735152,31.668415729007446,14.53346369565668,79399792.0,8363190.85,758.6402635098942,657.3585325681217,863.2954014355793,615.679332128826
2022-08-12,756.6954396058588,759.9867084519348,751.4094549895678,758.54052734375,4614341,720.5162292480469,677.68798828125,712.09912109375,720.7101459983743,70.93623659709243,20.188913310430507,18.061366711265027,2.1275465991654805,765.2844268756294,720.5162292480469,675.7480316204644,0.12426700693280417,15.593612032032595,0.020557388128803294,28.13036923461932,31.0409448043115,13.962455142613646,84014133.0,8501660.8,759.9867084519348,657.3585325681217,863.2954014355793,615.679332128826
2022-08-16,762.9787506028484,769.9602555103254,756.4460688999161,762.6296997070312,7051498,725.6251953125,679.4509069824219,711.7202722167968,724.7024844468177,71.97016686400663,21.026867028175957,18.654466774647215,2.372400253528742,764.7776278482065,725.6251953125,686.4727627767934,0.1079136523611065,15.445081644773788,0.020252399887792344,29.268515422167937,33.71337014092674,13.08981847383678,91065631.0,8331062.3,769.9602555103254,661.6970961343652,863.2954014355793,615.679332128826
2022-08-17,769.3618347593822,771.7056012504579,764.2254177165278,770.0599365234375,7674390,729.993618774414,681.4640063476562,711.6494442749023,729.0222417874481,73.79441998600467,22.036486501471472,19.33087072001207,2.7056157814594037,768.5008742482082,729.993618774414,691.4863633006198,0.10550025228561317,14.990140208963279,0.01946619931513219,30.39821731022994,33.087031512189284,12.523723017405487,98740021.0,8382884.35,771.7056012504579,676.806969045998,863.2954014355793,615.679332128826
2022-08-18,769.9602748524701,773.9497063283897,760.0864076000119,763.0286254882812,9449924,733.2076080322265,683.4629516601562,711.688603515625,732.2609449970513,69.20437964001518,22.01546855322647,19.86779028665495,2.1476782665715177,771.476458473036,733.2076080322265,694.938757591417,0.10438748867736101,14.909651531778602,0.019540094609474895,30.98611511355817,30.889531643870225,13.674851282771534,89290097.0,8143370.65,773.9497063283897,700.1950363574366,863.2954014355793,615.679332128826
2022-08-19,769.9602854914398,770.608592464792,748.2677515413894,755.4985961914062,7553270,735.7907653808594,685.4556921386719,711.7715228271485,734.4740546346089,64.57221782600047,21.147426871480548,20.123717603620072,1.0237092678604753,772.7318941462285,735.7907653808594,698.8496366154903,0.10041204783603834,15.440450774037455,0.02043743145503556,30.340227702905587,27.69709101802266,17.728942437453824,81736827.0,8107301.15,773.9497063283897,700.1950363574366,863.2954014355793,615.679332128826
2022-08-22,751.4094243809856,752.4566379429115,737.2469308145875,739.889892578125,4994311,737.1022918701171,687.0824841308594,711.7248635864257,734.9898487244676,56.17815079060482,18.981202167383913,19.895214516372842,-0.9140123489889298,772.6433576980561,737.1022918701171,701.5612260421782,0.09643455520336802,15.641251817093263,0.021139972276944845,28.80122074055662,25.388552567978127,21.284098822864188,76742516.0,7903948.1,773.9497063283897,700.1950363574366,863.2954014355793,615.679332128826
2022-08-23,736.0500954805387,748.8661195414492,731.8611803233507,745.076171875,6594634,737.91513671875,688.824951171875,711.6867086791992,735.9504509292802,58.12595541084573,17.481427859738233,19.412457185045923,-1.9310293253076907,773.4048446865941,737.91513671875,702.4254287509059,0.09618913124794913,15.738658060022205,0.021123555757279873,26.954818323723,23.429178796323086,22.08576565609927,83337150.0,7751837.9,773.9497063283897,700.1950363574366,863.2954014355793,615.679332128826
2022-08-24,743.0315517940829,750.0629120221888,740.0394784311537,748.16796875,6875820,739.0521270751954,690.8632763671875,711.6901538085938,737.114024055063,59.28772446684893,16.353811524862067,18.800728053009152,-2.446916528147085,774.3251704209937,739.0521270751954,703.779083729397,0.09545481855357531,15.33042774080884,0.020490622936480588,25.328258389145347,22.892610179645473,21.054319245340878,90212970.0,7595895.1,773.9497063283897,700.1950363574366,863.2954014355793,615.679332128826
2022-08-25,751.9080991938424,756.5956323381675,738.0448008817768,741.3859252929688,6320890,740.8922515869141,692.7301110839844,711.6479870605468,737.5208717920065,55.6409908021765,14.74296549925748,17.989175542258817,-3.246210043001337,772.4218334261526,740.8922515869141,709.3626697476756,0.08511246209338924,15.560456577636117,0.02098833555747257,24.29293272493598,23.941950847482754,19.26142690497313,83892080.0,7628165.55,773.9497063283897,701.74087628467,863.2954014355793,615.679332128826
2022-08-26,746.0236697425413,753.005174673287,739.3413599911919,742.931884765625,4613713,742.186328125,694.6328454589843,711.6230108642578,738.0362063609225,56.30082485289814,13.436220046824701,17.078584443171994,-3.6423643963472934,771.7593022608652,742.186328125,712.6133539891349,0.07969150876323988,15.424982156526045,0.020762310075562597,23.331558893884427,22.427068893611818,18.04269630904027,88505793.0,7237422.85,773.9497063283897,710.3182326412806,863.2954014355793,615.679332128826
2022-08-29,728.0712111989751,732.9582888839766,720.1422043268931,726.774658203125,5904146,742.3259582519531,696.5231372070313,711.5471240234375,736.9636779649418,48.22672604297331,10.970401746664152,15.856947903870427,-4.886546157206276,771.5784388261009,742.3259582519531,713.0734776778054,0.07881303421756172,15.951032033826465,0.02194769981835049,22.405804291161267,20.13834222699254,24.798767372092534,82601647.0,7162764.5,773.9497063283897,710.3182326412806,863.2954014355793,615.679332128826
2022-08-30,731.0632845636851,751.558975660099,731.0632845636851,749.514404296875,9193270,743.6599243164062,698.8622497558594,711.5635250854492,738.1589852346497,57.47091512091391,10.727470838100658,14.831052490716475,-4.1035816526158175,771.641090583166,743.6599243164062,715.6787580496464,0.07525258616693895,16.581980992622718,0.022123632177794363,21.37643263922964,26.000788471704787,22.151226890973586,91794917.0,7109729.9,773.9497063283897,710.3182326412806,863.2954014355793,615.679332128826
2022-09-01,731.5619528755952,752.9054343369954,731.5619528755952,742.183837890625,9353805,744.3256591796875,701.1921752929687,711.5995385742187,738.5423045352188,54.11640771251386,9.830115446128048,13.830865081798791,-4.0007496356707435,771.4891487162214,744.3256591796875,717.1621696431536,0.07298818521578439,16.922088168963967,0.022800399719102696,20.504743853627094,24.226685068079963,20.155592141821646,82441112.0,7238150.7,773.9497063283897,710.3182326412806,863.2954014355793,615.679332128826
2022-09-02,747.0209929366981,752.5563165573791,738.2941121780918,748.2178344726562,7767812,745.310546875,703.4794641113281,711.6756805419922,739.4637835768795,56.37366756890152,9.496379576384129,12.963967980715859,-3.46758840433173,771.52202701928,745.310546875,719.09906673072,0.0703370702432206,16.732096469701343,0.022362600433728126,19.695318552710443,22.751650311209858,18.928424707608528,90208924.0,7431185.7,773.9497063283897,710.3182326412806,863.2954014355793,615.679332128826
2022-09-05,748.2178591908524,756.7951122131144,747.3700685076752,754.1022338867188,5894055,746.5871643066406,706.0776330566406,711.795185546875,740.857921701626,58.51693680946019,9.596095533958646,12.290393491364417,-2.6942979574057713,771.8840314029219,746.5871643066406,721.2902972103593,0.06776668098700739,16.2101641293969,0.021495976806550597,19.233486083206678,23.674546875839795,18.142316380228934,96102979.0,7455795.0,773.9497063283897,710.3182326412806,863.2954014355793,615.679332128826
2022-09-06,755.9972342122395,759.5378423296163,746.8215300127218,748.0183715820312,7606181,748.0034149169921,708.5033374023437,711.9196240234374,741.5398693092836,55.482050370305075,9.07954100879033,11.6482229948496,-2.5686819860592713,770.0865021974073,748.0034149169921,725.920327636577,0.059045418349769896,15.960603285646727,0.02133718086614723,18.99172409427234,23.554698557968475,17.109848420062953,88496798.0,7277559.7,773.9497063283897,719.2944951663708,863.2954014355793,615.679332128826
2022-09-07,741.1865406465258,755.9972809703313,737.0973367712941,753.4041748046875,10156460,749.3448638916016,710.9441442871093,712.1397045898437,742.6698031659888,57.579504110687424,9.000999218983907,11.118778239676463,-2.1177790206925557,769.2059999320637,749.3448638916016,729.4837278511394,0.0530093338795079,16.170556208031762,0.021463321745229004,17.912093404090044,21.58823873059748,19.97680583239288,98653258.0,7284537.0,773.9497063283897,720.1422043268931,863.2954014355793,615.679332128826
2022-09-08,759.7373772095548,780.1333583556964,755.0996386440146,777.6898193359375,13410790,751.0503479003906,713.8089233398438,712.5110888671875,746.005042801222,65.47789084111349,10.774204511867879,11.049863494114746,-0.2756589822468669,774.2208228973175,751.0503479003906,727.8798729034638,0.06170152257222535,16.92474387538727,0.021762846130400887,18.395655436677558,29.33923909384245,17.723284876885636,112064048.0,7563200.2,780.1333583556964,720.1422043268931,863.2954014355793,615.679332128826
2022-09-09,785.8681520982968,785.8681520982968,777.9391447938881,782.7763061523438,8732302,753.3367919921875,716.6708679199219,713.007240600586,749.5070678822813,66.86927349662705,12.446444592651346,11.329179713822066,1.11726487882928,779.3761951509526,753.3367919921875,727.2973888334224,0.06913084143920369,16.300000224456703,0.02082331835588851,19.126994931819922,30.800822395171597,17.08810994538129,120796350.0,7824146.2,785.8681520982968,720.1422043268931,863.2954014355793,615.679332128826
2022-09-12,786.9153122348285,802.8730371977655,784.7211128776468,798.8836059570312,15521649,755.4387237548829,720.1895617675781,713.587663269043,754.2095953179717,70.87275782653242,14.899677180617346,12.043279207181122,2.8563979734362235,788.1926401195046,755.4387237548829,722.6848073902611,0.08671495207928852,16.57119528309706,0.02074294072319261,20.537713025433966,35.462494341226275,15.607851392684761,136317999.0,7807284.25,802.8730371977655,720.1422043268931,863.2954014355793,615.679332128826
2022-09-13,802.8730352047573,806.812610719981,801.0279476100538,803.4215698242188,9887516,757.6827758789062,723.5749499511719,714.1932653808594,758.8964500328524,71.90288736545475,17.013931429191302,13.03740965158316,3.976521777608143,796.5572202319929,757.6827758789062,718.8083315258195,0.10261403740633442,15.953895960229394,0.0198574404265994,21.99859712760913,35.96740936979636,15.053778365450937,146205515.0,7964163.05,806.812610719981,720.1422043268931,863.2954014355793,615.679332128826
2022-09-14,792.3011136338723,809.2062807748498,792.3011136338723,800.92822265625,10494713,759.5977020263672,726.7680651855469,714.8125415039062,762.8994759969855,70.42904619626106,18.27760798741906,14.08544931875034,4.19215866866872,802.7913818589824,759.5977020263672,716.404022193752,0.11372777910567156,16.0218439017114,0.02000409455990391,22.5878756072973,33.25666792939405,17.809822649382486,135710802.0,8227821.8,809.2062807748498,720.1422043268931,863.2954014355793,615.679332128826
2022-09-15,803.3717667591723,804.3691246322438,785.5689530744016,787.9127197265625,5996899,760.4903411865234,729.4937365722657,715.4571130371094,765.2816896855167,63.152011793924636,18.021102402039332,14.872579935408138,3.148522466631194,805.2224676074709,760.4903411865234,715.758214765576,0.11764022236273511,16.22029587714931,0.0205864120111913,22.581261534752727,30.50336663659121,19.29996780582656,129713903.0,8399982.55,809.2062807748498,720.1422043268931,863.2954014355793,615.679332128826
2022-09-16,783.9730647789332,790.5057460130315,774.0493427692986,787.2144775390625,11467351,761.6996337890625,732.3219555664062,716.1512219238281,767.3705266239496,62.77726765870417,17.559067567744137,15.40987746187534,2.149190105868797,807.923663200873,761.6996337890625,715.4756043772521,0.12137075393319997,16.23716068904814,0.02062609511426628,21.71021993903113,28.295135287015455,22.97035343580629,118246552.0,8316108.0,809.2062807748498,720.1422043268931,863.2954014355793,615.679332128826
2022-09-19,787.2145351089238,799.8809919188258,784.6214290607388,795.9912719726562,11427799,763.724267578125,735.1374963378906,716.8665591430664,770.096311895255,65.54494304605524,17.697114275546028,15.86732482460948,1.8297894509365484,812.1779263001457,763.724267578125,715.2706088561043,0.12688783315914243,16.16733227255091,0.020310941641966004,21.411740894215576,30.52959349023966,21.421738761045173,129674351.0,8416979.35,809.2062807748498,720.1422043268931,863.2954014355793,615.679332128826
2022-09-20,804.6682480720694,814.0434355925722,799.8809428829591,810.6025390625,8274079,767.2598999023437,738.2213269042969,717.5357006835937,773.9540478159449,69.5976952167117,18.769165175998978,16.447692894887382,2.321472281111596,818.4815090235558,767.2598999023437,716.0382907811316,0.13351827490979654,16.301963083076988,0.020110920330857804,21.81090512237373,34.32019372141845,19.727338385691763,137948430.0,8610705.8,814.0434355925722,720.1422043268931,863.2954014355793,615.679332128826
2022-09-21,807.1118236272765,813.8439889772724,801.227388082909,804.4189453125,6567084,770.2270385742188,740.9620654296875,718.1913516235352,776.8554666251407,66.0564959895036,18.901919341014946,16.938538184112893,1.9633811569020523,822.8214581136933,770.2270385742188,717.6326190347443,0.13656861394228126,16.038722926740302,0.019938270996973588,22.18155761994916,32.39180636620233,18.618896218848846,131381346.0,8774694.2,814.0434355925722,720.1422043268931,863.2954014355793,615.679332128826
2022-09-22,802.8730485783998,806.6629961360414,782.2277294401771,787.1148071289062,7804275,772.1743804931641,743.1432885742188,718.7759170532227,777.8325466731185,57.274196966984434,17.410135434675,17.032857634225316,0.37727780044968284,824.2389868735693,772.1743804931641,720.1097741127589,0.13485193939522597,16.638476053106306,0.021138563145314343,21.150847586462636,28.99390577211009,24.82228100760532,123577071.0,8773316.7,814.0434355925722,720.1422043268931,863.2954014355793,615.679332128826
2022-09-23,786.9153382162519,786.9153382162519,762.2307315992022,766.5692138671875,10278805,773.433544921875,744.98640625,719.3070489501953,776.7598483106489,48.952351593793544,14.40398806342057,16.507083720064365,-2.103095656643795,823.643892870983,773.433544921875,723.2231969727669,0.1298375232850285,17.22744744429186,0.02247344027473117,20.214729441384733,26.002472879639384,30.55242378103094,113298266.0,8819739.45,814.0434355925722,720.1422043268931,863.2954014355793,615.679332128826
2022-09-26,756.9945706982912,761.4826808012455,739.042130286474,740.6378784179688,11090327,773.3188446044921,746.2370910644531,719.5895208740235,773.3196607018223,40.87903243418883,9.81599982431294,15.16886694091408,-5.352867116601141,823.8170357636701,773.3188446044921,722.8206534453142,0.13060121710859088,17.96313573975055,0.024253601204033075,20.361895170012254,23.156277782265843,36.428907349815994,102207939.0,9017635.2,814.0434355925722,720.1422043268931,863.2954014355793,615.679332128826
2022-09-27,744.3779839512251,752.1574236394794,728.5698868677172,735.5513916015625,11358306,773.757681274414,747.6184313964844,719.7962707519531,769.7226826922737,39.50282334419177,5.703799266161354,13.275853405963536,-7.572054139802182,822.7607510106058,773.757681274414,724.7546115382223,0.12666257388354824,18.364878670608523,0.024967499049415857,20.887141224865797,21.031882923225616,37.159946173501275,90849633.0,9341465.9,814.0434355925722,728.5698868677172,863.2954014355793,615.679332128826
2022-09-28,731.960912592734,731.960912592734,705.8301260999683,714.5570068359375,13170668,772.0098114013672,748.7005639648437,719.9137329101562,764.468808801194,34.360975598255564,0.7422234143269861,10.769127407636228,-10.026903993309242,826.5302417212923,772.0098114013672,717.489381081442,0.1412428430694646,19.17604915853607,0.02683627614743815,22.101105159236027,18.703479212088244,41.5163308372864,77678965.0,9614173.9,814.0434355925722,705.8301260999683,863.2954014355793,615.679332128826
2022-09-29,720.3417550247468,728.8691530340611,709.121478466729,717.100341796875,12090981,770.7556365966797,749.3887414550782,720.0732894897461,759.9575262293541,35.457012638177105,-2.950622380560503,8.025177449996882,-10.975799830557385,828.9903147170539,770.7556365966797,712.5209584763054,0.15111061237907564,19.21687954487865,0.02679803428447117,23.228357384008383,17.330615393906903,38.46896901631998,89769946.0,9813043.8,814.0434355925722,705.8301260999683,863.2954014355793,615.679332128826
2022-09-30,718.0976211190294,735.8007221952278,712.5124417487707,731.2627563476562,9536017,769.9078826904297,750.0390197753907,720.2242395019531,757.2246910025258,41.33170348149646,-4.680487043380708,5.484044551321364,-10.164531594702073,829.8974651376993,769.9078826904297,709.91830024316,0.15583574034243444,19.507693894991395,0.02667672286829423,23.808560709382284,18.390844267383105,35.1886657100576,99305963.0,9949902.6,814.0434355925722,705.8301260999683,863.2954014355793,615.679332128826
2022-10-03,729.0685336767123,740.0394692039952,719.1448116386197,720.84033203125,6405645,768.2447875976562,750.3791174316407,720.288720703125,753.7595139576424,38.55080260416305,-6.81387369569245,3.0244609019186015,-9.838334597611052,831.6423242987325,768.2447875976562,704.8472508965799,0.16504514635061543,19.606762728590258,0.027199869176771124,24.063493380998715,18.535125052101005,32.51008875179066,92900318.0,10038312.85,814.0434355925722,705.8301260999683,863.2954014355793,615.679332128826
2022-10-04,731.462275033306,742.5329228716269,730.0659496870798,740.83740234375,5438934,767.8857391357421,750.9226782226563,720.4452203369141,752.5288366610812,46.05092747028461,-6.8124716041055535,1.0570744007137707,-7.869546004819324,831.8165092616846,767.8857391357421,703.9549690097997,0.16651115359401447,19.75575045086073,0.026666783275736967,24.129129249958048,17.982918682954505,29.960277621279303,98339252.0,10063892.35,814.0434355925722,705.8301260999683,863.2954014355793,615.679332128826
2022-10-06,748.018357914177,758.3909034934762,744.0289266719681,753.1048583984375,9376433,767.8707733154297,751.4083898925782,720.6772482299805,752.5836958741627,50.07652117565269,-5.755137612270573,-0.3053680018830981,-5.4497696103874755,831.8152353037221,767.8707733154297,703.9263113271372,0.16655006079265122,19.598446929351123,0.026023530071269802,23.171505492235518,22.612056910761428,28.04355224587785,107715685.0,9955530.0,814.0434355925722,705.8301260999683,863.2954014355793,615.679332128826
2022-10-07,751.8083648013422,755.4986011666381,740.3387490740599,753.703369140625,7500540,766.6714508056641,751.9738940429687,721.0155871582032,752.6903314233496,50.27148479197057,-4.813411974136784,-1.2069767963338354,-3.6064351778029486,830.7339285621663,766.6714508056641,702.6089730491619,0.16711846434135902,19.281404441010196,0.02558221872219427,22.45954956761616,21.342160388275012,27.835660067473256,115216225.0,9916528.65,814.0434355925722,705.8301260999683,863.2954014355793,615.679332128826
2022-10-10,746.0236745860083,776.6425728701322,743.0316010248345,774.7974243164062,14106654,766.2725067138672,753.378173828125,721.5318441772461,754.7957688417359,56.69096738568197,-2.338022392070684,-1.4331859154812052,-0.9048364765894787,830.0274864934952,766.2725067138672,702.5175269342392,0.16640288988845234,20.304944969887877,0.02620677913043228,21.09604919282774,26.256749352029946,24.544471681693384,129322879.0,9621016.15,814.0434355925722,705.8301260999683,863.2954014355793,615.679332128826
2022-10-11,777.9391025225146,793.3981487905902,772.4536344919071,783.4744262695312,15953495,765.5020477294922,754.7066552734375,722.1338095092774,757.527069549145,59.03366352573131,0.32021202195767273,-1.0825063279934295,1.4027183499511022,828.0225041179798,765.5020477294922,702.9815913410047,0.16334497490614316,20.35062849337325,0.02597484718202176,20.596575386613036,30.207567066760497,22.740132749155727,145276374.0,9889733.75,814.0434355925722,705.8301260999683,863.2954014355793,615.679332128826
2022-10-12,787.4140108474573,808.6577205612805,781.3800081196047,806.5632934570312,21228018,765.6591339111328,756.3582800292969,722.8337918090821,762.1971861118009,64.53156682040111,4.241072127427742,-0.017790636909195134,4.2588627643369374,828.5744413625941,765.6591339111328,702.7438264596715,0.16434286398459833,20.84542020396629,0.025844741972598593,20.735497700967777,32.61290475927037,20.614627153519017,166504392.0,9911326.05,814.0434355925722,705.8301260999683,863.2954014355793,615.679332128826
2022-10-13,804.8677706064428,812.7967775474184,793.4978669695091,799.8809814453125,13024911,765.6067718505859,757.8991979980469,723.4533090209961,765.7861190007068,61.94064390405209,6.7315778373035755,1.3320830579333591,5.399494779370216,828.4062160369695,765.6067718505859,702.8073276642024,0.16405143343909537,20.734955230676505,0.025922550618981237,21.018832346609056,31.870583979064282,19.244133147463153,153479481.0,10478351.15,814.0434355925722,705.8301260999683,863.2954014355793,615.679332128826
2022-10-14,813.3951720065256,818.5315892179959,792.350945989795,798.3849487304688,8220645,766.1303833007812,759.2895141601563,724.121611328125,768.8907694511603,61.34679875728173,8.486773970782224,2.7630212405031322,5.723752730279092,829.8331636804493,766.1303833007812,702.4276029211131,0.16629749131006202,21.12393294478539,0.026458330631576998,21.4968458182092,30.988337482859087,17.540500909610195,145258836.0,10604861.05,818.5315892179959,705.8301260999683,863.2954014355793,615.679332128826
2022-10-17,801.3770161317528,814.8413468321619,794.993901672373,811.9989013671875,9463827,767.3696044921875,760.9590905761719,724.8348294067383,772.9963058241153,64.66659071089256,10.851225579476363,4.380662108297779,6.470563471178584,833.5797089733555,767.3696044921875,701.1595000110194,0.17256379218977036,21.032755245857068,0.0259024429841513,21.940715470409334,28.899624895568017,16.35821531401931,154722663.0,10716048.35,818.5315892179959,705.8301260999683,863.2954014355793,615.679332128826
2022-10-18,817.8334346909977,820.7257967973885,809.4057487075133,814.1930541992188,8470882,768.2796936035156,762.6715539550781,725.5425869750976,776.9198056693633,65.18557233740745,12.755087600473075,6.055547206732839,6.699540393740237,836.5080748335129,768.2796936035156,700.0513123735184,0.17761339209677904,20.33899044900122,0.024980550182911072,22.58727108956142,29.81728475955007,15.707895832881599,163193545.0,10615872.15,820.7257967973885,705.8301260999683,863.2954014355793,615.679332128826
2022-10-19,816.2875062007095,836.2346622646335,814.7416137805332,827.6573486328125,10868663,769.1324340820313,764.8308337402344,726.3423135375976,781.7519526182632,68.26588136320034,15.17543503498257,7.879524772382785,7.295910262599785,839.8367470606443,769.1324340820313,698.4281211034183,0.18385471693961106,20.460605993030754,0.024721107142743483,23.750232798391327,32.93709754509802,14.499206302520292,174062208.0,10468026.3,836.2346622646335,705.8301260999683,863.2954014355793,615.679332128826
2022-10-20,822.7205274770317,829.7020325344839,814.7915202727181,823.66796875,11813817,770.0948852539062,766.7726892089844,727.1303088378907,785.7439541546191,66.39151666995997,16.580538076667608,9.619727433239749,6.960810643427859,843.17834410805,770.0948852539062,697.0114263997624,0.18980377679056432,20.06417072651183,0.024359537444391885,24.830125813733382,31.188746490063846,13.72956645792074,162248391.0,10597755.5,836.2346622646335,705.8301260999683,863.2954014355793,615.679332128826
2022-10-21,857.827485971986,903.606236892592,853.5887149931851,898.0210571289062,58057724,775.6401977539062,769.8615075683593,728.2417712402344,796.4370115807417,78.33245407048065,23.423750779704847,12.380532102532769,11.043218677172078,867.473065166325,775.6401977539062,683.8073303414875,0.236792439789345,24.34089197051756,0.02710503476203404,27.521845558884387,45.55976009662135,10.508890479159938,220306115.0,10860092.15,903.606236892592,705.8301260999683,903.606236892592,615.679332128826
2022-10-24,913.5797394826685,916.0232782532241,902.608803746523,907.0470581054688,3085307,782.6640899658203,773.2615002441406,729.3097338867187,806.9713017259537,79.29420468195619,29.238327752810847,15.752091232588384,13.486236520222462,890.705893587034,782.6640899658203,674.6222863446066,0.2760872895699917,23.888129767217585,0.02633615263260128,30.196436787269608,46.820180662162876,9.943207941369323,223391422.0,13372764.6,916.0232782532241,705.8301260999683,916.0232782532241,615.679332128826
2022-10-25,903.3070450596039,908.1940621525089,889.2442624121846,900.4645385742188,13187308,790.6554229736328,776.1338916015625,730.2810498046875,815.8754195210266,76.62308205796258,32.93560641297586,19.18879426866588,13.746812144309978,908.2978233393721,790.6554229736328,673.0130226078934,0.29758197299979205,23.535391908153773,0.02613694476566433,31.849582574682437,44.127478992098766,13.427420564786642,210204114.0,13013089.7,916.0232782532241,705.8301260999683,916.0232782532241,615.679332128826
2022-10-27,906.5982805713661,917.5193611424662,898.8687572771659,912.7320556640625,11967044,799.5144561767578,779.2177221679688,731.225322265625,825.0998610584586,78.10347426043931,36.435605513856444,22.638156517703994,13.79744899615245,925.6059090264756,799.5144561767578,673.42300332704,0.31542006995766275,23.186478476521387,0.025403379154523016,33.552263372329136,44.464885519942875,12.655944138064774,222171158.0,13117938.75,917.5193611424662,705.8301260999683,917.5193611424662,615.679332128826
2022-10-28,912.5824400423613,915.5246578981507,896.5250028786047,900.6640014648438,7320207,808.8198059082031,781.978408203125,732.0923251342773,832.2964458590667,73.19299036316954,37.799855693652944,25.670496352893785,12.129359340759159,935.9236564004375,808.8198059082031,681.7159554159687,0.31429460446882296,22.887419658166003,0.02541171804462242,34.9839786270079,41.82832329499181,12.636959495582396,214850951.0,13148375.65,917.5193611424662,709.121478466729,917.5193611424662,615.679332128826
2022-10-31,905.6009168477511,915.5744952271316,899.71648125436,903.606201171875,9038777,818.1450988769532,784.6493334960937,732.9725451660156,839.0878511269532,73.62831317652467,38.67265047560818,28.27092717743667,10.401723298171511,944.3272869233749,818.1450988769532,691.9629108305314,0.3084591919443844,22.385319252066402,0.02477331300187535,36.31444753421942,39.72767868769847,11.99751911057651,223889728.0,12855852.6,917.5193611424662,712.5124417487707,917.5193611424662,615.679332128826
2022-11-01,901.6115073621667,901.6115073621667,866.7039821877464,869.4467163085938,29191921,825.054296875,786.7776953125,733.6212216186524,841.9791716204428,61.201756816859366,36.19077693419342,29.85489712878802,6.335879805405401,946.4942384668113,825.054296875,703.6143552831886,0.29438048393125366,23.422240661499416,0.02693924794027991,35.576340629864276,35.25683797861133,20.714858907664922,194697807.0,12703242.4,917.5193611424662,719.1448116386197,917.5193611424662,615.679332128826
2022-11-02,872.6880694591467,874.6827850464819,859.3234506744454,861.268310546875,11029140,832.0756958007812,788.8930895996094,734.2267654418945,843.8162324705792,58.64956809283775,33.18145017364077,30.520207737758575,2.661242435882194,944.5062970883184,832.0756958007812,719.645094513244,0.2702412817846702,22.84631878368063,0.02652636641092022,34.517436779612844,33.563781340529545,22.027626532048007,183668667.0,13686037.6,917.5193611424662,730.0659496870798,917.5193611424662,615.679332128826
2022-11-03,855.6333146216878,878.0738660042765,853.7383103776014,861.7670288085938,10185978,838.1221771240234,791.3306323242188,734.816877746582,845.5258321218186,58.76249892733152,30.48536314082469,30.5132388183718,-0.02787567754711162,943.0308525177858,838.1221771240234,733.2135017302611,0.25034220130948326,22.952692843894525,0.026634452324808686,33.25195136698929,31.021928117812532,22.09752028837692,193854645.0,13917212.35,917.5193611424662,740.3387490740599,917.5193611424662,615.679332128826
2022-11-04,866.7039207759291,870.5936405121658,860.021611398391,865.8062744140625,7323879,843.7572479248047,793.745234375,735.4578082275391,847.457302816318,59.721966754473144,28.347851717364506,30.080161398170343,-1.7323096808058374,941.6679574159008,843.7572479248047,745.8465384337086,0.23208265109877163,22.06835972031455,0.025488796249772377,32.076857769553136,29.96040600009857,21.34137752240628,201178524.0,14154564.55,917.5193611424662,740.3387490740599,917.5193611424662,615.679332128826
2022-11-07,873.9348234455263,874.4833580928819,859.0243112872834,870.6435546875,9931261,849.6042572021485,796.19474609375,736.2175302124024,849.6655172802401,60.89538218754966,26.73599074680942,29.41132726789816,-2.675336521088738,938.8925063984724,849.6042572021485,760.3160080058245,0.21018785732162204,21.59626594069198,0.024804945519229765,31.138714937555864,29.7150343471524,20.250192344770046,211109785.0,14051936.85,917.5193611424662,743.0316010248345,917.5193611424662,615.679332128826
2022-11-09,872.7379492363614,878.4229009917846,866.2052676825034,871.3915405273438,10190209,854.4339630126954,798.7948583984376,737.0260534667968,851.7346623513928,61.084175490488576,25.228121440899827,28.574686102498493,-3.3465646615986664,937.2277544788343,854.4339630126954,771.6401715465564,0.19379798802522266,20.92636360987692,0.024014880379964236,30.425740133328684,29.8205297644583,19.405702490716696,221299994.0,14173472.9,917.5193611424662,772.4536344919071,917.5193611424662,615.679332128826
2022-11-10,841.4708251953125,854.4364771678939,838.7779468416134,841.4708251953125,18956575,857.3337829589843,800.7656372070312,737.6224844360352,850.7571540508138,50.56720274732776,21.37240470532845,27.134229823064487,-5.761825117736038,933.804257652872,857.3337829589843,780.8633082650966,0.17839137151450876,21.761165758152167,0.02586086778837664,28.292558624603508,26.628228881710218,26.331022088936603,202343419.0,13977650.65,917.5193611424662,781.3800081196047,917.5193611424662,615.679332128826
2022-11-11,844.7621561086562,852.4418242480597,841.9197103933864,848.452392578125,19329819,859.4282379150391,803.1991918945313,738.2319149780274,850.5376529581767,52.61717791691108,18.66491799767971,25.440367457987534,-6.775449460307826,932.4380580204372,859.4282379150391,786.4184178096409,0.16990323772120627,20.990439564908954,0.024739678676757536,26.311747223644417,25.634108701649208,25.347997625066856,221673238.0,14127804.65,917.5193611424662,792.350945989795,917.5193611424662,615.679332128826
2022-11-14,848.2528469565332,851.6438879782266,845.1111453960264,848.7515258789062,6985306,861.8717651367188,805.1839343261719,738.8463262939454,850.3675456172939,52.70767209061785,16.354824595479613,23.623258885485953,-7.26843429000634,929.84362560895,861.8717651367188,793.8999046644875,0.15773079760061257,19.957746923286905,0.023514239815498526,24.472422351325264,25.034767381367143,24.755345758761205,228658544.0,14032894.7,917.5193611424662,792.350945989795,917.5193611424662,615.679332128826
2022-11-15,849.0008751701187,857.5781283846885,844.9615880269072,856.38134765625,7124767,864.7715850830078,807.4678845214844,739.5805456542969,850.940288668623,55.06499359031172,14.967189341287735,21.89204497664631,-6.9248556353585755,926.3057362392127,864.7715850830078,803.237433926803,0.14231307368939122,19.43337502575079,0.02269243144883547,23.076430906871988,26.05500001599588,23.60736922567101,235783311.0,13730914.45,917.5193611424662,794.993901672373,917.5193611424662,615.679332128826
2022-11-16,855.7329985271361,859.3234622832887,848.3525264047356,853.139892578125,6521854,866.8286346435547,809.5663256835937,740.3378936767579,851.1497747552423,53.837212369043634,13.450866849961699,20.20380935130939,-6.75294250134769,923.7460658200239,866.8286346435547,809.9112034670854,0.13132337558247376,18.82891508666524,0.02207013791110584,21.873324354927263,25.63272265270035,22.62485705965982,229261457.0,13676120.55,917.5193611424662,809.4057487075133,917.5193611424662,615.679332128826
2022-11-17,853.1399053900328,859.124052322746,850.4470270955337,855.9324951171875,4909607,868.9156066894532,811.6029309082031,740.8721942138671,851.6052719325704,54.77283045293832,12.332350378677575,18.629517556783025,-6.29716717810545,920.7983250841156,868.9156066894532,817.0328882947907,0.11941946489448915,18.103780096704316,0.021150943795194607,20.756153985264305,24.755179873112148,21.850289323687065,234171064.0,13529021.9,917.5193611424662,814.7416137805332,917.5193611424662,615.679332128826
2022-11-18,857.02958204018,863.5124080176003,852.7409554914342,856.9298706054688,7065304,870.3792327880859,813.7811608886718,741.3036819458008,852.1123765680845,55.122669148441645,11.395042921566642,17.18262262973975,-5.787579708173109,919.0775948233203,870.3792327880859,821.6808707528515,0.1119014797245079,17.58004241309444,0.020515147173797498,19.97643597772012,25.4547813248179,20.89401276626785,241236368.0,13350958.15,917.5193611424662,814.7915202727181,917.5193611424662,615.679332128826
2022-11-21,857.7277257453736,868.6488060560957,856.7303679247394,867.7511596679688,7209207,872.5833923339844,816.0681005859375,741.8348358154296,853.6017844823592,58.842493884653116,11.39406392258718,16.024910888309236,-4.630846965722057,916.367979847828,872.5833923339844,828.7988048201408,0.10035622474255129,17.175642107256003,0.019793280499709145,19.550248548296025,26.32918642781829,19.858393349473737,248445575.0,13160790.2,917.5193611424662,838.7779468416134,917.5193611424662,615.679332128826
2022-11-22,872.6382373386323,874.6828086961542,866.0556391981127,867.7511596679688,5535233,871.0698974609375,817.8693273925782,742.3244134521484,854.9493440238458,58.842493884653116,11.263450018285994,15.072618714304587,-3.8091686960185935,913.2976439470858,871.0698974609375,828.8421509747891,0.09695604591373688,16.565036920883543,0.019089616575357723,19.494011219312043,27.95159629085242,19.119652702087734,248445575.0,12930559.7,917.5193611424662,838.7779468416134,917.5193611424662,615.679332128826
2022-11-23,871.590980937978,875.4806397228283,866.4545640647585,872.3888549804688,5861417,869.3369873046875,819.6615783691407,742.7931134033203,856.6102498292385,60.47105213054586,11.402717382941432,14.338638448031958,-2.9359210650905254,908.2297549490589,869.3369873046875,830.444219660316,0.08947685008768697,16.026539687825416,0.018370867069575553,19.487105719732973,27.182737155684382,18.35050247998922,254306992.0,10304435.15,917.5193611424662,838.7779468416134,917.5193611424662,615.679332128826
2022-11-24,875.6801641054085,878.4727538207161,870.7930864482026,876.2286987304688,4928778,868.1251953125,821.2084802246094,743.1704745483398,858.4786735341175,61.81817422460669,11.688196815273159,13.808550121480199,-2.12035330620704,904.491221537227,868.1251953125,831.7591690877729,0.08378060312288566,15.430334522445989,0.017609939670775857,19.656729527696882,27.60147185197405,17.6981429764236,259235770.0,10443240.65,917.5193611424662,838.7779468416134,917.5193611424662,615.679332128826
2022-11-25,880.6669692241182,889.4437060065,878.5725421179889,885.4044189453125,7614047,866.7588134765625,822.8481372070313,743.6163693237305,861.0430302399457,64.89675310783811,12.510630498024625,13.548966196789085,-1.0383356987644596,898.0122897932383,866.7588134765625,835.5053371598867,0.07211573930542076,15.272096861987789,0.017248724464442818,20.41549907214734,31.02668008745019,16.604266204578867,266849817.0,10030314.15,915.5744952271316,838.7779468416134,917.5193611424662,615.679332128826
2022-11-28,885.3546235597623,897.1234346522389,882.9609402405929,889.3440551757812,7928147,866.1928161621094,824.6164538574219,744.0869415283203,863.7383659481205,66.15842045505588,13.326689059898285,13.504510769410926,-0.17782170951264042,895.3064666383967,866.1928161621094,837.079165685822,0.06722210097581485,15.192839544106231,0.017083196829941506,21.494126805811867,32.571381835503544,15.498680404255227,274777964.0,9812664.3,915.5744952271316,838.7779468416134,917.5193611424662,615.679332128826
2022-11-29,892.0369210816006,899.5171052558966,887.6485220164558,890.1917724609375,5661158,865.5220947265625,826.6620349121093,744.6063162231445,866.2577379969603,66.43794868286452,13.881804251522453,13.579969465833232,0.3018347856892216,891.6188930012138,865.5220947265625,839.4252964519112,0.060303020416586466,14.955392665201558,0.01680019196746487,22.60897991337758,31.868295284967157,14.620127847531922,280439122.0,9843061.3,901.6115073621667,838.7779468416134,917.5193611424662,615.679332128826
2022-11-30,892.6352877676404,902.7085778387012,883.1105323466861,898.8687744140625,10452798,866.993197631836,828.8951208496094,745.1245120239258,869.3635509890653,69.23875037224352,14.850708853739093,13.834117343414405,1.0165915103246874,896.8546440716844,866.993197631836,837.1317511919875,0.06888507665668898,15.287010724259668,0.017006943793575067,23.17601516554807,28.950055405123937,15.40171126096122,290891920.0,9674180.35,902.7085778387012,838.7779468416134,917.5193611424662,615.679332128826
2022-12-01,907.0969491334744,907.0969491334744,897.1233708032547,901.4618530273438,7053100,869.0028747558594,831.0045324707031,745.6292831420899,872.420532135568,70.04331022212632,15.647438572731858,14.196781589277897,1.4506569834539604,902.2686762558441,869.0028747558594,835.7370732558746,0.07656085489781729,14.907479838971096,0.016537005741183494,23.93782780760394,29.669260442036816,14.665694484053144,297945020.0,8737224.2,907.0969491334744,838.7779468416134,917.5193611424662,615.679332128826
2022-12-02,895.9266066509533,904.6036327228537,889.0448735327468,902.758544921875,7988851,871.0524505615234,832.8476525878906,746.1109118652344,875.3098666866449,70.45939286110315,16.196778434495286,14.596780958321375,1.599997476173911,907.208059612687,871.0524505615234,834.8968415103599,0.08301591718812305,14.953999792623653,0.01656478343710142,23.823602503307043,27.464322991150567,17.434517571312966,305933871.0,8538422.2,907.0969491334744,838.7779468416134,917.5193611424662,615.679332128826
2022-12-05,904.6035980468479,904.9027932363624,895.228409616099,896.82421875,5098164,872.6033477783203,834.6957580566407,746.592744140625,877.3588525974407,65.9451206780092,15.969200700690294,14.87126490679516,1.0979357938951342,910.3517155765494,872.6033477783203,834.8549799800912,0.08651896166646116,14.576884351740777,0.016253892398287527,23.73648396804681,26.308949968224802,16.608022067741626,300835707.0,8428565.85,907.0969491334744,838.7779468416134,917.5193611424662,615.679332128826
2022-12-06,895.128632946124,904.5038206936671,893.3334010659682,902.259765625,5351099,874.1841583251953,836.9986572265625,747.2533709716797,879.7303681238749,67.96939997856904,16.04251874314309,15.105515674064748,0.9370030690783437,914.0599139869697,874.1841583251953,834.3084026634209,0.0912296460237173,14.333565442880637,0.015886295708810314,23.456178129387695,24.844445389392856,16.62786699221126,306186806.0,8317280.1,907.0969491334744,838.7779468416134,917.5193611424662,615.679332128826
2022-12-07,900.4146711757867,915.5745229461886,897.4724532900154,912.2333984375,9103656,876.2262512207031,839.9119409179688,747.8463565063477,882.8258948204107,71.33621627184286,16.71275835981521,15.426964211214841,1.2857941486003703,919.3700167936545,876.2262512207031,833.0824856477518,0.098476313652658,14.602744315258676,0.016007684371423674,23.913614517103618,28.05976246587216,15.155546838701918,315290462.0,8088272.0,915.5745229461886,838.7779468416134,917.5193611424662,615.679332128826
2022-12-08,913.2307104046129,941.4559244793386,911.3357062008498,936.8680419921875,17466047,880.9961120605469,843.8365441894531,748.5620175170899,887.9727659796274,77.59935983368293,19.012572834677826,16.14408593590744,2.868486898770385,928.5805175737094,880.9961120605469,833.4117065473845,0.10802409877126035,15.711135312632255,0.01676984869632608,25.53987724325318,35.98396012349044,13.080183592789268,332756509.0,8033944.35,941.4559244793386,841.9197103933864,941.4559244793386,615.679332128826
2022-12-09,941.5058058572178,942.5031637024055,925.1491128465822,931.2330322265625,8018981,885.1351440429687,847.7501770019531,749.3204568481445,892.0927913364784,73.63583886114256,20.148237836988528,16.94491631612366,3.2033215208648684,935.0218176045345,885.1351440429687,835.2484704814029,0.11272103225661557,15.828486422860186,0.016997342099232177,27.089366656607446,33.63853438831697,12.05583616351077,324737528.0,7959417.95,942.5031637024055,844.9615880269072,942.5031637024055,615.679332128826
2022-12-12,927.443041138466,938.6633163711525,919.5638901810682,936.169921875,7621788,889.5060638427734,852.1824353027343,750.0806762695313,896.2906132925281,74.84794307075214,21.20222027130103,17.796377107159135,3.4058431641418956,941.1627828150835,889.5060638427734,837.8493448704634,0.11614697430874567,16.062124977661906,0.017157275193687076,27.938505682929964,30.781428416589854,13.515626615731199,332359316.0,7393876.05,942.5031637024055,844.9615880269072,942.5031637024055,615.679332128826
2022-12-13,937.7158490600958,946.7917810130881,934.1253243281593,942.1041870117188,8136559,893.7922058105469,856.6825122070312,750.8633477783203,900.6538107895939,76.26077575987674,22.259757912836335,18.689053268294575,3.5707046445417596,947.910554924356,893.7922058105469,839.6738566967377,0.12109827935841355,15.819577242466684,0.016791749214749966,29.079095008852384,32.69115451993977,12.742646328286801,340495875.0,7425700.15,946.7917810130881,848.3525264047356,946.7917810130881,615.679332128826
2022-12-14,943.1514470955915,947.6395572868431,936.0203143310465,939.9100341796875,8573479,898.130712890625,860.8554577636719,751.6833462524414,904.3924987315075,74.59239042298023,22.65960845549739,19.483164305735137,3.176444149762254,952.4294591057658,898.130712890625,843.8319666754842,0.12091501924119888,15.519553364847393,0.016511743465311743,30.1742403101912,31.333103474082478,12.061202271841955,331922396.0,7476289.75,947.6395572868431,850.4470270955337,947.6395572868431,615.679332128826
2022-12-15,937.2670128133814,942.4532856602846,930.1358800396531,935.6712646484375,7359261,902.1176513671875,865.1520764160156,752.4918606567383,907.3714288188343,71.3451301989724,22.376517055311524,20.061834855650417,2.3146821996611067,955.1317232300239,902.1176513671875,849.103579504351,0.11753250096036132,15.290828525974828,0.016342094818654174,30.541523325311715,29.530236835113318,14.116032103506583,324563135.0,7578871.0,947.6395572868431,852.7409554914342,947.6395572868431,615.679332128826
2022-12-16,929.7868270255402,942.7026229600187,926.6451255452462,932.6292724609375,6926928,905.902621459961,868.9879138183594,753.5186898803711,909.7769377371297,69.02283028923006,21.657052711943038,20.380878426908943,1.2761742850340951,956.211592025707,905.902621459961,855.593650894215,0.1110692680956538,15.34559058946038,0.016454116381065146,30.508729613058488,27.32308023543217,14.68579698491009,317636207.0,7701353.7,947.6395572868431,856.7303679247394,947.6395572868431,615.679332128826
2022-12-19,932.629303519984,945.5949556024393,929.9364860173571,943.7000122070312,4842336,909.700064086914,872.7998168945312,754.4626998901367,913.0077067342633,72.52755931401396,21.729701736491506,20.650643088825458,1.0790586476660486,959.3783488746284,909.700064086914,860.0217792991997,0.1092190420753186,15.367939089147656,0.01628477152734867,30.64488895252278,26.678861701773087,13.616980441925223,322478543.0,7694434.9,947.6395572868431,866.0556391981127,947.6395572868431,615.679332128826
2022-12-20,941.2564535961869,950.2326740808128,937.9651849266023,947.2406005859375,9511818,913.6745361328125,876.6705615234375,755.5023373413086,916.2679823391846,73.55792577044241,21.82142865789956,20.884800202640278,0.9366284552592816,961.9928817896296,913.6745361328125,865.3561904759954,0.10576708389253718,15.146478379509286,0.015990106811447993,31.03427847908182,27.32252476439728,12.829215242371358,331990361.0,7576091.35,950.2326740808128,866.4545640647585,950.2326740808128,615.679332128826
2022-12-21,950.5817624990193,956.3664868499249,925.5481042865168,929.8367309570312,8368960,916.5469299316406,879.77134765625,756.4158685302734,917.560244112313,61.3729064223318,20.256274353472918,20.75909503280681,-0.5028206793338903,961.4134180618037,916.5469299316406,871.6804418014776,0.09790330787210061,16.265900106930623,0.017493286257028156,30.07631194113169,23.624885552250955,16.545721180372798,323621401.0,7774920.6,956.3664868499249,870.7930864482026,956.3664868499249,615.679332128826
2022-12-22,933.5269094651918,933.5269094651918,910.5378241365802,917.120361328125,9202717,918.5915130615234,882.4442663574218,757.3285562133789,917.5183505138189,54.295666442808276,17.784761872730428,20.164228400791533,-2.379466528061105,959.4722455367264,918.5915130615234,877.7107805863204,0.08900742472343083,16.74612762276498,0.018259465528073247,27.93092763292985,21.308296640840855,21.32574744844659,314418684.0,7900297.75,956.3664868499249,878.5725421179889,956.3664868499249,615.679332128826
2022-12-23,909.5902851094547,914.8264133954466,901.6114229593718,904.2045288085938,6371695,919.5315185546875,884.3970910644531,758.2894439697266,916.2503674942736,48.214227018925236,14.615393524462775,19.05446142552578,-4.439067901063005,958.1167523417668,919.5315185546875,880.9462847676083,0.08392367854388984,16.65775696176414,0.018422554224222794,26.565220616814948,19.891243140504372,23.735180123673512,308046989.0,8113994.7,956.3664868499249,882.9609402405929,956.3664868499249,615.679332128826
2022-12-26,905.6008968559764,930.4849865379754,902.7085348402504,926.2462158203125,4764440,921.3766265869141,886.9243957519532,759.5968032836914,917.2023530491344,57.05450530466404,13.724024198128518,17.98837398004633,-4.2643497819178116,957.459356730633,921.3766265869141,885.2938964431952,0.07832351961733898,17.451949442904198,0.018841587846540574,25.143400128092935,24.03875016203155,21.03683611836864,312811429.0,8051877.1,956.3664868499249,883.1105323466861,956.3664868499249,615.679332128826
2022-12-27,929.9863389741026,935.3221791195604,920.1623276318431,929.7369995117188,3346083,923.3538879394531,889.5514367675781,760.9074258422852,918.3961289027139,58.26949312328664,13.147725855749286,17.02024435518692,-3.8725184994376356,956.6075389648086,923.3538879394531,890.1002369140976,0.07202796557138878,17.288228160390844,0.018594751170998156,24.124254660578785,24.53163457962072,19.719195878815416,316157512.0,7893691.75,956.3664868499249,883.1105323466861,956.3664868499249,615.679332128826
2022-12-28,928.490322634285,934.9731487989412,918.8657948248916,922.2568359375,5956496,924.523291015625,891.7565954589844,762.1617263793945,918.7638152869793,54.69839535780601,11.949670221403608,16.006129528430257,-4.05645930702665,955.8389714336938,924.523291015625,893.2076105975561,0.06774449215588141,17.203880004223613,0.018654109499481656,23.07598748815392,22.891058975085254,18.938762348030497,310201016.0,7777938.0,956.3664868499249,889.0448735327468,956.3664868499249,615.679332128826
2022-12-29,920.3617949883478,941.5057931967825,913.380290165914,932.0807495117188,12204113,926.0542358398437,894.1143493652344,763.3618283081055,920.0320947369544,58.3119161262825,11.658518083931767,15.136607239530559,-3.4780891555987914,955.6575080102301,926.0542358398437,896.4509636694573,0.06393420822386071,17.983995934698253,0.019294461283659574,22.52476579348215,22.928560140148356,16.823142359511728,322405129.0,7553122.9,956.3664868499249,889.0448735327468,956.3664868499249,615.679332128826
2022-12-30,938.7630818684896,941.0071370442708,927.8918568895923,931.2828979492188,3704449,927.4804534912109,896.1868603515625,764.5783557128906,921.103599804789,57.9079200142455,11.233900551480247,14.356065901920497,-3.12216535044025,955.1417490946237,927.4804534912109,899.8191578877982,0.05964825565712024,17.636230521839703,0.018937565116546762,22.01291707700122,21.71063512003927,15.929526455535745,318700680.0,7810673.55,956.3664868499249,893.3334010659682,956.3664868499249,615.679332128826
2023-01-02,929.7868500899776,942.5031626012645,929.3380268853891,939.1121215820312,3498198,929.5948486328125,898.4957434082031,765.7384280395507,922.8186971169073,60.77945911040129,11.397754791049124,13.764403679746223,-2.3666488886970996,953.8097779536553,929.5948486328125,905.3799193119697,0.05209781305577695,17.316866607127967,0.01843961568503228,21.64065040195734,21.148751457199054,15.064497074335993,322198878.0,7596453.45,956.3664868499249,893.3334010659682,956.3664868499249,615.679332128826
2023-01-03,942.2538881291472,963.0487762617192,940.109544267043,959.7575073242188,6927819,932.4697357177735,899.7304724121094,767.0609802246094,926.3366790414132,67.14462542984523,13.043167034634507,13.620156350723882,-0.5769893160893744,956.6734284580632,932.4697357177735,908.2660429774837,0.051913090180152215,17.789708612310825,0.018535628506734073,22.491207858604984,27.365552093577236,13.61665490474261,329126697.0,7516455.15,963.0487762617192,897.4724532900154,963.0487762617192,615.679332128826
2023-01-04,960.9542909190053,967.4371169604932,952.4767491724443,954.9202880859375,9059392,934.6040802001953,900.6879370117188,768.2313809204102,929.0589275218441,64.5032202374785,13.797792562200243,13.655683593019155,0.14210896918108773,958.8218552385985,934.6040802001953,910.3863051617922,0.05182467218250453,17.58761283914926,0.018417885826263303,23.491056579005473,27.48509786261884,12.789326816823337,320067305.0,7595291.15,967.4371169604932,901.6114229593718,967.4371169604932,615.679332128826
2023-01-05,957.4635394400373,959.3585437114026,935.7710061245989,947.0411376953125,6998980,935.1127349853516,901.6194689941407,769.2857052612304,930.7715189669362,60.339390229567606,13.603247373864974,13.645196349188321,-0.04194897532334707,959.9195220460957,935.1127349853516,910.3059479246075,0.053056249011800075,18.016178892553146,0.019023649739647756,22.922384719076724,24.9147661672738,18.216613614138904,313068325.0,7593077.95,967.4371169604932,901.6114229593718,967.4371169604932,615.679332128826
2023-01-06,944.0490803274756,948.437479308072,931.831446411515,937.4166870117188,5787783,935.4219177246093,902.1131616210937,770.3583804321289,931.4043921140583,55.61661384814626,12.528040720223089,13.421765223395276,-0.8937245031721872,960.181673957269,935.4219177246093,910.6621614919496,0.052938157132103966,17.915454178553425,0.01911151617714851,22.08459121305155,23.265210974548236,18.58122414797783,307280542.0,7069724.6,967.4371169604932,901.6114229593718,967.4371169604932,615.679332128826
2023-01-09,944.2983589138793,957.4634941329857,938.8627466942838,956.216796875,7025747,936.4242614746094,903.2242175292969,771.4976702880859,933.767478281767,61.891271598833114,13.042596513782769,13.345931481472775,-0.3033349676900059,962.7947042934576,936.4242614746094,910.0538186557611,0.05632157111632728,18.067693674461534,0.01889497625800795,21.844313218628358,24.989710804815484,17.108610640437675,314306289.0,6958164.7,967.4371169604932,901.6114229593718,967.4371169604932,615.679332128826
2023-01-10,961.4529432194536,961.4529432194536,940.2590894399791,949.63427734375,7140150,936.8007659912109,904.1447790527344,772.6272009277344,935.278602001956,58.758992841372304,12.772003665631246,13.231145918304469,-0.45914225267322273,963.6946653903168,936.8007659912109,909.9068665921051,0.05741647610770246,18.290990824819602,0.019261089517516018,21.846350107228826,24.479376160550153,15.692623175210576,307166139.0,6928362.65,967.4371169604932,901.6114229593718,967.4371169604932,615.679332128826
2023-01-11,950.4820135387191,953.2247475756881,940.3089514813648,947.2406005859375,7100355,937.1672943115234,905.7006567382813,773.7671694946289,936.4178399623352,57.61706113408966,12.223502249326543,13.029617184508885,-0.8061149351823413,964.4181470025923,937.1672943115234,909.9164416204545,0.058155791087627154,17.90704834406986,0.018904434979869995,21.8482415037864,23.218218203834162,14.884151731765192,300065784.0,6878542.2,967.4371169604932,901.6114229593718,967.4371169604932,615.679332128826
2023-01-12,946.841713099645,947.1908248945438,921.5587142814178,933.0781860351562,8661375,937.0376403808593,907.1368542480469,774.8413055419921,936.0997776835562,51.26853151807092,10.524700238206833,12.528633795248476,-2.003933557041643,964.3403558533539,937.0376403808593,909.7349249083647,0.05827453305162295,18.46239391267342,0.019786545424584388,20.330913857076613,20.91125982700448,20.659484762562247,291404409.0,6804886.0,967.4371169604932,901.6114229593718,967.4371169604932,615.679332128826
2023-01-13,933.0282324261028,934.9730923328219,920.5612597854548,931.6818237304688,9083608,936.990267944336,908.5351501464844,775.8350161743164,935.6790201642145,50.675651402970914,8.962399672560196,11.81538697071082,-2.852987298150625,964.3266815429788,936.990267944336,909.6538543456932,0.05834940774489838,18.173068100865827,0.019505659161730315,18.906573929758274,19.726737868826017,19.88127044399834,282320801.0,6869991.7,967.4371169604932,901.6114229593718,967.4371169604932,615.679332128826
2023-01-16,937.965223470109,939.2617765297222,909.2911846325942,910.7373657226562,10008273,935.3421356201172,909.4337719726562,776.715041809082,933.3036245031138,42.69948297397883,5.965456429079268,10.64540086238451,-4.679944433305243,964.7573185908484,935.3421356201172,905.9269526493861,0.06289716211967583,19.01574837202741,0.020879508283860412,18.348789809181646,17.505939467711944,21.876436548357745,272312528.0,6977825.7,967.4371169604932,901.6114229593718,967.4371169604932,615.679332128826
2023-01-17,912.532534594739,917.2699841619227,904.3043327148935,915.2752685546875,6904960,933.7438690185547,910.32640625,777.5547702026367,931.5866382223113,44.72931712895401,3.911439510627133,9.298608592033036,-5.387169081405903,963.8645645905144,933.7438690185547,903.623173446595,0.06451596968153404,18.5835985916704,0.020303835611133452,18.140274450942243,16.63352690044,22.702983138122438,279217488.0,7236122.55,967.4371169604932,901.6114229593718,967.4371169604932,615.679332128826
2023-01-18,919.4641667501235,923.1543418571546,910.8369975564799,921.55859375,5730939,933.3299621582031,911.3297473144531,778.3726373291015,930.6315863678054,47.50238571634383,2.75882610564679,7.990652094755787,-5.231825989108997,963.8785147800577,933.3299621582031,902.7814095363485,0.06546142063459542,18.13600899945642,0.019679713392566276,17.465894093724174,18.1441557264065,21.601620728702407,284948427.0,7105779.65,967.4371169604932,901.6114229593718,967.4371169604932,615.679332128826
2023-01-19,921.159654434783,935.5216313335968,918.317209008965,926.2462158203125,7721730,933.7862548828125,913.0252551269531,779.1472213745117,930.2139320299489,49.536569950174815,2.198283163129986,6.832178308430628,-4.633895145300642,963.6168920820061,933.7862548828125,903.9556176836189,0.06389178903246383,18.0694670941118,0.01950827629358671,16.502205052769952,21.79897625474296,20.13251500317313,292670157.0,6973878.6,967.4371169604932,901.6114229593718,967.4371169604932,615.679332128826
2023-01-20,928.7894712435568,932.3799350512911,922.2069339714137,928.09130859375,4511360,934.9805938720704,914.6180334472656,779.8834793090821,930.0117774169776,50.35202967417874,1.881246570000485,5.841991960744599,-3.9607453907441137,961.731891268008,934.9805938720704,908.2292964761327,0.05722321419560479,17.505433807380772,0.018861758153844926,15.607350943312461,20.89411024317908,19.296823072470303,297181517.0,6899829.25,967.4371169604932,902.7085348402504,967.4371169604932,615.679332128826
2023-01-23,933.5269253901993,937.2171615221823,922.0074546715407,930.2356567382812,5236124,935.1800659179687,916.2477160644531,780.6354382324218,930.0330992571018,51.336251696637106,1.7824764807021438,5.030088864736108,-3.247612384033964,961.7265867760404,935.1800659179687,908.633545059897,0.05677306825827985,17.341453310470833,0.018642000212371772,15.120947218553516,21.577564888014702,18.087915405529365,302417641.0,6806812.5,967.4371169604932,904.3043327148935,967.4371169604932,615.679332128826
2023-01-24,932.5295668790604,932.5295668790604,901.3621348309634,907.7951049804688,18527897,934.0829711914063,917.2759912109375,781.321999206543,927.9151950402795,41.96139892465781,-0.10535009963575703,4.003001071861735,-4.108351171497492,963.134049055075,934.0829711914063,905.0318933277375,0.06220234981184727,18.329023220301274,0.020190705060802925,14.87013569600396,18.956751518781175,23.936477826083927,283889744.0,6830396.7,967.4371169604932,901.3621348309634,967.4371169604932,615.679332128826
2023-01-25,902.6087877221352,905.0523264493097,881.863758145951,889.9921875,11921748,932.4697387695312,918.013037109375,781.8279278564453,924.3034800364434,36.298133401110285,-3.00339169122401,2.6017225192445856,-5.605114210468596,967.0295853540971,932.4697387695312,897.9098921849653,0.07412540085251536,18.872046335602448,0.021204732581545777,15.648757174505876,17.09619888013397,28.96709497864118,271967996.0,7589487.4,967.4371169604932,881.863758145951,967.4371169604932,615.679332128826
2023-01-27,889.9921752526951,890.1418032666644,848.751456111968,871.4413452148438,17300736,929.4377685546875,918.3232141113281,782.2271603393555,919.2689910058148,31.52380073014652,-6.719549682409934,0.7374680789136818,-7.457017761323615,973.0551311968575,929.4377685546875,885.8204059125176,0.09385752143469847,20.48049639410916,0.02350186447609957,17.573249743541652,14.628284343794864,36.333936810996235,254667260.0,7887750.0,967.4371169604932,848.751456111968,967.4371169604932,615.679332128826
2023-01-30,849.6491470072265,883.1603452440041,843.914339570577,869.54638671875,21233998,926.350942993164,918.5755444335938,782.6609844970703,914.5335048832372,31.07417746125934,-9.705658191632551,-1.3511571751955649,-8.354501016436986,977.1552241003362,926.350942993164,875.5466618859919,0.10968689888308797,21.820889914060444,0.02509456683087603,19.50143104821961,12.749017887889126,33.24957184894719,233433262.0,8142581.15,967.4371169604932,843.914339570577,967.4371169604932,615.679332128826
2023-01-31,870.6934445467299,876.9767871264119,858.8248612165235,869.297119140625,16856151,922.8601928710938,918.6064636230469,783.0318197631836,910.225277669655,31.011518381704562,-11.954480697208623,-3.471821879598177,-8.482658817610446,978.9921076843402,922.8601928710938,866.7282780578473,0.12164771055649386,21.558821056619585,0.02480029046677658,21.291885116849144,11.982280930304794,31.249913852964532,216577111.0,9019058.6,967.4371169604932,843.914339570577,967.4371169604932,615.679332128826
2023-02-01,873.9846395179304,892.8347265366547,831.0982535510395,854.9849853515625,12409819,917.6215667724609,918.3511401367188,783.3579821777344,904.9642974488843,27.573560900856634,-14.721853951733692,-5.72182829402528,-9.000025657708413,978.3681341107871,917.6215667724609,856.8749994341348,0.13240004275834383,24.428653337262126,0.028572026124198277,23.691779680646906,9.819294723823335,33.71599126892253,204167292.0,9686956.25,967.4371169604932,831.0982535510395,967.4371169604932,615.679332128826
2023-02-02,848.7016937743082,869.696064815547,834.8383949970716,866.1554565429688,9567053,913.1833251953125,918.2264721679687,783.7111175537109,901.2682173626066,33.74709934043403,-15.83116174611564,-7.743694984443353,-8.087466761672287,975.3352895110768,913.1833251953125,851.0313608795482,0.13612154887403619,25.17358308592021,0.029063585405781467,25.9202532041734,8.848101650498645,30.381257145787508,213734345.0,9961056.25,961.4529432194536,831.0982535510395,967.4371169604932,615.679332128826
2023-02-03,870.6934548264453,882.6617497381491,856.9797835734515,880.26806640625,7365732,909.8446716308594,918.3072595214844,784.1400442504882,899.2682029858107,40.63217458820376,-15.394073199958143,-9.273770627546313,-6.1203025724118305,971.5349690575007,909.8446716308594,848.154374204218,0.13560621796259795,25.209896162975735,0.028638885272638286,26.97468714339612,11.877897790127236,28.17053115317684,221100077.0,9986439.3,961.4529432194536,831.0982535510395,967.4371169604932,615.679332128826
2023-02-06,869.5464186317218,896.774336681514,868.2997213171303,880.3179321289062,10129098,906.9897338867188,918.2055297851563,784.5846554565429,897.4634152851532,40.65564186498652,-14.872215982785633,-10.393459698594178,-4.478756284191455,968.5966537998793,906.9897338867188,845.3828139735583,0.13584921110221754,25.44309039164773,0.02890216075698667,26.978219686690004,14.89033542730034,25.91860053679335,231229175.0,10004776.9,961.4529432194536,831.0982535510395,967.4371169604932,615.679332128826
2023-02-07,884.5068062386171,886.0527596424866,869.1973872217333,876.7772827148438,5055187,903.0177581787109,917.9541943359375,784.9762115478516,895.4933074213142,39.462847801354904,-14.576314515378726,-11.230030661951089,-3.3462838534276376,961.5857008791224,903.0177581787109,844.4498154782993,0.12971603751965355,24.829681965155277,0.02831925787159188,26.981499905462897,14.168324714910392,24.661845285772564,226173988.0,10221842.65,961.4529432194536,831.0982535510395,967.4371169604932,615.679332128826
2023-02-08,879.7693458320437,884.1078890566288,865.9559637911517,869.4467163085938,6572818,899.0083801269532,917.5392932128906,785.4366738891601,893.0126796962932,37.039849289433064,-14.763145563175271,-11.936653642195926,-2.826491920979345,955.1927770832895,899.0083801269532,842.8239831706169,0.12499193155107681,24.35269934374969,0.02800942126406992,27.115951596815897,13.413986597246263,24.299557405676936,219601170.0,10123314.65,953.2247475756881,831.0982535510395,967.4371169604932,615.679332128826
2023-02-09,873.8350955880709,873.8350955880709,860.2709924440431,865.4074096679688,5993312,894.9167205810547,916.8700659179688,785.8764416503906,890.3836063602623,35.73774478128098,-15.063506081206356,-12.562024129998013,-2.5014819512083424,948.304503594262,894.9167205810547,841.5289375678475,0.11931341047811338,23.58208532948384,0.02724969195552831,27.47174078626987,12.862876066775158,25.023155813924536,213607858.0,10094948.05,947.1908248945438,831.0982535510395,967.4371169604932,615.679332128826
2023-02-10,869.7458624222388,870.3941693456012,862.8641300861638,864.9585571289062,4603464,891.5107391357421,916.14,786.3423464965821,887.9621731001331,35.58803087692549,-15.162973286982606,-13.082213961394933,-2.080759325587673,943.3961066202869,891.5107391357421,839.6253716511974,0.11639874923961999,22.43551061019481,0.025938249208916964,27.802116462191414,12.554506626869467,24.423260696926235,209004394.0,10039595.9,939.2617765297222,831.0982535510395,967.4371169604932,615.679332128826
2023-02-13,864.9585070868561,868.1500640557272,854.2369112941968,856.8300170898438,5707194,887.7681488037109,915.2214294433594,786.8129196166992,884.997205861058,32.90005616205754,-15.716536562009082,-13.609078481517763,-2.1074580804913197,938.3039847842726,887.7681488037109,837.2323128231492,0.11384917570800437,21.826770763861635,0.02547386334339051,28.468139003627343,11.982886277728298,26.13451875259881,203297200.0,9836700.35,939.2617765297222,831.0982535510395,967.4371169604932,615.679332128826
2023-02-14,860.27093388171,869.5962655722684,851.99287655064,868.4492797851562,7527755,885.6537445068359,914.6539306640625,787.2723782348633,883.4212129014483,39.88920655359905,-15.044241402224088,-13.89611106565903,-1.1481303365650586,935.7048648837962,885.6537445068359,835.6026241298756,0.11302638460548838,21.525100639416408,0.02478567389075555,29.17787257752946,11.282908104463798,25.352532609049632,210824955.0,9667879.65,937.2171615221823,831.0982535510395,967.4371169604932,615.679332128826
2023-02-15,869.6960345142812,869.8955182566087,859.323488652169,866.0057983398438,7322266,883.1902709960938,913.9288513183594,787.9745550537109,881.7626019908192,38.969928284591504,-14.540991675497594,-14.025087187626744,-0.5159044878708503,932.0017580085703,883.1902709960938,834.3787839836173,0.11053447624015413,20.74273842263236,0.023952193463827546,29.808136641592217,10.975199834810699,24.429566839985423,203502689.0,9543853.75,937.2171615221823,831.0982535510395,967.4371169604932,615.679332128826
2023-02-16,870.4938669607202,871.9899036457606,859.9717544507139,862.4651489257812,5843235,880.2355987548829,912.933486328125,788.6652526855469,879.9247493179585,37.61712165844506,-14.263443362226894,-14.072758422546773,-0.19068493968012135,926.4862356254549,880.2355987548829,833.9849618843108,0.10508694930310668,20.119553477804814,0.023327961138909958,30.18178113875435,11.250472025477334,23.38723264867533,197659454.0,9564719.05,937.2171615221823,831.0982535510395,967.4371169604932,615.679332128826
2023-02-17,858.725155250901,865.956000054117,847.7542183080905,852.6412963867188,8420479,876.5553527832031,911.2489514160156,789.4071618652343,877.3263252292691,34.08192318821375,-14.667113765347608,-14.19162949110694,-0.4754842742406673,919.144533303308,876.5553527832031,833.9661722630983,0.09717396713140222,19.982569782677796,0.0234360801750501,31.08012228431961,10.518481815385655,26.232799412271504,189238975.0,9570333.85,937.2171615221823,831.0982535510395,967.4371169604932,615.679332128826
2023-02-20,857.4285526319146,858.9245894013524,840.2739855009157,844.5127563476562,5992322,872.3764251708984,909.5145458984375,790.1325775146485,874.2012234310203,31.4483717723069,-15.46466369950872,-14.446236332787297,-1.018427366721422,910.0346142195433,872.3764251708984,834.7182361222535,0.08633472423619805,19.887429362517715,0.023548998180355205,32.21137392653106,9.813887275514293,27.162193858821784,183246653.0,9605271.3,937.2171615221823,831.0982535510395,967.4371169604932,615.679332128826
2023-02-21,846.7568188104417,846.7568188104417,835.1874920431541,841.8198852539062,9677064,867.9556365966797,907.6275451660156,790.9886767578125,871.1172864617713,30.604662160662045,-16.128105202988195,-14.782610106827478,-1.3454950961607164,897.233068293771,867.9556365966797,838.6782048995884,0.06746296806571896,19.293279177144136,0.022918535799763124,33.45337254708549,9.393533387712722,27.881915431744815,173569589.0,9679319.4,932.5295668790604,831.0982535510395,967.4371169604932,615.679332128826
2023-02-22,837.7805863154392,840.7726598379944,827.3581847037606,831.1481323242188,6984037,864.1232879638671,905.4084240722656,791.8397155761719,867.3107003534329,27.46047910594399,-17.31540741004278,-15.28916956747054,-2.0262378425722414,891.5448533556719,864.1232879638671,836.7017225720624,0.06346678945875453,18.948166418072816,0.022797580456670526,34.8848412826778,8.88143533798373,29.31330467476489,166585552.0,9901366.4,905.0523264493097,827.3581847037606,967.4371169604932,615.679332128826
2023-02-23,830.8488877972475,846.0087382525302,828.006442469208,842.1190185546875,8437003,861.7296295166016,903.4526037597657,792.7652770996094,864.9114925630762,34.868496131851984,-17.17313294521864,-15.66596224302016,-1.5071707021984793,888.0359296611031,861.7296295166016,835.4233293721,0.06105464926222478,18.880604229876344,0.022420351296994524,35.63605424256779,10.257456734220904,27.316899207482212,175022555.0,9324173.4,896.774336681514,827.3581847037606,967.4371169604932,615.679332128826
2023-02-24,847.8538987685147,852.3420091720334,842.2188633417659,849.1505126953125,7763814,860.615087890625,901.7221887207031,793.6632577514648,863.4104468613845,39.15720934267039,-16.305042217170012,-15.793778237850132,-0.5112639793198799,887.0695008833279,860.615087890625,834.160674897922,0.061477920535980696,18.26220325755274,0.02150643847530183,35.666226625785114,12.324431585211453,26.22463386283,182786369.0,9149936.15,896.774336681514,827.3581847037606,967.4371169604932,615.679332128826
2023-02-27,849.5992567522266,856.1818550600585,843.714881985254,852.0926513671875,8064267,859.7424011230469,900.1114562988281,794.6889770507812,862.3325615762228,40.91047058967217,-15.204401186131463,-15.6759028275064,0.4715016413749371,886.1121262471171,859.7424011230469,833.3726759989767,0.06134331653207869,17.848258244499295,0.020946382081645305,35.3029065789138,13.246235146065116,24.916215657591927,190850636.0,8673090.05,896.774336681514,827.3581847037606,967.4371169604932,615.679332128826
2023-02-28,853.6884782219203,855.3340821777266,837.7806080724329,841.8697509765625,13012372,858.3710327148438,898.0748510742187,795.731796875,860.3837224714933,36.928526472587606,-14.984308088289254,-15.537583879662971,0.5532757913737179,885.453639591723,858.3710327148438,831.2884258379645,0.06310233184645751,17.82720223455604,0.021175724883661186,35.27698091970653,12.314603319882508,25.541509051046535,177838264.0,8014603.5,896.774336681514,827.3581847037606,967.4371169604932,615.679332128826
2023-03-01,843.8146246888036,866.4546608063794,842.8172668058611,862.8641967773438,12345125,858.7649932861328,896.3873229980469,796.8646514892578,860.6199581196695,48.10068904334604,-12.966338525093647,-15.023334808749109,2.0569962836554616,885.8683402534336,858.7649932861328,831.661646318832,0.06312168562807315,18.30989563421753,0.021219904247507297,34.1686110658025,15.471773732864676,23.09187467424405,190183389.0,7822414.55,896.774336681514,827.3581847037606,967.4371169604932,615.679332128826
2023-03-02,863.7118776816358,864.5097517679955,841.2713265871361,843.2161865234375,13900508,857.6180297851563,894.654912109375,797.8195989990235,858.9624560628855,40.81425572114156,-12.804906340279445,-14.579649115055176,1.7747427747757314,885.3084361501449,857.6180297851563,829.9276234201677,0.06457514978299922,18.661933458977664,0.02213184917135002,33.23433884589663,14.095635291564612,21.62967439644915,176282881.0,7819179.85,896.774336681514,827.3581847037606,967.4371169604932,615.679332128826
2023-03-03,847.5047937811358,856.3313859952318,843.3657345457999,850.3971557617188,7977804,856.1244842529297,893.3204479980469,798.7880450439453,858.1467131770602,44.14451971183669,-11.95966242330826,-14.055651776705794,2.0959893533975347,881.9248575869719,856.1244842529297,830.3241109188875,0.06027248095014148,18.265738174178853,0.021479067810166702,32.36680035598403,13.372708548423697,20.520347307376333,184260685.0,8035852.6,896.774336681514,827.3581847037606,967.4371169604932,615.679332128826
2023-03-06,854.6858146198489,861.4678357686325,853.3393450092184,857.2290649414062,10781567,854.9700408935547,892.3809387207032,799.8367080688477,858.0593181069979,47.18910919408236,-10.616146229884976,-13.367750667341632,2.751604437456656,878.2832933901475,854.9700408935547,831.6567883969619,0.05453583489832557,17.751805447945635,0.020708356930430275,31.04233492301983,14.843786282085441,19.60625839827575,195042252.0,8066456.2,886.0527596424866,827.3581847037606,967.4371169604932,615.679332128826
2023-03-08,856.2316930866406,860.2211243881509,850.7960807635548,858.6752319335938,8785735,854.0649383544921,891.0295190429688,800.7785781860351,858.1179765666737,47.83727227426808,-9.327188355548287,-12.559638204982964,3.2324498494346763,875.2277696514434,854.0649383544921,832.9021070575409,0.04955789740701733,17.157036746277814,0.01998082174519349,30.00328241011341,14.261337495570617,19.89575470930558,203827987.0,8099079.65,884.1078890566288,827.3581847037606,967.4371169604932,615.679332128826
2023-03-09,860.2211566155239,871.9401115027498,859.7224776841525,865.5071411132812,14746065,853.8679595947266,889.744921875,801.7434045410156,858.8217065234935,50.902936840253126,-7.66603272621478,-11.580917109229327,3.914884383014547,874.5216567980075,853.8679595947266,833.2142623914457,0.0483767940258206,16.879025519340544,0.019501890530480726,27.92910571406799,18.420022849769616,18.778921488208592,218574052.0,8285607.05,873.8350955880709,827.3581847037606,967.4371169604932,615.679332128826
2023-03-10,857.3287766059132,859.3234922898487,843.2660553837247,849.649169921875,11198583,853.0800476074219,888.2927685546875,802.6852059936523,857.9481316090536,44.38263570675718,-7.542218664641496,-10.773177420311761,3.2309587556702652,873.105527442573,853.0800476074219,833.0545677722707,0.04694865362591777,17.262029820070257,0.020316655898878235,27.189977919093806,16.72480213531961,23.860175547446794,207375469.0,8694269.4,871.9899036457606,827.3581847037606,967.4371169604932,615.679332128826
2023-03-13,843.365747946297,854.7356514398607,826.2610978636376,830.1507568359375,8315798,851.3396575927734,886.2541687011719,803.52478515625,855.3007625830426,37.94640279037331,-8.914691100012078,-10.401480156251825,1.486789056239747,872.9228614879773,851.3396575927734,829.7564536975694,0.05070409607425566,18.062924374081177,0.02175860736780723,27.429892124692493,14.841578859875895,27.897996270706983,199059671.0,8954532.95,871.9899036457606,826.2610978636376,967.4371169604932,615.679332128826
2023-03-14,825.8122531130239,833.4919202986354,815.2402848502629,830.6494140625,12573734,850.0306274414063,884.2414990234375,804.2759869384765,852.9530151048957,38.19325785872046,-9.848619171189057,-10.290907959239272,0.4422887880502149,873.2377142172207,850.0306274414063,826.8235406655918,0.05460294259200476,18.076403736530555,0.02176177269315505,28.143525760928256,13.77118940640094,30.24081864490003,211633405.0,9140149.65,871.9899036457606,815.2402848502629,967.4371169604932,615.679332128826
2023-03-15,835.835689825817,841.2713019957064,817.1850868421243,821.8726806640625,6652641,847.7017974853516,881.8967102050781,804.9581604003906,849.9929832533878,35.515286767974814,-11.168232498952989,-10.466372867182017,-0.7018596317709722,872.3513354784756,847.7017974853516,823.0522594922276,0.058156153652723495,18.505675980605666,0.02251647538114215,28.119517999957818,15.493604345515793,27.429376727354285,204980764.0,9483476.65,871.9899036457606,815.2402848502629,967.4371169604932,615.679332128826
2023-03-16,819.3294536392584,835.6861463268352,812.1484651209591,828.3555297851562,8791383,845.8192840576172,879.2686706542969,805.646109008789,847.9322733992706,38.921896732448694,-11.557693922738395,-10.684637078293292,-0.8730568444451023,870.3401450005233,845.8192840576172,821.2984231147111,0.05798132391891821,18.86510492526784,0.022774164289288593,28.3370438590104,14.11281039037487,26.891869766637303,213772147.0,9439720.95,871.9899036457606,812.1484651209591,967.4371169604932,615.679332128826
2023-03-17,832.7938167758774,839.276642894492,820.8255224030504,835.1875,7762461,844.4554016113282,876.8740148925781,806.4102917480469,846.7184854564829,42.376738857204735,-11.186115432238125,-10.784932749082259,-0.40118268315586647,868.1413029680398,844.4554016113282,820.7695002546166,0.05609745952602329,18.83553460856597,0.02255246230165797,28.216054610563486,14.486922763724236,25.010224478258024,221534608.0,9513176.8,871.9401115027498,812.1484651209591,967.4371169604932,615.679332128826
2023-03-20,833.7912045973819,838.7779940985624,823.3688023651356,835.3370971679688,10744023,843.5901916503906,874.6399340820312,807.1709906005859,845.6345437147196,42.45349686491093,-10.755581907110923,-10.779062580687992,0.023480673577068956,867.2810019046528,843.5901916503906,819.8993813961283,0.056166632776784235,18.590795831770315,0.022255441419755474,28.10370745129135,13.62923347445898,23.529509628943323,232278631.0,9609138.1,871.9401115027498,812.1484651209591,967.4371169604932,615.679332128826
2023-03-21,837.8803087329111,855.0847317131189,836.5338999796693,853.33935546875,11489951,844.0315216064453,872.9583874511719,807.9943148803711,846.3683353103415,50.92523277739119,-8.859620996967578,-10.39517426394391,1.535553266976331,868.1004728900041,844.0315216064453,819.9625703228864,0.05703329950935572,18.673427168440305,0.021882768032165538,26.609253452476665,18.837278297381793,21.752147632180858,243768582.0,9725315.3,871.9401115027498,812.1484651209591,967.4371169604932,615.679332128826
2023-03-22,853.3393206214389,857.5282356116426,844.8119234933862,847.4050903320312,8018924,844.3107818603515,870.7821533203125,808.8589215087891,846.4670738838357,48.39600676220185,-7.746605867482799,-9.865460584651688,2.1188547171688885,868.4002068607693,844.3107818603515,820.2213568599337,0.057062933502612025,18.247918950570025,0.021533879320243525,25.036284624570033,18.85610502174664,20.66941321469751,235749658.0,10000196.75,871.9401115027498,812.1484651209591,967.4371169604932,615.679332128826
2023-03-23,844.7620800965633,858.8747177086536,842.8670758742992,846.5573120117188,9857892,845.0812408447266,868.7206140136718,809.7446832275391,846.4756679912532,48.02901330161973,-6.853934097940169,-9.263155287309385,2.409221189369216,868.4111418227918,845.0812408447266,821.7513398666614,0.05521339215800152,18.087899156554627,0.02136642008746153,23.714158567692383,17.66414090029337,20.13083767083323,225891766.0,9917289.75,871.9401115027498,812.1484651209591,967.4371169604932,615.679332128826
2023-03-24,844.0141063949059,850.2475931481916,835.0378854701742,837.680908203125,8078718,844.8593353271484,866.5294201660156,810.6176809692383,845.6380718209554,44.24580442263575,-6.7845290655317285,-8.767430042953853,1.9829009774221245,868.3813536052119,844.8593353271484,821.337317049085,0.05568268537615248,17.88231405094483,0.021347405528560334,23.027031239690047,16.59098792471181,22.035092994067046,217813048.0,10060982.5,871.9401115027498,812.1484651209591,967.4371169604932,615.679332128826
2023-03-27,838.8277998735553,839.9747857400914,827.0091338090191,831.1481323242188,10602508,843.9592163085938,864.4908190917969,811.4941137695313,844.2580775831709,41.64580468076158,-7.173968451386145,-8.448737724640312,1.274769273254167,868.1245026466407,843.9592163085938,819.7939299705469,0.057266478927130764,17.53112389952537,0.021092658718369992,22.892602553471438,15.714534563179745,24.14226708158325,207210540.0,10043068.25,871.9401115027498,812.1484651209591,967.4371169604932,615.679332128826
2023-03-28,835.1874828184127,835.1874828184127,823.867434765989,830.2505493164062,11002402,842.8671112060547,862.4621936035156,812.3526150512695,842.9240272720506,41.286821414312165,-7.468932216409371,-8.252776622994123,0.7838444065847519,867.4342690911234,842.8671112060547,818.299953320986,0.05829426147596544,17.0874756247324,0.02058110727996689,22.956072817351345,14.970926912910896,24.31314528895234,196208138.0,10185002.95,871.9401115027498,812.1484651209591,967.4371169604932,615.679332128826
2023-03-29,830.3004281081028,846.2082983349227,827.8070334290995,840.3737182617188,17121194,842.7923095703125,861.0549206542969,813.264719543457,842.681140699638,46.85127290345602,-6.8073669060020165,-7.963694679595703,1.156327773593686,867.3802603104727,842.7923095703125,818.2043588301522,0.05834877812944488,17.18131771623888,0.020444853691733465,22.023603446654768,18.407373628268598,22.45318223179934,213329332.0,10331909.7,871.9401115027498,812.1484651209591,967.4371169604932,615.679332128826
2023-03-31,852.6412256465586,858.6253725734296,845.2607534205282,856.231689453125,12946752,842.4606842041015,859.8740490722656,814.3146194458008,843.9716691523511,54.17751446007803,-4.946446332368396,-7.3602450101502415,2.4137986777818456,866.1181285965765,842.4606842041015,818.8032398116266,0.05616272625190789,17.25777033020116,0.020155491256372088,20.683376216066282,22.156171111005047,20.757019896756706,226276084.0,10537350.8,871.9401115027498,812.1484651209591,967.4371169604932,615.679332128826
2023-04-03,861.7171614119438,864.5097511491489,854.1871220026246,862.3155517578125,13266882,843.4156524658204,858.6891882324219,815.3859762573243,845.7187055909664,56.64655604310381,-2.94676802008928,-6.477549612138049,3.5307815920487693,868.6100132242057,843.4156524658204,818.2212917074351,0.05974364048076831,16.76240310279567,0.01943882731631809,19.836889060073425,23.689057014229135,19.84397736057256,239542966.0,10567432.15,871.9401115027498,812.1484651209591,967.4371169604932,615.679332128826
2023-04-05,868.6986979828679,868.6986979828679,854.7356879119607,858.2264404296875,11890015,843.8071166992188,857.3287927246093,816.4381326293945,846.9099184327494,54.52017428094018,-1.672684000802633,-5.516576489870966,3.843892489068333,869.6579667318103,843.8071166992188,817.9562666666272,0.06127194123157953,16.56244645766078,0.019298457466969295,19.32625765954931,24.069108449682393,18.6490121790318,227652951.0,10535750.85,871.9401115027498,812.1484651209591,967.4371169604932,615.679332128826
2023-04-06,859.5229861540353,860.9691672166958,846.756817801303,849.6990356445312,19677316,843.430615234375,855.760947265625,817.5253274536133,847.1755486433952,50.2813331549155,-1.3356569144132209,-4.680392574779416,3.3447356603661955,868.7014014675703,843.430615234375,818.1598290011796,0.05992380588692071,16.39458238321307,0.019294575720892885,18.209586457787708,22.578726830193713,20.970513972693325,207975635.0,10731361.4,871.9401115027498,812.1484651209591,967.4371169604932,615.679332128826
2023-04-10,852.5414731343576,852.6911011605596,841.7201648732404,845.1111450195312,15656078,842.7524108886719,854.05845703125,818.5880892944336,846.9789387744559,48.113920950645486,-1.4223687693569218,-4.028787813694918,2.606419044337996,867.0599809177035,842.7524108886719,818.4448408596403,0.05768614771068896,16.007179090649224,0.0189409158605751,17.02635751349661,21.4733755906028,22.19139081689868,192319557.0,11176148.85,871.9401115027498,812.1484651209591,967.4371169604932,615.679332128826
2023-04-11,846.0087653724299,853.439093258407,841.8198503806001,851.04541015625,23930907,842.0293243408203,852.9234631347656,819.7148785400391,847.3662217631982,51.05292413161547,-1.0007074052656435,-3.4231717320090636,2.42246432674342,864.3668658784425,842.0293243408203,819.6917828031981,0.05305644564127043,15.693755075446198,0.018440561323942586,15.868365691974184,20.67822237852682,21.01782501473131,216250464.0,11519666.0,868.6986979828679,812.1484651209591,967.4371169604932,615.679332128826
2023-04-12,852.6412558734322,854.3866321223113,844.4130535572876,848.8013916015625,13480335,841.9869354248046,852.0996472167968,820.7896185302734,847.5029046049472,49.90183254832826,-0.8379518918329723,-2.9061277639738456,2.0681758721408734,864.2696270109926,841.9869354248046,819.7042438386167,0.05292882976847087,15.285171038987446,0.0180079476662339,14.756060519776035,20.1572599895436,20.038243803467964,202770129.0,11978908.1,868.6986979828679,812.1484651209591,967.4371169604932,615.679332128826
2023-04-13,851.3945429743361,865.4074084270142,842.76737332389,862.0662231445312,23934570,843.5827087402344,851.9121447753906,821.9789807128906,848.8898873230028,56.189979616137364,0.3572756208862984,-2.253447087001817,2.6107227078881152,866.7979819192651,843.5827087402344,820.3674355612036,0.05503970846841877,15.810518472140071,0.01834025977084284,14.586720885134724,23.074470533641833,17.988674515985227,226704699.0,12092995.7,868.6986979828679,812.1484651209591,967.4371169604932,615.679332128826
2023-04-17,879.6696543336656,879.6696543336656,858.7251387542925,862.2657470703125,22577380,845.163525390625,851.7665319824218,823.1566436767578,850.1637787275085,56.278873140069685,1.3055523543225718,-1.5416471987369391,2.847199553059511,868.9397771064197,845.163525390625,821.3872736748302,0.05626426366378179,16.17723255122814,0.018761307179593886,15.334139252418092,27.237909932198242,16.32511930273267,249282079.0,12873934.3,879.6696543336656,812.1484651209591,967.4371169604932,615.679332128826
2023-04-18,863.0636244684166,869.696078776534,854.8354218882487,861.0689086914062,17238709,847.1233367919922,851.6019677734375,824.3051690673828,851.202362533594,55.55073846470035,1.9381518348590134,-0.8456873920177488,2.783839226876762,869.3055426496319,847.1233367919922,824.9411309343525,0.052370664091588956,16.08319143244651,0.018678169970030214,15.664379776727191,25.440233521497902,16.975175474734797,232043370.0,13374116.6,879.6696543336656,812.1484651209591,967.4371169604932,615.679332128826
2023-04-19,862.7145161360205,872.1894154461849,860.2709772970421,871.0923461914062,23494247,849.2601776123047,851.9241149902343,825.4883764648438,853.0966466914809,60.19550894890611,3.2112814639419867,-0.034293620825801674,3.2455750847677884,872.0251170651995,849.2601776123047,826.4952381594098,0.053611225518423546,15.78570905506767,0.018121740047523108,16.127379739312673,25.19645885809507,16.05971101317341,255537617.0,13903420.0,879.6696543336656,820.8255224030504,967.4371169604932,615.679332128826
2023-04-20,872.488653826795,873.2865279492286,861.8668290194934,866.4546508789062,19444753,850.82353515625,851.9300988769531,826.6222543334961,854.3688375664739,57.21637352135232,3.80219329696763,0.7330037627328847,3.069189534234745,873.8015257603114,850.82353515625,827.8455445521887,0.0540135284335818,15.473851188972494,0.017858812545210847,16.628448288447082,24.374682071213822,15.213135059099667,236092864.0,14638563.2,879.6696543336656,823.3688023651356,967.4371169604932,615.679332128826
2023-04-21,868.4991631302372,871.5410922561947,855.2343165182021,861.9166259765625,15520786,852.1525115966797,851.5630700683594,827.8170928955078,855.0876745579109,54.38030239245526,3.8598208856531073,1.3583671873169294,2.501453698336178,874.4587600297989,852.1525115966797,829.8462631635605,0.052352714166913505,15.533345799616784,0.018021865841162197,16.417470780366827,22.546943773105152,17.122272406972424,220572078.0,15222677.8,879.6696543336656,823.867434765989,967.4371169604932,615.679332128826
2023-04-24,865.7066060820845,882.0632990258189,858.2264222737716,879.9688110351562,18201632,853.483984375,851.5560876464843,829.046176147461,857.4573066033628,62.370732252173916,5.301044489603214,2.146902647774186,3.154141841829028,878.8797521983455,853.483984375,828.0882165516545,0.05951082454568297,16.126455153361817,0.01832616673583166,16.93746891924748,24.827012465077946,15.314499787391853,238773710.0,15461515.95,882.0632990258189,823.867434765989,967.4371169604932,615.679332128826
2023-04-25,882.6616283389361,893.43308010321,872.0896603038666,876.0291748046875,36394389,854.9151885986328,851.5411254882813,830.2199597167969,859.2260559558699,59.9047495419382,6.055524542807689,2.9286270267808865,3.126897516026802,881.9525363414004,854.9151885986328,827.8778408558651,0.06325153208960292,16.499095485217648,0.018833956630378384,18.06903428428296,27.455229088387227,13.899427417982643,202379321.0,15797100.0,893.43308010321,823.867434765989,967.4371169604932,615.679332128826
2023-04-26,875.0817699116577,887.0999193895163,872.8875705471868,885.3046875,19468723,856.8525573730469,851.8582849121094,831.3883374023437,861.7097351505489,63.557987963255755,7.317559505567601,3.8064135225382296,3.5111459830293716,886.6307052398614,856.8525573730469,827.0744095062324,0.06950588548888467,16.33575643929707,0.018452129159540986,19.119773551815907,25.74905380876055,13.035662654440463,221848044.0,17215873.25,893.43308010321,823.867434765989,967.4371169604932,615.679332128826
2023-04-27,885.6538269401998,887.6485427666416,875.1815688513799,879.0712890625,15992383,858.9220764160157,852.1315625,832.5546762084961,863.3632164754966,59.62616792524007,7.725691187865891,4.590269055603763,3.1354221322621285,888.8357929236598,858.9220764160157,829.0083599083715,0.0696540869748365,16.059414830437404,0.018268614878281637,20.127230390195386,24.5652780464514,12.312832250695678,205855661.0,17696414.8,893.43308010321,823.867434765989,967.4371169604932,615.679332128826
2023-04-28,882.7613790119196,887.6983123782459,851.3945243829124,857.7277221679688,23004117,860.2510559082032,851.9869458007812,833.5672436523438,862.8265027319226,48.551038497475346,6.2547896916655645,4.923173182816123,1.3316165088494412,887.3392930540235,860.2510559082032,833.1628187623828,0.06297751559798359,17.505441485072836,0.020409089076457235,18.81663065533624,20.92635792224213,20.194879330752705,182851544.0,18092098.05,893.43308010321,823.867434765989,967.4371169604932,615.679332128826
2023-05-02,867.7013634327463,874.0844782719244,861.9665555709781,868.3496704101562,12947953,862.1560119628906,852.2173388671876,834.6269369506836,863.3525187012782,53.209002029958796,5.878429237419141,5.114224393736727,0.764204843682414,885.6585350956183,862.1560119628906,838.6534888301629,0.054520348536963595,17.423392529278747,0.02006494978117396,17.59964518725275,19.52312401413758,18.840695313051658,195799497.0,18712178.5,893.43308010321,827.8070334290995,967.4371169604932,615.679332128826
2023-05-03,861.5675564094298,864.5596299665021,851.7934616311052,857.578125,15103015,863.0162322998046,851.9999157714843,835.5779174804687,862.8025764440135,48.42142718849421,4.657300709351375,5.022839656859657,-0.36553894750828153,884.4336650013312,863.0162322998046,841.5987995982781,0.049633904670488976,17.361450832833913,0.020244745436847417,16.977377252967596,18.19329391974544,21.742768893166094,180696482.0,18809456.05,893.43308010321,841.7201648732404,967.4371169604932,615.679332128826
2023-05-04,857.7276963008517,864.8588288231408,855.2343018348607,863.6619873046875,9756391,863.3877471923828,851.9530395507812,836.5059591674805,862.884425097411,51.097790029812586,4.132823776232158,4.844836480734157,-0.7120127045019995,884.5781158970649,863.3877471923828,842.1973784877007,0.04908656342087374,16.808813415365783,0.019462259150507078,16.373824784915833,17.57634732544222,20.853508085070725,190452873.0,18708547.1,893.43308010321,841.7201648732404,967.4371169604932,615.679332128826
2023-05-05,864.8588814516036,882.6616946725612,860.4704825748612,863.0137329101562,14343308,863.42265625,851.9640112304687,837.4489611816406,862.8967401271963,50.7953422933765,3.6230984920168794,4.600488882990702,-0.9773903909738229,884.6081443963194,863.42265625,842.2371681036807,0.049073273657959694,17.193270464103943,0.019922360222619822,15.951117088699416,23.352054481343966,18.930975903228898,176109565.0,18549029.05,893.43308010321,841.7201648732404,967.4371169604932,615.679332128826
2023-05-08,863.01374805145,879.0712461956198,863.01374805145,876.1290283203125,7007882,864.3177856445312,852.4337658691406,838.4390881347656,864.1569580503501,56.416062592785735,4.228686595598447,4.526128425512251,-0.2974418299138044,886.0550837271728,864.3177856445312,842.5804875618896,0.050299319170973314,17.112144951343915,0.019531535194251912,15.5586027993556,21.786850661219876,17.6621010029034,183117447.0,18602850.35,893.43308010321,841.7201648732404,967.4371169604932,615.679332128826
2023-05-09,879.8690735863491,887.8479360793128,877.6748742260062,885.903076171875,12117151,866.1279876708984,853.261572265625,839.536181640625,866.2280169190667,60.07621009769717,5.43465617379286,4.7078339751683735,0.726822198624486,888.7077614861081,866.1279876708984,843.5482138556887,0.052139577837517735,16.726913723319374,0.018881200633819865,15.775638126256872,24.444461987517503,16.77823659173071,195234598.0,18358743.7,893.43308010321,841.7201648732404,967.4371169604932,615.679332128826
2023-05-10,889.6431942064683,890.1418731269875,875.2313612286815,887.5487670898438,11893027,868.249868774414,854.1761499023437,840.6716735839843,868.2585645543788,60.67503379542154,6.448850917415143,5.056037363617728,1.3928135537974153,890.5044209166786,868.249868774414,845.9953166321495,0.05126301297039786,16.59717073581842,0.018700009905076396,15.752376838219654,22.875866579153353,16.75318586516937,207127625.0,17980735.45,893.43308010321,841.8198503806001,967.4371169604932,615.679332128826
2023-05-11,888.6458302181073,897.622050725361,886.6511145498288,893.582763671875,13816121,870.3767364501953,855.4248425292968,841.7261300659179,870.6703930417594,62.87384844228002,7.651301216911861,5.575090134276555,2.0762110826353064,893.7502954457777,870.3767364501953,847.0031774546128,0.053709061873392465,16.195296838655118,0.018124003166876276,16.21660697023779,25.068073068787257,15.942553112186992,220943746.0,17792582.9,897.622050725361,842.76737332389,967.4371169604932,615.679332128826
2023-05-12,892.8347664423467,911.1861145008119,891.637924838255,908.2439575195312,10533272,873.3488647460938,856.7473413085937,842.7736056518555,874.2488277539281,67.61242264672481,9.675751516707692,6.395222410762782,3.2805291059449093,899.8945849082248,873.3488647460938,846.8031445839628,0.06079064445763857,16.43478918321953,0.01809512636682321,17.40165070736551,28.83347810190269,14.588074214369861,231477018.0,17286843.6,911.1861145008119,842.76737332389,967.4371169604932,615.679332128826
2023-05-15,908.2439536374151,917.0705462913144,906.7479168571682,913.3803100585938,7339579,875.9145690917969,858.0319372558594,843.8213299560547,877.9756355924678,69.10038189276214,11.561331851382306,7.428444298886688,4.132887552495618,907.1137297572316,875.9145690917969,844.7154084263623,0.07123790781967217,15.998206344000003,0.017515383425523712,18.788319590683326,30.131864143498824,13.915734180766927,238816597.0,17139490.45,917.0705462913144,851.3945243829124,967.4371169604932,615.679332128826
2023-05-16,913.779312757632,920.0626553019887,909.5903974367628,915.3750610351562,12567615,878.570034790039,859.2975854492188,844.8299084472657,881.5374856346286,69.68291229837999,13.066010745894346,8.55595758828822,4.5100531576061265,913.4892222132452,878.570034790039,843.6508473668329,0.0794909592643941,15.603495738373278,0.017046013598762445,20.218688113265333,30.057074354278424,13.24862562670408,251384212.0,16309740.9,920.0626553019887,851.3945243829124,967.4371169604932,615.679332128826
2023-05-17,915.275357867754,916.4721995236615,908.8423872319096,912.3829956054688,10248327,881.1357391357421,860.7078503417969,845.7477270507812,884.4751532508992,67.62356022353464,13.857306532150801,9.616227377060737,4.241079155090064,918.0196607821164,881.1357391357421,844.2518174893679,0.0837190457909508,15.033946920757467,0.016477671102123895,21.46316955371916,28.967493380484573,13.123748686020344,241135885.0,15809252.65,920.0626553019887,851.3945243829124,967.4371169604932,615.679332128826
2023-05-18,917.5691873556405,927.0440865728997,910.1887151947456,912.283203125,13614127,883.1952819824219,861.69623046875,846.6820022583008,887.1235389531946,67.55185463571652,14.311388941378027,10.555259689924195,3.7561292514538316,922.148019540804,883.1952819824219,844.2425444240398,0.08820866314174296,15.164048667714372,0.01662208469450096,23.1259910228556,31.64737910686069,12.081783938517626,227521758.0,15459733.55,927.0440865728997,851.3945243829124,967.4371169604932,615.679332128826
2023-05-19,918.4668189387249,924.5506771464437,906.5483810984672,921.6084594726562,8393002,885.9529724121094,863.2640759277343,847.7671273803711,890.4078170979052,70.68051845596315,15.247953854501475,11.493798522839652,3.7541553316618224,927.4976595850643,885.9529724121094,844.4082852391545,0.09378531020635263,15.366780623447383,0.0166738710625988,24.25113320606382,28.99915507744763,12.762907916130953,235914760.0,14965727.55,927.0440865728997,851.3945243829124,967.4371169604932,615.679332128826
2023-05-22,920.5612837744666,925.2987335013665,911.984030723741,915.1256713867188,9383158,888.6134246826172,864.5586462402343,848.7575039672852,892.7618984587446,65.92186339364156,15.290818439358077,12.253202506143339,3.037615933214738,930.474015818706,888.6134246826172,846.7528335465283,0.09421552718729187,15.220203634460113,0.01663181802276015,25.334706954074235,27.53817643051768,11.965404387443693,226531602.0,14413140.0,927.0440865728997,851.3945243829124,967.4371169604932,615.679332128826
2023-05-23,915.1256956371483,920.0626292371015,909.9893391635751,913.7294311523438,8273445,890.3014556884766,865.6886535644531,849.7062408447266,894.7588063343254,64.9082613400761,15.038766475015336,12.81031529991774,2.2284511750975966,933.3378145345794,890.3014556884766,847.2650968423739,0.09667817247995496,14.852566951536279,0.016254885139034062,26.093064981481117,26.204111511995965,12.345031727439112,218258157.0,14106258.6,927.0440865728997,851.3945243829124,967.4371169604932,615.679332128826
2023-05-24,908.7425871157698,918.4169091117494,907.7950850275552,915.2752685546875,6248545,892.2637603759765,866.820654296875,850.6684417724609,896.7127551172171,65.5400059580389,14.793222575218351,13.206896754977862,1.5863258202404893,936.089828982165,892.2637603759765,848.437691769788,0.09823567996916377,14.55037103244042,0.015897262312590324,26.51917692901721,24.83774742143442,12.778494695901637,224506702.0,13609849.25,927.0440865728997,851.3945243829124,967.4371169604932,615.679332128826
2023-05-25,914.2779119411406,921.1097885552583,910.0391412702481,918.6163940429688,8149350,893.929345703125,867.8828393554687,851.6171780395508,898.7988159672886,66.92592551816658,14.698789671876057,13.505275338357503,1.1935143335185536,939.0827964320007,893.929345703125,848.7758949742494,0.10102241512915089,14.301819336195404,0.015568870127878895,27.091821338007644,24.809369429933504,12.071960172035281,232656052.0,12102557.05,927.0440865728997,851.3945243829124,967.4371169604932,615.679332128826
2023-05-26,915.5744897215402,925.4483566073094,912.5824162257182,924.5008544921875,4908462,896.2008239746094,869.379873046875,852.5970819091797,901.2466291601362,69.27006280474063,14.926711852706603,13.789562641227324,1.1371492114792794,942.68702320701,896.2008239746094,849.7146247422088,0.10374058579021712,14.199256553723671,0.015358835510782822,27.90181207336555,25.38616490601498,11.29064602729871,237564514.0,11536588.4,927.0440865728997,851.3945243829124,967.4371169604932,615.679332128826
2023-05-29,928.5401643564267,935.2224741694308,925.597946505116,927.3433227539062,7133871,899.6816040039063,871.3237243652344,853.5909490966797,903.732028550019,70.36277681843141,15.161927988449179,14.064035710671696,1.0978922777774827,944.5195180292478,899.6816040039063,854.8436899785647,0.09967507132700441,13.950853919689362,0.015043893213421637,29.208750533987992,28.996957453122846,10.670847752829815,244698385.0,10982392.35,935.2224741694308,851.7934616311052,967.4371169604932,615.679332128826
2023-05-30,928.3406903665873,937.2171997318495,925.5979562325213,934.97314453125,7804403,903.0127777099609,873.4101989746093,854.6673480224609,906.7073729291839,73.12521917217965,15.782075382013545,14.407643644940066,1.374431737073479,947.9439719420118,903.0127777099609,858.08158347791,0.09951397220756125,13.784310318234997,0.014743001335237045,30.526014063006997,28.284707956763018,10.028361707246479,252502788.0,10188880.05,937.2171997318495,851.7934616311052,967.4371169604932,615.679332128826
2023-05-31,934.8733518090171,937.4166630132827,907.7951228373205,912.4328002929688,34757004,905.7555114746094,875.2214013671875,855.5966360473633,907.2526517257347,56.40018314829217,14.290002997484294,14.384115515448912,-0.09411251796461784,945.675527667257,905.7555114746094,865.8354952819618,0.08814744307248229,14.915541022358369,0.01634700223136346,29.577541648756423,24.27241820642477,17.131345377032996,217745784.0,9931702.55,937.4166630132827,855.2343018348607,967.4371169604932,615.679332128826
2023-06-01,919.5639303932444,928.4902952545949,913.6296390581192,917.27001953125,11817533,908.4359130859375,876.9996911621093,856.4650854492188,908.2066867548314,58.58912487464555,13.344026418955423,14.176097696150215,-0.8320712771947925,943.6071130281877,908.4359130859375,873.2647131436873,0.07743242959819661,14.997109160877496,0.016349721283315712,28.696817264095174,22.416087911246052,15.821157197589939,229563317.0,10914402.0,937.4166630132827,860.4704825748612,967.4371169604932,615.679332128826
2023-06-02,920.2122403047441,928.0414750407,917.8185571264956,923.653076171875,11616991,911.4678802490234,878.7690026855469,857.3981137084961,909.6777714612165,61.34685629049378,12.959997704329453,13.932877697786063,-0.9728799934566101,940.3455450777141,911.4678802490234,882.5902154203328,0.06336518368765978,14.695276757204104,0.015909952704438977,27.879001764052585,21.242465462826463,14.992820633217741,241180308.0,11017459.1,937.4166630132827,863.01374805145,967.4371169604932,615.679332128826
2023-06-05,925.1491370131882,951.3796977259298,925.1491370131882,948.3377075195312,14520005,915.0783142089844,881.0290148925782,858.3555773925781,913.3596701334369,69.73946221004735,14.48057260573944,14.042416679376739,0.4381559263627004,943.4312423453302,915.0783142089844,886.7253860726385,0.06196830958857297,15.626087099836294,0.016477344490189925,28.609959346550063,29.218324114233223,13.092608776554538,255700313.0,10881143.25,951.3796977259298,875.2313612286815,967.4371169604932,615.679332128826
2023-06-06,948.5869905944751,968.1850959488153,948.5869905944751,965.641845703125,14457988,919.0652526855469,883.2750646972656,859.391083984375,918.3389249495976,74.00108702122306,16.887272539088144,14.61138785131902,2.275884687769125,951.9499156877523,919.0652526855469,886.1805896833414,0.07156110603923956,15.927608623368275,0.016494323122224167,30.011674296436894,34.15419373878049,11.927273351374797,270158301.0,11256749.4,968.1850959488153,875.2313612286815,968.1850959488153,615.679332128826
2023-06-07,970.3793637455273,978.6574219937272,965.5421414921007,974.1693115234375,15795824,923.3962799072266,885.8103491210937,860.4487820434571,923.6561046232968,75.80911452160827,19.2606697883283,15.541244238720877,3.7194255496074238,961.0128129852499,923.3962799072266,885.7797468292033,0.08147430068009935,15.726728043243867,0.016143731748898865,31.67895650347355,36.87608755480193,11.21679255536615,285954125.0,11373791.25,978.6574219937272,886.6511145498288,978.6574219937272,615.679332128826
2023-06-08,970.4790025315168,972.274234410458,957.3637838856253,959.5579223632812,10209982,926.6950378417969,888.070361328125,861.3962719726562,927.0753253604381,67.18739574130964,19.735093343608582,16.380014059698418,3.3550792839101646,964.8426468380007,926.6950378417969,888.547428845593,0.08233044839658749,15.803785157141608,0.01646986053558778,32.38600353835938,34.075121554683555,14.061190893635391,275744143.0,11568931.1,978.6574219937272,891.637924838255,978.6574219937272,615.679332128826
2023-06-09,964.4450372391158,979.1062097524826,960.7548010335363,972.174560546875,12947464,929.891567993164,890.760234375,862.4420016479493,931.3704906162892,70.32566529960964,20.88834682927302,17.28168061361334,3.606666215659679,971.8434186815124,929.891567993164,887.9397173048156,0.09022955392290809,16.071249602288734,0.016531238580495475,33.31220251798635,34.15106580140804,12.839523064324396,288691607.0,11388624.15,979.1062097524826,906.5483810984672,979.1062097524826,615.679332128826
2023-06-12,970.429135033108,975.316212580672,966.0407363832999,971.6259765625,7465375,932.8038513183594,893.5697912597657,863.5226385498047,935.2043464206902,70.01211523002128,21.510087483626762,18.127361987616023,3.382725496010739,977.7467044045032,932.8038513183594,887.8609982322156,0.09636077943422887,15.58583721622326,0.016040984485989295,34.17224442763996,32.69934765516817,12.293731353754223,281226232.0,11509333.75,979.1062097524826,906.5483810984672,979.1062097524826,615.679332128826
2023-06-13,971.7257076265167,987.0850423372962,971.7257076265167,983.2451782226562,15233785,936.1973571777344,896.6296838378906,864.7394149780273,939.7796637351632,72.78029513859471,22.678964909544447,19.03768257200171,3.6412823375427372,985.4102565160006,936.1973571777344,886.9844578394682,0.10513360021998709,15.57678211326418,0.015842215612408336,35.41715080450659,35.77802134393319,11.422243812537689,296460017.0,11515623.55,987.0850423372962,906.5483810984672,987.0850423372962,615.679332128826
2023-06-14,983.394818048502,985.589017444078,973.4212397721479,975.1167602539062,8644423,939.3340454101562,899.3245446777344,865.8896179199219,943.145101498853,68.0479343570324,22.68788151741967,19.7677223610853,2.9201591563343676,990.0496587136633,939.3340454101562,888.6184321066492,0.10798206144303509,15.333281796026027,0.015724559787110483,36.57313529731132,33.750037776433565,10.77480379529569,287815594.0,11648932.05,987.0850423372962,906.5483810984672,987.0850423372962,615.679332128826
2023-06-15,985.7385964089794,986.3869033542694,969.6313038239398,974.5682373046875,15978311,942.4482971191406,901.6912756347656,867.0216192626954,946.1377810994087,67.72789376683288,22.392559290974987,20.29268974706324,2.0998695439117476,993.7826834498262,942.4482971191406,891.1139107884551,0.10893836083656495,15.434875919904854,0.015837655414044978,37.20307917192875,31.13304178793353,11.693203039961729,271837283.0,11568736.85,987.0850423372962,906.5483810984672,987.0850423372962,615.679332128826
2023-06-16,980.2032402270959,982.8462627643449,974.6180608592621,978.95654296875,8860900,945.3157012939453,904.0240954589843,868.2094723510742,949.2633774679173,68.98465696982053,22.2560598868655,20.685363775023696,1.570696111841805,998.0607657978217,945.3157012939453,892.5706367900689,0.11159248583659218,14.923672315601468,0.01524446863631398,37.78802705550208,29.899526398486174,11.229909218562126,280698183.0,11686946.05,987.0850423372962,907.7950850275552,987.0850423372962,615.679332128826
2023-06-19,981.2504969948915,983.3948407233075,958.4608944575036,963.0986328125,11025846,947.7143493652344,906.1215393066407,869.3103060913086,950.581020834068,59.905843387583054,20.630467123182825,20.674384444655523,-0.04391732147269778,999.0951505341279,947.7143493652344,896.3335481963409,0.10843098704437187,15.638691883473072,0.016237892309953757,36.58244526325943,26.49444992831754,17.330669239664182,269672337.0,11710340.95,987.0850423372962,907.7950850275552,987.0850423372962,615.679332128826
2023-06-20,963.3977830250602,974.4185745853573,956.0173109253186,972.2742309570312,7596593,950.6415893554688,908.5730432128906,870.5378039550782,952.6470408457787,62.94463423279393,19.853706067745406,20.510248769273502,-0.656542701528096,1000.5951119188368,950.6415893554688,900.6880667921008,0.10509433444256583,15.836018438942045,0.01628760480811499,35.23243789624554,24.295433261982733,16.994420123435386,277268930.0,11792475.35,987.0850423372962,907.7950850275552,987.0850423372962,615.679332128826
2023-06-21,975.7151823757298,975.7151823757298,960.6052473193232,963.4476928710938,7805855,953.0502105712891,910.9397741699219,871.6074703979492,953.6756743719992,58.36224071059815,18.314768230359277,20.071152661490657,-1.75638443113138,1000.5348661970547,953.0502105712891,905.5655549455234,0.09964775223605858,15.784155340189512,0.016382991476322297,34.067201440812376,23.220930587799632,15.832384168245676,269463075.0,11758632.75,987.0850423372962,907.7951228373205,987.0850423372962,615.679332128826
2023-06-22,959.6576827331883,970.8779579293866,956.1669304499264,964.0460205078125,10135883,955.3216918945312,913.1997863769532,872.7167813110351,954.6633263849337,58.58235710719176,16.94806223499029,19.446534576190583,-2.4984723412002943,1000.2794279738873,955.3216918945312,910.3639558151751,0.09412062232188796,15.707503350137419,0.016293312783826928,32.53942878590483,21.667515817250457,16.791530178520347,279598958.0,11836498.25,987.0850423372962,907.7951228373205,987.0850423372962,615.679332128826
2023-06-23,957.4635460788033,962.9490143115465,952.0279335643066,955.8677978515625,6188008,956.8900390625,915.3411145019531,873.7550311279297,954.7780379531841,54.35283051037647,15.031747043988958,18.56357706975026,-3.531830025761302,999.5683007976136,956.8900390625,914.2117773273865,0.08920201902598338,15.443973606806594,0.016157018409364704,30.717831732354494,20.463152893325887,17.772484323584518,273410950.0,11935824.9,987.0850423372962,907.7951228373205,987.0850423372962,615.679332128826
2023-06-26,956.9648713775646,960.9543028371896,950.5817566926072,958.0120849609375,5799528,958.4234771728516,917.2600317382812,874.7745803833008,955.086042430113,55.264805516484714,13.530112780060676,17.556884211812346,-4.026771431751669,998.8917166138415,958.4234771728516,917.9552377318616,0.0844475128267157,15.081728788076296,0.01574273333795288,28.88498065285276,19.45789205925778,17.58432748096411,279210478.0,11999802.2,987.0850423372962,907.7951228373205,987.0850423372962,615.679332128826
2023-06-27,964.4450412674793,973.4212619204341,958.2614104206652,970.6785278320312,6921886,960.2087463378906,919.4282873535157,875.8878811645508,956.5710410398195,60.30926503818527,13.2098578703459,16.687478943519057,-3.4776210731731574,999.5150218243598,960.2087463378906,920.9024708514214,0.08187027172243147,15.105117943177744,0.01556140113340549,28.176616844498206,23.935399095928897,16.303020921316065,286132364.0,11933085.05,987.0850423372962,907.7951228373205,987.0850423372962,615.679332128826
2023-06-28,976.4132915500627,981.4000805773868,964.4449978844848,975.6154174804688,10010996,963.3678771972657,921.7192175292969,876.9989373779297,958.3847911770242,62.10298148439454,13.20223216807608,15.990429588430462,-2.7881974203543827,996.474187177589,963.3678771972657,930.2615672169424,0.06873035890845725,15.237258282443763,0.015618099108964527,28.0497109025211,25.77325876609162,15.007235369399206,296143360.0,11888959.2,987.0850423372962,913.6296390581192,987.0850423372962,615.679332128826
2023-06-30,974.5183133320694,987.2346256905186,973.4212440663871,984.8410034179688,7096350,966.7464263916015,923.9941906738281,878.0346932983398,960.9044304380666,65.26228345630568,13.78174900412614,15.5486934715696,-1.7669444674434587,993.53422054375,966.7464263916015,939.958632239453,0.05541844980412177,15.135552806850027,0.015368524212863693,28.28600352583136,26.84660033658406,14.028930126646268,303239710.0,10651658.8,987.2346256905186,917.8185571264956,987.2346256905186,620.9074497529566
2023-07-03,987.3842168463997,987.3842168463997,975.4159233088675,979.5050659179688,5562743,969.5390258789063,926.2551989746094,879.018337097168,962.6759195313905,62.04073627271183,13.653070610670852,15.169568899389851,-1.5164982887189993,988.1814687937358,969.5390258789063,950.8965829640767,0.03845630225751828,14.909320001898752,0.015221279113984054,28.514520526734728,25.378923561798125,13.224532255516724,297676967.0,10415599.65,987.3842168463997,925.1491370131882,987.3842168463997,620.9074497529566
2023-07-04,979.5050965987062,982.2478306203005,966.4397334272136,968.13525390625,7396806,970.5289031982422,928.3795715332031,879.864595336914,963.19585613852,55.72819224646855,12.489670106480048,14.63358914080789,-2.1439190343278423,986.4699252645487,970.5289031982422,954.5878811319358,0.03285017481452649,14.97351837269791,0.015466349678190605,27.720691448887028,23.465104395306227,16.50920876525488,290280161.0,10112887.25,987.3842168463997,948.5869905944751,987.3842168463997,620.9074497529566
2023-07-05,966.4397446918043,972.9225706365894,959.557951262399,963.9463500976562,8200047,970.4441284179687,930.0591223144531,880.6672192382813,963.2673317536759,53.56574073215688,11.101683993320307,13.927208111310375,-2.825524117990067,986.5057837603448,970.4441284179687,954.3824730755927,0.033101659069358275,14.85859701566166,0.015414340242230653,26.30218140213864,21.957549118008036,18.756772076687938,282080114.0,9756727.3,987.3842168463997,950.5817566926072,987.3842168463997,620.9074497529566
2023-07-06,958.4609136389415,983.4945718412441,958.4609136389415,978.3582153320312,10221727,970.6535736083985,932.105703125,881.5543692016602,964.7045587611383,59.40254019071869,11.03738003169724,13.349242495387749,-2.3118624636905096,987.0106045030601,970.6535736083985,954.2965427137368,0.03370312815900835,15.585387100421727,0.015930143843206162,25.76486828782863,24.283548180072927,16.604799214815873,292301841.0,9443830.25,987.3842168463997,950.5817566926072,987.3842168463997,621.0568750776588
2023-07-07,974.6641831465856,987.8427533030938,970.2213995227613,975.1134643554688,6236524,971.4313507080078,933.9018786621094,882.4903729248047,965.6958831034555,57.64563415797014,10.60237679261786,12.799869354833772,-2.1974925622159116,987.0674672529407,971.4313507080078,955.795234163075,0.03219191254953178,15.730813291843923,0.01613229010455895,25.555246833863688,24.31492042353445,15.276200931818899,286065317.0,9165125.4,987.8427533030938,950.5817566926072,987.8427533030938,629.172956459268
2023-07-10,975.1134229796711,984.3983035132331,958.8399135165018,962.4839477539062,7138850,970.9468200683593,935.5701318359374,883.366720275879,965.3899844987366,51.287299412214644,9.133254676489514,12.066546419164922,-2.933291742675408,987.0542653218866,970.9468200683593,954.839374814832,0.033178841354860766,16.432783056478737,0.01707330610014534,24.27926404244574,21.613655446131464,18.526295996458163,278926467.0,8966452.5,987.8427533030938,950.5817566926072,987.8427533030938,637.8367638074149
2023-07-11,966.3278064604591,970.1715283005711,949.055859137324,951.6516723632812,10616390,969.9481048583984,937.4486108398437,884.145022277832,964.0815738191693,46.545211280769884,7.0140372645842035,11.05604458824878,-4.042007323664576,988.1092820943707,969.9481048583984,951.7869276224262,0.03744772971874314,16.76727492124791,0.01761913041103469,22.783439888399375,19.669448224656158,21.027811186843596,268310077.0,8676021.8,987.8427533030938,949.055859137324,987.8427533030938,643.3139228673742
2023-07-12,955.1459770502267,955.9945719610037,945.4617212556537,948.4568481445312,10141257,968.2086883544922,939.0507543945313,884.8342938232422,962.5935047072991,45.2172782731197,5.01889192140095,9.848614054879214,-4.829722133478263,987.5668512455703,968.2086883544922,948.8505254634141,0.039987583511521776,16.321958905826627,0.017208963104391434,21.663306609458196,18.762802141293157,21.631428301114262,258168820.0,8833572.55,987.8427533030938,945.4617212556537,987.8427533030938,648.2931195815007
2023-07-13,954.7466102990345,964.4308661734865,950.6033879635203,958.5903930664062,13079930,967.3823699951172,941.0709997558594,885.6051510620117,962.2122559795949,50.08199435033386,4.206922464852596,8.72027573687389,-4.513353272021295,986.900702192557,967.3823699951172,947.8640377976774,0.040352879694382525,16.2971059860501,0.017001115496179522,20.294181248801404,21.146713923084885,20.116957721535705,271248750.0,8578946.15,987.8427533030938,945.4617212556537,987.8427533030938,649.9281855328095
2023-07-14,962.8833651853291,965.4292107928754,946.2104803815384,955.495361328125,5383514,966.4287261962891,942.9076672363282,886.4470538330078,961.5725517270739,48.66071078337956,3.2759248036501276,7.631405550229139,-4.355480746579011,986.3098831797524,966.4287261962891,946.5475692128257,0.04114355553505216,16.505793444999163,0.01727459296302218,19.01662285119408,19.387967840004205,20.344879300478905,265865236.0,8800721.5,987.8427533030938,945.4617212556537,987.8427533030938,657.3585325681217
2023-07-17,958.4405566209024,967.3261236556458,948.906082020886,963.2826538085938,8472444,965.6450317382812,944.9130456542969,887.4306210327148,961.7354185919805,52.326615462675896,3.130386722190906,6.731201784621493,-3.600815062430587,984.7079279155129,965.6450317382812,946.5821355610495,0.039482202156450964,16.6425254585535,0.01727688689581698,17.671109310665337,18.669344554450028,18.73646302331562,274337680.0,8270981.65,987.8427533030938,945.4617212556537,987.8427533030938,657.3585325681217
2023-07-18,962.4341238989889,978.3582276590016,949.75474099237,962.084716796875,14457717,965.5943359375,946.6321594238282,888.5378552246094,961.7686850876847,51.71485861637128,2.8851253101732937,5.961986489731854,-3.07686117955856,984.6894156546837,965.5943359375,946.4992562203163,0.0395509356393318,17.49687983055908,0.018186423217294696,17.254504643225097,20.99303254016849,16.548611019916777,259879963.0,8251558.85,987.8427533030938,945.4617212556537,987.8427533030938,657.3585325681217
2023-07-19,962.4340810493464,968.3245214799657,954.9462640287344,962.7335815429688,7574544,965.1173034667969,948.16876953125,889.6737661743164,961.860579988188,52.041915205785926,2.711851302609375,5.3119594523073586,-2.6001081496979834,983.9965093065548,965.1173034667969,946.238097627039,0.0391231320212412,17.202692517749956,0.017868590903601055,16.86765745203059,19.826893685888784,15.629354678187148,267454507.0,8423152.4,987.8427533030938,945.4617212556537,987.8427533030938,657.3585325681217
2023-07-20,962.3342650400326,978.3082746371382,956.0444500123637,976.3115234375,15329753,965.7604949951171,949.9440246582031,890.9825387573242,963.2368603166939,58.39290279422512,3.6283316893797064,4.975233899721829,-1.3469022103421224,985.2354590262465,965.7604949951171,946.2855309639878,0.04033083592061374,17.564201953966,0.01799036632500671,17.212661151950684,22.091861102896104,14.214263702375135,282784260.0,8422049.95,987.8427533030938,945.4617212556537,987.8427533030938,657.3585325681217
2023-07-21,970.0217295031625,983.3999872060559,966.427601640063,969.7222290039062,6230317,966.0443054199219,951.4668139648437,892.2456481933593,963.8545144773808,54.61312627976415,3.77938164796592,4.736063449370647,-0.9566818014047271,985.5764126616567,966.0443054199219,946.5121981781871,0.04043729077880039,17.521929354825062,0.018069018973426543,17.856668469419116,22.63901086373524,13.230802352689858,276553943.0,8798244.85,987.8427533030938,945.4617212556537,987.8427533030938,657.3585325681217
2023-07-24,971.868719566255,983.3500387247727,967.226248749494,969.921875,9167788,966.7470092773438,952.7003723144531,893.438943786621,964.4323583366779,54.70878540363789,3.870581932609639,4.562967146018446,-0.6923852134088069,985.7686519606029,966.7470092773438,947.7253665940846,0.03935185214067147,17.422062256286043,0.017962335632739537,18.454675264211232,21.14244104223444,12.356169638634503,285721731.0,8602966.55,987.8427533030938,945.4617212556537,987.8427533030938,661.6970961343652
2023-07-25,976.0619382847129,976.0619382847129,952.2506434540315,960.9365234375,13448045,966.8932312011718,953.6514965820312,894.6394247436524,964.0994216796134,49.63806011431449,3.1811457696369416,4.286602870742145,-1.1054571011052037,985.6876435501093,966.8932312011718,948.0988188522343,0.03887587945070045,17.878436011599998,0.018605220610872976,17.52365157890346,19.131123782035356,17.163813449320493,272273686.0,8751955.55,987.8427533030938,945.4617212556537,987.8427533030938,676.806969045998
2023-07-26,965.2794076024823,978.408070887261,961.7351864716742,975.2132568359375,8298226,967.1199676513672,954.8482604980469,895.8113040161132,965.1578821706919,56.531912795565795,3.7436215737970997,4.178006611353137,-0.4343850375560372,986.1988347316322,967.1199676513672,948.0411005711022,0.03945501637526456,17.849372542897214,0.018303045429067685,16.84193523024601,18.732401976505635,15.96377774427198,280571912.0,9134381.4,987.8427533030938,945.4617212556537,987.8427533030938,700.1950363574366
2023-07-27,987.7428718400173,988.3918403520264,954.1974761782315,958.3407592773438,17858061,966.256234741211,955.7674157714844,896.8374835205078,964.5086323713253,48.14427929334959,2.795691169831912,3.9015435230488924,-1.1058523532169806,985.2825164925467,966.256234741211,947.2299529898752,0.03938144162439793,19.016871945104196,0.019843538700622786,16.934072330703266,20.07645046323492,13.913450948177738,262713851.0,9203198.4,988.3918403520264,945.4617212556537,988.3918403520264,700.1950363574366
2023-07-28,958.3407708775003,968.1747462458351,940.6695104216192,948.4069213867188,8504392,964.4345306396484,956.4898901367187,897.8110012817383,962.9751360870771,44.004604148425855,1.2287080168197235,3.366976421803059,-2.1382684049833354,982.9646640994553,964.4345306396484,945.9043971798416,0.03842693904275075,19.62318365075503,0.02069067950501972,15.849561860095802,18.06640999880841,17.444637919482513,254209459.0,9595551.65,988.3918403520264,940.6695104216192,988.3918403520264,700.1950363574366
2023-07-31,953.1492132082983,957.0428415508311,946.7595848886385,952.3505249023438,6601991,963.0768035888672,957.1047314453125,898.698766784668,961.9632683551978,45.99004188648491,0.30160174699608433,2.7539014868416642,-2.45229973984558,980.958989900316,963.0768035888672,945.1946172774183,0.03713553528609897,18.956046008714857,0.019904484234582277,14.842516423103156,17.36636372598511,16.768684381558202,260811450.0,9665953.75,988.3918403520264,940.6695104216192,988.3918403520264,700.1950363574366
2023-08-01,954.4470700773103,962.4340748478318,950.4535676920495,958.3407592773438,8409096,962.5870788574218,957.969033203125,899.573098449707,961.6182674906403,48.95096250756539,0.04965283335081949,2.2130517561434955,-2.163398922792676,980.4247273921494,962.5870788574218,944.7494303226943,0.0370618906621947,18.457793233505384,0.019260156739471103,14.3300891248958,18.647531757840078,15.991245277711139,269220546.0,9717916.15,988.3918403520264,940.6695104216192,988.3918403520264,700.1950363574366
2023-08-02,949.9543860919007,957.3423899272404,935.0785652353426,943.7145385742188,9324465,961.57548828125,958.5687353515625,900.2588546752929,959.9131504509811,42.78355328395204,-1.31507292811159,1.5074268192924785,-2.8224997474040685,981.1957195479956,961.57548828125,941.9552570145045,0.040808509588395166,18.800964719826514,0.01992230060186564,13.95930409422928,16.99950651544459,20.41924296071704,259896081.0,9768530.65,988.3918403520264,935.0785652353426,988.3918403520264,701.74087628467
2023-08-03,942.5664341596897,945.0623733042032,925.6440155086992,934.0303344726562,17076611,959.3590942382813,958.9438366699219,900.9296014404297,957.4481203578073,39.25681608595015,-3.1418450293467686,0.5775724495646292,-3.7194174789113976,980.8234595669219,959.3590942382813,937.8947289096407,0.04474730152150804,18.845064225232047,0.020176073013594118,14.221906580582031,15.748316829462583,22.492339056341933,242819470.0,9824751.55,988.3918403520264,925.6440155086992,988.3918403520264,705.8301260999683
2023-08-04,945.4617140197354,953.2989382779123,933.1317994626262,950.7031860351562,12376086,958.1385803222656,959.5855725097656,901.6911926269531,956.805745660412,47.30979832933028,-3.2072441859628498,-0.17939087754086658,-3.0278533084219834,978.6350501619943,958.1385803222656,937.642110482537,0.04278393597893692,18.93949812452162,0.019921567953829548,13.786712704286288,17.656867952309682,20.78160537070404,255195556.0,10167495.75,988.3918403520264,925.6440155086992,988.3918403520264,705.8301260999683
2023-08-07,950.7031813527487,953.4487142996851,943.0156769141249,945.861083984375,10922609,957.3074371337891,960.0127770996094,902.3605035400391,955.7633969293609,45.42625813768458,-3.6081976011977304,-0.8651522222722394,-2.743045378925491,978.3719337936689,957.3074371337891,936.2429404739094,0.04400779904718503,18.331893786024374,0.019381169282071026,13.370400377277479,16.99745061092464,19.936804234594913,244272947.0,10474473.85,988.3918403520264,925.6440155086992,988.3918403520264,705.8301260999683
2023-08-08,948.4567982683412,958.3407408562782,942.5164513972481,951.3521118164062,11512735,957.2924591064453,960.4929528808593,903.046298828125,955.3432745376509,47.956681376287975,-3.443185121106353,-1.3807588020390624,-2.0624263190672907,978.3734402759303,957.2924591064453,936.2114779369604,0.04404292746474229,18.152779191239066,0.01908103105650353,12.577805695063622,17.86402424293026,18.695413206600907,255785682.0,10663661.8,988.3918403520264,925.6440155086992,988.3918403520264,705.8301260999683
2023-08-09,950.453599403783,951.751475535094,942.7660948684616,948.4568481445312,7701831,957.2924591064453,960.762626953125,903.6502963256836,954.6874244049728,46.72643735228192,-3.505624466698805,-1.805731934971011,-1.699892531727794,978.3734402759303,957.2924591064453,936.2114779369604,0.04404292746474229,17.49796501091002,0.018448878349227312,11.841824918722185,17.208784546034092,18.009678754147416,248083851.0,10708479.05,988.3918403520264,925.6440155086992,988.3918403520264,705.8301260999683
2023-08-10,946.4600482280028,950.403643949488,935.7774173529954,938.2234497070312,13590891,956.2741119384766,961.2784399414063,904.2230737304687,953.1194268146927,42.56964250512434,-4.330933522029682,-2.310772252382745,-2.0201612696469367,978.9158464266345,956.2741119384766,933.6323774503187,0.04735406763707224,17.292840838451635,0.018431473700483057,11.718496432098458,16.169132255520708,19.808334349862246,234492960.0,10586507.75,988.3918403520264,925.6440155086992,988.3918403520264,705.8301260999683
2023-08-11,935.9771127935795,944.163804794016,931.4844226521703,935.6776123046875,9558237,955.2832244873047,961.646591796875,904.4113565063476,951.4583016232637,41.578669171026455,-5.131274557338884,-2.874872713373973,-2.2564018439649107,979.6439013621163,955.2832244873047,930.9225476124931,0.0510019986750753,16.96330807440835,0.01812943673262168,11.927583710133375,15.305863109000349,20.558449280636637,224934723.0,10612055.8,988.3918403520264,925.6440155086992,988.3918403520264,705.8301260999683
2023-08-14,933.4811853346018,941.7676906214929,927.3911185533472,938.4231567382812,7172522,954.040249633789,961.9419934082031,904.5682369995117,950.2168592532654,43.116576577081375,-5.480828524119488,-3.396063875523076,-2.084764648596412,979.1662687148165,954.040249633789,928.9142305527615,0.052672870124027125,16.778541216818162,0.017879504673708264,12.421749152694831,14.369097505465422,21.04278553881881,232107245.0,10820791.95,988.3918403520264,925.6440155086992,988.3918403520264,705.8301260999683
2023-08-16,934.4296152490268,938.4730240697854,929.7871445321507,931.5343017578125,7394623,952.512728881836,961.6059252929688,904.7235858154297,948.4375680632222,40.2532988861816,-6.241774296829817,-3.9652059597844245,-2.2765683370453926,979.1650159101794,952.512728881836,925.8604418534926,0.05596205955091175,16.200493954019343,0.017391194208789613,12.880617063644756,13.818813358260519,20.23692342460877,224712622.0,10755795.85,988.3918403520264,925.6440155086992,988.3918403520264,705.8301260999683
2023-08-17,934.4296855182831,941.4682215409039,930.1366824853097,935.0286865234375,9336994,951.1274841308593,960.993662109375,904.8350689697265,947.1605317260999,42.34483692618637,-6.4880712109908245,-4.469779010025705,-2.01829220096512,978.3839324206622,951.1274841308593,923.8710358410565,0.05731397471856215,15.852711461274685,0.016954251446784162,12.966416539977565,14.462828125026375,19.20368202832867,234049616.0,10402641.15,988.3918403520264,925.6440155086992,988.3918403520264,705.8301260999683
2023-08-18,933.3314350729253,944.4134411482146,929.5376198590476,941.5181274414062,6648744,949.3878143310546,960.3406384277343,905.0393395996093,946.6231598894623,46.11727915185741,-6.08942454673786,-4.793708117368136,-1.2957164293697234,974.3363403268447,949.3878143310546,924.4392883352646,0.05255708071915582,15.782933591838422,0.01676328169562582,12.714264843502683,14.822056626701334,17.910827402045463,240698360.0,10490763.65,988.3918403520264,925.6440155086992,988.3918403520264,705.8301260999683
2023-08-21,942.6662329755741,952.6998953477062,942.4166390810633,951.0525512695312,6822155,948.4543304443359,960.1705310058594,905.2765713500977,947.0450066875641,51.17229539086434,-4.947118569404552,-4.824390207775419,-0.12272836162913237,971.6232744533521,948.4543304443359,925.2853864353198,0.04885621429586786,15.454278900014243,0.016249658212245784,11.990619289079547,17.885972854989124,16.985171997502988,247520515.0,10056713.2,988.3918403520264,925.6440155086992,988.3918403520264,705.8301260999683
2023-08-22,952.3005472024149,957.5420191327795,947.1090428011483,955.495361328125,10860061,947.7330047607422,959.8369470214843,905.7068145751953,947.8498023676175,53.36766754974179,-3.6413598808434244,-4.587784142389021,0.9464242615455962,969.0041789844912,947.7330047607422,926.4618305369933,0.044888537419078146,15.095614430844023,0.015798731256906715,11.768503171830147,19.29417961031833,16.14667919148,258380576.0,10086305.1,988.3918403520264,925.6440155086992,988.3918403520264,705.8301260999683
2023-08-23,960.4373227378255,978.8573646594484,956.8431949689281,977.6593017578125,12677151,948.5691436767578,959.9576135253906,906.28876953125,950.6888023095407,62.440376601513904,-0.8087689665730977,-3.831981107225836,3.0232121406527384,972.9395439404273,948.5691436767578,924.1987434130883,0.05138349782116489,15.686070780878266,0.016044516482045447,13.089024107852456,26.94784839625985,14.428964254948967,271057727.0,10170918.75,988.3918403520264,925.6440155086992,988.3918403520264,705.8301260999683
2023-08-24,983.2002673424388,992.6349288407245,977.5095143009324,979.755859375,11899556,948.796273803711,959.8878271484375,906.8787136840821,953.4570934586321,63.17032513696132,1.586960921096079,-2.7481927015614533,4.335153622657533,974.2177322715869,948.796273803711,923.374815335835,0.05358675865359729,15.646023906514962,0.015969308840363333,15.014500684683568,31.376901727159066,13.432617711480466,282957283.0,10132374.05,992.6349288407245,925.6440155086992,992.6349288407245,705.8301260999683
2023-08-25,972.4178579521714,986.5948040027422,969.2230437675902,981.5030517578125,6228241,949.9543884277343,960.0155529785156,907.4571975708008,956.1281371061731,63.801686438886826,3.5852494172311253,-1.4815042778029375,5.066753695034063,978.878649125995,949.9543884277343,921.0301277294736,0.06089610417218688,15.769290787131894,0.01606647147850437,15.968759325770867,28.907943814484693,16.129083026592927,289185524.0,10312440.55,992.6349288407245,925.6440155086992,992.6349288407245,705.8301260999683
2023-08-28,978.5079223942115,990.8878044769428,978.5079223942115,988.591552734375,8451441,951.9636199951171,960.2960192871094,908.0469375610352,959.2198909755257,66.323999240865,5.675466984501668,-0.05011002534201636,5.7255770098436845,985.4083800220415,951.9636199951171,918.5188599681928,0.07026478601586868,15.527190165388998,0.015706375522268907,17.08217743155917,29.236506212730028,15.210527788767541,297636965.0,9730949.55,992.6349288407245,925.6440155086992,992.6349288407245,705.8301260999683
2023-08-29,988.5915015078543,989.3901897765771,975.9121195828499,979.10693359375,8114141,953.3014404296875,960.2990270996094,908.5855145263672,961.1138950344042,60.27228466631491,6.491816349527085,1.258275249631804,5.23354109989528,988.7798123587833,953.3014404296875,917.8230685005918,0.0744326409768233,15.380824453127445,0.01570903435100097,17.851830721772863,27.40652961633617,15.463958936482955,289522824.0,9728302.0,992.6349288407245,925.6440155086992,992.6349288407245,705.8301260999683
2023-08-30,981.4032174251885,996.3788514652473,978.4080906171766,981.7526245117188,9023083,954.4720336914063,960.6721069335938,909.2869235229492,963.079488317958,61.332176039464684,7.268477761740769,2.4603157520535968,4.808162009687172,992.0226495138663,954.4720336914063,916.9214178689463,0.0786835328788704,15.565819909909104,0.01585513450259516,18.95496190685562,28.35343021856488,14.188733064208556,298545907.0,9803909.5,996.3788514652473,925.6440155086992,996.3788514652473,705.8301260999683
2023-08-31,980.2051453744111,993.0842149031694,967.0265753548468,971.9186401367188,21558300,955.8822387695312,960.6649951171875,909.9042547607422,963.9213123006971,55.414314214173366,7.009664128725831,3.3701854273880434,3.6394787013377874,993.8272794237297,955.8822387695312,917.9371981153328,0.07939270992846062,16.315235598367206,0.016786626909503617,18.86749953662084,25.118839807922576,17.55292700500833,276987607.0,9834608.85,996.3788514652473,925.6440155086992,996.3788514652473,705.8301260999683
2023-09-01,972.6674063929545,991.3869484713408,967.4259346110063,989.5399780273438,10946742,958.6577209472656,961.1868408203125,910.6081970214843,966.3611852270444,62.41288674810351,8.132698474433823,4.322688036797199,3.810010437636624,997.9015796143556,958.6577209472656,919.4138622801756,0.08187251363982644,16.86136261707916,0.017039597177965892,18.78628447854569,22.569169287465062,15.771229248478313,287934349.0,10446300.6,996.3788514652473,927.3911185533472,996.3788514652473,705.8301260999683
2023-09-04,992.1357999293365,992.9344882603159,978.4081347730815,980.6544799804688,6727188,960.1552856445312,961.5190100097657,911.2295626831054,967.7224513940372,57.51069584683287,8.211073704802743,5.100365170398309,3.1107085344044343,1000.3451624725575,960.1552856445312,919.9654088165049,0.08371536860529326,16.694576250661672,0.01702391269450395,18.817122145913533,21.82857909523515,14.791020177871903,281207161.0,10139807.15,996.3788514652473,927.3911185533472,996.3788514652473,705.8301260999683
2023-09-05,983.849276444457,984.5980581667087,976.311552627659,979.8557739257812,10548660,961.8550201416016,961.99876953125,911.8631420898438,968.8780059208699,57.07672071195206,8.115190867198635,5.703330309758374,2.411860557440261,1002.3572030147939,961.8550201416016,921.3528372684093,0.08421681443681536,16.09399977126082,0.016424865984899378,18.626887706613225,21.025783713845982,15.177554401575229,270658501.0,9857362.25,996.3788514652473,927.3911185533472,996.3788514652473,705.8301260999683
2023-09-06,979.8557450584462,981.5529957660837,960.2376401390118,963.4823608398438,16351052,962.4615325927734,962.1081750488281,912.400891418457,968.3641349607722,48.926050694411494,6.641446963448857,5.890953640496471,0.7504933229523862,1002.6787281560141,962.4615325927734,922.2443370295327,0.08357153860456046,16.46695376096161,0.01709107964011689,17.594973790634615,19.08175142562845,20.74661409827352,254307449.0,9838664.8,996.3788514652473,927.3911185533472,996.3788514652473,705.8301260999683
2023-09-07,963.4823594503813,978.2083995329203,961.5355148454876,976.6110229492188,8686550,963.8692413330078,962.2268249511719,912.9992971801757,969.1495528644338,54.532654105369,6.458418979624184,6.004446708322014,0.4539722713021703,1003.9979295940648,963.8692413330078,923.7405530719509,0.08326583428590362,16.481663112852406,0.016876384482206904,16.636768011511617,17.70295575184865,19.24751995716343,262993999.0,10080580.65,996.3788514652473,927.3911185533472,996.3788514652473,705.8301260999683
2023-09-08,976.6110161977904,985.6962097098066,970.9202631366767,978.7075805664062,6439351,965.8934478759766,962.2886682128906,913.554079284668,970.0598412170025,55.37511265671067,6.408667531792162,6.085290873016044,0.32337665877611776,1004.7060219938471,965.8934478759766,927.080873758106,0.08036616089118392,16.35982621715794,0.016715744868033042,15.792833681509832,19.830131200002477,18.005800835590826,269433350.0,10129816.6,996.3788514652473,927.3911185533472,996.3788514652473,705.8301260999683
2023-09-11,980.205140866197,1002.3690911240707,977.4097014048458,998.7749633789062,7130484,969.0483154296875,962.5673474121094,914.2091983032227,972.7946147562315,62.5313619814569,7.897472091533018,6.44772711671944,1.4497449748135782,1007.781280989131,969.0483154296875,930.315349870244,0.07994021545204147,16.974080753019866,0.016994900128048555,16.176032657240935,24.763451872352615,16.114624152735274,276563834.0,9772239.6,1002.3690911240707,927.3911185533472,1002.3690911240707,705.8301260999683
2023-09-12,1008.359363575727,1008.359363575727,996.4287628788912,999.274169921875,8958327,972.0908660888672,962.9627294921875,914.8436248779296,975.3164771529594,62.69164541705845,9.013737472631874,6.960929187901927,2.052808284729947,1010.279274669956,972.0908660888672,933.9024575077784,0.07856962741505202,16.613832177578146,0.016625899755696723,16.882559199619763,26.068665442743832,15.288044640594359,285522161.0,9650851.95,1008.359363575727,929.5376198590476,1008.359363575727,705.8301260999683
2023-09-13,1001.3208651433481,1015.3480307656412,992.0858904289113,1012.8021850585938,12254423,976.1542602539063,963.8560681152344,915.5264923095704,978.8865445725436,66.83234733702571,10.864741614340687,7.741691673189679,3.1230499411510078,1013.5016186314072,976.1542602539063,938.8069018764054,0.07651937792657178,17.08871133180327,0.01687270385461761,17.921821079754306,26.455110051350896,13.801546862706498,297776584.0,9740142.2,1015.3480307656412,929.5376198590476,1015.3480307656412,705.8301260999683
2023-09-14,1012.8021036052967,1020.7392015303601,1007.4108511825343,1019.2416381835938,7855558,980.3649078369141,964.9619738769532,916.1956784057617,982.7298868212151,68.61780974989689,12.704832383607254,8.734319815273196,3.9705125683340583,1017.2016942052098,980.3649078369141,943.5281214686183,0.0751491328867998,16.820114118662023,0.016502577493436598,19.16531012151103,27.247163880905315,13.02037392284605,305632142.0,9983132.2,1020.7392015303601,929.5376198590476,1020.7392015303601,705.8301260999683
2023-09-15,1019.3415327961677,1030.0740709720333,1012.9019977034457,1025.4815673828125,8986157,984.5630798339844,965.9044409179687,916.8763659667969,986.8014754461292,70.28697088108247,14.499486655949113,9.88735318340838,4.612133472540734,1021.8690895612696,984.5630798339844,947.2570701066992,0.07578185794571064,16.845254057942423,0.016426676591500437,20.76275944638311,29.221423421993222,12.072303520945944,314618299.0,9909060.4,1030.0740709720333,942.4166390810633,1030.0740709720333,705.8301260999683
2023-09-18,1019.8906349456726,1028.22710820011,1017.344789220694,1023.08544921875,6397319,988.1647247314453,966.8638806152344,917.5408343505859,990.2570919959026,68.77426592986312,15.549175173545791,11.019717581435863,4.529457592109928,1025.7420378548202,988.1647247314453,950.5874116080705,0.07605475521014428,16.419330123761966,0.016048835545750473,22.246105248050043,27.838050251843057,11.500787871225182,308220980.0,10025931.05,1030.0740709720333,947.1090428011483,1030.0740709720333,705.8301260999683
2023-09-20,1010.6555317748637,1045.7983624422236,1010.6555317748637,1025.6312255859375,13619788,991.671517944336,968.126826171875,918.1746466064453,993.6260570997155,69.52471947869796,16.397464005244387,12.09526686619757,4.302197139046818,1029.4888994406872,991.671517944336,953.8541364479846,0.07626997612020564,17.75672301973325,0.017312970370601706,24.346220047058353,30.97093823394857,9.874964070570174,321840768.0,10004689.25,1045.7983624422236,956.8431949689281,1045.7983624422236,705.8301260999683
2023-09-21,1024.932412581354,1031.9210420949819,1010.4559657316963,1012.8021850585938,8156588,993.428662109375,969.3498364257813,918.7313482666016,995.452355000561,61.50302289761968,15.851812831257234,12.846576059209502,3.0052367720477324,1031.741019108401,993.428662109375,955.1163051103491,0.07713157161718324,18.02160540141556,0.017793805806583005,26.273448461238875,28.336031253344654,9.11393208675371,313684180.0,10142675.6,1045.7983624422236,960.2376401390118,1045.7983624422236,705.8301260999683
2023-09-22,1008.3593486258594,1025.5813275999149,1006.3625974404616,1016.595947265625,7108110,995.2706665039062,970.7126184082031,919.3005352783204,997.4660304543767,62.86742586280609,15.546297211956357,13.386520289758874,2.1597769221974836,1034.311930461961,995.2706665039062,956.2294025458515,0.07845356096989234,18.107114312703963,0.01781151534334494,27.58120429812671,26.18777327725265,10.037715111687522,320792290.0,9916647.45,1045.7983624422236,960.2376401390118,1045.7983624422236,705.8301260999683
2023-09-25,1013.5509522256357,1024.3333968473526,1003.5172893267603,1017.2948608398438,7123890,997.0602569580078,971.8867077636719,919.9028884887696,999.3544904910879,63.12670408336639,15.185521131963583,13.746320458199817,1.4392006737637661,1036.6899597015174,997.0602569580078,957.4305542144982,0.07949309475922404,18.30061382755313,0.017989488133700753,28.462081145058654,24.060102629539777,10.332727286284529,327916180.0,9677075.15,1045.7983624422236,960.2376401390118,1045.7983624422236,705.8301260999683
2023-09-26,1017.3447217274799,1019.0419724102037,1009.3577170426714,1012.5026245117188,6387615,998.255810546875,973.0268530273438,920.4541027832031,1000.606693731148,60.03149782320437,14.347520779503839,13.86656052246062,0.4809602570432183,1038.2326225619775,998.255810546875,958.2789985317726,0.08009332195762912,17.685159651837353,0.017466779071675053,29.280038217209743,23.119022316923417,9.928575800545742,321528565.0,9721857.6,1045.7983624422236,960.2376401390118,1045.7983624422236,705.8301260999683
2023-09-27,1008.3093799827367,1026.2800786094012,1002.3690333845414,1023.5345458984375,5158686,1000.4771911621094,974.2318908691407,921.0106085205078,1002.7902986994612,64.36332633099175,14.407502599400232,13.974748937848542,0.4327536615516898,1040.8860313585512,1000.4771911621094,960.0683509656675,0.08077913330438803,18.129865764196104,0.017712998390574188,30.412873726127643,23.792774968130797,8.993250047082025,326687251.0,9618666.3,1045.7983624422236,960.2376401390118,1045.7983624422236,705.8301260999683
2023-09-28,1025.3316529177218,1036.263816047641,1023.534528243648,1029.225341796875,15818489,1002.8508270263671,975.5747033691406,921.4723950195313,1005.3079218515959,66.38711740051485,14.744275463303893,14.128654242939612,0.6156212203642806,1044.148613055307,1002.8508270263671,961.5530409974275,0.08236077573250859,17.744110195610176,0.017240257769626607,31.913150479616895,26.592531603397973,8.53242241437708,342505740.0,9470893.55,1045.7983624422236,960.2376401390118,1045.7983624422236,705.8301260999683
2023-09-29,1029.225485543987,1039.3090552697004,1022.8358569873276,1035.0159912109375,9528626,1006.0056945800782,977.0203515625,921.9913098144531,1008.1372617905809,68.35633726314161,15.302035062489153,14.36333040684952,0.9387046556396328,1047.0087907316508,1006.0056945800782,965.0025984285054,0.08151662833019653,17.653330773236075,0.017056094710751483,33.43196689099002,26.052204093040366,7.963706240534732,352034366.0,9810663.85,1045.7983624422236,960.2376401390118,1045.7983624422236,705.8301260999683
2023-10-03,1033.3186660572435,1043.0028598792167,1030.9225404282156,1039.35888671875,11589322,1008.4966400146484,978.281298828125,922.5072546386718,1011.1107498789779,69.7859995839532,15.91108584238873,14.672881493957362,1.238204348431367,1051.2131213565374,1008.4966400146484,965.7801586727594,0.08471318524426326,17.255258535933574,0.01660182902790039,34.99340131391596,26.27847678464248,7.565466914578995,363623688.0,9209180.15,1045.7983624422236,960.2376401390118,1045.7983624422236,705.8301260999683
2023-10-04,1033.6681363421294,1035.31548042985,987.2436716941178,993.9328002929688,22584212,1009.1605560302735,978.7655102539062,922.7663977050781,1009.4747546803104,46.248691202213394,12.583206073673523,14.254946409900596,-1.6717403362270726,1050.5165537904861,1009.1605560302735,967.8045582700607,0.08196118548845079,19.745255427983476,0.019865785113604685,32.595532569352144,21.324272277328113,21.94002660451,341039476.0,9241309.15,1045.7983624422236,960.2376401390118,1045.7983624422236,705.8301260999683
2023-10-05,998.3755796590767,1007.5606471791422,987.2936350992647,1001.6203002929688,7950412,1010.2487823486329,979.3994787597657,923.0749490356445,1008.7267114053255,49.361374208829645,10.445742368000083,13.493105601520494,-3.047363233520411,1049.5577971561968,1010.2487823486329,970.9397675410688,0.07782046461105972,19.782523760261615,0.01975052198370513,30.368940163685743,19.763806624929007,20.33450133809982,348989888.0,10034160.35,1045.7983624422236,960.2376401390118,1045.7983624422236,709.121478466729
2023-10-06,1003.3674445023389,1006.3625712023459,997.776565703396,999.3240356445312,5289753,1012.0408660888672,980.1672290039063,923.393212890625,1007.8312184757261,48.458683531525445,8.46887371076798,12.488259223369992,-4.019385512602012,1045.4893753318136,1012.0408660888672,978.592356845921,0.06610110394496493,18.982772455882202,0.018995612813054112,28.301390072709797,19.12528724879391,19.677544236928604,343700135.0,9904247.95,1045.7983624422236,961.5355148454876,1045.7983624422236,712.5124417487707
2023-10-09,993.1840570274306,998.0761219518472,986.6447088875765,994.6317138671875,6823214,1012.9419006347656,980.5555981445312,923.7032250976563,1006.5741227987224,46.58395411238847,6.449217342256475,11.28045084714729,-4.831233504890815,1043.357624804993,1012.9419006347656,982.526176464538,0.060054232431627795,18.532526334530242,0.0186325512007602,27.114828367949602,18.190653413392486,23.00639294339473,336876921.0,9351183.0,1045.7983624422236,970.9202631366767,1045.7983624422236,719.1448116386197
2023-10-10,998.275738170682,1013.3012780313192,994.881236921684,1010.6056518554688,5728499,1014.5368041992188,981.6008959960938,924.0377532958985,1006.958077946984,53.219019328607224,6.067644387732912,10.237889555264415,-4.170245167531503,1040.6449501472352,1014.5368041992188,988.4286582512023,0.051468110057621516,18.542314750930345,0.018347725165485385,25.404107802620942,22.74742783044013,21.35180167467677,342605420.0,9258016.2,1045.7983624422236,977.4097014048458,1045.7983624422236,730.0659496870798
2023-10-11,1017.3447668895379,1023.9839892029179,1010.3561374800906,1017.444580078125,7396783,1015.4702850341797,982.9816491699219,924.3887731933594,1007.956792435664,55.75308127431901,6.24509980137816,9.439331604487164,-3.1942318031090036,1040.5731463425923,1015.4702850341797,990.3674237257671,0.04944085844435642,18.19128167749441,0.017879383343019608,24.447208599670137,25.72480597805273,20.209263835490326,350002203.0,9222473.6,1045.7983624422236,986.6447088875765,1045.7983624422236,740.3387490740599
2023-10-12,1020.3398755325106,1029.325256041114,1013.3013396546403,1016.795654296875,4920222,1016.3463592529297,984.2705517578125,924.8235678100586,1008.7985888033984,55.446171207751405,6.26119643292202,8.803704570174135,-2.542508137252115,1040.3249353889864,1016.3463592529297,992.367783116873,0.04718583565091384,18.03646987099293,0.01773853949392156,23.853219661105495,26.20761562761687,18.926816358444768,345081981.0,9235788.55,1045.7983624422236,986.6447088875765,1045.7983624422236,740.3387490740599
2023-10-13,1007.3609689365711,1009.8070013159382,990.6381778268708,992.4352416992188,12173162,1015.328012084961,984.95244140625,925.2001422119141,1007.2401747934766,45.35309631410151,4.2591743110089055,7.89479851834109,-3.6356242073321843,1041.4557763231069,1015.328012084961,989.200247846815,0.05146664708775825,18.616541770922307,0.018758444872481156,22.460253889682903,23.577369989280314,25.72276332947745,332908819.0,9033883.3,1045.7983624422236,986.6447088875765,1045.7983624422236,743.0316010248345
2023-10-16,988.3918390260908,1007.8102565355731,988.3918390260908,1003.1677856445312,4646960,1014.5243194580078,986.1415063476562,925.6949584960937,1006.8523282078628,49.697629370626295,3.4982582132842026,7.015490457329713,-3.517232244045511,1041.1060294161384,1014.5243194580078,987.9426094998771,0.05240231199648616,18.673818609390878,0.018614850752402327,21.29303629199142,21.826120500034968,24.671400289747858,337555779.0,9029820.25,1045.7983624422236,986.6447088875765,1045.7983624422236,772.4536344919071
2023-10-17,1007.2112249339127,1013.0517589019271,1001.4705650900084,1006.4125366210938,6105067,1013.5708679199219,987.589150390625,926.0957901000977,1006.8104432948371,50.96683176234939,3.1210732207379124,6.236607010011354,-3.1155337892734414,1039.8786419173125,1013.5708679199219,987.2630939225312,0.051911069723975384,18.167202552428574,0.018051446987557132,19.872832400222542,22.89310490377429,23.54800904373569,343660846.0,8869390.35,1045.7983624422236,986.6447088875765,1045.7983624422236,781.3800081196047
2023-10-18,1008.359410492035,1012.4527262988346,987.74292886351,991.2372436523438,7818946,1011.9784576416016,988.3998315429687,926.4032913208008,1005.3272814241235,45.220177286957565,1.5794254459284502,5.305170697194773,-3.725745251266323,1039.6119263678843,1011.9784576416016,984.3449889153189,0.05461276081050578,18.63453075834972,0.01879926412943116,19.337414514055187,20.724764877348473,26.57962008665918,335841900.0,8725335.85,1045.7983624422236,986.6447088875765,1045.7983624422236,792.350945989795
2023-10-19,978.108604901474,997.3772421369372,978.108604901474,989.7896118164062,4836625,1010.186376953125,989.2784020996094,926.7409552001953,1003.8475033662456,44.702375228897466,0.23810199503782314,4.2917569567633835,-4.05365496172556,1038.6811438827363,1010.186376953125,981.6916100235137,0.05641487072030372,18.67982407814354,0.01887251983162702,19.32562934964432,19.197762211870078,28.30523797030844,331005275.0,8796417.2,1043.0028598792167,978.108604901474,1045.7983624422236,792.350945989795
2023-10-20,987.3934807466093,991.2871700097013,976.1617551061651,978.7575073242188,5664400,1008.4841430664062,989.8265100097656,926.9743389892578,1001.4579799336716,40.86230394713262,-1.6955597791966284,3.0942936095713813,-4.78985338876801,1040.0522855580657,1008.4841430664062,976.9160005747468,0.06260513406918439,18.425937708528732,0.018825845595711013,19.4105064701445,18.072120260572728,27.40028891578198,325340875.0,8357259.05,1043.0028598792167,976.1617551061651,1045.7983624422236,794.993901672373
2023-10-23,978.4080906933191,983.30015552119,959.5387674269721,962.7335815429688,5896695,1005.7910247802735,990.1120446777344,927.1315924072265,997.7699419916999,36.02200868822328,-4.46947621985953,1.5815396436851992,-6.051015863544729,1042.8450202251638,1005.7910247802735,968.7370293353831,0.07368130065186297,18.807041307506534,0.019535042371083156,20.241061879946805,16.44120122576021,31.24090923210577,319444180.0,8232649.65,1043.0028598792167,959.5387674269721,1045.7983624422236,809.4057487075133
2023-10-25,958.4405458687386,972.4178038293244,949.854540353068,953.89794921875,6957048,1002.6211791992188,990.4255346679688,927.2055215454102,993.5916569657046,33.65473447659622,-7.296675141172955,-0.1941033132864316,-7.102571827886523,1045.5736820812244,1002.6211791992188,959.668676317213,0.08568042202402178,19.07534289098866,0.019997257470373554,21.39009808647519,15.05209623882584,32.22769486816628,312487132.0,8172078.9,1043.0028598792167,949.854540353068,1045.7983624422236,812.1484651209591
2023-10-26,954.4470317750139,973.4161673437642,951.2023112172013,970.470947265625,17540495,1000.5195953369141,991.1214013671874,927.2590887451172,991.389684613316,41.42982239464185,-8.106501515771242,-1.776582953783394,-6.329918561987848,1045.4022175340574,1000.5195953369141,955.6369731397709,0.08971862701405563,19.299522407815388,0.01988675958017419,22.374841573571725,14.184092713539853,29.578105330720717,330027627.0,8163736.8,1043.0028598792167,949.854540353068,1045.7983624422236,812.1484651209591
2023-10-27,978.4080497382199,1003.1178448719147,971.7189212926039,1001.12109375,13443016,999.3989227294921,992.3753601074219,927.4900927734375,992.3164854834764,52.513454621152356,-6.203573155056006,-2.6619809940379167,-3.541592161018089,1043.0287395652033,999.3989227294921,955.7691058937811,0.08731211499918817,20.252906350563553,0.020230226370218814,21.233425705603057,23.026213892036555,26.172479916465683,343470643.0,8721380.8,1043.0028598792167,949.854540353068,1045.7983624422236,812.1484651209591
2023-10-30,1001.1211784924749,1001.1211784924749,977.6094442289194,987.5932006835938,5270567,997.3173156738281,993.4965380859375,927.6928530883789,991.8666488358685,48.17981324974588,-5.721127041216846,-3.273810203473703,-2.447316837743143,1038.9848153001471,997.3173156738281,955.6498160475091,0.08355916210713085,20.48567977292012,0.020743034438410784,20.173539542489294,21.138532113048516,24.026868237494472,338200076.0,9135597.3,1043.0028598792167,949.854540353068,1045.7983624422236,812.1484651209591
2023-10-31,996.378856354625,996.378856354625,976.4113442032296,980.2550659179688,7816805,994.5792694091797,994.4010656738282,927.9070449829102,990.7607837960686,45.96396473392064,-5.863322437133888,-3.7917126502057403,-2.071609786928148,1033.0523636649798,994.5792694091797,956.1061751533796,0.07736556640408296,20.448667799954062,0.02086055814545036,19.255301196460568,19.664164683907924,22.769549931814304,330383271.0,8608201.2,1043.0028598792167,949.854540353068,1045.7983624422236,812.1484651209591
2023-11-01,976.2615959865412,977.7092528529108,966.4276202990195,970.221435546875,5703984,991.1223968505859,994.9751318359375,927.9770681762695,988.8046553913834,43.04861138655732,-6.708314159410975,-4.375032952046787,-2.3332812073641875,1025.0340039915727,991.1223968505859,957.210789709599,0.06843071501309059,19.975723358453717,0.020588829133829846,18.940931855139592,18.691894626292754,25.213686978659197,324679287.0,8522610.15,1035.31548042985,949.854540353068,1045.7983624422236,812.1484651209591
2023-11-02,976.4113609898953,986.7445243314878,972.4178584909591,981.3533325195312,5193982,990.4934234619141,995.5811474609375,928.1356634521485,988.0950055940641,47.06050385591161,-6.405882113126495,-4.781202784262729,-1.624679328863766,1024.639022283271,990.4934234619141,956.347824640557,0.06894664419277692,19.729106603179368,0.02010397881110442,18.04663285748307,20.844911215856502,23.705371672478584,329873269.0,8228343.25,1029.325256041114,949.854540353068,1045.7983624422236,812.1484651209591
2023-11-03,984.3983063600134,989.7895587814189,979.905616320845,987.24365234375,4268048,989.7745910644531,996.21611328125,928.3356787109375,988.0139243321295,49.103589183580176,-5.626049360252296,-4.950172099460643,-0.675877260791653,1023.556328196636,989.7745910644531,955.9928539322704,0.0682614757686439,19.025880592993268,0.019271717319048018,17.018894231978962,21.214608922614037,22.825733282504267,334141317.0,7358831.75,1029.325256041114,949.854540353068,1045.7983624422236,812.1484651209591
2023-11-06,993.3836824986804,1014.5492565642459,991.4867445597067,1007.7603149414062,6552178,990.1964050292969,996.8181335449219,928.7090893554688,989.8945329615844,55.53980486994853,-3.3142979151930376,-4.622997262607122,1.308699347414084,1024.64858826784,990.1964050292969,955.7442217907537,0.06958656497550875,19.61728942352917,0.01946622538383025,16.913246110625632,28.120660090032143,20.556341415249857,340693495.0,7174713.55,1029.325256041114,949.854540353068,1045.7983624422236,812.1484651209591
2023-11-07,1006.3625690269995,1020.5395142302563,1003.6170362245946,1019.2416381835938,6559859,991.4269012451172,997.6078491210938,929.1468884277343,992.6894953636806,58.68818807334434,-0.5494378301978031,-3.808285376125258,3.258847545927455,1028.1105102149768,991.4269012451172,954.7432922752574,0.07400164131876857,19.42480289368149,0.019058093945512992,17.09285746465028,28.573521882235386,19.277180667664794,347253354.0,7237834.8,1029.325256041114,949.854540353068,1045.7983624422236,812.1484651209591
2023-11-08,1022.336595889503,1025.2817551073692,1013.9502166269431,1020.0403442382812,7643314,991.8986358642578,998.3785949707031,929.6934033203125,995.2943381136427,58.906195999417676,1.686738933978063,-2.709280514104594,4.396019448082657,1029.77973882919,991.8986358642578,954.0175328993257,0.07638099619307503,18.84671257844897,0.018476438392760648,17.476976661846894,29.143693790220613,18.449298072299232,354896668.0,7224667.05,1029.325256041114,949.854540353068,1045.7983624422236,812.1484651209591
2023-11-09,1023.0853973586273,1027.1787129492586,1014.998579363083,1020.2400512695312,4407935,992.0384094238282,999.0115649414063,930.2182272338868,997.6701203189655,58.964506767257454,3.4354382253952735,-1.480336766204621,4.9157749915998945,1030.3140926643298,992.0384094238282,953.7627261833265,0.07716572841717284,18.37052836471516,0.01800608429541251,17.92230622151613,28.501056160109922,17.57555807718139,359304603.0,7320407.8,1029.325256041114,949.854540353068,1045.7983624422236,812.1484651209591
2023-11-10,1016.2465054827999,1029.3252009261782,1014.9985360345382,1027.528076171875,3294063,992.5750305175782,999.9799877929687,930.7480746459961,1000.5137351620998,61.13203798110244,5.347732383525681,-0.11472293625856045,5.462455319784242,1032.4898790475536,992.5750305175782,952.6601819876028,0.08042686407124673,18.08168097378122,0.01759726219953594,18.440087880606708,27.735971308080558,16.580868909175827,362598666.0,7170965.4,1029.3252009261782,949.854540353068,1045.7983624422236,812.1484651209591
2023-11-13,1028.3767642900284,1030.1737671223318,1021.8373558142246,1023.684326171875,5985481,994.137484741211,1000.8186218261719,931.235265197754,1002.7204581154118,59.35143580130682,6.478401796493699,1.2039020102918916,5.274499786201808,1036.2917707321471,994.137484741211,951.9831987502748,0.0848057469675023,17.385590283375937,0.016983351057440067,18.964072021348677,27.134644729767945,16.012972734323533,356613185.0,7089657.45,1030.1737671223318,949.854540353068,1045.7983624422236,812.1484651209591
2023-11-15,1043.302420224086,1043.302420224086,1029.8743182054134,1039.6583251953125,7240388,995.96201171875,1002.1734155273438,931.7931002807617,1006.2383502182595,64.03924599844638,8.564705084346997,2.676062625102913,5.888642459244084,1042.4570474633026,995.96201171875,949.4669759741973,0.09336708669101806,17.54505483829273,0.016875789298370383,20.079692592387257,30.312321960464466,14.734044984136467,363853573.0,6780273.4,1043.302420224086,949.854540353068,1045.7983624422236,812.1484651209591
2023-11-16,1041.1060904652536,1042.304092397363,1020.4896106234117,1024.6827392578125,6908825,996.875521850586,1002.8762707519531,932.2653356933594,1007.9949586982169,57.36053217273037,8.907036074581129,3.9222573149985562,4.984778759582572,1044.8503453496994,996.875521850586,948.9006983514727,0.09625037920492534,17.85001390512549,0.017420039609581425,20.311055569954178,27.66627522248075,17.20325155377375,356944748.0,6909944.8,1043.302420224086,949.854540353068,1045.7983624422236,812.1484651209591
2023-11-17,1013.2514705826267,1018.3431620183127,990.2388631234999,992.7348022460938,13268353,996.9503997802734,1003.1178771972657,932.6900341796875,1006.5416104646814,46.273348711669804,6.5251860509001745,4.44284306217888,2.0823429887212948,1044.8944540363968,996.9503997802734,949.00634552415,0.09618142340218777,19.035289778638855,0.019174597017824813,19.17768670912022,24.090459056287088,26.331140230367225,343676395.0,6950132.7,1043.302420224086,949.854540353068,1045.7983624422236,812.1484651209591
2023-11-20,979.4064896291164,993.1341544939486,978.7575210974649,987.093994140625,8215656,996.8156188964844,1003.2626416015624,933.1755432128906,1004.689456529057,44.6329593836118,4.134724148709324,4.381219279484969,-0.2464951307756449,1044.8544994469462,996.8156188964844,948.7767383460225,0.0963846866758425,18.70252860848492,0.018947059469009885,18.700413042622728,22.767720811118483,29.270319008619875,335460739.0,7222603.05,1043.302420224086,949.854540353068,1045.7983624422236,812.1484651209591
2023-11-21,988.3419333306163,995.8796568923234,985.0473060514076,990.1889038085938,7061614,997.3871887207031,1003.7967724609375,933.7692810058594,1003.3084515080606,45.768900323001084,2.4616231544239326,3.997300054472762,-1.5356769000488293,1044.8212573649344,997.3871887207031,949.9531200764718,0.09511665916838676,18.14037305365855,0.01832011344894361,18.086566177598677,22.877666180255808,28.02185529657262,342522353.0,7391554.6,1043.302420224086,949.854540353068,1045.7983624422236,812.1484651209591
2023-11-22,989.3901954825055,998.2757624803141,986.395068755515,996.4786376953125,6103988,999.0744415283203,1004.1941247558593,934.4039422607422,1002.6579930497036,48.099383305650754,1.6244815099279322,3.5227363455637963,-1.8982548356358642,1043.7800807129445,999.0744415283203,954.3688023436961,0.08949411040129576,17.69325310159716,0.017755777627625494,17.36264239371865,22.747705478601876,26.67784387163829,348626341.0,7461415.3,1043.302420224086,949.854540353068,1045.7983624422236,812.1484651209591
2023-11-23,997.3772174309884,1001.7700944146982,993.783089670506,997.4271240234375,3112891,1001.2509002685547,1004.568515625,935.0445922851562,1002.1598150472021,48.459077312236815,1.0257514213565173,3.023339360722341,-1.9975879393658236,1040.8994301760695,1001.2509002685547,961.6023703610399,0.07919799102678517,16.999949647496805,0.017043801234241693,16.460487242841484,23.45252757404355,25.782563633478592,351739232.0,7471779.95,1043.302420224086,951.2023112172013,1045.7983624422236,812.1484651209591
2023-11-24,1000.3723748528136,1009.1081615593627,998.0761231057231,1006.86181640625,6956281,1003.070443725586,1004.7302526855469,935.8039764404297,1002.6076247004447,52.02106672255592,1.2975964546218393,2.678190779502241,-1.3805943248804016,1040.1592337418072,1003.070443725586,965.9816537093649,0.07395051912499112,16.620027353813118,0.016506760990434903,15.419339571689084,25.428873210597942,24.488225495676147,358695513.0,7279572.1,1043.302420224086,966.4276202990195,1045.7983624422236,812.1484651209591
2023-11-28,1011.4043930220315,1020.28996026832,1007.6105779156203,1019.4912719726562,6173384,1003.9889526367188,1005.1345947265625,936.5706555175781,1004.215591107322,56.36803777020674,2.503270967980484,2.6432068171978895,-0.13993584921740565,1041.7430575444837,1003.9889526367188,966.2348477289538,0.07520820783657728,16.392035675831465,0.016078642482258657,15.110906412807537,28.81343193574363,23.055337069222716,364868897.0,6750361.4,1043.302420224086,966.4276202990195,1045.7983624422236,812.1484651209591
2023-11-29,1025.481581791897,1061.7725125965069,1019.4913278421283,1058.427978515625,9422396,1007.5306915283203,1006.0471105957031,937.461455078125,1009.3786756223984,66.4579078729426,6.525422507880194,3.4196499553343505,3.1057725525458433,1051.281738957937,1007.5306915283203,963.7796440987036,0.08684806884294691,18.241264600689977,0.01723429932972118,16.557318597498114,40.28658536046266,19.23821350105066,374291293.0,6386879.8,1061.7725125965069,966.4276202990195,1061.7725125965069,812.1484651209591
2023-11-30,1060.97371777571,1079.144227099871,1053.7354945637944,1072.5050048828125,24755589,1012.1431884765625,1007.1123779296875,938.4223904418945,1015.3907069805331,69.22846076010514,10.725270717914782,4.880774107850437,5.844496610064345,1062.3885262452427,1012.1431884765625,961.8978507078823,0.09928503860072897,18.75322659607473,0.017485444366876223,18.406367278495964,43.004366730225705,17.37636772055499,399046882.0,6594471.25,1079.144227099871,966.4276202990195,1079.144227099871,812.1484651209591
2023-12-01,1073.6532244199786,1107.198622699033,1068.4615977908677,1102.855712890625,14428758,1018.77490234375,1008.6598608398438,939.5527825927734,1023.7207075433989,74.1803338500744,16.31466387776277,7.167552061832904,9.147111815929865,1079.131684859045,1018.77490234375,958.4181198284549,0.11848894662882017,20.180640761224055,0.018298532188158922,20.781432460663282,47.037858701250904,14.993926062841137,413475640.0,7441410.45,1107.198622699033,972.4178584909591,1107.198622699033,812.1484651209591
2023-12-04,1118.67979349121,1127.165985588198,1097.3145325432133,1123.771484375,14043213,1025.8958099365234,1010.6735815429688,940.8244064331054,1033.2493529559324,76.93496893048292,22.176390558701996,10.169319761206722,12.007070797495274,1099.1412436907624,1025.8958099365234,952.6503761822844,0.1427931239114253,20.871413067206962,0.018572648761251375,23.36422176329584,49.0658816265087,13.462129990578452,427518853.0,7877649.15,1127.165985588198,978.7575210974649,1127.165985588198,812.1484651209591
2023-12-05,1134.953382736085,1149.9788617561794,1125.319034229928,1130.6103515625,15804808,1033.064144897461,1012.7731640625,942.1504211425781,1042.5218290137007,77.77008384679232,27.06173972187412,13.547803753340203,13.513935968533916,1117.0497546747924,1033.064144897461,949.0785351201292,0.16259514995686503,21.25255337534785,0.018797416232724996,26.127078652425325,52.41136044596391,12.276366181447422,443323661.0,8320110.7,1149.9788617561794,978.7575210974649,1149.9788617561794,812.1484651209591
2023-12-06,1133.2560683014217,1143.8388248118424,1116.1339031558173,1118.6798095703125,7342767,1038.6101196289062,1014.8907165527344,943.4190274047852,1049.7749700190923,72.8168933550393,29.629172443251946,16.764077491322553,12.865094951929393,1129.541428605346,1038.6101196289062,947.6788106524663,0.17510191217649507,21.71343682396766,0.019409876390195903,28.126806553000083,47.63468477730169,14.179063407338704,435980894.0,8896948.7,1149.9788617561794,978.7575210974649,1149.9788617561794,812.1484651209591
2023-12-07,1117.4319299515028,1127.7650934037656,1106.6993918706642,1116.0341796875,6439419,1043.4497467041015,1016.8794812011719,944.7150482177734,1056.085370939893,71.72594958372065,31.091992021277974,19.629660397313636,11.462331623964339,1139.8794329617722,1043.4497467041015,947.0200604464306,0.184828615967868,21.667170017477215,0.01941443229233734,29.418977197191463,44.326658159373025,16.304593843600824,429541475.0,8936478.15,1149.9788617561794,978.7575210974649,1149.9788617561794,812.1484651209591
2023-12-08,1114.037385715821,1132.5073342632686,1109.6944762425824,1129.3624267578125,7300989,1048.9158508300782,1019.1208325195313,946.0196139526367,1063.0641381606472,73.85138332221926,32.94697302937152,22.293122923725214,10.653850105646306,1151.6084450544413,1048.9158508300782,946.223256605715,0.19580711673504697,21.749004874849287,0.019257772668501642,30.72264147163819,42.56305144902005,15.083012880703688,436842464.0,8930456.15,1149.9788617561794,978.7575210974649,1149.9788617561794,812.1484651209591
2023-12-11,1127.166096859431,1137.5492278833829,1112.0406815484266,1114.6864013671875,6924589,1053.638168334961,1021.1645080566407,947.2630169677734,1067.9805441803176,67.80697218437899,32.85410457971534,24.405319254923242,8.448785324792098,1159.2661028294192,1053.638168334961,948.0102338405026,0.2005013441405214,22.01754355057121,0.01975223123164166,32.045344972152066,40.67646429345953,13.83483376372407,429917875.0,8913339.9,1149.9788617561794,978.7575210974649,1149.9788617561794,812.1484651209591
2023-12-12,1118.1807098253757,1132.0581555092208,1107.1985778538765,1129.162841796875,9044111,1058.719906616211,1023.2770739746094,948.5965054321289,1073.8074296676086,70.38203918433643,33.561754408937304,26.236606285726058,7.325148123211246,1168.5307083047603,1058.719906616211,948.9091049276616,0.20744070457599528,22.220545986626433,0.01967877897156634,32.95270559969254,37.42593428058415,14.285774995068392,438961986.0,9039172.6,1149.9788617561794,978.7575210974649,1149.9788617561794,812.1484651209591
2023-12-13,1148.1319907660816,1149.130366410226,1109.6445609355035,1113.0390625,8184523,1063.1876434326173,1024.9533483886719,949.8984942626953,1077.543775651646,64.22048812954566,32.44748336930161,27.47878170244117,4.9687016668604365,1174.1974864115641,1063.1876434326173,952.1778004536706,0.20882455447006398,23.45377880720473,0.021071837995088095,34.20003750035151,38.124657901058455,12.567850996710867,430777463.0,9326675.0,1149.9788617561794,978.7575210974649,1149.9788617561794,812.1484651209591
2023-12-14,1130.560544254832,1136.7504241736842,1116.084098177239,1118.6298828125,9421193,1067.1362213134767,1026.6256262207032,951.2690798950196,1081.456738238394,65.35311225408,31.650698467230313,28.313165055399004,3.337533411831309,1180.1179135792343,1067.1362213134767,954.1545290477189,0.21174746018215929,23.47217758338184,0.020982970278218598,35.358274265249136,35.37371844467993,11.660999654504376,440198656.0,9436627.1,1149.9788617561794,978.7575210974649,1149.9788617561794,812.1484651209591
2023-12-15,1117.3818730335781,1126.0178459635727,1106.7991165190488,1118.530029296875,12048410,1071.8285858154297,1028.2090490722655,952.6526306152343,1084.9875278630113,65.3133449791417,30.6577795487799,28.782087954075187,1.875691594704712,1185.1625821308971,1071.8285858154297,958.4945894999622,0.21147783855614338,23.1683598591777,0.02071322114949536,35.780942494254,33.27776292490065,13.832645359150833,428150246.0,9545667.35,1149.9788617561794,978.7575210974649,1149.9788617561794,812.1484651209591
2023-12-18,1117.8810894625565,1118.1806508857087,1105.401394698207,1109.544677734375,7922468,1077.6690795898437,1030.5212866210939,954.0446133422852,1087.3263040412364,61.6764139161586,28.813695034480816,28.788409370156316,0.025285664324499635,1186.0272110280687,1077.6690795898437,969.3109481516187,0.20109722639433178,22.451236626284146,0.020234639556947136,36.07498564505444,31.887793069741498,13.699558307722791,420227778.0,9802646.6,1149.9788617561794,978.7575210974649,1149.9788617561794,812.1484651209591
2023-12-19,1121.974580081625,1125.0195526254015,1112.3900765501955,1118.4302978515625,6824641,1084.2358947753905,1032.8574865722655,955.4261697387695,1090.2885891660294,63.82185591599214,27.749362674683198,28.580600031061692,-0.8312373563784945,1185.5301125968851,1084.2358947753905,982.9416769538958,0.18684903960402216,21.952925073765744,0.019628335459023236,36.55789786164734,32.50739994290372,13.009774046426081,427052419.0,9535352.35,1149.9788617561794,985.0473060514076,1149.9788617561794,812.1484651209591
2023-12-20,1120.1774467497467,1122.0244172741716,1100.908748515848,1108.446533203125,9848057,1090.1487762451172,1035.0399365234375,956.7226498413086,1092.0179171695622,59.77287212902366,25.802826321978955,28.02504528924515,-2.222218967266194,1182.1755853585612,1090.1487762451172,998.1219671316733,0.16883348606860604,21.893121051234164,0.019751174635341845,36.17778825435059,30.267898425566845,15.859406005530012,417204362.0,9465801.6,1149.9788617561794,986.395068755515,1149.9788617561794,812.1484651209591
2023-12-21,1102.106797671874,1102.106797671874,1075.4500972753222,1093.62060546875,10914682,1095.005874633789,1037.0197143554688,957.9302896118164,1092.1705541504373,54.26701693333839,22.801017835243556,26.980239798444835,-4.179221963201279,1176.382528073317,1095.005874633789,1013.6292211942612,0.14863235956015908,22.68621497098907,0.020744136364608142,34.302261638162214,27.123343233458108,22.227531358067193,406289680.0,9605123.75,1149.9788617561794,993.783089670506,1149.9788617561794,812.1484651209591
2023-12-22,1093.6206690285596,1104.5029875664939,1084.0362875341675,1086.5322265625,10600025,1099.461129760742,1038.5382458496094,959.1536019897461,1091.6335705706338,51.809806449604636,19.623878192599022,25.508967477275675,-5.885089284676653,1167.6725698586015,1099.461129760742,1031.2496896628827,0.12408158551763107,22.52767818965602,0.02073355731097606,32.66491556559596,26.122966409018808,20.78510188805266,395689655.0,9845658.45,1149.9788617561794,998.0761231057231,1149.9788617561794,812.1484651209591
2023-12-26,1089.4273180263838,1098.862039807972,1084.9346281890596,1092.472412109375,5687517,1103.7416595458985,1040.0388024902343,960.3016430664062,1091.7134602409901,53.70175243414056,17.38489323765566,23.884152629351675,-6.499259391696015,1157.3546308065447,1103.7416595458985,1050.1286882852523,0.0971476808852239,21.913373434602903,0.02005851423954219,31.144522783927297,24.937045768980667,19.84150762129178,401377172.0,10220015.15,1149.9788617561794,1007.6105779156203,1149.9788617561794,812.1484651209591
2023-12-27,1094.2696605556087,1108.7461072242813,1087.8800321343413,1104.5528564453125,6132936,1107.9947387695313,1041.793946533203,961.6083264160156,1092.936259879497,57.36746805149282,16.39626647368482,22.386575398218305,-5.990308924533487,1145.1767505857113,1107.9947387695313,1070.8127269533513,0.06711586348771285,21.83856640998413,0.019771409111434747,30.187936258001645,26.467982446085603,18.487368538850472,407510108.0,10156576.95,1149.9788617561794,1019.4913278421283,1149.9788617561794,812.1484651209591
2023-12-28,1105.4512920325003,1111.1919512595825,1096.2163184932808,1106.05029296875,14097667,1110.3758544921875,1044.0662475585937,962.8865921020508,1094.1852154118067,57.81334955595813,15.55430293143263,21.020120904861173,-5.465817973428543,1139.8581641683413,1110.3758544921875,1080.8935448160337,0.05310329751296164,21.348356864006814,0.019301434120780964,29.410144096518177,25.960113377438464,17.561034141525063,421607775.0,10154554.55,1149.9788617561794,1053.7354945637944,1149.9788617561794,812.1484651209591
2023-12-29,1099.6606827129087,1105.0519349686435,1092.1728662110586,1100.5093994140625,8786731,1111.77607421875,1046.0130798339844,964.102993774414,1094.7875186501167,55.5002754902537,14.275379269391806,19.6711725777673,-5.395793308375495,1136.148051156302,1111.77607421875,1087.404097281198,0.043843319716478625,20.81471899927,0.01891371305901817,28.411881467015625,24.723833100316842,18.112303596360384,412821044.0,10388318.1,1149.9788617561794,1068.4615977908677,1149.9788617561794,812.1484651209591
2024-01-01,1093.221182919986,1102.2065625056298,1091.2244319009542,1095.916748046875,4083732,1111.4291259765625,1047.8031640625,965.2892013549805,1094.8950643069509,53.586524820313365,12.744325815203638,18.28580322525457,-5.5414774100509305,1136.4870756850655,1111.4291259765625,1086.3711762680596,0.04509140371228923,20.112391256798972,0.018352115972899354,27.41800401053589,23.759536439726375,17.74270822990352,408737312.0,9589875.2,1149.9788617561794,1075.4500972753222,1149.9788617561794,812.1484651209591
2024-01-02,1093.3210915732434,1097.5641878592241,1080.5419570586787,1091.47412109375,7895577,1109.8142578125,1049.8079016113281,966.4190362548828,1094.569260191408,51.72837757563736,11.045150436713584,16.83767266754637,-5.7925222308327875,1135.6336948445532,1109.8142578125,1083.9948207804468,0.04652929415944721,19.891665509923723,0.018224587395613723,25.76215271131152,22.30724006109188,20.494136996206002,400841735.0,9072623.9,1149.9788617561794,1075.4500972753222,1149.9788617561794,812.1484651209591
2024-01-03,1089.2277993642253,1100.8089321599628,1079.5436046173127,1096.8154296875,10225290,1108.12451171875,1051.94841796875,967.6548675537109,1094.7831810957975,53.80250514670054,10.014104310768744,15.472958996190847,-5.458854685422104,1132.670810109336,1108.12451171875,1083.578213328164,0.04430241932382399,19.989784226547034,0.018225294507611404,24.41939638219617,21.771622415101916,18.936861071845566,411067025.0,8765242.1,1149.130366410226,1075.4500972753222,1149.9788617561794,812.1484651209591
2024-01-04,1101.2083083004443,1128.164450026747,1098.2631489717503,1121.5751953125,11411683,1108.2692810058593,1054.8047717285156,969.1119897460937,1097.3348014973883,61.96171401300792,11.067321791173754,14.59183155518743,-3.5245097640136756,1133.0954415502229,1108.2692810058593,1083.4431204614957,0.04480167585594628,20.80115823459704,0.018546378630281045,24.537919978325107,28.82147968614813,16.898334328672593,422478708.0,8486266.2,1149.130366410226,1075.4500972753222,1149.9788617561794,812.1484651209591
2024-01-05,1122.1741127824732,1138.0483083252402,1117.1822350565724,1135.10302734375,8025466,1109.222723388672,1058.2521606445312,970.6342578125,1100.931775387518,65.54251031234182,12.845512152488709,14.242567674647686,-1.3970555221589773,1136.5110596527825,1109.222723388672,1081.9343871245615,0.049202627549397346,20.805795022744952,0.018329433118888343,25.038846361917177,30.150074925337368,15.687813476068575,430504174.0,8689712.0,1149.130366410226,1075.4500972753222,1149.9788617561794,812.1484651209591
2024-01-08,1143.14013040852,1144.1385060682653,1116.683175425266,1120.177490234375,4735538,1108.7634765625,1061.5777514648437,972.1257818603516,1102.764700611028,58.948933379279055,12.901652499181637,13.974384639554478,-1.0727321403728407,1134.968237932204,1108.7634765625,1082.5587151927962,0.04726844259146506,21.280761852763124,0.018997669599940405,25.73291704490945,29.41580844426001,14.242127766965345,425768636.0,8769014.35,1149.130366410226,1075.4500972753222,1149.9788617561794,812.1484651209591
2024-01-09,1126.7168353593506,1133.7054645793887,1110.543077469764,1114.736328125,6359362,1108.7659729003906,1064.4630590820314,973.5576858520508,1103.9048556123587,56.70919213669742,12.364556904541587,13.6524190925519,-1.2878621880103136,1134.9730001454911,1108.7659729003906,1082.55894565529,0.04727242337090543,21.415163656824664,0.019210967756693845,25.911754734776398,27.14325204034617,15.189814460576214,419409274.0,8640741.8,1149.130366410226,1075.4500972753222,1149.9788617561794,812.1484651209591
2024-01-10,1113.4383808745924,1114.187162569868,1097.264745005451,1105.2017822265625,5934163,1107.567919921875,1066.5446728515626,974.9077572631836,1104.028372432759,52.915208613831844,11.042258325338025,13.130386939109126,-2.088128613771101,1132.0710052815582,1107.567919921875,1083.064834562192,0.04424665055559128,21.133479332733543,0.019121828857493875,25.15031017079718,25.54039385671917,18.780742133019245,413475111.0,8612480.45,1149.130366410226,1075.4500972753222,1149.9788617561794,812.1484651209591
2024-01-11,1109.2451929528,1126.0677964347826,1109.2451929528,1123.9212646484375,4683035,1108.1120300292969,1069.2712341308593,976.3506781005859,1105.9229335961568,58.75022488541936,11.373723753344166,12.779054301956135,-1.4053305486119694,1133.5426545877904,1108.1120300292969,1082.6814054708034,0.04589901358226594,21.114374680982586,0.018786346824381118,24.9813831900125,27.756680747563184,17.45503989695154,418158146.0,8456983.05,1144.1385060682653,1075.4500972753222,1149.9788617561794,812.1484651209591
2024-01-12,1124.520282630233,1127.6152224780649,1116.2338386422973,1118.530029296875,5616755,1108.1070373535156,1072.0367333984375,977.6766314697265,1107.1236093771777,56.57567052625606,11.073733747203505,12.43799019100561,-1.3642564438021054,1133.5294381457663,1108.1070373535156,1082.6846365612648,0.045884377474881666,20.41916104918151,0.018255353467816423,24.892447048131288,27.192900647382967,16.7600956151799,412541391.0,8281908.65,1144.1385060682653,1075.4500972753222,1149.9788617561794,812.1484651209591
2024-01-15,1120.1774576314062,1128.6136829619059,1114.7862048512886,1117.6815185546875,6719079,1108.0646118164063,1074.9859350585937,979.0280136108398,1108.1291245369405,56.22295212453913,10.64481497951465,12.07935514870742,-1.4345401691927702,1133.4200382214403,1108.0646118164063,1082.7091854113723,0.045765248947838615,19.948326553569775,0.017847952410777662,24.701545002724707,25.846531934426622,16.448624890640364,405822312.0,8091686.75,1144.1385060682653,1075.4500972753222,1149.9788617561794,812.1484651209591
2024-01-16,1114.8361330321468,1125.9680452958034,1113.288602110393,1117.2821044921875,5229753,1108.451483154297,1077.7045104980468,980.3816375732422,1109.0008369136306,56.04582203533888,10.155596988681282,11.694603516702193,-1.539006528020911,1134.119620711862,1108.451483154297,1082.783345596732,0.04631350663092922,19.429120598701253,0.01738962838533239,24.406686195298867,24.6417143972751,16.232457726251614,400592559.0,7825220.2,1144.1385060682653,1075.4500972753222,1149.9788617561794,812.1484651209591
2024-01-17,1080.2424307499423,1113.1888265121863,1077.4469302394873,1080.5419921875,24913719,1106.5570678710938,1079.5704772949218,981.595942993164,1106.290470749237,42.71490672042159,6.725738071401793,10.700830427642114,-3.975092356240321,1134.4921826420375,1106.5570678710938,1078.62195310015,0.05049014747099876,20.886695859701177,0.019329832630953257,23.41325796643667,21.2848031246835,26.278307092167992,375678840.0,7690584.45,1144.1385060682653,1075.4500972753222,1149.9788617561794,812.1484651209591
2024-01-18,1064.2684519148634,1106.9490113138881,1064.2684519148634,1095.71728515625,11473135,1105.92060546875,1081.3296166992188,982.9187887573243,1105.2835006927621,48.19593284245368,5.172444762534269,9.595153294620545,-4.422708532086276,1134.2320247500263,1105.92060546875,1077.6091861874736,0.05119973195413322,22.44340039822429,0.020482838686827733,23.082738667008186,18.393570423944958,26.902973657288314,387151975.0,8595038.35,1144.1385060682653,1064.2684519148634,1149.9788617561794,812.1484651209591
2024-01-19,1105.3515730836875,1124.47049025291,1103.2050411631287,1114.736328125,12303696,1106.9763916015625,1083.239510498047,984.3412176513672,1106.183769972023,54.120724186456854,5.413720443834336,8.758866724463303,-3.345146280628967,1134.9471462835095,1106.9763916015625,1079.0056369196154,0.05053541321053689,22.89410073382684,0.020537682460151804,21.78261469714992,22.210129998660452,24.489542453604884,399455671.0,8676292.25,1144.1385060682653,1064.2684519148634,1149.9788617561794,812.1484651209591
2024-01-23,1124.071079875519,1139.7455275929765,1077.0476148511282,1087.4805908203125,18924087,1107.0238098144532,1084.5883154296876,985.5767520141602,1104.402514814717,46.001172315208095,3.366812426885417,7.680455864947726,-4.313643438062309,1134.8586548171033,1107.0238098144532,1079.188964811803,0.050287707917168446,25.73723016297123,0.02366684093511685,21.6514867910435,18.3454428624894,27.48769901101097,380531584.0,8745742.95,1144.1385060682653,1064.2684519148634,1149.9788617561794,812.1484651209591
2024-01-24,1033.1191433850806,1071.4566698090237,1019.2416978515686,1057.4295654296875,20884046,1105.2716674804688,1085.3321057128906,986.582741394043,1099.9289005875714,39.045685152412375,-0.672491462875314,6.009866399383118,-6.682357862258432,1140.0864310940894,1105.2716674804688,1070.456903866848,0.06299765865342949,28.77306322052642,0.027210382763257105,23.095101767157942,15.237693133508394,37.18144207712201,359647538.0,9161946.05,1144.1385060682653,1019.2416978515686,1149.9788617561794,812.1484651209591
2024-01-25,1056.2814231061855,1061.9721154837507,1024.1337763691554,1040.5570068359375,20835434,1102.071875,1085.5926843261718,987.4739486694336,1094.2744345159872,35.77495935931164,-5.175483612327298,3.7727963970410356,-8.948280009368334,1146.8893626628146,1102.071875,1057.2543873371856,0.08133314837167861,29.42058292724563,0.028273879022453513,24.435601387835636,13.837873826403294,33.76574784902977,338812104.0,9921772.5,1144.1385060682653,1019.2416978515686,1149.9788617561794,812.1484651209591
2024-01-29,1034.3171387293876,1066.2651584584805,1034.3171387293876,1059.526123046875,11188604,1099.7456665039062,1086.3095202636719,988.4804470825195,1090.9650715189289,41.688852974939195,-7.131283192793717,1.5919804790740855,-8.723263671867802,1148.1793826165676,1099.7456665039062,1051.3119503912449,0.0880816675852559,29.60111412737758,0.027938069183470225,25.44692598299153,13.80701502521421,31.16268757760509,350000708.0,10656897.4,1144.1385060682653,1019.2416978515686,1149.9788617561794,812.1484651209591
2024-01-30,1058.3281032541713,1068.7111119938597,1049.0931289565679,1052.3876953125,9426983,1097.339581298828,1086.5641076660156,989.4938903808594,1087.291035689745,40.18910725033549,-9.151783843562043,-0.5567723854531403,-8.595011458108903,1149.9808835424758,1097.339581298828,1044.6982790551804,0.0959435039814032,28.888033335228602,0.027449991541995823,26.248038831765097,13.742058734149934,29.651065423991867,340573725.0,10511444.25,1144.1385060682653,1019.2416978515686,1149.9788617561794,812.1484651209591
2024-01-31,1046.4973318412135,1082.3390428815057,1041.006265638919,1066.015625,12600390,1095.8445251464843,1087.3907653808594,990.5984127807617,1085.2648061002456,44.30819443987399,-9.54337504680143,-2.3540929177227983,-7.189282129078631,1150.2320153171295,1095.8445251464843,1041.4570349758392,0.09926132571292454,29.776943614325607,0.027932933548066526,26.23859265757943,15.648604873015254,26.711204834324086,353174115.0,10543456.85,1144.1385060682653,1019.2416978515686,1149.9788617561794,812.1484651209591
2024-02-01,1070.9075159113859,1085.8831485716707,1055.08328844142,1082.4886474609375,9756682,1095.3952514648438,1089.1858422851562,991.7556289672851,1085.0004100393592,48.890174433066726,-8.427333598930545,-3.568741053964348,-4.858592544966197,1150.0674336705267,1095.3952514648438,1040.7230692591609,0.09982183532851951,29.850009079748823,0.027575355316440845,26.03923831464381,15.34335425443774,24.742549360385112,362930797.0,10969289.75,1144.1385060682653,1019.2416978515686,1149.9788617561794,812.1484651209591
2024-02-02,1086.2826608428827,1094.419324788731,1063.2700536557943,1065.3167724609375,8667415,1093.8203186035157,1090.7502978515624,992.838205871582,1083.1257778890333,44.75640546069875,-8.826740343773281,-4.620340911926135,-4.206399431847146,1150.031220141042,1093.8203186035157,1037.6094170659894,0.1027790407281718,29.94281351211939,0.02810695774830422,25.39541472126262,16.239546686134705,22.904015244022744,354263382.0,11062345.0,1144.1385060682653,1019.2416978515686,1149.9788617561794,812.1484651209591
2024-02-05,1065.316667756493,1077.7463944696112,1056.2813203787389,1059.775634765625,12569454,1090.7303405761718,1092.142032470703,993.8267529296875,1080.901954734423,43.478881983975,-9.481104300825791,-5.592493589706066,-3.888610711119725,1147.2919446740207,1090.7303405761718,1034.168736478323,0.103713268062151,29.33726069631603,0.02768252046368675,25.0574993933461,15.390837899944406,23.40858310315815,341693928.0,10984451.25,1144.1385060682653,1019.2416978515686,1149.9788617561794,812.1484651209591
2024-02-06,1059.8255564847861,1063.3697163722377,1046.4971461161176,1048.34423828125,8011171,1086.392401123047,1093.1793444824218,994.7571453857422,1077.801219834121,40.88605281093828,-10.79764211435463,-6.633523294635779,-4.164118819718851,1141.9754331623506,1086.392401123047,1030.8093690837434,0.10232588516238737,28.44692566487346,0.02713509992816092,25.09517505519511,14.738789046313734,24.873603235565437,333682757.0,11042339.8,1144.1385060682653,1019.2416978515686,1149.9788617561794,812.1484651209591
2024-02-07,1059.326431157162,1071.955784427624,1055.7821491888565,1067.36328125,7281793,1083.751690673828,1094.578067626953,995.7886172485352,1076.807130445157,46.592571680089286,-10.188878943807822,-7.344594424470188,-2.8442845193376343,1137.6563757703227,1083.751690673828,1029.8470055773334,0.09947792572850174,28.101541413552066,0.02632800088517385,24.633501578063225,16.036636531199584,23.38079180682519,340964550.0,11041625.05,1139.7455275929765,1019.2416978515686,1149.9788617561794,812.1484651209591
2024-02-08,1070.2586191313246,1073.8527468360933,1029.9741889516715,1034.21728515625,9869141,1079.7257385253906,1095.125177001953,996.6042419433594,1072.7509547033565,39.445810343223464,-12.239940205771745,-8.3236635807305,-3.9162766250412453,1135.7579063127077,1079.7257385253906,1023.6935707380735,0.10378963062201647,29.22847116147133,0.028261441363412795,25.088135220096454,14.31702045544564,27.180610797525915,331095409.0,11168937.8,1139.7455275929765,1019.2416978515686,1149.9788617561794,812.1484651209591
2024-02-09,1038.2606648365577,1053.1864533000291,1032.869534050738,1049.692138671875,8233454,1076.9502563476562,1095.7291943359376,997.5204293823242,1070.5548769860725,43.78144270093996,-12.472949287764777,-9.153520722137356,-3.3194285656274207,1133.1586924152944,1076.9502563476562,1020.7418202800181,0.10438446109528228,28.59193173917275,0.0272383975127686,25.510295030555884,13.59034755261106,25.801035109237894,339328863.0,11344426.75,1139.7455275929765,1019.2416978515686,1149.9788617561794,812.1484651209591
2024-02-12,1049.6921945903678,1055.5326678341503,1033.6682164788338,1044.999755859375,8694379,1073.0041809082031,1095.4606298828126,998.4358450317383,1068.121055926387,42.78118335605996,-12.887685524650806,-9.900353682640047,-2.987331842010759,1126.483279739487,1073.0041809082031,1019.5250820769193,0.09968106328536118,28.111397426040163,0.026900865065678636,25.754725360294085,13.431479504979457,24.3676422286788,330634484.0,11459391.3,1139.7455275929765,1019.2416978515686,1149.9788617561794,812.1484651209591
2024-02-13,1049.292822824247,1073.80299412333,1043.1029424564933,1069.0107421875,8413609,1070.5282165527344,1095.3907446289063,999.3810546875,1068.205787951255,49.17946077149404,-11.150346794900315,-10.1503523050921,-0.9999944898082145,1119.7639896258725,1070.5282165527344,1021.2924434795964,0.09198407349165405,28.29630130038278,0.026469613619111536,24.90591208369279,17.00258105015843,22.479238239867637,339048093.0,11659958.5,1139.7455275929765,1019.2416978515686,1149.9788617561794,812.1484651209591
2024-02-14,1059.5760583399278,1099.1117071774415,1058.827276650308,1095.0682373046875,16609115,1069.3975524902344,1095.2349951171875,1000.47625,1070.7641164611057,55.05338730028774,-7.583453914152869,-9.636972626904255,2.0535187127513854,1115.166575759083,1069.3975524902344,1023.6285292213859,0.08559777074909,29.15259624515069,0.026621716576224086,23.343148465517775,21.52541275071196,20.26046180186008,355657208.0,11799801.2,1139.7455275929765,1019.2416978515686,1149.9788617561794,812.1484651209591
2024-02-15,1095.7173279169422,1095.7672954506263,1067.513214464866,1070.4583740234375,11780823,1067.0563659667969,1094.1687329101562,1001.4020184326172,1070.7349981337088,49.26223994305816,-6.665638569460498,-9.042705815415504,2.377067245955006,1107.2374296412916,1067.0563659667969,1026.8753022923022,0.07531197967801632,29.088416583765664,0.027173795160696998,21.892010820069547,20.03198383261334,18.854794932687984,343876385.0,12294303.0,1139.7455275929765,1019.2416978515686,1149.9788617561794,812.1484651209591
2024-02-16,1071.2570122898392,1074.2521390716374,1056.2813783808479,1067.013916015625,8660907,1066.3799621582032,1092.8968041992186,1002.3417315673828,1070.380609360558,48.4933587941683,-6.145362359063029,-8.463237124145008,2.3178747650819798,1106.082804966388,1066.3799621582032,1026.6771193500183,0.07446284479658057,28.294298305695943,0.02651727206272126,20.634273371764586,19.12319400272234,20.83487231263607,335215478.0,12621856.5,1139.7455275929765,1019.2416978515686,1149.9788617561794,812.1484651209591
2024-02-19,1067.2634875671906,1068.261863140219,1058.3779205928356,1061.2232666015625,7562645,1064.6552612304688,1091.7476733398437,1003.3592092895508,1069.508481478749,47.16070778302538,-6.129638075012281,-7.996517314318464,1.8668792393061828,1102.03974934473,1064.6552612304688,1027.2707731162077,0.07022834428311416,26.979272894387904,0.025422805684223,19.466374312624264,18.622776643744377,20.289663610792218,327652833.0,11809215.9,1139.7455275929765,1019.2416978515686,1149.9788617561794,812.1484651209591
2024-02-20,1057.2797713474754,1088.7286030731084,1055.9818343052273,1086.8316650390625,8722800,1063.260028076172,1091.163623046875,1004.4516192626953,1071.158308484493,53.27596012975101,-4.0046298508982545,-7.198139821634422,3.1935099707361676,1094.669408430827,1063.260028076172,1031.850647721517,0.05908127743969859,27.391236885351706,0.025202832937672295,18.741324975949727,22.36964294141247,18.557042425041423,336375633.0,11613691.4,1139.7455275929765,1019.2416978515686,1149.9788617561794,812.1484651209591
2024-02-21,1092.073192275301,1092.1730054669829,1071.3568973121146,1082.4388427734375,9177213,1063.0079406738282,1090.2251513671874,1005.5759228515625,1072.2326450834403,52.16077410972185,-2.6445251283983,-6.287416882987198,3.6428917545888986,1093.7086448471782,1063.0079406738282,1032.3072365004782,0.057761947015916346,26.921584833174318,0.024871229458281005,18.217623484319645,22.048051102909554,17.53214680279034,327198420.0,11434646.6,1099.1117071774415,1019.2416978515686,1149.9788617561794,812.1484651209591
2024-02-22,1088.5289376206943,1108.8957018427773,1079.743183816331,1099.1116943359375,14633340,1065.0920471191407,1089.9136572265625,1006.7531713867188,1074.792554536059,55.93126223812695,-0.21875093195649242,-5.073683692781057,4.854932760824565,1099.4378152669628,1065.0920471191407,1030.7462789713186,0.06449352098857654,27.080937204122307,0.024638931005537247,18.412954679363832,24.7634916004973,16.184055070381493,341831760.0,10947302.9,1108.8957018427773,1024.1337763691554,1149.9788617561794,812.1484651209591
2024-02-23,1097.214810240105,1105.601189852014,1088.2294296284936,1095.0184326171875,6250943,1067.815118408203,1089.2307690429689,1007.9131948852539,1076.7188286390235,54.78955302611023,1.3577492948934378,-3.787397095246159,5.145146390139597,1102.5814151643801,1067.815118408203,1033.048821652026,0.06511669699526895,26.38742456265074,0.024097698976246952,18.594333646190577,23.599015270494984,15.423017436555462,335580817.0,10634767.6,1108.8957018427773,1029.9741889516715,1149.9788617561794,812.1484651209591
2024-02-26,1091.673732347796,1093.021636882295,1077.8962224273082,1083.4371337890625,5354189,1069.0106689453125,1088.63873046875,1008.9497354125976,1077.3586672247416,51.58132091377659,1.65356182485516,-2.699205311225895,4.352767136081055,1104.1965469346903,1069.0106689453125,1033.8247909559348,0.06582886216485047,25.72562353602421,0.023744454323856325,18.14363413690429,22.477100773818265,17.558866190981927,330226628.0,9905543.05,1108.8957018427773,1029.9741889516715,1149.9788617561794,812.1484651209591
2024-02-27,1079.8929933996226,1086.7818094222255,1070.30861200262,1077.2972412109375,6546815,1070.2561462402343,1087.8120776367186,1009.906706237793,1077.3528171281887,49.91266433241859,1.3766877685948202,-1.8840266952617521,3.2607144638565724,1104.7570152237538,1070.2561462402343,1035.7552772567149,0.06447217164735675,25.06473595628001,0.02326631406584311,17.29499876123342,21.421919618927042,18.896859748542216,323679813.0,9613822.3,1108.8957018427773,1029.9741889516715,1149.9788617561794,812.1484651209591
2024-02-28,1075.6499533390715,1083.2375839304461,1062.3216627406925,1072.455078125,7643191,1070.5781188964843,1086.8905786132811,1010.8312377929688,1076.8863657945517,48.57798383292227,0.7578054809816877,-1.3556602600130643,2.113465740994752,1105.0348446733408,1070.5781188964843,1036.1213931196278,0.06437031575495551,24.768392044385266,0.023095039176548506,16.071980840812515,20.129779731006913,20.060352132116723,316036622.0,9469813.9,1108.8957018427773,1029.9741889516715,1149.9788617561794,812.1484651209591
2024-02-29,1069.2602002970518,1080.5418926157515,1053.635598766114,1073.353515625,13648997,1070.1213623046874,1086.1667553710938,1011.7300915527344,1076.549903873642,48.85128058384195,0.3359604638376368,-1.017336115242924,1.353296579080561,1104.1742604513663,1070.1213623046874,1036.0684641580085,0.06364305834123378,24.921099316188993,0.023217978935558575,15.361702706518617,18.577401042630918,21.002917374557363,329685619.0,9221953.95,1108.8957018427773,1029.9741889516715,1149.9788617561794,812.1484651209591
2024-03-01,1074.2522427400784,1099.9104492314327,1074.2522427400784,1097.4644775390625,4819390,1071.7287475585938,1085.7474389648437,1012.6761941528321,1078.5417680322535,55.6617257841556,1.925008076441145,-0.4288672769061103,2.3538753533472554,1107.7034261006033,1071.7287475585938,1035.7540690165843,0.06713392474347661,25.037944622634974,0.02281435539378885,14.821475367827697,22.69542749423948,19.41169512978301,334505009.0,9416569.7,1108.8957018427773,1029.9741889516715,1149.9788617561794,812.1484651209591
2024-03-04,1097.4643317550683,1107.098680260867,1091.3242977010711,1104.9521484375,5895441,1073.9875732421874,1085.6775512695312,1013.6340533447266,1081.0570423565628,57.551958556690025,3.745358065946675,0.40597779166444686,3.3393802742822283,1112.2753234298036,1073.9875732421874,1035.6998230545712,0.07130017356165853,24.376261618146465,0.02206092060422404,14.648032138318014,23.752711224215837,18.514430200753587,340400450.0,9224168.45,1108.8957018427773,1029.9741889516715,1149.9788617561794,812.1484651209591
2024-03-05,1100.4095913012502,1109.0955325685745,1092.7221475547015,1099.011962890625,4851446,1076.5209594726562,1085.7853784179688,1014.5522378540039,1082.7670347883782,55.52941650552663,4.655015101666777,1.255785253664913,3.399229848001864,1114.389251236743,1076.5209594726562,1038.6526677085694,0.07035309704074293,23.80462757498408,0.021660025894871125,14.578898803234127,23.184913295518932,17.60481146310472,335549004.0,8890467.8,1109.0955325685745,1029.9741889516715,1149.9788617561794,812.1484651209591
2024-03-06,1098.4128425272306,1130.1112694478036,1093.5707449940842,1123.172607421875,13787638,1079.31142578125,1086.5181860351563,1015.6061859130859,1086.615184562997,61.46171534807554,7.242005618166331,2.453029326565197,4.788976291601134,1121.9888595073078,1079.31142578125,1036.633992055192,0.07908270533718513,24.71433449489375,0.02200403956754511,15.394719448994321,26.810295725616047,15.7455982432753,349336642.0,8732481.55,1130.1112694478036,1029.9741889516715,1149.9788617561794,812.1484651209591
2024-03-07,1124.1709452324976,1125.0695076625943,1105.75096383962,1109.64453125,6943879,1083.0827880859374,1086.8616284179689,1016.5929925537109,1088.808455676045,56.88591420519771,8.107157289824954,3.5838549192171483,4.523302370607806,1122.348470413428,1083.0827880859374,1043.8171057584468,0.07250725938851325,24.32892087547093,0.021924968032839057,16.15226719148593,25.289660277749284,14.852534060707695,342392763.0,9057773.8,1130.1112694478036,1032.869534050738,1149.9788617561794,812.1484651209591
2024-03-11,1110.4433420755754,1118.1807535398016,1100.1101782364663,1103.304931640625,6751641,1085.763427734375,1086.836669921875,1017.5014749145507,1090.1890724345765,54.82595260277193,8.186870370976976,4.504458009569114,3.682412361407862,1122.8019268572477,1085.763427734375,1048.7249286115023,0.06822572611449934,23.88189619174696,0.02164578033403182,16.472847051654526,23.922818852358006,15.736900081706436,335641122.0,8911510.7,1130.1112694478036,1033.6682164788338,1149.9788617561794,812.1484651209591
2024-03-12,1103.2050222642006,1119.5784062450598,1082.488728859692,1095.218017578125,9817138,1088.2743408203125,1086.6200244140625,1018.4019366455078,1090.668019591105,52.22781629213102,7.510916017936779,5.105749611242647,2.405166406694132,1120.4018079481566,1088.2743408203125,1056.1468736924685,0.05904295621566749,24.82530913414845,0.022667002127161034,15.691692778177126,21.369866515957188,19.1276459193315,325823984.0,8837420.05,1130.1112694478036,1043.1029424564933,1149.9788617561794,812.1484651209591
2024-03-13,1094.2196544723279,1097.7639365910056,1069.0106706443842,1078.64501953125,11503890,1088.7560546875,1086.1827368164063,1019.2265145874023,1089.5229719663569,47.282654232165974,5.573665144802135,5.199332717954545,0.37433242684759005,1119.990226203513,1088.7560546875,1057.521883171487,0.057375885776319295,25.105877477896524,0.023275384415909935,14.880092361190407,19.62168892083859,21.3975285456546,314320094.0,8893558.0,1130.1112694478036,1053.635598766114,1149.9788617561794,812.1484651209591
2024-03-14,1073.253797589254,1079.4936452496568,1053.8852860769593,1056.531005859375,10253613,1086.8291931152344,1085.3950219726562,1019.9327932739258,1086.3808799561682,41.619863756687195,2.2282775849623704,4.60512169135611,-2.3768441063937393,1120.8944879581309,1086.8291931152344,1052.7638982723379,0.0626874858693359,25.141769027525157,0.023796527397769093,14.820151178400405,18.194129249379234,24.137939360142205,304066481.0,9048072.05,1130.1112694478036,1053.635598766114,1149.9788617561794,812.1484651209591
2024-03-15,1054.5341700624665,1054.5341700624665,1028.5764058763134,1044.7001953125,17798175,1085.5412841796874,1084.4595434570313,1020.5632122802734,1082.4112909424855,38.933390739365166,-1.3619143939786227,3.4117144742891634,-4.773628868267786,1123.6880956146385,1085.5412841796874,1047.3944727447363,0.07028164104099936,25.34268552434919,0.024258333288401903,15.713941621319957,16.76060881683288,29.369433583179635,286268306.0,8730296.95,1130.1112694478036,1028.5764058763134,1149.9788617561794,812.1484651209591
2024-03-18,1042.3040632559666,1065.1668874853135,1041.904688665757,1059.6258544921875,7612407,1085.1718811035157,1083.715751953125,1021.2388372802734,1080.2412493757904,43.85697465469956,-2.9685716008207237,2.135657259267186,-5.104228860087909,1124.1629392205145,1085.1718811035157,1046.180822986517,0.07186153418820374,25.19407933114971,0.023776391661586682,15.949173907386903,18.669739696353677,27.432477357842018,293880713.0,9031164.55,1130.1112694478036,1028.5764058763134,1149.9788617561794,812.1484651209591
2024-03-19,1053.835423795538,1059.2265545914659,1044.9997021501642,1049.0931396484375,6728886,1084.5653747558595,1082.2661108398438,1021.8475863647461,1077.2747627350902,41.32487619839435,-5.033735307667712,0.7017787458802067,-5.735514053547918,1125.3631578202371,1084.5653747558595,1043.7675916914818,0.07523342347815855,24.439227403354963,0.02329557451071009,16.16760388730621,17.871647898868815,26.259797099838263,287151827.0,8978739.55,1130.1112694478036,1028.5764058763134,1149.9788617561794,812.1484651209591
2024-03-20,1048.294318808136,1055.7321678451594,1029.2752159895256,1033.069091796875,12619644,1081.87724609375,1080.2254321289063,1022.3380661010742,1073.0646988362125,37.75364928562413,-7.872648179451289,-1.0131066391860926,-6.859541540265196,1128.405744646149,1081.87724609375,1035.348747541351,0.08601437680734268,24.58335057851774,0.023796424434457276,16.953813310520257,16.497810621332356,28.80999704004178,274532183.0,8937051.6,1130.1112694478036,1028.5764058763134,1149.9788617561794,812.1484651209591
2024-03-21,1037.6616330283487,1048.8435126295615,1026.4798752991549,1033.917724609375,9903738,1079.451190185547,1078.5002368164062,1022.9454907226562,1069.3364155765137,38.05894223328585,-9.939453673105618,-2.798376045969998,-7.14107762713562,1130.4543101930287,1079.451190185547,1028.448070178065,0.0944982422016041,24.42479963222409,0.023623542812801702,17.78238577936599,15.418839777188346,27.743276032386472,284435921.0,9131893.8,1130.1112694478036,1026.4798752991549,1149.9788617561794,812.1484651209591
2024-03-22,1038.4104631578375,1045.5488732507845,1028.2769261899778,1031.62158203125,9891194,1076.0766845703124,1076.8379418945312,1023.5172485351562,1065.744526667441,37.522700416008114,-11.628643668119821,-4.564429570399962,-7.064214097719859,1130.2615191318187,1076.0766845703124,1021.8918500088062,0.10070812859056186,23.913881591408565,0.023180865937607112,18.551774500437023,14.62338611881035,26.31200813322833,274544727.0,9168220.05,1130.1112694478036,1026.4798752991549,1149.9788617561794,812.1484651209591
2024-03-26,1027.3284547052351,1042.5037145196154,1025.8308913601838,1038.8597412109375,9656767,1073.26875,1075.5111010742187,1024.0932818603515,1063.184070909679,40.37469401421077,-12.242159955656234,-6.099975647451217,-6.142184308205017,1129.0336181612527,1073.26875,1017.5038818387472,0.10391594493225058,23.396663131981636,0.02252148408861193,19.362446284440804,13.879039648254604,25.719457286796665,284201494.0,8931112.75,1130.1112694478036,1025.8308913601838,1149.9788617561794,812.1484651209591
2024-03-27,1044.1012953535724,1055.8322091493326,1042.5537643593636,1051.1397705078125,17027308,1071.6538818359375,1074.0554711914062,1024.607292175293,1062.0369946809296,44.96480086169816,-11.603719838668667,-7.200724485694707,-4.40299535297396,1128.0147589156056,1071.6538818359375,1015.2930047562692,0.10518485125647438,22.937792046725455,0.021821828733246444,19.1907114576605,17.296007921433176,24.360120248777054,301228802.0,9101403.95,1130.1112694478036,1025.8308913601838,1149.9788617561794,820.8255224030504
2024-03-28,1051.139625270263,1056.6806580676282,1042.4038396081166,1045.498779296875,10235318,1070.0639587402343,1072.5948461914063,1025.0065768432617,1060.4619265491149,43.315220757273174,-11.421274945164214,-8.04483457758861,-3.3764403675756043,1127.482469868155,1070.0639587402343,1012.6454476123135,0.10731790498862974,22.319151076210176,0.021347849962312135,18.974567564420727,16.77727635964074,23.247094638566708,290993484.0,9685059.9,1130.1112694478036,1025.8308913601838,1149.9788617561794,823.3688023651356
2024-04-01,1050.6405005534539,1062.022006359109,1047.196153605961,1051.3892822265625,5484556,1069.0106689453125,1071.2690014648438,1025.3926766967772,1059.5978651850621,45.56112638272262,-10.678279140247923,-8.571523490120473,-2.1067556501274503,1126.985257868171,1069.0106689453125,1011.036080022454,0.10846400434909835,21.9051565037833,0.0208344871629222,18.409006002686183,17.61504414513748,21.99456169147619,296478040.0,9869485.05,1130.1112694478036,1025.8308913601838,1149.9788617561794,823.867434765989
2024-04-02,1049.2926549618112,1054.1347517829988,1038.510150767158,1045.498779296875,13617893,1067.6179321289062,1069.8333349609375,1025.8223809814453,1058.255095100473,43.69664595152688,-10.444367798704661,-8.946092351837311,-1.4982754468673498,1126.4404093372552,1067.6179321289062,1008.7954549205573,0.11019387261705649,21.4565453975017,0.020522783787401244,18.33809324391187,16.69881345140826,23.742093815482537,282860147.0,9761553.3,1130.1112694478036,1025.8308913601838,1149.9788617561794,823.867434765989
2024-04-03,1042.1044710178305,1068.5614236812999,1042.054503490413,1061.5228271484375,11573590,1065.820849609375,1069.4529516601563,1026.2691223144532,1058.5663076764695,49.724023945214654,-8.86380816918063,-8.929635515305975,0.0658273461253458,1123.0609807147384,1065.820849609375,1008.5807185040117,0.10741041728793724,21.817286454172066,0.02055281892786019,17.321258142886176,19.97286561344605,21.681703415376536,294433737.0,9759998.1,1130.1112694478036,1025.8308913601838,1149.9788617561794,823.867434765989
2024-04-04,1068.261863140219,1078.9444330228139,1057.429512547266,1061.2232666015625,17964844,1063.6344055175782,1068.7630712890625,1026.7171087646484,1058.8193513836213,49.61708829834782,-7.548362484042855,-8.653380909053352,1.1050184250104973,1117.9969505481458,1063.6344055175782,1009.2718604870105,0.10222035832719074,21.795688884270334,0.020538268967724725,16.39170842428665,21.967317432534642,20.15296031906603,276468893.0,10097708.1,1130.1112694478036,1025.8308913601838,1149.9788617561794,823.867434765989
2024-04-05,1059.376267693954,1061.273205606129,1046.3973855934087,1057.3795166015625,9210187,1061.552783203125,1067.6159350585938,1027.087780456543,1058.6822242615206,48.18514889157604,-6.738345351994212,-8.270373797641524,1.5320284456473114,1113.4706424645976,1061.552783203125,1009.6349239416525,0.0978149369168735,21.301412536302482,0.020145474923484067,15.543630515997055,20.871542144890586,22.847016686007507,267258706.0,10701178.25,1130.1112694478036,1025.8308913601838,1149.9788617561794,823.867434765989
2024-04-08,1065.2667760030004,1077.696503600243,1061.8224288968793,1074.3021240234375,4967186,1059.1092590332032,1067.3523657226563,1027.5837072753907,1060.1698337626556,54.421748417079826,-4.676974695202489,-7.551693977153716,2.8747192819512275,1103.207892342396,1059.1092590332032,1015.0106257240103,0.08327494624954525,21.23109642647234,0.019762686819382248,15.00239981541587,24.97025701555347,21.285350010041327,272225892.0,10919115.3,1125.0695076625943,1025.8308913601838,1149.9788617561794,823.867434765989
2024-04-09,1088.229361074942,1088.229361074942,1069.6096324949904,1078.24560546875,11385226,1057.5393127441407,1067.7686865234375,1028.102094116211,1061.8913358299026,55.75811148648684,-2.6940621314781765,-6.580167608018609,3.8861054765404326,1096.234373639707,1057.5393127441407,1018.8442518485745,0.07317942780804798,21.044570151720865,0.01951741796580017,15.000849061175469,26.967196758974843,19.940152524558588,283611118.0,10478092.7,1119.5784062450598,1025.8308913601838,1149.9788617561794,827.8070334290995
2024-04-10,1084.4355825167183,1091.224585687004,1078.245702234185,1086.0330810546875,9064074,1056.6757202148438,1068.6782080078126,1028.6374768066407,1064.1905496608344,58.35487586357299,-0.4885734706340372,-5.3618487805416954,4.873275309907658,1091.8581755213786,1056.6757202148438,1021.4932649083089,0.06659082750454706,20.468456585044663,0.018846991810937266,15.137916989379692,26.791022361553193,19.037010783753967,292675192.0,10700160.05,1119.5784062450598,1025.8308913601838,1149.9788617561794,841.7201648732404
2024-04-12,1077.7465202937283,1094.619093248925,1069.3601404117105,1071.706298828125,18045983,1055.5001342773437,1068.9218115234376,1029.1805151367187,1064.9063352958146,52.27581684002294,0.10206406005272584,-4.269066212422811,4.371130272475537,1086.8108205312828,1055.5001342773437,1024.1894480234046,0.0593286258089891,20.810634888771084,0.019418225787724508,14.697989741532467,24.468332290868055,20.43636818950263,274629209.0,10815781.7,1097.7639365910056,1025.8308913601838,1149.9788617561794,841.7201648732404
2024-04-15,1061.3731041634073,1069.2602959872042,1053.5358798697455,1056.2314453125,8889435,1054.3794555664062,1068.9986865234375,1029.6003012084961,1064.0801552974037,46.6258193154962,-0.6708101101435204,-3.5494149919669535,2.878604881823433,1083.8464746060504,1054.3794555664062,1024.9124365267621,0.05589452427980897,20.62204803660026,0.019524175433442956,13.903879115585784,22.928372146723728,24.63121509751683,265739774.0,11227223.95,1094.619093248925,1025.8308913601838,1149.9788617561794,841.7201648732404
2024-04-16,1048.244500543211,1056.131692820286,1042.6536210878774,1050.19140625,7107881,1054.0624755859376,1068.6822021484375,1030.0340197753906,1062.7574172928892,44.5996454017335,-1.7505202244267366,-3.1896360384589104,1.4391158140321738,1083.56646554549,1054.0624755859376,1024.5584856263852,0.055981482393919015,20.118889192887572,0.019157354624265734,13.708083548955532,21.82309454352837,27.307405055574243,258631893.0,11096501.2,1094.619093248925,1025.8308913601838,1149.9788617561794,841.7201648732404
2024-04-18,1042.453901492634,1049.6921245535996,1012.2030722269628,1022.3366088867188,17832438,1052.9442962646485,1067.479161376953,1030.3254727172853,1058.9078164923014,36.682717588140356,-4.798533121013861,-3.511415454969901,-1.2871176660439603,1085.336576035217,1052.9442962646485,1020.5520164940801,0.061527053017868046,21.395278109326828,0.020927821544633306,14.741910414895342,19.055384368348307,34.01012586580865,240799455.0,10939214.6,1094.619093248925,1012.2030722269628,1149.9788617561794,841.7201648732404
2024-04-19,1013.3512726046858,1035.2655691107254,994.082634977829,1027.4283447265625,21598007,1051.334420776367,1066.7213928222657,1030.6832754516602,1055.909771562231,38.820586789377266,-6.72571491748613,-4.154275347473147,-2.5714395700129824,1085.39579339834,1051.334420776367,1017.2730481543941,0.06479645667231172,22.80868211101037,0.02219977892188737,16.262825858989398,16.59780942417547,35.29850415441678,262397462.0,10940927.75,1094.619093248925,994.082634977829,1149.9788617561794,841.8198503806001
2024-04-22,1037.3122485654899,1056.780572768596,1030.323619364375,1052.2379150390625,9410832,1051.4916595458985,1066.5706384277344,1031.1544046020508,1055.5600709409769,48.02851729499984,-6.17985783945187,-4.559391845868892,-1.620465993582978,1085.5392262860926,1051.4916595458985,1017.4440928057044,0.06476050747734513,23.276078248940586,0.022120546994428062,16.483182522923382,21.705191901247765,32.11899902226843,271808294.0,11640207.75,1094.619093248925,994.082634977829,1149.9788617561794,842.76737332389
2024-04-23,1056.2813792679226,1058.527724356158,1047.046405016289,1054.0350341796875,8300012,1052.539956665039,1066.6844543457032,1031.571187133789,1055.4148293446635,48.63162498180587,-5.538406375763088,-4.755194751847731,-0.7832116239153573,1085.5286917717397,1052.539956665039,1019.5512215583382,0.06268405279591509,22.433595469721176,0.021283538727135697,16.59731949202364,21.46801865653062,30.944840110376894,280108306.0,11774305.05,1094.619093248925,994.082634977829,1149.9788617561794,842.76737332389
2024-04-24,1054.2846042499411,1067.2135191612067,1054.2846042499411,1061.5228271484375,5641163,1053.9202117919922,1066.567645263672,1032.0007241821288,1055.9965434212136,51.174016318114155,-4.3754121274939735,-4.679238226976979,0.30382609948300576,1085.9735597318793,1053.9202117919922,1021.8668638521052,0.06082689672567598,21.77251614913532,0.020510643381662082,16.24980173048012,23.389390913991065,29.606960386046715,285749469.0,11558323.45,1094.619093248925,994.082634977829,1149.9788617561794,851.3945243829124
2024-04-25,1098.2131700761147,1132.1079732582912,1084.3357247343847,1125.1693115234375,46136295,1058.5975982666016,1068.3866857910157,1032.7023657226562,1062.584426097616,66.39772655292678,1.6628403775887364,-3.410822506063836,5.073662883652572,1101.6759733739684,1058.5975982666016,1015.5192231592348,0.08138763053667494,25.259132574900917,0.02244918370614018,16.66115470124696,37.07185894320299,23.697325189122427,331885764.0,11345194.7,1132.1079732582912,994.082634977829,1149.9788617561794,851.3945243829124
2024-04-26,1128.1644278290491,1139.495966512928,1121.1757986301081,1128.4639892578125,10133766,1063.0778106689454,1069.9621228027345,1033.4471603393554,1068.8586702081109,66.97181319838197,6.63753853698995,-1.401150297453079,8.038688834443029,1114.7866407370097,1063.0778106689454,1011.3689806008811,0.0972813646360023,24.763492239752264,0.021944423991800695,17.24201417204927,37.24387670143757,22.445081501302525,342019530.0,13157449.75,1139.495966512928,994.082634977829,1149.9788617561794,851.3945243829124
2024-04-29,1128.4640177624838,1162.1092275784451,1123.472139637147,1157.366943359375,15183242,1068.3891693115233,1072.2094665527343,1034.3933187866212,1077.2880295558502,71.56192217672107,12.765101370411912,1.4321000361199194,11.333001334291993,1134.0439157706528,1068.3891693115233,1002.734422852394,0.12290417826200489,25.754463361291258,0.022252634317113218,18.34700325915443,39.524566447819744,20.039915631466087,357202772.0,13181299.7,1162.1092275784451,994.082634977829,1162.1092275784451,851.3945243829124
2024-04-30,1158.2655654461603,1180.9786120861486,1153.2736870637452,1164.0062255859375,18965164,1074.3145416259765,1074.109376220703,1035.3936181640624,1085.5469053682395,72.50711867140993,17.950056572842414,4.735691343464419,13.214365229377995,1151.0858636379453,1074.3145416259765,997.5432196140079,0.14292149838309964,25.893782051370692,0.022245398248051707,19.788517972309762,41.70907683176173,18.508372104575052,376167936.0,13089096.4,1180.9786120861486,994.082634977829,1180.9786120861486,851.3945243829124
2024-05-02,1154.1222121474534,1172.0929732362545,1146.1352072190973,1147.982177734375,12302236,1079.1441864013673,1075.1676550292968,1036.2417379760743,1091.493121784062,66.74140592983437,20.529512739604115,7.894455622692358,12.635057116911756,1161.4898276162694,1079.1441864013673,996.7985451864652,0.1526128616593876,25.898352334641153,0.022559890594951053,20.790459995474286,38.72302239864318,19.152130631316613,363865700.0,13525588.7,1180.9786120861486,994.082634977829,1180.9786120861486,851.3945243829124
2024-05-03,1149.0305070050233,1161.3604213398796,1132.257748109204,1139.645751953125,9993632,1083.8515350341797,1076.5514025878906,1037.0643994140626,1096.079086562068,63.89478206869153,21.651485597228202,10.645861617599527,11.005623979628675,1168.6916983148299,1083.8515350341797,999.0113717535296,0.1565531081302102,26.12723239864362,0.022925748947746936,21.08535357632736,35.64210051886111,21.422251648797925,353872068.0,13866472.7,1180.9786120861486,994.082634977829,1180.9786120861486,851.3945243829124
2024-05-06,1142.0418302187284,1154.1221501495231,1133.8052318288203,1141.792236328125,7490104,1087.865005493164,1078.0469689941406,1037.9609408569336,1100.432719873121,64.31680014508936,22.45501310707914,13.00769191549545,9.44732119158369,1175.643888256072,1087.865005493164,1000.0861227302562,0.1613782635155451,25.712209964504993,0.02251916692584332,21.359183329976645,33.630444672365186,20.21317033352565,361362172.0,13685259.65,1180.9786120861486,994.082634977829,1180.9786120861486,851.3945243829124
2024-05-07,1144.1884546124293,1146.9339876311676,1122.2241904625234,1125.8681640625,7115509,1091.097250366211,1079.3398669433593,1038.8320233154298,1102.8551431292524,58.82361907025449,21.55836350406821,14.717826233210001,6.84053727085821,1179.4727797476103,1091.097250366211,1002.7217209848119,0.16199386324498063,25.640609050514936,0.02277407770195335,21.07400825667907,31.315474404168793,22.047985222715724,354246663.0,13481085.35,1180.9786120861486,994.082634977829,1180.9786120861486,851.3945243829124
2024-05-08,1122.8231479726346,1133.6055313779955,1116.4335197294456,1126.816650390625,8175609,1094.569107055664,1080.1395666503906,1039.7238223266602,1105.1371914398592,59.04797445210308,20.685843624704376,15.911429711508877,4.774413913195499,1182.8290471844125,1094.569107055664,1006.3091669269157,0.1612688309213535,25.03570923608886,0.022218085992437117,20.544890680357646,29.78123817104266,22.61990777526402,362422272.0,12938618.6,1180.9786120861486,994.082634977829,1180.9786120861486,851.3945243829124
2024-05-09,1120.177429274663,1132.7070918714192,1110.3932995927955,1113.8377685546875,5226693,1096.5458892822267,1080.7675451660157,1040.5000592041015,1105.9658178317475,54.659207348643314,18.731156921769525,16.475375153561007,2.255781768208518,1184.672460204919,1096.5458892822267,1008.4193183595344,0.1607348525657743,24.841286596269914,0.022302427963547953,19.77585341150471,27.870443529763474,22.90539474304523,357195579.0,12886889.7,1180.9786120861486,994.082634977829,1180.9786120861486,851.7934616311052
2024-05-10,1121.8746454678296,1138.1482169680246,1111.5414820829196,1118.280517578125,7242718,1098.5476348876953,1081.1509216308593,1041.3139849853515,1107.1386463790216,55.868375310683355,17.340654077501995,16.648430938349204,0.6922231391527909,1186.7392631560162,1098.5476348876953,1010.3560066193744,0.160560408065212,24.967390045472417,0.02232658948538657,19.268723193110283,27.305623944506213,21.161869734003638,364438297.0,12899865.05,1180.9786120861486,994.082634977829,1180.9786120861486,851.7934616311052
2024-05-13,1118.280560072801,1133.5557565245344,1103.255079409812,1130.1612548828125,5513160,1100.7540435791016,1081.853778076172,1042.1483779907226,1109.3312757603348,59.01603513262758,17.001365604703324,16.71901787162003,0.2823477330832951,1189.7869123505554,1100.7540435791016,1011.7211748076476,0.1617670528503599,25.34833912184742,0.022428957825558985,18.3950916959988,24.974169714531463,21.6900003781456,369951457.0,12692739.65,1180.9786120861486,994.082634977829,1180.9786120861486,855.2343018348607
2024-05-14,1128.114566096159,1134.2546009854527,1116.2838385028565,1121.026123046875,5471143,1103.220034790039,1082.6055578613282,1042.9430850219726,1110.4450707400053,55.724917408759694,15.813065080929164,16.537827313481856,-0.7247622325526919,1191.6279779695478,1103.220034790039,1014.8120916105304,0.16027254834314933,24.821369361900906,0.022141651163701755,17.613903341187566,23.883748621194734,20.568311817431432,364480314.0,12515193.95,1180.9786120861486,994.082634977829,1180.9786120861486,860.4704825748612
2024-05-15,1123.721712351589,1129.3624370292239,1116.7829287650115,1126.2176513671875,5436338,1106.7193450927734,1083.583966064453,1043.7605053710938,1111.9472212759274,57.18616110413315,15.115993538499424,16.253460558485372,-1.137467019985948,1192.9236158238698,1106.7193450927734,1020.5150743616772,0.155783435273502,23.94695071206601,0.02126316408111281,16.888514154577134,22.987583782347404,19.796548634960455,369916652.0,11886451.95,1180.9786120861486,994.082634977829,1180.9786120861486,863.01374805145
2024-05-16,1132.3078037555497,1142.0918123128274,1109.4949438034919,1137.449462890625,10750526,1111.0822479248047,1084.8838537597655,1044.5661950683593,1114.376006191613,60.243284909871925,15.293577795861438,16.061484005960587,-0.7679062100991487,1194.1775129030493,1111.0822479248047,1027.9869829465601,0.14957536246023845,24.564801983299546,0.02159638980431929,16.791570249694963,24.510128934599397,17.920154535935634,380667178.0,11713797.1,1180.9786120861486,994.082634977829,1180.9786120861486,875.2313612286815
2024-05-17,1130.1611841531799,1144.1384426144384,1124.2707437129595,1139.4959716796875,9909986,1116.9402160644531,1086.2067028808594,1045.4150637817384,1116.7683838571438,60.79262976375782,15.42167923655893,15.933523052080256,-0.5118438155213259,1190.1103612657053,1116.9402160644531,1043.770070863201,0.13101891067915464,24.229294620312356,0.021263168297643808,16.7913276561527,23.67791075770796,16.87056253180775,390577164.0,11895929.35,1180.9786120861486,994.082634977829,1180.9786120861486,875.2313612286815
2024-05-21,1134.1546578731836,1143.8888197695424,1127.3656551864028,1135.802001953125,8162017,1122.3588989257812,1086.9734533691405,1046.244464416504,1118.5811093900943,59.20247700880152,15.05162233314536,15.757142908293277,-0.7055205751479168,1183.2284317337924,1122.3588989257812,1061.48936611777,0.108467145164118,23.678856760514297,0.02084769767952173,16.791102390720596,22.497731867704342,16.029682524856796,382415147.0,11499806.75,1180.9786120861486,1030.323619364375,1180.9786120861486,886.6511145498288
2024-05-22,1140.1450314564138,1140.1450314564138,1116.1340475004847,1124.1710205078125,9094033,1125.9555541992188,1087.3578308105468,1047.0606369018556,1119.113481877496,54.37934037514415,13.662335671492883,15.3381814609332,-1.6758457894403165,1177.633621000514,1125.9555541992188,1074.2774873979236,0.091794150503656,23.702580131615353,0.021084496663958105,16.06921742668736,20.869841944447437,18.25449251410501,373321114.0,10828007.25,1180.9786120861486,1047.046405016289,1180.9786120861486,891.637924838255
2024-05-23,1124.1709351031163,1167.7500547859142,1123.9213412010063,1163.357177734375,12818081,1131.4216613769531,1088.6447351074219,1048.0013565063477,1123.3271671971988,64.78775158020399,15.544128343012517,15.379370837349065,0.16475750566345226,1173.8053059375902,1131.4216613769531,1089.038016816316,0.07492104138974273,25.140161092564824,0.021610010729056578,16.640780335357167,26.114165675276823,15.981320001995988,386139195.0,10812167.3,1180.9786120861486,1054.2846042499411,1180.9786120861486,906.5483810984672
2024-05-24,1163.606703334204,1175.0880221573213,1158.714638765603,1172.0928955078125,8814997,1136.9501647949219,1089.6231408691406,1049.0701171875,1127.9715222744,66.61630593441984,17.53819264202116,15.811135198283484,1.7270574437376744,1169.009116398442,1136.9501647949219,1104.8912131914017,0.056394647006015174,24.513962685361502,0.020914692665840926,17.44614264044961,27.006425365673632,15.218873243279774,394954192.0,11038070.75,1180.9786120861486,1084.3357247343847,1180.9786120861486,906.5483810984672
2024-05-27,1176.9849597666077,1194.0571572899114,1166.1026419018533,1185.07177734375,10450046,1139.9452880859376,1091.1316857910156,1050.2534414672853,1133.4096418048143,69.17729777615826,19.935980684942933,16.636104295615375,3.299876389327558,1177.724562058612,1139.9452880859376,1102.1660141132631,0.06628260911733574,24.75971644983983,0.020893009962094353,18.83012465028253,30.30083760209609,13.991544895725356,405404238.0,11196762.45,1194.0571572899114,1103.255079409812,1194.0571572899114,906.5483810984672
2024-05-28,1186.0701643307336,1190.463041165621,1177.0847842979251,1181.4776611328125,4018776,1142.5959716796874,1092.6951403808594,1051.3990771484375,1137.987548407481,67.63007380678354,21.30068876231462,17.569021188955226,3.7316675733593954,1184.042233338256,1142.5959716796874,1101.1497100211188,0.07254753681240445,23.94675505111526,0.020268478904759718,20.115250802270243,29.091689616784823,13.433215500867698,401385462.0,9412450.0,1194.0571572899114,1103.255079409812,1194.0571572899114,906.5483810984672
2024-05-29,1170.0961898274143,1183.9736348832184,1154.122180409975,1157.8660888671875,9418064,1142.6209289550782,1093.9481018066406,1052.3967037963866,1139.8807427369768,58.39054919573168,20.24361737425329,18.10394042601484,2.1396769482384492,1184.1033238825619,1142.6209289550782,1101.1385340275945,0.0726091985124396,24.368519295552986,0.0210460601012974,19.86397850199824,26.546165211733317,18.988566135415557,391967398.0,9106700.5,1194.0571572899114,1103.255079409812,1194.0571572899114,906.5483810984672
2024-05-30,1153.3234454629503,1177.8835827438165,1153.1238190915699,1166.052734375,7232217,1142.7232543945313,1095.6962561035157,1053.5083947753906,1142.3733133691696,60.41012278020638,19.83779678452356,18.450711697716585,1.3870850868069766,1184.4256635046409,1142.7232543945313,1101.0208452844217,0.07298776663507292,24.396465321031105,0.020922265864851748,19.573409161846325,24.62177409351494,17.904345025939048,399199615.0,8818441.6,1194.0571572899114,1103.255079409812,1194.0571572899114,907.7950850275552
2024-05-31,1171.094557721878,1176.086435632031,1151.5264206884824,1160.26220703125,10057642,1143.337255859375,1097.7708801269532,1054.6395541381835,1144.077017527463,58.25631222023978,18.83185201261813,18.526939760696894,0.30491225192123395,1185.6878715735695,1143.337255859375,1100.9866401451807,0.07408245554346449,24.408147436925212,0.021036751252441522,19.206780509061307,22.85213332313553,17.084972426200405,389141973.0,8231794.25,1194.0571572899114,1103.255079409812,1194.0571572899114,907.7950850275552
2024-06-03,1195.1055059768719,1240.1820647541408,1191.461410829416,1221.911865234375,22197339,1147.4505615234375,1101.3151135253906,1055.9955975341798,1151.4898601662167,70.36901601431026,22.747032096273642,19.370958227812245,3.376073868461397,1201.8377468238018,1147.4505615234375,1093.0633762230732,0.09479656400735206,28.37326960020847,0.023220389626682436,20.91914488487977,34.39021560203757,13.64756062291583,411339312.0,8119564.55,1240.1820647541408,1103.255079409812,1240.1820647541408,907.7950850275552
2024-06-04,1222.0116868093924,1222.0116868093924,1099.7606480992038,1129.412353515625,24135989,1146.8315673828124,1102.7108435058594,1056.913353881836,1149.387240485208,47.907212073706695,18.17637701506328,19.132041985262454,-0.9556649701991731,1201.7415425306406,1146.8315673828124,1091.9215922349842,0.09575944142022245,35.07882453663562,0.03105935969926534,19.82845753371023,25.829414861844985,28.92264448272608,387203323.0,8729749.9,1240.1820647541408,1099.7606480992038,1240.1820647541408,907.7951228373205
2024-06-05,1136.151461174942,1191.0621205463144,1108.8957578654326,1182.575927734375,21039499,1149.6669555664062,1105.3804992675782,1058.0694729614258,1152.5480678422714,56.50128435854072,18.629210128259274,19.03147561386182,-0.4022654856025447,1205.7970425943356,1149.6669555664062,1093.5368685384767,0.09764582126356038,38.44222011836749,0.03250718978528219,18.81567642190994,21.886003048259173,24.506985105873373,408242822.0,9562044.15,1240.1820647541408,1099.7606480992038,1240.1820647541408,907.7951228373205
2024-06-06,1190.163519723218,1193.9573957244136,1161.3604082472602,1169.0478515625,12006879,1151.778515625,1108.1000744628907,1059.1724279785155,1154.1194758156264,54.057386780562155,17.692532443938717,18.7636869798772,-1.0711545359384829,1207.4871187562558,1151.778515625,1096.0699124937441,0.09673492320878403,38.02470350113791,0.03252621648490752,17.7821613150159,21.08973451294005,23.006355603312844,396235943.0,10258243.65,1240.1820647541408,1099.7606480992038,1240.1820647541408,907.7951228373205
2024-06-07,1176.0865596559486,1193.2585727289375,1164.8548331736656,1184.872314453125,8583998,1155.3302429199218,1111.1191662597657,1060.405672302246,1157.0483175906263,56.43136254381799,18.01939417605695,18.614828419113152,-0.5954342430562036,1209.95742701585,1155.3302429199218,1100.7030588239936,0.09456548797314662,37.3374917907189,0.03151182733808067,16.82246871575715,19.94376395843874,21.756240004578956,404819941.0,10449807.15,1240.1820647541408,1099.7606480992038,1240.1820647541408,907.7951228373205
2024-06-10,1183.0750259399415,1210.430540365614,1183.0750259399415,1198.0506591796875,9995057,1159.31875,1114.4477478027343,1061.7175375366212,1160.9533025038702,58.361007328665295,19.121397173128344,18.716142169916193,0.4052550032121509,1214.1910276166632,1159.31875,1104.4464723833366,0.09466296929410185,36.6244934075013,0.03057007074523736,15.893283019208884,22.228778189536428,20.59551573448131,414814998.0,10617672.4,1240.1820647541408,1099.7606480992038,1240.1820647541408,907.7951228373205
2024-06-11,1202.4933987545712,1207.3854633903109,1188.5161408650388,1192.659423828125,9390212,1162.4436584472655,1117.5237414550782,1062.9887188720704,1163.9729331061803,57.244026607489175,19.336812118024227,18.8402761595378,0.49653595848642595,1217.4363383381924,1162.4436584472655,1107.4509785563387,0.09461564780590459,35.356266915913494,0.029644897956223847,15.030467729556921,21.381399651042937,19.810398447611284,405424786.0,10755289.35,1240.1820647541408,1099.7606480992038,1240.1820647541408,913.6296390581192
2024-06-12,1190.1635879654755,1204.1908145964906,1182.176582765644,1185.970458984375,7199718,1165.6908752441407,1120.2203552246094,1064.260899658203,1166.0679355707703,55.816639116671,18.751629342380966,18.822546796106433,-0.07091745372546754,1218.1278545131302,1165.6908752441407,1113.2538959751512,0.08996721237610641,34.40326440983728,0.0290085340230979,13.989032861242098,20.40413547721594,20.221167411475204,398225068.0,10949141.95,1240.1820647541408,1099.7606480992038,1240.1820647541408,917.8185571264956
2024-06-13,1199.8478657463297,1200.0474921210014,1171.5438194952746,1172.741943359375,5321148,1168.01708984375,1122.7652185058594,1065.4494659423829,1166.703555360161,53.00188839338328,17.02419282337405,18.46287600155996,-1.438683178185908,1217.2746591003408,1168.01708984375,1118.7595205871592,0.08434391874040166,33.981864996686525,0.028976421615265043,13.354317653727309,19.18164981588232,21.244609917558364,392903920.0,11035570.7,1240.1820647541408,1099.7606480992038,1240.1820647541408,925.1491370131882
2024-06-14,1179.031656735811,1182.7257197064316,1168.099492287571,1179.131591796875,4451031,1170.1011962890625,1125.3200646972657,1066.63753326416,1167.8871778779435,54.20321684417656,15.986495792689084,17.967599959785787,-1.981104167096703,1217.5012447868269,1170.1011962890625,1122.7011477912981,0.08101871641203696,32.59931945541325,0.02764688833901503,12.893195462370207,18.566923634120492,21.31845945371483,397354951.0,11029811.2,1240.1820647541408,1099.7606480992038,1240.1820647541408,925.6440155086992
2024-06-18,1192.060431511735,1192.060431511735,1179.2313298016113,1189.9638671875,6837181,1172.6245910644532,1128.2093664550782,1067.83208984375,1169.989719716949,56.24512055399848,15.855416146901234,17.545163197208876,-1.6897470503076413,1218.5904881750985,1172.6245910644532,1126.6586939538079,0.07839831683713819,31.19428518823088,0.026214481000972834,12.06540252521161,20.154719962570077,20.687338941961585,404192132.0,10714836.45,1240.1820647541408,1099.7606480992038,1240.1820647541408,925.6440155086992
2024-06-19,1191.0621069336512,1241.3302947001598,1183.5742898322244,1224.657470703125,17987437,1177.067364501953,1131.4720593261718,1069.177900390625,1175.1961721918228,62.07710282330582,18.339610822850545,17.70405272233721,0.6355581005133359,1225.0695962505376,1177.067364501953,1129.0651327533685,0.08156242063324136,33.09155087963835,0.02702106643798054,12.769468263283748,28.277057008359574,18.108307616364318,422179569.0,10561196.2,1241.3302947001598,1099.7606480992038,1241.3302947001598,925.6440155086992
2024-06-20,1228.1018171293836,1239.4833234915477,1218.4176224324674,1237.486572265625,8206858,1182.7331420898438,1134.997325439453,1070.477036743164,1181.1285912464707,63.98854802265981,21.100322892208624,18.383306756311494,2.717016135897129,1231.171779580093,1182.7331420898438,1134.2945045995946,0.08190966460052014,32.23256160674134,0.02604679705552608,13.423243591493593,26.95701647420232,17.262968582266005,430386427.0,11052467.2,1241.3302947001598,1099.7606480992038,1241.3302947001598,925.6440155086992
2024-06-21,1243.9761022531884,1243.9761022531884,1221.7622432843816,1235.43994140625,29311314,1186.3372802734375,1138.5585339355468,1071.7554571533203,1186.3011007854973,63.439201964820285,22.859550423382643,19.278555489725726,3.5809949336569176,1239.0142021047402,1186.3372802734375,1133.6603584421348,0.0888059790537161,31.516939989746017,0.025510701842674434,14.162344537049131,26.618102394385662,16.39387326492201,401075113.0,11008108.45,1243.9761022531884,1099.7606480992038,1243.9761022531884,925.6440155086992
2024-06-24,1229.000416277566,1233.7427005808306,1223.0601299517614,1226.1051025390625,6676530,1189.037890625,1141.5945935058594,1072.9784674072266,1190.0919580953607,60.87226496928576,23.232695383776218,20.069383468535825,3.163311915240392,1244.0051567623766,1189.037890625,1134.0706244876235,0.09245671070832542,30.150002237227632,0.02459006342506195,14.84865255792213,25.83741756977824,15.913055816524139,394398583.0,11832770.1,1243.9761022531884,1099.7606480992038,1243.9761022531884,925.6440155086992
2024-06-25,1232.4447453162752,1276.6728343883735,1224.0085200079343,1269.3846435546875,17607952,1193.2535339355468,1145.4173742675782,1074.3824328613282,1197.6436424248204,67.44864716134899,26.7127843610142,21.398063647031503,5.314720713982698,1258.355668177729,1193.2535339355468,1128.1513996933645,0.10911701895818353,31.758167390314174,0.025018553321537778,16.617522494878767,32.43257929180578,14.028163467471956,412006535.0,11725846.75,1276.6728343883735,1099.7606480992038,1276.6728343883735,925.6440155086992
2024-06-26,1279.0189479197,1290.8496743232877,1257.1544980568556,1283.31201171875,13956370,1198.3452514648438,1149.3629528808594,1075.9034582519532,1205.802534738528,69.24030648082444,30.24594572822275,23.167640063269754,7.078305664952996,1274.035126490285,1198.3452514648438,1122.6553764394027,0.12632398706953382,31.89652516717974,0.024854848139744652,18.556899220510317,33.160071249396495,12.969648162897649,425962905.0,12083742.05,1290.8496743232877,1099.7606480992038,1290.8496743232877,925.6440155086992
2024-06-27,1307.8720566322172,1307.8720566322172,1277.9207881597238,1286.856201171875,22311393,1204.7947570800782,1153.6659509277345,1077.4289761352538,1213.521931541704,69.69739354638332,32.952136320123145,25.124539314640433,7.827597005482712,1287.2671634553612,1204.7947570800782,1122.322350704795,0.13690698086230374,31.75757826041643,0.02467842034836247,20.685978305177834,34.75485827836268,12.0959367632452,448274298.0,12580621.75,1307.8720566322172,1099.7606480992038,1307.8720566322172,925.6440155086992
2024-06-28,1281.0156818707337,1287.8046845611411,1259.550606908322,1263.1947021484375,7167069,1209.65185546875,1157.8052160644531,1078.8853564453125,1218.252671599488,62.969806911861134,32.80932120569514,26.661495692851375,6.147825512843767,1293.8495635518225,1209.65185546875,1125.4541473856775,0.13920981925902173,31.507328217016628,0.0249425746984444,21.743796497938785,32.52869485140648,15.48575719361075,441107229.0,13225288.2,1307.8720566322172,1099.7606480992038,1307.8720566322172,925.6440155086992
2024-07-01,1270.9321647383285,1270.9321647383285,1254.4089994723001,1259.8502197265625,5797015,1214.6312561035156,1161.9983923339844,1080.2369076538087,1222.2143428496856,62.057981371456975,32.05673730511694,27.74054401530449,4.31619328981245,1298.3342070908755,1214.6312561035156,1130.9283051161558,0.13782446411905333,30.437030863374613,0.024159245588718202,22.47947484455892,31.267362413179654,16.091896235654534,435310214.0,13222030.8,1307.8720566322172,1099.7606480992038,1307.8720566322172,925.6440155086992
2024-07-02,1262.9451463709113,1265.7904924843779,1236.2385988093129,1251.364013671875,9945447,1216.1038635253906,1166.5789404296875,1081.5904553222656,1224.9905019756084,59.695908480272564,30.424824793975176,28.27740017103863,2.1474246229365477,1301.2905253649558,1216.1038635253906,1130.9172016858254,0.14009767486901273,30.373806778495354,0.02427255894099875,22.328905118190356,29.094414573444723,19.246621126214475,425364767.0,13008999.45,1307.8720566322172,1099.7606480992038,1307.8720566322172,925.6440155086992
2024-07-03,1257.9532642364502,1286.506782209,1241.579879914841,1277.9207763671875,15171347,1223.5292846679688,1171.5887890625,1083.0807803344726,1230.0314804890922,64.2781299927315,30.918027402889265,28.805525617408758,2.1125017854805073,1302.8854589702457,1223.5292846679688,1144.1731103656919,0.12971683685333607,31.413313601042752,0.024581581410972147,22.745950529661847,30.83277453245707,17.28045963127834,440536114.0,12396404.85,1307.8720566322172,1108.8957578654326,1307.8720566322172,925.6440155086992
2024-07-04,1285.90777835371,1290.8996563752694,1266.4394540696283,1278.8193359375,4817380,1228.341455078125,1176.1204174804689,1084.657465209961,1234.67794291275,64.42550441617932,31.02377747641799,29.249175989210606,1.7746014872073843,1308.8444794232967,1228.341455078125,1147.8384307329532,0.13107597079356342,30.91666279422835,0.024175942547477517,23.245413204310363,30.105269275185794,16.30390916968795,445353494.0,11948172.75,1307.8720566322172,1161.3604082472602,1307.8720566322172,925.6440155086992
2024-07-05,1269.9337492225077,1293.2957623797786,1268.835560448999,1284.9593505859375,8593502,1234.137030029297,1180.7389038085937,1086.1992068481445,1239.4666484054346,65.47370670889939,31.24288451479697,29.64791769432788,1.5949668204690894,1313.4109419261745,1234.137030029297,1154.8631181324195,0.12846857353432728,30.455487018267718,0.023701517876328234,23.77285205612674,28.940172243802053,15.368593520532634,453946996.0,11137066.8,1307.8720566322172,1164.8548331736656,1307.8720566322172,925.6440155086992
2024-07-08,1282.9125886119964,1295.2924698726165,1277.521336238757,1285.7579345703125,4216951,1239.1813110351563,1185.2236059570312,1087.7344586181641,1243.8753423258993,65.61561360641178,31.122210010687468,29.9427761575998,1.1794338530876693,1318.112389457638,1239.1813110351563,1160.2502326126746,0.12739229960875742,29.54946177652428,0.02298213449205695,24.318379833292553,28.179634052356924,14.708399409182809,458163947.0,10966397.95,1307.8720566322172,1168.099492287571,1307.8720566322172,925.6440155086992
2024-07-09,1281.9141677392236,1292.896298459731,1277.1219164941974,1287.305419921875,6930340,1243.6440490722657,1188.466328125,1089.177110900879,1248.0115401921828,65.90802637151118,30.796441523994645,30.11350923087877,0.6829322931158757,1322.860782687087,1243.6440490722657,1164.4273154574444,0.1273945445626753,28.56552750431066,0.02219017108313291,24.80224007739912,27.068113703913568,14.228115372775783,465094287.0,10748045.6,1307.8720566322172,1168.099492287571,1307.8720566322172,925.6440155086992
2024-07-10,1282.1139084717208,1291.898038189819,1273.0786823324786,1289.5518798828125,9020489,1248.488671875,1191.6880859375,1090.6284994506836,1251.9677630198619,66.35533581403863,30.369457988296062,30.16469898236223,0.204759005933834,1326.482445907851,1248.488671875,1170.494897842149,0.1249411000513424,27.869372386669934,0.021611672102096854,25.011002652334025,25.76252157751238,14.578114155611757,474114776.0,10594809.75,1307.8720566322172,1168.099492287571,1307.8720566322172,925.6440155086992
2024-07-11,1298.9366185010135,1299.2860255853643,1274.8756691291196,1294.6435546875,7848846,1253.9223266601562,1194.4336181640624,1092.0377062988282,1256.0321241310655,67.39940227345694,30.095009527501134,30.15076109139001,-0.05575156388887592,1328.817450823683,1253.9223266601562,1179.0272024966293,0.11945735803749707,27.622299820210987,0.021335833882769713,25.45325676973244,26.046780531202597,13.657902780551638,481963622.0,10576323.6,1307.8720566322172,1168.099492287571,1307.8720566322172,925.6440155086992
2024-07-12,1292.7951283943742,1338.5060612393027,1292.7951283943742,1316.1751708984375,11278987,1261.0939880371093,1197.4769970703126,1093.5223739624023,1261.760033347006,71.43613156212241,31.25464453911809,30.371537780935626,0.8831067581824641,1330.8118559937977,1261.0939880371093,1191.3761200804208,0.1105672830384422,28.914345036262237,0.021968462614687486,26.92407540114082,32.79424922161992,12.11562462854936,493242609.0,10608780.0,1338.5060612393027,1168.099492287571,1338.5060612393027,925.6440155086992
2024-07-15,1315.5755973520327,1323.2690953628965,1303.8856369793373,1306.33349609375,11537127,1267.454083251953,1200.6440234375,1094.926633605957,1266.0051250371719,67.33216596071225,31.021921335434172,30.501614491835337,0.520306843598835,1328.809878464891,1267.454083251953,1206.0982880390152,0.09681738537701515,28.23356741821202,0.021612832789358265,28.28983555887717,31.186067332534577,11.521492164320108,481705482.0,10906671.95,1338.5060612393027,1179.2313298016113,1338.5060612393027,925.6440155086992
2024-07-16,1306.3334797626717,1317.3240865270145,1298.5900977241572,1302.886474609375,5433264,1273.1002136230468,1203.908837890625,1096.3256387329102,1269.517634520239,65.90406906149076,30.211086099202475,30.443508813308767,-0.232422714106292,1324.938062805478,1273.1002136230468,1221.2623644406156,0.08143561461655671,27.555026088543826,0.02114921493586403,29.217143130563507,29.671592689439667,12.33469724326538,476272218.0,11260976.75,1338.5060612393027,1183.5742898322244,1338.5060612393027,925.6440155086992
2024-07-18,1298.8899842960564,1317.4740781396913,1293.3946805163423,1308.281982421875,6787511,1277.2814392089845,1207.2386328125,1097.7388925170899,1273.2094771775378,67.08100984894433,29.661941325383395,30.287195315723693,-0.6252539903402976,1326.2247076031188,1277.2814392089845,1228.3381708148502,0.07663662352197755,27.30676691245848,0.020872233417071555,29.7414327473468,27.802683678252667,12.916786453215932,483059729.0,11190780.9,1338.5060612393027,1218.4176224324674,1338.5060612393027,925.6440155086992
2024-07-19,1304.5351521039754,1307.882267202837,1287.0999791820136,1291.2464599609375,4496066,1279.96943359375,1210.5461987304689,1099.1311138916017,1274.927285061671,60.03469296690943,27.534712815388957,29.736698815656748,-2.201986000267791,1325.6730476714433,1279.96943359375,1234.2658195160566,0.0714136023535688,26.86928379298726,0.020808795707211544,29.821236119032424,26.237124016769048,13.862812841228369,478563663.0,10630784.6,1338.5060612393027,1221.7622432843816,1338.5060612393027,925.6440155086992
2024-07-22,1282.254157040865,1291.2464721792971,1277.108530096213,1281.4049072265625,6695557,1282.2676818847656,1213.6379638671874,1100.4551586914063,1275.5442014583273,56.352005970745424,24.769213761051333,28.743201804735666,-3.973988043684333,1323.152025354472,1282.2676818847656,1241.3833384150591,0.06376881215568314,25.959902242279902,0.02025893774549904,29.27298779772182,25.216486947024606,16.072685964639003,471868106.0,10445245.0,1338.5060612393027,1223.0601299517614,1338.5060612393027,925.6440155086992
2024-07-23,1287.3997027504545,1289.9974581222002,1249.9317253712213,1262.1712646484375,8789327,1284.0709899902345,1216.6046337890625,1101.6795407104491,1274.2705884288139,49.90853420209209,20.78593431041145,27.151748305870825,-6.365813995459376,1317.3643525997816,1284.0709899902345,1250.7776273806874,0.05185595324414315,26.96746156432983,0.021365928950887098,27.339981976043237,22.540465633264787,21.565327868615327,463078779.0,9314457.15,1338.5060612393027,1224.0085200079343,1338.5060612393027,925.6440155086992
2024-07-24,1261.8216015091461,1266.2677527529374,1225.602556319145,1238.1917724609375,10344860,1282.5113464355468,1219.0028588867187,1102.8079864501954,1270.8345107175876,43.26617740223918,15.515360614065003,24.824470767509663,-9.30911015344466,1320.9373897873568,1282.5113464355468,1244.0853030837368,0.059923124202536815,27.94587119786288,0.022569905421290073,26.221760707571672,20.19763944975748,25.542298205957646,452733919.0,9420097.0,1338.5060612393027,1225.602556319145,1338.5060612393027,925.6440155086992
2024-07-25,1198.9752696285975,1198.9752696285975,1154.513270046537,1174.8958740234375,32979871,1277.0905395507812,1219.8975512695313,1103.5647930908203,1261.697497699097,31.39035125706245,6.15993507218036,21.091563628443804,-14.931628556263444,1337.7132249586757,1277.0905395507812,1216.4678541428866,0.0949387432299337,31.92677342761557,0.02717413017911294,27.07351408446658,16.416423784717114,36.66504394884113,419754048.0,9056942.4,1338.5060612393027,1154.513270046537,1338.5060612393027,925.6440155086992
2024-07-26,1164.0051748855426,1182.139700501223,1154.263500675127,1176.3446044921875,18554648,1271.564959716797,1221.0039208984374,1104.3003894042968,1253.5686507270104,31.851423314198215,-1.1244447317569666,16.64836195640365,-17.772806688160617,1346.1562253773557,1271.564959716797,1196.9736940562382,0.11732198986856593,31.637446741792736,0.026894709782300744,27.8694310828641,15.383227915847929,34.41385733005063,438308696.0,10008117.45,1338.5060612393027,1154.263500675127,1338.5060612393027,925.6440155086992
2024-07-29,1181.3403267525803,1193.579866061191,1162.65634410464,1169.0509033203125,19598573,1266.8577697753906,1221.8605859375,1104.9705639648437,1245.519341450182,30.731688739710066,-7.400599432521176,11.838569678618686,-19.239169111139862,1353.8235128797087,1266.8577697753906,1179.8920266710725,0.13729361760908146,31.586452114275467,0.027018885169640027,28.08620943326235,16.89452904348825,32.007315461798946,418710123.0,9820280.2,1338.5060612393027,1154.263500675127,1338.5060612393027,925.6440155086992
2024-07-30,1163.1059899797806,1178.992437900641,1159.2092956646895,1169.0009765625,18090045,1262.3153076171875,1222.4916162109375,1105.6187744140625,1238.2318781275458,30.72372659222728,-12.237460099754344,7.02336372294408,-19.260823822698423,1359.1960274116648,1262.3153076171875,1165.4345878227102,0.1534968628041981,30.743358551538044,0.02629883051247765,28.370796667002026,16.11799228697117,31.337018702783862,400620078.0,10441855.4,1338.5060612393027,1154.263500675127,1338.5060612393027,925.6440155086992
2024-07-31,1156.0120428892758,1170.0000883520675,1153.0146045758206,1165.104248046875,17347076,1258.0023193359375,1223.0037817382813,1106.474631652832,1231.2673419293867,30.06891993045133,-16.198415203821696,2.379007937590925,-18.57742314141262,1363.7259129609197,1258.0023193359375,1152.2787257109553,0.168081714953897,29.760653210445817,0.025543339370992037,28.788523430148075,15.460912103760078,31.54629474996275,383273002.0,11056506.9,1338.5060612393027,1153.0146045758206,1338.5060612393027,925.6440155086992
2024-08-01,1167.0026950641445,1174.6461874515737,1164.454823612974,1171.299072265625,11190500,1252.6712341308594,1223.7137231445313,1107.3230255126953,1225.5560781518855,32.53075289432694,-18.622956271281055,-1.8213849041834709,-16.801571367097583,1364.4206770624958,1252.6712341308594,1140.921791199223,0.1784178320486005,28.362846826742526,0.02421486322180784,28.937593743525056,16.23416243392464,30.736634519046444,394463502.0,11426588.35,1338.5060612393027,1153.0146045758206,1338.5060612393027,925.6440155086992
2024-08-02,1163.0060993620923,1166.8029034557203,1155.1128205144428,1159.8587646484375,10581445,1246.7232055664062,1224.4274780273438,1108.1256991577147,1219.299191151557,30.402189420508336,-21.2229151936383,-5.701690962074437,-15.521224231563863,1364.7592512176552,1246.7232055664062,1128.6871599151573,0.18935405248613033,27.493090035631077,0.02370382573602783,29.32871692640719,15.55147078879662,31.871177793576795,383882057.0,11227546.0,1338.5060612393027,1153.0146045758206,1338.5060612393027,925.6440155086992
2024-08-05,1141.0248463432538,1150.4667282030086,1123.3400091574642,1132.5321044921875,12013362,1239.1018432617188,1223.8109765625,1108.8152011108398,1211.0356590887598,26.022226100588895,-25.1979679778226,-9.60094636522407,-15.59702161259853,1365.654948222379,1239.1018432617188,1112.5487383010586,0.20426586506809047,28.137780425298377,0.024845017914891684,30.4314611189196,14.109788490688004,36.98221497310873,371868695.0,11515749.25,1338.5060612393027,1123.3400091574642,1338.5060612393027,925.6440155086992
2024-08-06,1139.026583274535,1150.0171906570083,1122.1409893573368,1125.138427734375,8571122,1231.070867919922,1222.8718872070312,1109.3878649902344,1202.854970388342,24.973867172951543,-28.614978214170378,-13.403752735013331,-15.211225479157047,1364.9360088637613,1231.070867919922,1097.2057269760826,0.21747755459443943,28.119096202039316,0.024991677031830726,31.480587544576302,13.110652272175301,34.66802331757849,363297573.0,11686742.25,1338.5060612393027,1122.1409893573368,1338.5060612393027,925.6440155086992
2024-08-07,1137.8276379214865,1143.8225145765712,1126.0376650467224,1135.829345703125,8370312,1223.4970642089843,1221.8870385742186,1109.9797888183593,1196.4715775611787,29.402734323151478,-30.11318960737276,-16.74564010948522,-13.367549497887541,1360.8730100378268,1223.4970642089843,1086.1211183801418,0.22456277149738627,27.445166962050518,0.024163107834708066,32.45477636840038,12.473119868669283,32.98221945583124,371667885.0,11904450.8,1338.5060612393027,1122.1409893573368,1338.5060612393027,925.6440155086992
2024-08-08,1132.1324857784152,1141.8242766781827,1125.038572458969,1137.17822265625,7903428,1215.8783813476562,1221.0010498046875,1110.5817016601563,1190.824591379757,29.96448093788979,-30.836228980631176,-19.563757883714413,-11.272471096916764,1354.649826266499,1215.8783813476562,1077.1069364288132,0.22826533812539923,26.68377676613361,0.023464903068408188,33.38338167310844,11.912666701506335,31.767675916404347,379571313.0,11976449.4,1338.5060612393027,1122.1409893573368,1338.5060612393027,925.6440155086992
2024-08-09,1151.0162710566617,1154.713062724147,1138.9765121432943,1141.774169921875,6262086,1208.234912109375,1220.6792114257812,1111.3283963012695,1186.1531226694826,31.95130659636773,-30.68467453130347,-21.787941213232227,-8.896733318071245,1345.6442267893972,1208.234912109375,1070.825597429353,0.22745463370219715,26.03028128768814,0.022798099635998284,33.43117477106918,14.876225860239355,30.23912343014947,385833399.0,11920596.35,1338.5060612393027,1122.1409893573368,1338.5060612393027,925.6440155086992
2024-08-12,1145.0214849192898,1168.1017365309908,1134.880127129973,1163.305908203125,9078384,1200.5914489746094,1220.6242749023438,1112.1290869140626,1183.9771974822104,40.47159667852237,-28.498620845932237,-23.130077139772233,-5.368543706160004,1329.9016683347772,1200.5914489746094,1071.2812296144416,0.2154108618224925,26.5439475814974,0.022817684836225,32.70353253343677,17.14915513078711,27.535810518229102,394911783.0,11841258.35,1323.2690953628965,1122.1409893573368,1338.5060612393027,925.6440155086992
2024-08-13,1160.3582468075288,1178.592662314838,1154.413376565547,1158.6097412109375,6180463,1193.2052612304688,1220.5912255859375,1112.8900729370116,1181.5612492658986,39.315361997493845,-26.83575312205903,-23.871212336229593,-2.9645407858294384,1314.1148406895395,1193.2052612304688,1072.295681771398,0.20266350373679246,26.37504316491123,0.022764389273427804,31.467080598368117,18.867333107248847,25.732709255592102,388731320.0,11731228.2,1317.4740781396913,1122.1409893573368,1338.5060612393027,925.6440155086992
2024-08-14,1158.0103428946786,1158.0103428946786,1147.6692050368504,1152.1153564453125,5021841,1185.6667053222657,1219.1952954101562,1113.6944635009766,1178.756878521081,37.710856474675666,-25.745186560475076,-24.24600718107869,-1.499179379396388,1296.6779184749992,1185.6667053222657,1074.6554921695322,0.18725534360444152,25.272578379852366,0.021935805506340354,30.574211584501253,18.283926241554653,26.84313786350404,383709479.0,11463395.0,1317.4740781396913,1122.1409893573368,1338.5060612393027,925.6440155086992
2024-08-16,1165.4040707231297,1169.000972398833,1148.6183669484067,1165.8536376953125,6107134,1178.5452880859375,1219.92412109375,1114.574783630371,1177.5279984424365,43.0094528180629,-23.501430361963912,-24.097091817255734,0.5956614552918218,1274.4214655542805,1178.5452880859375,1082.6691106175945,0.16270257653662928,24.92329459917908,0.02137772169107612,29.15866486923528,20.365710450238172,25.275089357299315,389816613.0,11442823.85,1307.882267202837,1122.1409893573368,1338.5060612393027,927.3911185533472
2024-08-19,1168.0018101230557,1170.2998949773084,1149.2178143474769,1152.2652587890625,6691823,1171.5962280273438,1219.3179077148438,1115.4423223876954,1175.1220232373532,39.43620210865741,-22.559652394261548,-23.7896039326569,1.2299515383953512,1252.817535716389,1171.5962280273438,1090.3749203382986,0.1386506814310939,24.648922172797114,0.021391708189398277,27.775343652951946,19.49792607918456,23.730972371397062,383124790.0,11408805.0,1291.2464721792971,1122.1409893573368,1338.5060612393027,927.3911185533472
2024-08-20,1157.0112241980148,1175.9950007608493,1153.6641090393628,1167.002685546875,6721749,1165.8761169433594,1219.2770043945313,1116.4636679077148,1174.3487529811173,44.79330529949123,-20.389066924421513,-23.109496531009825,2.7204296065883113,1229.5836758392593,1165.8761169433594,1102.1685580474596,0.10928701252226596,24.58326644415352,0.02106530408936757,26.18113800710026,19.8083283480053,22.09475527692948,389846539.0,11518592.85,1289.9974581222002,1122.1409893573368,1338.5060612393027,927.3911185533472
2024-08-21,1165.603828347,1176.994118402172,1160.5082075756561,1173.397216796875,9480630,1161.4374145507813,1219.0475024414063,1117.5611642456054,1174.25813048738,46.98455107359014,-17.946006676832667,-22.076798560174396,4.130791883341729,1207.660861404599,1161.4374145507813,1115.2139676969637,0.07959696540634675,24.004883900036546,0.020457594032449452,24.645020829034344,19.133922221857002,21.01089201350238,399327169.0,11519902.45,1266.2677527529374,1122.1409893573368,1338.5060612393027,927.3911185533472
2024-08-22,1178.6926021829222,1179.9915408958257,1167.951781637088,1168.950927734375,5841326,1157.9753723144531,1218.4655078125,1118.5535641479491,1173.7526826061414,45.628399465112444,-16.182104964455675,-20.89785984103065,4.715754876574977,1188.3350228014908,1157.9753723144531,1127.6157218274154,0.052435744684893704,23.150232139943764,0.01980428056532094,23.043913859275456,19.347972627545698,20.230381229714386,393485843.0,11554467.6,1198.9752696285975,1122.1409893573368,1338.5060612393027,927.3911185533472
2024-08-23,1169.0009361917578,1172.9475144975986,1162.506486546248,1164.954345703125,5121962,1157.4782958984374,1217.91140625,1119.372730407715,1172.914745758235,44.38818645033166,-14.934534896402965,-19.705194852105116,4.7706599557021505,1187.0282633457434,1157.4782958984374,1127.9283284511314,0.05105921649160473,22.24243184075854,0.019092964391951173,21.862474675926492,18.69923600027255,21.300740595042782,388363881.0,11329290.9,1193.579866061191,1122.1409893573368,1338.5060612393027,927.3911185533472
2024-08-26,1170.6994882789022,1174.2465058769608,1165.104294265047,1169.30078125,3392612,1157.1261047363282,1217.5780126953125,1120.281268310547,1172.5705586622128,46.103910737053646,-13.440175626851442,-18.45219100705438,5.012015380202939,1185.9266452462705,1157.1261047363282,1128.325564226386,0.049779432668671804,21.317412435978344,0.018230905835186145,20.68093359230132,18.552283167235956,20.63753395243515,391756493.0,9936395.45,1193.579866061191,1122.1409893573368,1338.5060612393027,927.3911185533472
2024-08-27,1169.000939360119,1183.838234581859,1163.2558492735202,1180.2413330078125,8702113,1157.6856262207032,1217.7280004882812,1121.2811996459961,1173.3011085998887,50.26346356083845,-11.243466365162476,-17.010446078676,5.766979713513525,1187.7961138928379,1157.6856262207032,1127.5751385485685,0.052018418455157325,21.26491049828981,0.0180174256769137,19.43414733146603,20.49150274293354,19.21073786418616,400458606.0,9178293.65,1183.838234581859,1122.1409893573368,1338.5060612393027,929.5376198590476
2024-08-28,1175.994955914158,1180.69089378261,1168.351463880549,1169.9500732421875,5483503,1157.7330810546875,1217.5443701171876,1122.2798428344727,1172.9819623753458,46.61874524402168,-10.215222379442821,-15.651401338829366,5.436178959386545,1187.917652634979,1157.7330810546875,1127.548509474396,0.05214426723091224,20.62737616998774,0.017630988400064603,18.276417232118973,19.61592063302089,18.389881599854675,394975103.0,8633470.65,1183.838234581859,1122.1409893573368,1338.5060612393027,929.5376198590476
2024-08-29,1168.0018028062877,1178.8925198005202,1162.4066089824673,1174.3963623046875,7290114,1158.197686767578,1217.2330200195313,1123.2450579833985,1173.1166671305211,48.3609672425202,-8.938515600694473,-14.308824191202389,5.370308590507916,1189.0993225729835,1158.197686767578,1127.2960509621726,0.05336159130424283,20.331557216278107,0.017312346894858017,17.1469255600976,18.47980388206521,19.41331364935142,402265217.0,8003143.55,1183.838234581859,1122.1409893573368,1338.5060612393027,929.5376198590476
2024-08-30,1175.9949656447764,1181.9398361833976,1170.8493388105494,1174.2464599609375,10190506,1158.3450561523437,1216.2247998046876,1124.1800720214844,1173.2242664477037,48.30372840803502,-7.84834135302026,-13.016727623565963,5.168386270545703,1189.522092386026,1158.3450561523437,1127.1680199186612,0.053830309143361295,19.67148151317597,0.01675242990626547,15.962284921029006,18.84211743813553,18.63153178812469,392074711.0,7500295.45,1183.838234581859,1122.1409893573368,1338.5060612393027,942.4166390810633
2024-09-02,1174.9957934621327,1192.9804229539002,1173.0973915114537,1187.784912109375,6432362,1159.7413635253906,1215.2307666015624,1125.0801950073242,1174.610994605958,53.64051328455435,-5.824785957924405,-11.578339290437652,5.753553332513247,1193.4621531405257,1159.7413635253906,1126.0205739102555,0.05815225821148675,19.68659222240958,0.016574206341321816,15.596021556297611,21.48866219358891,17.287428697267416,398507073.0,7450295.75,1192.9804229539002,1122.1409893573368,1338.5060612393027,947.1090428011483
2024-09-03,1186.985617809891,1192.5309276896276,1175.695217608263,1190.58251953125,7920246,1162.6438842773437,1214.3336181640625,1125.9368994140625,1176.1320922178907,54.68162479010121,-3.9498290197605,-10.052637236302223,6.102808216541723,1196.4900032680719,1162.6438842773437,1128.7977652866155,0.0582226758312425,19.48295778376351,0.016364222944776848,15.2559198604756,20.16231295639214,16.220393082897942,406427319.0,7242841.6,1192.9804229539002,1122.1409893573368,1338.5060612393027,949.854540353068
2024-09-04,1181.6900665341032,1188.634205243029,1172.2981905853524,1176.6943359375,6527941,1165.2216796875,1213.3454028320311,1126.7201693725585,1176.1856392388058,48.820219936569394,-3.543722656657337,-8.750854320373247,5.207131663715909,1194.8380744427645,1165.2216796875,1135.6052849322355,0.05083392331527394,19.39734143820166,0.016484605088837572,14.658641758784402,18.804783908332677,16.37919135234482,399899378.0,7038185.8,1192.9804229539002,1125.038572458969,1338.5060612393027,949.854540353068
2024-09-05,1180.990705264549,1181.8399550671666,1172.4479572141481,1179.5419921875,4234766,1167.4073120117187,1211.5485498046876,1127.5166790771484,1176.5052919005864,50.003604237792295,-2.9580003903326997,-7.592283534365137,4.6342831440324375,1194.356436195683,1167.4073120117187,1140.4581878277543,0.04616918860568841,18.68267403926,0.015838922363935817,14.104026378642574,18.129542200723968,15.791047761228818,404134144.0,6936026.75,1192.9804229539002,1125.038572458969,1338.5060612393027,949.854540353068
2024-09-06,1174.9957675970875,1180.341174629591,1149.817335649293,1157.760498046875,9874576,1168.43642578125,1209.03751953125,1128.1678411865234,1174.7200734383282,42.003468885326406,-4.202946860808197,-6.91441619965375,2.7114693388455526,1192.055732057313,1168.43642578125,1144.8171195051868,0.04042891124396525,19.528471535048432,0.016867453646926697,14.249559151562101,16.105452743410908,22.305560811334143,394259568.0,6729249.45,1192.9804229539002,1134.880127129973,1338.5060612393027,949.854540353068
2024-09-09,1157.0112163733215,1174.596163835175,1144.0223167076451,1169.8502197265625,7700940,1169.8402282714844,1206.6973999023437,1128.898670654297,1174.2562778467316,47.06574840436571,-4.16601319957249,-6.364735599637498,2.1987224000650087,1190.0445240621807,1169.8402282714844,1149.6359324807881,0.03454197471145175,20.317426934511396,0.017367545513014764,14.720693707107248,14.374336285449333,21.945332012589674,401960508.0,6827806.85,1192.9804229539002,1134.880127129973,1338.5060612393027,949.854540353068
2024-09-10,1177.8933180831702,1189.8330647497864,1172.3480086470006,1186.1861572265625,8723854,1170.9842407226563,1205.1572290039062,1129.631309814453,1175.392456835287,53.03147649202414,-2.7864489270994,-5.649078265129879,2.8626293380304793,1192.1473435522028,1170.9842407226563,1149.8211378931098,0.03614583714036314,20.29352822656229,0.017108215352985453,13.975069326261872,18.726356944285026,20.401806257922235,410684362.0,6899749.55,1192.9804229539002,1144.0223167076451,1338.5060612393027,949.854540353068
2024-09-11,1186.1861945137762,1193.8296865293353,1179.9915375147775,1185.087158203125,6000329,1172.3081115722657,1203.6619677734375,1130.4333319091797,1176.3157617274621,52.60197305976621,-1.7615087619076348,-4.8715643644854305,3.1100556025777957,1193.5217674082423,1172.3081115722657,1151.094455736289,0.03619126341713269,19.83242971141911,0.016734996725042407,13.005060963580581,19.232469054978864,19.384989576242855,404684033.0,6882023.05,1193.8296865293353,1144.0223167076451,1338.5060612393027,949.854540353068
2024-09-12,1189.083702391641,1204.6703565446362,1175.7451268751188,1202.3223876953125,7592871,1174.8184631347656,1202.6811352539062,1131.4812698364258,1178.7925832482097,58.30518393218385,0.43647131289753816,-3.809957229008837,4.246428541906376,1197.6971347826693,1174.8184631347656,1151.9397914868618,0.03894843733874699,20.481915422711847,0.01703529405451135,12.752045713990293,21.072989638663138,17.42955277796839,412276904.0,6873016.35,1204.6703565446362,1144.0223167076451,1338.5060612393027,949.854540353068
2024-09-13,1208.8669203308898,1218.5087048247742,1199.974495430322,1216.410400390625,6762566,1177.3463012695313,1201.450927734375,1132.6278518676759,1182.3752324998684,62.29851211539085,3.2773915145742194,-2.392487480292226,5.669878994866446,1206.117432351528,1177.3463012695313,1148.5751701875347,0.04887454277636532,20.34279356355045,0.016723626793241644,13.286215972811041,24.560583493392368,16.295269103543884,419039470.0,7001567.85,1218.5087048247742,1144.0223167076451,1338.5060612393027,949.854540353068
2024-09-16,1220.9565800362964,1232.9463336864073,1213.9625570737317,1229.9989013671875,4039284,1181.2329833984375,1200.4745190429687,1133.8269018554688,1186.9108200110418,65.70987920151694,6.549817488211147,-0.6040264865915514,7.153843974802698,1215.8162208536,1181.2329833984375,1146.6497459432749,0.058554473065365535,20.245720924202253,0.016459950412718593,14.453857155880687,28.009320210603143,15.203871816386375,423078754.0,7034339.45,1232.9463336864073,1144.0223167076451,1338.5060612393027,949.854540353068
2024-09-17,1234.1451799941071,1239.5405931789464,1226.5516942361462,1231.0478515625,8030427,1184.4352416992188,1199.3962890625,1134.9997479248048,1191.1143468254663,65.96588653670301,9.122719135692705,1.3413226378652998,7.781396497827405,1224.569845504816,1184.4352416992188,1144.3006378936216,0.0677700264102563,19.727376496959252,0.01602486570438379,15.8135409229797,29.079680911876096,14.488833740844244,431109181.0,6901712.5,1239.5405931789464,1144.0223167076451,1338.5060612393027,949.854540353068
2024-09-18,1230.8481209839067,1249.3323240741963,1223.9539884110695,1239.3907470703125,8210034,1187.7349182128905,1198.4689453125,1136.2095660400391,1195.7120992297373,68.0115013976125,11.700092784505841,3.4130766671934083,8.287016117312433,1234.069450449898,1187.7349182128905,1141.400385975883,0.07802167222080869,20.13101643739979,0.016242671235835626,17.458888421309773,29.935429293685534,13.184157279503376,439319215.0,6967146.4,1249.3323240741963,1144.0223167076451,1338.5060612393027,949.854540353068
2024-09-19,1247.3838839474913,1260.6225696046859,1237.9420022086015,1241.6387939453125,8449864,1191.3693115234375,1197.5556127929688,1137.3834509277344,1200.08607015503,68.55986307754567,13.765399607256995,5.483541255206126,8.281858352050868,1242.4047063275852,1191.3693115234375,1140.3339167192898,0.08567518788760355,20.313127220162976,0.01635993279141829,19.383982061564225,31.51805130437108,12.132676190812756,447769079.0,6903616.6,1260.6225696046859,1144.0223167076451,1338.5060612393027,949.854540353068
2024-09-20,1242.9377435523343,1248.9326201289532,1228.849807990495,1243.9368896484375,15009629,1195.3184387207032,1196.6433129882812,1138.5056790161134,1204.2623386782118,69.1422148792606,15.409970711288224,7.468827146422546,7.941143564865678,1249.6815610598633,1195.3184387207032,1140.955316381543,0.09096006650301916,20.296676142898345,0.016316483827917193,20.417424657405473,29.29048353183972,14.47493572577988,462778708.0,7034043.5,1260.6225696046859,1144.0223167076451,1338.5060612393027,949.854540353068
2024-09-23,1250.4312892398568,1251.3804292067466,1239.4906887117218,1245.7353515625,5462814,1199.1401672363281,1195.6651489257813,1139.4422158813477,1208.2121494290964,69.61651840187312,16.66630719093837,9.308323155325711,7.357984035612658,1256.3233461888913,1199.1401672363281,1141.956988283765,0.09537363606850709,19.69618073947881,0.015810886890842663,21.475124418839584,28.915228255714663,13.850800113841077,468241522.0,7528426.85,1260.6225696046859,1144.0223167076451,1338.5060612393027,949.854540353068
2024-09-24,1240.0401803989173,1246.035056902626,1234.2950904161967,1238.4915771484375,9225946,1202.0526794433595,1194.1114770507813,1140.2721487426759,1211.0959044499862,65.26519281742316,16.882836021554795,10.82322572857153,6.059610292983265,1260.9955208328893,1202.0526794433595,1143.1098380538297,0.09807031321925884,19.12787972140384,0.01544449722092159,22.019743260058945,27.64758043478593,15.183753095878522,459015576.0,7631936.95,1260.6225696046859,1144.0223167076451,1338.5060612393027,949.854540353068
2024-09-25,1236.942817936568,1269.9146378007897,1230.0486857535618,1267.01708984375,6853324,1206.9060302734374,1193.3251489257811,1141.0929556274414,1216.4217316303445,72.54319928287025,19.13562359933826,12.485705302724877,6.649918296613382,1270.2937100914007,1206.9060302734374,1143.518350455474,0.10504161588057052,20.609170601819844,0.01626589788489861,23.45297055047498,32.103852418966845,13.085814740070651,465868900.0,7658128.6,1269.9146378007897,1144.0223167076451,1338.5060612393027,949.854540353068
2024-09-26,1266.4677489486294,1280.5556852451584,1261.1722255766892,1276.009521484375,7270078,1211.9866882324218,1192.7876098632812,1141.8541458129882,1222.0967592354903,74.36660002967997,21.399903301419727,14.268544902463848,7.131358398955879,1280.2393688298919,1211.9866882324218,1143.7340076349517,0.11262942284788746,20.521619820866228,0.016082654145866824,25.118034752528825,33.6416766388036,12.202953624896498,473138978.0,7726619.65,1280.5556852451584,1144.0223167076451,1338.5060612393027,949.854540353068
2024-09-27,1271.9129699045366,1280.4557177425643,1256.1764190200147,1272.0628662109375,13372027,1216.877508544922,1192.0632275390626,1142.5614083862304,1226.855436090295,72.10339124375778,22.615205173814047,15.937876956733888,6.677328217080159,1287.5861528646103,1216.877508544922,1146.1688642252336,0.11621324878333567,20.790025456700754,0.016343551886415404,26.252763896357948,30.835398495119247,12.901439333599825,459766951.0,7725617.85,1280.5556852451584,1144.0223167076451,1338.5060612393027,949.854540353068
2024-09-30,1262.4211501734367,1273.9113308042197,1228.3002850375033,1231.1478271484375,8466919,1219.045654296875,1190.8612548828125,1143.1237484741212,1227.2642352386895,53.817734423579076,20.045763864592573,16.759454338305627,3.2863095262869457,1288.7045483640236,1219.045654296875,1149.3867602297264,0.11428430727203022,22.562955478844728,0.018326763838835376,25.384524346464605,26.382984153154066,19.86343652791928,451300032.0,7884693.9,1280.5556852451584,1144.0223167076451,1338.5060612393027,949.854540353068
2024-10-01,1227.0512520632726,1241.8885466631198,1223.6042469422223,1225.6025390625,11164280,1220.7966552734374,1189.7452075195313,1143.6715902709961,1227.1059784600047,51.896762719829844,17.361867904761993,16.8799370515969,0.48193085316509254,1289.2558843401403,1220.7966552734374,1152.3374262067346,0.1121550075862047,22.257337210419923,0.01816032237290013,24.305604216001036,24.834877036747525,20.204944401283075,440135752.0,7986421.75,1280.5556852451584,1144.0223167076451,1338.5060612393027,949.854540353068
2024-10-03,1206.4689403357831,1218.1090170312034,1172.0982894021524,1174.696044921875,17300892,1220.6967407226562,1187.995703125,1143.8982583618165,1222.114556218278,38.36015903032359,11.000327458864604,15.704015133050444,-4.70368767418584,1289.418472755056,1220.6967407226562,1151.9750086902563,0.11259427462994018,24.489259528271898,0.020847315894300635,24.066577703720387,20.95920872088219,32.07471169279177,422834860.0,8148623.45,1280.5556852451584,1144.0223167076451,1338.5060612393027,949.854540353068
2024-10-04,1174.4962507198202,1201.7729882724368,1172.997531556843,1177.393798828125,13064515,1220.5893310546876,1186.7797436523438,1144.211795349121,1217.855436466835,39.264281873378415,6.106060156636204,13.784424137767596,-7.678363981131392,1289.5742322732276,1220.5893310546876,1151.6044298361476,0.11303539931638022,24.795416470223472,0.02105957793807192,23.8446245137455,19.221817330521475,29.41591246589934,435899375.0,8687271.0,1280.5556852451584,1144.0223167076451,1338.5060612393027,949.854540353068
2024-10-07,1181.9398732684149,1183.8382753207918,1129.934390048423,1144.7216796875,20047013,1219.9373901367187,1186.176259765625,1144.2895895385743,1210.890316773565,32.95905959314425,-0.40438737805584424,10.946661834602908,-11.351049212658753,1291.483907463976,1219.9373901367187,1148.3908728094614,0.11729539221556132,26.874592813233853,0.023476966751053763,24.85510776132105,16.46794002845008,36.647071009811604,415852362.0,9128758.45,1280.5556852451584,1129.934390048423,1338.5060612393027,949.854540353068
2024-10-08,1152.0155149847044,1167.3523840477021,1141.5244803729618,1152.3153076171875,8464570,1219.06064453125,1185.695673828125,1144.4859707641601,1205.3117444729578,35.54956950566512,-4.894797464941348,7.7783699746940576,-12.673167439635407,1293.415427102038,1219.06064453125,1144.7058619604622,0.12198701172799906,26.79982930334146,0.023257375065822414,25.793413634069775,15.334317752720622,34.12435499522871,424316932.0,9637380.3,1280.5556852451584,1129.934390048423,1338.5060612393027,949.854540353068
2024-10-09,1153.0146443687056,1183.988174676704,1153.0146443687056,1169.15087890625,9807734,1218.2088806152344,1185.6976733398437,1144.7385757446289,1201.8678525142236,40.993450326825034,-7.014135322320271,4.819868915291192,-11.834004237611463,1294.4176874679458,1218.2088806152344,1142.000073762523,0.12511615711457222,27.14790342878253,0.023220188188353936,25.796890015977436,18.43347119026973,31.280630637837085,434124666.0,9675561.8,1280.5556852451584,1129.934390048423,1338.5060612393027,949.854540353068
2024-10-10,1175.9949603025386,1189.9830057097056,1174.046674192971,1183.23876953125,6806243,1218.1164611816407,1185.9824291992188,1145.0621194458008,1200.0936541348929,45.16719650138433,-7.470831709755885,2.3617287902817767,-9.832560500037662,1294.4900175427488,1218.1164611816407,1141.7429048205327,0.1253961485538443,26.696776526973466,0.022562459255412684,25.50313991274681,19.00998459661652,29.5371294453641,440930909.0,9729755.8,1280.5556852451584,1129.934390048423,1338.5060612393027,949.854540353068
2024-10-11,1181.4903201137774,1187.1854043714447,1165.0044086703294,1171.4488525390625,4754158,1216.5727844238281,1186.1093212890626,1145.371640319824,1197.365577792433,42.460378042011634,-8.684010785217652,0.15258087518189112,-8.836591660399543,1295.3704426843242,1216.5727844238281,1137.775126163332,0.1295403929290015,26.374220753697884,0.022514188900806854,25.515295523189746,17.868013452700758,30.21166152332223,436176751.0,9770051.5,1280.5556852451584,1129.934390048423,1338.5060612393027,949.854540353068
2024-10-14,1170.5496378403072,1173.9966430270208,1155.6123307770424,1163.355712890625,9765296,1213.9200500488282,1185.9504541015624,1145.5962673950196,1194.1265430398798,40.6590842284636,-10.18115070763156,-1.914165441380799,-8.26698526625076,1296.0621769721056,1213.9200500488282,1131.7779231255508,0.1353336686711342,25.803513003432204,0.02218024351237975,25.81275646572652,16.958693363063652,31.27405055938166,426411455.0,9628115.85,1280.5556852451584,1129.934390048423,1338.5060612393027,949.854540353068
2024-10-15,1165.104286275286,1170.999272878385,1148.5184847898495,1152.86474609375,8741516,1210.0633422851563,1185.8105737304688,1145.8183584594726,1190.1968480926294,38.38579644289907,-12.074985312035551,-3.9463294155117494,-8.128655896523801,1295.9800250228418,1210.0633422851563,1124.1466595474708,0.14200361210089263,25.566175509511012,0.022176214162274326,26.299946688742455,15.893544966917965,31.291705849449638,417669939.0,9778252.35,1280.5556852451584,1129.934390048423,1338.5060612393027,949.854540353068
2024-10-16,1150.017137372719,1161.956884234946,1147.1195893492861,1152.2152099609375,7739854,1206.1217102050782,1186.2042358398437,1146.1113314819336,1186.5795492229445,38.24322785340836,-13.472967040473577,-5.851656940504116,-7.621310099969461,1295.0078276564955,1206.1217102050782,1117.235592753661,0.14739162175648732,24.79982689352165,0.021523606596342722,26.794880751982337,15.214343182667204,30.357382728969604,409930085.0,10013363.95,1280.5556852451584,1129.934390048423,1338.5060612393027,949.854540353068
2024-10-17,1150.017218078076,1150.3668948371856,1123.040272041492,1130.883544921875,6595231,1200.6963500976562,1186.3191381835939,1146.3330880737306,1181.2751678609377,33.80291496890439,-16.116385069682337,-7.9046025663397605,-8.211782503342576,1293.936868578919,1200.6963500976562,1107.4558316163934,0.15531073859544803,25.11233482394478,0.022205942368433366,27.9260518079633,13.951794829007113,34.68723265257138,403334854.0,9998835.3,1280.5556852451584,1123.040272041492,1338.5060612393027,949.854540353068
2024-10-18,1157.0112007686191,1202.8220257322612,1155.0629146314764,1195.8280029296875,20829666,1198.405810546875,1187.519111328125,1146.849866027832,1182.6611521531997,52.05475334377597,-12.823022088300604,-8.88828647073193,-3.9347356175686734,1289.7419557474789,1198.405810546875,1107.0696653462712,0.15242940979887923,28.457059537262026,0.023796950286784052,26.446580146160844,24.599020192180475,28.423793579508207,424164520.0,9918095.15,1280.5556852451584,1123.040272041492,1338.5060612393027,949.854540353068
2024-10-21,1195.8280254005576,1213.7627716752456,1184.5377472724651,1189.28369140625,7456038,1195.6731506347655,1188.561220703125,1147.2735202026367,1183.2918701772999,50.54247813900767,-10.618673981243546,-9.234363972834254,-1.384310008409292,1284.6363367176468,1195.6731506347655,1106.7099645518842,0.1488085369076859,28.511914170513347,0.023974022663003035,24.6682090921441,25.538897031670448,26.3427435915406,416708482.0,10537085.25,1280.5556852451584,1123.040272041492,1338.5060612393027,949.854540353068
2024-10-22,1193.2301736580623,1196.9769713563815,1172.347996759549,1174.7459716796875,7256246,1192.123681640625,1189.2206567382811,1147.6169985961915,1182.4779750822893,47.25802537468811,-9.930314229044598,-9.373554024076324,-0.556760204968274,1278.4393704168472,1192.123681640625,1105.8079928644026,0.14480995572109237,28.234561343821852,0.024034610055696737,23.436053438835646,23.947643475018417,27.78520139964882,409452236.0,10159405.7,1280.5556852451584,1123.040272041492,1338.5060612393027,949.854540353068
2024-10-23,1174.0965788352514,1182.1397538713547,1157.6606739810497,1159.4091796875,6501834,1188.1695617675782,1189.1427221679687,1147.9114974975587,1180.2809469494523,44.00887595596549,-10.501282853005478,-9.599099789862155,-0.9021830631433225,1272.856687435388,1188.1695617675782,1103.4824360997684,0.14255057256613304,27.966312668570648,0.02412117581828058,22.766690692592054,22.450392415561943,29.799298355626693,402950402.0,10249077.3,1280.5556852451584,1123.040272041492,1338.5060612393027,949.854540353068
2024-10-24,1164.005180524674,1174.196421730821,1153.6640430136567,1166.3531494140625,5046700,1183.1363647460937,1189.2975903320312,1148.2636795043945,1178.95449004132,45.82502225035653,-10.275015296975425,-9.73428289128481,-0.5407324056906155,1260.093376107621,1183.1363647460937,1106.1793533845664,0.13008984197361326,27.43531738632733,0.02352230745903154,22.27162236991243,21.250271020067245,29.246862916256177,407997102.0,10112871.7,1280.5556852451584,1123.040272041492,1338.5060612393027,949.854540353068
2024-10-25,1185.9863817213213,1200.7237862119612,1169.0008985795669,1188.3343505859375,12798716,1178.7526062011718,1190.0219702148438,1148.7479806518554,1179.8478100931884,51.21901651354424,-8.227159821452233,-9.432858277318294,1.2056984558660613,1242.985241244653,1178.7526062011718,1114.5199711576906,0.10898408148676268,27.93069734429671,0.023504073016592335,20.74969418130567,26.1663957855126,26.676129436730964,420795818.0,10022540.5,1280.4557177425643,1123.040272041492,1338.5060612393027,949.854540353068
2024-10-28,1192.9805076128803,1192.9805076128803,1166.0535675549525,1170.599609375,8572243,1173.679443359375,1190.1168896484376,1149.116901550293,1178.9670290724084,47.140830023664996,-7.943695031855668,-9.135025628225769,1.1913305963701006,1221.5836897951863,1173.679443359375,1125.7751969235637,0.08163088602573952,27.85900039527036,0.023798914822929663,19.44349443145228,24.359898370335806,25.590116120056763,412223575.0,10298972.4,1273.9113308042197,1123.040272041492,1338.5060612393027,949.854540353068
2024-10-29,1175.3955196864351,1190.1828090793306,1156.6115238483947,1185.8365478515625,9908946,1171.4138793945312,1190.7883154296876,1149.4382083129883,1179.6212689561373,50.76778966211028,-6.4155985229945145,-8.591140207179517,2.175541684185003,1211.9517840903727,1171.4138793945312,1130.8759746986898,0.06921192485237462,28.267020740675044,0.023837198129782536,18.57618966545833,22.2933985741607,25.805185738963555,422132521.0,10058983.2,1241.8885466631198,1123.040272041492,1338.5060612393027,949.854540353068
2024-10-30,1177.7434804139418,1186.635905210707,1163.3058678710145,1169.400634765625,9686560,1168.6037841796874,1190.8362744140625,1149.6096963500977,1178.6478752237076,47.01991524073644,-6.456386649425895,-8.164189495628793,1.707802846202899,1200.623522469188,1168.6037841796874,1136.5840458901869,0.054799990763297245,27.914379069176295,0.023870672068491722,17.770835239892516,20.96252835471749,24.264669020844448,412445961.0,10131084.55,1218.1090170312034,1123.040272041492,1338.5060612393027,949.854540353068
2024-10-31,1164.5048071730241,1176.9941337192813,1152.8647304386966,1158.5599365234375,8682294,1167.7969787597656,1190.5395288085938,1149.801608581543,1176.7347382046344,44.67714196411521,-7.279551147865277,-7.987261826076091,0.7077106782108142,1199.9748057085183,1167.7969787597656,1135.619151811013,0.05510859769979277,27.644023655705467,0.02386067633122081,17.41904450684398,19.655572395237375,25.44968815830499,403763667.0,10057198.55,1213.7627716752456,1123.040272041492,1338.5060612393027,949.854540353068
2024-11-01,1163.0560879501725,1171.4988238645128,1163.0060818578193,1168.5513916015625,460781,1167.3548583984375,1190.5315380859374,1150.0706838989258,1175.9553718614845,47.2841696256552,-7.044483598839406,-7.798706180628755,0.7542225817893486,1199.2347062988047,1167.3548583984375,1135.4750104980703,0.054618949278379667,26.593656776089027,0.0227577982168512,17.09238168329891,18.972484590320914,24.565238127021377,404224448.0,9626268.65,1213.7627716752456,1123.040272041492,1338.5060612393027,949.854540353068
2024-11-04,1170.9992572381775,1175.9449817651664,1134.480417622347,1138.2772216796875,9288653,1167.0326354980468,1189.9979956054688,1150.2360610961914,1172.3669766060752,40.98234863982866,-9.195068349366466,-8.077978614376297,-1.1170897349901683,1199.9349002753788,1167.0326354980468,1134.1303707207148,0.05638619482700329,27.655864445141198,0.02429624692333832,17.780884513347722,16.94066080583028,29.301974461096304,394935795.0,8996081.95,1213.7627716752456,1123.040272041492,1338.5060612393027,951.2023112172013
2024-11-05,1137.9774273803207,1173.896803662119,1132.4821237068345,1170.699462890625,11701049,1167.9518432617188,1190.0259692382813,1150.4699520874024,1172.2081657760323,48.84538976493338,-8.188822705751818,-8.100147432651402,-0.08867527310041545,1200.1783607971483,1167.9518432617188,1135.7253257262892,0.05518466830863704,28.63863698158001,0.024462842846845682,18.482365141607016,15.190796887087648,26.773665530888838,406636844.0,8458163.95,1213.7627716752456,1123.040272041492,1338.5060612393027,966.4276202990195
2024-11-06,1170.799429278286,1182.5393957578722,1160.4581697425565,1165.50390625,10353506,1167.7694946289062,1189.731220703125,1150.704821472168,1171.5696648687913,47.747563605356255,-7.721594053673243,-8.02443675685577,0.3028427031825274,1200.0080797435337,1167.7694946289062,1135.5309095142786,0.055213953203790994,28.1702504839897,0.024170018077955026,18.655978202694797,16.53169421436693,25.274628807271426,396283338.0,8619987.9,1213.7627716752456,1123.040272041492,1338.5060612393027,966.4276202990195
2024-11-07,1167.6020678828468,1171.8984447514144,1150.0671276109715,1158.9095458984375,6252889,1166.5530334472655,1189.51041015625,1150.9109616088867,1170.3639392525672,46.32443101352394,-7.793582185603327,-7.978265842605282,0.18468365700195477,1198.1955255120156,1166.5530334472655,1134.9105413825155,0.05424955601245791,27.717469530879217,0.02391685324275366,19.17622939783136,15.601624103940228,26.53047880344459,390030449.0,8647276.5,1213.7627716752456,1123.040272041492,1338.5060612393027,966.4276202990195
2024-11-08,1155.0128937463028,1166.7528604431186,1150.1170534539897,1159.9586181640625,3786168,1165.9785217285157,1189.2216552734376,1151.124344177246,1169.3729562917572,46.5971253996582,-7.677480715805132,-7.918108817245252,0.24062810144012037,1197.6618060102533,1165.9785217285157,1134.2952374467782,0.05434625714162961,26.92592220646848,0.023212829996544004,19.659319793315312,14.91310648108729,25.359658248020196,393816617.0,8619608.8,1213.7627716752456,1123.040272041492,1338.5060612393027,966.4276202990195
2024-11-11,1151.0163455380018,1175.795218429766,1141.9740242453897,1170.0001220703125,6620678,1166.3107421875,1189.136728515625,1151.57163482666,1169.4326863659053,49.25462987286432,-6.697993717421241,-7.67408579728045,0.9760920798592094,1198.0163860031635,1166.3107421875,1134.6050983718364,0.054369119084331306,27.418441633461896,0.023434563053673044,19.565665909869068,15.954784752702052,23.125255115992633,400437295.0,8571209.3,1213.7627716752456,1123.040272041492,1338.5060612393027,972.4178584909591
2024-11-12,1170.6496057768486,1185.9864747171694,1152.8148714727597,1157.1611328125,9606088,1166.5255615234375,1188.5242529296875,1151.8788540649414,1168.2639669798666,46.09606378443098,-6.878451836491195,-7.5149590051226,0.6365071686314057,1197.9205829206232,1166.5255615234375,1135.1305401262518,0.053826546854549864,27.829381748529592,0.024049703156629364,18.90239346375887,17.212139924760265,21.15636535314849,390831207.0,8413978.4,1213.7627716752456,1123.040272041492,1338.5060612393027,978.7575210974649
2024-11-13,1150.9164816548919,1164.5048449852266,1134.130777445248,1138.1773681640625,8079113,1165.8236694335938,1187.4761499023436,1151.9960592651366,1165.3985766164567,41.82518747640969,-8.455823875107853,-7.703131979119652,-0.7526918959882014,1199.0417900831162,1165.8236694335938,1132.6055487840713,0.056986526385523165,28.011145019347374,0.02461052714879647,19.04676928607973,15.878990208252967,24.282173546809343,382752094.0,8457207.0,1213.7627716752456,1123.040272041492,1338.5060612393027,978.7575210974649
2024-11-14,1136.5787393829623,1149.7674196333846,1130.6337466753373,1139.7259521484375,5975873,1166.2657897949218,1186.7367822265626,1152.2572860717773,1162.9535647623597,42.29487030087175,-9.47176023851739,-8.0568576309992,-1.41490260751819,1197.8049300360722,1166.2657897949218,1134.7266495537715,0.054085681869646934,27.377039872111656,0.024020721666032644,19.312741662159308,15.086294141538408,23.98238090800145,388727967.0,8474169.95,1213.7627716752456,1130.6337466753373,1338.5060612393027,978.7575210974649
2024-11-18,1130.2340117154433,1134.0308156556105,1120.5923494899985,1125.23828125,9474971,1162.7363037109376,1185.6507080078125,1152.596329650879,1159.3616329992778,39.11329245525571,-11.31549312780453,-8.708584730360267,-2.606908397444263,1196.0042264215367,1162.7363037109376,1129.4683810003385,0.05722350390956694,26.788222928277897,0.02380671132030765,19.931258972986086,14.316619139031921,25.43629906369019,379252996.0,8443202.05,1213.7627716752456,1120.5923494899985,1338.5060612393027,978.7575210974649
2024-11-19,1129.0351110813517,1138.0274261253624,1121.0919482455736,1132.981689453125,19225966,1159.9212036132812,1185.1551318359375,1153.0584530639649,1156.8492574234538,41.64018641858751,-12.013353932235532,-9.36953857073532,-2.643815361500211,1193.2554230053154,1159.9212036132812,1126.5869842212471,0.05747669632763742,26.084455424814387,0.02302283935180365,20.249111324096074,14.747095171247112,24.256680581228533,398478962.0,7875467.3,1200.7237862119612,1120.5923494899985,1338.5060612393027,978.7575210974649
2024-11-21,1137.0283256912808,1151.0163718772894,1114.7973237170884,1138.1773681640625,8126248,1158.0927734375,1184.5216748046876,1153.4517092895508,1155.070982255893,43.33937167282152,-12.008736557828797,-9.897378168154017,-2.1113583896747805,1191.980849234296,1158.0927734375,1124.204697640704,0.058523939660219244,26.808354905913433,0.02355375854042561,19.74977690619381,16.78475637171527,21.915848816383207,406605210.0,8463963.7,1200.7237862119612,1114.7973237170884,1338.5060612393027,978.7575210974649
2024-11-22,1135.6794703132584,1146.919864248595,1126.5872649454466,1141.424560546875,16687505,1157.1935424804688,1183.6264428710938,1153.8968936157225,1153.7713230455101,44.428377803273186,-11.60923196833619,-10.239748928190451,-1.369483040145738,1191.8401367584563,1157.1935424804688,1122.5469482024812,0.05988037956679546,26.345800934287368,0.023081508708437698,19.28610923242742,15.859486327033434,20.70772413679317,423292715.0,8507463.8,1200.7237862119612,1114.7973237170884,1338.5060612393027,978.7575210974649
2024-11-25,1159.0094383509029,1163.5055956548504,1141.024809135113,1154.9129638671875,12385823,1156.621533203125,1183.022958984375,1154.3413803100586,1153.8800507428127,48.828029406665905,-10.087932871605517,-10.209385716873465,0.12145284526794775,1191.0212169885422,1156.621533203125,1122.2218494177077,0.05948304228808779,26.06972847610523,0.02257289448792021,17.909500031228475,19.42695023003771,19.43222746788422,435678538.0,9016747.35,1200.7237862119612,1114.7973237170884,1338.5060612393027,978.7575210974649
2024-11-26,1156.1119336772122,1158.609798939658,1141.674321246706,1143.822509765625,5127437,1154.3959411621095,1181.8529614257814,1154.648049621582,1152.9221896973663,45.62926568980959,-9.66577826122466,-10.100664225743703,0.4348859645190437,1185.9419020402338,1154.3959411621095,1122.8499802839851,0.05465362403538527,25.417281991594283,0.022221351454958176,16.631220058686598,18.502369291166225,18.507395371035553,430551101.0,9383703.5,1192.9805076128803,1114.7973237170884,1338.5060612393027,978.7575210974649
2024-11-27,1144.2220616490547,1154.463309144657,1132.5821071903288,1148.6683349609375,5989943,1153.2993774414062,1180.4981201171875,1155.064807434082,1152.5170606748493,47.255173546682244,-8.838317473850339,-9.84819487536503,1.0098774015146912,1184.0302603053647,1153.2993774414062,1122.5684945774478,0.05329211732019634,25.164704846075274,0.021907720514408577,15.938497381534113,17.353214207346777,19.938700937871243,436541044.0,9000139.55,1190.1828090793306,1114.7973237170884,1338.5060612393027,978.7575210974649
2024-11-28,1147.5192965947504,1153.464167107178,1128.43563046558,1131.532958984375,10731275,1150.5841979980469,1178.5288012695312,1155.4235940551757,1150.518574799566,42.42399715955822,-9.456224997840081,-9.76980089986004,0.31357590201995933,1178.8316804839098,1150.5841979980469,1122.336715512184,0.049101113217115334,25.15497854575546,0.022230884523534958,15.513769732361416,16.11992935041176,19.69907545441645,425809769.0,8871024.55,1186.635905210707,1114.7973237170884,1338.5060612393027,978.7575210974649
2024-11-29,1132.582060260801,1139.925759377213,1126.736958261915,1135.3297119140625,6406277,1148.8806518554688,1176.6144384765626,1155.8585214233399,1149.0720164295183,43.79513409399907,-9.529702453892924,-9.721781210666618,0.1920787567736948,1176.4857274677759,1148.8806518554688,1121.2755762431618,0.0480556018899338,24.300251586437053,0.021403695623775264,15.211282292486246,15.495001834041359,19.434704388024326,432216046.0,8912141.0,1185.9864747171694,1114.7973237170884,1338.5060612393027,985.0473060514076
2024-12-02,1131.7327610004063,1140.4254054214641,1125.6379940634379,1136.1290283203125,4785858,1147.7591064453125,1174.5492041015625,1156.2023501586914,1147.8393508953081,44.09696643194288,-9.41490653145388,-9.660406274824071,0.24549974337019087,1175.522244116562,1147.7591064453125,1119.995968774063,0.04837798718449525,23.620762998693422,0.020790563756314783,14.99289378834543,14.802115766794945,18.897971549058372,437001904.0,8748126.85,1185.9864747171694,1114.7973237170884,1338.5060612393027,986.395068755515
2024-12-03,1143.422805606189,1163.9053003762572,1137.0282462603673,1159.509033203125,8382042,1147.3069885253906,1172.9066088867187,1156.8288088989257,1148.9507492103382,52.185376258002364,-7.3526027094731035,-9.198845561753878,1.8462428522807741,1173.9738687752008,1147.3069885253906,1120.6401082755804,0.04648604168982636,23.91758507421137,0.020627338286567227,14.535356087875488,20.58638912205575,17.330340758863496,445383946.0,8553305.05,1185.9864747171694,1114.7973237170884,1338.5060612393027,993.783089670506
2024-12-04,1156.5116747211634,1167.0027093514634,1152.9147729554202,1158.4599609375,18379798,1148.3161254882812,1171.1970703125,1157.372648010254,1149.856388422449,51.82305296194296,-5.736733938974339,-8.50642323719797,2.7696892982236303,1175.0671907658686,1148.3161254882812,1121.5650602106937,0.0465918133235524,23.215467311485074,0.020039939311064,14.277655798175353,20.647066516509764,16.579152106866815,427004148.0,8949368.1,1185.9864747171694,1114.7973237170884,1338.5060612393027,994.082634977829
2024-12-05,1163.00607766556,1175.895086940121,1149.1179222761664,1165.404052734375,10640451,1148.0513549804687,1169.5904443359375,1157.9746694946289,1151.3371183569184,54.09501973376013,-3.8514193579042058,-7.575422461339217,3.7240031034350114,1174.003922727392,1148.0513549804687,1122.0987872335454,0.04521151015472608,23.4698742652329,0.02013883014235774,14.505002632959215,21.67077356180617,15.228050200843652,437644599.0,9403925.35,1185.9864747171694,1114.7973237170884,1338.5060612393027,994.082634977829
2024-12-06,1166.503084244846,1192.8305598686338,1159.0094884145792,1183.53857421875,7542210,1148.9530883789062,1168.4913842773437,1158.5473086547852,1154.403923677093,59.47041262540543,-0.8838017260284232,-6.237098314277058,5.353296588248635,1178.2998687280563,1148.9530883789062,1119.606308029756,0.051084383942178846,24.20924549300588,0.020454969546714035,15.48702226069991,24.505046443303684,13.708474389854246,445186809.0,9350895.45,1192.8305598686338,1114.7973237170884,1338.5060612393027,994.082634977829
2024-12-09,1183.2387822026365,1184.9872878972571,1160.008635116961,1162.2567138671875,6308112,1149.1204467773437,1166.3961767578126,1158.8832510375976,1155.151808457102,51.80385108677053,-0.24637162395970336,-5.038952976213587,4.792581352253884,1178.7294413986745,1149.1204467773437,1119.5114521560129,0.051533317859529665,24.26420315638376,0.020876801886262505,16.39889762931627,22.703147329007365,12.700466185561202,438878697.0,9210330.65,1192.8305598686338,1114.7973237170884,1338.5060612393027,994.082634977829
2024-12-10,1156.0120320175192,1164.0552068694128,1150.2669419707597,1152.6649169921875,4714389,1148.75576171875,1163.9292846679687,1159.2942837524415,1154.9149616509198,48.75329698070824,-0.5093105069659032,-4.133024482364051,3.6237139753981475,1177.9992232740678,1148.75576171875,1119.512300163432,0.05091327944517003,23.515921852260142,0.02040135125620339,16.510625151475253,21.752311273054136,15.127551021156233,434164308.0,9213091.8,1192.8305598686338,1114.7973237170884,1338.5060612393027,994.082634977829
2024-12-11,1149.018037571162,1157.3608832768325,1143.572740005626,1146.2703857421875,7788242,1147.5692749023438,1161.4134350585937,1159.6905661010742,1154.091668707231,46.77573226230796,-1.2196177029741193,-3.5503431264860645,2.3307254235119452,1175.1467999775728,1147.5692749023438,1119.9917498271147,0.04806250163429272,22.821080525042028,0.01990898553159936,16.142121569189378,20.81356774103263,16.569949719104127,426376066.0,9259502.85,1192.8305598686338,1114.7973237170884,1338.5060612393027,994.082634977829
2024-12-12,1144.022283571999,1153.5641776056896,1142.6234546399185,1144.6717529296875,4825283,1146.944805908203,1159.6839135742186,1160.107808532715,1153.1945338712746,46.27042574196352,-1.8897536768783993,-3.218225236564532,1.3284715596861325,1174.188858878695,1146.944805908203,1119.700752937711,0.04750717354514534,21.972483556522675,0.019195444895260167,15.732439641016825,20.073305890997187,16.289213222214496,421550783.0,9317881.05,1192.8305598686338,1114.7973237170884,1338.5060612393027,994.082634977829
2024-12-13,1140.0257583610694,1151.7157195420548,1112.6991355227563,1147.169677734375,8731618,1147.3944213867187,1158.1152563476562,1160.4094985961915,1152.6207380487126,47.2296921930329,-2.193988672846899,-3.0133779238210057,0.8193892509741065,1174.3400393327422,1147.3944213867187,1120.4488034406952,0.046968361434871805,23.189919303863807,0.020214899115589584,15.629227212387487,17.66095281027523,23.5487790969396,430282401.0,9078840.8,1192.8305598686338,1112.6991355227563,1338.5060612393027,994.082634977829
2024-12-16,1145.5209692270178,1154.0137108218105,1140.7750253946338,1149.917236328125,3975202,1147.903985595703,1157.6196801757812,1160.7468905639648,1152.363261694371,48.32258834148866,-2.188168241436415,-2.8483359873440874,0.6601677459076725,1174.6348579854098,1147.903985595703,1121.1731132059963,0.04657335931425449,22.479116884100446,0.019548465032040014,15.385129582357454,17.648215049380642,22.55816163926662,434257603.0,9111466.05,1192.8305598686338,1112.6991355227563,1338.5060612393027,994.082634977829
2024-12-17,1144.2721002862004,1150.8664403216148,1129.035121871562,1135.27978515625,7292817,1148.4060607910155,1156.7773999023439,1160.9277310180664,1150.7362639288356,43.1906419930582,-3.3263316067038886,-2.943935111216048,-0.3823964954878405,1173.7567703936586,1148.4060607910155,1123.0553511883725,0.04414938316362009,22.432845567382756,0.019759750733424092,15.728099259816178,16.421430353377808,24.728181041860488,426964786.0,9011432.5,1192.8305598686338,1112.6991355227563,1338.5060612393027,994.082634977829
2024-12-18,1135.229787819368,1138.9267016920649,1114.997078620928,1121.291748046875,7222127,1147.8215637207031,1156.3088012695312,1161.0590975952148,1147.93202432103,38.93515006163863,-5.296002940277049,-3.4143486770282485,-1.8816542632488003,1175.0382291105025,1147.8215637207031,1120.6048983309038,0.04742316445349848,22.53975824622233,0.020101600038957987,16.643626693742124,15.176143075567225,27.301628194430013,419742659.0,8902324.8,1192.8305598686338,1112.6991355227563,1338.5060612393027,994.082634977829
2024-12-19,1103.956540634929,1118.0944822195825,1100.1098525767634,1107.953125,11677610,1146.3103515625,1155.4215576171875,1161.1816775512696,1144.1245100999795,35.35762934237803,-7.8428891234225375,-4.300056766307106,-3.542832357115431,1178.4181108398184,1146.3103515625,1114.2025922851817,0.05601931315294021,22.44276804792871,0.020256062771544337,18.039008708704042,14.15303437913416,30.19922839843688,408065049.0,8302132.85,1192.8305598686338,1100.1098525767634,1338.5060612393027,994.082634977829
2024-12-20,1103.0072568859084,1104.9056588150418,1064.0905661860045,1070.9346923828125,12623056,1142.7858581542969,1153.4572338867188,1161.149864807129,1137.154051269773,27.739743555714554,-12.701972477133495,-5.980439908472384,-6.721532568661111,1188.7504510411823,1142.7858581542969,1096.8212652674115,0.08044305511641942,23.97275310264777,0.02238488796110319,20.32734213323639,12.303350221358546,36.984649680557375,395441993.0,8479700.95,1192.8305598686338,1064.0905661860045,1338.5060612393027,994.082634977829
2024-12-23,1074.181925218324,1082.6247827661366,1071.4842795912562,1078.228515625,3886921,1138.9516357421876,1151.3570288085937,1161.1787319946288,1131.5420954940803,30.89880983068626,-15.782351342035781,-7.940822195185064,-7.841529146850717,1192.412420524396,1138.9516357421876,1085.490850959979,0.09387718161951851,23.095420051267507,0.021419782278601807,22.45222317030214,11.858527098771276,35.64748321266786,399328914.0,8276478.5,1192.8305598686338,1064.0905661860045,1338.5060612393027,994.082634977829
2024-12-24,1076.3801503868544,1083.8237401012339,1075.0812116606846,1077.978759765625,4343694,1135.6594482421874,1149.487626953125,1161.201858215332,1126.4408254247035,30.849076614840158,-18.035821275205308,-9.959822011189113,-8.075999264016195,1195.2706447878797,1135.6594482421874,1076.048251696495,0.1049807609806982,22.070213507644773,0.020473699790191875,24.335969114974166,11.911029092918515,34.63885443112416,394985220.0,7851533.4,1192.8305598686338,1064.0905661860045,1338.5060612393027,994.082634977829
2024-12-26,1082.075186563399,1091.666964377949,1071.8339394144841,1075.780517578125,4775460,1132.0150573730468,1147.736123046875,1161.0934384155273,1121.6160342012197,30.385506103967913,-19.771182322985624,-11.922094073548415,-7.849088249437209,1196.695962245682,1132.0150573730468,1067.3341525004116,0.11427569704370127,21.910414325917635,0.020366993051002584,25.49551804245783,13.697820270908274,32.39923692575734,390209760.0,7812346.25,1192.8305598686338,1064.0905661860045,1338.5060612393027,994.082634977829
2024-12-27,1077.1793765790876,1085.3224416159574,1075.081194180686,1076.5299072265625,3801667,1129.2649047851562,1146.2094262695311,1160.9513272094728,1117.3221173464904,30.767451068116472,-20.845702689627615,-13.706815796764255,-7.1388868928633595,1198.3231410187905,1129.2649047851562,1060.206668551522,0.12230653045358328,21.07690240515719,0.019578557236237953,26.572242046549807,13.222408968520678,31.27475411618569,394011427.0,7751622.1,1192.8305598686338,1064.0905661860045,1338.5060612393027,994.082634977829
2024-12-30,1073.1828578787208,1095.5637560852615,1063.0415000388418,1069.036376953125,9452155,1125.9502380371093,1144.545849609375,1160.8014492797852,1112.7234754042652,29.051021505696838,-22.04778000508145,-15.375008638427694,-6.672771366653755,1199.7284913707206,1125.9502380371093,1052.171984703498,0.13105064654052614,21.894427665247367,0.020480526329374284,27.953574898692768,11.819499592284169,31.884315128975068,384559272.0,7405141.7,1192.8305598686338,1063.0415000388418,1338.5060612393027,994.082634977829
2024-12-31,1061.093125882966,1069.5358613844005,1057.5961146394723,1063.790771484375,5292136,1122.3333251953125,1143.203994140625,1160.5045401000978,1108.063217888085,27.878559863631125,-23.156774577316355,-16.931361826205425,-6.22541275111093,1200.7102397367516,1122.3333251953125,1043.9564106538733,0.139667802393375,21.183379028081717,0.019913106595691933,29.3982753901166,11.343648651396647,32.43679643298066,379267136.0,7557435.6,1192.8305598686338,1057.5961146394723,1338.5060612393027,994.082634977829
2025-01-01,1063.2413952878649,1076.03039277255,1053.050031422574,1070.8848876953125,2985355,1117.902117919922,1140.7051318359374,1160.3107418823242,1104.5224245363925,31.88246272061211,-23.195837697399384,-18.18425700044422,-5.011580696955164,1197.3840657598432,1117.902117919922,1038.4201700800006,0.14219840282226712,21.31173490821702,0.019901051133593566,30.19877624987231,12.646659797445658,29.938476991750775,382252491.0,7582749.5,1192.8305598686338,1053.050031422574,1338.5060612393027,994.082634977829
2025-01-02,1071.0846105910884,1087.7703015405455,1066.5884531772265,1085.672119140625,6557076,1114.2627258300781,1138.632900390625,1160.2225778198242,1102.7271573558432,39.43069084821029,-21.782494468807954,-18.903904494116965,-2.878589974690989,1192.6410785271617,1114.2627258300781,1035.8843731329946,0.1406819969477037,21.30245729786716,0.01962144640384552,30.033188311111893,15.684911723025483,27.812121764944308,388809567.0,7312915.15,1192.8305598686338,1053.050031422574,1338.5060612393027,994.082634977829
2025-01-03,1085.0726691338768,1092.5662649151882,1078.8780120744239,1083.9736328125,7357220,1110.1912048339843,1136.8174536132813,1160.166355895996,1100.9411073993342,38.89751822638114,-20.562432507126232,-19.23561009671882,-1.3268224104074129,1185.9358799358083,1110.1912048339843,1034.4465297321603,0.1364533870778605,20.758585550931244,0.019150452485703545,29.52967329754554,16.59640136517346,26.502166855572902,381452347.0,6721779.05,1192.8305598686338,1053.050031422574,1338.5060612393027,994.082634977829
2025-01-06,1086.8211254988164,1089.0692041311972,1058.994932153449,1062.491943359375,5283413,1104.1388732910157,1134.8791088867188,1160.0855905151368,1097.2792822526715,32.847851092182935,-21.085852835321248,-19.605658644439306,-1.4801941908819423,1174.6357493052642,1104.1388732910157,1033.6419972767671,0.127695668940854,21.423991724275307,0.020163909814259084,29.86526659498266,14.93229675181761,30.473931092785165,376168934.0,6557617.5,1184.9872878972571,1053.050031422574,1338.5060612393027,994.082634977829
2025-01-07,1063.6410686595937,1069.585939386801,1055.0983204039812,1066.5885009765625,4619462,1099.3554626464843,1132.8838159179688,1160.1358779907227,1094.3563507025658,34.926351251684764,-20.92885444680587,-19.870297804912617,-1.0585566418932544,1166.323775091511,1099.3554626464843,1032.3871502014576,0.12183195466880833,20.928536528457062,0.019621940897820492,30.317319431678506,14.193956183103904,30.29702456011961,380788396.0,6444677.65,1164.0552068694128,1053.050031422574,1338.5060612393027,994.082634977829
2025-01-08,1062.8417164055375,1081.425810390834,1058.1956624176928,1074.0321044921875,8780098,1095.4238220214843,1130.5977709960937,1160.282537536621,1092.4207082063392,38.64260942200725,-19.973552814137747,-19.890948806757642,-0.08260400738010532,1158.5332396137335,1095.4238220214843,1032.314404429235,0.11522374504470372,21.092937345934494,0.019639019408928593,29.870331068855556,17.08679786863801,27.913679868093304,389568494.0,6360245.15,1157.3608832768325,1053.050031422574,1338.5060612393027,994.082634977829
2025-01-09,1078.6781174845069,1079.2276966322133,1053.3497879534912,1060.8433837890625,9054190,1091.1524719238282,1128.402646484375,1160.2886251831055,1089.4133439761224,34.84551238761239,-20.04956996356009,-19.92267303811813,-0.12689692544195807,1151.417781973926,1091.1524719238282,1030.8871618737305,0.1104617578216965,21.434721012562186,0.02020535862325202,29.660240883731333,15.613318745685858,27.121373204412663,380514304.0,6563530.6,1154.0137108218105,1053.050031422574,1338.5060612393027,994.082634977829
2025-01-10,1055.3480496665616,1063.940681583058,1036.114487577964,1039.811279296875,5612886,1085.9094482421874,1125.4821411132812,1160.2422158813476,1084.689337816194,29.814280580027983,-21.558417148796934,-20.249821860253892,-1.3085952885430423,1144.8693611519273,1085.9094482421874,1026.9495353324476,0.10859084614316787,21.891254797743034,0.02105310380220726,30.125072584413758,14.195729717898708,30.282601133861142,374901418.0,6626828.0,1154.0137108218105,1036.114487577964,1338.5060612393027,994.082634977829
2025-01-13,1025.7233630583805,1062.0923055338462,1022.3762480127075,1048.404052734375,7180930,1080.9711669921876,1123.0622094726561,1160.318890686035,1081.2335963798303,34.006681009551386,-21.809419003768426,-20.5617412889568,-1.2476777148116263,1134.9108799916096,1080.9711669921876,1027.0314539927656,0.09979861562729699,23.1644549922713,0.02209496895004876,31.00310851720627,12.457233578574435,30.810252005054608,382082348.0,6666208.15,1154.0137108218105,1022.3762480127075,1338.5060612393027,994.082634977829
2025-01-14,1052.0508920133261,1060.094067323752,1044.607301966996,1050.7520751953125,6892897,1076.0129089355469,1120.9060522460939,1160.4030624389648,1078.3305943622572,35.14666792001779,-21.57022585617824,-20.763438202401087,-0.8067876537771532,1121.2133730157461,1076.0129089355469,1030.8124448553476,0.08401472455365637,22.61604858973449,0.021523677300880558,31.818427597656463,11.847924622401061,29.303259110506453,388975245.0,6588673.75,1150.8664403216148,1022.3762480127075,1338.5060612393027,994.082634977829
2025-01-15,1042.1093350734811,1052.0009054084283,1013.7835688153692,1025.9232177734375,11418721,1070.5450805664063,1118.0534887695312,1160.3745706176758,1073.3394156395125,29.369270711519093,-23.117658872703714,-21.234282336461614,-1.8833765362420998,1112.051420726903,1070.5450805664063,1029.0387404059097,0.07754244246965547,23.730426304257673,0.023130801499706623,33.41061581589606,10.485008515645463,35.21032534239505,377556524.0,6734558.5,1138.9267016920649,1013.7835688153692,1338.5060612393027,994.082634977829
2025-01-16,1033.0171728612916,1045.5563831841841,1026.1730464981413,1037.1136474609375,10261727,1066.3361755371093,1116.0302172851561,1160.3658401489258,1069.8893424796483,34.58817182550003,-23.17390221402502,-21.622206311974296,-1.5516959020507244,1103.219830984457,1066.3361755371093,1029.4525200897615,0.0691782878486133,23.437764811864028,0.02259903229433378,34.889076304261394,9.85765131738886,33.10356014296321,387818251.0,6940853.7,1118.0944822195825,1013.7835688153692,1338.5060612393027,994.082634977829
2025-01-17,999.1461051896173,1010.8361268169435,973.7677697245856,990.2037353515625,33831617,1060.4487060546876,1112.420302734375,1160.0611599731446,1062.3002370388783,25.936511207140285,-26.695978707101176,-22.636960790999673,-4.059017916101503,1105.5551406814081,1060.4487060546876,1015.342271427967,0.08507046945162552,26.288344306470304,0.02654841965137293,37.19906605874121,8.160968972872697,41.64497075894301,353986634.0,7092833.7,1104.9056588150418,973.7677697245856,1338.5060612393027,973.7677697245856
2025-01-20,991.2028832561386,993.3510717794115,975.6661734888432,987.206298828125,33440507,1056.2622863769532,1108.8543505859375,1159.7696975708009,1055.148433399759,25.497635209686692,-29.39032441486097,-23.987633515771932,-5.402690899089038,1111.1748065092115,1056.2622863769532,1001.3497662446949,0.1039751600345625,25.67381244819159,0.0260065322503189,39.3440565450439,7.75943167398113,39.59594825603329,320546127.0,8200534.05,1095.5637560852615,973.7677697245856,1338.5060612393027,973.7677697245856
2025-01-21,992.7515647509814,993.6008755464943,962.1777177393942,969.37158203125,11894500,1050.8194396972656,1105.0635913085937,1159.3596090698243,1046.9792094599009,23.003473555523996,-32.58905900827153,-25.707918614271854,-6.881140393999679,1116.4729422864207,1050.8194396972656,985.1659371081106,0.12495677203701028,26.08447997382791,0.026908649332560087,41.519891728101506,7.091749900239031,39.88242359768901,308651627.0,9241406.6,1095.5637560852615,962.1777177393942,1338.5060612393027,962.1777177393942
2025-01-22,974.9168003898411,974.9168003898411,953.185372863857,958.4808349609375,17303146,1044.8445434570312,1101.0340356445313,1158.9245193481445,1038.550792840952,21.613140918689624,-35.59258235620189,-27.68485136265786,-7.907730993544028,1120.510537889888,1044.8445434570312,969.1785490241747,0.14483684660400076,25.773547656124784,0.026889997917564176,43.655558338169485,6.664640205541684,39.97258383820826,291348481.0,9641785.55,1095.5637560852615,953.185372863857,1338.5060612393027,953.185372863857
2025-01-23,953.1854083200985,962.8771379807579,947.1905315382111,950.2379150390625,24649522,1038.5674133300781,1096.6387915039063,1158.3680947875976,1030.1400425741053,20.5983739372804,-38.197711555827254,-29.78742340129174,-8.410288154535515,1123.222059937037,1038.5674133300781,953.912766723119,0.16302195797867586,25.053051855154926,0.026365030755613496,45.714103783229405,6.366571050448779,39.89403606926814,266698959.0,10289758.15,1095.5637560852615,947.1905315382111,1338.5060612393027,947.1905315382111
2025-01-24,947.1904904330852,960.978694236453,945.2920884746561,947.6900634765625,14421921,1032.125421142578,1092.4493701171875,1157.8004287719727,1022.2876636124346,20.281399609309148,-40.00671305845867,-31.831281332725126,-8.175431725733546,1123.5798933868884,1032.125421142578,940.6709488982677,0.17721581189826505,24.384019991343635,0.025729952155340585,47.650074997085056,6.074020290453641,38.61697689613291,252277038.0,11283461.25,1095.5637560852615,945.2920884746561,1338.5060612393027,945.2920884746561
2025-01-27,942.2946747087996,948.9390207529837,932.7028964179103,947.2904052734375,12713296,1026.0381225585938,1088.631630859375,1157.2499832153321,1015.1450675801492,20.228814730058488,-40.999986536171946,-33.665022373414494,-7.334964162757451,1122.9020060705445,1026.0381225585938,929.174239046643,0.18881147080657162,23.802027444467186,0.02512643146385155,49.606220272016095,5.77807146580699,40.51336146979002,239563742.0,11814473.95,1092.5662649151882,932.7028964179103,1338.5060612393027,932.7028964179103
2025-01-28,959.180235428942,993.0013057953831,957.3817846841201,982.9598999023438,21781371,1021.9965789794921,1085.496309814453,1156.7932720947265,1012.0798135155964,36.142412425374765,-38.465526167559574,-34.625123132243516,-3.840403035316058,1118.9675529060812,1021.9965789794921,925.025605052903,0.18976770748766858,25.36694695000136,0.025806695626669558,48.48141461246585,17.441470811031166,35.29875163123199,261345113.0,11977531.0,1092.5662649151882,932.7028964179103,1338.5060612393027,932.7028964179103
2025-01-29,987.1563504180045,987.8058197786002,976.7652065467048,982.560302734375,11175206,1017.5803497314453,1082.6427502441406,1156.3148455810547,1009.2684315364324,36.05563522997766,-36.073360967173585,-34.91477069922953,-1.1585902679440565,1113.2798172962312,1017.5803497314453,921.8808821666593,0.18809220832545062,24.343637398708072,0.024775718427624206,47.43695221431205,16.876452144973932,34.15524408096563,250169907.0,12801992.75,1092.5662649151882,932.7028964179103,1338.5060612393027,932.7028964179103
2025-01-30,983.809246785376,990.5534830633907,973.9676209602275,983.8591918945312,10473118,1012.4897033691407,1079.6603002929687,1155.8039761352538,1006.8485039514894,36.58858988218299,-33.68444994022411,-34.66870654742844,0.9842566072043297,1103.8945985091555,1012.4897033691407,921.0848082291259,0.18055471544225618,23.789510591883438,0.024179791974168648,46.547539252712234,16.036014186325676,33.294313592080115,260643025.0,13211485.3,1092.5662649151882,932.7028964179103,1338.5060612393027,932.7028964179103
2025-01-31,981.1614599961304,989.154628713003,977.2148207455668,985.2579345703125,9036312,1007.5539184570313,1076.6019116210937,1155.371734313965,1004.7922592485202,37.19564504363235,-31.317347014030815,-33.99843464074892,2.681087626718103,1093.4825538320479,1007.5539184570313,921.6252830820148,0.17056880788396458,22.943103261565778,0.023286392787662907,45.721655788369546,15.439921795245484,32.05669389632053,269679337.0,13407287.4,1089.0692041311972,932.7028964179103,1338.5060612393027,932.7028964179103
2025-02-01,988.6550911139932,1004.0919109485104,981.1614951732605,997.2977294921875,4830391,1004.2942077636719,1073.719375,1155.0770657348633,1004.0784945098218,42.31472225943524,-28.145446869951797,-32.8278370865895,4.6823902166377,1086.505083495398,1004.2942077636719,922.0833320319459,0.1637187093108709,22.942197012543215,0.023004361018875593,44.03508664266355,18.988231851618014,29.76810588215153,274509728.0,13491242.0,1081.425810390834,932.7028964179103,1338.5060612393027,932.7028964179103
2025-02-03,986.2570909647077,999.6456730985736,982.5102930895256,988.55517578125,7124605,1000.3925415039063,1070.3922192382813,1154.7688845825196,1002.6000832023387,39.77923050890169,-26.03700577822724,-31.46967082491705,5.432665046689809,1077.6658468708756,1000.3925415039063,923.119236136937,0.15448596857949995,22.527424369436417,0.022788231675215407,42.46898672165084,17.956566868080298,28.150750843259797,267385123.0,13468590.9,1081.425810390834,932.7028964179103,1338.5060612393027,932.7028964179103
2025-02-04,993.1512442533443,1016.2314952547484,986.9565261066653,1014.4330444335938,16058171,997.4125885009765,1067.8044299316407,1154.729366760254,1003.7270318910297,49.437029569204384,-22.024043824943078,-29.580545424922256,7.556501599979178,1067.3447938131276,997.4125885009765,927.4803831888254,0.1402272361876905,23.009391853625473,0.02268202123332123,40.06059487862043,21.473467028290404,25.592440344677282,283443294.0,13593848.05,1079.2276966322133,932.7028964179103,1338.5060612393027,932.7028964179103
2025-02-05,1019.7285079133438,1021.1772819871264,1009.6371564724461,1012.4347534179688,7858373,994.9921569824219,1065.0797583007814,1154.654398803711,1004.5563387031192,48.78638262089012,-18.78840689042613,-27.422117718023035,8.633710827596904,1059.0820884417362,994.9921569824219,930.9022255231075,0.12882499828678873,22.190158543700818,0.021917618363837356,37.560602312906674,22.26780941341961,24.641761584403223,275584921.0,13957751.7,1063.940681583058,932.7028964179103,1338.5060612393027,932.7028964179103
2025-02-06,1011.135846962794,1020.9774115938708,1009.1874998832046,1019.8284301757812,5815563,993.9930145263672,1062.8456677246095,1154.4923513793944,1006.0108236052774,51.33830057962254,-15.449441836942924,-25.027582541807014,9.57814070486409,1055.8407591908988,993.9930145263672,932.1452698618357,0.12444301672281206,21.447283769912627,0.021030286208255537,35.2616397793422,21.393454580722942,23.823947286179827,281400484.0,13897960.85,1062.0923055338462,932.7028964179103,1338.5060612393027,932.7028964179103
2025-02-07,1018.6294771085081,1026.4727498171085,1006.7896198894281,1023.2255249023438,8638651,992.7340881347657,1060.603583984375,1154.3383038330078,1007.6503189669028,52.50920797487939,-12.38638824891052,-22.499343683227714,10.112955434317193,1051.02302065418,992.7340881347657,934.4451556153513,0.11743110912798949,21.321272781181754,0.020837315198149155,32.81250957883284,21.823754797545554,22.252981536765844,290039135.0,13908094.7,1060.094067323752,932.7028964179103,1338.5060612393027,932.7028964179103
2025-02-10,1020.1281486117224,1025.8732385769695,1005.3407988108239,1010.8860473632812,3960565,990.7407867431641,1058.0987243652344,1154.085119934082,1007.9584835760817,47.99192548878352,-10.829750304150366,-20.165425007412246,9.33567470326188,1043.413246461284,990.7407867431641,938.0683270250443,0.10632944645646139,21.264927565822028,0.021035929441590235,30.62121654592013,20.31861067344486,21.20489125425538,286078570.0,13980980.75,1052.0009054084283,932.7028964179103,1338.5060612393027,932.7028964179103
2025-02-11,1008.1384042718065,1015.4821036361709,1001.743844906005,1006.539794921875,4808215,989.771615600586,1055.0393395996093,1153.4919723510743,1007.8233703709192,46.475338915038016,-9.833455809374527,-18.099031167804704,8.265575358430176,1040.4962830040172,989.771615600586,939.0469481971547,0.10249772089625318,20.727308363275156,0.020592636742081276,28.798835272334543,19.35665567469589,21.44052624667177,281270355.0,13834364.15,1045.5563831841841,932.7028964179103,1338.5060612393027,932.7028964179103
2025-02-12,999.1460897554412,1009.7870200045517,983.1597523193541,1006.0402221679688,7669283,988.2179443359375,1051.9909448242188,1152.879853515625,1007.653546732543,46.294248879273596,-8.980672982618216,-16.275359530767407,7.2946865481491905,1034.779905434992,988.2179443359375,941.655983236883,0.09423419472582688,21.148734029126757,0.021021757940803045,28.086774117656557,17.615873151697183,25.789002091305797,273601072.0,13503838.85,1026.4727498171085,932.7028964179103,1338.5060612393027,932.7028964179103
2025-02-13,1002.1435394057845,1016.5812127633229,1000.195192312027,1007.339111328125,6348246,989.0747131347656,1048.8296459960939,1152.1297143554686,1007.6236005035507,46.87386207704768,-8.106579347937782,-14.641603494201483,6.5350241462637015,1036.3760359759756,989.0747131347656,941.7733902935555,0.09564762340610973,20.808540202138843,0.02065693664440751,26.968358132414274,18.95723592991228,24.33843312991638,279949318.0,13374216.65,1026.4727498171085,932.7028964179103,1338.5060612393027,932.7028964179103
2025-02-14,1009.6870990599269,1015.1324576088659,986.8066895087635,996.6482543945312,5375755,989.5468109130859,1045.0918395996093,1151.2929244995116,1006.5783294455488,42.78128897941847,-8.182197374181897,-13.349722270197567,5.167524896015671,1036.9524766959607,989.5468109130859,942.141145130211,0.09581288173549295,21.345485051993386,0.021417270293581033,26.571521852779625,17.160341151790576,26.511677816377386,274573563.0,12000048.1,1026.4727498171085,932.7028964179103,1338.5060612393027,932.7028964179103
2025-02-17,991.6025387766662,998.7964027455306,977.2148108389374,992.1021118164062,7166803,990.6833374023438,1041.6887475585938,1150.5135241699218,1005.1996420522971,41.13650700794638,-8.510853100415375,-12.38194843624113,3.871095335825755,1037.1809536738142,990.6833374023438,944.1857211308733,0.09386978566408753,21.362349827321943,0.021532410396960387,26.614743292362995,15.922022726050606,27.805755811136848,267406760.0,10596810.5,1026.4727498171085,932.7028964179103,1338.5060612393027,932.7028964179103
2025-02-18,992.1021599108303,996.4983662838368,985.7076002989517,993.3011474609375,3090004,992.4243530273437,1038.5014721679688,1149.781801147461,1004.0664520912153,41.77236096400625,-8.575707557012834,-11.620700260395472,3.044992703382638,1036.5137409852841,992.4243530273437,948.3349650694032,0.08885188644040799,20.607236695719315,0.020746212514095294,26.65487748626184,15.326493995122085,26.765741815702604,270496764.0,10360425.65,1026.4727498171085,932.7028964179103,1338.5060612393027,932.7028964179103
2025-02-19,990.8032596729911,1012.5846325710227,987.3062483045857,1010.4863891601562,6401381,995.4367767333985,1035.7857922363282,1149.125271911621,1004.6778746692097,50.09340010096113,-7.157888120426264,-10.72813783240163,3.5702497119753662,1035.6472686974546,995.4367767333985,955.2262847693423,0.08078964511640793,20.940890093627722,0.02072357462531711,25.55803834838079,19.49195216466711,24.457903269856637,276898145.0,9649768.55,1026.4727498171085,932.7028964179103,1338.5060612393027,932.7028964179103
2025-02-20,1007.5389474515373,1018.7793410298854,1005.6405454762012,1016.3314208984375,5011212,998.8688446044922,1033.218985595703,1148.5775881958007,1005.7877362148504,52.575759614435036,-5.499219213830997,-9.682354108687505,4.183134894856508,1033.5262364581058,998.8688446044922,964.2114527508787,0.06939327828837497,20.3835976264889,0.02005605377079633,24.1481946431274,20.76528014039315,23.33183193185932,281909357.0,8737361.5,1026.4727498171085,932.7028964179103,1338.5060612393027,932.7028964179103
2025-02-21,1011.1358844792248,1021.0274555684333,999.7956002866314,1008.0885009765625,5019937,1001.9087493896484,1030.4373620605468,1147.9839474487305,1006.0068566683468,48.88306007643792,-4.7945779934422035,-8.704798885638445,3.910220892196241,1027.3862700233767,1001.9087493896484,976.43122875592,0.05085796615559849,20.44418745901126,0.02028015143432985,23.159517155754386,19.224900216791607,23.64318986707086,276889420.0,8266826.05,1026.4727498171085,957.3817846841201,1338.5060612393027,932.7028964179103
2025-02-24,1000.4949167860066,1012.134993173767,997.6973199195476,1009.1875,4265454,1003.2201293945312,1027.6227673339845,1147.4606961059571,1006.3097750808852,49.39340807511288,-4.100200158009329,-7.783879140112622,3.6836789821032925,1027.32426701205,1003.2201293945312,979.1159917770125,0.04805353662922665,20.015150730097563,0.01983293563396055,22.357316549054914,18.234354777996195,23.173814674200155,281154874.0,7882158.1,1026.4727498171085,973.9676209602275,1338.5060612393027,932.7028964179103
2025-02-25,1003.1426606538377,1012.8343897910249,996.2485283338186,1008.23828125,5708975,1004.5040283203125,1025.0819372558594,1146.9104849243165,1006.4934423350866,48.93893333158853,-3.5851671654847905,-6.9441367451870555,3.358969579702265,1026.7320859628774,1004.5040283203125,982.2759706777476,0.044256781487942154,19.770201496319615,0.01960865984160886,21.69588457153114,17.14168406572792,22.308592908529427,275445899.0,7006362.25,1026.4727498171085,973.9676209602275,1338.5060612393027,932.7028964179103
2025-02-27,1006.7895881710506,1022.675974509891,1004.2917229306947,1015.8318481445312,9777690,1006.1026611328125,1022.9727392578125,1146.338837890625,1007.3828143169384,52.68922480639671,-2.5350400582112798,-6.062317407791901,3.527277349580621,1026.700867007814,1006.1026611328125,985.5044552578111,0.040946528959199986,19.67120507366795,0.019364627235893824,20.366950571022773,19.570983414793528,20.819371978486288,285223589.0,6733050.7,1026.4727498171085,977.2148108389374,1338.5060612393027,932.7028964179103
2025-02-28,1013.9334407248853,1034.615777000597,1009.0876065778273,1014.6828002929688,15026849,1007.5739044189453,1021.1073327636718,1145.8071212768555,1008.0780510765603,52.06605445432396,-1.7750634915751107,-5.2048666245485435,3.429803132973433,1026.1063378951364,1007.5739044189453,989.041470942754,0.03678625140034492,20.08955974146094,0.019798857076970745,19.45440571288922,22.039816757842676,18.929689395657796,270196740.0,6698279.3,1034.615777000597,977.2148108389374,1338.5060612393027,932.7028964179103
2025-03-03,1016.1815119995523,1018.5295418855362,991.1529148051625,1006.389892578125,6763184,1008.0285125732422,1019.8164367675781,1145.2079824829102,1007.9172740767093,47.682768185090566,-1.8209541075989364,-4.5280841211586225,2.707130013559686,1025.9668747848941,1008.0285125732422,990.0901503615902,0.0355909817786004,20.61006455138328,0.02047920463368857,18.62580295868712,19.948689168923526,23.349298932801766,263433556.0,6997806.15,1034.615777000597,977.2148108389374,1338.5060612393027,932.7028964179103
2025-03-04,1000.2451655910475,1010.2366268834685,997.7473002679423,1000.944580078125,5786420,1008.647982788086,1018.2707580566406,1144.5254580688477,1007.253207981606,45.00364014681783,-2.270540583314414,-4.076575413589781,1.806034830275367,1024.5992873179457,1008.647982788086,992.6966782582263,0.03162908130895662,20.030011841679208,0.020011109746071894,17.856386115499458,19.060216352119607,22.30937008246204,257647136.0,7094445.8,1034.615777000597,977.2148108389374,1338.5060612393027,932.7028964179103
2025-03-05,1002.1435659127035,1016.5312945423531,1001.6939379587069,1013.5838012695312,5133873,1008.6055206298828,1016.9828588867188,1143.8958972167968,1007.856121628075,51.77651144811802,-1.588648632115337,-3.5789900572948925,1.9903414251795555,1024.4994181139077,1008.6055206298828,992.7116231458577,0.0315165784024246,19.712633457575556,0.019448449583433697,16.716612036213128,20.264594885368673,21.049373969887498,262781009.0,7027536.55,1034.615777000597,977.2148108389374,1338.5060612393027,932.7028964179103
2025-03-06,1021.7267392253694,1038.612332076587,1014.2831498454004,1033.2169189453125,7861120,1009.64462890625,1016.1315869140625,1143.3829718017578,1010.2714356582882,60.014088932872234,0.5298760859191134,-2.7572168286520915,3.287092914571205,1028.7890425523174,1009.64462890625,990.5002152601826,0.03792307332295042,20.092340411109863,0.01944639121049211,16.642945011828463,26.3113579845685,19.176467983629667,270642129.0,6481321.65,1038.612332076587,977.2148108389374,1338.5060612393027,932.7028964179103
2025-03-07,1032.817337571361,1049.4531455409124,1029.8198990891383,1036.7640380859375,7597321,1010.4914093017578,1015.33626953125,1142.9459368896485,1012.7945406513976,61.30032130821101,2.4666114963273458,-1.712451163656204,4.17906265998355,1032.6271481620372,1010.4914093017578,988.3556704414784,0.04381182988101803,20.05954798544302,0.0193482289590954,17.078095370516568,28.332141201235157,17.835829877133747,278239450.0,6481459.0,1049.4531455409124,977.2148108389374,1338.5060612393027,932.7028964179103
2025-03-10,1035.1153504084468,1049.6029687298005,1031.468442782615,1034.9654541015625,5995655,1011.0784057617187,1014.6548510742188,1142.3039782714843,1014.9060562180799,60.24215825597934,3.8124104715820977,-0.6074788366085438,4.419889308190641,1035.0779246998395,1011.0784057617187,987.0788868235979,0.04747311148444557,19.92204641128177,0.0192489965074011,17.48902299228665,26.543714663380534,16.67615153808914,272243795.0,6570546.9,1049.6029687298005,977.2148108389374,1338.5060612393027,932.7028964179103
2025-03-11,1029.520113656347,1035.914672765481,1020.2280066108474,1024.774169921875,4771085,1011.7728118896484,1013.8745190429687,1141.5673846435548,1015.8458765708223,54.50126707551006,4.010385170378299,0.3160939647888248,3.6942912055894745,1036.5024601001394,1011.7728118896484,987.0431636791574,0.04888379667823731,19.619519250092623,0.019145212502368537,17.06994624147938,25.027795800273474,19.81606535941062,267472710.0,6438397.1,1049.6029687298005,977.2148108389374,1338.5060612393027,932.7028964179103
2025-03-12,1024.3245322593168,1028.9207018891527,998.3467946594548,1010.3365478515625,7504702,1011.9626495361329,1012.6635522460938,1140.6937084960937,1015.3211785975594,47.583212382453006,2.968072018010048,0.8464895754330695,2.1215824425769787,1036.5867642379242,1011.9626495361329,987.3385348343415,0.04866605444989221,20.401975534350147,0.020193247069735402,16.300889614928785,22.348792255203442,25.355678242623117,259968008.0,6478923.1,1049.6029687298005,977.2148108389374,1338.5060612393027,932.7028964179103
2025-03-13,1014.1332914267962,1015.132437526724,1004.2417206442948,1009.33740234375,4004140,1012.1275085449219,1011.1368579101562,1139.8330072021483,1014.7512951448156,47.137289506461876,2.0379168066366447,1.0847750216737846,0.9531417849628601,1036.6346843563826,1012.1275085449219,987.620332733461,0.04842705213435681,19.72259991635579,0.01954014571396896,15.586765604560377,21.46730035487485,24.355587287237984,255963868.0,6613747.45,1049.6029687298005,977.2148108389374,1338.5060612393027,932.7028964179103
2025-03-17,1010.2366012913976,1038.1128019842872,1010.2366012913976,1033.2669677734375,5938668,1013.4239013671875,1010.122724609375,1139.2100115966796,1016.5146925380177,57.42753138159554,3.194849802867566,1.5067899779125409,1.688059824955025,1039.4751724795349,1013.4239013671875,987.3726302548399,0.051412387407090546,20.369228468083033,0.0197134226713704,15.265422651336262,27.359613786222194,21.897952447198954,261902536.0,6430490.3,1049.6029687298005,977.2148108389374,1338.5060612393027,932.7028964179103
2025-03-18,1033.2669677734375,1033.2669677734375,1033.2669677734375,1033.2669677734375,0,1015.2548370361328,1009.5382250976562,1138.5460827636718,1018.1101473223434,57.42753138159554,4.064870243756559,2.0184060310813448,2.046464212675214,1041.4793373265888,1015.2548370361328,989.0303367456768,0.05166092164015508,18.914283577505675,0.018305321051986803,14.967032766199587,27.359613786222198,21.89795244719895,261902536.0,6410011.4,1049.6029687298005,977.2148108389374,1338.5060612393027,932.7028964179103
2025-03-19,1046.9053623518132,1057.646183234451,1042.6089852123262,1051.1517333984375,4822365,1018.2073181152343,1009.2294897460938,1138.000530395508,1021.2569650438761,63.57375513300406,6.126891832843171,2.84010319143371,3.286788641409461,1046.5509864392807,1018.2073181152343,989.863649791188,0.0556736684558745,19.30463585489909,0.0183652228708086,15.754098572992122,33.91213175573181,19.922650079126978,266724901.0,6141223.65,1057.646183234451,985.7076002989517,1338.5060612393027,932.7028964179103
2025-03-20,1055.3481090881514,1057.9958707491392,1046.0061170837591,1053.44970703125,3742644,1021.21474609375,1008.817841796875,1137.1582196044922,1024.3229404712451,64.28718306946024,7.855927819698422,3.8432681170866525,4.01265970261177,1051.0731916301324,1021.21474609375,991.3563005573675,0.05847633056728579,18.782144269933443,0.017829179831340806,16.498593603281016,32.49882380138153,19.014235365901268,270467545.0,6024001.75,1057.9958707491392,987.3062483045857,1338.5060612393027,932.7028964179103
2025-03-21,1053.4496491429936,1074.6316193008408,1049.6529672039042,1069.2362060546875,6848565,1024.1522369384766,1008.9856982421875,1136.8573388671875,1028.6003943363348,68.80697707984794,10.380381260617924,5.150690745792907,5.229690514825016,1060.141179057617,1024.1522369384766,988.1632948193363,0.0702804540596873,19.224751971862247,0.017979892434430874,17.805870926890815,35.6636353612859,17.249583321832308,277316110.0,6056633.75,1074.6316193008408,991.1529148051625,1338.5060612393027,932.7028964179103
2025-03-24,1081.0760349569089,1104.0063882058416,1072.783073887539,1096.9124755859375,8284863,1028.1812896728516,1010.1277221679687,1136.4290216064453,1035.1063068362969,74.82294901819755,14.44772803578985,7.010098203792296,7.437629831997555,1075.8976215101802,1028.1812896728516,980.4649578355228,0.09281696198247523,20.335139841811667,0.01853852544702735,19.866229179046034,41.626029964984454,15.14284606519437,285600973.0,6078992.95,1104.0063882058416,991.1529148051625,1338.5060612393027,932.7028964179103
2025-03-25,1109.002216272288,1122.5406953407569,1095.413853076155,1117.594970703125,11720528,1033.6566131591796,1011.5115405273438,1136.1717572021485,1042.962370061709,78.20570873717824,19.11963491416691,9.43200554586722,9.687629368299689,1094.279619472364,1033.6566131591796,973.0336068459953,0.11729815403183333,20.82026144343954,0.01862952320762562,22.198309662334147,44.1107248669649,13.733581489765571,297321501.0,6242675.5,1122.5406953407569,991.1529148051625,1338.5060612393027,932.7028964179103
2025-03-26,1114.047955120439,1117.8946433973692,1088.1201613639344,1095.31396484375,7127060,1037.9629364013672,1012.4027783203124,1135.7239654541015,1047.9482362314272,67.65917944159656,20.78467106184371,11.702538649062518,9.082132412781192,1103.090115970079,1037.9629364013672,972.8357568326552,0.12549037597529028,21.459848628439207,0.01959241762383676,23.878895545162468,39.73919228410917,14.800220939654466,290194441.0,6577705.05,1122.5406953407569,991.1529148051625,1338.5060612393027,932.7028964179103
2025-03-27,1091.067555947459,1107.053893763539,1087.1708617115737,1097.412109375,8508917,1042.4216278076171,1013.8325561523437,1135.2207727050782,1052.65908129272,68.09550264185171,22.019697566797277,13.765970432609471,8.253727134187805,1110.9209680309134,1042.4216278076171,973.9222875843208,0.13142348239140358,21.347218872976786,0.019452326697155263,25.374899098772197,37.09536969061775,14.13321099440648,298703358.0,6720785.35,1122.5406953407569,991.1529148051625,1338.5060612393027,932.7028964179103
2025-03-28,1097.462058532138,1106.0546902692902,1085.5721960050441,1101.0589599609375,4921190,1046.6829833984375,1015.1114624023437,1134.7627703857422,1057.268593546836,68.88136248523028,23.027291056829426,15.618234557453462,7.409056499375964,1118.556393454221,1046.6829833984375,974.8095733426541,0.13733558526464296,21.28545282949602,0.019331801114675248,26.649014593741708,34.545654825310855,13.698249804468018,303624548.0,6860782.45,1122.5406953407569,991.1529148051625,1338.5060612393027,932.7028964179103
2025-04-01,1092.2664595426536,1100.3096343737684,1069.0863189829122,1084.6729736328125,6638140,1050.1824920654296,1017.0008471679688,1134.2562829589845,1059.8785345074052,61.54583784961618,22.247152676043243,16.94401818117142,5.3031344948718235,1122.2979991166203,1050.1824920654296,978.0669850142391,0.1373390007852037,22.048823411533824,0.020327623115460672,26.707708948931273,30.967505297572096,17.620125675094666,296986408.0,6617957.45,1122.5406953407569,991.1529148051625,1338.5060612393027,932.7028964179103
2025-04-02,1090.76773491548,1094.664429049867,1079.8271340440042,1083.52392578125,4065344,1054.0391937255858,1018.9271997070313,1133.8101928710937,1062.1304765334858,61.054817379416896,21.290742404635466,17.81336302586423,3.4773793787712357,1124.6077536722275,1054.0391937255858,983.470633778944,0.1339012066471865,21.533714239700185,0.019873778259371425,26.76221085017873,29.443403514728182,16.752930700966374,292921064.0,6198522.0,1122.5406953407569,997.7473002679423,1338.5060612393027,932.7028964179103
2025-04-03,1077.9787109284953,1091.017493860897,1074.381809497697,1088.9193115234375,5345660,1058.4379302978516,1021.318154296875,1133.3591314697267,1064.6817941515765,62.565061326514304,20.729189716674227,18.39652836402623,2.332661352647996,1126.1287202404862,1058.4379302978516,990.747140355217,0.1279069617688134,21.183854962807313,0.019454017151344608,26.444924565123205,27.791838583694897,17.649287140466456,298266724.0,6063630.0,1122.5406953407569,998.3467946594548,1338.5060612393027,932.7028964179103
2025-04-04,1080.5764837084853,1100.9590880995302,1074.5316011481896,1090.3681640625,6059991,1062.2771484375,1023.9559008789063,1132.8611529541015,1067.128115095474,62.9802194769135,20.168574682593544,18.750937627739695,1.4176370548538486,1128.038946214309,1062.2771484375,996.5153506606911,0.12381288230390296,21.558400104845404,0.019771670537887857,26.55865737777017,28.65226213446196,16.103895806969803,304326715.0,6041592.0,1122.5406953407569,998.3467946594548,1338.5060612393027,932.7028964179103
2025-04-07,1034.1161611572818,1068.087126837811,1031.4683997330853,1047.0550537109375,9720457,1062.9690551757812,1025.8922436523437,1131.9731408691407,1065.2163949636133,46.410010708813125,16.04432817847305,18.209615737886367,-2.165287559413315,1127.7775588851339,1062.9690551757812,998.1605514664286,0.12193864608529996,24.225640406600352,0.023136930881275677,24.996303783810422,23.676390469742426,26.004281211316627,294606258.0,6087897.9,1122.5406953407569,998.3467946594548,1338.5060612393027,932.7028964179103
2025-04-08,1060.093978570394,1084.0234781220995,1059.3946251089444,1076.9295654296875,8723357,1064.9773315429688,1028.4770336914062,1131.170355834961,1066.3319350080014,55.17092978755003,15.013391502626973,17.57037089083449,-2.556979388207516,1128.8964057098503,1064.9773315429688,1001.0582573760875,0.12003837504085407,25.13583926406904,0.02334028154760522,23.56738235852948,25.717745130915958,23.272446813917362,303329615.0,6180864.75,1122.5406953407569,998.3467946594548,1338.5060612393027,932.7028964179103
2025-04-09,1072.1837048584816,1080.926233635811,1057.096622447392,1060.7435302734375,6690201,1066.2662353515625,1030.7460961914062,1130.296873779297,1065.799705985662,50.366598292611116,12.74339111446966,16.604974935561525,-3.861583821091866,1128.7357911957213,1066.2662353515625,1003.7966795074038,0.1171744049900664,25.042537258665465,0.02360847513461621,22.134396213797814,23.969736872628726,22.346099861960663,296639414.0,6237166.55,1122.5406953407569,998.3467946594548,1338.5060612393027,932.7028964179103
2025-04-11,1062.392153253822,1071.7840295190008,1056.6470628741667,1068.0372314453125,8144072,1068.4293884277345,1032.4476428222656,1129.506534423828,1066.012803648486,52.37899407132824,11.401510663219824,15.564282081093186,-4.162771417873362,1127.9276024274104,1068.4293884277345,1008.9311744280586,0.11137509814706896,24.33499650053465,0.02278478294956396,20.78178869431267,22.90475357490164,21.485210921553804,304783486.0,6271893.85,1122.5406953407569,998.3467946594548,1338.5060612393027,932.7028964179103
2025-04-15,1089.0692731441595,1116.0462184422258,1082.0752502891053,1111.849853515625,9320299,1073.5050537109375,1035.0334338378907,1128.7188604736327,1070.3782369691658,62.27400037416712,13.715272062713211,15.194480077417191,-1.4792080147039801,1129.5327226730756,1073.5050537109375,1017.4773847487995,0.10438268318990994,26.025995821704555,0.023407833116505246,21.18286842488048,32.03459463998484,18.654296293993497,314103785.0,6440543.2,1122.5406953407569,1004.2417206442948,1338.5060612393027,932.7028964179103
2025-04-16,1121.7413327534418,1162.5065444211673,1111.6499810412404,1160.3084716796875,12836428,1081.0536071777344,1038.5624194335937,1128.1038427734375,1078.9430212273107,69.75870075096377,19.23739344505975,16.003062750945702,3.2343306941140497,1141.0089758229362,1081.0536071777344,1021.0982385325327,0.11092025084995547,27.799607790149008,0.023958807910715068,22.675958230872137,39.786151085387374,16.216714622891153,326940213.0,6531323.05,1162.5065444211673,1010.2366012913976,1338.5060612393027,932.7028964179103
2025-04-17,1154.613187862119,1198.1759326401855,1152.6148956982988,1189.783203125,13446336,1088.8794189453124,1042.6529248046875,1127.6184777832032,1089.4992290270907,73.23675213716831,25.69587289472861,17.941624779702284,7.754248115026325,1161.3872484256922,1088.8794189453124,1016.3715894649328,0.13317880422537645,29.068281300987408,0.024431578143512808,24.682213921808856,44.096791028926624,14.401160985186603,340386549.0,6972937.45,1198.1759326401855,1031.4683997330853,1338.5060612393027,932.7028964179103
2025-04-21,1200.9736202361637,1237.6422335650964,1197.0769260268742,1221.9556884765625,15166580,1098.3138549804687,1047.146083984375,1127.4122827148437,1102.1141299270405,76.42405993750275,33.029570749212326,20.959213973604292,12.070356775608033,1186.770967527466,1098.3138549804687,1009.8567424334715,0.1610780236375517,30.41047766806662,0.02488672703506949,27.07793521604085,48.40968525188264,12.782297885515732,355553129.0,7348320.85,1237.6422335650964,1031.4683997330853,1338.5060612393027,932.7028964179103
2025-04-22,1229.3493484820563,1233.9453960091998,1211.0649266211587,1215.760986328125,8461710,1106.5443176269532,1051.6902001953124,1127.1918365478516,1112.9376400604772,74.58226506621784,37.90477578291575,24.348326335466584,13.556449447449165,1205.880168600238,1106.5443176269532,1007.2084666536683,0.17954247180323726,29.87261993377908,0.024571128922306673,29.302533560684843,45.76121048529565,12.08298341501997,347091419.0,8106649.85,1237.6422335650964,1031.4683997330853,1338.5060612393027,932.7028964179103
2025-04-23,1224.2538202977976,1228.9497583930292,1193.8797530955178,1205.8695068359375,9433911,1114.1653076171874,1055.5189294433594,1126.964364013672,1121.7882940390923,71.61444679597422,40.50335371840151,27.579331812053574,12.924021906347939,1219.258525487229,1114.1653076171874,1009.0720897471458,0.1886492375082105,30.24386174547425,0.025080542773513407,30.56507215700433,41.970958746078786,15.140905125561908,337657508.0,8288617.1,1237.6422335650964,1031.4683997330853,1338.5060612393027,932.7028964179103
2025-04-24,1198.0760451934377,1218.9582227468238,1198.0760451934377,1206.0692138671875,9078137,1121.0069580078125,1059.3916186523438,1126.6051062011718,1129.8150483084346,71.63898485976658,42.09363096700554,30.48219164304397,11.61143932396157,1231.2017513755986,1121.0069580078125,1010.8121646400264,0.19659965994076936,29.57517001746795,0.02452195087762581,31.737429425015282,39.854209623410284,14.377293842940576,346735645.0,8573180.45,1237.6422335650964,1031.4683997330853,1338.5060612393027,932.7028964179103
2025-04-25,1175.9950141977513,1178.8925624152441,1145.0214836623813,1165.30419921875,17243807,1124.4265441894531,1062.3011340332032,1126.037530517578,1133.1949674427503,60.19931683133427,39.607965181654436,32.30734635076607,7.300618830888368,1235.658097742835,1124.4265441894531,1013.1949906360712,0.19784583373307602,31.82321003084925,0.02730892933551973,30.696574352656107,34.39321560081484,24.315581457578578,329491838.0,8684659.05,1237.6422335650964,1031.4683997330853,1338.5060612393027,932.7028964179103
2025-04-28,1165.3041229955159,1194.9787128132273,1163.3058308336208,1191.781494140625,5523502,1128.1358703613282,1065.6722534179687,1125.5716412353515,1138.7746366520716,64.19820694302544,39.32128229309137,33.71013353923113,5.611148753860242,1243.0942362188275,1128.1358703613282,1013.1775045038289,0.203802341327343,31.81247231290334,0.02669320883845643,30.097596854060868,35.559161675735545,22.58637525596155,335015340.0,9132606.25,1237.6422335650964,1031.4683997330853,1338.5060612393027,932.7028964179103
2025-04-29,1192.9804852009415,1208.966823361088,1183.3887066980697,1186.2862548828125,6074520,1132.6844848632813,1069.1802575683594,1125.074282836914,1143.2995526740472,62.788189198905336,38.21020074680655,34.610146980746215,3.6000537660603342,1249.2756691471523,1132.6844848632813,1016.0933005794104,0.20586701034921273,31.36716119505441,0.026441477397167533,29.846458646885317,36.67332659572592,21.270811646301652,328940820.0,8822754.95,1237.6422335650964,1031.4683997330853,1338.5060612393027,932.7028964179103
2025-04-30,1184.0880493990605,1192.8805840933246,1173.996697920787,1183.9881591796875,6288257,1137.0132873535156,1072.7292248535157,1124.5576965332032,1147.1746580555366,62.17319495189386,36.720927504917654,35.03230308558051,1.6886244193371454,1254.4702387607153,1137.0132873535156,1019.5563359463158,0.2066061192311828,30.475498693446067,0.02573969887888124,29.267602565432973,35.05016102082024,22.530665146530048,322652563.0,8770127.95,1237.6422335650964,1031.4683997330853,1338.5060612393027,932.7028964179103
2025-05-02,1181.0905876428099,1209.4663614496308,1179.092295430584,1182.3895263671875,5249372,1141.079815673828,1076.2562109375,1124.021884765625,1150.5284550375986,61.7203114508257,35.00811961235604,35.027466390935615,-0.019346778579574675,1258.9070056823673,1141.079815673828,1023.2526256652889,0.2065187524835152,30.468253502417543,0.025768372285932883,29.10895580890672,36.442621703025246,20.92630690488064,317403191.0,8659094.95,1237.6422335650964,1031.4683997330853,1338.5060612393027,932.7028964179103
2025-05-05,1188.9838228735969,1188.9838228735969,1163.305817670235,1172.1981201171875,7236056,1145.456072998047,1079.5533911132814,1123.4096575927733,1152.5922326642262,58.780711529877614,32.45423350436772,34.51281981362204,-2.0585863092543164,1261.0586837000344,1145.456072998047,1029.8534622960594,0.20184555903469306,30.12609290962785,0.025700512901877092,28.372142742322982,34.223914217880925,23.395220200095064,310167135.0,8675504.05,1237.6422335650964,1031.4683997330853,1338.5060612393027,932.7028964179103
2025-05-06,1176.9941263517048,1177.7934920320934,1156.711411381114,1160.4083251953125,5348267,1149.30029296875,1082.8285925292969,1122.6308233642578,1153.3366224290917,55.48826962726994,29.142980309134828,33.438851912724594,-4.295871603589767,1261.4718013376769,1149.30029296875,1037.1287845998231,0.19519965157091781,29.480092034010102,0.025404929794043147,27.44703616501846,32.47573369053874,23.797963442199197,304818868.0,8705399.85,1237.6422335650964,1031.4683997330853,1338.5060612393027,932.7028964179103
2025-05-07,1158.0103867504365,1167.6021653881123,1151.9156196344402,1160.3084716796875,4263817,1152.8697509765625,1086.1927197265625,1121.9006982421874,1154.0006080720057,55.459935852521156,26.20861435938241,31.99280440205616,-5.78419004267375,1261.6196777973594,1152.8697509765625,1044.1198241557656,0.18865951982637755,28.494838728271677,0.024557985590695493,26.408664805195603,31.1987302923377,24.064355876333156,300555051.0,8769546.0,1237.6422335650964,1031.4683997330853,1338.5060612393027,932.7028964179103
2025-05-08,1169.000902041538,1177.9932166726269,1164.6046349397911,1171.198974609375,9912347,1156.9112915039063,1089.7506762695311,1121.2422607421875,1155.6385477422314,57.98009288504871,24.47969409844768,30.490182341334464,-6.010488242886783,1262.0165377984335,1156.9112915039063,1051.8060452093791,0.18169975013018932,27.72268917574794,0.023670349596228234,25.74496849258099,32.45444113429805,22.967853311246532,310467398.0,8715453.85,1237.6422335650964,1031.4683997330853,1338.5060612393027,932.7028964179103
2025-05-09,1159.0094902220203,1171.1990240051655,1147.5193099310263,1150.1170654296875,5379571,1162.0643920898438,1092.543289794922,1120.4514361572265,1155.112692283894,51.862546297186,21.164408328697846,28.625027538807142,-7.4606192101092965,1254.4572961529948,1162.0643920898438,1069.6714880266927,0.15901511945821292,27.433905239918744,0.023853141618822384,24.469495262316684,30.453497203850194,26.000233164320537,305087827.0,8908071.65,1237.6422335650964,1056.6470628741667,1338.5060612393027,932.7028964179103
2025-05-12,1183.9881482207568,1207.9676550201646,1174.1964674912338,1201.9727783203125,7616208,1168.316552734375,1096.2561169433593,1120.0050677490235,1159.5755576206957,62.377689591395445,22.462410439642326,27.39250411897418,-4.930093679331854,1253.457839937093,1168.316552734375,1083.1752655316568,0.14575037390928003,29.60652555067291,0.024631610702570417,24.30112869443919,35.073883847732446,22.371378689867807,312704035.0,8691027.35,1237.6422335650964,1056.6470628741667,1338.5060612393027,932.7028964179103
2025-05-13,1204.17088139939,1213.7627819342401,1188.983908829347,1192.580810546875,5569926,1174.9084167480469,1099.9459631347656,1119.560947265625,1162.7189150422366,59.82859724070035,22.474164972676363,26.408836289714618,-3.934671317038255,1244.7553058054623,1174.9084167480469,1105.0615276906315,0.1188975890576052,29.26169323311721,0.02453644480469113,24.28688432744239,34.36701472061559,21.018225977984294,307134109.0,8635669.9,1237.6422335650964,1056.6470628741667,1338.5060612393027,932.7028964179103
2025-05-14,1194.8788087975402,1198.3758200404661,1184.887348103466,1194.4791259765625,4084921,1181.2305114746093,1103.6517956542968,1119.2224865722656,1165.743697035982,60.182776984846505,22.378691094399755,25.602807250651647,-3.224116156251892,1231.3406388583194,1181.2305114746093,1131.1203840908993,0.08484394349271289,28.135034569108853,0.02355422874895924,24.104586481911028,33.19014314720709,21.338498557427826,311219030.0,8579656.15,1237.6422335650964,1082.0752502891053,1338.5060612393027,932.7028964179103
2025-05-15,1195.9778616685178,1215.960783333823,1183.9881086693347,1208.0675048828125,6705748,1186.0413940429687,1107.648380126953,1119.071865234375,1169.774535878537,62.71676340741496,23.13283505015852,25.108812810553022,-1.9759777603945032,1226.0383464936197,1186.0413940429687,1146.0444415923178,0.06744613240573273,28.409151718778812,0.0235161955800927,24.388280447524934,34.94339779085395,19.623133636194872,317924778.0,8376698.6,1237.6422335650964,1111.6499810412404,1338.5060612393027,932.7028964179103
2025-05-16,1204.9701644737838,1212.2639795957512,1202.1725066819429,1207.767822265625,4016269,1188.4143615722655,1111.487099609375,1119.2362249755859,1173.3929441058788,62.62210927148059,23.43616021925186,24.774282292292792,-1.3381220730409318,1227.647041620297,1188.4143615722655,1149.1816815242341,0.06602525401346847,27.100746089852343,0.022438705180118684,24.65171055845213,34.01398122699761,19.101201981310997,313908509.0,8245971.05,1237.6422335650964,1145.0214836623813,1338.5060612393027,932.7028964179103
2025-05-19,1206.9684600284695,1217.959066866477,1200.0743277095955,1201.77294921875,4550022,1189.013848876953,1115.2289025878906,1119.3633666992187,1176.095801735676,60.65018070849358,22.928505903899122,24.40512701461406,-1.4766211107149374,1228.675937462651,1189.013848876953,1149.351760291255,0.06671425841365877,26.44245988035443,0.022002874917049994,25.04805754932338,33.90911078368412,18.178389589627315,309358487.0,7804963.1,1237.6422335650964,1145.0214836623813,1338.5060612393027,932.7028964179103
2025-05-20,1206.9684640476505,1209.666109675897,1191.8813826402697,1194.7789306640625,4724482,1187.655010986328,1118.9966833496094,1119.4920068359374,1177.8751473479035,58.34196694709264,21.7115501207968,23.86641163585061,-2.1548615150538097,1224.4695432214235,1187.655010986328,1150.8404787512327,0.061995330116144616,25.82405039144534,0.021614082512396028,25.00916824725304,32.241052547363125,19.550302323840373,304634005.0,7360147.4,1233.9453960091998,1145.0214836623813,1338.5060612393027,932.7028964179103
2025-05-21,1196.0777462450546,1203.8711344442138,1181.6900183206467,1196.7772216796875,3712472,1186.7058227539062,1122.9133361816407,1119.6308880615234,1179.6753449033115,58.824140339065224,20.670077492880182,23.227144807256526,-2.5570673143763436,1221.4960473305118,1186.7058227539062,1151.9155981773006,0.058633275255817574,25.56384080088261,0.021360567646001426,24.48065082024578,30.242854791429675,21.186231621751954,308346477.0,6838042.5,1228.9497583930292,1145.0214836623813,1338.5060612393027,932.7028964179103
2025-05-22,1195.6780564317094,1195.6780564317094,1176.4945006220091,1187.485107421875,4795583,1185.786602783203,1126.3913623046874,1119.7427923583984,1180.4191318098412,55.60136225524835,18.87730119126354,22.35717608405793,-3.4798748927943883,1219.456351283482,1185.786602783203,1152.1168542829241,0.05678888329696331,25.186617962082305,0.021210049544759736,23.742050387033025,28.503247930567785,21.441007913079254,303550894.0,6600580.6,1218.9582227468238,1145.0214836623813,1338.5060612393027,932.7028964179103
2025-05-23,1187.485119395582,1212.0640886389942,1187.0854365692512,1209.066650390625,3676469,1185.936474609375,1129.9083569335937,1119.9316302490233,1183.147466912773,60.95222420893207,18.979183001563797,21.681577467559105,-2.702394465995308,1219.9905107674995,1185.936474609375,1151.8824384512504,0.05742978125256038,25.171763255486642,0.02081916927189593,23.614760081418197,31.132697951348614,19.921256619736486,307227363.0,6368664.2,1217.959066866477,1145.0214836623813,1338.5060612393027,932.7028964179103
2025-05-26,1215.1614996663016,1223.1546688717133,1207.6679035362279,1214.162353515625,3607612,1188.3793823242188,1133.4563232421874,1120.2031481933593,1186.1012656368544,62.113265295779556,19.249212783120356,21.195104530671358,-1.945891747551002,1223.1645526801776,1188.3793823242188,1153.59421196826,0.05854219767415754,24.47997768977227,0.020162029912136652,23.84357298157425,32.96192824776097,19.021057892995167,310834975.0,6098580.8,1223.1546688717133,1147.5193099310263,1338.5060612393027,932.7028964179103
2025-05-27,1214.1623415292133,1215.6610607404325,1189.3835904167063,1194.5791015625,7249163,1188.5192626953126,1136.6485961914063,1120.513383178711,1186.908678582154,55.307168944050524,17.67921359254501,20.49192634304609,-2.8127127505010776,1223.3804480077004,1188.5192626953126,1153.6580773829248,0.05866322306519441,24.60837002076898,0.020600033927080614,23.15449627026807,30.44781243323958,22.87748684240716,303585812.0,5416771.05,1223.1546688717133,1147.5193099310263,1338.5060612393027,932.7028964179103
2025-05-28,1194.5790654630853,1201.1734053999564,1190.6823712384548,1193.6798095703125,3525421,1188.8889404296874,1140.026708984375,1120.8560900878906,1187.553548200074,55.0090780588541,16.175946334540413,19.628730341344955,-3.452784006804542,1223.8043321489156,1188.8889404296874,1153.9735487104592,0.058736170439282726,23.599988887964166,0.019770786687310582,22.514639324055185,29.481017061620282,22.151068534293348,300060391.0,5503054.1,1223.1546688717133,1147.5193099310263,1338.5060612393027,932.7028964179103
2025-05-29,1198.9753285293477,1207.9676434933178,1187.984721351162,1200.673828125,7788068,1189.7232238769532,1143.8334545898438,1121.1803125,1188.8030986691144,56.95232377136201,15.371758979104015,18.777336068896766,-3.40557708979275,1224.9265425791978,1189.7232238769532,1154.5199051747086,0.059179005664069445,23.34162697754928,0.019440439552180548,22.172546488250106,29.75736865322428,20.796520167267442,307848459.0,5375599.15,1223.1546688717133,1147.5193099310263,1338.5060612393027,932.7028964179103
2025-05-30,1200.3741017035964,1207.767806945901,1188.584129401051,1191.181884765625,9998488,1190.162841796875,1147.4703442382813,1121.4503308105468,1189.0296497259249,53.57056889350029,13.809328857383207,17.783734626594054,-3.974405769210847,1225.2080912106603,1190.162841796875,1155.1175923830897,0.05889152002237772,23.04463058949932,0.019346021698469284,21.85488885500253,27.987958134145956,19.559932955104774,297849971.0,5450589.7,1223.1546688717133,1147.5193099310263,1338.5060612393027,932.7028964179103
2025-06-02,1188.7840792835677,1199.8745766070429,1178.1930330443174,1193.380126953125,3761853,1191.221942138672,1150.672607421875,1121.7083605957032,1189.44398089042,54.24812406716555,12.603189775751616,16.747625656425566,-4.144435880673949,1225.298424822307,1191.221942138672,1157.1454594550369,0.057212651107576985,22.947267230444044,0.019228799535175596,20.988205501727503,26.09908667624669,21.47432243352762,301611824.0,5688045.5,1223.1546688717133,1147.5193099310263,1338.5060612393027,932.7028964179103
2025-06-03,1193.9795608940237,1197.8762549838802,1173.8967491583935,1180.4910888671875,8155665,1192.2260803222657,1153.61708984375,1121.7942864990234,1188.5913245072552,49.67108516588602,10.486397545102136,15.495380034160881,-5.008982489058745,1223.695238917333,1192.2260803222657,1160.7569217271985,0.052790589158326344,23.02099855866138,0.019501204859371356,19.953143404688586,24.15724711306271,21.209609914391898,293456159.0,5514335.35,1223.1546688717133,1147.5193099310263,1338.5060612393027,932.7028964179103
2025-06-04,1180.7909490961636,1190.282837362319,1167.6021469572256,1170.0001220703125,4306355,1192.7106628417969,1155.9940576171875,1121.8512384033204,1186.8207337989747,46.25053232693578,7.871552747604937,13.970614576849693,-6.099061829244755,1222.4498719361882,1192.7106628417969,1162.9714537474056,0.049868270689445424,22.996690833406525,0.01965528925989677,18.654967024520715,22.455440017735537,21.670581902277316,289149804.0,5654705.25,1223.1546688717133,1147.5193099310263,1338.5060612393027,932.7028964179103
2025-06-05,1171.498848863261,1174.4962872825274,1156.0120836970516,1158.0103759765625,10481600,1192.0512329101562,1158.0852709960936,1121.8807135009765,1184.0768901968402,42.63679667068872,4.776733884564692,12.131838438392693,-7.355104553828001,1224.159683539314,1192.0512329101562,1159.9427822809982,0.05387092390445587,22.67437031569719,0.019580455223966065,17.782557342525337,21.14788779936804,24.059820966220173,278668204.0,5656832.15,1223.1546688717133,1147.5193099310263,1338.5060612393027,932.7028964179103
2025-06-06,1157.9104875951884,1200.1742961943326,1150.216989127201,1193.5799560546875,14715421,1194.2243774414062,1160.5721459960937,1122.0193450927734,1184.9819440880638,54.09577166355574,5.135041916795899,10.732479134073335,-5.597437217277436,1219.9310865194823,1194.2243774414062,1168.5176683633301,0.04305172388651454,24.623151512228212,0.020629662376049508,17.28063845792185,25.532000409276478,20.57307956876294,293383625.0,5685294.8,1223.1546688717133,1150.216989127201,1338.5060612393027,932.7028964179103
2025-06-09,1211.4646926212756,1223.4544462802078,1205.1700231639036,1218.8583984375,9138108,1195.0686584472655,1163.011064453125,1122.3523107910157,1188.2082730737243,60.18321365759343,7.3737625091466725,10.060735809088003,-2.6869732999413305,1222.7696170012323,1195.0686584472655,1167.3676998932988,0.04635877337785461,24.998247134606217,0.020509558096865395,17.68311195510604,30.00448402981159,18.816927109705617,302521733.0,6152087.3,1223.4544462802078,1150.216989127201,1338.5060612393027,932.7028964179103
2025-06-10,1223.3544631361597,1234.8446428531997,1217.3595867620518,1231.747314453125,7747558,1197.0269836425782,1165.294111328125,1122.676033935547,1192.354848443191,62.8857619375217,10.071890034210355,10.062966654112474,0.008923380097881406,1228.9617583931597,1197.0269836425782,1165.0922088919967,0.05335681682530379,24.461590631502055,0.019859260373027553,18.42564365755157,31.798519831569322,17.85619345840526,310269291.0,6228182.3,1234.8446428531997,1150.216989127201,1338.5060612393027,932.7028964179103
2025-06-11,1231.547437255107,1240.73965439643,1227.051279882547,1230.3485107421875,4135775,1198.8204528808594,1167.9948022460937,1122.9607904052734,1195.9732924716668,62.3908214005676,11.959442756003682,10.442261874490717,1.5171808815129655,1233.8594344392397,1198.8204528808594,1163.781471322479,0.05845576203538889,23.692075194529266,0.019256393605286207,19.3000251528936,32.263506856661124,17.119291647977352,306133516.0,6337063.9,1240.73965439643,1150.216989127201,1338.5060612393027,932.7028964179103
2025-06-12,1229.9489006576741,1236.0436677299426,1209.766197378075,1211.8643798828125,3461744,1199.0102966308593,1170.28384765625,1123.1753576660155,1197.4867293679663,56.10672863673254,11.827487096193636,10.7193069188313,1.1081801773623354,1234.2879563921297,1199.0102966308593,1163.732636869589,0.05884463187747138,23.87674627719629,0.019702490372318044,19.15950458791503,29.727257525465934,20.944461593897547,302671772.0,6339606.6,1240.73965439643,1150.216989127201,1338.5060612393027,932.7028964179103
2025-06-13,1196.9769975725644,1210.6652500104622,1194.5790225999053,1204.7703857421875,3906868,1198.8604248046875,1172.358076171875,1123.3744378662109,1198.180410927416,53.864395431935684,11.023414188016886,10.780128372668418,0.24328581534846805,1234.0132384366034,1198.8604248046875,1163.7076111727715,0.05864371348756943,23.40593277760421,0.01942771257876264,18.29102860113494,28.159137802966896,24.474351054765624,298764904.0,6177406.4,1240.73965439643,1150.216989127201,1338.5060612393027,932.7028964179103
2025-06-16,1205.070075190406,1216.9599380589093,1194.9787240709816,1214.3621826171875,5697424,1199.4898864746094,1174.9518603515626,1123.5997448730468,1199.7215320407277,56.40156741979838,11.032977168072193,10.830698131749173,0.20227903632302002,1235.2739577581792,1199.4898864746094,1163.7058151910396,0.05966548228054155,23.304167149770176,0.019190458566113403,17.73580470320634,28.191310991486887,22.825424784893467,304462328.0,6171936.35,1240.73965439643,1150.216989127201,1338.5060612393027,932.7028964179103
2025-06-17,1214.3621705402443,1225.9522406799451,1210.2656960037218,1214.0623779296875,4492946,1200.4540588378907,1177.5626293945313,1123.7688500976562,1201.0873268872954,56.29735372299856,10.890821554376544,10.842722816274648,0.04809873810189558,1236.7144245938373,1200.4540588378907,1164.193693081944,0.0604110844375815,22.760051258802545,0.018747019652824375,17.57166210516124,29.6255470369087,21.70173899761323,299969382.0,6229306.45,1240.73965439643,1150.216989127201,1338.5060612393027,932.7028964179103
2025-06-18,1208.7670098415024,1222.2554822950017,1202.872023413054,1219.9573974609375,3135662,1201.6130676269531,1180.1833911132812,1124.01888671875,1202.8844764657376,57.94287945057155,11.12559211532016,10.89929667608375,0.22629543923640938,1238.799263136228,1201.6130676269531,1164.4268721176782,0.06189379345335084,22.5188660890272,0.018458731539228397,17.03644541460096,27.804072511710658,22.712677027085224,303105044.0,6217729.65,1240.73965439643,1150.216989127201,1338.5060612393027,932.7028964179103
2025-06-19,1216.9599001780673,1226.751580345239,1212.763535515606,1216.4603271484375,4243763,1203.0618286132812,1182.705234375,1124.2292065429688,1204.1774146259947,56.58181829091075,10.90377321802157,10.900191984471316,0.0035812335502534154,1240.1911414808853,1203.0618286132812,1165.9325157456772,0.06172469607883991,21.909521713356188,0.018010880605301236,16.7289712457031,28.00191601776221,21.676904450953995,298861281.0,6188889.15,1240.73965439643,1150.216989127201,1338.5060612393027,932.7028964179103
2025-06-20,1216.4603740469724,1224.9531158781012,1213.1631431378685,1219.6575927734375,4652390,1203.591375732422,1186.15728515625,1124.4562622070312,1205.6517173067036,57.5632911618865,10.86077648830883,10.892308885238819,-0.03153239692998966,1241.3450046190767,1203.591375732422,1165.8377468457672,0.06273496079793774,21.186696786704516,0.017371020286543765,16.4434595174408,26.88887988594737,20.81527848705548,303513671.0,6161298.15,1240.73965439643,1150.216989127201,1338.5060612393027,932.7028964179103
2025-06-23,1211.5645133005319,1221.855766720184,1204.5704907342642,1213.063232421875,2312469,1203.5364196777343,1188.8799584960936,1124.5826538085937,1206.3575758891009,54.81124945911048,10.177274219169249,10.749301952024906,-0.5720277328556573,1241.2314924725968,1203.5364196777343,1165.841346882872,0.06264051868900797,20.908023872362744,0.01723572466261299,15.684063846999399,25.301035249914676,22.521620682476282,301201202.0,6210094.2,1240.73965439643,1150.216989127201,1338.5060612393027,932.7028964179103
2025-06-24,1221.85584819293,1237.3426134794584,1214.5620325296159,1220.1572265625,6745788,1204.8153259277344,1192.068232421875,1124.73052734375,1207.6718283341866,57.182790201308194,10.091689076854209,10.617779376990766,-0.5260903001365573,1242.9411654983128,1204.8153259277344,1166.689486357156,0.06328910124250059,21.1488350998785,0.017332876976404316,15.695144541070292,28.45686999221545,20.674808357211774,307946990.0,6145337.05,1240.73965439643,1150.216989127201,1338.5060612393027,932.7028964179103
2025-06-25,1225.2529376663326,1225.2529376663326,1209.9659532198973,1212.2640380859375,4229259,1205.7445373535156,1194.9527685546875,1124.908375854492,1208.109181643877,53.79960571495119,9.279974125891613,10.350218326770936,-1.0702442008793227,1243.644703911463,1205.7445373535156,1167.8443707955682,0.06286599753731305,20.730131481775416,0.01710034351469053,15.433168247634441,26.957948588337818,21.16943845401531,303717731.0,6120168.3,1240.73965439643,1150.216989127201,1338.5060612393027,932.7028964179103
2025-06-26,1214.162353992752,1237.9420811746302,1210.1657693884756,1232.44677734375,8678448,1207.333184814453,1197.36470703125,1125.1728997802734,1210.4270479010079,60.272056313757055,10.148279513927264,10.309830564202203,-0.1615510502749391,1246.8779307079697,1207.333184814453,1167.7884389209364,0.06550759374611903,21.233430074945357,0.017228679132667325,15.74988971712762,28.707622044262,19.19139547192424,312396179.0,6155360.2,1240.73965439643,1150.216989127201,1338.5060612393027,932.7028964179103
2025-06-27,1235.8438054880892,1245.935156459947,1219.3578952382181,1224.0538330078125,6068274,1208.9767822265626,1198.6396142578126,1125.504366455078,1211.724836958799,56.71385012917322,10.043403224035046,10.256545096168772,-0.21314187213372549,1248.4321290697753,1208.9767822265626,1169.5214353833499,0.0652706444379323,21.615132299715604,0.017658645164814125,16.370285866789573,28.827701803673165,17.50588736321856,306327905.0,6199879.2,1245.935156459947,1150.216989127201,1338.5060612393027,932.7028964179103
2025-06-30,1227.850614406535,1234.9445270212907,1192.0811367630172,1198.1759033203125,6559872,1209.216571044922,1198.8074682617187,1125.645994873047,1210.4344623265622,47.41855316048336,7.782444181680603,9.761724913271138,-1.979280731590535,1248.3468031640186,1209.216571044922,1170.0863389258252,0.0647199733382467,23.13286501104117,0.0193067353023348,15.406782794546096,25.012310547027795,23.611344947078823,299768033.0,6003368.5,1245.935156459947,1150.216989127201,1338.5060612393027,932.7028964179103
2025-07-01,1200.973663276553,1200.973663276553,1166.003548289299,1172.2982177734375,8702198,1208.8069274902343,1197.8143188476563,1125.5765551757813,1206.8024390357884,40.304623137760075,3.8580319062198214,8.580986311860874,-4.722954405641053,1249.279957160791,1208.8069274902343,1168.3338978196778,0.06696359650186327,23.97838286648494,0.020454166442415496,15.212700269757871,22.406739339718666,28.91989845752183,291065835.0,6143269.45,1245.935156459947,1150.216989127201,1338.5060612393027,932.7028964179103
2025-07-02,1178.9924468672707,1180.8908489291716,1170.999277735967,1174.2965087890625,5471100,1209.021746826172,1196.985029296875,1125.5226019287109,1203.7066361551479,41.04021207798586,0.8987915787579368,7.044547365240287,-6.14575578648235,1248.7065261720556,1209.021746826172,1169.3369674802882,0.06564775108481062,22.972182032679196,0.01956250560292321,15.03248078245452,21.717589501663255,28.03042752485241,296536935.0,6170596.1,1245.935156459947,1150.216989127201,1338.5060612393027,932.7028964179103
2025-07-03,1176.9941080825224,1179.9915463883353,1167.0026470631462,1170.0999755859375,6237185,1209.6262268066407,1196.269638671875,1125.361489868164,1200.506001815223,39.927498953042104,-1.7647103758133653,5.282695817029556,-7.047406192842922,1246.4497110476586,1209.6262268066407,1172.8027425656228,0.06088407050867321,22.25909041071562,0.01902323807807037,15.028507670890466,20.812381213986743,28.14459810628128,290299750.0,6228833.35,1245.935156459947,1150.216989127201,1338.5060612393027,932.7028964179103
2025-07-04,1174.0,1179.5,1162.0,1177.5999755859375,3926186,1208.8272277832032,1195.70025390625,1125.1674377441407,1198.324475507672,42.90679278689982,-3.2330983986164483,3.579536973900356,-6.812635372516804,1247.6480338842102,1208.8272277832032,1170.006421682196,0.0642288744144161,21.91915538137879,0.018613413583396597,15.23196215374591,19.625498048790302,28.169801891086106,294225936.0,6016612.6,1245.935156459947,1162.0,1338.5060612393027,932.7028964179103
2025-07-07,1177.5999755859375,1177.5999755859375,1167.5999755859375,1175.0999755859375,5783402,1206.639306640625,1195.8961694335937,1124.8929431152344,1196.1126183722688,42.15627110771924,-4.546130628463743,1.9544034534275365,-6.50053408189128,1247.8131772607628,1206.639306640625,1165.465436020487,0.06824553185619169,21.067787139851735,0.017928506150590932,15.42088417354025,18.96011194065575,27.214728302602754,288442534.0,5477150.85,1245.935156459947,1162.0,1338.5060612393027,932.7028964179103
2025-07-08,1180.0,1180.0,1161.9000244140625,1165.4000244140625,9973619,1203.3219421386718,1195.3685400390625,1124.5647039794922,1193.1876094238683,39.28497555262916,-6.296837105690656,0.304155341603898,-6.600992447294554,1246.5113072803176,1203.3219421386718,1160.132576997026,0.07178355788125172,20.855800600286432,0.017895829898212222,15.849296808074111,17.784770674317606,27.479845361866918,278468915.0,5309415.55,1245.935156459947,1161.9000244140625,1338.5060612393027,932.7028964179103
2025-07-09,1160.0,1171.0,1158.5999755859375,1164.699951171875,8674795,1200.0395141601562,1194.9368139648439,1124.19125,1190.4744991141547,39.0781006669917,-7.652560705678752,-1.287187867852632,-6.36537283782612,1244.474505808108,1200.0395141601562,1155.6045225122043,0.07405588086663885,20.251816586984724,0.017388011879461443,16.394088714328348,17.006951242617937,27.441944456522183,269794120.0,5420718.6,1245.935156459947,1158.5999755859375,1338.5060612393027,932.7028964179103
2025-07-10,1170.0999755859375,1176.5999755859375,1163.0,1164.300048828125,4339755,1197.6612976074218,1194.5430517578125,1123.8045562744142,1187.9816943250091,38.95191638312867,-8.659429688012096,-2.761636231884525,-5.897793456127571,1244.3447123651151,1197.6612976074218,1150.9778828497285,0.07795762433160887,19.77668508690992,0.016985900762277965,16.4971822464412,18.19414802602515,26.09400161733965,265454365.0,5647669.6,1245.935156459947,1158.5999755859375,1338.5060612393027,932.7028964179103
2025-07-11,1162.0,1175.9000244140625,1160.5999755859375,1173.800048828125,4468654,1196.1127807617188,1194.3712622070314,1123.4538720703124,1186.631061420544,43.61020779405186,-8.591769435560991,-3.9276628726198184,-4.664106562941173,1243.7941566604175,1196.1127807617188,1148.4314048630201,0.07972722416415248,19.45692535413957,0.01657601341349797,16.71406057259497,17.17221533508414,25.509424387080973,269923019.0,5691570.15,1245.935156459947,1158.5999755859375,1338.5060612393027,932.7028964179103
2025-07-14,1179.0,1179.9000244140625,1163.0,1172.699951171875,4772502,1194.0296691894532,1194.381298828125,1123.0886950683594,1185.304289015909,43.19913195145197,-8.528604441853531,-4.847851186466562,-3.6807532553869695,1241.9794364106513,1194.0296691894532,1146.0799019682552,0.08031587230784296,19.274289572705495,0.016435823633696552,16.610403447554802,17.57908281068236,23.91177463675225,265150517.0,5719659.45,1245.935156459947,1158.5999755859375,1338.5060612393027,932.7028964179103
2025-07-15,1174.0,1179.0,1162.300048828125,1165.9000244140625,4776756,1191.6215515136719,1194.4911328125,1122.7257373046875,1183.456263815733,40.648565171726794,-8.924368425277407,-5.663154634228731,-3.261213791048676,1240.1393580670303,1191.6215515136719,1143.1037449603134,0.08143156943029124,19.09040825836046,0.016373966771254318,16.554628972800987,16.480663494508686,22.679553919931895,260373761.0,5673413.35,1245.935156459947,1158.5999755859375,1338.5060612393027,932.7028964179103
2025-07-16,1164.9000244140625,1174.0,1157.0999755859375,1168.4000244140625,4388279,1189.043682861328,1194.6529638671875,1122.232651977539,1182.0223362536692,42.004309692497564,-8.933307518555011,-6.317185211093988,-2.6161223074610236,1236.7370760793856,1189.043682861328,1141.3502896432706,0.08022143156807762,18.933952269482035,0.016205025568171456,16.80818997079261,15.429929676486246,23.195340539371333,264762040.0,5687603.85,1245.935156459947,1157.0999755859375,1338.5060612393027,932.7028964179103
2025-07-17,1170.0,1172.9000244140625,1154.800048828125,1159.800048828125,5694428,1186.2106689453126,1194.4249853515626,1121.6516046142578,1179.9059279274268,38.727105045913014,-9.524544945858224,-6.958657158046836,-2.5658877878113886,1233.784395252585,1186.2106689453126,1138.6369426380402,0.08021126019642247,18.87438250637171,0.01627382454884581,17.178433658134576,14.373012032604,22.476897275163925,259067612.0,5750234.7,1245.935156459947,1154.800048828125,1323.2690953628965,932.7028964179103
2025-07-18,1090.0,1115.9000244140625,1086.0,1099.300048828125,38053695,1180.1927917480468,1193.4086450195311,1120.7877905273438,1172.2291775370172,24.340006056032777,-14.705434155900775,-8.508012557617624,-6.197421598283151,1238.548184695328,1180.1927917480468,1121.8373988007656,0.09889128853405026,22.797644386496945,0.020738327457366777,19.929979861865778,11.049582860240932,38.83575773423955,221013917.0,5822767.95,1245.935156459947,1086.0,1317.4740781396913,932.7028964179103
2025-07-21,1086.0,1101.5,1071.9000244140625,1099.5999755859375,15905500,1174.51962890625,1191.3611889648437,1120.1300512695314,1165.3121106845335,24.48977042827744,-18.57302631236621,-10.521015308567343,-8.052011003798867,1240.5465931623999,1174.51962890625,1108.4926646501003,0.11243228743249897,23.283525186456984,0.021174541381787523,22.76048991873274,10.046214352500145,39.634790145455774,236919417.0,7492833.2,1245.935156459947,1071.9000244140625,1317.4740781396913,932.7028964179103
2025-07-22,1102.0,1110.5999755859375,1095.0,1098.0,9999957,1168.411767578125,1189.4695727539063,1119.4920385742187,1158.901433476483,24.214411631375782,-21.519166067878132,-12.720645460429502,-8.79852060744863,1238.8733087654396,1168.411767578125,1097.9502263908103,0.12061080372952217,22.734700214991307,0.020705555751358202,24.738497239534965,12.412882462859672,37.69219090673422,226919460.0,8172484.75,1245.935156459947,1071.9000244140625,1307.882267202837,932.7028964179103
2025-07-23,1099.5,1110.5,1098.0999755859375,1104.800048828125,6633979,1163.0385681152343,1187.6759912109376,1119.14255859375,1153.7489206528298,27.923695831415273,-23.039708521743705,-14.784458072692344,-8.255250449051362,1235.6610820027831,1163.0385681152343,1090.4160542276854,0.12488410251989748,22.003650199634784,0.019916409510457866,26.57521832313703,11.909196453045066,36.1627291321796,233553439.0,8335193.2,1245.935156459947,1071.9000244140625,1291.2464721792971,932.7028964179103
2025-07-24,1104.0,1105.0,1089.4000244140625,1095.0999755859375,9901209,1156.1712280273437,1185.416640625,1118.7310894775392,1148.1633068369354,25.97097816341504,-24.74225094769031,-16.776016647691936,-7.966234299998373,1227.199522763502,1156.1712280273437,1085.1429332911853,0.12286812370750079,21.546244870084976,0.019675139576691685,28.491334771891342,11.293301349825281,37.17668581481675,223652230.0,8455429.2,1245.935156459947,1071.9000244140625,1289.9974581222002,932.7028964179103
2025-07-25,1086.0999755859375,1101.0,1076.199951171875,1086.0999755859375,11779887,1149.27353515625,1182.9832836914063,1118.4379809570312,1142.2525133844592,24.274789307499105,-26.51213745294558,-18.723240808742666,-7.788896644202914,1219.3812555392813,1149.27353515625,1079.165814773219,0.12200354091247674,21.778659438516407,0.020052168242400602,30.56553130217383,10.374727085820654,38.482104287385205,211872343.0,8516567.25,1234.9445270212907,1071.9000244140625,1280.5556852451584,932.7028964179103
2025-07-28,1080.9000244140625,1092.199951171875,1067.4000244140625,1073.5999755859375,9029557,1143.0447387695312,1180.41982421875,1118.044404296875,1135.7141764512667,22.114485073332716,-28.593819045918508,-20.697356456177836,-7.896462589740672,1216.7123031435076,1143.0447387695312,1069.377174395555,0.1288970796598535,21.994464247037556,0.020486647491803137,32.673016760221195,9.539151665664322,38.24061270374592,202842786.0,8802147.9,1200.973663276553,1067.4000244140625,1280.5556852451584,932.7028964179103
2025-07-29,1070.9000244140625,1078.699951171875,1055.4000244140625,1064.199951171875,15599773,1137.639825439453,1177.8082446289063,1117.5196496582032,1128.9032978532293,20.62780948155725,-30.648770172635295,-22.68763919946933,-7.9611309731659645,1217.528526692313,1137.639825439453,1057.751124186593,0.14044638639826146,22.087711569235765,0.020755227008715075,34.86026234891086,8.820388932416709,39.239864268387805,187243013.0,8925632.15,1180.8908489291716,1055.4000244140625,1280.5556852451584,932.7028964179103
2025-07-30,1070.5,1080.5999755859375,1062.0,1073.300048828125,8247433,1132.5900024414063,1175.338701171875,1116.9699560546876,1123.607750327029,25.82645461191416,-31.183567166315243,-24.386824792838514,-6.796742373476729,1215.2905503396073,1132.5900024414063,1049.8894545432054,0.1460379267341792,21.838587570428746,0.020347141131944465,36.73286568294248,8.905243395126544,36.852672609083776,195490446.0,9270510.9,1180.0,1055.4000244140625,1280.5556852451584,932.7028964179103
2025-07-31,1066.0,1081.300048828125,1063.9000244140625,1068.4000244140625,7634413,1127.5050048828125,1172.9569995117188,1116.4547119140625,1118.3498716686513,24.881449080357896,-31.63808451158684,-25.83707673658818,-5.801007774998659,1212.81985037144,1127.5050048828125,1042.190159394185,0.15133386569311896,21.521547344974014,0.020143716635327647,38.41004078804129,8.623319533598934,34.72444869853708,187856033.0,9409327.55,1180.0,1055.4000244140625,1280.5556852451584,932.7028964179103
2025-08-01,1065.0,1070.9000244140625,1060.0,1062.4000244140625,5545447,1121.7450073242187,1170.0236669921876,1115.9499334716797,1113.0213147872619,23.736153484568547,-32.11227235176739,-27.092115859624023,-5.020156492143364,1208.2998630612951,1121.7450073242187,1035.1901515871423,0.15432180249866612,20.762867135623193,0.019543360936079026,40.05595928164101,8.299959315459372,34.76402863967562,182310586.0,9479188.95,1180.0,1055.4000244140625,1280.5556852451584,932.7028964179103
2025-08-04,1064.4000244140625,1070.0,1059.0,1068.5999755859375,4465845,1116.4200073242187,1167.1124194335937,1115.5286096191405,1108.7907110538024,27.452254767478948,-31.623252220229233,-27.998343131745067,-3.6249090884841664,1202.2911253076056,1116.4200073242187,1030.5488893408317,0.15383299729498523,20.065519483078678,0.01877739092411667,41.60779759530837,7.974954193588327,33.75873511586093,186776431.0,9560152.0,1180.0,1055.4000244140625,1280.5556852451584,932.7028964179103
2025-08-05,1068.0,1079.9000244140625,1062.5,1070.800048828125,5318081,1111.690008544922,1164.6368383789063,1115.1215338134766,1105.172552746595,28.77846903107725,-30.70423342867616,-28.53952119113129,-2.1647122375448724,1196.665211149687,1111.690008544922,1026.714805940157,0.15287571526524377,19.875126978148952,0.018561006791043885,42.08550232932773,11.034190870496996,31.647687272530884,192094512.0,9494274.15,1179.9000244140625,1055.4000244140625,1280.5556852451584,932.7028964179103
2025-08-06,1074.0,1077.699951171875,1065.5999755859375,1071.0,4216651,1107.0050109863282,1162.1832421875,1114.8221160888672,1101.918023913586,28.905671701491855,-29.618348146042536,-28.75528658211354,-0.8630615639289942,1190.0839662327637,1107.0050109863282,1023.9260557398927,0.15009680068640907,19.31975902156242,0.018038990683064818,42.52908529663143,10.54056803155129,30.231904147072864,196311163.0,9261497.25,1179.9000244140625,1055.4000244140625,1280.5556852451584,932.7028964179103
2025-08-07,1067.800048828125,1079.699951171875,1064.5,1076.199951171875,5321131,1102.6000061035156,1159.6937646484375,1114.2239758300782,1099.4686836524706,32.29241472075768,-28.015241370769672,-28.60727753984477,0.5920361690750973,1182.3354599652987,1102.6000061035156,1022.8645522417326,0.14463169493996403,19.025487032299033,0.017678394253393306,42.73806696820304,10.689931133377552,28.506686562861468,201632294.0,9038590.05,1179.9000244140625,1055.4000244140625,1280.5556852451584,932.7028964179103
2025-08-08,1073.0,1080.4000244140625,1054.199951171875,1058.0999755859375,5084903,1096.8150024414062,1157.0321264648437,1113.5680572509766,1095.5288066937533,27.399636820026828,-27.883856720407948,-28.462593375957407,0.5787366555494593,1171.6884881321216,1096.8150024414062,1021.9415167506908,0.1365289233353923,19.537957475862495,0.018465133660969118,43.30630796405938,9.666001252293354,29.541769197424866,196547391.0,9087658.85,1179.9000244140625,1054.199951171875,1280.5556852451584,932.7028964179103
2025-08-11,1058.0999755859375,1075.4000244140625,1052.5999755859375,1073.300048828125,5452775,1091.8450073242188,1154.6305249023437,1113.0608276367188,1093.411782135122,36.14897545834281,-26.250613824361153,-28.02019746563816,1.7695836412770056,1158.6740502138186,1091.8450073242188,1025.015964434619,0.12241488936855155,19.7709640010241,0.018420724030163687,43.88964981045665,8.869792874212136,27.68639243109314,202000166.0,9118471.3,1179.0,1052.5999755859375,1280.5556852451584,932.7028964179103
2025-08-12,1071.0999755859375,1076.5999755859375,1066.300048828125,1070.0,4573025,1087.0500061035157,1152.420703125,1112.6137817382812,1091.1820885984437,35.15831716204636,-24.935107030849167,-27.403179378680363,2.468072347831196,1145.1255137162548,1087.0500061035157,1028.9744984907766,0.10684974432944125,19.0944613407947,0.01784529097270533,44.29488880687966,8.976917806242879,26.61963651563724,197427141.0,9152484.95,1174.0,1052.5999755859375,1280.5556852451584,932.7028964179103
2025-08-13,1071.0999755859375,1072.800048828125,1063.199951171875,1066.0,4966778,1081.9300048828125,1150.3407006835937,1112.112015991211,1088.7837944462108,33.94404566760868,-23.939366870338745,-26.710416877012044,2.771050006673299,1127.0183890858814,1081.9300048828125,1036.8416206797435,0.08334806133406496,18.416292506184366,0.017276071769403722,44.793295201598156,8.642666848979584,26.830857311736736,192460363.0,9142298.4,1172.9000244140625,1052.5999755859375,1280.5556852451584,932.7028964179103
2025-08-14,1067.0,1072.4000244140625,1062.0,1068.199951171875,6761305,1077.35,1148.5444921875,1111.5113439941406,1086.8234284200835,35.268213540747425,-22.710920589899388,-25.910517619589516,3.1995970296901284,1105.171048458122,1077.35,1049.5289515418779,0.0516471870016653,17.843701928175662,0.016704458663006044,45.30459266478171,8.282860240487866,26.19419228342998,199221668.0,9171223.35,1115.9000244140625,1052.5999755859375,1280.5556852451584,932.7028964179103
2025-08-18,1080.0,1090.0,1079.4000244140625,1082.5999755859375,7964987,1076.5149963378906,1146.324892578125,1111.0713458251953,1086.4211948168315,43.28279369099135,-20.34092887173938,-24.79659987001949,4.455670998280112,1102.5989633073796,1076.5149963378906,1050.4310293684016,0.048460015992757975,18.1262981353149,0.016743301814231403,43.82166492957907,14.50677231218749,23.94397050806396,207186655.0,9224567.2,1110.5999755859375,1052.5999755859375,1280.5556852451584,932.7028964179103
2025-08-19,1078.0,1095.0,1075.800048828125,1083.199951171875,5661531,1075.6949951171875,1143.6117236328125,1110.558162841797,1086.1144097077881,43.596141764908786,-18.204430995992425,-23.47816609521408,5.273735099221653,1099.778977256931,1075.6949951171875,1051.611012977444,0.0447784590410217,18.202987637926338,0.0168048268634366,41.97941956595851,15.37582384353004,22.14001599183703,212848186.0,7720131.8,1110.5999755859375,1052.5999755859375,1280.5556852451584,932.7028964179103
2025-08-20,1081.0,1083.699951171875,1077.800048828125,1080.199951171875,3034728,1074.8049926757812,1140.5807763671876,1110.1121594238282,1085.5511279424632,42.3366339010531,-16.562394985125138,-22.09501187319629,5.5326168880711535,1096.746415956214,1074.8049926757812,1052.8635693953486,0.040828659021779186,17.324195831199457,0.01603795279976173,40.26876315688227,15.001797580676824,21.601446642629657,209813458.0,7207933.35,1110.5,1052.5999755859375,1280.5556852451584,932.7028964179103
2025-08-21,1090.0,1090.0,1076.4000244140625,1078.9000244140625,6459262,1073.509991455078,1137.551806640625,1109.7138598632812,1084.9176895111868,41.773468870201846,-15.19085215404175,-20.714179929365383,5.523327775323633,1090.776465362499,1073.509991455078,1056.2435175476571,0.032168259345248,17.05818009939503,0.015810714351090244,38.08173347881346,16.785528316513172,20.371290514564684,203354196.0,6859671.9,1105.0,1052.5999755859375,1280.5556852451584,932.7028964179103
2025-08-22,1076.0,1078.5,1069.5,1070.9000244140625,3853718,1072.2999938964845,1134.73251953125,1109.2256030273438,1083.5826737876512,38.38906146738899,-14.581343073802145,-19.487612558252735,4.90626948445059,1086.4566759747577,1072.2999938964845,1058.1433118182113,0.026404331173837225,16.511168979014137,0.015418030257351183,36.54958552211684,16.102941118465996,22.527890492680775,199500478.0,6850936.05,1101.0,1052.5999755859375,1280.5556852451584,932.7028964179103
2025-08-25,1073.0,1074.5,1068.199951171875,1070.0,2711278,1071.4949951171875,1132.0371118164062,1108.8842169189454,1082.289085807875,38.015900368637794,-14.0094351371431,-18.39197707403081,4.3825419368877085,1084.17528102822,1071.4949951171875,1058.814709206155,0.023668399701009802,15.781803253950628,0.014749348835467876,35.2187990897223,15.64378068227837,22.473931751653883,196789200.0,6548561.5,1095.0,1052.5999755859375,1280.5556852451584,932.7028964179103
2025-08-26,1068.0,1069.800048828125,1048.0,1050.0999755859375,7197666,1070.3199951171875,1128.7518676757813,1108.2812194824219,1079.2234562629285,30.870634051621252,-14.98917377094358,-17.711416413413364,2.7222426424697836,1086.002161242416,1070.3199951171875,1054.6378289919592,0.029303696458574266,16.225960164382727,0.015451824151627967,35.186597248566464,14.128734196261696,29.189662959086785,189591534.0,6095131.05,1095.0,1048.0,1280.5556852451584,932.7028964179103
2025-08-28,1057.0,1059.5,1047.0,1051.9000244140625,8564803,1069.7049987792968,1125.5086206054686,1107.7132000732422,1076.6212246582745,32.113577648609834,-15.44236483084046,-17.257606096898783,1.8152412660583224,1087.1631066080124,1069.7049987792968,1052.2468909505812,0.03264097643488262,15.959820152641104,0.015172373592757702,35.20713606699439,13.338315436776197,28.004227174296613,198156337.0,6003536.5,1095.0,1047.0,1280.5556852451584,932.7028964179103
2025-08-29,1052.0999755859375,1063.0,1042.5,1045.199951171875,4718016,1068.2999938964845,1122.0134716796874,1107.1446520996094,1073.6287224214745,29.954673384663224,-16.15592646311825,-17.037270170142676,0.8813437070244277,1088.6569084159742,1068.2999938964845,1047.9430793769948,0.03811085769127548,16.28411871316674,0.01557990764820553,35.45595139695162,12.138919565821517,27.459934123859036,193438321.0,5651788.0,1095.0,1042.5,1280.5556852451584,932.7028964179103
2025-09-01,1047.5999755859375,1064.0,1047.5999755859375,1061.5,3190426,1067.9549926757813,1118.9142651367188,1106.652359008789,1072.4736060003818,40.444341798522295,-15.230582804532787,-16.6759326970207,1.4453498924879113,1088.526182421691,1067.9549926757813,1047.3838029298718,0.03852445072496562,16.46382800709233,0.015509965150346049,35.57021150628092,11.582668611552494,25.22018377920192,196628747.0,5475317.15,1095.0,1042.5,1280.5556852451584,932.7028964179103
2025-09-02,1061.5,1064.9000244140625,1049.0,1056.199951171875,4933541,1067.6449890136719,1115.6451123046875,1106.0833581542968,1070.9237341119526,38.42913837977007,-14.754826479342682,-16.291711453485096,1.5368849741424135,1088.722325281666,1067.6449890136719,1046.5676527456778,0.039483791868804685,16.423556321875914,0.015549665859815322,35.565715762794845,11.173142412667373,23.476166440598007,191695206.0,5253117.8,1095.0,1042.5,1280.5556852451584,932.7028964179103
2025-09-03,1056.199951171875,1064.9000244140625,1045.0,1054.699951171875,8303296,1066.9499877929688,1112.4778466796874,1105.5710522460938,1069.3786119271833,37.85426524701716,-14.333594868674254,-15.900088136522928,1.5664932678486743,1088.7594902733426,1066.9499877929688,1045.140485312595,0.04088195834837146,16.67187547131781,0.015807221241257975,35.79784358121893,10.220529530586838,23.18835802322527,183391910.0,5222522.5,1095.0,1042.5,1280.5556852451584,932.7028964179103
2025-09-04,1058.199951171875,1062.199951171875,1047.300048828125,1050.4000244140625,8088417,1065.9299865722655,1109.0827026367188,1105.1321655273437,1067.5711274021241,36.18327571713652,-14.183238392350177,-15.556718187688379,1.373479795338202,1088.8059226635867,1065.9299865722655,1043.0540504809444,0.0429220237341925,16.545305962205823,0.015751433337442257,36.01339084118415,9.563092774570968,21.69676418452047,175303493.0,5414395.05,1095.0,1042.5,1280.5556852451584,932.7028964179103
2025-09-05,1056.5999755859375,1058.0,1047.800048828125,1055.9000244140625,2849589,1065.1749877929688,1105.9554223632813,1104.7130358886718,1066.4595937842137,39.8412768242627,-13.46505894916345,-15.138386339983393,1.673327390819944,1088.3268209898183,1065.1749877929688,1042.0231545961192,0.04347047848883481,16.09206633432505,0.015240142023156805,36.21354186829471,9.13012396458987,20.71444367473814,178153082.0,5552911.85,1095.0,1042.5,1280.5556852451584,932.7028964179103
2025-09-08,1055.9000244140625,1063.0,1054.0,1055.5,2260147,1064.139990234375,1102.4164868164062,1104.364344482422,1065.415822947622,39.663200749479195,-12.780845561473143,-14.666878184281344,1.8860326228082016,1087.0775928738647,1064.139990234375,1041.2023875948855,0.043110122446272506,15.585490167587547,0.014765978368154948,35.664202865807354,11.045040979554537,19.8600317869227,175892935.0,5484558.75,1095.0,1042.5,1280.5556852451584,932.7028964179103
2025-09-09,1057.5,1059.0,1048.699951171875,1052.199951171875,4310419,1063.844989013672,1098.9794091796875,1103.9604357910157,1064.157168492789,38.14836076936708,-12.362382038187661,-14.205978955062609,1.8435969168749473,1087.2330642473971,1063.844989013672,1040.4569137799467,0.04396895313744742,15.207958643340223,0.014453487311420746,35.55252073639385,10.510713319440713,21.388581003024846,171582516.0,5331509.55,1095.0,1042.5,1280.5556852451584,932.7028964179103
2025-09-10,1058.0,1074.0999755859375,1055.0999755859375,1070.0999755859375,5241075,1063.6849853515625,1096.417890625,1103.620048828125,1064.723150120708,49.43037566605149,-10.465721979355976,-13.457927559921284,2.992205580565308,1086.854901161416,1063.6849853515625,1040.5150695417092,0.04356537156946967,15.685963341248957,0.014658409213270046,33.598434317012206,16.3385473810445,19.255598266630425,176823591.0,5292785.35,1095.0,1042.5,1280.5556852451584,932.7028964179103
2025-09-11,1069.0,1093.0,1069.0,1087.4000244140625,5227539,1064.5549865722655,1094.7199267578126,1103.349926147461,1066.8828524343608,57.49921074418711,-7.480406391653332,-12.262423326267696,4.782016934614363,1089.8200241476343,1064.5549865722655,1039.2899489968968,0.04746591372742337,16.279823102588317,0.014971328616035832,32.20979456966661,22.910562036513664,17.227959709350205,182051130.0,5282200.35,1095.0,1042.5,1280.5556852451584,932.7028964179103
2025-09-12,1088.4000244140625,1108.699951171875,1088.4000244140625,1105.300048828125,6014850,1066.5199890136719,1093.3399975585937,1103.1018615722655,1070.5416330432906,63.91485837971481,-3.6283149506882637,-10.535601651151811,6.907286700463548,1097.4148363541497,1066.5199890136719,1035.625141673194,0.057935805533377085,16.63840193510433,0.01505328978565133,31.876803221443257,27.555590138412384,15.652626927877238,188065980.0,5314926.05,1108.699951171875,1042.5,1280.5556852451584,932.7028964179103
2025-09-15,1105.0,1110.0,1100.0,1104.4000244140625,3881807,1068.3299926757813,1092.0259985351563,1102.9047491455078,1073.7662417452689,63.396660963583884,-0.6407430917870442,-8.556629939278858,7.915886847491814,1103.369999824474,1068.3299926757813,1033.2899855270887,0.06559772240584594,16.164230368311163,0.014636209716571735,31.638597507936133,26.912410655711735,14.960948601667223,184184173.0,5367329.65,1110.0,1042.5,1280.5556852451584,932.7028964179103
2025-09-16,1105.699951171875,1127.0999755859375,1104.0,1121.199951171875,7965606,1070.259991455078,1090.897998046875,1102.7674072265625,1078.2837378811362,68.5262206695852,3.0474141241209054,-6.235821126598906,9.283235250719812,1111.8679539100294,1070.259991455078,1028.6520290001267,0.07775299980779998,16.659640740998757,0.0148587597810597,32.24793602965247,31.57861284547344,13.479191612623822,192149779.0,5223354.75,1127.0999755859375,1042.5,1280.5556852451584,932.7028964179103
2025-09-17,1121.300048828125,1128.5,1116.0999755859375,1126.0,5590739,1072.3999938964844,1089.9159985351562,1102.7397424316407,1082.8281437972184,69.82727912685165,6.285177500376449,-3.731621401203835,10.016798901580284,1120.3667041951792,1072.3999938964844,1024.4332835977896,0.08945675227843183,16.355382431931883,0.014525206422674852,32.874196138523544,30.479921984673815,12.749233990005537,197740518.0,5223385.7,1128.5,1042.5,1280.5556852451584,932.7028964179103
2025-09-18,1129.0,1134.4000244140625,1121.199951171875,1133.0,5713032,1075.0399963378907,1089.267998046875,1102.7280938720703,1087.606415816531,71.66670410584346,9.308665302281725,-1.1235640605067232,10.432229362788448,1129.768701114873,1075.0399963378907,1020.3112915609082,0.10181705790187341,16.130003204092997,0.014236542986842892,33.70985738682151,31.310960871903614,12.003990924642565,203453550.0,5219846.1,1134.4000244140625,1042.5,1280.5556852451584,932.7028964179103
2025-09-19,1133.0,1144.0999755859375,1126.5999755859375,1135.9000244140625,8910732,1077.8899963378906,1088.6919995117187,1102.726948852539,1092.2058071115339,72.41694085363311,11.802754099742288,1.461699571543079,10.341054528199209,1138.722140527479,1077.8899963378906,1017.0578521483021,0.1128726389450954,16.227860118086355,0.014286345425916563,34.86783984887371,33.168671266505434,11.079347222600807,212364282.0,5353761.3,1144.0999755859375,1042.5,1280.5556852451584,932.7028964179103
2025-09-22,1136.0,1147.5999755859375,1131.199951171875,1144.4000244140625,7689900,1081.5649963378905,1088.2939990234374,1102.6514038085938,1097.17668494987,74.54451437798971,14.300370632228578,4.029433783680179,10.270936848548399,1148.8068887275492,1081.5649963378905,1014.3231039482318,0.12434184282467611,16.240157567798935,0.014190979746014914,36.07238174555115,32.3155522630944,10.280174975903225,220054182.0,5476334.8,1147.5999755859375,1042.5,1280.5556852451584,932.7028964179103
2025-09-23,1146.0,1172.800048828125,1141.9000244140625,1170.800048828125,16079093,1086.604998779297,1088.2339990234375,1102.7131042480469,1104.1884338906561,79.76504335775519,18.200210368691614,6.863589100682466,11.336621268009148,1163.9722701815697,1086.604998779297,1009.2377273770243,0.14240183229266914,17.287290913960618,0.014765365726849585,37.94554840805741,38.601987019899084,8.967659740961324,236133275.0,5668143.9,1172.800048828125,1042.5,1280.5556852451584,932.7028964179103
2025-09-24,1168.0,1172.800048828125,1154.0,1158.9000244140625,12812055,1092.0450012207032,1087.9580004882812,1102.6805841064454,1109.399061559552,72.5430491225495,20.09894086002737,9.510659452551447,10.588281407475922,1173.5686847771997,1092.0450012207032,1010.5213176642068,0.14930462291456512,17.395345050686647,0.015010220626651291,39.68491745181323,35.62204678415479,8.275387343978771,223321220.0,6336534.65,1172.800048828125,1042.5,1280.5556852451584,932.7028964179103
2025-09-25,1154.699951171875,1171.800048828125,1153.4000244140625,1166.5999755859375,11188302,1097.7799987792969,1087.9719995117186,1102.5958911132811,1114.846767657303,74.17253681696693,21.971743579371378,12.002876277915433,9.968867301455944,1183.2429451396383,1097.7799987792969,1012.3170524189554,0.15570140912637148,17.46710786235635,0.014972662633207501,41.2304019950461,32.94171700713147,7.898066842503394,234509522.0,6617254.1,1172.800048828125,1042.5,1280.5556852451584,932.7028964179103
2025-09-26,1161.5999755859375,1169.699951171875,1148.0,1154.0,5618932,1103.2200012207031,1087.6839990234375,1102.5546075439454,1118.575646928036,67.14974840282332,22.18352265941644,14.039005554215636,8.144517105200803,1188.4534812652967,1103.2200012207031,1017.9865211761096,0.15451764824837014,17.769453813036254,0.01539814021926885,42.03143156948543,30.068272105183855,9.37980213808484,228890590.0,6748429.05,1172.800048828125,1045.0,1280.5556852451584,932.7028964179103
2025-09-29,1155.4000244140625,1158.300048828125,1126.699951171875,1132.199951171875,9693881,1106.7549987792968,1087.1319970703125,1102.4522827148437,1119.8731997131633,57.07991639108199,20.35760752889587,15.302725949151684,5.054881579744185,1190.6276229722866,1106.7549987792968,1022.8823745863068,0.15156493403779123,18.75735694469438,0.016567176959581847,40.71225285168728,26.45003337631743,16.3622137579973,219196709.0,6793474.85,1172.800048828125,1045.0,1280.5556852451584,932.7028964179103
2025-09-30,1130.0,1137.0,1125.4000244140625,1131.5999755859375,8165203,1110.525,1087.7779956054687,1102.3789306640624,1120.9900355105704,56.82733814391456,18.64719041375338,15.971618842072024,2.6755715716813544,1191.7041688734798,1110.525,1029.3458311265204,0.1461996242740681,18.24611541906889,0.016124174454511746,39.37875323604428,25.248917669668128,16.12807936449666,211031506.0,7118647.6,1172.800048828125,1045.0,1280.5556852451584,932.7028964179103
2025-10-01,1132.5,1164.800048828125,1131.0,1159.5,9655009,1115.7650024414063,1088.97599609375,1102.453071899414,1124.6576511762303,64.65889978284993,19.320259403139517,16.641346954285524,2.6789124488539926,1195.3680794316383,1115.7650024414063,1036.1619254511743,0.1426878900414558,19.357110662572897,0.016694360209204742,39.36960170223975,32.35811854423535,14.116526683024734,220686515.0,7280230.7,1172.800048828125,1047.300048828125,1280.4557177425643,932.7028964179103
2025-10-03,1171.0,1188.0,1169.5,1181.0,11095015,1122.2950012207032,1090.63599609375,1102.6222235107423,1130.0235891594464,69.28308943273636,21.342518475699762,17.581581258568374,3.7609372171313886,1200.797811621818,1122.2950012207032,1043.7921908195883,0.13989692605906387,20.01017418667483,0.016943415907430003,40.07940748628477,37.34768294438509,12.68039650418616,231781530.0,7347816.35,1188.0,1047.800048828125,1273.9113308042197,932.7028964179103
2025-10-06,1185.0,1215.199951171875,1182.0999755859375,1212.800048828125,20128505,1130.1400024414063,1092.79599609375,1102.9366375732423,1137.9070615088444,74.58083263251815,25.220445935069392,19.10935419386858,6.111091741200813,1211.8289809128971,1130.1400024414063,1048.4510239699155,0.14456435184140137,21.0237296856177,0.0173348687658217,41.36448117224076,42.24930807289002,11.206996997437864,251910035.0,7498146.25,1215.199951171875,1048.699951171875,1245.935156459947,932.7028964179103
2025-10-07,1212.0,1212.0,1184.0,1186.800048828125,8620156,1136.7050048828125,1094.6299975585937,1103.1942388916016,1142.5635364916332,64.74817051371559,25.897221626198643,20.466927680334592,5.430293945864051,1214.3486675598883,1136.7050048828125,1059.0613422057368,0.1366118075376652,21.57918105293965,0.01818265939089525,42.55776388062846,38.221675631137714,10.138632407806519,243289879.0,8362092.05,1215.199951171875,1048.699951171875,1245.935156459947,932.7028964179103
2025-10-08,1180.0999755859375,1194.800048828125,1174.0999755859375,1180.5999755859375,5160430,1143.1250061035157,1096.5199975585938,1103.490780029297,1146.1860545006145,62.627764849628136,25.63774122099767,21.501090388467208,4.13665083253046,1212.55702725575,1143.1250061035157,1073.6929849512815,0.12147756506333802,21.516387637885924,0.018224960259894327,42.89791634741224,35.5951344825318,12.728459092200415,238129449.0,8680092.5,1215.199951171875,1055.0999755859375,1245.935156459947,932.7028964179103
2025-10-09,1178.0,1187.300048828125,1163.0999755859375,1167.4000244140625,7194651,1147.990008544922,1098.3959985351562,1103.788014526367,1148.2064325876095,58.253794248976085,24.089289058243594,22.018730122422486,2.070558935821108,1209.4510275133844,1147.990008544922,1086.5289895764595,0.10707587785779481,21.70807946676461,0.018595236433766784,42.42186269426652,32.76075575382716,15.334369548328317,230934798.0,8722593.05,1215.199951171875,1069.0,1245.935156459947,932.7028964179103
2025-10-10,1168.0,1191.699951171875,1165.199951171875,1180.4000244140625,6933035,1152.6400085449218,1100.72,1104.3353411865235,1151.2724889520334,61.13283321190579,23.63862951126248,22.342710000190486,1.2959195110719932,1208.9145093687748,1152.6400085449218,1096.3655077210688,0.09764453846243504,22.05035950485285,0.018680412613341316,42.1228302348744,31.373768995476553,14.018029516576169,237867833.0,8820271.85,1215.199951171875,1088.4000244140625,1245.935156459947,932.7028964179103
2025-10-13,1171.0,1193.5999755859375,1167.5,1189.5999755859375,4138448,1156.8550048828124,1103.0459985351563,1104.8921984863282,1154.92272577431,63.07368918053308,23.750061817096366,22.624180363571664,1.125881453524702,1210.8989512782894,1156.8550048828124,1102.8110584873355,0.09343253245630642,22.339617796358898,0.018779100752213382,41.90865207775941,29.36308053688584,12.848198055585621,242006281.0,8905546.65,1215.199951171875,1100.0,1245.935156459947,932.7028964179103
2025-10-14,1191.800048828125,1191.800048828125,1166.5999755859375,1176.800048828125,5742538,1160.4750061035156,1105.2139990234375,1105.3863049316406,1157.0062803508638,58.683031203426886,22.545633576689397,22.60847100619521,-0.06283742950581228,1209.440161745527,1160.4750061035156,1111.5098504615044,0.08438812621466063,22.543936042489513,0.01915698088637836,41.637344630193255,27.018605353748995,12.107507615802243,236263743.0,8811726.55,1215.199951171875,1104.0,1245.935156459947,932.7028964179103
2025-10-15,1180.0,1181.699951171875,1164.0,1169.5999755859375,6328142,1162.8950073242188,1107.357998046875,1105.8554022216797,1158.2056798970611,56.30854425431479,20.770698103185396,22.240916425593248,-1.4702183224078524,1208.5273190018884,1162.8950073242188,1117.2626956465492,0.07848053588718717,22.197937123159903,0.018979084803793147,41.166695323464474,25.479762246584237,12.254545941054259,229935601.0,8904763.1,1215.199951171875,1116.0999755859375,1245.935156459947,932.7028964179103
2025-10-16,1216.4000244140625,1216.9000244140625,1185.300048828125,1196.300048828125,17747171,1166.410009765625,1109.9119995117187,1106.4542529296875,1161.833715033353,62.38654437966244,21.273296402771848,22.04739242102897,-0.7740960182571222,1210.9500810147867,1166.410009765625,1121.8699385164634,0.07637120888239188,23.99094510208598,0.020054287488817792,41.86302674374044,32.371687857852315,10.528773932037977,247682772.0,8822889.9,1216.9000244140625,1121.199951171875,1245.935156459947,932.7028964179103
2025-10-17,1196.300048828125,1212.9000244140625,1191.5999755859375,1200.199951171875,6404414,1169.7700073242188,1112.4999975585938,1107.1100708007812,1165.4876422846407,63.191983223735015,21.735742591946064,21.985062455212393,-0.24931986326632938,1213.8581677535808,1169.7700073242188,1125.6818468948568,0.07537919446269806,23.798738225374482,0.019828977831683296,42.50962020542527,30.30219479274188,9.855678827076288,254087186.0,9430711.5,1216.9000244140625,1125.4000244140625,1245.935156459947,932.7028964179103
2025-10-20,1207.9000244140625,1231.699951171875,1207.0,1226.0,7418616,1174.2750061035156,1115.5999975585937,1107.9211169433593,1171.250723971818,68.06412224772038,23.908480765287095,22.369746117227336,1.5387346480597586,1221.8724125542478,1174.2750061035156,1126.6775996527833,0.08106688161348195,24.34882835213345,0.01986038201642206,43.57082684134584,33.017120204656855,8.944945996723135,261505802.0,9465280.6,1231.699951171875,1125.4000244140625,1245.935156459947,932.7028964179103
2025-10-21,1225.800048828125,1238.800048828125,1222.0,1237.300048828125,1940248,1178.9200073242187,1118.8219995117188,1108.7531927490234,1177.5411358628949,69.94083840378838,26.239735585216295,23.14374401082513,3.0959915743911637,1231.7890649229096,1178.9200073242187,1126.0509497255277,0.08969066140235793,23.809629814704273,0.019243214155899302,44.71075595062394,33.48307973217173,8.49412141536259,263446050.0,9390674.8,1238.800048828125,1125.4000244140625,1245.935156459947,932.7028964179103
2025-10-23,1246.0,1276.0999755859375,1241.300048828125,1258.800048828125,14611221,1183.3200073242188,1122.8360009765624,1109.618832397461,1185.2800799548215,73.17128410245914,29.482288671084234,24.411452942876956,5.070835728207278,1246.4125957345168,1183.3200073242188,1120.2274189139207,0.10663656157215849,24.880365310640574,0.019765144856645704,46.41402572603344,40.46176583435055,7.547961419394413,278057271.0,9103192.2,1276.0999755859375,1125.4000244140625,1276.0999755859375,932.7028964179103
2025-10-24,1254.199951171875,1256.0,1240.0999755859375,1241.9000244140625,4882046,1187.4700073242188,1126.2080004882812,1110.4084643554688,1190.6724556176064,67.06966266059663,30.338619897111585,25.596886333723884,4.741733563387701,1254.3941530393056,1187.4700073242188,1120.545861609132,0.11271719757518765,24.43891587717964,0.019678649969195466,47.90330130933009,38.250310522628055,7.486174404725523,273175225.0,9029798.6,1276.0999755859375,1125.4000244140625,1276.0999755859375,932.7028964179103
2025-10-27,1243.4000244140625,1258.5,1242.5999755859375,1254.0999755859375,6185072,1191.8450073242188,1129.89,1111.3665045166015,1196.7131718050664,69.07448965795476,31.637010895349704,26.804911246049052,4.832099649300652,1263.9773694708615,1191.8450073242188,1119.7126451775762,0.12104319219926962,23.878991570662343,0.01904074000121534,49.32574971236196,37.09880753817711,7.114448033621764,279360297.0,8633298.15,1276.0999755859375,1125.4000244140625,1276.0999755859375,932.7028964179103
2025-10-28,1249.0,1258.9000244140625,1236.5999755859375,1246.300048828125,8146777,1196.460009765625,1133.4960009765625,1112.2650622558594,1201.4357315215482,66.29553096681677,31.671516683712298,27.778232333581705,3.8932843501305925,1270.111256000038,1196.460009765625,1122.808763531212,0.12311526609040721,23.76620994619539,0.019069412673571148,50.144522038964595,34.61236859385987,8.440903482237523,271213520.0,8383136.65,1276.0999755859375,1125.4000244140625,1276.0999755859375,932.7028964179103
2025-10-29,1246.9000244140625,1251.0,1239.199951171875,1248.800048828125,4578825,1202.2900146484376,1137.1080029296875,1113.138901977539,1205.9466188840793,66.75716375098321,31.537052367658134,28.52999634039699,3.007056027261143,1273.0754309138388,1202.2900146484376,1131.5045983830364,0.11775098421007779,22.911484152047503,0.018346799532517364,50.904810627952756,33.3390594260514,8.130382121661635,275792345.0,8509528.9,1276.0999755859375,1125.4000244140625,1276.0999755859375,932.7028964179103
2025-10-30,1243.0,1248.0,1235.0,1238.5999755859375,4017532,1207.6400146484375,1140.2280029296876,1114.0276849365234,1209.0564623794944,62.96772310874515,30.258625167752598,28.875722105868114,1.382903061884484,1272.1408013412463,1207.6400146484375,1143.1392279556287,0.106821214783258,22.260667343195895,0.017972442904873438,51.23311224937937,31.86278277543281,9.118015992945292,271774813.0,8253776.1,1276.0999755859375,1131.0,1276.0999755859375,932.7028964179103
2025-10-31,1243.0,1245.4000244140625,1231.0,1232.800048828125,4106607,1211.3050170898437,1143.2200048828124,1114.9926287841797,1211.317756326983,60.85248410636915,28.449508558454,28.790479396385294,-0.34097083793129457,1272.7031911207014,1211.3050170898437,1149.906843058986,0.10137524928009731,21.699192848257795,0.01760155093186816,51.17555660211896,30.35244071842386,10.002513497967035,267668206.0,8046392.55,1276.0999755859375,1163.0999755859375,1276.0999755859375,932.7028964179103
2025-11-03,1226.0,1241.0,1222.300048828125,1233.699951171875,6118907,1213.9400146484375,1146.2900048828126,1115.9191082763673,1213.4493939312583,61.07099461150848,26.779685663394275,28.38832064978709,-1.6086349863928149,1274.426300103348,1213.9400146484375,1153.453729193527,0.09965284070881815,21.48496129994474,0.01741506213041223,50.359246279874476,28.465442541094728,12.273033905391515,273787113.0,7768972.45,1276.0999755859375,1163.0999755859375,1276.0999755859375,932.7028964179103
2025-11-04,1230.0999755859375,1235.9000244140625,1222.800048828125,1226.5999755859375,3299345,1214.6300109863282,1149.24400390625,1116.7983477783202,1214.701830279323,58.305798028153205,24.599858440598837,27.630628207949442,-3.0307697673506055,1275.3628798970033,1214.6300109863282,1153.8971420756532,0.10000225313279973,20.88603374894422,0.01702758369856246,49.601243837790314,27.19016586983897,11.723191274191203,270487768.0,7520167.05,1276.0999755859375,1163.0999755859375,1276.0999755859375,932.7028964179103
2025-11-06,1225.0,1239.5999755859375,1225.0,1228.5,3733721,1216.7150085449218,1152.3960034179688,1117.811231689453,1216.0159416812924,58.84285855229811,22.763245231375322,26.65715161263462,-3.893906381259299,1276.3360322458477,1216.7150085449218,1157.093984843996,0.09800326827927781,20.437029594443743,0.016635758725635934,49.042997024780206,27.095867008461397,11.124983337110589,274221489.0,6678709.05,1276.0999755859375,1163.0999755859375,1276.0999755859375,932.7028964179103
2025-11-07,1227.0,1228.800048828125,1217.0,1222.800048828125,3461466,1218.8250122070312,1155.4520043945313,1118.739663696289,1216.6620471238477,56.49197581277608,20.610196096690515,25.4477605094458,-4.837564412755285,1276.1260106909485,1218.8250122070312,1161.524013723114,0.09402662057313287,19.820102396849546,0.016208784433599112,47.785020763744804,25.943600531952,13.534963150319662,270760023.0,6434387.3,1276.0999755859375,1163.0999755859375,1276.0999755859375,932.7028964179103
2025-11-10,1222.0,1232.800048828125,1215.5,1217.0,4140568,1221.3050109863282,1158.7900048828126,1119.8736450195313,1216.6942331120526,54.12245832937488,18.225778251640577,24.00336405788476,-5.777585806244183,1273.55980130724,1221.3050109863282,1169.0502206654164,0.08557205587605128,19.640098570512077,0.016138125366074015,46.80220892451926,25.76602811802821,12.68336892498398,266619455.0,6349439.1,1276.0999755859375,1164.0,1276.0999755859375,932.7028964179103
2025-11-11,1218.0999755859375,1225.0,1209.4000244140625,1222.5,5615453,1223.410009765625,1162.2020043945313,1121.0501135253905,1217.247163291857,56.00686148241009,16.588689874445663,22.52042922119694,-5.931739346751279,1272.1796831958648,1223.410009765625,1174.6403363353854,0.07972743894678894,19.351518357328178,0.015829462868980106,45.32954272510398,24.282388871573772,14.204612837611386,272234908.0,6196734.95,1276.0999755859375,1164.0,1276.0999755859375,932.7028964179103
2025-11-12,1227.9000244140625,1232.699951171875,1216.5,1221.5999755859375,6782513,1225.010009765625,1165.7300048828124,1122.311255493164,1217.6617168436742,55.604367977246525,15.045229057294364,21.025389188416426,-5.980160131122062,1271.2730901753023,1225.010009765625,1178.7469293559477,0.07553094267128245,19.126406415510093,0.01565684904858987,44.35048483692327,25.68890207099047,13.345239864733697,265452395.0,6130855.85,1276.0999755859375,1164.0,1276.0999755859375,932.7028964179103
2025-11-13,1219.0,1234.800048828125,1213.199951171875,1225.199951171875,3345231,1227.4300048828125,1169.00400390625,1123.6448510742186,1218.3796439225505,56.9374215985473,13.951686822138981,19.610648715160938,-5.6589618930219565,1268.0749830763355,1227.4300048828125,1186.7850266892895,0.06622777352978843,19.303098646991515,0.015755059921875245,43.132201530630994,23.63563145528428,13.499716908074236,268797626.0,6263059.1,1276.0999755859375,1164.0,1276.0999755859375,932.7028964179103
2025-11-14,1224.0,1246.0,1222.0,1241.5999755859375,5197740,1231.0300048828126,1172.7120043945313,1125.1016613769532,1220.5911040809683,62.46653677902812,14.244193436490832,18.537357659426917,-4.293164222936085,1262.1984088939587,1231.0300048828126,1199.8616008716665,0.05063792740634808,19.638591600777836,0.01581716493793419,42.55813287567525,25.646031522578255,12.321303897973431,273995366.0,6143193.75,1276.0999755859375,1185.300048828125,1276.0999755859375,932.7028964179103
2025-11-17,1243.9000244140625,1261.0,1240.4000244140625,1249.5999755859375,4088026,1233.695001220703,1176.6100048828125,1126.6112109375,1223.3538537481083,64.83821976558949,14.949214932789346,17.819729114099403,-2.8705141813100568,1261.4582031172617,1233.695001220703,1205.9317993241443,0.04500821008286146,19.707261885432096,0.015770856490447162,42.64635061969982,29.167910855354254,11.40134367156139,278083392.0,6086673.65,1276.0999755859375,1191.5999755859375,1276.0999755859375,932.7028964179103
2025-11-18,1250.0,1273.5,1247.5999755859375,1265.4000244140625,10175969,1236.9550048828125,1180.9100048828125,1128.2017590332032,1227.3582509543899,69.00400356920848,16.59162353375359,17.57410799803024,-0.9824844642766486,1263.5057658441272,1236.9550048828125,1210.404243921498,0.042929226781098624,20.149602066048555,0.015923503775320955,43.15927288984914,30.921048620691597,10.35454852366642,288259361.0,5403716.4,1276.0999755859375,1207.0,1276.0999755859375,932.7028964179103
2025-11-19,1268.0,1273.0,1257.800048828125,1270.4000244140625,4101288,1239.1750061035157,1185.2000048828124,1129.6389596557617,1231.4574674743587,70.20692552779396,18.088192967172745,17.67692499185874,0.4112679753140043,1268.9229594085393,1239.1750061035157,1209.427052798492,0.04801251341981737,19.796055573607585,0.015582537148279715,43.6355578549878,29.225189753865138,9.786655334103182,292360649.0,5592294.15,1276.0999755859375,1209.4000244140625,1276.0999755859375,932.7028964179103
2025-11-20,1275.0,1287.300048828125,1262.5999755859375,1285.199951171875,4617594,1241.570001220703,1189.79400390625,1131.152157897949,1236.5757992550746,73.48687407012132,20.23520656130472,18.188581305747938,2.0466252555567834,1277.4162386821813,1241.570001220703,1205.7237637592248,0.0577434013808879,20.146342549934722,0.015675648393516373,44.524636689009796,31.735892037205883,8.929601139103912,296978243.0,5426427.75,1287.300048828125,1209.4000244140625,1287.300048828125,932.7028964179103
2025-11-21,1284.0,1284.5,1273.0,1275.800048828125,6363593,1242.4200012207032,1194.266005859375,1132.6118621826172,1240.3114420715556,68.34075380106232,20.936889314911696,18.73824290758069,2.1986464073310046,1280.5910250984455,1242.4200012207032,1204.2489773429609,0.06144624819342651,19.5787431657876,0.015346247387097597,45.35020989203022,30.323367640680157,8.532155891765633,290614650.0,5560295.05,1287.300048828125,1209.4000244140625,1287.300048828125,932.7028964179103
2025-11-24,1279.199951171875,1290.9000244140625,1266.5999755859375,1269.0,10491953,1243.775,1198.2440063476563,1134.0305725097655,1243.0436856837885,64.80523137679336,20.70558969324452,19.131712264713457,1.5738774285310626,1283.6614409160961,1243.775,1203.888559083904,0.06413771126786763,19.915979284525985,0.015694231114677687,46.116813580549184,27.680624975984685,7.788561292900818,280122697.0,5147913.65,1290.9000244140625,1209.4000244140625,1290.9000244140625,932.7028964179103
2025-11-25,1269.0999755859375,1276.699951171875,1263.699951171875,1266.300048828125,5290156,1244.3850036621093,1201.8220068359376,1135.3755841064453,1245.2585774118206,63.40270770793485,20.073030184572417,19.31997584868525,0.7530543358871675,1285.2456729157316,1244.3850036621093,1203.524334408487,0.06567206954981479,19.4219807642027,0.01533758194369212,46.48736533163182,26.35720499170198,8.482734805781178,274832541.0,5428409.0,1290.9000244140625,1209.4000244140625,1290.9000244140625,932.7028964179103
2025-11-26,1271.9000244140625,1292.800048828125,1269.300048828125,1290.199951171875,4842021,1246.5799987792968,1205.5200048828126,1136.8838079833984,1249.5387082461116,69.66184167068407,21.255227563495055,19.707026191647213,1.548201371847842,1292.070554733945,1246.5799987792968,1201.0894428246486,0.07298457539699738,19.927553566759652,0.015445321904298374,47.36957039970938,29.624554071568845,7.6769858655364915,279674562.0,5383663.2,1292.800048828125,1209.4000244140625,1292.800048828125,932.7028964179103
2025-11-27,1297.0,1304.0,1281.0,1287.300048828125,5924706,1248.5049987792968,1209.1780053710938,1138.248143005371,1253.1350263967797,68.139074680961,21.70789452453414,20.1071998582246,1.6006946663095398,1297.3435793464569,1248.5049987792968,1199.6664182121367,0.07823529840074508,20.14701402627682,0.015650596801124465,48.49413463864953,31.179660000734366,7.05097790979871,273749856.0,5218425.4,1304.0,1209.4000244140625,1304.0,932.7028964179103
2025-11-28,1287.300048828125,1289.0,1275.0,1279.699951171875,3093636,1250.5599975585938,1212.3480053710937,1139.5844689941407,1255.665019232503,64.17944181321677,21.2088891165929,20.32753770989826,0.8813514066946411,1300.9913170529933,1250.5599975585938,1200.1286780641942,0.08065397836625847,19.707941595828476,0.015400439437214235,48.87969421397562,29.59757392395535,8.8678173180768,270656220.0,5285719.45,1304.0,1209.4000244140625,1304.0,932.7028964179103
2025-12-01,1288.0,1289.0,1268.5,1275.699951171875,4098016,1252.7049926757813,1215.3420043945312,1140.863826599121,1257.5731079886336,62.132967548973696,20.25714540248987,20.31345924841658,-0.05631384592671296,1303.5796844929218,1252.7049926757813,1201.8303008586408,0.08122373921169104,19.76451719612644,0.015493076705043763,48.55756028321073,27.40479055139429,10.559918009480008,266558204.0,5239524.65,1304.0,1209.4000244140625,1304.0,932.7028964179103
2025-12-02,1270.699951171875,1281.0,1255.0999755859375,1258.0,8115347,1253.9199951171875,1217.8420043945312,1142.0376989746094,1257.6137643706686,53.9371037144592,17.868664673712374,19.82450033347574,-1.9558356597633662,1304.0767338843584,1253.9199951171875,1203.7632563500165,0.07999990264527758,20.2027677116933,0.016059433793078937,47.01294067104846,24.895287346994373,14.330618858739433,258442857.0,5239095.1,1304.0,1209.4000244140625,1304.0,932.7028964179103
2025-12-03,1255.0,1272.9000244140625,1255.0,1270.699951171875,3582794,1256.1249938964843,1220.5380029296875,1143.3367684936522,1258.8600678755454,58.19785222075371,16.806817875148,19.220963841810192,-2.4141459666621934,1305.1483256569156,1256.1249938964843,1207.101662136053,0.07805486237219367,20.038286047576815,0.015769486753420388,45.56986097568388,23.30680585479969,13.451869376512557,262025651.0,5338917.1,1304.0,1209.4000244140625,1304.0,932.7028964179103
2025-12-04,1270.699951171875,1282.800048828125,1269.4000244140625,1280.0,3216108,1258.6999938964843,1223.2500024414062,1144.704069519043,1260.8733947445412,61.03984637630219,16.52524017167707,18.681819107783568,-2.1565789361064986,1307.0543078987096,1258.6999938964843,1210.345679894259,0.07683215100770376,19.564124502325793,0.015284472267442025,44.71971477522568,25.781052872810186,12.793757425445405,265241759.0,5353089.55,1304.0,1209.4000244140625,1304.0,932.7028964179103
2025-12-05,1275.199951171875,1285.0,1267.300048828125,1282.5,2728214,1261.684991455078,1225.4840014648437,1146.086368408203,1262.9330714355372,61.79185021107759,16.315739233952854,18.208603133017427,-1.8928638990645723,1308.139546536898,1261.684991455078,1215.230436373258,0.07363891208414045,19.43096926443645,0.015150853227630759,44.03420654118388,24.912306195407254,11.961327508861325,267969973.0,5327208.9,1304.0,1209.4000244140625,1304.0,932.7028964179103
2025-12-08,1284.0,1288.800048828125,1265.0999755859375,1273.800048828125,2969478,1264.5249938964844,1227.782001953125,1147.418673095703,1263.9680216634026,57.62353295553626,15.271652773489905,17.621213061111924,-2.349560287622019,1306.4268848221154,1264.5249938964844,1222.6231029708533,0.06627293430794962,19.73590526284724,0.015493723116908298,43.57931280934872,24.150755118654896,10.93533548982547,265000495.0,5290546.3,1304.0,1209.4000244140625,1304.0,932.7028964179103
2025-12-09,1272.0,1281.4000244140625,1263.199951171875,1275.9000244140625,4239279,1267.1949951171875,1229.9680029296876,1148.8149319458007,1265.104402877751,58.353808855950646,14.447119806780393,16.98639441024562,-2.539274603465227,1304.6103807028603,1267.1949951171875,1229.7796095315148,0.05905229381404346,19.626202975657257,0.015382242025326624,42.95365224893193,22.55105149590543,10.902502323414307,269239774.0,5231991.8,1304.0,1213.199951171875,1304.0,932.7028964179103
2025-12-10,1273.0,1284.0,1268.300048828125,1278.5999755859375,2928746,1270.0449951171875,1232.4600024414062,1150.2474212646484,1266.389695516626,59.32436990790512,13.851859372992067,16.359487402794908,-2.5076280298028415,1301.312464365787,1270.0449951171875,1238.7775258685879,0.04923836457575981,19.34575641824424,0.015130421388737129,42.51030808240059,22.203788743241173,10.270511548987802,272168520.0,5163183.1,1304.0,1213.199951171875,1304.0,932.7028964179103
2025-12-11,1277.4000244140625,1282.0,1271.0,1272.699951171875,2017404,1272.4199951171875,1235.2700024414062,1151.6444152832032,1266.9906722456974,56.239939350978126,12.756974072771072,15.638984736790142,-2.88201066401907,1295.963280747091,1272.4199951171875,1248.876709487284,0.03700552603739177,18.74963095979822,0.01473216915152229,42.09863135633577,21.27332594906923,9.840119736853696,270151116.0,4970494.75,1304.0,1222.0,1304.0,932.7028964179103
2025-12-12,1278.0,1291.0,1277.9000244140625,1286.0999755859375,2281078,1274.6449951171876,1238.3600024414063,1153.022483215332,1268.8106058971487,61.17698947693135,12.822727148958847,15.075733219223883,-2.2530060702650356,1294.1882151843877,1274.6449951171876,1255.1017750499875,0.030664569573590688,18.717517950392992,0.014553703682223796,42.19566153610601,23.222214905656443,9.152930517579954,272432194.0,4904103.4,1304.0,1240.4000244140625,1304.0,932.7028964179103
2025-12-15,1285.0,1290.4000244140625,1280.0,1284.800048828125,1634472,1276.4049987792969,1240.8660034179688,1154.3648263549806,1270.333409985813,60.46432224971891,12.624417286101561,14.585470032599419,-1.9610527464978578,1292.6752606561922,1276.4049987792969,1260.1347369024015,0.025493886176339926,18.12341126922653,0.014106016952409846,42.2857609887498,22.27036161183138,8.777761865635892,270797722.0,4758270.3,1304.0,1247.5999755859375,1304.0,932.7028964179103
2025-12-16,1277.0999755859375,1277.5999755859375,1216.9000244140625,1219.5999755859375,11542048,1274.1149963378907,1241.6380029296874,1155.4223837280274,1265.501654328682,37.112103821083004,7.124032863846651,13.093182598848866,-5.969149735002215,1303.5239272375316,1274.1149963378907,1244.7060654382499,0.04616369948422096,21.678883636714815,0.017775405108793593,40.906799678044145,17.288034363629098,27.604467050831406,259255674.0,4635592.6,1304.0,1216.9000244140625,1304.0,932.7028964179103
2025-12-17,1220.5999755859375,1236.0,1220.300048828125,1224.699951171875,5147181,1271.8299926757813,1241.8760009765624,1156.4999459838866,1261.6157778375575,39.093614772627845,3.1402649687777284,11.10259907283464,-7.962334104056911,1308.2938019143853,1271.8299926757813,1235.3661834371774,0.05734069718215779,21.30182226366822,0.017393502990904187,39.626335603817466,16.337330367761368,26.08644154388098,264402855.0,4703896.55,1304.0,1216.9000244140625,1304.0,932.7028964179103
2025-12-18,1226.0999755859375,1238.5,1220.199951171875,1229.800048828125,3441592,1269.0599975585938,1242.7360009765625,1157.6077548217772,1258.5857084080878,41.09253215159734,0.39013819771207636,8.960106897810128,-8.569968700098052,1309.265345092501,1269.0599975585938,1228.8546500246864,0.06336240620814466,21.087409875415133,0.01714702312421381,38.254298589508686,16.1714428150172,24.469419969581303,267844447.0,4756191.2,1304.0,1216.9000244140625,1304.0,932.7028964179103
2025-12-19,1236.699951171875,1241.5,1229.0999755859375,1230.5999755859375,5055047,1266.7999938964845,1243.7360009765625,1158.6815954589845,1255.920400520264,41.417288688967986,-1.7051537271174766,6.827054772824607,-8.532208499942083,1310.1911047824192,1266.7999938964845,1223.4088830105497,0.06850506961634922,20.466882342461375,0.01663162908216074,36.75472878298495,16.51860195665158,23.410491836862274,272899494.0,4697391.1,1304.0,1216.9000244140625,1304.0,932.7028964179103
2025-12-22,1235.0,1236.9000244140625,1226.800048828125,1233.199951171875,2405809,1265.009991455078,1245.0519995117188,1159.7741812133788,1253.7565482013697,42.526361273565755,-3.1199267983809023,4.837658458583506,-7.957585256964408,1310.7789398568332,1265.009991455078,1219.241043053323,0.07236140221961307,19.72638900270967,0.015996099402991577,35.487502657720086,15.914489232128524,23.387126760390483,275305303.0,4631963.8,1304.0,1216.9000244140625,1304.0,932.7028964179103
2025-12-23,1239.0,1239.0,1223.5,1225.0,2920318,1262.9449890136718,1245.9439990234375,1160.8672317504884,1251.0178293250488,39.95708403721454,-4.846939676490138,2.900738831568777,-7.747678508058915,1311.9099431248762,1262.9449890136718,1213.9800349024674,0.07754091355862586,19.424504073944693,0.01585673801954669,34.494197608545676,15.007407485724388,23.267632693037466,272384985.0,4227656.6,1304.0,1216.9000244140625,1304.0,932.7028964179103
2025-12-24,1230.0,1235.4000244140625,1224.699951171875,1226.300048828125,3155506,1259.7499938964843,1246.6780004882812,1161.9940090942382,1248.6637549920085,40.57012660417442,-6.041069065626061,1.1123772521298094,-7.15344631775587,1309.5168351837142,1259.7499938964843,1209.9831526092544,0.07901066327184175,18.801330443104895,0.015331753807782846,33.57184292002658,14.397342910930675,22.32178255477496,275540491.0,4109164.7,1304.0,1216.9000244140625,1304.0,932.7028964179103
2025-12-26,1225.0,1229.9000244140625,1222.0,1228.199951171875,1665983,1256.794989013672,1247.7059985351561,1163.06708984375,1246.714821294853,41.5099945008376,-6.75623727110974,-0.46134565251810034,-6.294891618591639,1306.6857718309036,1256.794989013672,1206.9042061964403,0.0793936692194894,18.022665726744723,0.014674048561513598,32.87895857981566,13.946563866450678,22.692952040780288,277206474.0,4024838.95,1291.0,1216.9000244140625,1304.0,932.7028964179103
2025-12-29,1228.199951171875,1233.9000244140625,1219.0,1232.0,2209655,1254.4099914550782,1248.9539990234375,1164.0610052490235,1245.3134097429622,43.43680294522648,-6.936422286027664,-1.7563609792200132,-5.180061306807651,1304.253428279218,1254.4099914550782,1204.5665546309383,0.07946913236289352,17.799619918695992,0.014447743440499993,31.841642309923373,14.717831771429644,21.336079008903184,279416129.0,3811902.8,1291.0,1216.9000244140625,1304.0,932.7028964179103
2025-12-30,1233.0,1252.0999755859375,1232.0,1246.0,5673233,1252.9249938964845,1249.947998046875,1165.1071850585938,1245.3787992912517,49.975126655047845,-5.881736217532534,-2.5814360268825176,-3.3003001906500167,1301.9049942818683,1252.9249938964845,1203.9449935111006,0.07818504798608963,17.963931037784672,0.014417280126632964,29.770057743506243,20.77825781824356,19.63085779854501,285089362.0,3767703.75,1291.0,1216.9000244140625,1304.0,932.7028964179103
2025-12-31,1246.0,1271.5,1245.0,1269.4000244140625,3711090,1253.4949951171875,1251.3319995117188,1166.2793579101562,1247.6665350172336,58.591014200506514,-3.1217182765067264,-2.6894924768073594,-0.43222579969936703,1302.9608926720352,1253.4949951171875,1204.0290975623398,0.07892476275938101,18.573650249371482,0.014631833852331003,29.0298787778076,26.12138250820901,17.630259698252566,288800452.0,3846464.6,1291.0,1216.9000244140625,1304.0,932.7028964179103
2026-01-01,1270.0,1279.199951171875,1263.800048828125,1274.4000244140625,2022412,1253.679998779297,1252.3,1167.5274871826173,1250.2125816264554,60.16959607553702,-0.5248755218397037,-2.2565690858138283,1.7316935639741247,1303.4287682404465,1253.679998779297,1203.9312293181474,0.07936438247334203,18.34695397039852,0.014396542387727898,28.733649305558874,27.55302684106839,16.573236133445285,290822864.0,3626251.75,1291.0,1216.9000244140625,1304.0,932.7028964179103
2026-01-02,1273.9000244140625,1281.800048828125,1264.300048828125,1266.9000244140625,5860547,1253.025,1252.8919995117187,1168.8103045654298,1251.8018618919418,56.6792192238717,0.9173787790741699,-1.6217795128362287,2.5391582919103985,1301.7038382359347,1253.025,1204.3461617640655,0.0776981117470674,18.2864572582272,0.014434017606625773,28.58793861855743,26.68521755405494,15.44034610044088,284962317.0,3548232.65,1291.0,1216.9000244140625,1304.0,932.7028964179103
2026-01-05,1274.199951171875,1289.699951171875,1270.0,1285.800048828125,6177100,1253.1900024414062,1253.4319995117187,1170.1926177978517,1255.0397844572924,62.57149997519267,3.544589893685952,-0.5885056315317927,4.133095525217745,1302.287925298843,1253.1900024414062,1204.0920795839695,0.07835671009469668,18.608847936769006,0.014472583006766149,28.835496326558612,27.382156486557864,14.089073532982953,291139417.0,3680454.6,1291.0,1216.9000244140625,1304.0,932.7028964179103
2026-01-06,1304.5999755859375,1304.5999755859375,1285.4000244140625,1293.800048828125,6751769,1254.1900024414062,1254.47,1171.495283203125,1258.7312382068956,64.75662813461956,6.2007286314169505,0.769341221057956,5.431387410358995,1305.6825883155743,1254.1900024414062,1202.6974165672382,0.08211289481487272,18.651069596419433,0.014415728004735248,29.6929629653498,31.07503689789599,13.053094939400767,297891186.0,3852898.9,1304.5999755859375,1216.9000244140625,1304.5999755859375,932.7028964179103
2026-01-07,1293.0,1299.0,1284.0,1295.5,5440002,1255.1700012207032,1255.2980004882813,1172.806448364258,1262.233025044334,65.22127107196161,8.346694076325093,2.2848117921113835,6.061882284213709,1308.9722593371284,1255.1700012207032,1201.367743104278,0.0857290376030345,18.3902789109609,0.014195506685419454,30.359247281189656,29.26458679260919,12.836388901565329,303331188.0,4042013.45,1304.5999755859375,1216.9000244140625,1304.5999755859375,932.7028964179103
2026-01-08,1291.0999755859375,1303.199951171875,1283.800048828125,1286.800048828125,3949654,1255.5800048828125,1256.1080004882813,1173.9846899414063,1264.5727415951712,60.803193574271525,9.23887381487748,3.675624196664603,5.563249618212876,1310.2088416724891,1255.5800048828125,1200.951168093136,0.0870176915484972,18.462394870445838,0.014347524222787638,31.15240916363738,28.69301952320253,11.872945206250696,299381534.0,4102049.6,1304.5999755859375,1216.9000244140625,1304.5999755859375,932.7028964179103
2026-01-09,1286.800048828125,1295.300048828125,1270.0999755859375,1272.0,5531427,1255.5450073242187,1256.5719995117188,1175.07744140625,1265.2800995384882,54.090510161720985,8.651958047512608,4.670890966834204,3.981067080678404,1310.130808091619,1255.5450073242187,1200.9592065568183,0.08695156358230757,18.94365761128453,0.014892812587487836,30.64247981791563,25.966640789405943,15.910513034994167,293850107.0,4153095.0,1304.5999755859375,1216.9000244140625,1304.5999755859375,932.7028964179103
2026-01-12,1274.699951171875,1279.5999755859375,1266.5,1274.199951171875,6489750,1254.9500061035155,1257.2839990234374,1176.102260131836,1266.1296092178584,54.88776776376672,8.269020624712539,5.390516898409871,2.878503726302668,1308.4390115953422,1254.9500061035155,1201.4610006116889,0.08524483880900446,18.52625175233117,0.014539516922201004,29.870192039434357,24.655133649092303,16.49489701501906,300339857.0,4328796.15,1304.5999755859375,1216.9000244140625,1304.5999755859375,932.7028964179103
2026-01-13,1274.0,1284.0,1258.699951171875,1262.0,5163166,1253.8100036621095,1257.867998046875,1176.9276977539062,1265.736313101872,49.73018709355107,6.901549095990731,5.692723337926043,1.2088257580646884,1305.6521752880637,1253.8100036621095,1201.9678320361552,0.08269541872298744,19.010094400602156,0.015063466244534196,28.528566650672044,22.31135598459368,17.85764362169307,295176691.0,4539229.75,1304.5999755859375,1216.9000244140625,1304.5999755859375,932.7028964179103
2026-01-14,1255.0,1308.0,1253.5,1298.800048828125,7776704,1257.7700073242188,1259.17,1177.8337231445312,1268.885240313896,61.48623656626274,8.687134567229805,6.2916055837867955,2.3955289834430094,1310.643818152386,1257.7700073242188,1204.8961964960515,0.08407548362621729,21.545087657702002,0.016588456150076064,28.51925547964817,26.236782107744492,14.63104939140903,302953395.0,4715664.45,1308.0,1219.0,1308.0,932.7028964179103
2026-01-15,1298.800048828125,1298.800048828125,1298.800048828125,1298.800048828125,0,1261.4750122070313,1260.6140014648438,1178.8511535644532,1271.7342696962037,61.48623656626274,9.987098858744957,7.030704238778428,2.956394619966529,1314.941812795292,1261.4750122070313,1208.0082116187707,0.08476870341603841,20.006152825009003,0.015403566425070632,28.510609392268858,26.23678210774449,14.631049391409029,302953395.0,4527397.25,1308.0,1219.0,1308.0,932.7028964179103
2026-01-16,1298.800048828125,1309.0,1286.5,1294.199951171875,5175495,1264.6950073242188,1261.9280004882812,1179.8350927734375,1273.8738584081723,59.470006236268034,10.524816950929335,7.729526781208611,2.795290169720724,1317.8997905299193,1264.6950073242188,1211.4902241185182,0.08413852019273593,20.184284766079788,0.015595955437800223,27.55133454338316,24.147718390721604,17.81884156998984,297777900.0,4270038.2,1309.0,1219.0,1309.0,932.7028964179103
2026-01-19,1307.0,1327.0,1297.0999755859375,1307.5,8833223,1268.5400085449219,1263.6219995117187,1180.8672979736327,1277.0763480835844,63.22481611724266,11.887137676668772,8.561048960300644,3.326088716368128,1322.4433670689014,1268.5400085449219,1214.6366500209424,0.08498487735646477,21.08541077051159,0.01612650919350791,27.512774138508355,27.562244700835258,15.838938837657865,306611123.0,4356733.35,1327.0,1219.0,1327.0,932.7028964179103
2026-01-20,1306.0999755859375,1310.9000244140625,1290.0,1293.5,6268527,1271.5550109863282,1265.1519995117187,1181.9114331054689,1278.6405054089573,57.216006539344875,11.702207901374322,9.18928074851538,2.5129271528589427,1323.938475981873,1271.5550109863282,1219.1715459907834,0.08239276247263824,21.072168887908084,0.01629081475679017,26.966027889336946,25.609596059946185,17.12351523186405,300342596.0,4545642.15,1327.0,1219.0,1327.0,932.7028964179103
2026-01-21,1290.0,1297.699951171875,1267.4000244140625,1284.9000244140625,3854702,1274.5500122070312,1266.4,1182.9183135986327,1279.2366500761102,53.83153038216462,10.737923467705514,9.499009292353406,1.2389141753521073,1322.615502351014,1274.5500122070312,1226.4845220630484,0.07542346660960252,21.731294450044114,0.016912829042830764,25.072954709360875,23.059064656959155,22.84652025196323,296487894.0,4738778.05,1327.0,1219.0,1327.0,932.7028964179103
2026-01-22,1290.0,1298.9000244140625,1281.4000244140625,1294.800048828125,5949677,1277.9750122070313,1267.8640014648438,1183.9477172851562,1280.718878528683,56.98587229965337,10.64980600464014,9.729168634810753,0.9206373698293877,1321.3313248523582,1277.9750122070313,1234.6186995617045,0.06785158118303357,21.42905913218382,0.016550091384054593,23.380289310579844,22.113998475267937,21.513836901807963,302437571.0,4785497.25,1327.0,1219.0,1327.0,932.7028964179103
2026-01-23,1297.0,1299.0,1248.0,1258.0,8885549,1279.4650146484375,1268.5200024414062,1184.7858764648438,1278.5551758116655,44.747384554424386,7.523786364899252,9.288092180828453,-1.7643058159292018,1317.6118139823434,1279.4650146484375,1241.3182153145317,0.059629296459329226,23.541269194170688,0.018713250551804998,23.172983466730845,18.692002123316378,28.318897716848614,293552022.0,4925205.8,1327.0,1219.0,1327.0,932.7028964179103
2026-01-27,1288.800048828125,1333.199951171875,1278.4000244140625,1315.800048828125,22715357,1283.6550170898438,1270.00400390625,1186.1296014404297,1282.1023065751378,59.47041493058606,9.599714629284335,9.35041667051963,0.24929795876470529,1318.2731515895236,1283.6550170898438,1249.036882590164,0.053936819532964766,27.231175049720996,0.020695526705576252,21.707829028834222,23.975750480881715,22.732916309089806,316267379.0,5286184.1,1333.199951171875,1232.0,1333.199951171875,932.7028964179103
2026-01-28,1348.0,1369.4000244140625,1310.199951171875,1319.800048828125,15426403,1287.34501953125,1271.4080053710939,1187.3439538574219,1285.692567742089,60.259625320784274,11.435844014437635,9.76750213930323,1.668341875134404,1320.836262649902,1287.34501953125,1253.853776412598,0.05203149522549412,29.51466777775432,0.022362984305055105,21.596101951123543,29.301531344158104,19.47596352731546,331693782.0,6311469.2,1369.4000244140625,1245.0,1369.4000244140625,932.7028964179103
2026-01-29,1318.0,1367.0,1306.0,1363.699951171875,16107684,1292.0600158691407,1273.37400390625,1188.8587359619141,1293.1218423544497,67.69466278995854,16.246070426073857,11.063215796657357,5.1828546294165,1338.2590326442319,1292.0600158691407,1245.8609990940495,0.07151218396618228,31.763620079343298,0.023292235254571733,21.304000012107863,25.28212304999538,17.748833433066043,347801466.0,6799127.7,1369.4000244140625,1248.0,1369.4000244140625,932.7028964179103
2026-01-30,1352.0,1378.699951171875,1352.0,1370.4000244140625,14758482,1296.8600158691406,1275.37400390625,1190.3705499267578,1300.4816692172699,68.65843104442222,20.364104706065064,12.9233935785389,7.440711127526164,1353.4925637467547,1296.8600158691406,1240.2274679915265,0.0873379504104144,31.40192944309556,0.02291442563022573,21.396783129871363,26.40799487427345,16.670890147357706,362559948.0,7418957.4,1378.699951171875,1248.0,1378.699951171875,932.7028964179103
2026-02-02,1339.0,1352.699951171875,1302.9000244140625,1311.5,8647298,1299.0900146484375,1275.9000048828125,1191.3688006591797,1301.5310340537203,53.53754070301601,18.65983782452554,14.070682427736228,4.589155396789311,1354.3231524405305,1299.0900146484375,1243.8568768563446,0.08503358069000366,33.98036305430302,0.025909541025011834,20.165342579742255,22.66099956414424,24.626561628221246,353912650.0,8055760.9,1378.699951171875,1248.0,1378.699951171875,957.3817846841201
2026-02-03,1403.0,1418.300048828125,1345.5,1356.199951171875,10384723,1302.610009765625,1277.5080029296876,1192.3482580566406,1306.7375975887826,60.624858039536036,20.677746340454178,15.39209521027982,5.285651130174358,1362.7608400134402,1302.610009765625,1242.4591795178096,0.09235431909300017,39.18176918100459,0.0288908498685228,20.206077833141833,30.20790210182325,19.83184270055449,364297373.0,8195098.45,1418.300048828125,1248.0,1418.300048828125,973.9676209602275
2026-02-04,1369.699951171875,1369.9000244140625,1336.5999755859375,1338.699951171875,6672251,1304.8550048828124,1278.902001953125,1193.092841796875,1309.7816312633627,56.961520454180544,20.62707356700298,16.439090881624452,4.187982685378529,1366.846424119623,1304.8550048828124,1242.8635856460019,0.09501656353362867,38.761646298656046,0.028954693144438205,19.952932069745565,28.3542203035924,20.25494339240302,357625122.0,8405479.6,1418.300048828125,1248.0,1418.300048828125,973.9676209602275
2026-02-05,1340.0,1340.0,1317.4000244140625,1330.5999755859375,3766488,1306.6100036621094,1280.1880004882812,1193.636063232422,1311.7643307226556,55.295998892279655,19.70615441209293,17.09250358771815,2.61365082437478,1369.4245995468411,1306.6100036621094,1243.7954077773777,0.09614895907528292,37.60724124774758,0.028263371364625953,19.112159407429395,27.13712056930374,23.03220847394067,353858634.0,8401503.7,1418.300048828125,1248.0,1418.300048828125,977.2148108389374
2026-02-06,1325.0,1346.4000244140625,1324.699951171875,1341.5999755859375,5876574,1309.35,1281.2160009765626,1194.2652581787108,1314.6058207096348,57.129255951073254,19.637557872923253,17.601514444759168,2.036043428164085,1373.2406558220898,1309.35,1245.45934417791,0.09759140920623197,36.47101496163614,0.02718471647683774,18.49822076428044,27.237248883575194,22.053347763123785,359735208.0,8317828.0,1418.300048828125,1248.0,1418.300048828125,977.2148108389374
2026-02-09,1350.0,1350.0,1330.699951171875,1341.4000244140625,4077536,1312.820001220703,1282.2980004882813,1194.9429107666015,1317.1576496338662,57.083430896545515,19.34407379151071,17.95002631410948,1.3940474774012301,1375.7508249915586,1312.820001220703,1249.8891774498475,0.09587121419896166,35.24451738067106,0.02627442726942415,18.025100473958318,26.901466820117676,21.190740063940527,355657672.0,8414174.0,1418.300048828125,1248.0,1418.300048828125,977.2148108389374
2026-02-10,1352.5999755859375,1360.0999755859375,1343.300048828125,1356.699951171875,5478998,1316.945001220703,1283.8380004882813,1195.696064453125,1320.9235831136766,59.74429066742433,20.11419781334621,18.382860613956826,1.7313371993893831,1380.0244307430698,1316.945001220703,1253.8655716983362,0.0957966042073089,34.062762651471346,0.025107071480358643,17.861654550697335,27.96450751983328,20.359782792199542,361136670.0,8341479.45,1418.300048828125,1248.0,1418.300048828125,977.2148108389374
2026-02-11,1358.0,1360.0,1344.800048828125,1347.300048828125,3866272,1321.2100036621093,1285.2700024414062,1196.606043701172,1323.4356274674335,57.39004265397035,19.738499947609398,18.65398848068734,1.0845114669220592,1380.2587004875913,1321.2100036621093,1262.1613068366273,0.08938578524505832,32.71541897435732,0.0242822072208882,17.709883336240708,27.036462924146363,19.684112520650526,357270398.0,8290941.85,1418.300048828125,1248.0,1418.300048828125,977.2148108389374
2026-02-12,1347.9000244140625,1357.699951171875,1336.199951171875,1340.0,4152620,1323.270001220703,1286.9100024414063,1197.3471362304688,1325.0131867562495,55.55900461566459,18.636869520100618,18.650564688569997,-0.013695168469379126,1381.921052484644,1323.270001220703,1264.6189499567622,0.08864562970495193,31.914317619046084,0.02381665493958663,17.225994378468545,25.735470597021774,20.661733178126966,353117778.0,8226097.15,1418.300048828125,1248.0,1418.300048828125,977.2148108389374
2026-02-13,1341.300048828125,1346.5,1316.0999755859375,1332.300048828125,4624549,1324.945001220703,1288.1420043945313,1198.0772052001953,1325.7071736202377,53.61587786922565,16.947141661246405,18.309880083105277,-1.3627384218588716,1382.6102069543592,1324.945001220703,1267.2797954870468,0.08704543310179348,31.806153818690113,0.023873116154777912,16.027493272552707,23.97849044308081,23.765086729094328,348493229.0,8044892.95,1418.300048828125,1248.0,1418.300048828125,977.2148108389374
2026-02-16,1324.0,1361.9000244140625,1324.0,1358.300048828125,5082167,1328.1500061035156,1289.7080053710938,1198.9487646484374,1328.8112569733696,58.84938760247972,17.50422505774236,18.148749078032694,-0.6445240202903335,1385.7490334111642,1328.1500061035156,1270.550978795867,0.08673572569807957,32.24143028978814,0.023736603939316998,15.429182400642457,25.376906488451407,21.7696564503251,353575396.0,8276120.4,1418.300048828125,1248.0,1418.300048828125,977.2148108389374
2026-02-17,1358.300048828125,1360.9000244140625,1350.4000244140625,1357.199951171875,4513065,1330.6350036621093,1291.2020043945313,1199.822816772461,1331.514942135132,58.54837745707248,17.65345098204557,18.04968945883527,-0.39623847678970137,1388.742166788546,1330.6350036621093,1272.5278405356726,0.08733749370265624,30.688470983374703,0.02261160631259729,14.873608019582939,24.756716584671278,21.237624654195898,349062331.0,8271454.0,1418.300048828125,1248.0,1418.300048828125,977.2148108389374
2026-02-18,1363.0,1378.5,1353.800048828125,1377.0,5556076,1334.8100036621095,1293.2660034179687,1200.846826171875,1335.8468524079767,62.287300384039256,19.148678026041807,18.26948717227658,0.8791908537652269,1393.6390847724579,1334.8100036621095,1275.980922551761,0.08814599972872281,30.260719568267582,0.021975831204261134,14.935036009881603,27.467698922175586,19.99941339397541,354618407.0,8055446.1,1418.300048828125,1248.0,1418.300048828125,977.2148108389374
2026-02-19,1381.0999755859375,1382.800048828125,1351.0,1356.5999755859375,2744704,1338.395001220703,1294.8800024414063,1201.8277844238282,1337.8233403296872,56.62062011931359,18.474581277896732,18.31050599340061,0.1640752844961213,1393.2239290224366,1338.395001220703,1283.5660734189696,0.0819323559214222,30.370671658257397,0.022387344983652836,15.127563034200953,26.424706597449074,18.50365099337818,351873703.0,8019823.55,1418.300048828125,1248.0,1418.300048828125,977.2148108389374
2026-02-20,1351.0,1376.5,1351.0,1368.300048828125,3791536,1342.070001220703,1296.67400390625,1202.8677423095703,1340.725883996205,58.92849567419486,18.66924543724076,18.38225388216864,0.28699155507212026,1394.5194742737851,1342.070001220703,1289.620528167621,0.07816205265802197,30.02276653981044,0.021941654219426007,15.30633812821178,24.821566009975594,17.38106695201773,355665239.0,7964323.65,1418.300048828125,1248.0,1418.300048828125,977.2148108389374
2026-02-23,1380.5,1402.0,1380.199951171875,1386.699951171875,6160153,1348.5049987792968,1298.95400390625,1203.9452471923828,1345.104366584364,62.323291244007336,20.0768036358038,18.721163832895673,1.3556398029081258,1388.129787923325,1348.5049987792968,1308.8802096352686,0.058768472018861866,30.28542258495791,0.02183992475038616,16.2610835763729,28.862912570230847,15.999588769722171,361825392.0,7856416.6,1418.300048828125,1278.4000244140625,1418.300048828125,977.2148108389374
2026-02-24,1398.0,1398.0,1383.5,1387.5999755859375,7888492,1352.0949951171874,1300.98400390625,1205.1326617431641,1349.1515674416567,62.48662749454161,21.022592734537284,19.181449613223997,1.8411431213132872,1392.22394117767,1352.0949951171874,1311.9660490567048,0.05935817557997034,29.157892400318058,0.021013183131547437,17.14763292109394,27.837676230584282,15.431269138562056,369713884.0,7720146.8,1418.300048828125,1302.9000244140625,1418.300048828125,985.7076002989517
2026-02-25,1394.0,1404.300048828125,1387.5999755859375,1403.0,4379373,1356.2549926757813,1303.3480029296875,1206.1377978515625,1354.2799895900705,65.26167427904535,22.752513859344162,19.89566246244803,2.8568513968961327,1399.2756991604072,1356.2549926757813,1313.2342861911554,0.06344043961784722,28.268048174737302,0.02014828807892894,18.159320129246883,28.254890469503685,14.780096470697124,374093257.0,6978803.55,1418.300048828125,1302.9000244140625,1418.300048828125,987.3062483045857
2026-02-26,1403.0,1405.699951171875,1386.0,1395.5,8979547,1357.8449951171874,1306.8660034179688,1207.1523937988281,1358.2057048672066,62.82422343458035,23.250286662433837,20.566587302445193,2.683699359988644,1404.0793697096433,1357.8449951171874,1311.6106205247315,0.0680996354645998,27.656041245961422,0.019818015941212054,19.00480306249842,26.817281651788882,14.441318461870729,365113710.0,6426452.05,1418.300048828125,1302.9000244140625,1418.300048828125,991.1529148051625
2026-02-27,1387.0,1395.5,1381.0,1383.9000244140625,5840317,1358.5199951171876,1310.0500048828126,1208.0994982910156,1360.6527829192883,59.14484029925824,22.449964889766306,20.943262819909414,1.5067020698568925,1405.84907763691,1358.5199951171876,1311.1909125974653,0.06967741761598384,26.716324014107034,0.019305096858726202,19.48711459089993,25.777653531688404,15.218266887403235,359273393.0,6070045.2,1418.300048828125,1302.9000244140625,1418.300048828125,991.1529148051625
2026-03-02,1369.0999755859375,1384.699951171875,1353.5999755859375,1372.300048828125,5132511,1361.5599975585938,1312.9000048828125,1208.9206610107422,1361.7620463391775,55.63581102714615,20.641737928373686,20.88295784160227,-0.2412199132285835,1403.9731745284332,1361.5599975585938,1319.1468205887543,0.062300856438042125,27.029441983523498,0.01969645195786831,18.485338376303254,23.659105500177976,21.20833482392927,354140882.0,5624136.95,1418.300048828125,1316.0999755859375,1418.300048828125,991.1529148051625
2026-03-04,1344.5,1357.5999755859375,1327.0,1351.300048828125,5832353,1361.3150024414062,1315.3140063476562,1209.6383221435547,1360.7656656238391,49.86766717426348,17.314588737215672,20.16928402072495,-2.8546952835092796,1403.9054330612291,1361.3150024414062,1318.7245718215834,0.0625724840223467,28.334485329566462,0.020968315182211907,17.862292345287745,20.957302828270045,25.492006761756382,348308529.0,5448397.6,1405.699951171875,1316.0999755859375,1418.300048828125,991.1529148051625
2026-03-05,1354.9000244140625,1355.800048828125,1335.300048828125,1349.0999755859375,6057499,1361.8350036621093,1317.6320068359375,1210.3749572753907,1359.6546475249916,49.29109634630791,14.335026249185375,19.002432466417037,-4.667406217231662,1403.553302317916,1361.8350036621093,1320.1167050063027,0.06126777259157237,27.774879234597428,0.020587710130625655,17.283749602201915,19.85243828926712,24.14807359774759,342251030.0,5220779.1,1405.699951171875,1316.0999755859375,1418.300048828125,991.1529148051625
2026-03-06,1347.0,1347.9000244140625,1313.5,1315.800048828125,11629935,1361.0950073242188,1319.4480078125,1210.980062866211,1355.478019077671,41.474683103404224,9.180844658234491,17.038114904780528,-7.857270246546037,1405.4452506374662,1361.0950073242188,1316.7447640109715,0.06516847549156123,28.333814688264574,0.021533526095776617,17.524244408649018,18.07075515049804,27.476590290640864,330621095.0,5190041.5,1405.699951171875,1313.5,1418.300048828125,991.1529148051625
2026-03-09,1282.199951171875,1291.0,1260.800048828125,1288.300048828125,7926265,1358.4300109863282,1320.6880078125,1211.437677001953,1349.0801171491428,36.34844298579646,2.8443109940053546,14.199354122625493,-11.355043128620139,1412.4887309491112,1358.4300109863282,1304.3712910235452,0.07958999657778774,30.238542210531392,0.023471661153810594,19.102370263662564,15.723014578790467,36.35547318177336,322694830.0,5583213.85,1405.699951171875,1260.800048828125,1418.300048828125,991.1529148051625
2026-03-10,1295.199951171875,1319.5,1284.5999755859375,1314.699951171875,6289277,1357.0950073242188,1322.4180078125,1212.0737512207031,1345.8058156274983,43.56041437456498,-0.046648367857869744,11.35015362452882,-11.39680199238669,1414.0131573525534,1357.0950073242188,1300.1768572958842,0.08388233649250539,30.571505225069327,0.02325359881379703,19.349090688876316,21.099791768612647,33.39097850822582,328984107.0,5685698.4,1405.699951171875,1260.800048828125,1418.300048828125,997.7473002679423
2026-03-11,1310.0,1317.5,1252.699951171875,1255.800048828125,6859908,1352.0500122070312,1322.8940087890626,1212.3074182128905,1337.2338378370819,34.23931785775682,-7.009681121892072,7.678186675244642,-14.687867797136715,1424.0914614511328,1352.0500122070312,1280.0085629629295,0.10656624916781605,33.01640119671616,0.02629112909139164,20.288399270815606,18.141808360991764,35.611228718199854,322124199.0,5796285.45,1405.699951171875,1252.699951171875,1418.300048828125,998.3467946594548
2026-03-12,1243.199951171875,1251.0999755859375,1231.800048828125,1234.5,9663320,1346.410009765625,1322.6640087890626,1212.4091064453125,1327.449662804979,31.605485234610825,-14.084315452545297,3.3256862496866546,-17.410001702231952,1434.8510666486618,1346.410009765625,1257.9689528825884,0.1313731422695409,32.37237253980786,0.026223064025765786,21.561100241222952,17.181105129669632,38.33692316561165,312460879.0,5865330.95,1405.699951171875,1231.800048828125,1418.300048828125,998.3467946594548
2026-03-13,1224.0,1234.5,1194.300048828125,1197.300048828125,9098187,1339.2750122070313,1321.2220092773437,1212.4227111816406,1315.05446147385,27.610752197161318,-22.43413258055648,-1.826277516361972,-20.607855064194506,1449.0781370581087,1339.2750122070313,1229.4718873559539,0.16397397674153508,32.93148529924123,0.027504789072274244,23.354332289020984,15.683017333543145,43.1279472756282,303362692.0,6155183.35,1405.699951171875,1194.300048828125,1418.300048828125,998.3467946594548
2026-03-16,1199.199951171875,1219.9000244140625,1180.0999755859375,1214.699951171875,8743794,1333.3950073242188,1320.0280078125,1212.5278118896485,1305.4968890641383,31.943693436179686,-27.332326068465136,-6.927487226782604,-20.404838841682533,1455.9204640298715,1333.3950073242188,1210.869550618566,0.18377968423855104,33.42209697987579,0.027514693606130475,25.22286304629404,14.34903064284912,42.49430514319926,312106486.0,6402461.7,1405.699951171875,1180.0999755859375,1418.300048828125,998.3467946594548
2026-03-17,1219.699951171875,1232.300048828125,1210.0,1228.0999755859375,5707317,1326.8850036621093,1319.2520068359374,1212.6649426269532,1298.1257544471669,35.16238406266305,-29.789514733158285,-11.499892728057741,-18.289622005100544,1457.024634341994,1326.8850036621093,1196.7453729822246,0.19615811516553203,32.627664969036445,0.02656759678988634,26.44737049770785,16.363137291975487,40.41976178403747,317813803.0,6608423.95,1405.699951171875,1180.0999755859375,1418.300048828125,998.3467946594548
2026-03-18,1228.0,1260.0,1224.199951171875,1253.199951171875,6018952,1321.6850036621095,1318.6000048828125,1212.9750329589845,1293.8471065161866,40.80936416193133,-29.37290364327737,-15.074494911101667,-14.298408732175702,1454.8400323207766,1321.6850036621095,1188.5299750034424,0.2014928342074287,32.8542638161142,0.02621629835318137,26.535518548354702,21.111801217039112,37.27376993698492,323832755.0,6639681.45,1405.699951171875,1180.0999755859375,1418.300048828125,998.3467946594548
2026-03-19,1221.0,1241.5,1202.0,1207.0,8264698,1313.1850036621095,1316.86400390625,1213.0431323242187,1285.575953514645,34.80126430299613,-32.39723118892425,-18.539042166666185,-13.858189022258067,1452.6835409523396,1313.1850036621095,1173.6864663718793,0.2124583160806853,34.1646700558114,0.02830544329396139,27.039645248006316,18.851899416024583,37.92519458939668,315568057.0,6714975.8,1405.699951171875,1180.0999755859375,1418.300048828125,1004.2417206442948
2026-03-20,1208.5999755859375,1231.800048828125,1199.699951171875,1203.9000244140625,7518686,1305.5500061035157,1315.0320043945312,1213.1601770019531,1277.797293600304,34.43492968976716,-34.64481086614205,-21.76019590656136,-12.884614959580691,1451.2837994928818,1305.5500061035157,1159.8162127141495,0.22325271756432602,34.01720059869987,0.028255835126555485,27.550635907543185,17.58122331769441,35.851878842906025,308049371.0,6850406.9,1405.699951171875,1180.0999755859375,1418.300048828125,1010.2366012913976
2026-03-23,1181.0,1185.0999755859375,1165.0,1170.5999755859375,6697446,1295.6650024414062,1312.7080029296876,1213.1631762695313,1267.5880252179834,30.696854068030262,-38.66733660676255,-25.1416240466016,-13.525712560160947,1449.6204307997646,1295.6650024414062,1141.7095740830478,0.23764696594916437,34.36597372836863,0.02935757256544186,28.627007717995745,16.159738338533923,40.1654398821567,301351925.0,7089106.0,1405.699951171875,1165.0,1418.300048828125,1031.4683997330853
2026-03-24,1187.0,1202.800048828125,1169.5999755859375,1192.699951171875,8274701,1285.9650024414063,1311.122001953125,1213.3366241455078,1260.4558276897826,35.68663759739887,-39.61527368892007,-28.036353975065296,-11.578919713854773,1440.201191124611,1285.9650024414063,1131.7288137582018,0.23987618386252646,34.282695122212836,0.028743771716036988,28.957026377652472,18.729762210026898,37.387079502090394,309626626.0,7234401.5,1405.699951171875,1165.0,1418.300048828125,1031.4683997330853
2026-03-25,1200.0,1239.0,1198.0,1222.0999755859375,9645791,1277.6900024414062,1310.0800024414064,1213.479224243164,1256.8028893941782,41.70025747864231,-37.56120223377479,-29.941323626807197,-7.619878606967596,1426.9036552261061,1277.6900024414062,1128.4763496567064,0.23356784900810507,35.14107752977799,0.028754666747235265,28.06004768854676,24.325180136508685,33.86856066282654,319272417.0,7340128.9,1405.699951171875,1165.0,1418.300048828125,1031.4683997330853
2026-03-27,1209.5,1213.5,1202.0,1205.199951171875,9479301,1267.8,1308.9440014648437,1213.410932006836,1251.8883238491971,39.41855118915611,-36.87198919814409,-31.327456741074577,-5.544532457069515,1408.4552807155621,1267.8,1127.1447192844378,0.2218887532979369,34.06671310521795,0.028266440827593144,27.22713890580574,23.300016185500393,32.44119908650028,309793116.0,7427993.85,1405.699951171875,1165.0,1418.300048828125,1031.4683997330853
2026-03-30,1185.0999755859375,1188.800048828125,1153.9000244140625,1161.300048828125,18534887,1256.0900024414063,1306.1940014648437,1213.058695678711,1243.2608690852855,34.185825382043035,-39.41380037772842,-32.944725468405345,-6.469074909323076,1391.1544379594457,1256.0900024414063,1121.025566923367,0.215055346759421,35.29765693754613,0.030394950015859564,27.42751091171566,20.881221229614027,38.806992768918334,291258229.0,7682990.25,1395.5,1153.9000244140625,1418.300048828125,1031.4683997330853
2026-04-01,1175.0,1208.0,1175.0,1193.0999755859375,6595695,1246.55,1304.08,1212.8724530029297,1238.4836411329668,40.36171745249565,-38.419341470765175,-34.03964866887731,-4.379692801887863,1370.6661694091413,1246.55,1122.4338305908586,0.19913548499320738,36.11210652571248,0.03026746061911336,27.005126046327053,22.750090141806076,35.222352678075886,297853924.0,8160757.25,1384.699951171875,1153.9000244140625,1418.300048828125,1031.4683997330853
2026-04-02,1174.5999755859375,1202.300048828125,1150.300048828125,1197.9000244140625,9501543,1237.8299987792968,1302.1540014648438,1212.8026312255859,1234.6185347787855,41.257772901925634,-36.81946986824255,-34.59561290875036,-2.2238569594921884,1349.236546578291,1237.8299987792968,1126.4234509803027,0.18000298572317555,37.246956059590154,0.031093543117514357,27.07937102763326,20.481439391467358,36.4466766525661,307355467.0,8198526.15,1357.5999755859375,1150.300048828125,1418.300048828125,1031.4683997330853
2026-04-06,1202.0999755859375,1249.800048828125,1196.4000244140625,1245.300048828125,7847086,1232.5299987792969,1300.9100024414063,1213.0052795410156,1235.6358218311036,49.35062239458134,-31.36521558402478,-33.94953344380525,2.5843178597804695,1331.1967549356596,1232.5299987792969,1133.8632426229342,0.16010442951341172,38.40074665633818,0.030836541516620634,25.803939083226552,27.28244300807099,32.82648398050283,315202553.0,8416977.75,1355.800048828125,1150.300048828125,1418.300048828125,1031.4683997330853
2026-04-07,1237.800048828125,1255.5,1221.0,1250.0999755859375,9248545,1227.5799987792968,1300.042001953125,1213.1839685058594,1237.0133602839448,50.1003258182736,-26.351600940962726,-32.42994694323674,6.078346002274017,1311.133261365961,1227.5799987792968,1144.0267361926326,0.13612679038392517,38.12212189517116,0.030495258491068163,24.47417598777735,26.586841706376447,30.704518268682666,324451098.0,8517714.4,1347.9000244140625,1150.300048828125,1418.300048828125,1031.4683997330853
2026-04-08,1300.0999755859375,1335.5999755859375,1300.0999755859375,1333.0,13519723,1228.4399963378905,1301.0040014648437,1213.778656616211,1246.1549450188072,60.8724775442928,-15.510144775151957,-29.045986509619787,13.53584173446783,1315.8717365185823,1228.4399963378905,1141.0082561571987,0.14234596796153667,41.50625604551608,0.03113747640323787,23.897302980727943,36.459402649629226,26.1867202957466,337970821.0,8677266.7,1335.5999755859375,1150.300048828125,1418.300048828125,1031.4683997330853
2026-04-09,1322.300048828125,1338.5999755859375,1312.800048828125,1318.5,6542529,1229.9499938964843,1301.4780004882812,1214.2713696289063,1253.0449502551114,58.4939208255813,-7.996067781708689,-24.83600276403757,16.83993498232888,1322.3659259407661,1229.9499938964843,1137.5340618522025,0.15027591772492788,40.384375382108686,0.030629029489653913,23.414166910566856,35.32627361159988,24.991747064382718,331428292.0,8771756.1,1338.5999755859375,1150.300048828125,1418.300048828125,1031.4683997330853
2026-04-10,1328.800048828125,1358.5999755859375,1326.0999755859375,1350.800048828125,6755589,1231.7549987792968,1303.3340014648438,1214.9430682373047,1262.3549596430175,62.05114376886517,0.5587949291495988,-19.75704322540014,20.315838154549738,1331.8155226079548,1231.7549987792968,1131.6944749506388,0.16246822448915693,40.3640611109536,0.02988159583349963,23.317165769506264,36.35869360279131,23.218301614663606,338183881.0,8702569.3,1358.5999755859375,1150.300048828125,1418.300048828125,1031.4683997330853
2026-04-13,1318.0,1366.9000244140625,1315.300048828125,1353.5999755859375,8974851,1236.6449951171876,1304.09,1215.6127801513671,1271.0449611613908,62.35235101170266,7.478310641366534,-14.309972452046804,21.788283093413337,1349.6497160821066,1236.6449951171876,1123.6402741522686,0.18276016384833285,41.16662643059531,0.030412697379648936,22.935964174786648,33.10344281747092,23.013435386639607,347158732.0,8725884.9,1366.9000244140625,1150.300048828125,1418.300048828125,1031.4683997330853
2026-04-15,1367.0,1384.5,1349.0,1355.5,6789879,1242.6949951171875,1304.8039990234374,1216.3249639892579,1279.0882981936393,62.56946606514559,12.965929621104351,-8.854792037416573,21.820721658520924,1366.985136305809,1242.6949951171875,1118.4048539285661,0.20003322082567931,40.7618673998385,0.030071462486048323,22.906320549708997,34.12825451365203,21.581815576368207,353948611.0,8831632.05,1384.5,1150.300048828125,1418.300048828125,1031.4683997330853
2026-04-16,1362.0,1364.5,1343.0,1349.5999755859375,5232398,1250.309991455078,1304.5219995117188,1216.972177734375,1285.8036960405248,61.385612518438506,16.646929100732905,-3.7544478097866776,20.40137691051958,1381.0374991184258,1250.309991455078,1119.5824837917303,0.20911215387667262,39.386019728421466,0.02918347691235084,22.704467536395192,32.79754761906101,21.828442182251248,348716213.0,8687960.0,1384.5,1150.300048828125,1418.300048828125,1042.5
2026-04-17,1353.0,1364.300048828125,1344.0999755859375,1359.0999755859375,4062181,1257.5299926757812,1304.2959985351563,1217.706357421875,1292.7842940924688,62.61225850387022,20.099029216103418,1.016247595391341,19.082781620712076,1395.3509080878014,1257.5299926757812,1119.709077263761,0.21919304702826833,38.01559497940475,0.027971154191961046,22.517032595460943,31.55273355106736,20.999954875015494,352778394.0,8494670.55,1384.5,1150.300048828125,1418.300048828125,1042.5
2026-04-20,1359.5,1374.0,1348.0,1354.699951171875,4878641,1263.8599914550782,1305.1599975585937,1218.3176232910157,1298.6810233381266,61.635655014776155,22.223618194077062,5.257721715128485,16.965896478948576,1407.2109739158504,1263.8599914550782,1120.509008994306,0.22684630169475128,37.15733819516156,0.02742846352287739,22.54851353472685,31.840359960676214,19.95036633905476,347899753.0,8260589.9,1384.5,1150.300048828125,1418.300048828125,1042.5
2026-04-21,1361.0,1380.300048828125,1354.699951171875,1377.699951171875,5145338,1270.0849914550781,1305.5899975585937,1219.0858538818359,1306.2066355127693,64.73231346625526,25.469679436716206,9.30011325944603,16.169566177270177,1421.6227150303162,1270.0849914550781,1118.54726787984,0.2386261149368094,36.33182101381073,0.026371359731055224,22.712923048945463,31.476429789851583,18.946265580494572,353045091.0,8219156.1,1384.5,1150.300048828125,1418.300048828125,1042.5
2026-04-22,1370.0,1391.0,1366.0,1379.5999755859375,3997911,1278.714990234375,1306.407998046875,1219.992974243164,1313.1964774244996,64.98376310726468,27.87420595401727,13.01493179836028,14.85927415565699,1434.49861347861,1278.714990234375,1122.9313669901398,0.24365652148283892,35.522405227109964,0.02574833709461545,23.09639020757695,32.045656794271814,17.993835223042154,357043002.0,8175475.4,1391.0,1150.300048828125,1418.300048828125,1042.5
2026-04-23,1369.0,1384.199951171875,1365.4000244140625,1369.5999755859375,5671255,1286.9999877929688,1307.187998046875,1220.9794830322267,1318.5682391541602,62.45970427473725,28.642718684620377,16.140489175612302,12.502229509008075,1443.60947927816,1286.9999877929688,1130.3904963077775,0.24337139544772707,34.327942479303005,0.02506421078506295,23.428774563506447,30.792084096167056,17.414787523553247,351371747.0,7962136.05,1391.0,1150.300048828125,1418.300048828125,1042.5
2026-04-24,1369.0,1375.0,1350.0,1365.9000244140625,3648313,1296.764990234375,1307.6739990234375,1221.9375006103517,1323.076028226532,61.507773647281844,28.623264249762315,18.637044190442303,9.986220059320011,1447.3649979366667,1296.764990234375,1146.1649825320835,0.23227031703727966,33.6616608736385,0.02464430798152927,23.127842596674636,29.15859771937029,19.758769890283812,347723434.0,7869764.5,1391.0,1150.300048828125,1418.300048828125,1042.5
2026-04-27,1325.0,1327.300048828125,1299.9000244140625,1324.199951171875,10768267,1303.339990234375,1307.3299975585937,1222.7080004882812,1323.1830685070408,51.90605627991668,24.95532955641147,19.900701263636137,5.054628292775334,1446.4905011145074,1303.339990234375,1160.1894793542424,0.2196671811694971,35.97154223980718,0.02716473611705959,21.718295442933915,25.337189124747628,27.117600381360848,336955167.0,7717307.85,1391.0,1150.300048828125,1418.300048828125,1042.5
2026-04-28,1312.0,1321.4000244140625,1285.5,1289.0,9939787,1306.684991455078,1305.9759985351564,1223.2650006103515,1319.927538173037,45.45552461194707,18.98922701592801,19.718406414094513,-0.7291793981665045,1445.1351691384084,1306.684991455078,1168.2348137717477,0.21191056542121472,36.16642859209774,0.028057741343753093,20.7920574975423,23.40061025049583,27.888940476804464,327015380.0,7841986.15,1391.0,1150.300048828125,1418.300048828125,1042.5
2026-04-29,1295.0,1309.199951171875,1279.0,1296.4000244140625,6228275,1311.2449951171875,1304.957998046875,1223.8715008544923,1317.686822576944,46.94815990165844,14.688844044125062,18.71249394010062,-4.023649895975559,1441.8075877542146,1311.2449951171875,1180.6824024801604,0.1991429414384283,35.7402516335104,0.02756884523329442,20.103053567116717,21.98824253251199,27.504730533736534,333243655.0,7856685.95,1391.0,1150.300048828125,1418.300048828125,1042.5
2026-04-30,1288.0,1288.0,1257.300048828125,1268.300048828125,16481853,1316.5949951171874,1303.5239990234375,1224.3860009765624,1312.9833203151518,42.22306862173227,8.91061039788974,16.752117231658445,-7.841506833768705,1429.7508915385872,1316.5949951171874,1203.4390986957876,0.17189173108063963,35.98023191582662,0.028368864251855374,20.01053302991601,20.281472492368444,29.677671393081713,316761802.0,7694134.65,1391.0,1150.300048828125,1418.300048828125,1042.5
2026-05-01,1268.300048828125,1268.300048828125,1268.300048828125,1268.300048828125,0,1320.354998779297,1302.2439990234375,1224.9040014648438,1308.7277706497207,42.22306862173227,4.281958847159558,14.258085554758669,-9.97612670759911,1421.171578677557,1320.354998779297,1219.538418881037,0.152711323835586,33.41021535041043,0.026342516805294276,19.924621102515356,20.281472492368447,29.67767139308171,316761802.0,7591482.95,1391.0,1150.300048828125,1418.300048828125,1042.5
2026-05-04,1268.300048828125,1294.4000244140625,1264.5,1275.0999755859375,9759479,1324.2149963378906,1300.5799975585937,1225.4580010986328,1305.5251235007888,43.81021384357138,1.1491694949638713,11.636302342799711,-10.48713284783584,1410.9037714662843,1324.2149963378906,1237.526221209497,0.13092855067814668,33.15948742638558,0.02600540197732185,18.933691871048502,24.597369457144193,27.766210045695036,326521281.0,7261698.2,1391.0,1196.4000244140625,1418.300048828125,1042.5
2026-05-05,1268.0,1273.699951171875,1252.0,1259.699951171875,10163714,1324.934991455078,1298.6299975585937,1225.8875006103515,1301.1608213742256,41.05930828813162,-2.546883021923577,8.799665269855053,-11.34654829177863,1409.195270257411,1324.934991455078,1240.674712652745,0.12719156690064645,32.440950866353575,0.025752919047249603,18.36565721752714,23.346308201970768,29.106229834567255,316357567.0,7274595.0,1391.0,1221.0,1418.300048828125,1042.5
2026-05-06,1275.0,1301.0,1255.199951171875,1294.199951171875,7277673,1327.139990234375,1296.9739965820313,1226.4950006103516,1300.4978813549542,48.81352445164216,-2.6614896032804154,6.50743429522796,-9.168923898508375,1405.5569471097554,1327.139990234375,1248.7230333589948,0.11817435606251561,33.39517214933725,0.025803719215951534,17.140300035089435,26.89845301880502,26.254947829610344,323635240.0,7390426.4,1391.0,1252.0,1418.300048828125,1042.5
2026-05-07,1299.0,1308.0999755859375,1281.199951171875,1292.699951171875,6785048,1325.1249877929688,1295.69599609375,1227.1290002441406,1299.7552213375182,48.51467487294701,-2.8406088382093913,4.63782566854049,-7.478434506749881,1404.8954930030675,1325.1249877929688,1245.35448258287,0.12039695265721101,32.931233025389055,0.025474769296259206,16.213098211773147,26.86901616972414,24.72305703623245,316850192.0,7291882.8,1391.0,1252.0,1418.300048828125,1042.5
2026-05-08,1280.0,1282.0,1264.5999755859375,1268.300048828125,6358595,1322.614990234375,1293.69599609375,1227.628500366211,1296.7594906223378,43.815498440737876,-4.895003766635682,2.7312597815052557,-7.626263548140938,1406.1324722098152,1322.614990234375,1239.0975082589348,0.12629144927601407,32.58614320828537,0.02569277138985691,15.2779963280705,25.214021079235504,26.838943826551272,310491597.0,6955149.05,1391.0,1252.0,1418.300048828125,1042.5
2026-05-11,1258.699951171875,1283.0,1251.699951171875,1272.300048828125,7341360,1318.689990234375,1291.407998046875,1228.191000366211,1294.43001997527,44.76012018284,-6.129700604956724,0.9590677042128597,-7.088768309169584,1403.9014123306772,1318.689990234375,1233.478568138073,0.12923647366301347,32.4942793239882,0.025539792562232193,14.792138410727306,23.47921002204552,27.828001853512365,317832957.0,6945952.35,1391.0,1251.699951171875,1418.300048828125,1042.5
2026-05-12,1270.4000244140625,1274.0,1256.9000244140625,1260.0999755859375,5727828,1314.014990234375,1288.857998046875,1228.995,1291.1604919381907,42.41764454193517,-8.000426755668286,-0.8328311877633694,-7.167595567904916,1401.2868671680449,1314.014990234375,1226.7431133007053,0.13283239168847452,31.394686199841722,0.024914440765101527,14.340984630337198,22.565738970656252,26.745338761895464,312105129.0,6975240.9,1391.0,1251.699951171875,1418.300048828125,1042.5
2026-05-13,1256.0999755859375,1275.300048828125,1247.5,1255.699951171875,6045406,1309.0249877929687,1285.9119970703125,1229.7754998779296,1287.783297579494,41.57262144088772,-9.72592153634264,-2.6114492574792236,-7.114472278863415,1397.64049182689,1309.0249877929687,1220.4094837590474,0.1353916156838657,31.137926387576243,0.024797266543266923,14.213776486660928,21.12668396143567,27.19605397068068,306059723.0,6812889.75,1391.0,1247.5,1418.300048828125,1042.5
2026-05-14,1256.5999755859375,1269.0,1235.800048828125,1254.5999755859375,5822618,1304.2749877929687,1283.0939965820312,1230.5584997558594,1284.6229811991552,41.350843143118254,-11.054715539038853,-4.300102513791149,-6.7546130252477035,1393.860745695958,1304.2749877929687,1214.6892298899793,0.13737250003480028,31.285213872169013,0.024936405612121775,14.448148677724735,19.52527735170707,27.8058524305276,300237105.0,6775666.1,1391.0,1235.800048828125,1418.300048828125,1042.5
2026-05-15,1259.5999755859375,1263.4000244140625,1242.0,1244.800048828125,4805485,1298.559991455078,1280.3119970703126,1231.2584997558595,1280.8303209733429,39.33738948553767,-12.751574336201202,-5.99039687827316,-6.761177457928042,1388.0097600526492,1298.559991455078,1209.1102228575069,0.1377676336652569,30.579128910875692,0.024565494626758232,14.665779997998271,18.549258210314232,26.415908322380695,295431620.0,6805177.1,1391.0,1235.800048828125,1418.300048828125,1042.5
2026-05-18,1239.0,1242.0,1222.0999755859375,1237.9000244140625,6052023,1292.7199951171874,1277.6239965820312,1231.9725,1276.7417213010306,37.93673909230777,-14.486134323291253,-7.6895443672767785,-6.796589956014475,1381.9972384557634,1292.7199951171874,1203.4427517786114,0.1381230949869896,30.016339220255105,0.024247789505023067,15.458228407966416,17.547257464576006,29.724485831086067,289379597.0,6842342.3,1391.0,1222.0999755859375,1418.300048828125,1042.5
2026-05-19,1238.5,1249.800048828125,1231.300048828125,1238.300048828125,9200314,1285.75,1275.3639965820312,1232.733500366211,1273.0806096369442,38.07440137889539,-15.648125136860472,-9.281260521193518,-6.3668646156669535,1368.9611192991074,1285.75,1202.5388807008926,0.12943592346740407,29.193743561665453,0.023575662125906546,15.82963633393582,18.661440955774957,28.379033687709768,298579911.0,6901011.4,1391.0,1222.0999755859375,1418.300048828125,1042.5
2026-05-20,1234.0,1254.0999755859375,1226.5999755859375,1249.800048828125,3562641,1279.2600036621093,1273.377998046875,1233.614500732422,1270.8634133694377,42.05366222048244,-15.46281167014854,-10.517570750984522,-4.945240919164018,1351.7343189710698,1279.2600036621093,1206.7856883531488,0.113306622737348,29.07276187868935,0.023261930503162824,16.319890051339424,17.400590609654774,27.61637553983207,302142552.0,7103760.2,1384.199951171875,1222.0999755859375,1418.300048828125,1042.5
2026-05-21,1256.9000244140625,1262.699951171875,1244.800048828125,1253.300048828125,5171528,1273.4450073242188,1272.127998046875,1234.560001220703,1269.1907119845507,43.24891901289194,-14.862206399418255,-11.386497880671268,-3.4757085187469876,1333.6097095624966,1273.4450073242188,1213.2803050859409,0.09449124523201331,28.274700483336538,0.022560200575891042,16.353459751354116,18.786303623612824,26.36758013313309,307314080.0,7081996.7,1375.0,1222.0999755859375,1418.300048828125,1042.5
2026-05-22,1254.0999755859375,1288.800048828125,1254.0999755859375,1285.4000244140625,5016900,1269.4200073242187,1272.0699975585937,1235.6205010986328,1270.7344560254564,52.85400714077176,-11.661595027752355,-11.441517310087487,-0.22007771766486783,1312.7095828029362,1269.4200073242187,1226.130431845501,0.06820370756557817,28.790793305955358,0.022398313956061552,15.251048020851657,23.60703117440053,24.045287415708327,312330980.0,7057010.35,1327.300048828125,1222.0999755859375,1418.300048828125,1042.5
2026-05-25,1300.4000244140625,1314.5,1293.9000244140625,1311.199951171875,5671455,1268.7700073242188,1271.9999975585938,1236.834500732422,1274.5883127060679,58.87818692704901,-6.962984040465017,-10.545810656162994,3.582826615697977,1309.0346523260037,1268.7700073242188,1228.505362322434,0.06347036069476651,28.81287775452551,0.02197443473726049,15.003892342712692,28.27515983547719,22.310653134876183,318002435.0,7125439.7,1321.4000244140625,1222.0999755859375,1418.300048828125,1042.5
2026-05-26,1309.800048828125,1317.0,1291.5,1299.300048828125,6455265,1269.285009765625,1272.8699975585937,1238.019000854492,1276.9418113843592,55.36426365482672,-4.151665829522244,-9.266981690834845,5.115315861312601,1310.8150819203272,1269.285009765625,1227.754937610923,0.06543852930614959,28.57624362920226,0.021993567732854297,14.856439798734707,27.097816810079554,20.88858865382002,311547170.0,6870599.1,1317.0,1222.0999755859375,1418.300048828125,1042.5
2026-05-27,1296.300048828125,1314.5,1293.0999755859375,1304.0999755859375,7243174,1269.6700073242187,1274.2619970703124,1239.1965008544921,1279.528303213081,56.49219057055699,-1.5188535202739786,-7.717356056722672,6.198502536448694,1312.3259045229788,1269.6700073242187,1227.0141101254585,0.06719210023501436,28.063656542406562,0.021519559134871885,14.719519579326576,25.621851062536926,19.750827572046166,318790344.0,6696373.0,1317.0,1222.0999755859375,1418.300048828125,1042.5
2026-05-28,1304.0999755859375,1304.0999755859375,1304.0999755859375,1304.0999755859375,0,1271.4600036621093,1276.3979956054689,1240.3630004882812,1281.8684624866864,56.49219057055699,0.5612000384846851,-6.061644837681201,6.622844876165886,1316.6641893523413,1271.4600036621093,1226.2558179718774,0.0711059499473567,26.05910964652038,0.01998244776809532,14.592379375590454,25.62185106253693,19.75082757204617,318790344.0,6747117.95,1317.0,1222.0999755859375,1418.300048828125,1042.5
2026-05-29,1296.0999755859375,1312.5999755859375,1277.4000244140625,1286.5999755859375,15215715,1272.375,1277.83599609375,1241.441000366211,1282.319082781853,51.038744255337775,0.7884647920593579,-4.69162291173309,5.480087703792448,1318.0249311914474,1272.375,1226.7250688085526,0.07175546704618908,26.712026898331423,0.02076171879776879,13.819723892029131,23.21018215461919,25.031399606303854,303574629.0,5923025.3,1317.0,1222.0999755859375,1418.300048828125,1042.5
2026-06-01,1289.0,1293.199951171875,1267.0,1275.9000244140625,4311076,1272.4150024414062,1278.7919970703124,1242.439500732422,1281.7077438896827,47.98841009226925,0.10397851072684716,-3.7325026272411024,3.8364811379679495,1318.0758158160907,1272.4150024414062,1226.7541890667217,0.07177031595363816,26.675450060727393,0.020907163218354577,13.504015337897261,21.58186409503102,26.060117003982782,299263553.0,6683811.05,1317.0,1222.0999755859375,1418.300048828125,1042.5
2026-06-02,1263.0,1275.800048828125,1244.9000244140625,1251.0999755859375,11884695,1271.9850036621094,1278.7499975585938,1243.4045007324219,1278.792718336945,41.75892473953362,-2.4118363285801934,-3.468369367508921,1.0565330389287277,1318.2743312706357,1271.9850036621094,1225.6956760535832,0.07278281972705172,26.98434648496115,0.021568497331576845,13.974384416953187,19.810896123658573,29.77161780806064,287378858.0,6411390.9,1317.0,1222.0999755859375,1418.300048828125,1042.5
2026-06-03,1245.0999755859375,1264.800048828125,1230.300048828125,1255.199951171875,7953326,1270.0350036621094,1279.7139965820313,1244.3140002441405,1276.545788130748,43.074560347056966,-4.02836743709554,-3.5803689814262447,-0.44799845566929486,1315.6983223029736,1270.0350036621094,1224.3716850212452,0.07190875607238434,27.521178878892496,0.02192573291067951,14.853174436541604,18.037000153592672,30.89510774212337,295332184.0,6497439.95,1317.0,1222.0999755859375,1418.300048828125,1042.5
2026-06-04,1246.0,1259.9000244140625,1244.0999755859375,1253.300048828125,6392593,1268.065008544922,1280.7019970703125,1245.2305004882812,1274.3319081971647,42.594392195066774,-5.400532253956953,-3.944401635932387,-1.4561306180245666,1313.0415237476927,1268.065008544922,1223.0884933421512,0.07093723886345603,26.683955303837674,0.021290955289428107,15.669193740445133,17.274140760869148,29.588425759000494,288939591.0,6531222.6,1317.0,1222.0999755859375,1418.300048828125,1042.5
2026-06-05,1260.0,1276.0,1252.0999755859375,1272.300048828125,7825303,1268.2650085449218,1282.7359985351563,1246.262000732422,1274.1383977810656,48.747500428709216,-4.8983761161252914,-4.135196531970967,-0.7631795841543241,1313.2794838194177,1268.2650085449218,1223.2505332704259,0.07098591378175913,26.48510309742516,0.020816711531072993,15.614113598171471,20.5027621168964,27.681250955833132,296764894.0,6511599.85,1317.0,1222.0999755859375,1418.300048828125,1042.5
2026-06-08,1262.0,1279.199951171875,1262.0,1268.0999755859375,5034388,1268.0550048828125,1284.2439990234375,1247.2615008544922,1273.5633099529582,47.534564936107785,-4.784175570293428,-4.26499233963546,-0.5191832306579682,1313.031395525503,1268.0550048828125,1223.0786142401219,0.07093760202751948,25.821877959885864,0.020362651570870523,15.407663622836404,20.412441724457942,26.36421671302003,291730506.0,6584935.25,1317.0,1222.0999755859375,1418.300048828125,1042.5
2026-06-09,1275.9000244140625,1298.4000244140625,1271.5,1292.4000244140625,7533504,1269.6700073242187,1285.65,1248.3105010986328,1275.3572827587777,54.57662490289939,-2.701716255272231,-3.952337122762814,1.250620867490583,1315.6952425835143,1269.6700073242187,1223.644772064923,0.07249952348845679,26.14174730761723,0.02022728784725082,14.338696014641403,23.968629151278112,24.181509150286214,299264010.0,6469586.65,1317.0,1222.0999755859375,1418.300048828125,1042.5
2026-06-10,1283.5,1326.5,1283.5,1314.5,12262606,1272.610009765625,1287.8360009765624,1249.4670013427735,1279.085160591275,59.85421574876445,0.7235899927566152,-3.0171516996589287,3.740741692415544,1322.0737437344012,1272.610009765625,1223.1462757968486,0.07773588701834268,27.345908214216,0.020803277454709775,14.334384282746763,28.61635114095559,21.465498494409015,311526616.0,6559870.45,1326.5,1222.0999755859375,1418.300048828125,1042.5
2026-06-11,1308.800048828125,1339.5,1307.300048828125,1317.300048828125,8196686,1275.7450134277344,1290.9560009765626,1250.6525018310547,1282.7246737566893,60.480719734143804,3.62235416775502,-1.689250526176139,5.311604693931159,1328.1083177384733,1275.7450134277344,1223.3817091169956,0.08209054906677087,27.6926255683345,0.021022261096072956,14.7470417117128,29.592771198061914,19.68269275973441,319723302.0,6870730.45,1339.5,1222.0999755859375,1418.300048828125,1042.5
2026-06-12,1332.0,1358.5,1318.5,1356.300048828125,8535670,1281.3200134277345,1294.2200024414062,1252.039501953125,1289.7318523349213,67.97677310228168,8.963296422608437,0.44125886358077615,8.52203755902766,1342.343760585678,1281.3200134277345,1220.296266269791,0.09525137595360784,28.657434540015963,0.02112912593697586,15.682277895556858,31.28961153318076,17.66146213457217,328258972.0,6989433.85,1358.5,1222.0999755859375,1418.300048828125,1042.5
2026-06-15,1372.0,1378.0,1360.5999755859375,1368.300048828125,7522828,1287.8400146484375,1297.6280029296875,1253.5265020751954,1297.2145377152265,69.87049812334139,14.002914469315783,3.1535899847277777,10.849324484588006,1356.3228758327225,1287.8400146484375,1219.3571534641526,0.10635305690975883,28.16047144229161,0.02058062591345336,17.04860758996475,34.51352508607832,16.689347560198136,335781800.0,7175943.1,1378.0,1226.5999755859375,1418.300048828125,1042.5
2026-06-16,1363.5,1371.5,1349.199951171875,1365.699951171875,7709061,1294.210009765625,1300.0360009765625,1255.0050018310546,1303.736958044431,68.91948405918347,17.584340596359198,6.039740107054062,11.544600489305136,1366.6612846005473,1294.210009765625,1221.7587349307028,0.11196216114576776,27.741869826993995,0.0203132978098076,17.765284596724463,32.53185493640916,18.66632104749544,328072739.0,7249483.35,1378.0,1226.5999755859375,1418.300048828125,1042.5
2026-06-17,1364.0999755859375,1365.699951171875,1349.300048828125,1350.9000244140625,4761917,1299.2650085449218,1302.052001953125,1256.5090020751952,1308.2286786510626,63.6120220894855,19.009288953432588,8.633649876329768,10.37563907710282,1372.7175633040638,1299.2650085449218,1225.8124537857798,0.11306785648203255,26.931729292476568,0.01993613798634573,18.430770388715626,31.116850462837768,17.854411371918815,323310822.0,7174920.7,1378.0,1230.300048828125,1418.300048828125,1042.5
2026-06-18,1347.5999755859375,1365.9000244140625,1345.0,1360.0999755859375,5186573,1304.6050048828124,1302.5940014648438,1258.0500018310547,1313.1688021686696,65.39597009184796,20.642970649141716,11.035514030892159,9.607456618249557,1379.4303929253283,1304.6050048828124,1229.7796168402965,0.11470964431757208,26.500893229732707,0.019484518568803,18.826634494369372,29.363963632290194,18.007633294202936,328497395.0,7234884.5,1378.0,1230.300048828125,1418.300048828125,1042.5
2026-06-19,1356.800048828125,1363.0,1350.5,1357.9000244140625,4640277,1308.2300048828124,1303.382001953125,1259.6135021972657,1317.4289185729926,64.58063009017982,21.512178486494804,13.130846922012688,8.381331564482116,1385.9511845066409,1308.2300048828124,1230.508825258984,0.11881883053246511,25.50082942760894,0.018779607459402336,19.194222592476425,28.33584708627297,17.37713442912391,323857118.0,7235636.75,1378.0,1230.300048828125,1418.300048828125,1042.5
2026-06-22,1361.0,1366.0999755859375,1355.199951171875,1360.5,1064614,1310.6950073242188,1303.5760009765625,1261.1085021972656,1321.5309263279455,65.133893723619,22.155434206530117,14.935764378916176,7.2196698276139415,1391.6946565561327,1310.6950073242188,1229.6953580923048,0.12359801293097863,24.457914783784197,0.017977151623509147,19.64441415200234,28.339165128627638,16.82396500319851,324921732.0,7216805.6,1378.0,1230.300048828125,1418.300048828125,1042.5
