Date,open,high,low,close,volume,sma_20,sma_50,sma_200,ema_20,rsi_14,macd,macd_signal,macd_hist,bb_upper,bb_mid,bb_lower,bb_width,atr_14,atr_pct,adx_14,plus_di,minus_di,obv,avg_volume_20,recent_high_20,recent_low_20,recent_high_52w,recent_low_52w
2021-06-22,525.7707042528618,526.682087473144,513.7308773547383,514.5942993164062,9114558,,,,514.5942993164062,,0.0,0.0,0.0,,,,,,,,,,0.0,,,,,
2021-06-23,516.129322055207,517.2805117548078,511.0447716331181,512.3399047851562,4767421,,,,514.3795950753348,,-0.17983774038464162,-0.03596754807692833,-0.1438701923077133,,,,,,,,,,-4767421.0,,,,,
2021-06-24,513.2512742030274,513.682985241973,505.96020745933464,507.2553405761719,6419922,,,,513.7010946468431,,-0.724293083677594,-0.17363265519706148,-0.5506604284805325,,,,,,,,,,-11187343.0,,,,,
2021-06-25,509.70169540288936,514.1147285999051,507.83096733429585,513.3472290039062,5504204,,,,513.6673931570396,,-0.6566439984760564,-0.27023492385286046,-0.3864090746231959,,,,,,,,,,-5683139.0,,,,,
2021-06-28,515.1699968750404,515.1699968750404,508.88623559637216,509.60577392578125,5265796,,,,513.2805722778721,,-0.8946231089124694,-0.3951125608647823,-0.49951054804768713,,,,,,,,,,-10948935.0,,,,,
2021-06-29,509.6536970785148,510.6130416771014,502.69841891210507,503.60980224609375,8713975,,,,512.3595465605599,,-1.5491899749114282,-0.6259280436741115,-0.9232619312373167,,,,,,,,,,-19662910.0,,,,,
2021-06-30,505.57641352128013,508.8381968343207,503.03416842806615,504.2812805175781,5760552,,,,511.5901878897998,,-1.990807458240397,-0.8989039265873686,-1.0919035316530283,,,,,,,,,,-13902358.0,,,,,
2021-07-01,507.4951459403802,509.41389480612446,500.77973369687663,501.4032897949219,6575188,,,,510.620007118859,,-2.5437001030178976,-1.2278631618734746,-1.315836941144423,,,,,,,,,,-20477546.0,,,,,
2021-07-02,504.23334016907563,511.33256152677205,498.86102254124575,503.6577453613281,13309063,,,,509.9569345705227,,-2.7680474564149335,-1.5359000207817664,-1.2321474356331672,,,,,,,,,,-7168483.0,,,,,
2021-07-05,506.53576051935,507.01543278380717,502.0268650947768,502.6504211425781,6373586,,,,509.2610761488137,,-2.992629822464835,-1.82724598111838,-1.1653838413464548,,,,,,,,,,-13542069.0,,,,,
2021-07-06,502.2187287583251,506.2480117211313,499.916289872909,504.7130126953125,10494366,,,,508.82792724848025,,-2.969943406217851,-2.0557854661382744,-0.9141579400795767,,,,,,,,,,-3047703.0,,,,,
2021-07-07,501.9308935644311,509.03011481293237,501.9308935644311,508.0707702636719,6669192,,,,508.75581705945086,,-2.6504683349732545,-2.1747220399052707,-0.4757462950679838,,,,,,,,,,3621489.0,,,,,
2021-07-08,508.45445208745895,511.1406406430049,502.26667388008127,503.945556640625,5400962,,,,508.2976970195627,,-2.6990394560933737,-2.2795855231428916,-0.41945393295048206,,,,,,,,,,-1779473.0,,,,,
2021-07-09,504.1373949915168,515.6495888957627,501.7390336892384,514.4503784179688,7303645,,,,508.88366667655373,,-1.8683439880535957,-2.1973372161250326,0.32899322807143694,,,,,8.291518667597298,0.016117236988133377,,9.380143428326017,17.43796324538584,5524172.0,,,,,
2021-07-12,517.0406722831455,517.0406722831455,507.1593993238676,508.1187438964844,8932790,,,,508.8108168879757,44.25534218983082,-1.701310190157301,-2.0981318109314864,0.3968216207741855,,,,,8.40507254557448,0.016541551844989188,,9.774638035805236,15.973632596523789,-3408618.0,,,,,
2021-07-13,511.8601777844853,513.7309055864682,506.72766664434494,508.5024719238281,8138019,,,,508.781450700914,44.66108977363838,-1.520444321360344,-1.982594313017258,0.46214999165691406,,,,,8.304941573899395,0.01633215575625254,,9.185882489927698,15.38281483473338,4729401.0,,,,,
2021-07-14,507.495106477652,509.7975452841932,505.2406885856706,508.5024719238281,6666859,,,,508.75488129357245,44.66108977363838,-1.3614132922874091,-1.8583581088712884,0.49694481658387923,,,,,8.037221225658191,0.015805667955262444,,8.813874473539101,16.081355153216293,4729401.0,,,,,
2021-07-15,510.8528797602108,510.8528797602108,503.65773601036096,504.0894470214844,6886797,,,,508.3105542200402,40.70901206654203,-1.5733378253399337,-1.8013540521650175,0.22801622682508382,,,,,7.977072834529022,0.015824716985573074,,8.246023018449113,16.46269442026857,-2157396.0,,,,,
2021-07-16,505.5764172078885,521.3097391039412,504.5691114154338,519.1511840820312,11251138,,,,509.3429951592775,55.260582137724384,-0.5199396988236344,-1.545071181496741,1.0251314826731066,,,,,8.637302780809577,0.016637355447974466,,15.719313436019407,14.118275321791256,9093742.0,,,,,
2021-07-19,517.0886076442714,522.5569072262547,507.7829299640442,516.5609741210938,9130551,508.4425048828125,,,510.03042172706955,52.85800930440393,0.1046710267634694,-1.2151227398446989,1.3197937666081683,518.4077198697566,508.4425048828125,498.47728989586835,0.03919898470817645,9.075636672338215,0.017569342492006913,,14.873092071755918,12.47665040163933,-36809.0,,526.682087473144,498.86102254124575,,
2021-07-20,514.6423115513027,514.9780403948562,501.7390614134201,504.3772888183594,7646460,507.93165435791013,,,509.4920281167162,43.31783632044977,-0.3790723437413135,-1.0479126606240219,0.6688403168827084,517.6269067053399,507.93165435791013,498.23640201048033,0.03817542090258512,9.486084960576463,0.018807518044280287,,13.213159404237986,15.635104025841768,-7683269.0,7633929.2,522.5569072262547,498.86102254124575,,
2021-07-22,509.50982322021906,525.7228188364644,502.3626402027326,524.4756469726562,20220601,508.53844146728517,,,510.91903943632957,57.079640862079714,0.8495341827727998,-0.6684232919446575,1.5179574747174573,520.5125535286206,508.53844146728517,496.56432940594965,0.047092259247055554,10.477091651516128,0.019976316749864945,,18.43418355888242,13.145053520899058,12537332.0,7560524.3,525.7228188364644,498.86102254124575,,
2021-07-23,525.4349033038759,537.8584796290104,511.0926380665409,526.010498046875,33200836,509.4761993408203,,,512.3563212087624,57.91986742954678,1.9248746048195926,-0.14976371259180749,2.0746383174114,523.6390762725964,509.4761993408203,495.31332240904425,0.05559779612904608,11.640573788012794,0.022129926743354567,,22.85320751950096,10.986112203855043,45738168.0,8333183.3,537.8584796290104,498.86102254124575,,
2021-07-26,522.8447329744588,531.3350105109347,520.0626216129732,521.933349609375,5214592,509.90550537109374,,,513.2684191516779,54.84822536296572,2.4201992811546233,0.3642288861574787,2.0559703949971446,525.0014986390536,509.90550537109374,494.80951210313384,0.05921094441595983,11.614274867294844,0.022252409959982806,,21.26888720389736,10.224489541512536,40523576.0,9672229.0,537.8584796290104,498.86102254124575,,
2021-07-27,523.6121498693037,523.6121498693037,514.3544338814359,518.5755615234375,5835018,510.35399475097654,,,513.7738612823217,52.38431035822758,2.512835812383287,0.7939502714026403,1.7188855409806465,525.913572148834,510.35399475097654,494.79441735311906,0.0609756269487011,11.44594923305006,0.02207190250042809,,20.040122379999612,13.19599215512196,34688558.0,9657748.4,537.8584796290104,498.86102254124575,,
2021-07-28,517.5683813517304,547.5000318300343,515.9854804719437,544.8138427734375,32532037,512.4141967773437,,,516.7300499957613,65.44663061490641,4.649860250669121,1.5651322672559367,3.0847279834131847,533.7102555178658,512.4141967773437,491.1181380368217,0.08312048680327921,12.879420813410103,0.02364003959195664,,29.785640085913982,10.889623067132762,67220595.0,9686209.5,547.5000318300343,498.86102254124575,,
2021-07-29,550.7616884577335,553.2560318564941,542.0316655219935,544.09423828125,15844335,514.4048446655273,,,519.3361631658079,64.92061811948089,6.213772939400428,2.494860401684835,3.7189125377155934,539.4081952886141,514.4048446655273,489.40149404244045,0.09721273383163546,12.761202636345137,0.023454030089818174,26.348418549456532,31.136134536552984,10.20546722588444,51376260.0,10877112.6,553.2560318564941,498.86102254124575,,
2021-07-30,542.8950555612336,545.3893990873551,535.124376719537,538.81787109375,10125413,516.2755737304688,,,521.1915639208501,61.04631119340634,6.947341647074268,3.3853566507627217,3.561984996311546,542.6679991497003,516.2755737304688,489.8831483112372,0.10224161963939907,12.582904045736056,0.023352796410026147,27.09827290145416,29.321807072289996,13.531803208466403,41250847.0,11381301.75,553.2560318564941,498.86102254124575,,
2021-08-02,542.9910589311802,546.7804759766144,537.2349318144198,542.1755981445312,6372299,518.2014663696289,,,523.1900433707244,62.576858239369336,7.71075585061817,4.2504364907338115,3.460319359884359,546.202255716692,518.2014663696289,490.20067702256574,0.10806912432428505,12.365949768340236,0.02280801609415805,27.88234222211731,28.508601004502594,12.785696661627576,47623146.0,11558813.0,553.2560318564941,499.916289872909,,
2021-08-03,544.9097302793779,558.3406135751804,539.2495855279512,556.61376953125,21680353,520.8996337890625,,,526.3732553860126,68.33776838176126,9.372763489934869,5.274901890574023,4.097861599360845,552.5486113344862,520.8996337890625,489.25065624363884,0.12151660509033826,12.84631250254659,0.02307940120375581,29.266427908311936,31.910106624840317,11.428486214093038,69303499.0,11211974.8,558.3406135751804,499.916289872909,,
2021-08-04,551.6250942586711,563.0413649486392,547.1161394920485,551.0494995117188,21816567,523.2164581298828,,,528.7233738741751,64.23387857956777,10.124220715876504,6.244765655634519,3.879455060241985,556.5269462634748,523.2164581298828,489.9059699962908,0.12732966486816058,13.06623485640688,0.02371154473052744,30.78140153982365,31.701824386486127,10.433548708666176,47486932.0,11977313.15,563.0413649486392,501.7390336892384,,
2021-08-05,554.0235537084562,593.8365349334643,554.0235537084562,574.3617553710938,72423461,526.5310073852539,,,533.0698863976912,71.85884041670602,12.457260654147035,7.4872646553370235,4.9699959988100115,565.8112006946468,526.5310073852539,487.2508140758611,0.14920372307970148,15.189149182502502,0.0264452656195551,33.2523322960901,39.804835926502996,8.334208802976544,119910393.0,12543423.2,593.8365349334643,501.7390336892384,,
2021-08-06,570.3324548648322,591.8698664936028,564.5763872416313,583.187744140625,29055626,530.4931167602539,,,537.843015706542,74.10931027628327,14.847245343476516,8.959260792964923,5.887984550511593,575.4388283522544,530.4931167602539,485.5474051682534,0.16944880215029384,16.05374418746457,0.027527574694013984,35.54676799833752,34.97101713987087,7.322119338321333,148966019.0,15831136.65,593.8365349334643,501.7390336892384,,
2021-08-09,585.2023270723018,587.7925931672287,573.2584813767479,574.8893432617188,10078649,533.5150650024414,,,541.3712373784637,68.55788679341005,15.888560396417688,10.345120713655476,5.543439682762212,581.7469984139013,533.5150650024414,485.2831315909813,0.18080814048330313,15.945199016251442,0.02773611861681767,37.6773154361387,32.694144279359826,6.845395005821452,138887370.0,17013869.85,593.8365349334643,501.7390614134201,,
2021-08-10,577.7194211036256,602.470594412516,574.0738878927596,596.9063720703125,34514358,537.9544464111328,,,546.6602978253064,74.10110321380563,18.279683486485396,11.93203326822146,6.3476502182639365,592.0116744999964,537.9544464111328,483.8972183222693,0.20097325507576602,16.83459240935894,0.02820307035920855,40.03133260433823,34.98277410688986,6.0206193285166165,173401728.0,17152620.05,602.470594412516,501.7390614134201,,
2021-08-11,596.9063404275245,603.6697729449315,588.7519120516172,595.6112670898438,18731287,542.3098861694336,,,551.3222948981195,73.28267169140263,19.84144182372063,13.513914979321294,6.327526844399335,600.0825658771805,542.3098861694336,484.5372064616868,0.2130615029566212,16.697683015355757,0.02803453181290647,42.244867218294125,33.26332979759934,5.636413920446296,154670441.0,18431698.45,603.6697729449315,501.7390614134201,,
2021-08-12,597.673865236109,603.3819713065418,591.9177979032335,597.8177490234375,8430316,546.7756500244141,,,555.750433386245,73.81333367308758,21.01494401627167,15.01412078671137,6.0008232295603,607.1540124525976,546.7756500244141,486.3972875962305,0.2208524188137771,16.323860900209514,0.027305748159661174,44.300292216967456,31.59470940414897,5.353669069861223,163100757.0,18961361.85,603.6697729449315,501.7390614134201,,
2021-08-13,597.8177490550958,612.8315331064593,592.973065015,611.1527099609375,21079044,552.1288131713867,,,561.0268406790728,76.81099837270537,22.758625592158978,16.563021747800892,6.195603844358086,615.3378315995299,552.1288131713867,488.9197947432436,0.2289647521384557,16.576332842441648,0.027123061997877982,46.43153412996058,32.96298399888375,4.895547467011613,184179801.0,19049534.7,612.8315331064593,501.7390614134201,,
2021-08-16,612.783615106274,617.8202042050438,606.3080090726154,608.2747192382812,10506327,556.5849899291992,,,565.5266386370927,74.82030380308723,23.635817018842772,17.977580802009268,5.6582362168335045,622.3795012124768,556.5849899291992,490.79047864592155,0.23642215465295635,16.214608720297843,0.026656719747621217,48.51699612693224,33.488924208444466,4.647277092470764,173673474.0,19759147.05,617.8202042050438,501.7390614134201,,
2021-08-17,608.2746842790358,612.0641012884536,597.6738731132937,600.8876953125,11311229,560.8013259887696,,,568.8943583204648,69.81860873022701,23.46444295713559,19.07495323303453,4.3894897241010575,626.603828437467,560.8013259887696,494.9988235400722,0.2346731343142906,16.08429582421656,0.02676755731510145,49.236777859753225,31.348800939108038,8.184614855624517,162362245.0,19721906.5,617.8202042050438,501.7390614134201,,
2021-08-18,600.4559879860515,608.2267267583115,595.6113038525518,597.6259155273438,7136872,565.4637573242187,,,571.6306971020723,67.66757043384166,22.802575513311126,19.820477689089852,2.982097824221274,627.7332679172451,565.4637573242187,503.1942467311922,0.2202422694168289,15.83651918718393,0.026499050285009512,49.62937218969484,29.565046852561693,8.64920354789344,155225373.0,19830940.4,617.8202042050438,502.3626402027326,,
2021-08-20,594.3161755604162,607.2673870672172,582.3243086353551,588.751953125,12770173,568.6775726318359,,,573.2612929137797,62.0651891057058,21.316265552141317,20.119635261700147,1.1966302904411705,628.7495335525672,568.6775726318359,508.60561171110464,0.21126896438949982,16.48698770466094,0.028003283245432446,48.3970131116249,26.370132103967716,13.471022423605023,142455200.0,19805461.0,617.8202042050438,511.0926380665409,,
2021-08-23,593.2608295636071,604.8689463489603,582.8998845554062,597.3380737304688,12790616,572.2439514160156,,,575.5543196582262,65.07789399388736,20.59378998354555,20.21446620606923,0.3793237774763192,630.1918010072653,572.2439514160156,514.296101824766,0.20252848264401196,16.87856442529617,0.02825630102545937,47.252679681988525,23.918471917461712,12.218606651955824,155245816.0,19432939.6,617.8202042050438,514.3544338814359,,
2021-08-24,602.4225959036959,602.4225959036959,591.965728853759,594.8917236328125,5885050,575.8918701171875,,,577.3959771796153,63.52978211698396,19.59791037091759,20.091155039038902,-0.4932446681213136,629.753517096241,575.8918701171875,522.030223138134,0.18705472250578306,16.419871755627653,0.027601445949452408,46.190084354469036,22.8304510616488,11.662797781214506,149360766.0,18412428.6,617.8202042050438,514.3544338814359,,
2021-08-25,597.050317185712,597.050317185712,586.1616787855507,587.552734375,8127668,579.3407287597656,,,578.3632873886996,58.995679099995264,18.008878364720772,19.674699704175275,-1.665821339454503,626.4964475692087,579.3407287597656,532.1850099503225,0.16279096727893644,16.02478365880862,0.02727377939250803,44.51249086766434,21.722379378009204,13.6838325051272,141233098.0,18445951.5,617.8202042050438,515.9854804719437,,
2021-08-26,585.202287311374,586.6413040485683,560.5470384354883,563.0413818359375,26316897,580.2521057128906,,,576.9040582884365,46.94483336685957,14.60335931555619,18.66043162645146,-4.057072310895268,625.3636558467376,580.2521057128906,535.1405555790436,0.1554894835872194,16.8091345360017,0.029854172496506928,41.97048890055089,19.22956822520246,22.998166966678994,114916201.0,18560584.0,617.8202042050438,535.124376719537,,
2021-08-27,564.8641987268874,580.789366429486,561.266626736086,570.9560546875,16444274,581.5951965332031,,,576.337581755014,50.46346136846835,12.400167475274884,17.408378796216144,-5.00821132094126,623.8283756837794,581.5951965332031,539.3620173826267,0.14523221444166542,17.002963475815864,0.029779811136466633,39.61005850251698,17.652474009449705,21.111994813914308,131360475.0,18249827.0,617.8202042050438,535.124376719537,,
2021-08-30,571.7714395478874,599.592550798768,566.1112947733934,595.2275390625,40506274,584.4156799316406,,,578.1366253081079,59.36380475229552,12.468894359951719,16.42048190896326,-3.951587549011542,622.1384734784853,584.4156799316406,546.692886384796,0.12909576126108416,18.179984372212918,0.030542915404833084,37.543423097137975,22.718058417082847,18.334780012738968,171866749.0,18279823.95,617.8202042050438,537.2349318144198,,
2021-08-31,600.5998423758666,640.9404527335275,599.5925365877798,637.0550537109375,60781970,589.1596527099609,,,583.7479042036155,69.52553393895548,15.71731238275106,16.279848003720822,-0.5625356209697614,628.2790069299765,589.1596527099609,550.0402984899454,0.13279712566900348,20.146622179271105,0.03162461715343773,37.53091600452966,33.69572831674847,15.36322120593037,232648719.0,19798867.0,640.9404527335275,539.2495855279512,,
2021-09-01,640.8445693722518,645.9291195377247,627.4136855193037,639.3095703125,30796359,593.2944427490235,547.1325323486328,,589.0394914520806,69.96155561230123,18.26310204537947,16.67649881205255,1.5866032333269189,635.1644065017466,593.2944427490235,551.4244789963003,0.14114396069081356,20.03010873921038,0.03133084450686307,37.68650522049869,33.24988395756941,14.348831489456176,263445078.0,22519350.55,645.9291195377247,547.1161394920485,,
2021-09-02,642.7153235344391,646.3607973169829,637.0551186636848,639.4055786132812,18951106,597.7122467041015,549.6287579345703,,593.8362616579092,69.98125281546695,20.057198858664833,17.35263882137501,2.7045600372898235,639.4656444320245,597.7122467041015,555.9588489761785,0.13971069844447442,19.26407801878808,0.030128104388090087,37.84592782003386,32.26268400220949,13.853736737893266,282396184.0,22975150.85,646.3607973169829,554.0235537084562,,
2021-09-03,640.8445951426986,642.379534610862,627.4137107496509,631.6828002929688,7920313,600.5782989501953,552.0156158447265,,597.4406939088673,66.21972753661744,20.618196110089457,18.0057502791179,2.6124458309715557,643.382969408511,600.5782989501953,557.7736284918795,0.14254484563674,18.95705986467544,0.030010410060054393,37.22391400248246,30.44339327164824,16.70532498510242,274475871.0,22831877.8,646.3607973169829,560.5470384354883,,
2021-09-06,637.3908582763106,638.685991316524,626.8380682122955,627.9892578125,10223448,602.8183746337891,554.4302941894531,,600.3500809473085,64.43585395744131,20.528117107947764,18.510223644883876,2.0178934630638885,646.4297712017201,602.8183746337891,559.206978065858,0.14469166303838982,18.44926438178637,0.02937831205274343,36.60085737902127,29.046934254366388,16.161907452819104,264252423.0,19606720.4,646.3607973169829,560.5470384354883,,
2021-09-07,631.2030441367671,652.8363162283679,621.6575007746226,643.2908325195312,28185127,606.2384490966797,557.0291662597656,,604.4396763351392,68.25157471817545,21.444242172837107,19.097027350474523,2.3472148223625844,651.2580457637389,606.2384490966797,561.2188524296205,0.14852108682364262,19.358518029783436,0.0300929487118032,36.61185404351343,30.926444599213514,14.302596258658312,292437550.0,18665111.5,652.8363162283679,560.5470384354883,,
2021-09-08,650.438011809454,656.002234238517,637.9664726077632,640.7006225585938,20876941,608.4281616210938,559.6510632324218,,607.893099784992,66.94224803627029,21.71099871200215,19.61982162278005,2.0911770892221,655.6266305361443,608.4281616210938,561.2296927060432,0.15514886355455698,19.264035429852747,0.030067140176831965,36.74431601984844,30.03214235419222,13.346120291670168,271560609.0,19570435.4,656.002234238517,560.5470384354883,,
2021-09-09,640.7006244742639,660.2233642980575,639.9331845994416,658.2567138671875,19784500,611.560433959961,562.7440014648438,,612.6896344594869,71.00266778589668,23.073063128136027,20.310469923851247,2.76259320428478,663.0596894362196,611.560433959961,560.0611784837023,0.16841918677698609,19.33733144905012,0.029376580658699816,37.03171390536376,29.34049514305161,12.34585234691847,291345109.0,18888564.55,660.2233642980575,560.5470384354883,,
2021-09-13,663.8689170107858,668.665640068769,657.968905892146,665.1160888671875,19704664,614.9253509521484,565.960697631836,,617.6826301173631,72.4276604592234,24.42445333304852,21.1332666056907,3.291186727357818,670.9856043034059,614.9253509521484,558.8650976008909,0.182331898544934,18.720145929591034,0.028145681998874534,37.614015284511424,31.364212959867245,11.84196318602838,311049773.0,18941225.2,668.665640068769,560.5470384354883,,
2021-09-14,666.7468709576793,671.2558258839211,661.0867264967802,665.9794311523438,11694600,617.6666870117188,569.2522204589844,,622.282325454028,72.61010384469348,25.273764093741192,21.961366103300797,3.3123979904403953,677.9257076580009,617.6666870117188,557.4076663654366,0.19511824714982193,18.109356890844598,0.027192066366839573,38.2488570845479,31.127842582646768,11.366983391630857,322744373.0,19504942.6,671.2558258839211,560.5470384354883,,
2021-09-15,668.6655807320853,705.0728307833979,667.8501796419065,696.0070190429688,56796797,622.0533020019532,573.0992059326172,,629.3037248434509,78.05020615974846,28.046521540331014,23.178397190706843,4.868124349624171,691.074890782426,622.0533020019532,553.0317132214803,0.2219153521357117,19.608217086573852,0.02817244158476413,39.80373377391822,39.01377592322281,9.74822317505362,379541170.0,19035720.4,705.0728307833979,560.5470384354883,,
2021-09-16,705.1208336217069,707.0395226254515,686.317574009055,689.3875122070312,45001991,626.4782928466797,576.8339477539063,,635.025990306649,74.5356491543996,29.371239546726088,24.416965661910695,4.954273884815393,700.6594234215019,626.4782928466797,552.2971622718575,0.2368194761792866,19.68776933870404,0.02855834924493319,41.29203160128025,36.79422433519127,9.015345474402356,334539179.0,21350243.9,707.0395226254515,560.5470384354883,,
2021-09-17,691.6900204248157,704.8810384772969,691.6900204248157,698.54931640625,26649321,631.524462890625,580.710673828125,,641.0758308875634,76.13725965461946,30.805265219517764,25.69462557343211,5.110639646085655,710.7288778995028,631.524462890625,552.3200478817473,0.25083561972038854,19.388180548101296,0.027754920222162038,42.674022440973566,34.694004122907785,8.500748112230246,361188500.0,23034782.0,707.0395226254515,560.5470384354883,,
2021-09-20,695.5273313771177,703.873664364521,691.0183764105964,695.4793701171875,14330899,636.8608337402344,584.4588458251953,,646.2571203380037,74.44756111936724,31.33283645326651,26.822267749398993,4.510568703867516,718.1724593226922,636.8608337402344,555.5492081577765,0.2553513146817994,18.921545362802963,0.027206479697039328,43.88694672723989,33.01035497086985,8.341763954310743,346857601.0,24010404.45,707.0395226254515,560.5470384354883,,
2021-09-21,693.5127781569445,710.6370969109249,692.6493560989883,697.1102905273438,14216876,641.8494445800782,588.3221405029296,,651.1002794036551,74.76793088644058,31.51920829073731,27.761655857666657,3.7575524330706536,725.0697858392116,641.8494445800782,558.6291033209448,0.2593142113368323,18.854845037741082,0.027047147766930735,45.192902883989866,33.32312620950564,7.773325415326093,361074477.0,24088440.75,710.6370969109249,560.5470384354883,,
2021-09-22,697.4461051569226,702.290849185106,694.6639938229766,697.206298828125,16348622,646.9651733398438,591.9772589111328,,655.4913288726523,74.78797042302429,31.313691637071884,28.472063013547704,2.84162862352418,730.5882157829903,646.9651733398438,563.3421308966972,0.25850863659772394,18.05284577519739,0.025893119160771912,46.405576458114844,32.31754409409257,7.538752075304111,377423099.0,24159753.75,710.6370969109249,560.5470384354883,,
2021-09-23,703.5858735571933,710.0135178667405,693.800523305637,697.2542114257812,26497345,652.4502471923828,595.7599682617188,,659.4687462586645,74.7987272182552,30.799645216638964,28.937579454165956,1.8620657624730086,734.1343887153771,652.4502471923828,570.7661056693885,0.250391939843679,17.921427831333542,0.025702860646315617,47.73770916569459,33.3071922080494,7.051602806902645,403920444.0,24682932.35,710.6370969109249,560.5470384354883,,
2021-09-24,699.4127467569435,722.3891754288528,698.4054408821937,709.342041015625,72175065,659.7652801513672,599.7767596435547,,664.2185838545655,77.41659555615091,31.01018049307777,29.35209966194832,1.6580808311294497,733.9731392203654,659.7652801513672,585.5574210823689,0.22495230137594702,18.436680415029116,0.025991241670424273,49.26500223436938,34.85841149328991,6.3649213082908815,476095509.0,25601416.2,722.3891754288528,561.266626736086,,
2021-09-27,714.4501095980414,715.3297573973134,701.8910583453667,706.19140625,11282248,666.5270477294922,603.7305383300782,,668.2159955112736,75.22322656902561,30.57040472558731,29.595760674676118,0.9746440509111913,731.1612621664975,666.5270477294922,601.8928332924869,0.1939432605388788,18.07968174623752,0.02560167340784249,50.683202940995976,33.00766896971197,6.026987649817983,464813261.0,27894324.6,722.3891754288528,566.1112947733934,,
2021-09-28,707.9994520080022,710.3450796996624,670.4688124083684,680.3890380859375,21944239,670.785122680664,607.2565301513672,,669.3753328993369,60.18457166250779,27.81916180947337,29.240440901635573,-1.4212790921622016,726.7025961109534,670.785122680664,614.8676492503746,0.16672246160387685,19.63658071374155,0.028860812879911987,48.91828631376164,28.219875027934073,16.582690751368183,442869022.0,27636223.3,722.3891754288528,599.5925365877798,,
2021-09-29,681.2198656822018,686.1066652925475,673.547614155285,678.385498046875,16729859,672.8516448974609,610.4412164306641,,670.2334438657691,59.19495976686958,25.18677556940804,28.42970783519007,-3.242932265782027,726.644687283424,672.8516448974609,619.0586025114978,0.15989570002213743,19.13104288685019,0.028200842945390135,47.27943515990118,26.896614877779342,15.805110629843758,426139163.0,26708121.55,722.3891754288528,621.6575007746226,,
2021-09-30,680.046996012066,693.7300344012556,671.2507570475868,672.716796875,13911568,674.522006225586,613.5643328857421,,670.469953676172,56.370707786119304,22.385131834057233,27.220792634963505,-4.835660800906272,726.0731503891955,674.522006225586,622.9708620619765,0.15285237156923476,19.370202491622944,0.02879399263048607,46.111778192431494,27.478216752494603,14.494970680877861,412227595.0,24505516.0,722.3891754288528,621.6575007746226,,
2021-10-01,671.7882565312298,671.7882565312298,652.5343155672796,660.5975341796875,14952128,675.5816040039062,616.6887377929687,,669.5297232479354,50.79133176389579,18.968231805491882,25.570280469069182,-6.6020486635773,725.0303144165279,675.5816040039062,626.1328935912846,0.14638856392642596,19.428222407058477,0.029410074064511803,43.62055235920795,25.43928822751088,20.300588479425873,397275467.0,23661276.45,722.3891754288528,621.6575007746226,,
2021-10-04,659.7178955895786,670.6643377878012,654.5379003400559,665.9730224609375,8917898,677.2961151123047,619.5186853027344,,669.1909898396499,53.012790258211645,16.503825072721384,23.75698938979962,-7.253164317078237,722.7544558487562,677.2961151123047,631.8377743758533,0.13423476001752593,19.19238062425039,0.028818555672615275,41.307271228357514,23.912472908944324,19.08218766612073,406193365.0,23461327.55,722.3891754288528,621.6575007746226,,
2021-10-05,668.9051141715344,687.5238076330542,664.9956747191077,683.4188842773438,25598885,680.0675964355469,622.6668530273438,,670.5460274051445,59.41616434928232,15.776636978865554,22.160918907612807,-6.384281928747253,719.5264450338524,680.0675964355469,640.6087478372414,0.11604390153308886,19.430648644942966,0.028431536049064832,40.020371505304915,28.12982942167799,17.50189316817663,431792250.0,23511206.8,722.3891754288528,621.6575007746226,,
2021-10-06,689.7717957471016,691.9219996021628,672.619140280866,675.7467041015625,10406502,681.6903900146484,625.7431201171875,,671.0413299476605,55.813845014155945,14.415086213487484,20.611752368787744,-6.19666615530026,717.4632127434744,681.6903900146484,645.9175672858224,0.10495328451984569,19.421520836111103,0.028740829541940485,39.02678122633574,27.750401495827667,16.259396012085418,421385748.0,24279978.65,722.3891754288528,637.9664726077632,,
2021-10-07,679.9981359158182,686.3021190669724,675.648872522956,676.8217163085938,8121590,683.4964447021484,628.9080432128907,,671.5918429344161,56.21442380554776,13.269825633612754,19.143367021752745,-5.873541388139991,714.0800367305868,683.4964447021484,652.9128526737101,0.0894915906746698,18.79521552953291,0.02776981748168866,38.10416168157865,26.626894184823946,15.601115435682608,429507338.0,23391047.4,722.3891754288528,639.9331845994416,,
2021-10-08,679.4117320892324,683.7120796910492,673.3032329503063,679.7537841796875,6297352,684.5712982177735,631.6068420410156,,672.369170672061,57.350126852081154,12.455215771477697,17.805736771697738,-5.350521000220041,712.9636838180496,684.5712982177735,656.1789126174973,0.08294938941843884,18.19618918747648,0.026768794247221818,37.047213461515305,25.538929878921905,15.884433540552553,435804690.0,22753279.85,722.3891754288528,652.5343155672796,,
2021-10-11,677.4081051276938,680.2913286880167,669.4915140058836,675.2090454101562,8792050,685.0759460449219,634.2291381835937,,672.6396349328321,54.97011060444901,11.312505626976531,16.5070905427535,-5.194584915776968,712.4061162549427,685.0759460449219,657.7457758349011,0.0797872713756869,17.6678767228091,0.026166528489079608,35.735971767521114,24.423848398400523,16.731907660482253,427012640.0,22078922.45,722.3891754288528,652.5343155672796,,
2021-10-12,675.3556602761828,682.5881470695534,668.7096251882083,670.8109130859375,8579567,685.3175201416016,636.8689990234375,,672.4654709474136,52.69119804369503,9.937454295569637,15.193163293316728,-5.2557089977470905,712.0470474174,685.3175201416016,658.5879928658031,0.07800625692533157,17.39720851984739,0.025934593758790914,34.65616154631817,23.97515130613215,15.778494661093257,418433073.0,21533291.75,722.3891754288528,652.5343155672796,,
2021-10-13,673.4009308944751,681.0243257286561,667.6344839674362,674.2805786132812,7062149,684.2311981201171,639.5110986328125,,672.6383383441629,54.300782674158825,9.02366996920614,13.959264628494612,-4.935594659288473,710.9005997736535,684.2311981201171,657.5617964665807,0.07795435731901418,17.110968037088284,0.025376628928388434,33.551670868585305,22.635060629895424,15.345366353982275,425495222.0,21377540.1,722.3891754288528,652.5343155672796,,
2021-10-14,677.3103793497896,678.2877392045511,666.4127931078732,670.2733764648438,9820591,683.2754913330078,641.7842907714844,,672.4131038794659,52.09624945022835,7.885245382929725,12.744460779381635,-4.85921539645191,710.5014004047991,683.2754913330078,656.0495822612165,0.079692333230557,16.736966469916116,0.024970358450144975,32.40471332778875,21.487941486863047,15.089063241779511,415674631.0,18890807.7,722.3891754288528,652.5343155672796,,
2021-10-18,684.1518435648981,686.0577070597759,664.2625959740126,665.1910400390625,8574445,681.6075775146485,644.0671215820313,,671.725288275618,49.3591828692501,6.498028395238521,11.495174302553014,-4.9971459073144935,708.9731381339848,681.6075775146485,654.2420168953122,0.080297113829396,17.0982625139052,0.02570428867006556,31.863873378605785,22.77739879517515,13.715206816028484,407100186.0,17131737.7,722.3891754288528,652.5343155672796,,
2021-10-19,683.1745757872783,683.1745757872783,660.1577618813312,665.6798095703125,7328862,680.1175994873047,645.8934826660156,,671.1495283989223,49.633244525343876,5.3761160353495825,10.271362649112328,-4.895246613762746,707.5447247879785,680.1175994873047,652.6904741866309,0.08065406724175127,17.521016184765333,0.02632048611490097,30.932170899128415,20.64011592217302,14.101693883503419,414429048.0,16227993.9,722.3891754288528,652.5343155672796,,
2021-10-20,667.9277905622099,697.7372680049622,665.9730707298983,692.41064453125,21217306,679.8826171875,648.0779406738282,,673.174396602001,61.80699690571633,6.568232889467481,9.53073669718336,-2.962503807715878,706.7991514567558,679.8826171875,652.9660829182443,0.0791799454458846,18.5593334883285,0.026803940168904895,30.96826802868506,23.69825977818826,12.361851286966608,435646354.0,15877892.05,722.3891754288528,652.5343155672796,,
2021-10-21,694.853944281031,696.2222121746655,673.5963691651712,680.291259765625,8908979,679.036865234375,650.1859790039063,,673.8521930937748,55.28285116314938,6.4605873905703675,8.916706835860762,-2.456119445290394,704.7594242096665,679.036865234375,653.3143062590835,0.07576189244574554,18.849798454126063,0.02770842368402649,31.001786791844804,21.66643394103366,11.301978997819063,426737375.0,16227913.55,722.3891754288528,652.5343155672796,,
2021-10-22,682.685867694061,689.3319028647867,668.7584895771814,678.7764282226562,6587256,678.1129760742188,651.8233801269531,,674.3211678679539,54.508358048561604,6.181783558769325,8.369722180442475,-2.1879386216731493,702.4414569259333,678.1129760742188,653.7844952225042,0.07175347386082696,18.972913799374577,0.027951639170874346,30.502466568258686,19.988280304859,12.247942869435457,420150119.0,15855931.4,722.3891754288528,652.5343155672796,,
2021-10-25,677.3103767187831,688.0613350793986,659.7178994014121,675.453369140625,9540441,676.4185424804688,653.4202221679687,,674.4289965605892,52.762103167323545,5.627812498150433,7.821340243984067,-2.1935277458336335,696.0846138248695,676.4185424804688,656.752471136068,0.05814764116987104,19.642236790704004,0.029080078193546795,29.134457475443845,17.92808237827932,14.273134961512856,410609678.0,14860426.95,715.3297573973134,652.5343155672796,,
2021-10-26,679.2651444465066,693.7789153981741,673.4009849261051,680.43798828125,10953878,675.1308715820312,655.072626953125,,675.0012814863665,55.0864478882651,5.527288407765013,7.362529876740257,-1.8352414689752434,689.4859571705465,675.1308715820312,660.7757859935159,0.04252534195296709,19.694786339372932,0.02894427806583949,28.275843143945597,18.67672436518636,13.218262052321013,421563556.0,11728695.75,710.3450796996624,652.5343155672796,,
2021-10-27,683.5654448088217,698.4701812535591,678.2876782064119,686.4486083984375,11878571,675.4338500976562,656.578544921875,,676.0915030970399,57.78393698223374,5.865020843076195,7.063028070007444,-1.1980072269312494,690.4601559864103,675.4338500976562,660.4075442089021,0.04449378984065297,19.729623247071093,0.0287415882349919,27.800196870187335,19.010463049734064,12.252427903885783,433442127.0,11712277.25,698.4701812535591,652.5343155672796,,
2021-10-28,686.8396505125626,690.0649261616816,668.9051207105571,674.1339721679688,8884507,675.2212738037109,657.8957299804688,,675.9050715799855,51.0226097882884,5.080424039330069,6.666507263871969,-1.5860832245419,690.1947371753764,675.2212738037109,660.2478104320454,0.044351278469991866,19.831779118789193,0.029418157128339856,26.448533104648188,17.56164231300964,14.697986025410435,424557620.0,11208993.85,698.4701812535591,652.5343155672796,,
2021-10-29,676.5285079712809,685.1292628206784,661.721482210194,669.8335571289062,8602343,675.0771118164063,659.2746472167969,,675.3268321084541,48.872015242538936,4.064761822004471,6.14615817549847,-2.081396353493999,690.1990327223156,675.0771118164063,659.955190910497,0.04480057356772553,20.087207796767416,0.02998835693282791,24.575103320368008,16.099876643955035,16.029027230214876,415955277.0,10816726.25,698.4701812535591,652.5343155672796,,
2021-11-01,674.329443691216,706.4356910572762,673.9873319500789,696.368896484375,17121001,676.8656799316407,661.2495068359375,,677.3308382394941,60.05901441638259,5.339472206336723,5.984820981666121,-0.6453487753293983,693.1326087577934,676.8656799316407,660.598751105488,0.04806545614129991,21.266845377596173,0.03053962559925069,24.278881259485217,21.27679120993302,14.058499897293864,433076278.0,10551265.0,706.4356910572762,654.5379003400559,,
2021-11-02,696.3688880744598,706.7288785479977,693.4856646072087,697.7860717773438,7725455,678.456332397461,663.4301892089844,,679.2789557192893,60.555407830127024,6.390379257815653,6.065932636896028,0.32444662091962506,696.2971517174299,678.456332397461,660.6155130774921,0.05259238794905131,20.69372884639566,0.02965626527007953,24.020824660939272,20.405394197518575,13.415863103425439,440801733.0,10659708.65,706.7288785479977,659.7178994014121,,
2021-11-03,709.3189428607549,715.916122143304,680.2424860228527,683.2722778320312,23261507,678.4490020751953,665.1488732910157,,679.6592721109791,53.25555340518449,5.983119120085576,6.049369933533937,-0.06625081344836126,696.2817781049367,678.4490020751953,660.6162260454538,0.05256924536758324,21.763722223113923,0.03185219557299835,22.6860787022217,18.016311641976568,16.191534704253826,417540226.0,10600086.5,715.916122143304,659.7178994014121,,
2021-11-04,688.0612959789923,688.8431718846705,683.3699808916152,685.2269287109375,1064714,678.9230133056641,666.9555773925781,,680.189525120499,54.05877752786907,5.7517835367614225,5.989852654179434,-0.23806911741801162,696.9462408015572,678.9230133056641,660.899785809771,0.05309358246125246,20.60709163950859,0.030073382665031945,21.44667174055538,17.66841835659502,15.878877690122922,418604940.0,10483217.6,715.916122143304,659.7178994014121,,
2021-11-08,691.4332243099346,698.7145669808971,688.0613209626234,692.9481201171875,7565546,679.7293334960938,669.0634851074219,,681.4046294058978,57.1882390422829,6.120925815433338,6.016067286430215,0.1048585290031232,698.7212727012326,679.7293334960938,660.737394290955,0.05588088749225047,20.098559255969374,0.02900442135923598,20.965007488192335,20.32971172341108,15.11774083559334,426170486.0,10016128.2,715.916122143304,659.7178994014121,,
2021-11-09,695.5869998123767,700.2294589839913,689.1853048853384,697.0530395507812,5278131,680.5942962646484,671.7437182617188,,682.894954181601,58.79525183611145,6.667843671597666,6.146422563463705,0.5214211081339606,701.0325728831504,680.5942962646484,660.1560196461464,0.060060087869306965,19.45181603044677,0.027905790415866452,20.615797499171748,20.061520573433103,14.504641049689933,431448617.0,9988326.0,715.916122143304,659.7178994014121,,
2021-11-10,701.2556950999174,721.2915721027721,691.3354687225452,718.79931640625,15180490,682.7738098144531,674.7005834960937,,686.3144172506151,66.06292804321406,8.755099477044723,6.668157946179909,2.086941530864814,708.943383011778,682.7738098144531,656.6042366171282,0.07665664037241439,20.202122269716778,0.028105372123502368,21.455514607092805,25.383614628416016,12.96837202035378,446629107.0,9937364.95,721.2915721027721,659.7178994014121,,
2021-11-11,718.3595586536478,721.8780305898083,707.8529392583733,712.1044311523438,7421118,684.8384857177734,677.0381213378906,,688.7706090507797,62.41314315340833,9.756575720578553,7.285841501059639,2.4707342195189144,713.3205836912911,684.8384857177734,656.3563877442558,0.08317902269661664,19.76090577412522,0.02775001096699773,22.263215147650307,24.30875909518425,12.31093179076802,439207989.0,10256786.95,721.8780305898083,659.7178994014121,,
2021-11-12,716.4048349038017,728.1331541655284,708.8302953806033,726.6671142578125,9207508,687.4578125,678.8303625488281,,692.3798000228782,66.72013413155375,11.591717575400821,8.147016715927876,3.4447008594729454,720.795769342425,687.4578125,654.119855657575,0.09698909878175252,19.728188132039495,0.02714886602813868,23.312650184773823,24.874605764046752,11.450537891883137,448415497.0,10198864.5,728.1331541655284,659.7178994014121,,
2021-11-15,723.2462891691912,729.110448270563,719.5323336689846,720.8517456054688,5454742,689.9867309570312,680.4612060546875,,695.0914138878868,63.586671089206206,12.433503380269372,9.004314048796175,3.4291893314731965,725.3393494945506,689.9867309570312,654.6341124195119,0.10247332869281195,19.0031828798637,0.026362123690083124,24.33387494500384,24.346414494111947,11.038296558901015,442960755.0,10306132.45,729.110448270563,659.7178994014121,,
2021-11-16,724.5657452480982,725.2499091156014,710.5895104690225,713.7659301757812,4639931,692.4154754638672,681.9484130859375,,696.8699392486386,59.895540404168464,12.386079593336376,9.680667157704216,2.7054124356321605,727.2915022361146,692.4154754638672,657.5394486916198,0.10073728276764198,18.69298400605765,0.026189235456298778,24.369914191382716,22.982540899372324,13.837117808880635,438320824.0,10087840.0,729.110448270563,659.7178994014121,,
2021-11-17,708.1460439843404,715.7694386317436,700.0339694280868,703.7479248046875,8002927,694.318881225586,683.3897155761719,,697.5249854920718,55.031668582975335,11.408615176896092,10.02625676154259,1.382358415353501,727.2517089951783,694.318881225586,661.3860534559936,0.09486369637956706,18.4817329487433,0.02626186493391447,23.462425862503828,21.58486327455675,17.075143490269998,430317897.0,9891114.3,729.110448270563,659.7178994014121,,
2021-11-18,704.2855011640725,707.071012596252,691.9707906161274,698.177001953125,4469597,694.6071990966797,684.7934704589844,,697.5870822978864,52.47950822970319,10.068378666718331,10.034681142577739,0.03369752414059235,727.5691071387788,694.6071990966797,661.6452910545805,0.09490805187439844,18.240196450984822,0.026125461594922964,21.982676698616505,20.308497686952688,19.222987776394042,425848300.0,9924817.55,729.110448270563,659.7178994014121,,
2021-11-22,723.2463351352454,738.83523766781,716.5025278787394,725.2987670898438,36884348,696.8575744628906,686.4336291503906,,700.2262903733108,61.7740684326819,11.067156070884494,10.24117612823909,0.8259799426454038,731.6948514806214,696.8575744628906,662.0202974451598,0.09998392295464952,19.84148496982055,0.027356292151759245,22.366815985062644,28.770979288952766,16.409356317782628,462732648.0,9087432.1,738.83523766781,659.7178994014121,,
2021-11-23,728.133178401035,743.7709379371646,719.0437426013234,741.718505859375,18240414,700.0046783447266,688.4539868164062,,704.1779299434122,66.0973589992856,13.033389254386066,10.799618753468486,2.2337705009175792,738.8779838630088,700.0046783447266,661.1313728264444,0.11106584490322091,20.190464281679166,0.027221195267719458,22.934336421407703,28.00026327559619,14.973893116142806,480973062.0,10486200.55,743.7709379371646,659.7178994014121,,
2021-11-24,746.7030178501889,764.1000134034693,739.1284780748762,741.718505859375,21653712,703.3179351806641,690.12322265625,,707.7532228877897,66.0973589992856,14.425356685854581,11.524766339945707,2.900590345908874,744.4844084681762,703.3179351806641,662.151461893152,0.11706362436765523,20.531969356458738,0.027681619366729762,24.221443390640932,32.64005890315587,13.673060760287562,480973062.0,11068858.45,764.1000134034693,661.721482210194,,
2021-11-25,741.8649734899807,751.1010358945576,735.7564744992964,747.826904296875,8483653,706.6873809814454,691.7774389648438,,711.5697639743692,67.67471315864617,15.83881757804943,12.387576587566452,3.4512409904829777,750.7416331626752,706.6873809814454,662.6331288002156,0.12467819114032398,20.161440216373204,0.02696003593950592,25.14926982439434,30.86564135018166,14.124393445330405,489456715.0,11674522.0,764.1000134034693,661.721482210194,,
2021-11-26,745.7255107537542,745.7255107537542,716.5024295247549,722.0245361328125,11142921,708.466177368164,692.8983410644531,,712.5654565608876,55.853479275858305,14.707422040863321,12.851545678225827,1.8558763626374937,751.9776097899984,708.466177368164,664.9547449463297,0.12283277257771767,20.95879982749798,0.029027822156507326,24.635146390824875,27.570571254303903,19.178408613558357,478313794.0,11551010.75,764.1000134034693,661.721482210194,,
2021-11-29,734.9745875472922,737.9066670188905,710.638304071703,722.6109619140625,15885643,710.8900268554687,693.430419921875,,713.5221713564281,56.04141884345965,13.700175490963943,13.021271640773453,0.6789038501904905,751.8048101157982,710.8900268554687,669.9752435951392,0.11510861515756754,21.4094829074758,0.029627952018283877,23.786937918135465,25.062322433400286,19.390092976428956,494199437.0,11514228.25,764.1000134034693,661.721482210194,,
2021-11-30,723.2463076349553,733.2153902924781,706.2891376618663,711.7623291015625,14272616,712.9864654541016,693.8779162597656,,713.3545673321552,51.6599255057385,11.889476852968983,12.794912683212559,-0.9054358302435759,749.3109022839888,712.9864654541016,676.6620286242144,0.10189376261652354,21.8035378876998,0.030633172052280135,22.725798630926477,22.851559244327312,19.10447123965341,479926821.0,11864285.05,764.1000134034693,673.9873319500789,,
2021-12-01,716.404812367493,720.7052198228394,701.9887537284474,705.898193359375,10488561,713.4629302978516,694.0248937988281,,712.6444364776047,49.41112235855453,9.867551400998309,12.20944042676971,-2.341889025771401,749.1473335657248,713.4629302978516,677.7785270299784,0.10003155525676981,21.583032759606386,0.030575276948780056,21.468912008734602,21.436094081205212,19.344309786973742,469438260.0,12147798.7,764.1000134034693,680.2424860228527,,
2021-12-02,707.5108386779667,719.0436732935625,697.9815798791517,715.9649658203125,11507427,714.371875,694.4346057128906,,712.9606773673864,53.17910021079993,8.974018420970765,11.562356025609922,-2.5883376046391575,749.3314398204418,714.371875,679.4123101795583,0.09787497532833793,21.54582280637813,0.03009340377666683,20.047718783189328,19.939320636215914,19.3220506667545,480945687.0,11816176.7,764.1000134034693,680.2424860228527,,
2021-12-03,713.4727539427089,718.0175015106569,700.0829108764085,702.0864868164062,11024093,715.3125854492188,694.5341296386719,,711.925040172055,47.88393589344378,7.064573818974168,10.662799584282773,-3.598225765308605,747.7992071818632,715.3125854492188,682.8259637165744,0.09083195904415038,21.287877651226005,0.030320876488814586,18.728039359468717,18.73943066330531,18.159306194457912,469921594.0,12005275.3,764.1000134034693,683.3699808916152,,
2021-12-06,701.744441172204,705.5561688226277,678.1411746168538,681.8062744140625,8804487,715.141552734375,694.2261291503906,,709.0565862903414,41.3972191359813,3.8702675281176653,9.304293173049752,-5.4340256449320865,748.289234559865,715.141552734375,681.9938709088849,0.09270243547937732,21.72552883369371,0.03186466544674205,18.56123670705321,17.05036645887609,23.736472264972,461117107.0,11393404.6,764.1000134034693,678.1411746168538,,
2021-12-07,686.4486524700652,689.7228436912676,678.3854338757263,683.0278930664062,10238693,714.645541381836,693.9416027832032,,706.5776631261572,41.90772567933133,1.4209513519572283,7.727624808831248,-6.3066734568740195,749.3663195779512,714.645541381836,679.9247631857207,0.09716922917892772,20.983520332397106,0.030721322724015048,18.40634852981024,16.392343302107328,22.82041286835885,471355800.0,11780393.25,764.1000134034693,678.1411746168538,,
2021-12-08,689.0386969619744,702.7217349158293,686.3998134259259,698.9589233398438,8296393,714.740835571289,693.7339404296876,,705.852068860794,48.24013674859893,0.7566296818838509,6.333425783441768,-5.5767961015579175,749.2779299423793,714.740835571289,680.2037412001988,0.09664228669258808,20.8914004407561,0.02988931072076521,17.36168459179558,19.73295538346099,21.283821624093164,479652193.0,11914050.6,764.1000134034693,678.1411746168538,,
2021-12-09,700.5715234683173,707.559670206459,694.9028483100926,697.7860717773438,9069515,713.6901733398438,693.5658337402343,,705.0838786623702,47.826798210713584,0.1339663720613089,5.093533901165676,-4.959567529104367,748.9406183416221,713.6901733398438,678.4397283380655,0.09878360756129623,20.30321625901398,0.02909662012498943,16.16003111998422,20.556319046987728,20.336098661901396,470582678.0,12064963.7,764.1000134034693,678.1411746168538,,
2021-12-10,694.9028151488448,702.6239814007107,690.9933759637598,694.609619140625,4251339,712.8154327392579,693.8502453613281,,704.0863301364898,46.66070653289748,-0.6087941678748621,3.953068287357569,-4.561862455232431,749.0348168091584,712.8154327392579,676.5960486693573,0.10162345652566512,19.683744057438044,0.028337851240515334,15.2183025318781,19.688734261673293,20.89648165219015,466331339.0,11759414.95,764.1000134034693,678.1411746168538,,
2021-12-13,698.8122459219469,702.1352930505909,682.5391816485954,687.181640625,9896899,710.8411590576172,694.0261682128906,,702.476359706824,43.96143727134705,-1.7763365332549483,2.8071873232350653,-4.583523856490014,748.1144363427715,710.8411590576172,673.567881772463,0.10487090346475854,19.67748458204929,0.028635055738905332,14.865535253236839,18.288211793079203,22.478890824070504,456434440.0,11600926.0,764.1000134034693,678.1411746168538,,
2021-12-14,685.1293463501663,690.3093423163012,672.8146344568405,675.942138671875,9275631,708.5956787109375,694.0906750488281,,699.949291036829,40.17435354114151,-3.5674329977392745,1.5322632590401972,-5.099696256779472,748.5040040052565,708.5956787109375,668.6873534166184,0.11264061154569688,19.52157195900725,0.028880537019580127,15.08459212081251,17.117540104257532,24.59813281815017,447158809.0,11635395.55,764.1000134034693,672.8146344568405,,
2021-12-15,676.0886907053196,679.1673981600261,668.6118638314963,669.9313354492188,7674319,706.4039489746094,694.2773510742187,,697.0904381237233,38.27536438324868,-5.409553470607193,0.14389991311071926,-5.553453383717912,749.6138980463085,706.4039489746094,663.1939999029104,0.12233779025278964,18.881140699687432,0.028183695403689077,15.51183025727019,16.433997935062113,25.20580882712805,439484490.0,11826440.0,764.1000134034693,668.6118638314963,,
2021-12-16,674.2805811461395,674.2805811461395,662.2590073260808,665.9730224609375,9633006,704.5152038574219,694.2773510742187,,694.1268747272675,37.03389702029281,-7.106925777809806,-1.306265225073386,-5.800660552736421,751.1880153988382,704.5152038574219,657.8423923160055,0.13249625071501464,18.39117163685681,0.027615490442686123,16.238492623669835,15.666694535225899,26.4963044036891,429851484.0,11978159.4,764.1000134034693,662.2590073260808,,
2021-12-17,665.5820617942825,670.1756650471667,646.1325768026991,650.9705200195312,13850460,702.1548797607422,693.6283837890625,,690.0167457074831,32.70419776097316,-9.552566090427604,-2.9555253981442298,-6.5970406922833735,754.3222919123825,702.1548797607422,649.9874676091019,0.14859232245004472,18.79487996597187,0.028872090805906175,17.64532112397007,14.235165918726063,30.20396334809426,416001024.0,12059663.35,764.1000134034693,646.1325768026991,,
2021-12-20,644.2267546403264,646.1814742967899,630.4948013310214,643.3471069335938,11812939,698.0572967529297,692.9803918457031,,685.5720182052079,30.73767166245493,-11.967940415255157,-4.758008401566416,-7.209932013688741,754.9679378441432,698.0572967529297,641.1466556617162,0.16305435486725225,18.914939874724578,0.029400831480970623,19.527753273280254,13.134466627332348,33.77381605498375,404188085.0,12528706.5,764.1000134034693,630.4948013310214,,
2021-12-21,648.9181121121394,655.7107752910306,644.2756526259401,651.8990478515625,8084499,693.5663238525391,692.4819384765625,,682.3650686477177,35.42837384274185,-13.041734808313208,-6.414753682915775,-6.626981125397434,750.1613967056198,693.5663238525391,636.9712509994583,0.16320017540273069,18.446991909204023,0.028297313778872714,20.490813228216616,16.19551510103062,32.156950579323386,412272584.0,11275136.05,764.1000134034693,630.4948013310214,,
2021-12-22,651.8990541355764,670.4688922593784,651.8990541355764,669.2471923828125,8522226,689.942758178711,692.271806640625,,681.1157470986791,43.7504694111073,-12.350505383762538,-7.601904023085128,-4.7486013606774105,742.9053757798059,689.942758178711,636.980140577616,0.15352757014481608,18.455767087676303,0.027576906257859232,20.31239945092497,20.743313457895496,29.84582796750147,420794810.0,10767340.3,751.1010358945576,630.4948013310214,764.1000134034693,498.86102254124575
2021-12-23,673.4008720721109,673.4008720721109,660.2065153624252,663.3829345703125,5602466,685.7205596923828,692.0352844238281,,679.4269078102632,41.78979309528811,-12.136001410724134,-8.50872350061293,-3.6272779101112036,732.6748033193869,685.7205596923828,638.7663160653788,0.13694862422695317,18.079952060676977,0.027254171186040163,19.94794144934814,20.820365274750422,28.29005384985869,415192344.0,10110766.0,745.7255107537542,630.4948013310214,764.1000134034693,498.86102254124575
2021-12-24,666.6571520584864,667.3901719704346,657.4211488905897,661.7214965820312,3756020,682.7054077148438,691.85349609375,,677.7406781694792,41.226089132179915,-11.962177095748189,-9.199414219639984,-2.762762876108205,727.6490579198605,682.7054077148438,637.761757509827,0.13166337836828462,17.50059999061754,0.026447077933863153,19.752217944852532,19.973215944090477,28.275819429415883,411436324.0,9966706.65,737.9066670188905,630.4948013310214,764.1000134034693,498.86102254124575
2021-12-27,659.6691127371676,662.9921007880426,653.5117569589919,660.4509887695312,3658572,679.5974090576171,691.576904296875,,676.09404108377,40.77315703922638,-11.791019898450713,-9.71773535540213,-2.073284543048583,721.5718566712184,679.5974090576171,637.6229614440159,0.12352739152377369,16.927724550505626,0.025630553725179854,19.77384501196883,19.174218358979637,28.794304029525847,407777752.0,9597361.6,733.2153902924781,630.4948013310214,764.1000134034693,498.86102254124575
2021-12-28,664.4580805494065,668.0254679190041,659.7667651267241,664.653564453125,3892590,677.2419708251953,691.4645080566406,,675.0044718808514,43.00379843113091,-11.187303579387503,-10.011649000199206,-1.175654579188297,716.9585816753911,677.2419708251953,637.5253599749994,0.1172892778685956,16.308508710632367,0.024536855864228997,19.40364145501119,20.68518484943563,27.752763587969334,411670342.0,8986008.05,720.7052198228394,630.4948013310214,764.1000134034693,498.86102254124575
2021-12-29,664.5558523510236,668.0254679422266,659.7179090870562,661.5260009765625,3847574,675.0233612060547,691.3912072753906,,673.7208079852048,41.743776279370266,-10.836308067375512,-10.17658081363447,-0.6597272537410426,713.0086581843365,675.0233612060547,637.0380642277729,0.1125451329874391,15.737012292385078,0.023788955036013214,19.06278198420945,19.905206561970893,26.728462638167343,407822768.0,8467006.75,719.0436732935625,630.4948013310214,764.1000134034693,498.86102254124575
2021-12-30,662.1613294407155,670.2734046456363,658.9360537150618,663.9694213867188,5701612,672.423583984375,691.3569995117188,,672.7921044996348,43.14534418884161,-10.242904165503205,-10.189845484008217,-0.05305868149498849,705.6657611024077,672.423583984375,639.1814068663423,0.09887272817250015,15.422750766541467,0.02322810399058833,18.55778283730163,19.90113724065757,25.325016681927092,413524380.0,8134957.4,718.0175015106569,630.4948013310214,764.1000134034693,498.86102254124575
2021-12-31,665.0933889231097,678.3854592415854,664.6047089900288,668.3186645507812,4598628,670.7351928710938,690.8751599121093,,672.3660625997439,45.651784023226675,-9.314310153336123,-10.014738417873799,0.7004282645376758,701.0837050779185,670.7351928710938,640.3866806642691,0.09049327522808921,15.350842701421838,0.022969346085433807,17.431974837446564,22.340788842372145,23.6262434974613,418123008.0,7844666.65,707.559670206459,630.4948013310214,764.1000134034693,498.86102254124575
2022-01-03,672.2281052084564,676.9194206436965,667.6345018986812,675.6488647460938,2939833,670.4273223876953,690.7823120117188,,672.6787104232059,49.678333966131234,-7.895887932743335,-9.590968320847706,1.6950803881043708,700.4434534039075,670.4273223876953,640.4111913714831,0.08954328087140344,14.917562418821376,0.022078868473237704,16.386581694724004,21.347556822684034,22.575862433829403,421062841.0,7523393.4,707.559670206459,630.4948013310214,764.1000134034693,498.86102254124575
2022-01-04,676.5773240243454,687.3282818636633,674.7692322490562,681.6596069335938,6473875,670.3589080810547,690.8399755859375,,673.5340339003857,52.768464400791345,-6.215117438031257,-8.915798144284416,2.7006807062531593,700.2658866320746,670.3589080810547,640.4519295300347,0.08922676551470198,14.749097218520351,0.021637041521160846,15.815914983246037,25.090067224994176,21.202745091709843,427536716.0,7230160.7,707.559670206459,630.4948013310214,764.1000134034693,498.86102254124575
2022-01-05,685.0315642578794,686.8396561758859,676.0886974879674,684.1519165039062,4586105,669.6185577392578,691.0139465332031,,674.5452608150067,54.02902600153821,-4.6286301908326095,-8.058364553594055,3.4297343627614456,697.3077638175612,669.6185577392578,641.9293516609544,0.08270142981636208,14.463515894905939,0.021140795700487318,15.286010179730782,23.75793570290883,20.07700697239265,432122821.0,7041919.8,707.559670206459,630.4948013310214,764.1000134034693,498.86102254124575
2022-01-06,686.1066206130769,704.1877779939058,684.1519008962305,694.3164672851562,21642414,669.4450775146485,691.2915161132812,,676.4282328597828,58.85236488326101,-2.5220605736874404,-6.951103757612732,4.429043183925292,696.4615045445826,669.4450775146485,642.4286504847144,0.08071290069152222,14.861541695103751,0.02140456462629181,15.931679855317068,29.80807277957736,18.143634953523314,453765235.0,6856405.4,704.1877779939058,630.4948013310214,764.1000134034693,498.86102254124575
2022-01-07,697.7372675875106,698.9589674819745,685.5691247079877,688.7455444335938,4315015,669.1518737792969,691.3374548339843,,677.6013101525268,55.42029188051966,-1.2872769635280292,-5.818338398795793,4.531061435267763,695.1786720716497,669.1518737792969,643.1250754869442,0.07779040696802123,14.756420343595394,0.02142506831856268,16.531230268361476,27.87610303052347,16.967679898418247,449450220.0,7485050.35,704.1877779939058,630.4948013310214,764.1000134034693,498.86102254124575
2022-01-10,689.4296309722415,695.2448740949447,687.7192513118443,688.9898071289062,3565324,669.2422821044922,691.6345715332031,,678.685928912182,55.54271128301496,-0.2856987409734302,-4.71181046723132,4.42611172625789,695.5302214703761,669.2422821044922,642.9543427386084,0.07856030639074113,14.239934803560038,0.020667845382066476,17.08795565190271,26.823805696278278,16.327165537215013,453015544.0,7488234.15,704.1877779939058,630.4948013310214,764.1000134034693,498.86102254124575
2022-01-11,687.0840408404969,693.4857365449761,678.8741934470788,687.5238647460938,10642484,669.8213684082032,691.9883776855469,,679.5276370868403,54.57411198034968,0.3853280950597764,-3.692382754773101,4.077710849832878,697.1632781711924,669.8213684082032,642.479458645214,0.0816394073183,14.266478253155558,0.02075052079599338,16.719630803772464,24.86147741262144,19.561223786514795,442373060.0,7171655.4,704.1877779939058,630.4948013310214,764.1000134034693,498.86102254124575
2022-01-12,691.9219550552933,716.1116126474038,688.2568554201251,713.668212890625,12366953,672.0082122802735,692.3343640136719,,682.7791204967245,65.97150291224543,2.9922591935662695,-2.3554543651052273,5.347713558671497,705.36923175911,672.0082122802735,638.647192801437,0.09928753509018928,15.289426085166596,0.02142371736473825,17.732962953473308,32.111370961238215,16.948721099386805,454740013.0,7239998.05,716.1116126474038,630.4948013310214,764.1000134034693,498.86102254124575
2022-01-13,712.495277114877,718.9947434903477,709.7098256129933,715.2318725585938,5829874,674.4711547851563,692.6832800292968,,685.8698587883312,66.51267032415527,5.1253631423358,-0.8592908636170218,5.984654005952822,712.6164760693966,674.4711547851563,636.3258335009159,0.11311179436988983,14.860532641751437,0.020777223739472016,18.815642850718,32.06408195250639,16.192319238893507,460569887.0,7474629.75,718.9947434903477,630.4948013310214,764.1000134034693,498.86102254124575
2022-01-14,713.423811521728,714.352315280065,702.184173607765,704.2854614257812,5344096,677.1369018554688,693.1035437011719,,687.6237257061836,59.39185148833714,5.864971750949962,0.48556165929637496,5.379410091653588,715.7887234855185,677.1369018554688,638.485080225419,0.11416250251356053,14.731044520971242,0.02091629790447353,19.11196296213206,30.035506528216846,18.81696434034887,455225791.0,7284473.15,718.9947434903477,630.4948013310214,764.1000134034693,498.86102254124575
2022-01-17,703.699159497451,718.1152186677112,703.2593355921016,712.1044311523438,4340924,680.5747680664062,693.64109375,,689.9552214629607,62.48166040528646,7.001335376901011,1.7887164028173022,5.212618974083709,718.8224240970319,680.5747680664062,642.3271120357806,0.11239810179649116,14.739961560588272,0.020699157196277698,19.599881645757044,29.696711138322428,17.462325112399512,459566715.0,6859154.95,718.9947434903477,644.2756526259401,764.1000134034693,498.86102254124575
2022-01-18,710.5406282174076,714.1568716809511,696.4177661110347,698.177001953125,4312058,682.8886657714844,693.7456713867188,,690.7382481763096,54.5235706370315,6.700841468213866,2.771141415896615,3.9297000523172514,719.4806736840237,682.8886657714844,646.2966578589451,0.10716829769373894,14.954186132683141,0.021418903932454585,19.419806512391904,27.180487399612517,19.250600869720657,455254657.0,6485554.2,718.9947434903477,651.8990541355764,764.1000134034693,498.86102254124575
2022-01-19,697.8349218057003,698.8122816401622,685.8134077724827,687.7681274414062,5879490,683.8147125244141,693.5599731445312,,690.4553795348903,49.45395749834782,5.558711334054578,3.328655399528208,2.23005593452637,719.9130319134351,683.8147125244141,647.716393135393,0.10557924165087999,14.814520970897162,0.021539993465543764,18.37341064590879,25.47696706852416,23.15699833930124,449375167.0,6296932.15,718.9947434903477,653.5117569589919,764.1000134034693,498.86102254124575
2022-01-20,690.0161612624875,703.357149148225,689.2831412611463,699.203369140625,4812496,685.6057342529297,693.1680541992188,,691.2885214021031,54.46327524320361,5.51274590769583,3.765473501161733,1.7472724065340972,721.0194077110856,685.6057342529297,650.1920607947737,0.10330623473196134,14.869842452034414,0.021266834669733642,17.716544513260033,25.75233629479571,21.422927945575573,454187663.0,6164795.35,718.9947434903477,653.5117569589919,764.1000134034693,498.86102254124575
2022-01-21,693.5345509459607,697.8349583038363,673.7430132629737,679.5094604492188,6704622,686.4951324462891,692.5161547851562,,690.166706073257,46.00687694268586,3.8428857389243376,3.7809559487142543,0.06192979021008327,720.3227203036794,686.4951324462891,652.6675445888987,0.09855157380897224,15.626307696721334,0.022996453480413497,16.93097901332977,22.755267599253948,26.03318178323514,447483041.0,6125296.85,718.9947434903477,653.5117569589919,764.1000134034693,498.86102254124575
2022-01-24,674.6714867579535,690.993408044113,662.0146648779685,674.2805786132812,11091633,687.1866119384765,691.4684240722656,,688.6537415532594,44.05118320836516,2.07367838629159,3.439500436229722,-1.365822049938132,719.3824611397907,687.1866119384765,654.9907627371623,0.09370336570001948,16.580053087394422,0.024589249065267153,16.90656631812356,19.914422587825218,27.83580374625235,436391408.0,6272726.95,718.9947434903477,658.9360537150618,764.1000134034693,498.86102254124575
2022-01-25,668.5141923784291,704.1389737713639,666.7061003685566,695.733642578125,14128764,688.7406158447266,690.9660620117188,,689.3280178413419,52.89792435418153,2.3752711369937742,3.2266545763825327,-0.8513834393887585,719.3996388883071,688.7406158447266,658.081592801146,0.08902922911255308,18.06954025278106,0.025971922510204044,15.940701687860322,22.164074706187495,23.716898580343635,450520172.0,6644380.0,718.9947434903477,658.9360537150618,764.1000134034693,498.86102254124575
2022-01-27,690.5048340102647,699.7897539297234,685.6180340526549,691.2378540039062,8937312,690.2262084960937,690.5155004882813,,689.5099069996813,51.07526999084054,2.225854731913955,3.026494607488817,-0.8006398755748618,718.2309927138635,690.2262084960937,662.2214242783239,0.08114668458848685,17.79112451165873,0.025738064558539338,15.043827388330174,20.903000247143638,22.367472743989847,441582860.0,7156188.7,718.9947434903477,658.9360537150618,764.1000134034693,498.86102254124575
2022-01-28,698.7145891623347,736.9293359028696,685.7645709916278,699.5941772460938,21450677,692.0074462890625,690.4324255371093,,690.4703136898158,54.23189270023201,2.750026015266144,2.9712008890442827,-0.22117487377813871,717.5269427696406,692.0074462890625,666.4879498084844,0.0737549765321983,20.17495596877181,0.028838084456604813,15.726253412419753,30.265602035728786,18.315679568982347,463033537.0,7410675.6,736.9293359028696,662.0146648779685,764.1000134034693,498.86102254124575
2022-01-31,711.5179573333035,718.359476153816,703.2592548264513,712.7885131835938,10745370,694.2309387207031,690.7246557617187,,692.5958564987471,58.7567426929956,4.181901813302488,3.213341073895924,0.9685607394065645,718.840040663972,694.2309387207031,669.6218367774342,0.07089601045040556,20.07426617869684,0.028163004604321234,16.359934720502935,28.24473802517735,17.09272363286537,473778907.0,8198128.85,736.9293359028696,662.0146648779685,764.1000134034693,498.86102254124575
2022-02-01,716.4047965082539,718.3595162804455,702.0375942519822,706.6800537109375,4814511,695.7824981689453,690.3522814941406,,693.9372086141939,55.996598790385754,4.768800308950404,3.52443292090682,1.2443673880435835,719.4027426583008,695.7824981689453,672.1622536795898,0.06789548329115977,19.806241596537298,0.028027169427706673,16.857397082948335,26.582172610726264,16.527173034735412,468964396.0,8505465.95,736.9293359028696,662.0146648779685,764.1000134034693,498.86102254124575
2022-02-02,709.6609815633582,715.1830887198898,704.1877901232397,708.634765625,3286577,697.1312561035156,689.6906066894531,,695.3369759485564,56.6976047014898,5.330207199722963,3.8855877766700493,1.444619423052914,720.4504392422095,697.1312561035156,673.8120729648217,0.06690040916837416,19.176888525116787,0.027061738225901463,17.31932641950478,25.493514976900077,15.850312141786024,472250973.0,8599199.85,736.9293359028696,662.0146648779685,764.1000134034693,498.86102254124575
2022-02-03,709.5632591123078,712.4953386954165,702.2330601545361,705.311767578125,3651578,698.1892486572266,688.9624719238282,,696.2869561037535,55.09085957292513,5.444230336050737,4.197316288546187,1.24691404750455,720.9707852952579,698.1892486572266,675.4077120191953,0.0652589156359691,18.540130669099902,0.02628643320777471,17.584308960494166,24.485579594734382,15.976727796936157,468599395.0,8439834.95,736.9293359028696,662.0146648779685,764.1000134034693,498.86102254124575
2022-02-04,704.7741803786437,706.875527966381,700.278348825319,703.8945922851562,3284198,698.6681549072266,688.0838256835938,,697.0114928829347,54.38303780725052,5.358471170645544,4.429547264966058,0.9289239056794854,721.5065328898283,698.6681549072266,675.8297769246249,0.06537689694940901,17.687062702811485,0.025127430863464056,17.6604933474697,23.833223213957993,16.34047145954888,465315197.0,8393108.6,736.9293359028696,662.0146648779685,764.1000134034693,498.86102254124575
2022-02-07,701.7443994520745,703.7968313551632,683.6632415274737,690.5047607421875,6833983,698.7561157226562,687.4534301757812,,696.3918041076254,48.09544336424128,4.162081032833271,4.3760540185395005,-0.21397298570622958,721.4540698505606,698.7561157226562,676.0581615947518,0.06496674194952862,17.868797563873702,0.025877877430805062,16.43921202386243,21.90576799966162,21.660682831926547,458481214.0,7475197.8,736.9293359028696,662.0146648779685,764.1000134034693,498.86102254124575
2022-02-08,695.0984409620794,698.5192009474703,685.1293570739907,692.8505249023438,7167684,698.9491516113281,686.8582214355469,,696.0545394214081,49.203467054306685,3.3644336950972047,4.1737299538510415,-0.8092962587538368,721.3756340384256,698.9491516113281,676.5226691842307,0.06417199985262548,17.54887230027412,0.02532851122938473,15.305165080512825,20.711898801421167,20.480170829503606,465648898.0,7601146.2,736.9293359028696,662.0146648779685,764.1000134034693,498.86102254124575
2022-02-09,691.0911236183185,709.6609607023423,686.2532401006558,703.0637817382812,10185173,699.7261474609375,686.6842504882812,,696.7220863087294,53.82528054413626,3.5158879365457096,4.0421615503899755,-0.5262736138442659,721.5850317892242,699.7261474609375,677.8672631326507,0.062478397892104055,17.96736146466072,0.025555805790816788,15.004972867779486,23.213886468856728,18.574357503988214,475834071.0,7781264.2,736.9293359028696,662.0146648779685,764.1000134034693,498.86102254124575
2022-02-10,706.582276718126,710.4917159036157,692.5571278481965,707.6573486328125,6074014,699.4256042480469,686.71943359375,,697.763539863404,55.774331641166285,3.960919952782433,4.025913230868467,-0.06499327808603361,720.6659920011641,699.4256042480469,678.1852164949296,0.06073666055149017,17.965020506857755,0.025386609128790948,14.779811529765372,21.888867223303315,17.249865157872165,481908085.0,7758398.65,736.9293359028696,662.0146648779685,764.1000134034693,498.86102254124575
2022-02-11,705.3606184518778,708.9768618417731,694.805143960995,698.9589233398438,5646980,698.6119567871094,686.3793127441406,,697.8773859087793,51.353872001247694,3.5705615950924994,3.9348429037132737,-0.36428130862077435,718.5764732544078,698.6119567871094,678.647440319811,0.05715480897038881,17.69407031928064,0.025314892947832835,14.570733144466553,20.636620221821985,16.26301226596436,476261105.0,7443751.7,736.9293359028696,662.0146648779685,764.1000134034693,498.86102254124575
2022-02-14,688.0613165699782,688.0613165699782,669.4914799011863,674.0850830078125,7441445,697.101937866211,685.8192846679688,,695.6114522991634,41.278821485436026,1.2397971391324063,3.3958337507971,-2.156036611664694,719.5371126082816,697.101937866211,674.6667631241403,0.0643669842914035,18.535025542093273,0.02749656684196119,14.518725338252718,18.293148021926044,24.17134855620634,468819660.0,7434607.0,736.9293359028696,662.0146648779685,764.1000134034693,498.86102254124575
2022-02-15,680.2424950688517,696.9553256122347,671.0552880844695,695.4404296875,4650249,696.2687377929688,686.0919677734375,,695.5951644313859,50.29500143340253,1.1031313074678337,2.937293262131247,-1.8341619546634131,717.6251732910694,696.2687377929688,674.9123022948681,0.06134538099698744,19.061097826784128,0.027408670840936494,13.820133353225122,19.850574745693077,21.82536302966612,473469909.0,7539474.45,736.9293359028696,662.0146648779685,764.1000134034693,498.86102254124575
2022-02-16,701.1579655305535,711.7134397582796,691.9707592721138,705.4583129882812,5433910,696.6328033447265,686.540576171875,,696.534511912995,53.87297615357304,1.7826330267960202,2.706361215064202,-0.9237281882681816,718.3521156338783,696.6328033447265,674.9134910555748,0.06235512363147791,19.109782302454246,0.027088464265884536,13.429972685870505,23.902007083847366,20.21477740704223,478903819.0,7554940.7,736.9293359028696,662.0146648779685,764.1000134034693,498.86102254124575
2022-02-17,708.0483101223865,711.0292455441783,698.8122481980583,700.7669677734375,5107708,697.2827453613281,686.5767370605469,,696.9376029473228,51.98573458275303,1.9204528977146538,2.5491795515942925,-0.6287266538796388,718.6776184655198,697.2827453613281,675.8878722571365,0.06136642057048169,18.617440519858935,0.02656723472428009,13.067680637612645,22.781664510446063,19.267263850482163,473796111.0,7611033.3,736.9293359028696,662.0146648779685,764.1000134034693,498.86102254124575
2022-02-18,695.9291056939487,703.259304952687,695.2449418324703,696.4177856445312,4099366,697.1434661865235,686.5493713378906,,696.8880965375331,50.22900080739214,1.6596026222229057,2.3712641657200155,-0.7116615434971099,718.5227756307582,697.1434661865235,675.7641567422887,0.06133403088802569,17.860077848455916,0.025645637168681013,12.469151430412342,22.05146239863127,20.076394013154296,469696745.0,7572444.2,736.9293359028696,662.0146648779685,764.1000134034693,498.86102254124575
2022-02-21,692.0196403447637,700.3271991956092,687.0839849581591,693.8766479492188,4307430,697.8618255615235,686.5347119140625,,696.6012919100746,49.183212114390834,1.2336080589242329,2.1437329443608593,-0.9101248854366264,717.7352626109168,697.8618255615235,677.9883885121301,0.05695522042175764,17.53030187624121,0.02526429146744273,11.819475226925652,20.86155443707578,22.318306756519824,465389315.0,7536787.7,736.9293359028696,662.0146648779685,764.1000134034693,498.86102254124575
2022-02-22,678.4832288993174,686.5953038324404,671.9349058858403,683.4188842773438,9148804,698.3187408447266,686.4594567871094,,695.3458245164811,45.028226249524366,0.05155586531930112,1.7252975285525478,-1.6737416632332467,716.3360403902457,698.3187408447266,680.3014412992075,0.05160193616950433,17.845404746751015,0.026111957332904234,12.136979699976873,19.029394709862522,26.421825648109397,456240511.0,7416928.1,736.9293359028696,666.7061003685566,764.1000134034693,498.86102254124575
2022-02-23,684.2495756236384,692.8992456899298,683.6631836019579,688.4522705078125,4124469,697.9546722412109,686.7096594238282,,694.6892955632746,47.334368409958444,-0.4736172465028403,1.2855145735414704,-1.7591318200443107,716.4540181727011,697.9546722412109,679.4553263097207,0.05301016431937258,17.247901651453518,0.025053155302590856,11.963317684371264,20.892928421010527,25.384480181039603,460364980.0,7319786.65,736.9293359028696,669.4914799011863,764.1000134034693,498.86102254124575
2022-02-24,666.559487031781,672.9611827844873,630.8369927292897,655.7108154296875,14139461,696.1783203125,686.4252490234375,,690.9770593600758,36.583300360204426,-3.491534280555584,0.33010480272205966,-3.8216390832776437,722.2069517288902,696.1783203125,670.1496888961098,0.07477575976426992,20.131285660529894,0.03070146959119144,13.977843692410358,16.62185114329195,38.93866812082576,446225519.0,6819571.9,736.9293359028696,630.8369927292897,764.1000134034693,498.86102254124575
2022-02-25,662.1613125044205,679.4117380863403,662.1613125044205,673.0588989257812,6452099,694.8515563964844,686.5669665527344,,689.270567890143,43.859276115161734,-4.432316928281125,-0.6223795434785773,-3.8099373848025477,722.6906719856713,694.8515563964844,667.0124408072975,0.08012967757764317,20.386259731681527,0.03028896841601605,15.423188645689116,17.50165353797446,35.705109363844024,452677618.0,7079679.35,718.3595162804455,630.8369927292897,764.1000134034693,498.86102254124575
2022-02-28,665.5820404964038,674.3782789170612,651.3614669803364,670.95751953125,8301523,692.7600067138671,686.9667065429687,,687.5264680464389,43.21252835511395,-5.286518020754784,-1.5552072389338185,-3.731310781820965,721.1740200220147,692.7600067138671,664.3459934057196,0.08203133273507081,20.57415631775604,0.03066387322423889,17.099592710314102,16.103115829363723,36.60140289488983,444376095.0,6329750.45,718.3595162804455,630.8369927292897,764.1000134034693,498.86102254124575
2022-03-02,668.5141215934372,668.5141215934372,650.9216447093993,658.98486328125,10220908,690.3752471923829,687.2794616699218,,684.8082199735638,39.627134496839744,-6.850602360775611,-2.6142862633021773,-4.236316097473433,721.5843221782421,690.3752471923829,659.1661722065236,0.09041191761373339,20.53570763947709,0.031162639362040393,18.669829729194614,14.980889333993066,34.20363203325999,434155187.0,6207558.1,715.1830887198898,630.8369927292897,764.1000134034693,498.86102254124575
2022-03-03,659.7178791642838,664.4091943743457,653.4627524486616,656.8346557617188,6517030,687.7852416992188,687.378173828125,,682.1440710010072,39.00126975630418,-8.169481547697274,-3.725325320181197,-4.444156227516077,721.0340928023777,687.7852416992188,654.5363905960598,0.09668381665479023,19.850760088491874,0.03022185250787555,20.127906961012233,14.390816804353243,32.85640736409839,427638157.0,6477877.95,712.4953386954165,630.8369927292897,764.1000134034693,498.86102254124575
2022-03-04,649.9443629594572,652.8275867258053,635.2839637949581,638.9002075195312,7094874,684.4646636962891,686.7712341308594,,678.0256078122952,34.155714814559786,-10.540360183007579,-5.088332292746474,-5.452027890261105,722.9080589425329,684.4646636962891,646.0212684500453,0.11233127810759237,19.972183794082497,0.03126025560646253,22.046412144803327,13.281659676840917,36.8255010173175,420543283.0,6639400.6,711.7134397582796,630.8369927292897,764.1000134034693,498.86102254124575
2022-03-07,625.5103231103818,663.9694105215466,624.5329632305219,660.10888671875,12615451,682.2753784179688,686.7057531738282,,676.3192534224338,43.150695192871126,-10.585907665629065,-6.187847367322992,-4.398060298306073,721.0292054210101,682.2753784179688,643.5215514149274,0.11360171634187381,21.36248832957837,0.032362067470059985,22.999649795503796,15.25575055815726,31.969636357232737,433158734.0,6811565.4,711.7134397582796,624.5329632305219,764.1000134034693,498.86102254124575
2022-03-08,659.7179250870756,671.2996159106123,652.4854380470179,667.5368041992188,8462985,681.1269805908203,686.8220593261718,,675.4828296868895,45.93633980156431,-9.908415465074313,-6.931960986873257,-2.976454478201056,720.1972301986325,681.1269805908203,642.056730983008,0.11472236666919898,21.180466153436658,0.03172928596625451,23.372892967445008,16.759818812206117,29.941209314051534,441621719.0,7278128.05,711.7134397582796,624.5329632305219,764.1000134034693,498.86102254124575
2022-03-09,666.5595016424327,682.1972612117565,659.0338179190318,675.8444213867188,9896395,680.2766754150391,687.1299279785156,,675.5172669916351,48.949319301334285,-8.601984415892389,-7.265965672677084,-1.3360187432153046,719.0282575369735,680.2766754150391,641.5250932931048,0.1139288866498087,21.32210737767152,0.031548839796475873,23.003920087519543,19.10999329487948,27.617861157882775,451518114.0,7359578.15,711.7134397582796,624.5329632305219,764.1000134034693,498.86102254124575
2022-03-10,684.1030846035682,691.4821400329744,674.9647336040762,681.952880859375,5989327,679.2211303710938,687.4759143066407,,676.1301825980865,51.106953108233725,-6.993114497308397,-7.211395437603348,0.21828094029495038,716.5566349962465,679.2211303710938,641.885625745941,0.10993622829358819,20.978914452759142,0.030762997036279386,22.09652668792924,21.196579387912315,26.064684519947924,457507441.0,7496013.7,711.7134397582796,624.5329632305219,764.1000134034693,498.86102254124575
2022-03-11,680.9266207563014,686.4975838428502,675.8443375957075,679.1184692382812,3353880,677.7941864013671,687.827763671875,,676.4147813257242,50.04990354211458,-5.879017174774958,-6.944919785037671,1.0659026102627127,712.7809501170906,677.7941864013671,642.8074226856437,0.10323713132294542,20.241366723786534,0.029805354500945663,21.25394710259539,20.39972332965876,25.084818788497284,454153561.0,7286221.4,711.7134397582796,624.5329632305219,764.1000134034693,498.86102254124575
2022-03-14,672.5701887991551,688.8920501871107,672.5701887991551,684.5428466796875,4016137,677.0733825683594,688.2392321777344,,677.1888827880065,52.092084858368175,-4.506437685444098,-6.457223365118956,1.9507856796748584,710.8596973690683,677.0733825683594,643.2870677676506,0.0998010427541735,19.961402056941473,0.02916019377568903,20.64215721529056,19.208275899586546,24.791337916481545,458169698.0,7150214.7,711.7134397582796,624.5329632305219,764.1000134034693,498.86102254124575
2022-03-15,683.1744893698474,693.4367671071627,679.7537301240756,687.181640625,6006439,677.7282104492188,688.6164916992187,,678.1405740105772,53.09670432226232,-3.1691973983314483,-5.799618171761455,2.630420773430007,711.7642099047014,677.7282104492188,643.6922109937361,0.10044144224990291,19.512947408809023,0.028395618065496862,19.765942784750653,19.909803302592884,23.54959538645582,464176137.0,7068672.55,711.7134397582796,624.5329632305219,764.1000134034693,498.86102254124575
2022-03-16,693.9255292228098,699.3010086745359,689.0387297212408,695.8802490234375,3843706,677.7502014160157,689.0211193847656,,679.8300668689449,56.346404684479495,-1.3914797239566497,-4.917990482200494,3.5265107582438446,711.8324854259545,677.7502014160157,643.6679174060769,0.10057476615641303,18.984834597432368,0.027281755192900943,18.56133444391798,21.208320664468076,22.47578260017493,468019843.0,6996922.25,711.7134397582796,624.5329632305219,764.1000134034693,498.86102254124575
2022-03-17,703.6991406783894,711.469163954043,698.8123410903451,706.5335083007812,8168953,677.8039611816406,689.5185974121093,,682.373251767215,60.001518182873916,0.8670089914692198,-3.7609905874665515,4.627999578935771,712.0638266885106,677.8039611816406,643.5440956747706,0.10109077983888894,18.742268906944734,0.02652707718282186,17.77370322560242,24.58571637775924,21.140477495012025,476188796.0,6956595.1,711.469163954043,624.5329632305219,764.1000134034693,498.86102254124575
2022-03-21,705.6538138052006,707.9505855982281,690.7979321102183,692.166259765625,6317305,677.37392578125,689.6788842773437,,683.3059191956349,53.49605268325491,1.4804944666598203,-2.712693576641277,4.193188043301097,710.6724820944386,677.37392578125,644.0753694680615,0.09831661670408594,18.628724948449385,0.026913656488770882,16.526874658351534,22.968742457302,22.823077175206418,469871491.0,7093347.25,711.469163954043,624.5329632305219,764.1000134034693,498.86102254124575
2022-03-22,692.4595063030201,704.6765053556493,689.8694786425365,702.9661254882812,3000133,677.7013427734375,689.8518774414063,,685.1783197949346,57.24835962374803,2.80580149812738,-1.6089945616875458,4.414796059814925,711.8601405050023,677.7013427734375,643.5425450418728,0.10080782071870371,18.3557465030682,0.026111850681735587,15.383156352404042,21.64530021976374,21.8693214881656,472871624.0,7153827.1,711.469163954043,624.5329632305219,764.1000134034693,498.86102254124575
2022-03-23,702.9660404232036,703.552432445445,687.0839435766592,688.9898071289062,7974713,677.4570007324219,689.8567626953125,,685.5413185886462,51.461414426217495,2.6972525340207767,-0.7477451425458813,3.444997676566658,711.2170723604402,677.4570007324219,643.6969291044036,0.09966705367726403,18.220942386333743,0.026445880908256607,14.506780719438812,20.247907443549483,21.549433803913303,464896911.0,7098865.45,711.469163954043,624.5329632305219,764.1000134034693,498.86102254124575
2022-03-24,682.1971625283271,692.8014928409749,682.0505346922477,690.3580932617188,3597143,677.8039611816406,689.8841284179688,,686.0000590337007,51.97325918717437,2.690620159243963,-0.06007208218791238,2.7506922414318753,711.9424985950227,677.8039611816406,643.6654237682585,0.10073277634396567,17.687372083647563,0.025620576127499933,14.027811880640817,19.36881211862572,22.64651928469648,468494054.0,7282229.6,711.469163954043,624.5329632305219,764.1000134034693,498.86102254124575
2022-03-25,696.1734458076419,698.2747934568903,689.8694625132108,693.2902221679688,2930336,678.0458587646484,689.9994555664063,,686.6943602845834,53.114251751538184,2.888663537233697,0.5296750416964096,2.3589884955372873,712.5493837516465,678.0458587646484,643.5423337776504,0.10177342591505843,17.024369145078413,0.024555905450161952,13.170200203055552,20.98216657570536,21.847867961122134,471424390.0,7004646.55,711.469163954043,624.5329632305219,764.1000134034693,498.86102254124575
2022-03-28,699.0566201934657,720.314196550275,694.0231931947823,716.45361328125,7960258,681.0829986572265,690.0551635742188,,689.5285748556944,60.99735965390266,4.858698369057379,1.3954797071686036,3.4632186618887753,717.8097824922785,681.0829986572265,644.3562148221746,0.10784818856867603,17.73862666202326,0.024758932515928023,13.459803401926855,27.573588337699647,19.470424191743813,479384648.0,6944939.9,720.314196550275,624.5329632305219,764.1000134034693,498.86102254124575
2022-03-29,723.6372150201632,745.7255224935103,720.314167860704,737.8577880859375,15833573,684.3229431152344,690.5076818847656,,694.1313570680985,66.58776368481533,8.054258710386534,2.72723550781219,5.3270232025743445,728.3532258549305,684.3229431152344,640.2926603755382,0.1286827606254372,18.562432558468764,0.0251571954083743,14.850825136523527,34.24605517700884,17.277298419839763,495218221.0,6635979.75,745.7255224935103,624.5329632305219,764.1000134034693,498.86102254124575
2022-03-30,745.4812066483449,752.4693532596336,727.7421019601874,732.5311889648438,9938988,687.4016265869141,691.0725964355469,,697.7884839154076,64.12450828555296,10.041202538401762,4.190028913930105,5.851173624471658,735.6699672930729,687.4016265869141,639.1332858807552,0.1404370860913459,19.00277675425287,0.025941252796493376,16.38895487166293,33.597925327377865,15.671442506826228,485279233.0,7105053.45,752.4693532596336,624.5329632305219,764.1000134034693,498.86102254124575
2022-03-31,735.9519245578155,741.8160833192323,722.953051234003,737.8577880859375,7371181,691.3452728271484,691.5876635742187,,701.6046081221248,65.49896729385375,11.908409142222808,5.733704959588646,6.174704182634162,742.4851368389197,691.3452728271484,640.205408815377,0.14794304965055413,18.992794992179757,0.025740454731051354,17.44841992551077,31.214469827886703,16.36077966210693,492650414.0,7186926.7,752.4693532596336,624.5329632305219,764.1000134034693,498.86102254124575
2022-04-01,742.5980095002817,749.2929603314922,732.2868749106802,741.3274536132812,5920139,695.5699127197265,692.4506726074219,,705.3877362641397,66.40193147445811,13.512394367999264,7.289442841270771,6.222951526728493,748.5353967960078,695.5699127197265,642.6044286434452,0.15229377552914158,18.850887165653482,0.02542855667056839,18.726198903035083,32.036150598747525,15.306517736319556,498570553.0,7044440.35,752.4693532596336,624.5329632305219,764.1000134034693,498.86102254124575
2022-04-04,740.6921278187525,757.4538728667407,739.0795198814095,750.4168701171875,5783224,701.1457458496094,693.7036474609375,,709.6762252025252,68.71212108719054,15.3401722076743,8.899588714551477,6.440583493122823,752.5298824359334,701.1457458496094,649.7616092632854,0.1465719128740046,18.816849009916172,0.02507519454750221,20.21624671580127,32.89953985624744,14.238905559460877,504353777.0,7014595.8,757.4538728667407,624.5329632305219,764.1000134034693,498.86102254124575
2022-04-05,750.4169234069421,756.2810828391192,743.7708879811375,749.2440795898438,3990794,705.602505493164,694.7044616699219,,713.4445922870317,68.06183257496,16.50381916583467,10.420434804808117,6.083384361026553,757.4365082991651,705.602505493164,653.7685026871629,0.14692125496287162,18.36637371334942,0.0245132049937634,21.599862541941295,31.29886749721916,13.546135306398655,500362983.0,6949013.3,757.4538728667407,652.4854380470179,764.1000134034693,498.86102254124575
2022-04-06,746.702966655519,763.0248889829714,745.7256067515196,758.0892333984375,7490027,710.130126953125,696.2760571289062,,717.6964628690704,70.34159768146829,17.933026981992498,11.922953240244995,6.010073741747503,763.6645852094127,710.130126953125,656.5956686968373,0.1507736574590406,18.29015289321388,0.02412664906375331,23.140331277850503,31.81800973263065,12.630973004979662,507853010.0,6517780.45,763.0248889829714,659.0338179190318,764.1000134034693,498.86102254124575
2022-04-07,757.4538701843751,760.2393218456646,742.3536488416504,745.13916015625,5818505,713.5948638916016,697.6932287597656,,720.3100530868969,63.22576510572408,17.815357439924696,13.101434080180937,4.7139233597437595,766.7732915903318,713.5948638916016,660.4164361928713,0.1490437512644663,18.261261472556757,0.02450718261636861,24.254587525912292,29.592038813763477,13.066251720388722,502034505.0,6469132.55,763.0248889829714,672.5701887991551,764.1000134034693,498.86102254124575
2022-04-08,750.9544465695792,750.9544465695792,740.447827766778,744.845947265625,5583587,716.7395172119141,698.6754748535157,654.3088188171387,722.6468049134425,63.07019248508176,17.496751984751313,13.980497661095013,3.5162543236563,769.498145121072,716.7395172119141,663.9808893027562,0.14721841517651124,17.707358424717075,0.023773182212673466,25.106199391379626,28.337869848859683,13.281255079045984,496450918.0,6265238.05,763.0248889829714,672.5701887991551,764.1000134034693,498.86102254124575
2022-04-11,739.8613573983862,747.8757195677092,738.8839976131836,740.8875732421875,4927865,719.8279724121094,699.6684692382812,655.4402851867676,724.3840209447515,60.89189584440492,16.731971412762846,14.530792411428582,2.201179001334264,770.6106039768864,719.8279724121094,669.0453408473323,0.1410965772686128,17.08481296256054,0.02305992647142931,25.740759195948808,27.272570145788972,13.435785231320168,491523053.0,6244951.05,763.0248889829714,672.5701887991551,764.1000134034693,498.86102254124575
2022-04-12,742.7446834008083,742.7446834008083,723.3440531898673,724.8590087890625,3904026,721.8437805175781,700.1737658691407,656.5028807067871,724.4292578823049,52.92137872869714,14.663474695852983,14.557328868313464,0.10614582753951929,769.9964126905578,721.8437805175781,673.6911483445984,0.13341565993254986,17.250228480302003,0.023798046614775404,24.926289224638964,25.081687991451194,18.791125236327808,487619027.0,6323650.3,763.0248889829714,679.7537301240756,764.1000134034693,498.86102254124575
2022-04-13,725.2010037239972,739.3727214517573,721.2427082893196,723.881591796875,6343030,723.6787780761719,700.3956274414063,657.5860119628907,724.3770992075022,52.47034310232621,12.79778189894455,14.205419474439681,-1.4076375754951318,769.1292441640084,723.6787780761719,678.2283119883353,0.12560950373220023,17.3130702433117,0.023916992004639672,23.99921103076172,23.205601943534234,18.252519530670664,481275997.0,6318044.75,763.0248889829714,682.0505346922477,764.1000134034693,498.86102254124575
2022-04-18,719.9721555603825,723.392915026814,707.0221375803208,712.9840087890625,8950327,724.5339660644531,700.5217065429688,658.5841958618164,723.2920429771746,47.59936842583859,10.320890243775466,13.428513628306838,-3.1076233845313723,768.4787434121896,724.5339660644531,680.5891887167166,0.12130494747247567,17.28066909854331,0.02423710614196373,22.489088367931807,21.588461421190285,22.858531465498345,472325670.0,6334874.3,763.0248889829714,682.0505346922477,764.1000134034693,498.86102254124575
2022-04-19,722.268951184023,722.268951184023,700.6204059847734,707.119873046875,9957060,724.5632843017578,700.4914086914063,659.5717663574219,721.7518363171461,45.16937785262085,7.7948943266021615,12.301789767965904,-4.506895441363742,768.4607426460698,724.5632843017578,680.6658259574458,0.12116942521208424,17.59266024859376,0.024879318089010265,21.504897163070613,19.69092178065325,23.44854703320017,462368610.0,6590205.35,763.0248889829714,682.0505346922477,764.1000134034693,498.86102254124575
2022-04-20,713.5215274827699,727.6443888682967,707.5596564185106,722.6109619140625,6632292,726.0855194091797,700.837392578125,660.6667721557617,721.8336578025667,52.122746310262286,6.962763368631045,11.233984488098933,-4.271221119467889,767.4203343111927,726.0855194091797,684.7507045071667,0.11385660172825762,17.802078503795755,0.024635771448361852,20.18979922886649,20.22616077685704,21.517512188550462,469000902.0,6679610.7,763.0248889829714,682.0505346922477,764.1000134034693,498.86102254124575
2022-04-21,727.0580978647224,727.0580978647224,713.472770563891,719.0925903320312,6111830,726.8918426513671,701.1413525390625,661.740828704834,721.5726037577538,50.554632886098005,5.9507933651738085,10.17734626351391,-4.226552898340101,767.00225564677,726.8918426513671,686.7814296559643,0.11036143382514378,17.500881989298303,0.02433745281844374,18.968636861391236,19.104670302585646,20.324419479770572,462889072.0,6695360.05,763.0248889829714,682.0505346922477,764.1000134034693,498.86102254124575
2022-04-22,714.4499978518929,724.125883517229,712.4952782955266,722.0245361328125,5182247,728.5435791015625,701.771748046875,662.8439349365234,721.6156449363308,51.85451703225849,5.324011479163801,9.206679306643887,-3.882667827480086,764.8114377736445,728.5435791015625,692.2757204294805,0.09956263348530875,17.081576505898592,0.02365788924208599,17.909312824767607,18.1755202071036,19.744696840983273,468071319.0,6850944.9,763.0248889829714,682.0505346922477,764.1000134034693,498.86102254124575
2022-04-25,713.423815361707,726.1783491324975,712.6419394332761,722.6109619140625,3571031,730.1562225341797,702.3669567871094,663.9387010192871,721.710437029448,52.12561362699909,4.819050958666821,8.329153637048474,-3.510102678381653,762.0994224501048,730.1562225341797,698.2130226182546,0.08749689156947449,16.82835030542165,0.02328825771040958,16.74866155228005,18.00240788791446,18.610249397168502,471642350.0,6711321.6,763.0248889829714,689.8694625132108,764.1000134034693,498.86102254124575
2022-04-26,728.1330916675753,741.718417507664,722.3666446641853,739.17724609375,4987848,732.4505737304687,703.0892260742188,665.121335144043,723.3739426546197,59.12724390016472,5.690035602712214,7.801330030181222,-2.1112944274690078,759.7226695031312,732.4505737304687,705.1784779578062,0.07446808494875519,17.008594772425724,0.023010170919504358,16.613655340002975,23.0655133588557,17.097815226960662,476630198.0,6710016.0,763.0248889829714,694.0231931947823,764.1000134034693,498.86102254124575
2022-04-27,733.0199181439473,744.3084129527012,729.5014463981818,735.4633178710938,4571399,733.4010589599609,703.6453454589844,666.2750866699218,724.5253117228553,57.110705211524916,6.011319490083338,7.443327922161646,-1.432008432078308,759.6839107054612,733.4010589599609,707.1182072144605,0.07167388545299395,16.851335614003847,0.02291254397674449,16.66063220090031,22.715686317358745,16.024704957501108,472058799.0,6812891.6,763.0248889829714,700.6204059847734,764.1000134034693,498.86102254124575
2022-04-28,733.9971966376639,737.2224719891653,727.7420701685102,730.4298095703125,6101866,733.0296600341796,704.2747631835938,667.386881866455,725.0876448511846,54.40262962610478,5.792999144342161,7.11326216659775,-1.3202630222555882,759.2599807511342,733.0296600341796,706.7993393172251,0.07156687415822029,16.324840343050372,0.022349635966601267,16.53412799222693,21.773415741637187,16.12979012835516,465956933.0,6643448.65,763.0248889829714,700.6204059847734,764.1000134034693,498.86102254124575
2022-04-29,734.9746609121279,743.7709002049592,718.897078274012,722.2689819335938,7219115,732.5165496826172,705.2384411621093,668.4784989929199,724.8192007637949,50.24289156212929,4.904927162905324,6.671595165859265,-1.7666680029539412,759.1639761988545,732.5165496826172,705.86912316638,0.07275583473925055,16.935481885043004,0.023447610666741982,15.603688898466567,19.489166487985543,18.168154928255767,458737818.0,6156863.3,763.0248889829714,700.6204059847734,764.1000134034693,498.86102254124575
2022-05-02,717.3821030607072,726.1294853216051,713.8147158803488,724.565673828125,3938533,731.8519439697266,705.8209460449219,669.5290754699707,724.7950553413501,51.36984243504708,4.336459554643625,6.2045680436161375,-1.8681084889725126,758.5962154452842,731.8519439697266,705.1076724941689,0.07308656264678565,16.605430996201097,0.0229177721164584,14.665622933830651,18.45678225539532,19.39193526991847,462676351.0,6020869.65,763.0248889829714,700.6204059847734,764.1000134034693,498.86102254124575
2022-05-04,720.3142301637016,722.6110020159242,700.767032601593,706.0447998046875,6785271,730.0878112792968,705.83267578125,670.5187057495117,723.0093167188107,42.926429324674785,2.364211967330789,5.436496828359068,-3.0722848610282787,758.6894210513105,730.0878112792968,701.4862015072831,0.07835114990317817,17.11923172693902,0.024246664987370062,14.753856468626857,16.624063415727615,22.910395139868978,455891080.0,5849237.25,763.0248889829714,700.6204059847734,764.1000134034693,498.86102254124575
2022-05-05,709.5632263338404,716.5024571653132,698.07924849717,702.6728515625,4836692,727.7006103515625,705.8707934570313,671.489557647705,721.0725105134478,41.586247737920274,0.5230738329671567,4.453812229280685,-3.9307383963135285,757.0760940936369,727.7006103515625,698.3251266094882,0.08073508067523172,17.21237293702503,0.024495571301425264,15.013855594310753,15.35309816988407,22.274205860505717,451054388.0,5892493.85,763.0248889829714,698.07924849717,764.1000134034693,498.86102254124575
2022-05-06,695.1471596072988,707.5107849716552,691.7264002981592,694.1697998046875,5912312,724.9468963623046,705.8258337402344,672.4178942871093,718.510347588804,38.33594605060868,-1.603680387832128,3.2423137058581224,-4.84599409369025,756.0053271012242,724.9468963623046,693.8884656233851,0.08568470572056246,17.110373775344385,0.024648686503156117,15.664246704743764,14.341434508055872,23.458534110002386,445142076.0,5845167.25,763.0248889829714,691.7264002981592,764.1000134034693,498.86102254124575
2022-05-09,690.1137734209767,704.187779269081,688.5011654436453,695.3915405273438,4819274,721.81201171875,705.8561315917968,673.3744047546387,716.3085564400935,39.072787681703396,-3.154204458869458,1.9630100729126063,-5.117214531782064,751.482485660256,721.81201171875,692.141537777244,0.08221108393820109,17.008676636065196,0.024459136536470985,16.468408310551478,13.396670719699475,23.267616930260345,449961350.0,5941243.15,760.2393218456646,688.5011654436453,764.1000134034693,498.86102254124575
2022-05-10,694.9029292124518,712.0067284546711,694.0721971105854,703.3571166992188,6746893,719.7229095458985,706.2548962402344,674.2954344177247,715.0750859885816,43.78892860607302,-3.69762659245157,0.8308827398397711,-4.528509332291341,748.3963308895484,719.7229095458985,691.0494882022485,0.0796790569352339,17.07480911520952,0.024276158881195102,16.417660435785038,15.662464330691764,21.521963425973457,456708243.0,5807705.5,750.9544465695792,688.5011654436453,764.1000134034693,498.86102254124575
2022-05-11,703.3570542443963,718.3595043862397,700.6693146021348,706.4845581054688,6919703,717.8048400878906,706.6155419921874,675.2450523376465,714.2569404759042,45.570354028843454,-3.8317639741902667,-0.10164660296623651,-3.73011737122403,744.5679960057978,717.8048400878906,691.0416841699835,0.07456944958640901,17.11876487727347,0.024230911604323935,15.779624236290013,17.15708829296009,19.933365766114242,463627946.0,5854124.9,747.8757195677092,688.5011654436453,764.1000134034693,498.86102254124575
2022-05-12,699.0566585165326,706.4357137257508,685.3736201114554,689.4296875,6754953,715.2319458007812,707.2899194335937,676.1703143310547,711.8924401924849,38.41972892239583,-5.253693036966638,-1.1320558897663169,-4.121637147200321,742.5129779942001,715.2319458007812,687.9509136073623,0.07628583245921655,17.40392009989775,0.0252439377291796,16.220265722480562,15.670550346207417,24.483889827045424,456872993.0,5920930.7,744.3084129527012,685.3736201114554,764.1000134034693,498.86102254124575
2022-05-13,696.8575670939923,696.8575670939923,669.2471515674772,674.2805786132812,11938252,712.7030242919922,707.3143530273437,676.9193389892578,708.3103581373226,33.405512372967436,-7.516344800339084,-2.40891367188087,-5.107431128458214,744.8828280219237,712.7030242919922,680.5232205620606,0.09030354196097139,18.132955487513275,0.026892299826884132,17.469868404978698,13.966193377853354,28.17344864958605,444934741.0,6012285.1,744.3084129527012,669.2471515674772,764.1000134034693,498.86102254124575
2022-05-16,670.3221683036198,682.1971132625641,664.2625855073134,677.5057983398438,5412233,710.3842346191407,707.4453186035156,677.6768154907227,705.3765905375628,35.340326287476884,-8.94613882706949,-3.716358702918594,-5.229780124150896,745.5525370314308,710.3842346191407,675.2159322068505,0.09901205769619863,18.118782078065955,0.02674336090180204,18.856443798687906,12.978752824686268,28.1465590672677,450346974.0,6413996.4,744.3084129527012,664.2625855073134,764.1000134034693,498.86102254124575
2022-05-17,679.26518263026,693.9255822553736,675.2091148726512,691.0423583984375,4847812,709.2871520996093,708.0864685058593,678.522360534668,704.0114255719319,42.84587107324406,-8.884557973513779,-4.749998557037631,-4.134559416476148,745.4183713475688,709.2871520996093,673.1559328516498,0.10188037141517373,18.161473885541415,0.0262812744614274,19.088029947952165,16.636143586620666,26.074652985673342,455194786.0,6367456.55,744.3084129527012,664.2625855073134,764.1000134034693,498.86102254124575
2022-05-18,704.6764048781831,710.6871914163448,673.5963756505557,680.3890380859375,18992703,707.9506103515625,708.5575561523438,679.3314279174805,701.7616743827896,39.00821425554852,-9.584899859918778,-5.71697881761386,-3.8679210423049177,746.2180953483321,707.9506103515625,669.683125354793,0.1081077816368185,19.513569734130535,0.02868001781602167,18.06003197608642,20.512979749143238,22.534515227965336,436202083.0,6162330.8,744.3084129527012,664.2625855073134,764.1000134034693,498.86102254124575
2022-05-19,669.4914814203281,677.310360035456,652.7297365278238,658.98486328125,7322668,704.7693054199219,708.9592492675781,679.9022830200196,697.6876923731191,32.675650287496254,-11.73182668001266,-6.91994839009362,-4.811878289919039,747.9023704553351,704.7693054199219,661.6362403845087,0.12240335866986513,20.095407721557905,0.03049449060407527,18.197568813463587,18.496262082675855,27.7360410847095,428879415.0,6614112.95,744.3084129527012,652.7297365278238,764.1000134034693,498.86102254124575
2022-05-20,672.9121976612685,675.8442769539101,667.536718958092,672.3258056640625,5577407,702.4309661865234,709.2035876464844,680.5434408569336,695.2722745913043,39.29095179559467,-12.215961101912853,-7.979150932457467,-4.236810169455386,747.2425139729409,702.4309661865234,657.6194184001059,0.12758989834886697,19.86426528949378,0.029545593999435526,18.325281591028098,17.374951566727464,26.05458164171257,434456822.0,6648631.75,744.3084129527012,652.7297365278238,764.1000134034693,498.86102254124575
2022-05-23,666.3639699484315,678.1900605669632,664.2137662311245,670.322265625,3788601,699.8458526611328,709.259296875,681.2009628295898,692.89608326118,38.676314708642415,-12.615882021310654,-8.906497150228105,-3.7093848710825483,745.7888140476131,699.8458526611328,653.9028912746525,0.13129451639038578,19.443695935661275,0.029006489762848947,18.60834047773679,16.48286133431241,25.93757262232817,430668221.0,6621910.6,744.3084129527012,652.7297365278238,764.1000134034693,498.86102254124575
2022-05-24,673.6453353734182,673.6453353734182,660.5486883796959,662.8455200195312,4053608,696.8575805664062,708.9993188476562,681.8043124389649,690.0341248572136,36.38865473090975,-13.381875188553636,-9.801572757893211,-3.5803024306604243,744.2410323588769,696.8575805664062,649.4741287739356,0.13599178114402466,18.990335296951347,0.02864971508956081,19.054643998492864,15.670906151522217,26.038422991795898,426614613.0,6552228.3,744.3084129527012,652.7297365278238,764.1000134034693,498.86102254124575
2022-05-25,665.826416510923,674.2806033121666,664.1648927886001,672.6190795898438,4188088,693.529672241211,708.8126428222656,682.3843389892578,688.3755491174641,41.2782220410803,-13.049855109547593,-10.451229228224088,-2.598625881323505,737.803838256334,693.529672241211,649.255506226088,0.12767778449059455,18.450674439500204,0.027431089898239634,19.4143847251164,15.223104777035966,24.885729798553307,430802701.0,6576357.15,744.3084129527012,652.7297365278238,764.1000134034693,498.86102254124575
2022-05-26,674.3782914239647,679.7537705585036,660.5975415040167,677.9456787109375,5780597,690.6537902832031,708.7891870117187,683.018819885254,687.3822281263663,43.81307652799637,-12.216095230472092,-10.804202428673689,-1.4118928017984036,730.9527360745868,690.6537902832031,650.3548444918193,0.11669796461946334,18.501071197713536,0.027289902094946493,19.27131234273927,16.210304150798034,23.045231193616655,436583298.0,6536369.15,743.7709002049592,652.7297365278238,764.1000134034693,498.86102254124575
2022-05-27,681.2686563677111,684.1518797917813,660.6952439132059,668.9050903320312,7131633,687.5775543212891,708.4764318847656,683.4915365600586,685.622500717382,40.60896841984573,-12.144836332870113,-11.072329209512974,-1.0725071233571395,724.5143512719033,687.5775543212891,650.6407573706749,0.10744038026975632,18.855040103489383,0.02818791540983806,18.765180514386653,16.435979775589583,20.99741346015702,429451665.0,6596829.05,743.7709002049592,652.7297365278238,764.1000134034693,498.86102254124575
2022-05-30,671.8860383153474,687.81699188046,667.536775068354,683.223388671875,4675033,685.6252746582031,708.3972668457031,683.9917147827149,685.3940138559051,47.19545902936768,-10.808403581623338,-11.019544083935047,0.211140502311709,718.9745491208336,685.6252746582031,652.2760001955727,0.09728134505909417,18.95683843981914,0.027746179001087088,17.98741015358854,16.56102313811651,19.392895993441872,434126698.0,6648317.4,726.1294853216051,652.7297365278238,764.1000134034693,498.86102254124575
2022-05-31,681.7085892554592,690.6025412539517,676.9195014696128,684.3474731445312,44593174,683.6143646240234,708.166611328125,684.5390054321289,685.2943433119647,47.68596427674899,-9.548497638165486,-10.725334794781135,1.1768371566156492,711.7755913082551,683.6143646240234,655.4531379397918,0.08238921866341965,18.580138535856268,0.02715015290475431,17.030333977412717,16.760736391756023,18.372783011354162,478719872.0,6521113.3,722.6110020159242,652.7297365278238,764.1000134034693,498.86102254124575
2022-06-01,685.666905034464,690.2116529552148,675.6001088335041,678.9231567382812,3749781,682.2582824707031,707.614404296875,684.9490893554688,684.6875636382805,45.49002990038424,-8.885286055178085,-10.357325046860526,1.4720389916824406,708.5161471009642,682.2582824707031,656.000417840442,0.07697338472805906,18.296667506274442,0.026949541085291986,16.245956164660566,15.804667521304525,17.839838708201153,474970091.0,8553845.35,718.3595043862397,652.7297365278238,764.1000134034693,498.86102254124575
2022-06-02,673.3032888803643,681.1710244941969,667.5856974193927,680.1936645507812,3466993,681.1343231201172,707.3749523925782,685.3720013427734,684.2595732489949,46.11593166420109,-8.163067968875339,-9.918473631263488,1.7554056623881493,705.6684609619966,681.1343231201172,656.6001852782377,0.07203905899057998,17.960143189740855,0.02640445526878324,16.12849699185362,14.950746642496354,20.063337913763636,478437084.0,8402070.85,718.3595043862397,652.7297365278238,764.1000134034693,498.86102254124575
2022-06-03,681.2686537492475,684.933753091188,669.7358197506031,670.95751953125,6673615,679.9737091064453,706.7347802734375,685.7377001953125,682.9927109901621,42.31232814571252,-8.24098766955376,-9.582976438921543,1.3419887693677826,704.1245798126515,679.9737091064453,655.8228384002391,0.07103471908625088,17.762842486229715,0.026473870504706978,15.659241867722685,15.550121468867061,18.837177692586867,471763469.0,8333585.9,718.3595043862397,652.7297365278238,764.1000134034693,498.86102254124575
2022-06-06,666.7548951586448,674.1828060855537,661.1839321368078,667.4879150390625,6407024,678.5785278320312,706.3047424316406,686.0193762207032,681.5160637567241,40.94607722933502,-8.484899045022757,-9.363360960141787,0.8784619151190292,702.2241519148918,678.5785278320312,654.9329037491707,0.06969163659924572,17.422559019266583,0.026101684579932786,15.851598559786213,14.721417272207178,21.339379670774797,465356445.0,8371651.05,718.3595043862397,652.7297365278238,764.1000134034693,498.86102254124575
2022-06-07,662.7967018939705,671.6906539525675,658.056470144656,669.7847900390625,8349903,676.8999114990235,705.8932763671875,686.326926574707,680.3987995931373,42.27490971802599,-8.3960771990794,-9.16990420792931,0.77382700884991,697.8883559082373,676.8999114990235,655.9114670898097,0.06201343522924682,17.151960789884072,0.025608167048528755,16.24529469303069,13.885550701694008,21.43016968391547,473706348.0,8451038.55,718.3595043862397,652.7297365278238,764.1000134034693,498.86102254124575
2022-06-08,667.0480969094383,672.2280921782194,645.4973241707187,648.2827758789062,13904149,673.9898223876953,704.9931274414063,686.5639019775391,677.3401306679724,34.45795712209211,-9.946066031140958,-9.32513657257164,-0.6209294585693179,693.8739404578928,673.9898223876953,654.1057043174978,0.059004208697856705,17.836161305428117,0.027512934122377118,17.383487462037234,12.39911845515766,24.165662610394858,459802199.0,8531189.05,710.6871914163448,645.4973241707187,764.1000134034693,498.86102254124575
2022-06-09,645.057483234395,664.0182876635178,640.2683962399674,661.0372924804688,6774925,672.5702026367187,703.8848010253906,686.8809588623047,675.7874794120197,41.38193698580052,-10.029644948088503,-9.466038247675012,-0.5636067004134908,691.8883958685503,672.5702026367187,653.2520094048871,0.05744587897619406,18.258570599579706,0.027621090076577155,18.721793245479446,11.247104800405015,23.96599485193613,466577124.0,8880411.35,710.6871914163448,640.2683962399674,764.1000134034693,498.86102254124575
2022-06-10,652.8764944254827,661.1351985386251,652.8764944254827,658.1053466796875,3221484,671.761441040039,702.2897521972657,687.2277258300782,674.1034667708452,40.32727967546672,-10.214716471706993,-9.615773892481409,-0.598942579225584,692.0552219306621,671.761441040039,651.4676601494159,0.06041960627928789,17.54429442197704,0.02665879332312458,19.964505758675784,10.868933378802346,23.16016486243051,463355640.0,8881409.95,710.6871914163448,640.2683962399674,764.1000134034693,498.86102254124575
2022-06-13,645.1552418325427,658.1052604213077,643.1028099175358,656.1016845703125,5982102,670.6912353515625,700.761162109375,687.5215438842773,672.3890113231754,39.58480391260357,-10.40314479697986,-9.7732480733811,-0.62989672359876,691.8974195522783,670.6912353515625,649.4850511508466,0.06323680132661934,17.36274030341809,0.02646348990063807,21.628788542157977,10.198114430824747,25.751539985336592,457373538.0,8445571.55,710.6871914163448,640.2683962399674,764.1000134034693,498.86102254124575
2022-06-14,653.9515142058458,673.7919687776454,653.9515142058458,666.6083374023438,8878530,669.4695343017578,699.3361730957031,687.880126953125,671.8384709497628,45.27460209543238,-9.594081922237024,-9.737414843152285,0.1433329209152614,688.5544079930676,669.4695343017578,650.384660610448,0.05701491319157605,17.539719894016766,0.02631188197010255,21.516405117792562,15.762365243946624,23.670865532803454,466252068.0,8474065.0,710.6871914163448,640.2683962399674,764.1000134034693,498.86102254124575
2022-06-15,666.5105973339807,669.4915331054664,658.2518942285133,666.6571655273438,6005970,668.7829406738281,697.8427673339844,688.2756491088867,671.3450132904849,45.300384611338,-8.846971364563956,-9.55932614743462,0.7123547828706638,687.2242402923395,668.7829406738281,650.3416410553167,0.05514883379032056,17.089714107083648,0.025634936502280336,21.41204908088182,15.021889372744228,22.558868411416565,472258038.0,8675600.9,690.6025412539517,640.2683962399674,764.1000134034693,498.86102254124575
2022-06-16,667.6345201425303,668.4164557808643,635.2839314924701,639.3888549804688,9525587,667.8031402587891,695.62220703125,688.6573864746093,668.3015696419119,35.29879351057674,-10.336057992752558,-9.714672516498208,-0.6213854762543498,689.9355483256485,667.8031402587891,645.6707321919297,0.06628422878719192,18.235629120034407,0.028520405036761932,22.54711121909466,13.072357688589515,28.62769431828673,462732451.0,8026264.25,690.6025412539517,635.2839314924701,764.1000134034693,498.86102254124575
2022-06-17,641.1480681636502,646.7678873586823,623.5555906835501,629.0776977539062,11085830,665.6407348632813,693.2188793945312,688.9479946899414,664.5659627954351,32.38693101255376,-12.207473927580395,-10.213232798714646,-1.994241128865749,693.3351490550651,665.6407348632813,637.9463206714975,0.08321129624818441,18.59110537396996,0.029552955764206343,24.076065452501872,11.906518130957984,30.580700250908077,451646621.0,8136410.2,690.6025412539517,623.5555906835501,764.1000134034693,498.86102254124575
2022-06-20,630.3482490870431,632.7916487194037,619.8416306678927,626.3899536132812,3883001,663.4441192626953,690.5848937988281,689.1038067626953,660.9301523971346,31.653931216597286,-13.748973421326355,-10.920380923236989,-2.8285924980893657,695.8697498152628,663.4441192626953,631.0184887101277,0.09774939474511614,18.188170565222894,0.02903649788810606,25.635551140162548,11.300984738590108,30.483994464571925,447763620.0,8411831.35,690.6025412539517,619.8416306678927,764.1000134034693,498.86102254124575
2022-06-21,627.5627695246385,643.2494436821829,625.9990175419874,639.486572265625,3515991,662.276171875,688.4718420410156,689.1159643554688,658.8879066703241,38.90938374924915,-13.75527297924441,-11.487359334438473,-2.2679136448059367,696.3450177571617,662.276171875,628.2073259928384,0.10288410584275685,18.12118882057808,0.028337090419861138,26.08607058489701,14.654725182433724,28.41119646559521,451279611.0,8416551.35,690.6025412539517,619.8416306678927,764.1000134034693,498.86102254124575
2022-06-22,633.915595689446,635.625975483177,626.9275083241906,628.2957763671875,4348884,660.0600067138672,686.1408386230469,689.0608953857422,655.9743704509777,35.446696925915546,-14.496166345816277,-12.089120736714035,-2.4070456091022425,696.810231412918,660.0600067138672,623.3097820148164,0.11135419302864039,17.72389418635353,0.028209475302911097,26.504410069293293,13.912991901461282,26.973194066475582,446930727.0,8389670.5,690.6025412539517,619.8416306678927,764.1000134034693,498.86102254124575
2022-06-23,633.4758762756962,649.5533997514013,633.0849084338621,645.2530517578125,4336533,658.4253753662109,684.2281481933594,689.0901327514648,654.9532924802,43.63260079843382,-13.558722754609562,-12.383041140293141,-1.1756816143164208,694.7538857584155,658.4253753662109,622.0968649740063,0.110349666800126,17.976303414772122,0.027859307857282786,25.67900950627537,18.27184644268115,24.69485340995143,451267260.0,8397710.3,690.6025412539517,619.8416306678927,764.1000134034693,498.86102254124575
2022-06-24,647.1099565323132,660.4020867712933,647.1099565323132,656.0039672851562,5621332,657.7803192138672,682.8510473632813,689.2117385864258,655.0533567473387,48.12406714750982,-11.812120152427724,-12.26885694272006,0.4567367902923358,693.7984262688451,657.7803192138672,621.7622121588893,0.10951409156790896,17.77435567182274,0.027094890516258817,24.111956566751342,21.519172756853955,23.191470808525164,456888592.0,8325507.1,690.6025412539517,619.8416306678927,764.1000134034693,498.86102254124575
2022-06-27,659.7179487797297,671.4462678691472,656.003992998744,668.46533203125,5284297,657.0424163818359,681.7427221679687,689.4141189575196,656.3306877267588,52.81706099319532,-9.315019271799997,-11.67808940853605,2.3630701367360523,691.516899359225,657.0424163818359,622.5679334044468,0.10493837876474175,17.60778030840618,0.026340603565635678,22.838153536870387,24.65136189723642,21.73866473182281,462172889.0,8249992.05,690.6025412539517,619.8416306678927,764.1000134034693,498.86102254124575
2022-06-28,667.5367906270649,669.3937982397681,660.9884675731208,665.7286987304688,3216376,656.1114776611328,680.7976159667969,689.5263082885742,657.2257363937788,51.710691746395355,-7.4707540671333845,-10.836622340255516,3.365868273122132,688.530614975329,656.1114776611328,623.6923403469366,0.09882203990627322,16.950462476851975,0.025461516844889166,21.655336437695215,23.77821737636979,20.968687150840736,458956513.0,8280455.25,690.2116529552148,619.8416306678927,764.1000134034693,498.86102254124575
2022-06-29,661.672674077318,673.4987053952169,659.7179542129833,672.2281494140625,5011798,655.7767272949219,680.0997814941406,689.6839459228515,658.6545376338058,54.16628082108211,-5.422205444077804,-9.753738961019975,4.331533516942171,687.374624601239,655.7767272949219,624.1788299886048,0.09636785201773904,16.72405452723638,0.024878539439048556,20.824560490667114,24.131895359819158,19.734518470661126,463968311.0,6211615.35,684.933753091188,619.8416306678927,764.1000134034693,498.86102254124575
2022-06-30,674.1827982635054,675.9420340254349,663.6273240386195,669.442626953125,6505666,655.2391754150391,679.0364147949218,689.7398754882812,659.6819747118362,52.92413335234888,-3.9776326115696747,-8.598517691129915,4.6208850795602405,685.4945098833374,655.2391754150391,624.9838409467408,0.09234897913157923,16.40910134577774,0.024511587229605444,20.2136626535178,23.90186435162176,18.676634858326782,457462645.0,6274716.2,684.933753091188,619.8416306678927,764.1000134034693,498.86102254124575
2022-07-01,669.3448694279805,670.2733732161661,650.9216601163424,658.2030029296875,4488771,654.601449584961,677.818623046875,689.7053100585938,659.5411202563936,48.12819573835486,-3.697123817467741,-7.61823891639748,3.9211150989297394,684.0310617673767,654.601449584961,625.1718374025452,0.08991612285941356,16.61928789963816,0.025249486595571663,18.877406502728775,21.913890136374647,22.584063376105956,452973874.0,6426649.85,675.9420340254349,619.8416306678927,764.1000134034693,498.86102254124575
2022-07-04,655.3198043813914,669.9802026896999,650.9705409525972,666.4617309570312,4229588,654.5501403808594,676.7073669433594,689.7077215576172,660.2002260374067,51.59892577632158,-2.7764035940674603,-6.649871851931477,3.8734682578640163,683.893156570997,654.5501403808594,625.2071241907217,0.08965857427840128,16.790028888028488,0.025192787684775543,17.63659721985325,20.141683371724422,20.757658769742182,457203462.0,6317407.65,675.9420340254349,619.8416306678927,764.1000134034693,498.86102254124575
2022-07-05,667.8299917727344,673.694151032533,664.6535721736768,668.9539794921875,3494504,654.5085998535156,675.6342272949219,689.5724563598633,661.033916842624,52.62899160060562,-1.8245898197208135,-5.6848154454893445,3.860225625768531,683.7674600989251,654.5085998535156,625.2497396081062,0.08940710710892968,16.23649674308761,0.024271470446162777,16.55885535337604,20.974473669526425,19.932088125662307,460697966.0,6208535.85,675.9420340254349,619.8416306678927,764.1000134034693,498.86102254124575
2022-07-06,669.0028289282096,679.2162514685139,668.7096328987867,678.2388916015625,4697006,656.0064056396484,674.4154602050781,689.5167132568359,662.6724858672849,56.35556741015569,-0.3173969812971791,-4.611331752650912,4.293934771353733,686.8605850425337,656.0064056396484,625.1522262367631,0.09406670159813599,15.82721973070472,0.023335759607254373,15.976516645751648,22.472071093899167,18.986976517768174,465394972.0,5965765.9,679.2162514685139,619.8416306678927,764.1000134034693,498.86102254124575
2022-07-07,676.3330155677864,680.7311348886752,669.9313204869328,671.250732421875,3485283,656.5170776367188,673.1312084960938,689.380220336914,663.4894617296268,52.977571990819825,0.30960917670995514,-3.627143566778739,3.936752743488694,688.0187153465062,656.5170776367188,625.0154399269314,0.09596593533616705,15.468119350064555,0.023043728077965033,15.549931342206317,22.05090134581177,18.040071200536342,461909689.0,5505408.75,680.7311348886752,619.8416306678927,764.1000134034693,499.916289872909
2022-07-08,672.4235961738952,680.8288672647437,671.1041841997047,679.4117431640625,2732170,657.5823974609375,672.1108471679687,689.2998822021484,665.0058694852873,56.27388868157178,1.448345807839246,-2.612045691855142,4.060391499694388,690.6299718847652,657.5823974609375,624.5348230371098,0.10051234507319909,15.05787390113416,0.022163105145943916,15.16159998034757,21.08005289695664,17.20788212197658,464641859.0,5340926.65,680.8288672647437,619.8416306678927,764.1000134034693,499.916289872909
2022-07-11,659.7179557569722,665.5821153637008,644.0313407396363,645.5950927734375,18687521,657.0570678710938,670.5773693847656,689.0423062133789,663.1572240841588,42.8648766825237,-0.3736115158311577,-2.1643588566503453,1.7907473408191876,690.5135901528232,657.0570678710938,623.6005455893643,0.10183749302060079,16.509483081369304,0.02557250398302373,15.443383572938128,17.853246171276467,26.28691757830298,445954338.0,5316460.95,680.8288672647437,619.8416306678927,764.1000134034693,501.7390336892384
2022-07-12,648.2339640023301,651.8013515554896,645.0575442767251,647.9896240234375,7416645,656.1261322021485,669.0458483886719,688.7962228393554,661.7126907450424,43.884517375969,-1.6057965384693489,-2.0526463930141463,0.4468498545447974,689.5038294858642,656.1261322021485,622.7484349184327,0.10174170984987466,15.811934809754675,0.024401524690436653,15.705039766057933,17.30935840129206,25.486103382146915,453370983.0,5951731.9,680.8288672647437,619.8416306678927,764.1000134034693,501.7390336892384
2022-07-13,654.8311284798101,654.8311284798101,626.4876915754602,628.9310913085938,12030163,654.2398284912109,667.50357421875,688.4546072387695,658.5906336558569,38.062250714967504,-4.07322278088327,-2.456761670587971,-1.6164611102952993,689.2479936311454,654.2398284912109,619.2316633512764,0.10701936389494751,16.707042102225763,0.02656418538231913,16.955143355411927,15.21183951973338,30.337015522045938,441340820.0,5878637.65,680.8288672647437,619.8416306678927,764.1000134034693,501.7390336892384
2022-07-14,635.2839169111465,637.4341205605853,614.515019627513,627.1229858398438,11379990,653.6265350341797,665.9925769042969,688.0435119628906,655.5937148162366,37.553216600184356,-6.104209329787295,-3.186251202427836,-2.917958127359459,690.0548407762756,653.6265350341797,617.1982292920839,0.11146519851796083,17.15076059014337,0.027348320787787827,18.631018909850027,13.759835254807857,32.42759366870533,429960830.0,6179847.3,680.8288672647437,614.515019627513,764.1000134034693,501.7390614134201
2022-07-15,634.2577000850195,642.6141150496798,628.6867368908083,637.0431518554688,5567877,654.0248077392578,664.8500439453124,687.697770690918,653.8269945342587,42.12634307877818,-6.834522193581961,-3.9159054006586613,-2.9186167929232996,689.5333927831158,654.0248077392578,618.5162226953997,0.10858482621354743,17.032215491549987,0.026736360703260846,19.70683907722128,15.038269991877584,30.320913437036637,435528707.0,6272567.45,680.8288672647437,614.515019627513,764.1000134034693,501.7390614134201
2022-07-18,642.1254368448363,654.8311151994525,634.4531856997199,648.0384521484375,8982417,655.1072326660156,663.9029821777344,687.5360177612305,653.2757047832281,46.77858602866863,-6.451700371832885,-4.4230643948935064,-2.0286359769393787,688.4329478881648,655.1072326660156,621.7815174438665,0.1017412526084539,17.271195063563027,0.026651497309000648,19.670173400706013,18.82347918770276,27.765554503466866,444511124.0,5996669.8,680.8288672647437,614.515019627513,764.1000134034693,501.7390614134201
2022-07-19,659.7179593559753,661.6726792355486,648.0873522111877,657.66552734375,7836419,656.0161804199219,662.989150390625,687.4324179077148,653.6937831223254,50.52839716744187,-5.310273283693164,-4.600506172653438,-0.7097671110397252,688.5708501164987,656.0161804199219,623.461510723345,0.09924959373940542,17.011411636673603,0.02586635748627591,19.11347046503927,20.618546534785892,26.17602539632952,452347543.0,6251640.6,680.8288672647437,614.515019627513,764.1000134034693,501.7390614134201
2022-07-20,664.6047217264762,664.6047217264762,653.0718870154147,655.4664306640625,4458819,657.3747131347657,661.9687878417968,687.3461660766602,653.862606697729,49.667541599872784,-4.530903382433962,-4.586585614609543,0.05568223217558099,687.3547124558708,657.3747131347657,627.3947138136606,0.09121129463024845,16.620084713415594,0.02535611884284836,18.376357266756912,20.8567005552302,24.87861162818661,447888724.0,6467662.0,680.8288672647437,614.515019627513,764.1000134034693,501.7390614134201
2022-07-21,656.2971739646428,664.555877064332,656.0039779248076,662.9920654296875,3550107,658.2616638183594,661.4400354003906,687.3581387329101,654.7320789579155,52.641121920692235,-3.268316174988172,-4.322931726685269,1.054615551697097,687.8010887905301,658.2616638183594,628.7222388461886,0.08974979585115828,16.0821819767623,0.024256975030823906,17.691895011209006,20.01470454970789,23.87424895066708,451438831.0,6473158.75,680.8288672647437,614.515019627513,764.1000134034693,501.7390614134201
2022-07-22,664.3115045583417,666.4617081673633,659.9133852162428,663.480712890625,2415220,658.6355010986329,661.2240380859375,687.3456771850585,655.5652821896022,52.83596262825258,-2.2028834808178317,-3.8989220775117817,1.69603859669395,688.2403464175085,658.6355010986329,629.0306557797572,0.08989750862045377,15.401192046359318,0.023212720049178293,16.898201998987993,20.29075164751519,23.149183125178524,453854051.0,6433837.45,680.8288672647437,614.515019627513,764.1000134034693,501.7390614134201
2022-07-25,664.604706508539,671.006401677334,661.2328030522084,663.0409545898438,2913348,658.3642822265625,660.9347412109375,687.2437875366211,656.2772509896251,52.626125289059416,-1.3781191150108043,-3.3947614850115864,2.016642370000782,687.7021266686506,658.3642822265625,629.0264377844744,0.08912343890488304,14.999221087699766,0.022621862169853842,15.783154413821812,21.510603984677125,22.07174229845565,450940703.0,6273531.85,680.8288672647437,614.515019627513,764.1000134034693,502.3626402027326
2022-07-26,667.1458985065188,669.8336384515989,655.0755266144874,668.6119384765625,5016687,658.5084442138672,660.4861328125,687.2081137084961,657.4519831312383,55.06101314272854,-0.2718221751672445,-2.770173623042718,2.4983514478754736,688.0174589623954,658.5084442138672,628.999429465339,0.08962380059911403,14.981998998372026,0.02240761514445678,15.224108411557348,19.99709291180239,23.45430814832796,455957390.0,6154984.4,680.8288672647437,614.515019627513,764.1000134034693,511.0926380665409
2022-07-27,668.4653346754056,668.4653346754056,654.5379557016319,659.6202392578125,6237523,657.8780487060546,660.0707568359375,687.1221063232422,657.6584837147216,50.54540460642253,-0.11925417222516899,-2.2399897328792084,2.1207355606540395,686.718879362117,657.8780487060546,629.0372180499922,0.08767834924052532,14.917140696697642,0.022614740738522546,14.74649291328427,18.649464191489777,22.131101494363485,449719867.0,6244999.95,680.8288672647437,614.515019627513,764.1000134034693,514.3544338814359
2022-07-28,663.4319044277844,664.0183561741272,649.1624733998453,651.75244140625,7374170,656.993539428711,659.9261083984375,686.982099609375,657.0960034948671,46.91945974745226,-0.625992412526557,-1.9171902688086782,1.2911978562821211,685.4438611357954,656.993539428711,628.5432177216265,0.08660761483841502,14.912765130810802,0.02288102687982934,14.718798210071574,17.322440706184718,23.131065422109604,442345697.0,6306286.2,680.8288672647437,614.515019627513,764.1000134034693,514.3544338814359
2022-07-29,657.5677080662081,665.2400188314051,655.808472232313,662.6011352539062,7669970,657.2134460449219,659.7316149902343,686.9190600585938,657.6203017576328,52.02948283622635,-0.15045286465874597,-1.5638427879786918,1.4133899233199458,685.7655709282453,657.2134460449219,628.6613211615984,0.08688843801096509,14.810966008978253,0.02235276280247052,14.567790080542927,16.784849194492036,21.62647543685374,450015667.0,6349711.4,680.8288672647437,614.515019627513,764.1000134034693,515.9854804719437
2022-08-01,665.54626805326,685.0330693428729,664.6627104470199,681.744384765625,8812526,657.9775787353516,659.9600573730469,686.9737274169922,659.9178334726796,59.44808072321689,1.750932244886485,-0.9008877814056566,2.6518200262921416,688.2453086868896,657.9775787353516,627.7098487838135,0.092002314150927,15.355320871834564,0.022523575133095563,14.325003226168755,24.240563609154616,19.36981853491767,458828193.0,6508771.35,685.0330693428729,614.515019627513,764.1000134034693,535.124376719537
2022-08-02,687.1928191088742,687.4873183333721,668.687722161683,674.2343139648438,6236599,658.2415954589844,660.1878332519532,686.97349609375,661.2813078052667,55.802126315652245,2.6215738224464076,-0.19639546063524382,2.817969283081651,688.9762122688169,658.2415954589844,627.506978649152,0.09338400071299523,15.601340536109882,0.023139345199395138,14.273534499053467,23.277789621470635,17.70263228286579,452591594.0,6737918.25,687.4873183333721,614.515019627513,764.1000134034693,535.124376719537
2022-08-03,675.4124007512831,684.1004578110045,674.4306966804238,680.4682006835938,5237250,658.353060913086,660.3448156738282,687.0244702148437,663.108630936536,58.09930200363419,3.7711150380140452,0.597106639094614,3.1740083989194314,689.3916336511603,658.353060913086,627.3144881750117,0.0942915726556391,15.191683629684945,0.02232533954477738,14.22574210958927,22.19795999501947,16.881427730541052,457828844.0,6875023.0,687.4873183333721,614.515019627513,764.1000134034693,537.2349318144198
2022-08-04,685.425776679139,685.7202759091517,668.2459558796971,681.5971069335938,6352142,658.8703796386719,660.4178442382813,687.1065005493164,664.869438174351,58.51975533609998,4.718832271999872,1.4214517656756658,3.2973805063242065,691.074566819415,658.8703796386719,626.6661924579288,0.09775575948156627,15.354729086811348,0.022527573739111132,13.579339801475692,20.39351704568931,18.386234525736583,464180986.0,6902035.2,687.4873183333721,614.515019627513,764.1000134034693,539.2495855279512
2022-08-05,685.2294102962354,697.0098586107839,683.6095746856015,690.7760620117188,5811092,659.4385955810546,660.855263671875,687.2319818115234,667.3367356826717,61.870048736669666,6.139794244779296,2.3651202614963918,3.774673983282904,693.4242276185073,659.4385955810546,625.452963543602,0.10307444018349189,15.358873557552691,0.022234229589287842,13.841197381003143,24.182104298620967,17.068325063720245,469992078.0,7045378.15,697.0098586107839,614.515019627513,764.1000134034693,547.1161394920485
2022-08-08,694.9973661895152,696.8625678583164,686.2111033121982,691.4631958007812,5918607,661.7320007324219,661.0200598144531,687.2272445678711,669.6344937891583,62.11672185791381,7.237928465944492,3.339681902386012,3.89824656355848,697.7982016147108,661.7320007324219,625.6657998501329,0.10900546094905483,15.02263005673594,0.02172585634053636,14.084350847707205,22.957405172728368,16.20390224394186,475910685.0,7199324.25,697.0098586107839,614.515019627513,764.1000134034693,554.0235537084562
2022-08-10,700.8385418656821,704.8635044837906,693.0830559408861,702.163818359375,12201239,664.4407104492187,661.37638671875,687.3366073608398,672.7325247006077,65.82457039670145,8.869417436307117,4.445629009170233,4.423788427136884,703.9451178560342,664.4407104492187,624.9363030424032,0.11891025575512121,14.906749958612613,0.02122973239128533,14.869955351578433,25.31710965961811,15.163446973002795,488111924.0,6560878.55,704.8635044837906,614.515019627513,764.1000134034693,560.5470384354883
2022-08-11,705.6488124274136,706.2378707694816,692.7885141914218,696.8134765625,7142902,667.834829711914,661.7341931152343,687.4267926025391,675.0259486874545,62.529126232436916,9.619765660785788,5.480456339493344,4.139309321292444,706.200577575714,667.834829711914,629.4690818481141,0.11489591784348796,14.80265043143027,0.021243346934755443,15.691583557761083,24.33725517964996,14.179363527767707,480969022.0,6800108.25,706.2378707694816,614.515019627513,764.1000134034693,560.5470384354883
2022-08-12,696.8626127263797,699.4641524889864,693.7212076254089,696.7153930664062,4540159,671.3144500732421,662.0646276855468,687.533102722168,677.0916100568785,62.467384566863295,10.090194040266738,6.4024038796480225,3.6877901606187153,706.7943897484248,671.3144500732421,635.8345103980595,0.10570289279878219,14.155528605155077,0.020317519529536025,16.45452403493069,23.6319905314381,13.768462472720174,476428863.0,6555745.2,706.2378707694816,628.6867368908083,764.1000134034693,560.5470384354883
2022-08-16,701.9184331552758,702.9001372575909,687.6837236717073,691.2178344726562,6679663,674.0231842041015,662.469833984375,687.587001953125,678.4369647631431,58.953677935072655,9.905223634486788,7.102967830615777,2.8022558038710113,706.7920981743833,674.0231842041015,641.2542702338197,0.09723378880201551,14.231306103778545,0.020588742642376825,16.434992735670402,21.82714594061744,15.747207546978137,469749200.0,6213753.65,706.2378707694816,634.4531856997199,764.1000134034693,560.5470384354883
2022-08-17,694.064769701303,711.3918703097453,689.4507486403886,709.7229614257812,8812954,677.1074096679688,663.3145349121094,687.7033737182617,681.4165834929182,65.90556301108714,11.12361622297692,7.907097509088006,3.216518713888915,711.1016076240678,677.1074096679688,643.1132117118698,0.10041006041498986,14.782007215605555,0.020827855401366176,17.068600850643413,23.616296160480942,14.07765177410342,478562154.0,6269342.95,711.3918703097453,648.0873522111877,764.1000134034693,560.5470384354883
2022-08-18,711.7354154323878,722.5341596665343,707.7104529124982,719.785400390625,10354897,680.2134033203125,664.3145471191406,687.931630859375,685.070756530795,68.98193540305546,12.754134137388633,8.87650483474813,3.8776293026405018,717.7060896626878,680.2134033203125,642.7207169779373,0.11023801106935827,14.784985754064875,0.020540824731984167,18.368241350475646,27.308013746195375,13.069471752076826,488917051.0,6260869.8,722.5341596665343,649.1624733998453,764.1000134034693,560.5470384354883
2022-08-19,716.8403009551149,724.1048748895344,712.7171320093852,718.90185546875,13743828,683.3851745605468,665.7269287109375,688.1769723510743,688.2927659534574,68.39834114479049,13.815776963887515,9.864359260576009,3.951417703311506,722.657782479614,683.3851745605468,644.1125666414797,0.11493549869389985,14.542325548785183,0.020228526937523427,19.66678064662579,26.552067072305245,12.33844412716843,475173223.0,6386793.7,724.1048748895344,649.1624733998453,764.1000134034693,560.5470384354883
2022-08-22,718.4600840034419,720.96347726215,711.1464367761102,714.287841796875,8118490,685.9499633789062,666.7919396972657,688.2665670776368,690.7684874623544,65.29185399528001,14.122034190722843,10.715894246605377,3.4061399441174665,726.2469155526485,685.9499633789062,645.6530112051639,0.11749239543725432,14.204805187160511,0.01988666802927326,20.668559042001107,25.241329945967614,12.519180340436542,467054733.0,6851044.15,724.1048748895344,649.1624733998453,764.1000134034693,560.5470384354883
2022-08-23,711.7354117614154,729.0133784795506,709.3302249379783,724.1048583984375,8229797,688.9811706542969,668.1119299316406,688.3981610107422,693.9433799324576,68.56334447235173,14.984168280354197,11.569549053355141,3.414619226999056,731.1389367668013,688.9811706542969,646.8234045417925,0.12237712119902765,14.596115783904212,0.020157461470687612,22.088973604173106,26.74936886234012,11.313297152531065,475284530.0,7079463.3,729.0133784795506,649.1624733998453,764.1000134034693,560.5470384354883
2022-08-24,709.6247082091124,740.4011643770131,704.8634678048329,725.2338256835938,14922081,692.0908142089844,669.4945727539063,688.60796875,696.9234223849467,68.92608553910901,15.578929777538065,12.371425198191726,3.207504579346338,735.2981023544852,692.0908142089844,648.8835260634836,0.12486016938364937,16.09194298306678,0.022188627189167264,23.986245967290355,27.58460332815359,9.528692797328386,490206611.0,7370192.15,740.4011643770131,649.1624733998453,764.1000134034693,560.5470384354883
2022-08-25,731.1731513276063,740.2539136270551,721.7978898021373,727.4426879882812,9849958,695.0323516845704,670.711259765625,688.8190475463867,699.8300191090738,69.66364287641485,16.04357888621803,13.105855935796988,2.9377229504210405,739.4390927586122,695.0323516845704,650.6256106105285,0.12778323474126618,16.26080590034185,0.02235338421685229,25.74799887589923,25.348279023716717,8.756187677763036,500056569.0,7970628.8,740.4011643770131,649.1624733998453,764.1000134034693,560.5470384354883
2022-08-26,727.9335658378824,727.9335658378824,714.680560930517,717.4783935546875,5928897,697.925259399414,671.7276843261719,688.9416989135742,701.5108166753228,62.461305357955396,15.429914912432992,13.570667731124189,1.8592471813088025,740.2152630699334,697.925259399414,655.6352557288947,0.1211877721889911,16.045962972272104,0.022364384929800748,26.42986229779128,23.852838942908583,11.407887538470279,494127672.0,8212292.35,740.4011643770131,649.1624733998453,764.1000134034693,560.5470384354883
2022-08-29,704.5689270553769,711.637207380319,702.0164608699641,707.4158325195312,5878942,700.7084289550781,673.0882238769532,688.993512878418,702.073199136676,56.14811181421995,13.970573141991508,13.650648813297654,0.3199243286938547,737.4383711098643,700.7084289550781,663.978486800292,0.10483659290229798,16.00424652316148,0.02262353454284558,25.643533274253794,22.206798180534967,16.272766080384923,488248730.0,8196861.05,740.4011643770131,655.808472232313,764.1000134034693,560.5470384354883
2022-08-30,708.7903375951543,716.7421165841697,698.7769441108103,713.30615234375,8894800,703.2436798095703,674.77279296875,688.9660470581055,703.1430042040164,58.77484167757667,13.137888457201711,13.548096742078465,-0.4102082848767541,735.8732066737949,703.2436798095703,670.6141529453456,0.09279721325916596,16.14431266246133,0.02263307642786349,25.27550266941179,22.70030218373922,14.979329387737724,497143530.0,8122099.65,740.4011643770131,664.6627104470199,764.1000134034693,560.5470384354883
2022-09-01,713.2079443852264,732.351172073474,713.2079443852264,721.6015014648438,11869518,705.2365356445313,676.6770239257812,689.013532409668,704.9009563240952,62.20809880197847,12.997517896645036,13.437980972991781,-0.4404630763467452,737.2327559146735,705.2365356445313,673.2403153743891,0.09073897523162254,16.358520878588923,0.022669743404609456,25.869945877809666,27.61844023369197,13.727239617454142,509013048.0,8183341.15,740.4011643770131,668.2459558796971,764.1000134034693,561.266626736086
2022-09-02,711.7354495509142,727.3445682050015,706.4833567526471,721.552490234375,5693707,707.6024444580078,678.3183422851563,688.9879592895508,706.4868166965027,62.1751525149462,12.735511371879284,13.29748705276928,-0.5619756808899972,736.9687949044114,707.6024444580078,678.2360940116041,0.0830023996564822,16.680141633857886,0.02311701762464964,25.743954727850266,25.15120303996659,15.380582528427054,503319341.0,8336190.75,740.4011643770131,668.2459558796971,764.1000134034693,566.1112947733934
2022-09-05,721.5525335112179,728.3753891791325,719.8345512885721,726.853759765625,3660135,709.9217224121094,680.289501953125,689.0179693603516,708.4265255602286,64.373048685187,12.807994867824846,13.199588615780394,-0.39159374795554847,737.6297632811471,709.9217224121094,682.2136815430716,0.07805942541071657,16.098762795050924,0.022148558191735834,25.689806309810262,24.655467294279497,14.797737996875915,506979476.0,8309046.15,740.4011643770131,668.2459558796971,764.1000134034693,599.5925365877798
2022-09-06,726.8536398463845,751.0035334244151,726.8536398463845,747.3221435546875,10166270,713.207974243164,682.3308837890625,689.1857504272461,712.1308701311294,71.30588788084405,14.351629420552626,13.429996776734843,0.9216326438177838,742.2568856916008,713.207974243164,684.1590627947272,0.0814598616322614,16.67384356526376,0.022311453914577603,26.79207386965987,31.79833796014951,13.266838090164624,517145746.0,8230190.4,751.0035334244151,683.6095746856015,764.1000134034693,614.515019627513
2022-09-07,741.6773414978292,747.9602708068206,673.6452690794029,739.3212280273438,126794211,715.6352325439453,683.9972290039062,689.3636169433594,714.720428026007,65.90699403880294,14.759228707026523,13.695843162793178,1.0633855442333449,744.8929698500294,715.6352325439453,686.3774952378612,0.0817671796344584,20.79106914827476,0.028121834407148667,25.49561366023554,23.67983310877471,28.159606127781096,390351535.0,8420896.8,751.0035334244151,673.6452690794029,764.1000134034693,614.515019627513
2022-09-08,745.1133074323743,761.8022747925197,743.1989727220785,755.7156982421875,10648073,718.8478576660157,685.742236328125,689.6513104248047,718.624739475167,70.78774707880531,16.218197524598736,14.20031403515429,2.0178834894444453,750.7721842153264,718.8478576660157,686.9235311167049,0.08882081572299307,20.911781835196276,0.02767149323990169,23.75494358251193,26.589515349058995,25.99726589012175,400999608.0,14470052.75,761.8022747925197,673.6452690794029,764.1000134034693,614.515019627513
2022-09-09,758.8572224496511,760.624277736864,748.9420356191805,751.7398681640625,4627905,721.32666015625,687.4624597167968,689.7835159301758,721.7785612550617,68.23649505847531,16.85928126404724,14.732107480932882,2.1271737831143582,755.3162205518815,721.32666015625,687.3370997606185,0.09424179715822205,20.252528998231075,0.02694087390588028,22.138607081768576,25.493972607117627,24.926125044478216,396371703.0,14706526.05,761.8022747925197,673.6452690794029,764.1000134034693,614.515019627513
2022-09-12,752.9669492040553,757.2864706636119,750.5126892653196,755.07763671875,2654087,724.2398681640625,689.1194494628907,689.8503115844727,724.949901775413,69.2388262853049,17.435687027076938,15.272823390161694,2.162863636915244,759.2968152944883,724.2398681640625,689.1829210336367,0.09681032119729789,19.28976131252116,0.025546725759679964,20.637723188221177,24.8545119900249,24.300907643161075,399025790.0,14327859.35,761.8022747925197,673.6452690794029,764.1000134034693,614.515019627513
2022-09-13,759.8389011197003,774.4663147856409,755.9120850932419,769.9013671875,8335652,727.8991668701171,691.1286242675782,689.9912258911132,729.2309937194213,73.27271296830516,18.871109505281538,15.992480613185663,2.8786288920958754,765.8583927152016,727.8991668701171,689.9399410250327,0.1042980334990759,19.29682679497614,0.025064024584692854,20.10794803576396,29.429980329426524,22.556866363241696,407361442.0,14103418.6,774.4663147856409,673.6452690794029,774.4663147856409,614.515019627513
2022-09-14,761.8023216656852,773.9754755153552,761.5568956599939,769.017822265625,6645392,731.7891662597656,693.3449206542969,690.097180480957,733.0202154857265,72.66109736970752,19.71019066104418,16.736022622757368,2.9741680382868125,769.8604044950605,731.7891662597656,693.7179280244707,0.10404974544753137,18.805523442146516,0.02445395008758449,19.61601396562512,28.041791823506745,21.49287711606877,400716050.0,14293193.25,774.4663147856409,673.6452690794029,774.4663147856409,614.515019627513
2022-09-15,773.5828056084243,776.184345356091,767.6925812002385,770.73583984375,5485310,734.839810180664,695.4304028320313,690.3407369995117,736.6121797103002,73.13074863716426,20.280022704856265,17.444822639177147,2.8352000656791176,775.066401695936,734.839810180664,694.6132186653921,0.10948397448794188,18.06882635026837,0.023443604690721834,19.270255383408077,27.9736503963682,20.771380165771493,406201360.0,14291479.7,776.184345356091,673.6452690794029,776.184345356091,614.515019627513
2022-09-16,773.5828253268061,773.5828253268061,762.2441550357212,765.3856201171875,20211162,737.1198211669922,697.3590356445312,690.5546102905273,739.3525073680989,69.14696067696735,20.0685627871502,17.96957066877176,2.0989921183784404,778.8171485952076,737.1198211669922,695.4224937387768,0.11313581925446292,17.58810091746955,0.02297939816896044,18.57680296720208,26.685506780852034,22.02759792146867,385990198.0,14125097.5,776.184345356091,673.6452690794029,776.184345356091,614.515019627513
2022-09-19,759.3480706886528,771.6193711199496,758.0718674274897,768.4288330078125,5760313,739.5961700439453,699.1628344726563,690.8379428100586,742.1216812385479,70.14324700510568,19.916950913702067,18.35904671775782,1.5579041959442463,782.5357775091694,739.5961700439453,696.6565625787213,0.11611635972282736,17.299486829968863,0.022512802860682066,17.650312620254994,25.19280353643938,22.518156637432636,391750511.0,14617910.75,776.184345356091,673.6452690794029,776.184345356091,614.515019627513
2022-09-20,772.3065614799156,782.369027645336,770.6376526687884,777.6568603515625,7936714,742.7646209716797,701.29095703125,691.1967361450195,745.505984011216,72.99131811711413,20.307331816186206,18.7487037374435,1.5586280787427071,787.0960375715118,742.7646209716797,698.4332043718476,0.11936868113572247,17.05953738765134,0.02193710138420058,17.403975648793274,28.22325360638799,21.203820685344887,399687225.0,14218735.0,782.369027645336,673.6452690794029,782.369027645336,614.515019627513
2022-09-21,777.6568509083098,782.418091361382,764.7474192854662,765.9254760742188,9966193,744.8556518554688,703.0212316894531,691.446538696289,747.4506975410259,64.55997645596415,19.44592629240492,18.888148248435783,0.5577780439691367,789.4138447169196,744.8556518554688,700.2974589940179,0.11964249113356228,17.10318986538452,0.022330096595099033,16.759256773691938,26.140418001203734,22.098965216578005,389721032.0,14209646.2,782.418091361382,673.6452690794029,782.418091361382,614.515019627513
2022-09-22,776.7242853570599,780.2583961016874,762.1459437189319,769.754150390625,7721133,747.0816680908204,705.5044128417969,691.7848770141602,749.5748359076543,65.94265161776272,18.854851240125527,18.88148884677373,-0.02663760664820458,791.9436318391365,747.0816680908204,702.2197043425042,0.12009922251997336,17.17528004519673,0.022312682609740835,15.977272444397993,24.171362661759904,21.516238604463364,397442165.0,14296466.0,782.418091361382,673.6452690794029,782.418091361382,614.515019627513
2022-09-23,773.5827614905697,773.5827614905697,754.6358860418146,757.2373657226562,9271829,748.571401977539,707.6893676757812,692.1620324707031,750.3046006519402,57.9787796582409,17.17839820582219,18.540870718583424,-1.362472512761233,792.6985851430953,748.571401977539,704.4442188119828,0.11789705844755295,17.301822574022328,0.02284861175268423,14.939198100632247,22.280679114984437,22.933679179533883,388170336.0,13936418.6,782.418091361382,673.6452690794029,782.418091361382,614.515019627513
2022-09-26,755.8630093195823,757.041066107226,739.4194672644148,741.235595703125,13144297,749.7592620849609,709.9354577636718,692.4530709838867,749.4408858949101,49.712935747976644,14.392678155099702,17.71123220588668,-3.318554050786979,791.6993625112807,749.7592620849609,707.8191616586412,0.11187617825404658,17.338685137180835,0.023391598079870433,14.891490548033072,20.645216173053075,27.518851016132587,375026039.0,13907512.15,782.418091361382,673.6452690794029,782.418091361382,614.515019627513
2022-09-27,744.9660390362119,751.0035424626072,743.346263425111,746.6840209960938,5965026,751.7226715087891,712.3266784667969,692.691696472168,749.1783273331181,52.21116469060527,12.480747048643934,16.665135174438134,-4.1843881257942,788.963111001173,751.7226715087891,714.4822320164051,0.09908026165457635,16.797918110202364,0.0224966888775704,14.84719067776241,19.787706114394155,26.3758408702824,380991065.0,14268282.15,782.418091361382,673.6452690794029,782.418091361382,614.515019627513
2022-09-28,741.6773430962862,756.8937545032915,741.1864911154152,747.5184936523438,5546932,753.4332885742188,714.5361853027343,692.940358581543,749.0202479349491,52.59956899764667,10.90713221076669,15.513534581703846,-4.606402370937156,786.350073410316,753.4332885742188,720.5165037381215,0.0873781005837644,16.72001420146479,0.022367358591720597,14.355466617170867,20.97623249846936,24.605967631478812,386537997.0,14272586.35,782.418091361382,673.6452690794029,782.418091361382,614.515019627513
2022-09-29,749.9728293533241,754.9304228774749,745.4078815024804,750.6600341796875,5413233,754.8862152099609,716.5886169433594,693.2206106567382,749.1764180534957,54.111650727235876,9.800552511354454,14.37093816763397,-4.570385656279516,784.4489687113277,754.8862152099609,725.3234617085942,0.07832373384416423,16.205908999574053,0.02158887946829843,13.898865703764436,20.09583474679818,23.5732255229029,391951230.0,14105192.95,782.418091361382,673.6452690794029,782.418091361382,614.515019627513
2022-09-30,751.936211961228,794.1985583678136,747.5185438368087,785.2650756835938,7469164,758.0718444824219,719.1406079101563,693.7110278320313,752.6134330658859,66.70946372938995,11.582403037638414,13.81323114163486,-2.230828103996446,786.2801951559728,758.0718444824219,729.8634938088709,0.07442131211932924,18.382630823247684,0.023409459292768272,14.644186108712228,31.709047706116465,19.29745594869259,399420394.0,13782378.7,794.1985583678136,673.6452690794029,794.1985583678136,614.515019627513
2022-10-03,788.7010496406699,800.6287177746458,783.4488970760119,788.6519165039062,12619046,761.161752319336,721.8043176269531,694.2745767211914,756.0456695837927,67.64565676315804,13.116621913838571,13.673909296075603,-0.5572873822370319,788.5412213472472,761.161752319336,733.7822832914247,0.07194126332407862,18.296715814346697,0.02319998903376287,15.607098389392885,32.092645769618834,18.0032079360115,412039440.0,13871151.55,800.6287177746458,673.6452690794029,800.6287177746458,614.515019627513
2022-10-04,798.125368035496,801.8067581094604,792.7259959270148,793.904052734375,5772140,763.4908477783204,724.4225573730469,694.8944403076172,759.6512298838481,69.09700320034077,14.588141907436352,13.856755818347754,0.7313860890885984,793.558126916349,763.4908477783204,733.4235686402917,0.07876264457005958,17.929439085147227,0.0225838865835165,16.551490864421776,30.88007641102063,17.059710374481636,417811580.0,14319097.1,801.8067581094604,673.6452690794029,801.8067581094604,614.515019627513
2022-10-06,795.7201677828828,800.9231870159736,772.2574780582787,774.1717529296875,6503205,765.2333740234375,726.6363781738281,695.435433959961,761.0341368405947,58.482682736862536,14.000708961790679,13.88554644703634,0.11516251475433847,793.480107057429,765.2333740234375,736.986640989446,0.07382514666205967,18.696315504614915,0.02415008741130467,16.0037599059465,27.49820578533812,23.01131501777398,411308375.0,14099390.6,801.8067581094604,739.4194672644148,801.8067581094604,614.515019627513
2022-10-07,777.509566073964,782.2217332785997,770.343138875408,778.5894165039062,6025982,766.3770599365234,728.9473474121094,696.0735284423828,762.7060682371006,59.96543210019265,13.73332344662947,13.855101846954966,-0.12177840032549625,794.8411671755542,766.3770599365234,737.9129526974926,0.07428225276311999,18.209335425941823,0.02338759690275146,15.375737451851688,26.21691624856653,22.690019227231083,417334357.0,8084840.3,801.8067581094604,739.4194672644148,801.8067581094604,614.515019627513
2022-10-10,770.5885756812567,780.2583362255252,765.4346296217468,777.8531494140625,3519416,767.6827239990234,731.1321716308594,696.7460586547852,764.1486473968113,59.58349497924987,13.308594703121116,13.745800418188196,-0.43720571506707984,795.7340522328374,767.6827239990234,739.6313957652095,0.07308052495356042,17.967504795787296,0.023098839169477903,14.481100023983753,24.67193713630787,23.304226213134495,413814941.0,7853735.75,801.8067581094604,739.4194672644148,801.8067581094604,614.515019627513
2022-10-11,782.9090038003244,782.9090038003244,761.8023660803157,766.023681640625,3699862,768.2300262451172,733.2602404785156,697.3166818237305,764.3272220866983,53.66886213593526,11.880503874250508,13.372741109400659,-1.4922372351501512,795.6973103468914,768.2300262451172,740.762742143343,0.07150796809134433,18.191728576088828,0.023748258718486143,13.473752719879249,22.627280895938508,22.799100626821364,410115079.0,7798311.3,801.8067581094604,739.4194672644148,801.8067581094604,614.515019627513
2022-10-12,766.0236901348346,767.0544674465726,755.1267986933824,761.360595703125,5984299,767.8029876708985,735.4524035644531,697.777248840332,764.0446862406436,51.49870576319732,10.254254872294837,12.749043861979494,-2.4947889896846576,795.4182259866765,767.8029876708985,740.1877493551204,0.0719331358674386,17.744295731596072,0.023306033739780053,12.954659971604801,21.540852432252535,24.39163099960035,404130780.0,7850600.05,801.8067581094604,739.4194672644148,801.8067581094604,614.515019627513
2022-10-13,760.8206461867753,764.7474624251587,753.6051453161302,754.832275390625,2842056,767.0937103271484,737.2970263671875,698.2344955444336,763.1673137787371,48.53949040405536,8.342492867232295,11.867733663030055,-3.5252407957977603,795.2706832062354,767.0937103271484,738.9167374480614,0.07346422607759388,17.2727258299841,0.022882866026158567,12.567497155154394,20.54830908070588,23.89698680547727,401288724.0,7733032.4,801.8067581094604,739.4194672644148,801.8067581094604,614.515019627513
2022-10-14,765.6800747639609,765.6800747639609,749.0892525902992,751.9362182617188,3608210,766.1537292480468,738.7008630371093,698.685569152832,762.0976856342593,47.2425967303071,6.518577988398874,10.797902528103819,-4.279324539704945,795.0276696540964,766.1537292480468,737.2797888419973,0.07537375151691374,17.22401842596107,0.022906222639173475,12.493909705217717,19.134530228837427,24.125565512273994,397680514.0,7542865.6,801.8067581094604,739.4194672644148,801.8067581094604,614.515019627513
2022-10-17,747.0767703541887,756.8938107004988,745.9477867469794,751.9852905273438,4566333,765.4837127685547,740.2558825683594,699.1432406616211,761.1346003859817,47.26830628463296,5.01921365735825,9.642164753954706,-4.622951096596456,795.012337509135,765.4837127685547,735.9550880279744,0.07715023650544565,16.77559024935809,0.022308402119932284,12.624068246635275,18.24272841138846,24.338747563432026,402246847.0,7449010.6,801.8067581094604,739.4194672644148,801.8067581094604,614.515019627513
2022-10-18,755.7648217009248,771.2266601360432,754.5868248025399,768.821533203125,4391263,765.5033477783203,742.02294921875,699.6640805053711,761.8666892257096,55.31420210209743,5.130361091136706,8.739804021391105,-3.6094429302543993,795.0403008937235,765.5033477783203,735.9663946629171,0.0771700168291275,16.951717346453897,0.022048962749298025,11.791547503686926,22.803032755277552,22.365450496450396,406638110.0,6666769.15,801.8067581094604,739.4194672644148,801.8067581094604,614.515019627513
2022-10-19,773.5336968872532,774.2209016870277,765.2382859094183,769.0669555664062,5219180,765.0738525390625,743.7723461914062,700.2017852783204,762.5524288772045,55.420981342722264,5.178554612778953,8.027554139668675,-2.848999526889722,794.137438367711,765.0738525390625,736.010266710414,0.07597589626725494,16.382495805822142,0.02130178092719727,11.22506238033168,23.21546456409325,21.489514502308587,411857290.0,6598316.65,801.8067581094604,739.4194672644148,801.8067581094604,614.515019627513
2022-10-20,767.692590044365,779.4730389964525,764.0602729671124,778.3931884765625,4756732,765.6972381591797,745.5246887207031,700.7739041137695,764.061072648572,59.392031572561926,5.9012711982059045,7.602297551376122,-1.7010263531702172,795.3362913176026,765.6972381591797,736.0581850007569,0.07741716093864558,16.313229393216282,0.020957569560884556,11.05805284591846,23.948433245605237,20.039276735486713,416614022.0,6462439.95,801.8067581094604,739.4194672644148,801.8067581094604,614.515019627513
2022-10-21,775.5461565302794,788.1610289064589,775.3007305313774,782.85986328125,4807736,766.3525238037109,747.3526220703125,701.3466101074218,765.851433661208,61.175806599413825,6.756567126214122,7.433151466343722,-0.6765843401296001,796.8873450389747,766.3525238037109,735.8177025684472,0.07968870796877481,16.06659146334951,0.020522946975476034,11.457450428253784,26.441694740275928,18.893549330414658,421421758.0,6201966.9,801.8067581094604,739.4194672644148,801.8067581094604,614.515019627513
2022-10-24,785.3631892479503,792.72596914715,785.3631892479503,787.4247436523438,522406,767.8618927001953,749.0578405761719,701.9054895019531,767.9060346127447,62.966232931810595,7.713822858658659,7.48928574480671,0.22453711385194897,799.4126929833596,767.8618927001953,736.311092417031,0.0821783203024064,15.623699634960257,0.01984151471097063,12.102138577056369,27.336020435297105,18.04133779907011,421944164.0,6056297.05,801.8067581094604,739.4194672644148,801.8067581094604,614.515019627513
2022-10-25,791.4006900364527,791.596982898331,784.0869833778071,787.62109375,3184277,770.1811676025391,750.8739929199219,702.4352969360351,769.7836592924834,63.04517555664103,8.391565986071555,7.669741793059679,0.7218241930118756,800.3511878393178,770.1811676025391,740.0111473657603,0.07834525565119602,15.044149626786234,0.019100744947241625,12.583239128592652,26.36130123758801,18.003972295338304,425128441.0,5618825.9,801.8067581094604,741.1864911154152,801.8067581094604,614.515019627513
2022-10-27,791.7442909605968,807.1570560355239,789.4863837016234,802.1503295898438,8159181,772.9544830322266,752.9826916503906,703.0252890014649,772.8661993208035,68.4110995439889,9.98595829265264,8.132985092978272,1.8529731996743681,804.1545998766012,772.9544830322266,741.7543661878519,0.08072950614628577,15.364993388124635,0.01915475543839903,13.911528647795528,31.200752564417616,16.368878273182776,433287622.0,5120824.9,807.1570560355239,741.1864911154152,807.1570560355239,614.515019627513
2022-10-28,804.0155948434127,809.3168205350383,796.4564618825607,801.9049072265625,3905093,775.6738037109375,755.1964331054687,703.5632312011719,775.6317905499234,68.23087648086832,11.101748107374192,8.726737695857455,2.3750104115167368,807.0122142058505,775.6738037109375,744.3353932160245,0.08080306527044079,15.186090907006994,0.01893752085833846,15.254192737001537,30.329295258101098,15.378735165909958,429382529.0,5230532.65,809.3168205350383,745.4078815024804,809.3168205350383,614.515019627513
2022-10-31,807.9423741560715,818.5447651382195,804.9972622211162,816.7777099609375,5487233,778.9796875,757.3375280761719,704.2033920288086,779.5504495414485,72.89157901071998,13.035861164871221,9.58856238966021,3.447298775211012,812.9082741255845,778.9796875,745.0511008744154,0.08711032436409855,15.28993140733914,0.018719819628856403,16.94688311837184,32.28258486102206,14.18327073526924,434869762.0,5148440.7,818.5447651382195,745.9477867469794,818.5447651382195,614.515019627513
2022-11-01,812.85096369513,826.0548953185559,806.0281084775233,820.2628173828125,10488759,780.7295745849609,759.3470764160156,704.8597570800781,783.4278179072927,73.85934563669025,14.680649352804721,10.606979782289113,4.073669570515609,819.0943854515596,780.7295745849609,742.3647637183623,0.09827938409274053,15.628278224031522,0.01905276929886471,18.846579019437026,32.76018327427948,12.885050128585734,445358521.0,5152140.7,826.0548953185559,745.9477867469794,826.0548953185559,614.515019627513
2022-11-02,814.8143185157238,814.8143185157238,792.4805525564074,795.032958984375,11729925,781.0486267089843,760.8696984863282,705.3973025512695,784.5330694384434,57.77829356481115,13.789361942873825,11.243456214406056,2.545905728467769,819.7760872061284,781.0486267089843,742.3211662118403,0.09916786016339488,16.496420124201066,0.020749353769275967,19.30367029392194,28.819275919683353,17.20105024788867,433628596.0,5303120.45,826.0548953185559,745.9477867469794,826.0548953185559,614.515019627513
2022-11-03,794.9348679451705,809.3168564885311,789.4864223591243,803.6720581054688,5897840,781.5370269775391,762.6573828125,705.8473217773437,786.3558302638743,60.91622757075962,13.623075019478279,11.7193799754205,1.9036950440577787,821.1371985837328,781.5370269775391,741.9368553713454,0.1013392078410939,16.734563981715766,0.020822627604056416,19.46469536444137,26.37993304053427,17.023098306135843,439526436.0,5258664.4,826.0548953185559,745.9477867469794,826.0548953185559,614.515019627513
2022-11-04,800.7759909945963,806.7643616232242,794.3949147857317,801.4631958007812,3768226,782.9015991210938,764.2045495605469,706.2784783935547,787.7946269816749,59.69463000440455,13.161338983743349,12.00777177708507,1.1535672066582787,823.2660184918046,782.9015991210938,742.537179750383,0.10311492380658056,16.422769899985536,0.020490984471940397,19.614218644209412,24.96071369138543,16.107269199920584,435758210.0,5264949.4,826.0548953185559,745.9477867469794,826.0548953185559,614.515019627513
2022-11-07,802.0521634317738,808.9731646086626,794.1985314765055,807.6478881835938,7171570,784.3545227050781,765.8528308105468,706.7952905273437,789.6854137628101,61.992865006773464,13.142958986468898,12.234809218961836,0.9081497675070622,826.063025244239,784.3545227050781,742.6460201659172,0.10635114946572076,16.305045845140647,0.020188309885649326,19.890744307420945,24.31277627912694,15.064739195712255,442929780.0,5128200.45,826.0548953185559,745.9477867469794,826.0548953185559,614.515019627513
2022-11-09,809.1204971351324,810.3967004277043,799.5488825631517,804.064697265625,3969171,785.6651000976562,767.3852709960937,707.2550918579102,791.0548693345067,59.86312099213136,12.692942801570098,12.32643593548349,0.366506866086608,828.1147568331244,785.6651000976562,743.2154433621881,0.10806043626016158,15.91524384652722,0.01979348664435839,20.239166664540164,23.767984182209563,14.331302441850221,438960609.0,5185479.85,826.0548953185559,745.9477867469794,826.0548953185559,614.515019627513
2022-11-10,804.8009389747174,815.5015366984395,802.5921049424456,810.64208984375,4425290,787.8960205078125,769.248544921875,707.8174172973632,792.9203189068156,62.415598017232234,12.720409383148649,12.405230625016522,0.31517875813212726,830.6707592329961,787.8960205078125,745.1212817826289,0.10857965419755407,15.700542982917694,0.01936803329067696,20.889535751323194,24.694487431707355,13.4896164884733,443385899.0,5207967.6,826.0548953185559,745.9477867469794,826.0548953185559,614.515019627513
2022-11-11,815.5505935408582,821.5880970752302,808.7277387944719,811.7710571289062,4325441,790.4165435791016,771.3356494140625,708.4374319458008,794.7156273089195,62.85227742498268,12.687026922709606,12.46158988455514,0.2254370381544657,832.5762856041046,790.4165435791016,748.2568015540986,0.10667727634874281,15.497672647049166,0.019091186500122034,21.85903850693568,26.036053302258743,12.690043430621644,447711340.0,5244239.0,826.0548953185559,745.9477867469794,826.0548953185559,614.515019627513
2022-11-14,803.0338792262891,815.5996785556739,802.0521752174549,806.862548828125,10406576,793.0180572509765,773.20677734375,708.9757278442382,795.8724769774153,59.609455654378344,12.124729154238139,12.394217738491742,-0.2694885842536028,832.4035690961119,793.0180572509765,753.6325454058411,0.09933068102299356,15.358374839275585,0.019034685475961002,22.002294960557712,24.395610394921643,14.995151309873316,437304764.0,5161296.1,826.0548953185559,745.9477867469794,826.0548953185559,614.515019627513
2022-11-15,807.5988153507167,823.40422570081,807.5988153507167,819.96826171875,6229710,796.4196594238281,775.1741125488281,709.678021850586,798.1673136194471,64.8274302872114,12.591478892103964,12.433669969214186,0.1578089228897781,832.6502288253296,796.4196594238281,760.1890900223266,0.09098361390956271,15.442896413090544,0.018833529459689594,22.626263553622525,26.138947359729265,13.84786029755351,443534474.0,5539522.1,826.0548953185559,745.9477867469794,826.0548953185559,614.515019627513
2022-11-16,822.1771313201261,828.6072807813857,812.900016183031,825.8094482421875,3445345,800.1108673095703,777.2592517089844,710.4356661987305,800.7998978692319,66.88106736767557,13.279636969029639,12.602863369177278,0.6767735998523605,832.2981847816081,800.1108673095703,767.9235498375324,0.0804571435962869,15.46177985489513,0.01872318110165362,23.506799657103535,26.645884680500064,12.843023080252808,446979819.0,5670597.1,828.6072807813857,754.5868248025399,828.6072807813857,614.515019627513
2022-11-17,826.3984965411762,833.8594836264771,823.0607385637857,830.6689453125,4545534,803.203237915039,779.3355554199219,711.1103427124024,803.6445690543051,68.52743446550656,14.055109451215571,12.893312585584939,1.1617968656306328,834.6472695058063,803.203237915039,771.7592063242718,0.07829657577673599,15.128705941166293,0.01821267789838325,24.612797674674255,27.76711252471539,12.188219968977107,451525353.0,5614547.7,833.8594836264771,764.0602729671124,833.8594836264771,614.515019627513
2022-11-18,834.3992919394115,836.2644935104469,815.8941363611073,821.980712890625,7405949,805.84892578125,780.8287268066406,711.764057006836,805.3908684672879,62.54135570367788,13.809422804445603,13.076534629357072,0.7328881750885312,834.1011827585988,805.84892578125,777.5966688039013,0.07011799873024326,15.503109598892959,0.018860673195571494,24.81004612523441,25.161063923735995,14.346228627531785,444119404.0,5622261.25,836.2644935104469,764.0602729671124,836.2644935104469,614.515019627513
2022-11-21,821.686255925598,837.1971672915174,819.7228479066598,835.62646484375,5527122,808.7105895996094,782.7548315429688,712.4442184448242,808.27044907457,67.36342314504539,14.548110940080733,13.370849891501805,1.1772610485789272,836.8532690991149,808.7105895996094,780.567910100104,0.06959888954450026,15.643910297890434,0.018721176214560913,25.053266763561723,23.579412011344612,13.201599840300194,449646526.0,5731599.7,837.1971672915174,775.3007305313774,837.1971672915174,614.515019627513
2022-11-22,837.7862162822815,844.8053639204405,829.6380251600146,832.09228515625,7601660,811.1722106933594,784.28236328125,713.0407373046875,810.5391953680634,65.02856119864768,14.679135903868087,13.632507093975063,1.0466288098930239,838.4386887013173,811.1722106933594,783.9057326854014,0.06722734740789904,15.609869473785823,0.018759781519732042,25.752490697455787,25.42431960019716,12.285361113925944,442044866.0,5770119.2,844.8053639204405,784.0869833778071,844.8053639204405,614.515019627513
2022-11-23,836.264591518731,836.264591518731,826.2021247596388,827.8219604492188,4596816,813.1920715332031,785.8040051269531,713.6464468383789,812.1851729948401,62.22222590454031,14.273854506800262,13.760776576540103,0.5130779302601596,839.0724862695024,813.1920715332031,787.3116567969039,0.06365141924589594,15.21362642273628,0.0183778966367123,25.987895386952633,24.22318130229043,13.318124187601077,437448050.0,5909815.4,844.8053639204405,784.0869833778071,844.8053639204405,614.515019627513
2022-11-24,830.5216327133195,835.4301530012232,822.4225742382782,832.82861328125,3455310,815.4524475097656,787.3590246582031,714.2674160766602,814.1512149268791,64.174321576479,14.19305244718771,13.847231750669625,0.34582069651808567,839.8594637573108,815.4524475097656,791.0454312622205,0.05986128638666656,15.056051589894041,0.018078211230729585,25.75999181981022,22.72836262993806,14.289344969627551,440903360.0,6113535.9,844.8053639204405,789.4863837016234,844.8053639204405,614.515019627513
2022-11-25,836.4118176923758,844.2654497833842,826.2020720066821,831.3560180664062,2991065,816.9127319335937,788.5881176757813,714.8976373291016,815.7897676068341,63.140856529956196,13.850529819843473,13.847891364504395,0.0026384553390776944,841.4559216768391,816.9127319335937,792.3695421903483,0.06008766612108702,15.270860603237471,0.01836861738098067,26.14773170751848,24.940693169006774,13.08203235793325,437912295.0,6127087.55,844.8053639204405,789.4864223591243,844.8053639204405,614.515019627513
2022-11-28,824.8768120130362,836.9517596101363,820.7536430993179,822.0789794921875,3668846,817.921435546875,789.6493408203125,715.4885592651367,816.3887401673439,56.92180919293882,12.684282179167894,13.615169527437097,-0.9308873482692022,841.5559292612559,817.921435546875,794.2869418324942,0.05779159877031082,15.337093168064682,0.018656471641616077,25.876934146813817,23.059203029917292,14.632608387450922,434243449.0,5868681.75,844.8053639204405,789.4864223591243,844.8053639204405,614.515019627513
2022-11-29,823.6497037584104,829.3435753048718,819.7228875307184,820.5573120117188,2680296,818.1104156494141,790.6457702636719,716.1388220214844,816.7857470096653,55.94839845419864,11.504618591260169,13.19305934020171,-1.6884407489415416,841.7657403464644,818.1104156494141,794.4550909523638,0.0578291737754562,14.928778497071022,0.018193462270747297,25.50722814300806,21.997756543879923,14.452227158554319,431563153.0,5856869.4,844.8053639204405,789.4864223591243,844.8053639204405,614.515019627513
2022-11-30,819.526469946307,836.4117903741716,817.3667092081286,833.2212524414062,6874390,818.7583374023437,792.0024829101562,716.8406756591797,818.3510332412596,61.80280283664702,11.459502839099514,12.846348039981272,-1.3868452008817584,843.3069847621814,818.7583374023437,794.209690042506,0.05996555085526852,15.222800116283308,0.018269817376452245,25.678475212533108,23.34851445720702,13.160725326892805,438437543.0,5716522.55,844.8053639204405,789.4864223591243,844.8053639204405,614.515019627513
2022-12-01,837.3935574463396,837.5899102406873,826.2021072715836,833.0740356445312,4506664,820.6603912353515,793.2953869628906,717.490726928711,819.753223946333,61.7001477656614,11.281819324817207,12.53344229694846,-1.251622972131253,843.3886551171386,820.6603912353515,797.9321273535645,0.05539018118706535,14.948871748627624,0.017944229575060526,25.920113789217737,22.640977565085947,12.444609424476923,433930879.0,5535804.1,844.8053639204405,789.4864223591243,844.8053639204405,614.515019627513
2022-12-02,835.822855092357,836.3627803380739,823.7478472998989,833.1231689453125,3505272,822.1329467773437,794.4047131347656,718.1180560302735,821.026552041474,61.722999196463235,11.017960318250061,12.23034590120878,-1.212385582958719,844.0702158171842,822.1329467773437,800.1956777375032,0.05336671915614583,14.78216184073815,0.017743068962361882,25.82419695703993,21.260866189827578,12.871949211953185,437436151.0,5174641.05,844.8053639204405,794.1985314765055,844.8053639204405,614.515019627513
2022-12-05,835.4301540434544,836.0191525113535,825.4658338791947,828.6563720703125,3311316,823.4926055908203,795.6593310546875,718.7665432739258,821.7532015680301,58.316467351868226,10.32934669836709,11.850146060640443,-1.5207993622733529,843.4152655285411,823.4926055908203,803.5699456530995,0.04838576522111496,14.480101611553906,0.017474193283974714,25.735131327160538,20.154063107737965,12.201858307232321,434124835.0,5055012.65,844.8053639204405,794.1985314765055,844.8053639204405,614.515019627513
2022-12-06,829.4417567960588,829.5399032314247,814.5198435944765,818.10302734375,5567349,824.0153625488281,796.62630859375,719.4866329956054,821.4055659276224,51.135737901737286,8.830258992939548,11.246168647100264,-2.415909654160716,842.7615028566026,824.0153625488281,805.2692222410535,0.045499492266234884,14.518670041939211,0.01774675017287128,24.296864481963077,18.664772673270747,16.685377932963057,428557486.0,5032167.15,844.8053639204405,799.5488825631517,844.8053639204405,614.515019627513
2022-12-07,822.2261871778288,826.2020764616485,816.7777418690048,818.7411499023438,3771882,824.7491851806641,797.8563842773438,720.1031365966796,821.151812020453,51.52442398497174,7.606034709966025,10.518141859673417,-2.912107149707392,841.3389847146664,824.7491851806641,808.1593856466618,0.040229926460292845,14.154788938418106,0.017288478709182303,22.96133098285115,17.777122243573057,15.891862622001188,432329368.0,4951956.1,844.8053639204405,802.0521752174549,844.8053639204405,614.515019627513
2022-12-08,817.7594658375385,824.8277469137038,811.182036781684,817.3667602539062,4822179,825.0854187011719,799.3790075683594,720.6626788330078,820.7913308998295,50.591016006794185,6.450568251806999,9.704627138100134,-3.2540588862931354,840.7655733065326,825.0854187011719,809.4052640958112,0.03800856068949566,14.11842616653251,0.01727306131478453,21.54610344755387,16.54984331513113,17.625740412485314,427507189.0,4942091.65,844.8053639204405,802.0521752174549,844.8053639204405,614.515019627513
2022-12-09,815.1088811650915,821.293604851443,808.8750842587019,819.624755859375,4615843,825.4781036376953,800.837822265625,721.2569677734375,820.6802285150243,52.12549367435804,5.651902519477062,8.894082214375521,-3.242179694898459,840.1668668779917,825.4781036376953,810.789340397399,0.03558849877559751,13.99700433983312,0.017077332327715366,20.47737064192624,15.50102414831073,17.686006532581583,432123032.0,4961936.1,844.8053639204405,802.0521752174549,844.8053639204405,614.515019627513
2022-12-12,817.366761385299,821.6372099189884,810.2985402178095,813.24365234375,3149823,825.7971588134766,802.1523254394531,721.8410971069336,819.9719831653791,47.624177511669465,4.452724214901082,8.005810614480634,-3.553086399579552,839.0629480560309,825.7971588134766,812.5313695709223,0.03212844486317898,13.807123294214962,0.01697784330000381,19.441902219149807,14.769515165178028,16.648572127307926,428973209.0,4976456.2,844.8053639204405,807.5988153507167,844.8053639204405,614.515019627513
2022-12-13,806.9607034967344,824.631375836079,806.9607034967344,822.717041015625,3832999,825.9345977783203,803.5934655761719,722.4852990722657,820.233417246355,53.978179935021174,4.2181656741445295,7.248281626413413,-3.0301159522688836,839.0115937335536,825.9345977783203,812.857601823087,0.031665935754257295,14.083091083152794,0.01711778215480689,18.85567452155241,13.445803825540516,16.8493813758607,432806208.0,4613618.55,844.8053639204405,806.9607034967344,844.8053639204405,614.515019627513
2022-12-14,825.2695147993394,826.5947912692641,812.9982144538931,814.0289916992188,7491333,825.3455749511719,804.1687438964843,723.138349609375,819.6425195751992,48.202683243168266,3.2932607104295357,6.457277443216638,-3.1640167327871023,839.4155994852815,825.3455749511719,811.2755504170623,0.03409486877043477,14.048340064025524,0.017257788367832903,18.039675302170846,13.514569645653177,15.684556883509526,425314875.0,4493783.0,844.8053639204405,806.9607034967344,844.8053639204405,614.515019627513
2022-12-15,813.8325574466143,815.7959653053516,809.2676102076689,811.2310180664062,2996482,824.3736785888672,804.6203259277344,723.752243347168,818.8414241934095,46.477941742687264,2.307889856919246,5.627399925957159,-3.3195100690379133,839.4853875936119,824.3736785888672,809.2619695841224,0.03666227924844086,13.511198280715323,0.016655179572546024,17.714284713620316,13.0481422115557,17.115465538017396,422318393.0,4696082.4,844.8053639204405,806.9607034967344,844.8053639204405,614.515019627513
2022-12-16,809.9057944340389,817.4649271657812,804.8991280358292,807.6969604492188,4309644,823.6594909667969,804.8961840820313,724.5121740722657,817.7800466939627,44.32081705745183,1.2276557901835758,4.7474510988024425,-3.5197953086188667,840.416603540903,823.6594909667969,806.9023783926907,0.04068941779432893,13.443669769946514,0.016644447643420022,17.882862213258203,12.176992247854189,18.29381468466725,418008749.0,4618629.8,844.8053639204405,804.8991280358292,844.8053639204405,614.515019627513
2022-12-19,807.6479351906609,829.5889967753319,806.9607303708866,825.0241088867188,6397169,823.1293731689453,805.9132312011719,725.2720001220703,818.4699573789871,55.27980002547395,1.749550846414195,4.147871048324793,-2.3983202019105985,838.9852069837281,823.1293731689453,807.2735393541626,0.0385257392862552,14.099712386696426,0.01709006104769771,16.76217058461137,16.923100895177292,16.196723720351923,424405918.0,4463814.55,844.8053639204405,804.8991280358292,844.8053639204405,614.515019627513
2022-12-20,824.3858990678287,824.3858990678287,806.9606538061985,813.7835083007812,2828863,822.2139343261719,806.6171130371093,725.986130065918,818.0236288953485,48.597331462896705,1.2418189964754447,3.566660637954924,-2.3248416414794795,838.0081621525309,822.2139343261719,806.4197064998128,0.038418779266500384,14.3828368648267,0.017674033349310246,15.721519151814858,15.404973641363345,14.743795892677273,421577055.0,4507316.9,844.2654497833842,804.8991280358292,844.8053639204405,614.515019627513
2022-12-21,817.759494116031,817.8085673360672,797.4872810087952,799.1071166992188,5079337,820.7781921386719,807.0421923828125,726.6867413330078,816.2220563052409,41.537070094205646,-0.34089467749265623,2.7851495748654083,-3.1260442523580645,839.2635166661114,820.7781921386719,802.2928676112324,0.045043410520625465,14.807011826429935,0.018529445573694278,15.492120985182154,13.894835433582227,17.86839846729867,416497718.0,4268677.05,844.2654497833842,797.4872810087952,844.8053639204405,614.515019627513
2022-12-22,804.0155984965888,809.6113234368502,794.6894102356393,801.6594848632812,3626834,819.2197357177735,807.7549084472656,727.4108654785156,814.83514473934,43.08566814894178,-1.373419956801854,1.9534356685319558,-3.3268556253338097,838.611861461361,819.2197357177735,799.827609974186,0.04734291643156458,14.815219067485714,0.018480688306223146,15.552566332470903,12.895199627896933,17.93182931346329,420124552.0,4292803.1,844.2654497833842,794.6894102356393,844.8053639204405,614.515019627513
2022-12-23,799.1070730131855,802.984815879435,790.2717368250791,793.85498046875,2804496,817.3446838378907,808.4047961425781,728.1856393432618,812.8370338564266,39.62899815276658,-2.7893085466298544,1.004886825499594,-3.7941953721294484,838.8204272374919,817.3446838378907,795.8689404382894,0.05255002895170397,14.665066209405015,0.018473230716201702,16.022541586584097,12.096714643482464,18.973169784717925,417320056.0,4301379.3,837.5899102406873,790.2717368250791,844.8053639204405,614.515019627513
2022-12-26,790.3208362032854,800.2851563126455,786.4922263461145,796.1619873046875,6023206,816.0488342285156,809.2313903808594,728.8659048461914,811.2489341848324,41.13244919476686,-3.682801243524409,0.06734921169479335,-3.7501504552192024,839.28133872416,816.0488342285156,792.8163297328712,0.056939005415302654,14.602770763485443,0.01834145688482491,16.792554396851965,11.280582160304908,19.541826278043136,423343262.0,4292050.85,837.5899102406873,786.4922263461145,844.8053639204405,614.515019627513
2022-12-27,800.0888088503674,804.4574039007886,790.2717682509764,799.8924560546875,1782053,815.015591430664,810.1905151367188,729.5276831054688,810.1673648391043,43.57925192167448,-4.043274638600906,-0.7547755583643465,-3.2884990802365595,839.1738061655675,815.015591430664,790.8573766957605,0.05928282842416935,14.572975398223068,0.018218668382124027,16.904712550842532,12.541245052415109,18.1830821450696,425125315.0,4409768.85,837.5899102406873,786.4922263461145,844.8053639204405,614.515019627513
2022-12-28,798.1253780432439,799.0089356394576,786.7867084569486,789.0936889648438,2907741,812.809213256836,810.9326831054688,730.0939294433593,808.1603480891747,38.580248228855176,-5.141059720103158,-1.632032390712109,-3.5090273293910488,837.9537297070644,812.809213256836,787.6646968066075,0.061870648216393126,14.468173412474195,0.018335178211162696,17.338273653003927,11.729797018303444,18.727148722489233,422217574.0,4364856.7,837.5899102406873,786.4922263461145,844.8053639204405,614.515019627513
2022-12-29,792.2842243662966,809.6603976577076,746.1932082358582,805.7335815429688,6110313,811.4421905517578,811.6709240722656,730.7128329467773,807.9292274657265,48.402163930684544,-4.615161333622268,-2.228658179294141,-2.386503154328127,834.9507424161346,811.4421905517578,787.933638687381,0.05794264123336177,17.96810312742957,0.02230030315109977,20.022646499458673,8.770357314191475,30.139397680895723,428327887.0,4166524.25,836.3627803380739,746.1932082358582,844.8053639204405,614.515019627513
2022-12-30,809.6113551115242,809.7095015507273,790.2226998104757,791.3516235351562,3113243,809.35361328125,812.1166174316406,731.2739987182617,806.3504080437674,42.13107615713234,-5.2978169535711,-2.8424899341495333,-2.455327019421567,832.1991074210123,809.35361328125,786.5081191414877,0.056453678008906376,18.076581599774002,0.02284266697908776,22.509303188991257,8.11443436945839,27.818634669938742,425214644.0,4246706.7,836.0191525113535,746.1932082358582,844.8053639204405,614.515019627513
2023-01-02,791.4988568756722,801.266823744217,790.860725302746,798.6162109375,1626846,807.8516052246093,812.5210778808594,731.8443655395508,805.6138178431705,45.941060927900736,-5.192775872106722,-3.3125471217409714,-1.8802287503657507,829.3325631205139,807.8516052246093,786.3706473287048,0.05318045481863505,17.528689945609504,0.02194882811736626,24.818341543557228,7.770347034810976,26.639003481702478,426841490.0,4227105.25,829.5889967753319,746.1932082358582,844.8053639204405,614.515019627513
2023-01-03,795.5238202464974,803.8192311116688,793.7076917960417,802.6411743164062,1717603,807.0785125732422,812.9167041015625,732.4216632080078,805.3307089358597,47.98443019589072,-4.730222095751969,-3.5960821165431716,-1.1341399792087978,828.1368185376853,807.0785125732422,786.0202066087991,0.052184033241826785,16.998893472039338,0.02117869605495502,26.61378055186399,8.51270866263112,25.50715951165053,428559093.0,4142881.75,829.5889967753319,746.1932082358582,844.8053639204405,614.515019627513
2023-01-04,803.9665345044845,805.4390905625847,791.4498080106325,796.9473266601562,2970216,805.9888214111328,813.1071557617188,732.9269985961914,804.5322915762689,45.37170899036099,-4.7681268179583185,-3.830491056826201,-0.9376357611321176,826.7740879834923,805.9888214111328,785.2035548387732,0.051577059185432636,16.783921263461686,0.02106026421319421,28.385203436575804,8.005902667882326,24.949489376438837,425588877.0,3950394.45,829.5889967753319,746.1932082358582,844.8053639204405,614.515019627513
2023-01-05,809.9058394107592,809.9058394107592,789.0446283956336,792.3333129882812,5297349,804.7371490478515,813.2014001464844,733.3559976196289,803.3704840916987,43.31357123965983,-5.111556089033684,-4.086704063267698,-1.0248520257659859,825.6456079881792,804.7371490478515,783.8286901075238,0.051963449096555724,17.075156245723395,0.021550471204251815,29.39755027471992,9.175781357932964,22.772238592101704,420291528.0,3910311.15,829.5889967753319,746.1932082358582,844.8053639204405,614.515019627513
2023-01-06,792.7750708354946,797.3890917217311,777.5095852799152,781.4364013671875,3199618,802.8277313232422,812.7871215820312,733.8023483276368,801.2815238322214,38.83331363205201,-6.191642557923046,-4.5076917621987675,-1.6839507957242787,824.8921133053383,802.8277313232422,780.7633493411462,0.05496666625037714,17.275466974015718,0.022107323057629337,30.91159399350959,8.421573899261377,25.669838361927543,417091910.0,3934069.65,829.5889967753319,746.1932082358582,844.8053639204405,614.515019627513
2023-01-09,788.0137957312377,806.4698185481618,786.3939601989077,804.4082641601562,4340729,802.3859619140625,812.8371887207031,734.3095590209961,801.5793086253581,50.46556275312563,-5.134790849973683,-4.633111579753751,-0.501679270219932,823.9465195616957,802.3859619140625,780.8254042664292,0.05374111380563366,17.82960627451276,0.022164872079139798,31.17696394247864,11.21488896653626,23.095453444470227,421432639.0,3863258.4,829.5889967753319,746.1932082358582,844.8053639204405,614.515019627513
2023-01-10,810.9856522122543,810.9856522122543,775.8406609188231,778.343994140625,8392344,800.1673095703125,812.0685144042968,734.7563299560547,799.3664215315739,40.94996079349868,-6.32745802222712,-4.9719808682484254,-1.3554771539786943,822.0328226121827,800.1673095703125,778.3017965284422,0.054652352777600915,19.06641949014979,0.02449613491423051,31.970437989100404,9.738294493015715,24.008204105055082,413040295.0,3922803.7,829.5889967753319,746.1932082358582,844.8053639204405,614.515019627513
2023-01-11,760.8205714670228,765.3855188632068,737.8978078940756,751.54345703125,28389020,797.0430328369141,810.6941271972656,735.0622567749024,794.811853483924,33.87663008827528,-9.327710669928592,-5.8431268285844595,-3.484583841344133,826.5977752823542,797.0430328369141,767.488290391474,0.0741609705569997,20.593545687035473,0.027401669849384597,33.99369177993896,8.372135271598582,33.80060997650757,384651275.0,4150770.95,829.5889967753319,737.8978078940756,844.8053639204405,614.515019627513
2023-01-12,751.0035976792288,755.2249131073286,739.7630743315797,743.0518188476562,12732671,793.6340728759766,809.6545043945313,735.3110647583007,789.882326375708,31.991104730042835,-12.249432905195931,-7.1243880439067535,-5.125044861289178,830.6441961071614,793.6340728759766,756.6239496447918,0.09326747551820018,20.226995193372147,0.02722151360148837,35.87242744286048,7.915007117082176,31.95505804037176,371918604.0,5195655.3,829.5889967753319,737.8978078940756,844.8053639204405,614.515019627513
2023-01-13,743.1499180940611,751.9361807606347,738.2413981594901,750.3163452148438,12279288,790.7650421142578,808.5873901367188,735.4803784179687,786.114137693721,35.30837417233111,-13.819430468718565,-8.463396528869117,-5.356033939849448,831.6619370588131,790.7650421142578,749.8681471697024,0.10343627440891895,19.760408579641602,0.026336103039289988,37.6575417791576,7.523190819653466,30.923233092773614,384197892.0,5682464.75,829.5889967753319,737.8978078940756,844.8053639204405,614.515019627513
2023-01-16,752.3779741606388,754.0468230360615,740.8429520902176,745.2606201171875,5779293,786.7768676757812,807.4633386230469,735.517392578125,782.2233264959559,34.06311370090387,-15.29530485854275,-9.829778194803843,-5.465526663738906,829.0654905870633,786.7768676757812,744.4882447644991,0.10749838905713384,19.292084462941762,0.025886359673624248,39.074729990127565,7.93686524316283,29.41148658284564,378418599.0,6080946.95,824.3858990678287,737.8978078940756,844.8053639204405,614.515019627513
2023-01-17,745.2605859029193,754.8321995219293,744.8678803511677,751.6907348632812,6594428,783.6722290039063,806.3441955566407,735.6131903076172,779.3154606261774,37.101498242397746,-15.764367607479471,-11.01669607733897,-4.747671530140501,826.6851121690545,783.6722290039063,740.6593458387581,0.10977263599048319,18.625815513500317,0.024778562046382027,40.297148779312074,7.934764434242079,28.28760313890184,385013027.0,6050053.15,817.8085673360672,737.8978078940756,844.8053639204405,614.515019627513
2023-01-18,754.1450197432637,765.7291148821483,751.9852589740073,762.3422241210938,5800899,781.833984375,805.50974609375,735.735612487793,777.6989619114074,41.87923196614131,-15.10252454853071,-11.833861771577318,-3.2686627769533914,825.1922386634587,781.833984375,738.4757300865413,0.11091422259706306,18.298141549597943,0.024002529271802985,40.1993469696871,11.753654592653978,26.737437427067075,390813926.0,6238331.4,810.9856522122543,737.8978078940756,844.8053639204405,614.515019627513
2023-01-19,761.8023042827073,762.2931562828894,751.6416918463194,757.87548828125,4169463,779.6447845458985,804.4544140625,735.8183526611328,775.8110120418686,40.49024965646067,-14.76819880525602,-12.42072917831306,-2.34746962694296,823.198884748616,779.6447845458985,736.0906843431809,0.11172806146092673,17.755455172824828,0.023427931695075118,40.12483856872104,11.247691941855582,25.724677859800536,386644463.0,6274409.5,810.9856522122543,737.8978078940756,844.8053639204405,614.515019627513
2023-01-20,761.6550744661251,761.6550744661251,744.4261801180418,750.4636840820312,6289718,777.4752197265625,803.2282666015625,735.818586730957,773.3969808075984,38.224764719521765,-14.929219155559508,-12.922427173762351,-2.006791981797157,822.286523988662,777.4752197265625,732.663915464463,0.11527391002342069,17.717843685343297,0.023609195303055604,40.3944597690343,10.466456532402539,26.846804960213174,380354745.0,6301540.95,810.9856522122543,737.8978078940756,844.8053639204405,614.515019627513
2023-01-23,753.8505766052888,761.8023555762649,749.8746272013396,758.562744140625,2685320,775.5952575683593,802.2622705078124,735.8651800537109,771.9841963631247,42.04093265145872,-14.239162283965811,-13.185774195803043,-1.0533880881627677,820.2675448263374,775.5952575683593,730.9229703103813,0.11519484375919026,17.304264020313433,0.02281190864431052,40.62723832451063,10.011932147037067,25.524994513773457,383040065.0,6475802.05,810.9856522122543,737.8978078940756,844.8053639204405,614.515019627513
2023-01-24,758.8572006373812,763.3239419045307,747.0767525032951,761.458740234375,5012125,773.6735717773438,801.092080078125,735.8820275878907,770.9817719699105,43.387637379964666,-13.30523014878304,-13.209665386399044,-0.09556476238399547,817.2939706447514,773.6735717773438,730.0531729099362,0.11276176531970562,17.2287586903793,0.022625991114208415,40.9794879512589,9.337537496008176,24.9656226893928,388052190.0,6308907.75,810.9856522122543,737.8978078940756,844.8053639204405,614.515019627513
2023-01-25,760.7715226474331,766.219967834119,753.9486679008371,762.2931518554688,6560514,772.333544921875,799.8217541503906,735.9677975463867,770.1542843399636,43.79287469229269,-12.355327632654848,-13.038797835650206,0.6834702029953572,815.6221496367722,772.333544921875,729.0449402069779,0.11209821196948261,16.87465449344377,0.022136699578593638,40.92890736259389,10.078373276739255,23.668831507421743,394612704.0,6470411.35,810.9856522122543,737.8978078940756,844.8053639204405,614.515019627513
2023-01-27,760.7714906767867,764.6492332764369,751.788875535727,760.3297119140625,6745926,770.0633514404296,798.4149694824218,736.0452163696289,769.2186107755921,43.01265596963952,-11.626928247736032,-12.756423918067371,1.1294956703313392,810.7941026796054,770.0633514404296,729.3326002012539,0.10578545560696412,16.587919011105637,0.021816744434920245,41.00287738292642,9.520258466555056,23.28813101983096,387866778.0,6653050.0,810.9856522122543,737.8978078940756,844.8053639204405,614.515019627513
2023-01-30,757.4828091700936,760.7715536372532,749.0401784394701,756.1084594726562,5420851,768.3011932373047,797.0975244140625,736.1213208007813,767.9700249372173,41.30868319645881,-11.260482448635571,-12.457235624181012,1.1967531755454406,808.2371793474143,768.3011932373047,728.365207127195,0.10395919324773101,16.24102302443974,0.021479753097547613,41.22659501632756,9.029060855054484,23.29546653142147,382445927.0,6684830.65,810.9856522122543,737.8978078940756,844.8053639204405,614.515019627513
2023-01-31,760.8206863464044,764.7475027920633,754.3414631784528,756.2066650390625,8537557,766.1807159423828,795.5091284179688,736.2780590820313,766.8497049469169,41.36687862476074,-10.837222390497345,-12.13323297744428,1.2960105869469345,803.8948081837284,766.1807159423828,728.4666237010372,0.09844698895862508,15.824238495094793,0.02092581198590385,40.86756950103836,10.399644300930595,22.201243046270367,390983484.0,6800211.05,810.9856522122543,737.8978078940756,844.8053639204405,614.515019627513
2023-02-01,761.7532731784574,770.2941104374823,742.7572637701757,755.028564453125,4472974,763.8000854492187,793.9678540039063,736.4337939453125,765.7238820427463,40.84367496010127,-10.476086808891182,-11.801803743733661,1.3257169348424789,797.8395366640646,763.8000854492187,729.7606342343729,0.08913183400555914,16.6608533645385,0.022066520591318462,41.20540579186214,9.171901450054687,24.546637037755993,386510510.0,7145746.6,810.9856522122543,737.8978078940756,844.8053639204405,614.515019627513
2023-02-02,751.1016844676569,766.710801578572,751.0526112527833,763.520263671875,2841909,762.1287322998047,792.6818200683593,736.6864752197266,765.5140136264728,46.132306600438994,-9.396359714012988,-11.320714937789527,1.924355223776539,792.5881855725382,762.1287322998047,731.6692790270712,0.07993256777190089,16.589234576056374,0.021727300983835636,41.51911091905565,8.553534081851002,22.891708730256813,389352419.0,7283515.15,810.9856522122543,737.8978078940756,844.8053639204405,614.515019627513
2023-02-03,765.6310354451344,780.4056698555185,764.1584793261235,778.3931884765625,5493687,761.4317260742188,791.5931115722656,737.042841796875,766.7406017074337,53.90516658971711,-7.256894516067632,-10.507950853445148,3.2510563373775163,789.6501277120084,761.4317260742188,733.2133244364292,0.07411932198643136,16.610389690884023,0.0213393307351432,40.0630830455871,13.821566204322924,21.22951413251495,394846106.0,7277099.8,810.9856522122543,737.8978078940756,844.8053639204405,614.515019627513
2023-02-06,775.2516542682598,780.1111010111111,764.5510567908078,774.8098754882812,2407975,761.1003997802734,790.4621887207031,737.3038363647461,767.5091039722763,51.95983657895851,-5.783824020832981,-9.563125486922715,3.779301466089734,788.515662904543,761.1003997802734,733.6851366560038,0.07204112133480488,16.535365014413973,0.02134119031974582,38.71105716308059,12.892543638163138,19.802563133897596,392438131.0,7286916.7,810.9856522122543,737.8978078940756,844.8053639204405,614.515019627513
2023-02-07,779.3748110122416,781.2890858319015,768.6742136996157,771.5211791992188,4126502,759.4560455322265,789.4510327148438,737.5659793090821,767.8912063748423,50.17032896405879,-4.826142578727172,-8.615728905283607,3.789586326556435,779.138152988265,759.4560455322265,739.7739380761881,0.051832117399882575,16.25532980854767,0.021069194529979705,37.312971062625586,12.695512405486948,18.704871287733848,388311629.0,7247334.55,810.9856522122543,737.8978078940756,844.8053639204405,614.515019627513
2023-02-08,763.7657278334337,766.7108398944881,751.0035755688649,760.9187622070312,9951783,758.5847839355469,788.25826171875,737.7604504394532,767.227164073146,44.81203829580374,-4.8666004388048805,-7.865903211987862,2.9993027731829818,776.2886240364712,758.5847839355469,740.8809438346225,0.046675969452159675,16.559777938676685,0.021762872413140854,37.22941546078673,11.571957434845677,24.671500115552515,378359846.0,7236623.2,781.2890858319015,737.8978078940756,844.8053639204405,614.515019627513
2023-02-09,755.9120975951042,760.9187641442599,747.3712606126107,752.6234130859375,5913945,758.6387817382813,786.6463049316407,737.9105126953125,765.8363306457928,41.112342516937204,-5.5045756101917505,-7.393637691628641,1.8890620814368901,776.2627944151656,758.6387817382813,741.014769061397,0.04646219808721636,16.34461548103186,0.021716857590192408,37.354724162275765,10.886842623100575,24.798209650097636,372445901.0,7314595.15,781.2890858319015,738.2413981594901,844.8053639204405,614.515019627513
2023-02-10,754.881364808795,759.0536071516088,747.0768053838391,757.8264770507812,2954992,759.3775146484375,785.1413537597656,738.0037588500977,765.0734874462679,44.2228877499362,-5.5266242673855,-7.0202350067800126,1.4936107393945122,775.5009200869641,759.3775146484375,743.2541092099108,0.04246479551344417,16.032628787227424,0.0211560684044998,37.48794191562747,10.305931043595114,23.606186442530177,375400893.0,6190841.4,781.2890858319015,738.2413981594901,844.8053639204405,614.515019627513
2023-02-13,756.893772222126,765.3364025233691,752.6724570715045,754.5376586914062,3705892,759.5885803222657,783.5696435546874,738.0991305541992,764.0700751839001,42.687976675296085,-5.743273263742367,-6.764842658172484,1.0215693944301174,775.3381800281802,759.5885803222657,743.8389806163511,0.04146876378587091,15.792008548987223,0.020929384195846876,36.799862826441974,12.557367209937347,22.25402216586271,371695001.0,5701957.45,781.2890858319015,740.8429520902176,844.8053639204405,614.515019627513
2023-02-14,754.9304514168589,763.3730826928872,752.1816919259518,761.0170288085938,3502010,760.3764007568359,782.2168566894532,738.2520666503906,763.7793088624423,46.61895607157051,-5.330689268477045,-6.478011980233397,1.1473227117563525,774.691331809272,760.3764007568359,746.0614697043998,0.03765222339406601,15.463392993126382,0.02031937842092051,36.19607846907419,11.908210089020594,21.330287807618628,375197011.0,5273287.65,781.2890858319015,742.7572637701757,844.8053639204405,614.515019627513
2023-02-15,760.8206492791339,772.7483776190879,758.0718898847854,771.0303955078125,3602838,761.3433837890625,781.2754040527344,738.4958737182617,764.4698885429539,52.0882252734012,-4.147904016767825,-6.011990387540283,1.8640863707724584,775.7929647077406,761.3433837890625,746.8938028703844,0.03795811778586747,15.407185474638965,0.019982591561116803,34.50737007691106,15.444402409186504,19.878953354923716,378799849.0,5159423.5,781.2890858319015,742.7572637701757,844.8053639204405,614.515019627513
2023-02-16,775.2025900854295,776.0370145207571,766.318120921805,770.0977172851562,3399428,761.7311584472657,780.3025354003906,738.7235339355469,765.0058722326875,51.55834517736721,-3.2483525351359503,-5.459262817059417,2.210910281923467,776.674954704363,761.7311584472657,746.7873621901683,0.039236405367897,15.000878912089906,0.019479188907315374,32.582184450673104,16.29559627922683,18.959000437272977,375400421.0,5009844.0,781.2890858319015,742.7572637701757,844.8053639204405,614.515019627513
2023-02-17,771.5702619489032,773.0428179320419,756.2065705574408,762.587646484375,3093216,761.9667663574219,779.206953125,739.0062481689453,764.7755650185625,47.37888881673807,-3.105651437792858,-4.988540541206105,1.8828891034132473,776.8082109666924,761.9667663574219,747.1253217481514,0.03895562185794526,15.13197665941213,0.019842934420944855,31.64116653482068,15.000530414738748,22.225293640041773,372307205.0,4889770.45,781.2890858319015,742.7572637701757,844.8053639204405,614.515019627513
2023-02-20,766.9562688387239,779.2766423576574,762.8821731712691,764.8947143554688,3381774,762.6883178710938,778.1123522949218,739.3173574829102,764.7869125744583,48.753210847516435,-2.774416942319476,-4.54571582142878,1.7712988791093034,776.596456757066,762.6883178710938,748.7801789851216,0.03647135680481975,15.243192317545716,0.01992848431485142,30.098257293897174,16.748564387646578,20.487197679777786,375688979.0,4835958.1,781.2890858319015,742.7572637701757,844.8053639204405,614.515019627513
2023-02-21,768.723324889558,773.5827717976128,763.9130111175261,764.7965087890625,2769616,763.0000061035156,777.1434094238281,739.670491027832,764.7878264996586,48.694910320437046,-2.4911195116496856,-4.134796559472961,1.6436770478232754,776.8033589977507,763.0000061035156,749.1966532092805,0.036181789734776,14.845090057727216,0.01941050970699661,28.665555855896773,15.969304286284627,19.533990266231264,372919363.0,4690560.9,781.2890858319015,742.7572637701757,844.8053639204405,614.515019627513
2023-02-22,762.7840679552911,767.3490158814816,752.4761751450844,758.0228271484375,3261898,762.8282104492188,775.8495251464843,739.9836474609375,764.1435408471614,44.722377442955285,-2.7811246810420016,-3.8640621837867695,1.0829375027447679,776.7886494863603,762.8282104492188,748.8677714120772,0.03660179014334158,14.847072249060783,0.01958657670628882,28.25434550808151,14.826659963952707,23.638491990575083,369657465.0,4694775.7,781.2890858319015,742.7572637701757,844.8053639204405,614.515019627513
2023-02-23,759.8389681486808,763.2749324749345,747.9112394487292,748.9911499023438,4062194,762.1631103515625,774.5487683105468,740.2118176269531,762.7004559952741,40.03285319927424,-3.697118657535839,-3.8306734785365832,0.13355482100074445,777.3736335814176,762.1631103515625,746.9525871217074,0.03991408931570812,14.883973733142533,0.019872028841840333,28.191474661884506,13.733479106790377,24.086332431782154,365595271.0,4607264.35,781.2890858319015,742.7572637701757,844.8053639204405,614.515019627513
2023-02-24,761.5078390836892,761.605985520727,741.186553384682,743.2481079101562,4357223,761.3090301513672,773.1891101074219,740.3956353759766,760.847851415739,37.3508306021525,-4.830779753509887,-4.030694733531244,-0.8000850199786429,778.6100531985181,761.3090301513672,744.0080071042163,0.04545072332508927,15.279363619064135,0.020557554679858134,28.56968362582689,12.422514613371087,24.930792507903302,361238048.0,4482348.35,781.2890858319015,741.186553384682,844.8053639204405,614.515019627513
2023-02-27,739.2231464371894,740.5975560685999,724.9393645554616,739.125,6719439,760.4598571777344,771.8176708984375,740.6441119384766,758.7790084237638,35.51140938927138,-5.992833040869641,-4.423122394998924,-1.5697106458707175,780.1945492502232,760.4598571777344,740.7251651052457,0.05190199557864731,15.495747885894888,0.020964989529369035,29.774345362327292,11.37411349460268,30.31599057213726,354518609.0,4362913.2,781.2890858319015,724.9393645554616,844.8053639204405,614.515019627513
2023-02-28,741.1865879879853,743.2481426097058,726.1174541730979,728.6698608398438,10562614,759.0830169677735,769.8905859375,740.9160583496093,755.9114705586285,31.301815044167753,-7.669007452108303,-5.0722994064208,-2.596708045687503,783.1740559677795,759.0830169677735,734.9919779677674,0.06347405609531329,15.61252935380296,0.021426067129781397,30.57512691589554,11.69534020206134,27.939996919083928,343955995.0,4427842.6,781.2890858319015,724.9393645554616,844.8053639204405,614.515019627513
2023-03-01,728.817146289175,739.664964587885,727.4427365846527,736.4744262695312,3744982,758.1553100585937,768.344404296875,741.2109014892578,754.0603234834763,37.27890210332229,-8.2722669998318,-5.712292925103,-2.5599740747287996,784.1529552845727,758.1553100585937,732.1576648326147,0.0685813180520223,15.370364971619344,0.0208701951125105,31.31870978706606,11.031060434800025,26.35304225765221,347700977.0,4529095.45,781.2890858319015,724.9393645554616,844.8053639204405,614.515019627513
2023-03-02,737.2597411733232,738.04509242923,722.337827637255,726.5591430664062,4910541,756.3072540283204,766.8934448242187,741.3884854125977,751.4411634437554,33.31334962012929,-9.441598160265244,-6.45815397213545,-2.983444188129794,785.5668391449424,756.3072540283204,727.0476689116983,0.07737486308845155,15.394429244501884,0.02118812954377048,32.278827081340175,10.227115688509208,26.80105535006543,342790436.0,4492695.85,781.2890858319015,722.337827637255,844.8053639204405,614.515019627513
2023-03-03,731.369469487613,751.8871067600842,729.945986724382,750.41455078125,5759333,754.9083221435546,765.8685461425781,741.7386129760743,751.343390809231,47.72206900581679,-8.347148759873676,-6.835952929683095,-1.511195830190581,782.4343529098162,754.9083221435546,727.3822913772931,0.07292549296079202,16.10396741944303,0.021460094827155645,31.5429178179894,15.217764394285144,23.790190568476863,348549769.0,4596127.45,781.2890858319015,722.337827637255,844.8053639204405,614.515019627513
2023-03-06,752.6724861384948,761.7041751304351,751.1017237512027,752.5742797851562,4597345,753.7965423583985,765.0429321289063,742.2065600585937,751.4606183307476,48.80063848175136,-7.222263881649724,-6.913215120076421,-0.30904876157330285,779.7698620965838,753.7965423583985,727.8232226202132,0.06891334273548863,15.760085771567468,0.02094156842041776,29.924601977158577,18.888447796322154,22.57290969012124,353147114.0,4609409.75,781.2890858319015,722.337827637255,844.8053639204405,614.515019627513
2023-03-08,750.0218742423356,755.8139519505957,746.7822629472319,752.5252075195312,3546995,752.8467437744141,764.1701965332031,742.6075570678711,751.5620077772984,48.77601453984615,-6.262553415550997,-6.783082779171337,0.5205293636203399,777.5144468910028,752.8467437744141,728.1790406578255,0.06553180529922084,15.279486002410062,0.02030428462692194,28.736798794373016,18.09095188660678,23.639113189276525,349600119.0,4718878.25,779.2766423576574,722.337827637255,844.8053639204405,614.515019627513
2023-03-09,780.4546598138514,780.4546598138514,756.1084132272488,759.2498779296875,5240056,752.7632995605469,763.3573449707031,743.0521951293945,752.2941858870497,52.326050736093606,-4.902834431722681,-6.407033109681605,1.5041986779589243,777.3323096014018,752.7632995605469,728.194289519692,0.06527685410592665,16.183055023260785,0.021314530951771143,27.588910847858834,26.736681305585297,20.72500915024596,354840175.0,4689902.9,780.4546598138514,722.337827637255,844.8053639204405,614.515019627513
2023-03-10,758.8572278246163,764.6983788840605,754.1450603858527,759.593505859375,4113931,753.1118041992188,762.7673413085937,743.5359350585937,752.9893592177474,52.50718036829857,-3.7542428638852243,-5.8764750605223295,2.122232196637105,777.8600740867621,753.1118041992188,728.3635343116755,0.06572269814269623,15.780930985756997,0.020775494871961887,26.367825925329083,25.459549006494246,20.623700903506307,358954106.0,4454316.55,780.4546598138514,722.337827637255,844.8053639204405,614.515019627513
2023-03-13,763.2258238497783,763.5693962990811,749.1874679516965,751.298095703125,3447889,752.7853851318359,761.6786315917968,743.9293301391601,752.8282865020691,47.78706291134076,-3.4733079116464296,-5.3958416307471495,1.92253371910072,777.4483724707368,752.7853851318359,728.1223977929351,0.06552461784199383,15.681002225873254,0.02087187804089629,24.840715172654537,23.791664498431103,21.530852536030853,355506217.0,4364315.85,780.4546598138514,722.337827637255,844.8053639204405,614.515019627513
2023-03-14,750.0218589372971,762.5385849863162,750.0218589372971,757.6791381835938,3753502,752.9424591064453,761.0051818847656,744.3279974365234,753.2902723765,51.40579975950364,-2.7045912935114984,-4.85759156330002,2.1530002697885218,777.6879622697595,752.9424591064453,728.1969559431311,0.06573013080622636,15.4549824989551,0.020397793366735396,23.422683759456746,22.415345766651015,20.285319014889936,359259719.0,4388960.7,780.4546598138514,722.337827637255,844.8053639204405,614.515019627513
2023-03-15,744.1316729899942,751.5435266145797,738.7323006925733,742.806396484375,8101060,752.0319274902344,759.8889855957032,744.6975039672851,752.2918080058214,43.78817154685349,-3.2579284229045697,-4.5376589352209304,1.2797305123163607,776.8619873659142,752.0319274902344,727.2018676145545,0.06603458967106751,15.704400712674055,0.021141983681079404,22.26540331415279,20.48367650620416,23.672054797094802,351158659.0,4391341.2,780.4546598138514,722.337827637255,844.8053639204405,614.515019627513
2023-03-16,736.2780746781632,745.1134115743012,729.8969980309524,732.3021850585938,7465693,750.0955169677734,758.4822058105469,744.9428979492187,750.3880343917997,39.35270466263499,-4.492270066247329,-4.52858116142621,0.0363110951788812,774.7368911271953,750.0955169677734,725.4541428083514,0.06570196355534447,15.669544486293674,0.021397648137619452,21.782328578541254,19.062867164512173,26.057603634962327,343692966.0,4621293.7,780.4546598138514,722.337827637255,844.8053639204405,614.515019627513
2023-03-17,736.2780314382841,745.5551466180983,725.6265665508607,743.3953857421875,9306857,748.760400390625,757.4111669921875,745.238137512207,749.7220678537414,45.6176669896698,-4.5232252016138546,-4.52750996946374,0.004284767849885185,771.7610074162448,748.760400390625,725.7597933650053,0.061436494274057264,15.973761313503953,0.021487571243876024,21.6017324569576,17.364117628841996,25.645106224901436,352999823.0,4814436.45,780.4546598138514,722.337827637255,844.8053639204405,614.515019627513
2023-03-20,741.1374529084437,745.8986933804077,735.099949291167,740.9901733398438,3566109,747.6805267333984,756.3843041992187,745.5484725952149,748.8904588524179,44.54325650185236,-4.687799870231856,-4.559567949617364,-0.12823192061449262,770.0009244418043,747.6805267333984,725.3601290249926,0.05970570828137845,15.604117226056578,0.02105846715311296,21.401395977265953,16.663038986951577,24.377423676524923,349433714.0,5109807.9,780.4546598138514,722.337827637255,844.8053639204405,614.515019627513
2023-03-21,746.0950764759731,751.9853007639413,741.3338358105827,743.1008911132812,5332221,746.5908355712891,755.6175939941406,745.8630087280274,748.3390714486906,45.75077045843575,-4.594941570325432,-4.566642673758977,-0.028298896566454346,767.5283475517352,746.5908355712891,725.6533235908429,0.056088317677847874,15.274903668773788,0.020555625556967903,20.637255218970626,18.652523132433817,23.124047151181134,354765935.0,5133452.55,780.4546598138514,722.337827637255,844.8053639204405,614.515019627513
2023-03-22,747.0767841934193,749.2365450933078,739.3704313461932,742.85546875,2680654,745.493783569336,754.3865380859374,746.222498474121,747.8168235726248,45.62636989067213,-4.48940318689597,-4.551194776386376,0.061791589490406196,764.7308987674837,745.493783569336,726.2566683711882,0.05160905596299605,14.888561531512417,0.020042339536875647,20.0751656933077,17.769640589608795,22.971465812715728,352085281.0,5230974.9,780.4546598138514,722.337827637255,844.8053639204405,614.515019627513
2023-03-23,744.1316329020864,751.7889121276777,743.002649333335,749.580078125,2454948,745.071646118164,753.811259765625,746.6329592895507,747.9847525776129,49.66497895918323,-3.8191190538741466,-4.4047796318839305,0.5856605780097839,763.5458977964811,745.071646118164,726.597394439847,0.04959053743238845,14.46319594909565,0.019295064491673654,19.300681112786943,18.246183285228636,21.95798555830988,354540229.0,5226526.8,780.4546598138514,722.337827637255,844.8053639204405,614.515019627513
2023-03-24,749.5800945982828,752.9669854605127,744.9660737075972,748.500244140625,2336818,745.0471008300781,753.7503955078125,747.0265365600586,748.0338470121854,49.03514572810724,-3.3365855460850753,-4.191140814724159,0.8545552686390838,763.5017511948565,745.0471008300781,726.5924504652996,0.04953955352411303,14.001604220797068,0.018706211962392503,18.46178743185728,18.102430527816104,21.061741803699448,352203411.0,5186179.3,780.4546598138514,722.337827637255,844.8053639204405,614.515019627513
2023-03-27,749.0401793612314,755.6176083851856,745.4569356629584,747.8130493164062,2258853,745.2753479003907,753.8456201171875,747.5241879272461,748.0128186602066,48.61264048933432,-2.9753274214461953,-3.947978136068566,0.9726507146223708,763.7482619175785,745.2753479003907,726.8024338832029,0.049573393428966044,13.727251970899221,0.01835652905956593,17.40739820926589,18.524580468102172,19.94820363950549,349944558.0,5099910.5,780.4546598138514,722.337827637255,844.8053639204405,614.515019627513
2023-03-28,751.5925972089484,751.5925972089484,729.2097568378593,734.7564086914062,4166723,745.056918334961,753.5344213867188,747.8927835083008,746.7503034250827,41.32661456920013,-3.6999389414988855,-3.89837029715463,0.19843135565574466,763.9148600822326,745.056918334961,726.1989765876893,0.05062147946874987,14.345508285198495,0.019524168983769328,17.74460484908325,16.460058053959198,25.81475086078323,345777835.0,4994992.0,780.4546598138514,722.337827637255,844.8053639204405,614.515019627513
2023-03-29,737.2596895776147,741.0883590701005,725.3319622435639,729.9950561523438,4891868,745.123178100586,753.2291101074219,748.2522320556641,745.1545655895837,39.02932314315065,-4.6053129681149585,-4.0397588313466954,-0.565554136768263,763.7583387741435,745.123178100586,726.4880174270285,0.0500190068467898,14.446286038151218,0.01978956695171974,18.318486474004587,15.177715580007808,25.720965020201874,340885967.0,4867356.2,780.4546598138514,722.337827637255,844.8053639204405,614.515019627513
2023-03-31,738.3887173758151,739.2231418421177,728.4734706244667,735.2963256835938,5796532,745.0642730712891,752.9012219238281,748.6482052612305,744.2156855985371,42.83926457814829,-4.839276097949551,-4.199662284667267,-0.639613813282284,763.8155012485961,745.0642730712891,726.3130448939821,0.05033452510079713,14.1822421224012,0.01928779136658433,18.851376554288684,14.355986492362378,24.328419152017954,346682499.0,4583818.9,780.4546598138514,722.337827637255,844.8053639204405,614.515019627513
2023-04-03,741.1865642242252,747.9603461957778,738.2905252677364,746.635009765625,2120667,746.06806640625,752.5870776367187,749.0483386230469,744.4460974239742,50.03145880717814,-4.062921687738367,-4.172314165281487,0.10939247754312031,762.7888208561321,746.06806640625,729.3473119563678,0.044823670125501314,14.073797721671404,0.018849635414349628,18.36571896079071,17.867658839786596,22.764745369903853,348803166.0,4686396.4,780.4546598138514,725.3319622435639,844.8053639204405,614.515019627513
2023-04-05,753.9487362257178,753.9487362257178,742.1682872221909,749.4819946289062,3197932,746.0214385986328,752.4192077636719,749.4624627685547,744.9257066815868,51.67559321177315,-3.181255802465216,-3.9741024927182336,0.7928466902530173,762.6985944910789,746.0214385986328,729.3442827061867,0.04470958883909115,13.909987098946795,0.01855946800407673,17.318088375120297,19.861857871322105,21.387631419839604,352001098.0,4546902.7,780.4546598138514,725.3319622435639,844.8053639204405,614.515019627513
2023-04-06,748.6474737904638,754.6359043603734,745.2115096649032,751.9362182617188,1777379,745.989535522461,752.4486584472656,750.0251995849609,745.5933744511233,53.10795740747749,-2.2584597814432072,-3.6309739504632286,1.3725141690200213,762.6187999561417,745.989535522461,729.3602710887802,0.04458310376172849,13.589587641555605,0.018072793026210655,16.277674357126994,19.239169080757392,20.32817805946243,353778477.0,4418832.65,780.4546598138514,725.3319622435639,844.8053639204405,614.515019627513
2023-04-10,754.8813357611016,762.0968365089319,752.4270756538859,755.6666870117188,1701065,746.1466094970704,752.3907373046875,750.65814453125,746.5527375521324,55.277875339256376,-1.2121467617656663,-3.1472085127237164,1.93506175095805,763.0764706060646,746.1466094970704,729.2167483880761,0.04537944927580813,13.34466125624543,0.01765945420859671,15.626216849540729,22.18636888416191,19.22261631909172,355479542.0,4277834.35,780.4546598138514,725.3319622435639,844.8053639204405,614.515019627513
2023-04-11,761.8023345601598,761.8023345601598,754.0959818183976,759.9862060546875,3485481,746.1834259033203,752.3612866210938,751.326125793457,747.8321155047566,57.71770432699026,-0.03399519292941022,-2.5245658487648552,2.490570655835445,763.2299074532132,746.1834259033203,729.1369443534275,0.04568978875202596,12.941924933782342,0.01702915767506846,15.021292021067769,21.242724843821197,18.405028392740412,358965023.0,4185537.85,764.6983788840605,725.3319622435639,844.8053639204405,614.515019627513
2023-04-12,759.838908975374,760.3788342009026,751.1017192587907,756.991943359375,3794841,746.0533477783204,752.2552624511719,751.9136526489258,748.7044800623394,55.45905597153058,0.6505868775346926,-1.8895353035049458,2.5401221810396386,762.724089003306,746.0533477783204,729.3826065533348,0.044690480311172266,12.680152791520168,0.01675071036456247,14.130760079431935,20.132603024200986,19.12989962691074,355170182.0,4097809.1,763.5693962990811,725.3319622435639,844.8053639204405,614.515019627513
2023-04-13,755.9121523420973,757.0411360175258,751.4454106983138,753.01611328125,4292170,746.1392486572265,752.1089904785156,752.5372543334961,749.1151117974737,52.52013437707972,0.8623660219222984,-1.339155038419497,2.201521060341795,762.9344456396158,746.1392486572265,729.3440516748373,0.045018934502143865,12.174122257783868,0.016167147081003905,13.303837562198662,19.471619516380684,18.501836373269565,350878012.0,4081854.6,762.5385849863162,725.3319622435639,844.8053639204405,614.515019627513
2023-04-17,774.5644531711364,774.5644531711364,740.548385727987,745.75146484375,9083437,745.5428649902344,751.9018505859375,753.0397463989258,748.7947644685476,47.56066807000852,0.43894620530932116,-0.9835347896737333,1.4224809949830544,761.4818804229792,745.5428649902344,729.6038495574896,0.042758146261525985,13.73426119959569,0.018416673445587256,14.107324400107602,25.14036165393478,15.228688686260696,341794575.0,4124068.65,774.5644531711364,725.3319622435639,844.8053639204405,614.515019627513
2023-04-18,751.0036167999599,751.0036167999599,738.7813890918761,745.8496704101562,4051481,745.6950286865234,751.6947106933594,753.4889749145508,748.5142793201294,47.632658675635255,0.11003885906893629,-0.7648200599251995,0.8748589189941358,761.5846722237408,745.6950286865234,729.8053851493061,0.04261700273154716,13.626258807344838,0.018269444028649245,14.640534350089249,23.52965214527669,15.179262913455734,345846056.0,4390565.4,774.5644531711364,725.3319622435639,844.8053639204405,614.515019627513
2023-04-19,747.4203628437542,752.8197351790287,742.1682700850079,750.6600341796875,3429794,746.6129211425781,751.6073400878906,753.899948425293,748.7186369258017,51.16889838982452,0.23482663654601765,-0.5648907206309561,0.7997173571769738,761.3834075704959,746.6129211425781,731.8424347146603,0.039566650963698394,13.41377354210741,0.017869305586204313,15.280202472963563,23.162154457831214,14.318306776690243,349275850.0,4188086.45,774.5644531711364,725.3319622435639,844.8053639204405,614.515019627513
2023-04-20,750.0219121193314,759.593526835514,748.6475024491103,758.1700439453125,2355441,747.3516540527344,751.5003356933594,754.3621551513672,749.6187709276599,56.14765873930088,0.9290078493594365,-0.26611100663287757,1.195118855992314,762.8638194319476,747.3516540527344,731.8394886735211,0.04151235979767743,13.237505745271429,0.01745981109512982,16.38667941773582,25.449193303946064,13.47261155409653,351631291.0,3986291.5,774.5644531711364,725.3319622435639,844.8053639204405,614.515019627513
2023-04-21,755.5194130415359,761.0660648923665,750.4636731342493,751.199951171875,4524208,747.8621429443359,750.9564709472656,754.7570141601562,749.769359522347,50.954951553580436,0.9062762381629454,-0.03163355767371295,0.9379097958366585,763.1740033763543,747.8621429443359,732.5502825123175,0.04094835011098589,13.049283317617553,0.01737125155194781,17.52049748553087,24.778283379141662,12.690730050258257,347107083.0,3638720.7,774.5644531711364,725.3319622435639,844.8053639204405,614.515019627513
2023-04-24,751.1999008077828,753.3596615570425,741.8246397409381,746.3404541015625,5271105,748.02412109375,750.3870825195313,755.1415032958985,749.44279710132,47.64645828789212,0.4904864489880083,0.0727904436586313,0.417696005329377,763.1990123880282,748.02412109375,732.8492297994717,0.04057326726868049,12.941121781795186,0.01733943498664237,17.442964063114,23.200709612114927,16.651059563293114,341835978.0,3686625.65,774.5644531711364,725.3319622435639,844.8053639204405,614.515019627513
2023-04-25,750.9545384090085,762.7840604385525,747.8130734093531,758.4645385742188,5773233,748.804574584961,750.1259497070313,755.6428109741211,750.3020105749295,55.42316017833262,1.126299062706721,0.28349216746824923,0.8428068952384719,764.4346214565663,748.804574584961,733.1745277133556,0.0417466650234305,13.191299250023388,0.0173921107436621,18.10660866578541,26.238082645001235,15.168461811531639,347609211.0,3683569.85,774.5644531711364,725.3319622435639,844.8053639204405,614.515019627513
2023-04-26,765.631014351457,765.631014351457,753.0651545473258,759.2990112304688,5057352,749.2905212402344,750.0935546875,756.1069973754883,751.1588677802189,55.908617373262544,1.6781751507319314,0.5624287641209857,1.1157463866109456,765.5773302449072,749.2905212402344,733.0037122355616,0.04347261454132558,13.146625003888229,0.017314160573689796,18.92458561675142,25.993540377947195,14.132863242579798,352666563.0,3838198.8,774.5644531711364,725.3319622435639,844.8053639204405,614.515019627513
2023-04-27,757.8755208747218,774.7608423908557,757.2373892796585,772.1102294921875,4129769,750.4710205078125,750.483291015625,756.6227786254883,753.1542355623111,62.63615624435081,3.113409723188056,1.0726249559343999,2.040784767253656,769.542169996863,750.4710205078125,731.3998710187619,0.05082447947462615,13.45925558298173,0.017431779905096978,20.275284718695673,28.421430003323337,12.818544287061432,356796332.0,3968319.0,774.7608423908557,725.3319622435639,844.8053639204405,614.515019627513
2023-04-28,775.3988499366408,787.3756502492918,772.7973703900296,784.6759643554688,6572656,752.3141662597657,751.0202807617187,757.1549639892578,756.1563049711833,67.82224951060545,5.204795605537242,1.8990590858549683,3.305736519682274,776.4534013830116,752.3141662597657,728.1749311365197,0.06417328346549026,13.588267381133338,0.017317042955807514,22.190271497055093,32.771904229731504,11.789923331797056,363368988.0,4057966.55,787.3756502492918,725.3319622435639,844.8053639204405,614.515019627513
2023-05-02,785.6086674477704,792.0388170033259,774.122718058094,775.7425537109375,6301210,754.3634735107422,751.4443786621093,757.6774230957031,758.0216619940171,61.307245753091905,6.071395141654193,2.733526297014813,3.33786884463938,779.1430402754445,754.3634735107422,729.5839067460399,0.06569662406738844,13.897398207140375,0.0179149617881075,24.179854698243556,32.15088355069515,10.704265684533034,357067778.0,4273656.7,792.0388170033259,725.3319622435639,844.8053639204405,614.515019627513
2023-05-03,779.9638442468628,779.9638442468628,762.9803766767839,765.0419311523438,3908267,756.1158172607422,751.5248767089844,758.1055740356445,758.6902590567148,54.54800683543911,5.827554287594012,3.352331895130653,2.4752223924633587,778.6055045236584,756.1158172607422,733.6261299978261,0.05948741383136738,14.117831733064556,0.018453670522084433,24.678995764239026,29.38825025495135,15.42189921478093,353159511.0,4380381.05,792.0388170033259,728.4734706244667,844.8053639204405,614.515019627513
2023-05-04,765.0419707764087,778.1968292991446,759.4953787246694,774.6626586914062,2457671,758.0841339111328,751.5975219726563,758.7509118652343,760.2114399743044,58.932029462977916,6.337565453055049,3.9493786067155328,2.3881868463395164,779.8188014021164,758.0841339111328,736.3494664201492,0.05734104308145692,14.445233078879602,0.01864712712922179,24.76160239160341,26.670582047571493,15.719021005525542,355617182.0,4331201.0,792.0388170033259,738.2905252677364,844.8053639204405,614.515019627513
2023-05-05,774.6626241134201,776.4788125153248,765.9745674376467,772.8955688476562,1438467,759.3971618652344,751.6534790039062,759.3754415893554,761.419452247957,57.82871628682138,6.523959450390066,4.46429477545044,2.0596646749396266,781.3780361323454,759.3971618652344,737.4162875981233,0.05789032503919701,14.163733935936637,0.018325546822650265,24.838308545584624,25.257746726345133,14.886328713617809,354178715.0,4164257.95,792.0388170033259,738.7813890918761,844.8053639204405,614.515019627513
2023-05-08,775.4480026829336,780.7491682574505,770.8339819640062,779.2275390625,2489174,760.8844390869141,751.9862768554688,760.126923828125,763.1154605160087,60.670132209243384,7.100761950336619,4.991588210427675,2.109173739908943,783.9776745272404,760.8844390869141,737.7912036465877,0.060701032256722104,13.860266247187186,0.017787187377723678,25.19886824077909,26.167852465805673,14.12567169907492,356667889.0,4130147.95,792.0388170033259,738.7813890918761,844.8053639204405,614.515019627513
2023-05-09,782.3199323269688,783.7433551753904,776.0370028337971,779.0802612304688,2486331,762.2416412353516,752.2699877929688,760.8867102050781,764.6359177269097,60.56791034865976,7.460003717820996,5.48527131190634,1.974732405914656,786.2444116988657,762.2416412353516,738.2388707718375,0.06297942585401992,13.420700968216194,0.01722633935946435,25.732033307888624,26.68815741911829,13.546303392113117,354181558.0,4094710.05,792.0388170033259,738.7813890918761,844.8053639204405,614.515019627513
2023-05-10,782.4181044360955,782.9580296637462,773.6318414678328,781.4854736328125,2737334,763.5325805664063,752.6037670898437,761.6089218139648,766.2406373369956,61.70275676001056,7.8483154513040745,5.957880139785887,1.8904353115181873,788.7295229395999,763.5325805664063,738.3356381932127,0.0660009618829936,13.12823577019456,0.016799078438613398,25.91319529839207,25.333940104350834,14.167542136065697,356918892.0,4130157.65,792.0388170033259,738.7813890918761,844.8053639204405,614.515019627513
2023-05-11,780.0129037322193,780.0129037322193,769.3614392652462,774.1717529296875,4808171,764.2418579101562,752.9267456054688,762.239588317871,766.9959816791567,56.388444928848564,7.479678087244565,6.262239729277622,1.2174383579669428,789.7956570569811,764.2418579101562,738.6880587633314,0.06687359212881261,13.056507098578257,0.01686512979732042,25.535630156103156,23.653609051402082,15.564067751168247,352110721.0,4181971.1,792.0388170033259,738.7813890918761,844.8053639204405,614.515019627513
2023-05-12,773.0919153832868,779.1784922880913,770.1468033246839,777.4605102539062,2576010,765.2652862548828,753.4961328125,762.8385632324218,767.9926034481804,58.13457314422411,7.367972154517588,6.483386214325616,0.8845859401919718,791.2121806795991,765.2652862548828,739.3183918301664,0.06781150247046314,12.769020088923197,0.01642401114977922,25.18503395254917,22.458573621193583,14.777734791982509,354686731.0,4248105.6,792.0388170033259,738.7813890918761,844.8053639204405,614.515019627513
2023-05-15,778.4912738601289,787.8174618824129,775.1043830683449,782.4671630859375,7569060,766.7378387451172,754.2805139160156,763.4735668945312,769.3711329374905,60.71338412547075,7.5958788758248375,6.705884746625461,0.8899941291993763,793.0767861906012,766.7378387451172,740.3988912996332,0.06870391968287799,12.765024283576398,0.016313814669529372,25.554701188816043,25.694980328445332,13.726477729098887,362255791.0,4187164.05,792.0388170033259,738.7813890918761,844.8053639204405,614.515019627513
2023-05-16,786.1977075495471,786.5904131584467,769.6560173681402,772.9447021484375,4846217,768.0975006103515,754.9569079589844,764.023330078125,769.7114728623426,53.91146413389143,6.928249037096066,6.750357604719582,0.17789143237648375,792.7138545999412,768.0975006103515,743.4811466207618,0.06409695115536468,13.062836534057123,0.016900091944156332,25.182078611733033,23.315662452272747,15.434633110723661,357409574.0,4351008.55,792.0388170033259,738.7813890918761,844.8053639204405,614.515019627513
2023-05-17,773.5828235321671,783.0562919755489,769.557860727367,777.7550659179688,6529233,769.6927703857422,755.9386120605469,764.5947018432618,770.4775293438308,56.5591059786429,6.709955543500769,6.74227719247582,-0.032321648975051076,792.3962032743284,769.6927703857422,746.9893374971559,0.05899349392929362,13.093950442208891,0.016835570754855016,24.823269538827116,21.59881254400578,14.351648422025969,363938807.0,4139147.55,792.0388170033259,741.8246397409381,844.8053639204405,614.515019627513
2023-05-18,783.3507479561426,788.3083413570749,780.111136619189,784.72509765625,11383252,771.3960235595703,756.9036254882812,765.2031225585938,771.8344406116803,60.132846919644464,7.018475075578181,6.797516769096292,0.2209583064818883,793.2268902983328,771.3960235595703,749.5651568208077,0.056600931485296116,12.912473656272983,0.016454773391138957,24.9408545085876,23.243217614921036,13.513826777430866,375322059.0,4263035.15,792.0388170033259,741.8246397409381,844.8053639204405,614.515019627513
2023-05-19,784.7250660571056,793.5604020303593,778.7366956426163,791.0079956054688,3432240,773.0379211425782,758.1926025390625,765.8151028442383,773.6604934682316,63.081214657179785,7.681409872151221,6.974295389707278,0.7071144824439433,795.5710969957007,773.0379211425782,750.5047452894556,0.05829772443716005,13.048990279949418,0.016496660403490872,25.46204123519739,24.232103290159948,12.41727230941819,378754299.0,4660708.05,793.5604020303593,741.8246397409381,844.8053639204405,614.515019627513
2023-05-22,786.3449578344755,789.2900700361027,784.8724017336618,787.1793823242188,9996762,774.8368927001953,758.9278991699218,766.4528985595703,774.9480066926113,60.1614304212843,7.807849352760854,7.1410061823179936,0.6668431704428608,795.7991353700387,774.8368927001953,753.874650030352,0.05410749763551644,12.555176250796382,0.015949574560408433,25.946000338477912,23.38624644720093,11.983829342126446,368757537.0,4714548.0,793.5604020303593,741.8246397409381,844.8053639204405,614.515019627513
2023-05-23,794.1494841873458,794.1494841873458,783.3507398963017,785.3141479492188,6516636,776.7855773925781,759.5826965332031,767.1207070922851,775.9352582408598,58.73508437836701,7.669139658335212,7.246632877521438,0.4225067808137739,793.631090224713,776.7855773925781,759.9400645604433,0.04337236252166244,12.429716825099796,0.01582770010900599,26.771179931833338,24.727498240888114,11.240160471133734,362240901.0,4988175.7,794.1494841873458,747.8130734093531,844.8053639204405,614.515019627513
2023-05-24,788.2102270132323,788.2102270132323,780.4547408412615,786.7376708984375,9104329,778.1992340087891,760.2669458007813,767.7413897705078,776.9640594463433,59.52380317820495,7.586623755137907,7.3146310530447325,0.2719927020931747,793.3139401857716,778.1992340087891,763.0845278318066,0.038845338099656374,12.095843207019152,0.015374684160230892,27.071260181140737,23.595032629163665,12.435535685901383,371345230.0,5050452.25,794.1494841873458,753.0651545473258,844.8053639204405,614.515019627513
2023-05-25,784.9704899616826,810.3966473842463,783.2525079714676,807.6478881835938,9570396,780.6166778564453,761.2349060058593,768.3709072875977,779.8863288498909,68.92081227357,9.10356881378334,7.672418605192455,1.4311502085908856,798.1403523032523,780.6166778564453,763.0930034096384,0.044897002444084365,13.17072150743055,0.016307504421328462,28.737362240146634,32.15392582634218,10.604895579357624,380915626.0,5217007.05,810.3966473842463,757.2373892796585,844.8053639204405,614.515019627513
2023-05-26,812.7527690719038,814.1761919432759,798.518061010525,802.9848022460938,6150206,782.1604064941406,762.1027319335938,769.0146597290039,782.086183459053,65.28102128726609,9.816330094758769,8.101200903105717,1.7151291916530518,801.7344055407772,782.1604064941406,762.586407447504,0.05005111198193387,13.348393609239142,0.01662346979905631,30.458390220906207,31.482277727369034,9.716330427567168,374765420.0,5442659.25,814.1761919432759,759.4953787246694,844.8053639204405,614.515019627513
2023-05-29,814.225276357507,814.225276357507,803.0338274115297,806.224365234375,3684829,783.237826538086,763.2012573242188,769.6434405517579,784.3850579138457,66.60067925733004,10.521320965303062,8.585224915545187,1.9360960497578752,805.4424953861675,783.237826538086,761.0331576900045,0.05669968455488472,13.19782793082301,0.0163699194665077,32.05879922971352,29.593615830184003,9.125236622470348,378450249.0,5543681.1,814.225276357507,759.4953787246694,844.8053639204405,614.515019627513
2023-05-30,806.2244674198897,811.2311342090853,797.929056045393,803.4757080078125,5148256,784.6244842529297,764.1171887207031,770.252833557129,786.203215065652,64.3652310360554,10.734497042780845,9.015079340992319,1.719417701788526,808.2048698839217,784.6244842529297,761.0440986219378,0.06010616824797076,13.205274376027957,0.01643518807652559,32.76572215555277,27.464290295391802,11.229874699649322,373301993.0,5399289.75,814.225276357507,759.4953787246694,844.8053639204405,614.515019627513
2023-05-31,804.0156022056248,872.4894584374225,803.0338981736277,834.3502807617188,47342125,788.0899017333984,765.94806640625,770.9707046508789,790.7886498938489,74.65563504465518,13.242113767124692,9.860486226218793,3.3816275409058996,818.5174189464379,788.0899017333984,757.6623845203588,0.07721839131833673,17.223151939439877,0.020642591411027065,35.41126552321376,44.95853611367893,7.995120682419998,420644118.0,5341642.05,872.4894584374225,759.4953787246694,872.4894584374225,614.515019627513
2023-06-01,822.6188586068683,822.6188586068683,807.9423721831552,812.8018188476562,9713155,789.996859741211,767.5580590820313,771.5773977661133,792.8851421751639,61.34150212007082,13.336897842715416,10.555768549518117,2.7811292931972993,821.577952925682,789.996859741211,758.41576655674,0.0799524524561184,17.87920598509157,0.02199700538372279,37.86784150747039,40.21535283734715,7.15162518654306,410930963.0,7513334.95,872.4894584374225,765.9745674376467,872.4894584374225,614.515019627513
2023-06-02,817.5631176160166,823.9441939157261,811.820172913662,821.1954345703125,6834131,792.4118530273438,769.1140600585937,772.1725558471679,795.5813604985113,64.03229639179915,13.928747613800738,11.23036436237464,2.6983832514260975,825.73175789915,792.4118530273438,759.0919481555376,0.08409744186564166,17.468121343446757,0.021271576299723205,40.17460399839688,38.76357249932818,6.797075431691376,417765094.0,7876109.15,872.4894584374225,769.3614392652462,872.4894584374225,614.515019627513
2023-06-05,823.1588106606805,825.9566431159367,816.9250141776218,819.2319946289062,5298053,794.412075805664,770.678896484375,772.7846484375,797.8338018442632,62.928881715909185,14.077087722729175,11.799709034445549,2.277378688283626,829.1008530711637,794.412075805664,759.7232985401644,0.08733194854904376,16.86551474308019,0.020586982507586133,42.357262032066565,38.13315133949874,6.537083099493596,412467041.0,8145892.35,872.4894584374225,769.3614392652462,872.4894584374225,614.515019627513
2023-06-06,819.2320073961848,822.9133974833456,811.0348027694902,814.2744140625,2722174,796.1717834472656,772.1023669433594,773.3724435424805,799.3995744364762,60.112191515653166,13.63740944126198,12.167249115808836,1.4701603254531435,831.1405491219642,796.1717834472656,761.203017772567,0.08784226319423377,16.50930616956414,0.020274867887838315,43.69219682352076,36.17335516985588,8.749557232962411,409744867.0,8286336.3,872.4894584374225,769.3614392652462,872.4894584374225,614.515019627513
2023-06-07,813.7345165987763,831.9941880867473,812.1146809377718,828.8036499023438,4110739,798.5376922607422,773.8213305664062,774.0603726196289,802.1999625760827,65.04959836793633,14.296547442250926,12.593108781097255,1.7034386611536707,835.5546434754554,798.5376922607422,761.5207410460291,0.09271184459662593,16.750034810950662,0.020209895085433426,45.171283145666685,36.97919821850538,8.007823654810034,413855606.0,8298128.45,872.4894584374225,769.3614392652462,872.4894584374225,614.515019627513
2023-06-08,832.1904773796779,833.8593861324775,819.2810460512513,820.7045288085938,4050621,800.8643310546875,775.2438195800781,774.615280456543,803.9623022172743,60.55020311110499,14.003958752444419,12.875278775366688,1.1286799770777307,837.3079260136568,800.8643310546875,764.4207360957181,0.0910106582246595,16.594913758827488,0.020220326775725377,46.59223387752051,35.46162685334679,7.505342773159477,409804985.0,8366798.7,872.4894584374225,769.557860727367,872.4894584374225,614.515019627513
2023-06-09,823.2078985203891,824.4350285521464,813.7835638438763,818.2503051757812,3332436,802.9038208007812,776.6388208007812,775.1076049804688,805.3230644037988,59.2136317536068,13.419354802514704,12.984093980796292,0.43526082171841196,838.4341485989961,802.9038208007812,767.3734930025663,0.08850456773957932,16.17038168378767,0.019762145619137722,47.2515808287977,33.79315193812146,9.580588986765058,406472549.0,8328921.2,872.4894584374225,769.557860727367,872.4894584374225,614.515019627513
2023-06-12,819.5756006659927,827.6746590635796,816.5323420839804,821.0481567382812,1569715,804.8328704833984,778.1035229492187,775.6183364868164,806.8206922451781,60.28978471835945,13.031595082598301,12.993594201156693,0.03800088144160796,839.9018204583896,804.8328704833984,769.7639205084073,0.08714591876429709,15.811234204917064,0.01925737738420754,47.97210184523749,33.55565823671879,9.098337127294714,408042264.0,8366742.5,872.4894584374225,769.557860727367,872.4894584374225,614.515019627513
2023-06-13,822.7661068344682,828.5581844609981,817.5140143482182,819.084716796875,3224345,807.1398712158203,779.7900891113281,776.1423208618164,807.988694583435,59.11107872843464,12.422658838533266,12.879407128632007,-0.45674829009874074,839.4786128664738,807.1398712158203,774.8011295651669,0.08013169167802496,15.470729626907262,0.01888782602049679,48.67155890947589,32.25254369684098,8.634403042918562,404817919.0,8066775.25,872.4894584374225,769.557860727367,872.4894584374225,614.515019627513
2023-06-14,816.7777079664461,818.6920427031835,804.0155562794703,812.8018188476562,5108720,808.8922088623046,781.4462243652343,776.5858056640625,808.4470873705036,55.37994073242077,11.30280343953018,12.564086390811642,-1.261282951281462,838.3409717625892,808.8922088623046,779.4434459620201,0.07281257645367568,15.442046119085653,0.01899853784896606,47.73207993499177,30.00442027406657,14.276385755214852,399709199.0,7985681.65,872.4894584374225,778.7366956426163,872.4894584374225,614.515019627513
2023-06-15,811.8692235911873,818.5447989356941,809.1204643220914,814.5198364257812,3865201,810.3819458007813,783.0306945800781,777.0322357177735,809.0254444233873,56.194188244145366,10.433666811904686,12.138002475030252,-1.7043356631255655,837.7292776151141,810.3819458007813,783.0346139864484,0.06749245082776247,15.012209582979727,0.01843074767688317,46.859706601542236,28.658983533834977,13.636214282567309,403574400.0,7914656.0,872.4894584374225,778.7366956426163,872.4894584374225,614.515019627513
2023-06-16,807.4515590810923,824.6313794870731,805.7826502579626,822.4716186523438,4907797,811.955126953125,784.5474267578124,777.5073803710937,810.3060324451926,59.846526369667735,10.268147331845284,11.764031446393258,-1.495884114547973,838.2636618858869,811.955126953125,785.6465920203632,0.0648029282886237,15.286246700560497,0.018585743694849544,46.36594662394177,28.978937971443447,12.435203260993179,408482197.0,7538753.45,872.4894584374225,780.4547408412615,872.4894584374225,614.515019627513
2023-06-19,824.631337054231,824.631337054231,812.3600373956859,812.9981689453125,3017364,813.2460662841797,785.8177502441406,777.9849792480469,810.5624263975849,54.06330044360107,9.265734117769512,11.264371980668509,-1.9986378628989971,836.9720645944436,813.2460662841797,789.5200679739158,0.05834887937096545,15.070893340416541,0.01853742593291167,45.90745521616991,27.29352630879779,11.711973285343275,405464833.0,7612531.3,872.4894584374225,780.4547408412615,872.4894584374225,614.515019627513
2023-06-20,812.9490522774367,818.4466305868865,811.7219222867279,815.9923706054688,2691557,814.7799774169922,787.0988732910156,778.5278619384766,811.0795639411929,55.526129943251,8.613628921594227,10.734223368853652,-2.1205944472594247,834.7544983743527,814.7799774169922,794.8054564596317,0.049030465919605734,14.4747372661124,0.017738814463880467,45.39893513149265,26.387805438335004,11.638208842248048,408156390.0,7263561.4,872.4894584374225,780.4547408412615,872.4894584374225,614.515019627513
2023-06-21,816.7777907106675,825.3677013701847,815.2070881574547,823.6497192382812,3022724,816.6255798339844,788.4585339355468,779.0795797729493,812.2767215885347,59.11213131380531,8.615401904739997,10.310459076030922,-1.6950571712909248,832.2402129506725,816.6255798339844,801.0109467172963,0.0382418417994265,14.16658554801366,0.01719976977727261,45.31234767570347,28.525586387240274,11.04198019191813,411179114.0,7072307.45,872.4894584374225,783.2525079714676,872.4894584374225,614.515019627513
2023-06-22,821.3917564645106,828.0673317432424,819.4283484461508,827.380126953125,4380046,817.612191772461,789.8064123535156,779.6084729003907,813.715141147067,60.771598625238674,8.816192157622368,10.011605692349212,-1.1954135347268444,833.3263707893192,817.612191772461,801.8980127556027,0.03843919935389475,13.771756815804943,0.016645017649288038,45.37436387839432,28.647632093232122,10.547222884726509,415559160.0,6768227.2,872.4894584374225,797.929056045393,872.4894584374225,614.515019627513
2023-06-23,828.5581318100915,846.9650808283844,825.9565923814579,839.1605224609375,7667340,819.4209777832032,791.4497839355469,780.1965130615234,816.138510796007,65.5294483100315,9.812783682211943,9.971841290321759,-0.15905760810981562,836.2709807821356,819.4209777832032,802.5709747842708,0.04112660880251577,14.288666218027915,0.017027333669277854,46.2475790951129,35.08595901112154,9.43954571928307,423226500.0,6508709.7,872.4894584374225,797.929056045393,872.4894584374225,614.515019627513
2023-06-26,841.6638975644546,841.6638975644546,830.8651536012538,836.3627319335938,4431992,820.9278961181641,793.1167163085937,780.7440579223633,818.0646270948248,63.55784614802041,10.25857684394316,10.029188401046039,0.2293884428971218,838.1735877475757,820.9278961181641,803.6822044887525,0.04201511901583432,14.039386056968834,0.01678624061178702,47.058421796351574,33.158298975037404,8.920927002431604,418794508.0,6584566.4,872.4894584374225,797.929056045393,872.4894584374225,614.515019627513
2023-06-27,840.8294681734377,855.4077484703582,837.9825026325549,849.0758056640625,5533649,823.2079010009766,795.183203125,781.2528262329101,821.0180726728474,68.23471868219256,11.5050864637534,10.324368013587511,1.1807184501658892,842.5512559092437,823.2079010009766,803.8645460927095,0.046995066215342704,14.396931091239951,0.016956002037980703,48.27106926036656,36.84402861110555,8.0779933779576,424328157.0,6621924.55,872.4894584374225,803.0338981736277,872.4894584374225,614.515019627513
2023-06-28,853.5916357274691,857.6165981965239,847.7995581076513,856.2422485351562,6272649,824.3024993896485,797.3910546875,781.8374313354492,824.3727560883054,70.53065452080963,12.922266520686321,10.843947715007275,2.0783188056790465,848.0258190273495,824.3024993896485,800.5791797519474,0.05755974209775383,14.069796019642288,0.01643202731903575,49.462861388824784,36.129152101891655,7.675398523001499,430600806.0,6641194.2,857.6165981965239,804.0155562794703,872.4894584374225,614.515019627513
2023-06-30,863.8995543652205,866.8446664823747,851.1864750758132,862.6724243164062,5217511,826.796029663086,799.6313024902344,782.3722149658203,828.0203435386007,72.45446439036243,14.398278974956384,11.554813966997099,2.843465007959285,855.184798902445,826.796029663086,798.4072604237269,0.06867175995251758,14.183252832993661,0.016441064340537683,50.828049486024575,37.92749863384723,7.070143152913481,435818317.0,4587720.4,866.8446664823747,804.0155562794703,872.4894584374225,614.515019627513
2023-07-03,863.8994878781538,867.973583294052,858.5982625078832,863.0650634765625,3333167,828.8895111083984,801.7292028808594,782.9288409423829,831.3579359136447,72.57220816465474,15.421937680109863,12.328238709619653,3.0936989704902107,861.2191691695674,828.8895111083984,796.5598530472295,0.07800715928456488,13.839829115363314,0.01603567297651268,52.12585586801908,36.674950214568184,6.728041178809949,439151484.0,4362938.2,867.973583294052,804.0155562794703,872.4894584374225,614.515019627513
2023-07-04,857.8129315608896,857.8129315608896,837.6879998343345,849.3212280273438,7397493,830.3939727783203,803.6916284179688,783.4000588989257,833.0687256387589,62.50117688515314,14.951826570761227,12.85295628184797,2.0988702889132576,863.5751520374714,830.3939727783203,797.2127935191692,0.07991671506991797,14.663917295853647,0.01726545482668843,50.78133686425421,32.141458111405136,16.081848211355343,431753991.0,4187890.0,867.973583294052,804.0155562794703,872.4894584374225,614.515019627513
2023-07-05,852.1190997179135,855.0642118137127,847.259652776153,850.7938232421875,4284477,832.2199432373047,805.7806958007812,783.8045211791992,834.7568301724187,63.09216975743923,14.53058669800248,13.188482365078873,1.3421043329236078,865.6701559378345,832.2199432373047,798.769730536775,0.08038791421029792,14.173963134546943,0.016659692098531107,49.53285493218683,30.8773197502903,15.449341709281422,436038468.0,4292862.0,867.973583294052,804.0155562794703,872.4894584374225,614.515019627513
2023-07-06,848.5358125641,861.8379494501016,847.6523149316965,853.7388916015625,6365222,833.4667053222656,807.6861828613281,784.2281265258789,836.564645546623,64.30383552337992,14.269898955158624,13.404765683094823,0.865133272063801,868.1506768744874,833.4667053222656,798.7827337700438,0.08322821135083257,14.174796804822526,0.016603199109544445,48.7238019352781,32.083481614544155,14.344973572875622,442403690.0,4370977.15,867.973583294052,804.0155562794703,872.4894584374225,614.515019627513
2023-07-07,849.1739323475666,867.4336021855773,846.7196724274869,854.5242309570312,18763997,835.1576904296875,809.5906872558594,784.6470684814453,838.2750822523761,64.63722913625017,13.965684644191356,13.51694947531413,0.4487351688772261,870.4797714470878,835.1576904296875,799.8356094122871,0.0845878123908006,14.641877730055949,0.017134537792635397,48.24350104293815,31.571204857291097,12.895409421296032,461167687.0,4483701.3,867.973583294052,804.0155562794703,872.4894584374225,614.515019627513
2023-07-10,851.1374268477748,873.3239148143692,849.1740187120245,869.2008056640625,4310681,837.7052154541016,811.5324987792969,785.1661444091797,841.2203892439653,70.23259760232986,14.738967885513603,13.761353157354025,0.977614728159578,875.0723758512624,837.7052154541016,800.3380550569407,0.08921314970423092,15.321021899505151,0.01762656200922411,48.06706318495396,30.76274491723675,11.443516349316676,465478368.0,5219370.1,873.3239148143692,804.0155562794703,873.3239148143692,614.515019627513
2023-07-11,873.7165865205309,876.8089781817791,870.0842696265852,875.5818481445312,3353977,840.4319000244141,813.3506164550781,785.7019094848633,844.4929091392573,72.28582023687791,15.685880162649369,14.146258558413095,1.5396216042362738,880.4069144827472,840.4319000244141,800.4568855660809,0.09512969333308716,14.770104086520258,0.01686890165416286,48.057414316573926,31.316266823096964,11.022471601063682,468832345.0,5268282.35,876.8089781817791,804.0155562794703,876.8089781817791,614.515019627513
2023-07-12,873.6675415039062,879.3123398574556,866.9428327316449,873.6675415039062,3033186,843.1610412597656,815.3091162109375,786.181962890625,847.2714455549382,70.7100929120447,16.09629830972699,14.536266508675876,1.5600318010511138,884.36771620418,843.1610412597656,801.9543663153512,0.09774330863970565,14.598632875041007,0.016709597394349043,47.65532887344579,29.42094851810906,11.892421694544243,465799159.0,5357495.45,879.3123398574556,804.0155562794703,879.3123398574556,614.515019627513
2023-07-13,875.0418399403195,876.9561747316848,867.0900614758267,868.8571166992188,4228714,845.9638061523438,817.385419921875,786.69662109375,849.3272237591553,66.7712036974215,15.85067979883297,14.799149166707295,1.0515306321256759,886.1420250937904,845.9638061523438,805.7855872108971,0.09498803293769098,14.260595759385083,0.016413050529597975,47.28196381911252,27.967040064593,11.304728458759097,461570445.0,5347937.5,879.3123398574556,805.7826502579626,879.3123398574556,614.515019627513
2023-07-14,868.8080226427004,873.9619685397333,863.555930315011,870.2805786132812,3860080,848.7518432617187,819.2977783203125,787.1992532348632,851.3227813643102,67.35078216786336,15.591161633313277,14.957551660028491,0.633609973284786,887.529583161876,848.7518432617187,809.9741033615614,0.09137591914059588,13.985270221194888,0.016069840652401135,46.464286907204404,26.480649213251617,12.508932575409405,465430525.0,5303937.2,879.3123398574556,805.7826502579626,879.3123398574556,614.515019627513
2023-07-17,869.7897877149802,880.2449598078321,859.9727472215832,862.0343017578125,5614592,850.7299774169921,821.0805529785156,787.723237915039,852.3429261636915,60.74114867074835,14.55233572446923,14.87650847291664,-0.32417274844740973,887.9484641199127,850.7299774169921,813.5114907140716,0.0874977670727539,14.43433753298446,0.016744504834147272,46.078175533007965,26.933328588426622,11.254069006326906,459815933.0,5303681.15,880.2449598078321,811.7219222867279,880.2449598078321,614.515019627513
2023-07-18,861.0035027648963,864.0958944096734,847.3578527744569,859.4328002929688,4731911,853.051708984375,822.684658203125,788.3142239379882,853.0181522712417,58.78129026329594,13.36507501550716,14.574221781434744,-1.209146765927585,886.1283465653776,853.051708984375,819.9750714033723,0.0775489627009433,14.598887826001036,0.016986654245712378,44.211400302327924,24.727626440519824,16.50455883771116,455084022.0,5339020.9,880.2449598078321,811.7219222867279,880.2449598078321,614.515019627513
2023-07-19,859.4328075592721,860.954436826528,851.3337492880989,854.8187866210938,6641825,854.9930297851563,824.1994287109375,788.8548977661133,853.1896412569419,55.368985979409494,11.914506987475647,14.042278822642924,-2.1277718351672767,883.3644000079216,854.9930297851563,826.621659562391,0.06636631933688285,14.243302091174463,0.016662364367862142,42.477966159553596,23.534600683930073,15.70826875132119,448442197.0,5424748.25,880.2449598078321,815.2070881574547,880.2449598078321,614.515019627513
2023-07-20,855.0641900723869,870.4769549655347,852.1190780514717,868.6607666015625,3779959,857.2435821533203,825.9429345703124,789.4606091308593,854.6630817659534,62.41751035856596,11.746447739027076,13.583112605919755,-1.8366648668926793,882.2546894298641,857.2435821533203,832.2324748767765,0.058352393175620264,14.53720029280936,0.016735186912703388,41.5309080193177,26.09063672960905,14.291359725504678,452222156.0,5622261.65,880.2449598078321,819.4283484461508,880.2449598078321,614.515019627513
2023-07-21,862.0342484095111,875.5818113867556,858.7946372308703,869.7897338867188,7001587,859.3640625,827.8552941894532,790.0562576293945,856.1037153012644,62.93171006825343,11.570974803713284,13.180685045478462,-1.6097102417651783,880.8276533682789,859.3640625,837.9004716317212,0.049952265413190595,14.697912711600496,0.016898236595552587,40.96848213284132,26.442958765916128,13.12544322845823,459223743.0,5660123.4,880.2449598078321,825.9565923814579,880.2449598078321,628.6867368908083
2023-07-24,868.8080600215098,876.2689866260627,864.6848911428009,871.9004516601562,4125577,861.0010589599609,829.7440930175782,790.4894345092773,857.6081663830636,63.925467713967066,11.47000939411248,12.838549915205267,-1.3685405210927861,880.9951157752788,861.0010589599609,841.007002144643,0.04644374500414563,14.475497195290586,0.01660223614717515,40.488912814709415,25.27053303519867,12.375178411163795,463349320.0,5791200.45,880.2449598078321,830.8651536012538,880.2449598078321,634.4531856997199
2023-07-25,871.7531766392531,878.330605608849,863.015986824922,867.4827880859375,3652262,862.5570617675781,831.4444055175782,790.8835888671875,858.548606545242,60.28280832977588,10.90778687190516,12.452397306545247,-1.544610434640088,879.202507383295,862.5570617675781,845.9116161518613,0.03859558133257069,14.535434451621759,0.016755876486833306,40.17639773473254,24.38183444425836,11.443852669720211,459697058.0,5614112.3,880.2449598078321,837.6879998343345,880.2449598078321,648.0873522111877
2023-07-26,870.2806587390963,880.0976994468132,867.1391937289347,873.1276245117188,2845581,863.759652709961,833.4480639648438,791.2797067260742,859.9370844468112,63.170703830733764,10.793294218991377,12.120576689034475,-1.327282470043098,879.7997420478308,863.759652709961,847.7195633720911,0.03714016807232349,14.422796684925807,0.016518543543953844,40.00229183296256,23.69223786668293,10.709423926239015,462542639.0,5575125.8,880.2449598078321,837.6879998343345,880.2449598078321,649.1624733998453
2023-07-27,873.078407866547,884.9079887226573,871.9004110290613,878.7723388671875,3445446,864.8861572265625,835.4684094238281,791.8027096557618,861.7309182011328,65.84513146482368,11.030882097982385,11.90263777082406,-0.8717556728416742,881.7971682042884,864.8861572265625,847.9751462488367,0.0391057501300622,14.321709614116534,0.016297406029619047,40.149260823469156,24.554317222608017,10.014656194853782,465988085.0,5440722.4,884.9079887226573,837.6879998343345,884.9079887226573,649.1624733998453
2023-07-28,883.4354939517375,883.4354939517375,874.2565251810664,878.7232666015625,2314339,865.6886993408203,837.3483728027344,792.30337890625,863.3492370964118,65.80039674033848,11.08740379283438,11.739590975226125,-0.6521871823917458,883.5973283614848,865.6886993408203,847.7800703201559,0.041374293170976975,13.954370982441858,0.015880279392635175,40.28573202893956,23.40064229546225,9.54412151652235,463673746.0,5299362.25,884.9079887226573,837.6879998343345,884.9079887226573,649.1624733998453
2023-07-31,877.6433706110278,881.3738338044303,869.0534606637722,873.618408203125,4424817,866.2163665771484,839.0005810546875,792.7822052001953,864.3272533922893,61.14641802601294,10.598109820631407,11.511294744307182,-0.9131849236757752,884.4044018214829,866.2163665771484,848.0283313328139,0.04199420825123516,13.83765685088588,0.015839474902260172,39.59979511644375,21.91244316341305,11.62291748241339,459248929.0,5154203.65,884.9079887226573,837.6879998343345,884.9079887226573,649.1624733998453
2023-08-01,878.1342583104396,880.9812239760907,871.9004616626513,875.33642578125,2087412,867.5171264648437,840.7637219238281,793.3287689208985,865.3757460007618,62.11751571101536,10.231033497409612,11.25524249492767,-1.0242089975180573,884.3570396344912,867.5171264648437,850.6772132951962,0.03882324084660003,13.497878669639706,0.015420218183645973,38.96285369769764,20.85946453859261,11.064390823575646,461336341.0,5208786.15,884.9079887226573,846.7196724274869,884.9079887226573,649.1624733998453
2023-08-02,867.0410283605211,874.3547355117938,856.6349294864441,862.0343017578125,3328903,868.079150390625,842.298125,793.8321374511719,865.0575132157189,51.40451375998449,8.765707014412783,10.757335398824694,-1.9916283844119107,883.3237458659696,868.079150390625,852.8345549152805,0.035122593299204766,13.869565642865863,0.016089343097581865,36.37239708963959,18.85042439154856,17.860527814705268,458007438.0,4943282.1,884.9079887226573,846.7196724274869,884.9079887226573,649.1624733998453
2023-08-03,858.9910763479985,865.9120781794528,849.2721819167905,855.75146484375,4642067,868.1797790527344,843.6784008789062,794.3367333984374,864.171222894579,47.258800353922716,7.016570135565189,10.009182346172793,-2.9926122106076036,883.0667850800528,868.1797790527344,853.292773025416,0.034294754120077625,14.067446401422753,0.016438705604776616,34.316041350046966,17.257744701799428,20.089978168191816,453365371.0,4895503.4,884.9079887226573,846.7196724274869,884.9079887226573,649.1624733998453
2023-08-04,853.1008339310042,876.6126583112989,850.3520745280373,873.373046875,7066276,869.1222198486328,844.9929040527344,794.9439175415039,865.0475870831905,57.58979592408323,6.971913083284903,9.401728493595215,-2.4298154103103116,882.7666098026862,869.1222198486328,855.4778298945794,0.031398092563850726,14.938384785839814,0.01710424295699366,32.36408352178357,20.207286968614127,17.567356257049433,460431647.0,4809345.65,884.9079887226573,847.3578527744569,884.9079887226573,655.808472232313
2023-08-07,868.9552925734156,884.0734977526965,867.9244554706727,875.0909423828125,4086452,869.4167266845703,846.4350268554688,795.5594458007813,866.004097111726,58.444387082014195,6.994513460802068,8.920285487036585,-1.925772026234517,883.3072390834903,869.4167266845703,855.5262142856503,0.03195363505804638,15.024860321281531,0.017169484442805305,31.164865689914237,22.202815919123253,16.218658294795524,464518099.0,4224459.6,884.9079887226573,847.3578527744569,884.9079887226573,664.6627104470199
2023-08-08,875.6800285446542,877.9379359170748,864.3413585443882,869.2008056640625,3282856,869.0976745605469,847.6945556640625,796.0613421630859,866.3085455452818,54.39698650837888,6.462642297978846,8.428756849225039,-1.9661145512461928,882.6971869609007,869.0976745605469,855.4981621601931,0.03129570541591949,14.92284011066761,0.01716846097406304,29.675113020347442,20.757848232499825,16.87820073932177,461235243.0,4213248.15,884.9079887226573,847.3578527744569,884.9079887226573,668.2459558796971
2023-08-09,868.8080636025412,881.0302907182687,862.7214866534983,867.5318603515625,3185159,868.7908905029296,848.9756787109375,796.5536666870117,866.4250517173085,53.271273020706246,5.839150538097556,7.910835586999542,-2.071685048901986,882.2401986541599,868.7908905029296,855.3415823516993,0.030960978753920176,15.164694678817806,0.0174802740647155,28.552086415788494,20.42429200923848,15.42265982270582,458050084.0,4209692.1,884.9079887226573,847.3578527744569,884.9079887226573,668.2459558796971
2023-08-10,865.8629587692443,867.7282204029109,852.3154550715126,858.794677734375,3439922,868.2877685546875,849.4645666503907,796.9556741333008,865.6983494332196,47.705385467977926,4.5871335882371795,7.24609518724707,-2.6589615990098903,882.4247887403052,868.2877685546875,854.1507483690699,0.032562983604270936,15.182414011144985,0.01767874720788722,26.560734291934523,18.943279552668365,19.200043883049027,454610162.0,4217290.75,884.9079887226573,847.3578527744569,884.9079887226573,668.2459558796971
2023-08-11,859.9781172257823,861.6546921077359,853.0746231654836,858.548095703125,2812690,867.7011444091797,850.3794921875,797.3341152954101,865.0173728874963,47.55437518241839,3.5342632394066413,6.503728797678985,-2.9694655582723435,882.4204112129763,867.7011444091797,852.9818776053831,0.03392704250452263,14.710817934795507,0.017134529804935145,24.711621605498692,18.15409043214362,18.400157796589113,451797472.0,4177851.15,884.9079887226573,847.3578527744569,884.9079887226573,673.6452690794029
2023-08-14,858.49882301156,858.5974202807814,845.7766452099597,855.0963745117188,2665905,867.354248046875,851.0575109863281,797.672473449707,864.0725158993271,45.388450061288545,2.393737335573519,5.6817305052578915,-3.2879931696843725,882.8954478269159,867.354248046875,851.8130482668341,0.03583587632166867,14.575814873083091,0.01704581531105923,23.665241947222313,17.013504801217593,20.820475854154225,449131567.0,4125481.65,884.9079887226573,845.7766452099597,884.9079887226573,673.6452690794029
2023-08-16,858.005693480659,861.9505472437885,841.4373197142536,845.1356201171875,3962408,866.6393890380859,851.5755834960937,797.9600460815429,862.2690020153138,39.76054805520775,0.6782937573875643,4.681043155683826,-4.002749398296261,884.6856744039264,866.6393890380859,848.5931036722454,0.04164658471355825,14.999915777115364,0.017748531028706917,23.060256596280738,15.351581683743133,20.853035042213097,445169159.0,3978047.3,884.9079887226573,841.4373197142536,884.9079887226573,673.6452690794029
2023-08-17,845.3822058603738,847.9956354623415,838.281456776003,844.8890991210938,3013019,866.1429046630859,852.1878771972656,798.1737399291992,860.6137731682452,39.6295795098031,-0.6931100799951082,3.6062125085480394,-4.299322588543148,885.9255263943274,866.1429046630859,846.3602829318444,0.04567981016697613,14.622363127774161,0.01730684316200227,22.75767608621524,14.62310842334504,21.405106180905435,442156140.0,3939572.15,884.9079887226573,838.281456776003,884.9079887226573,673.6452690794029
2023-08-18,844.8891206153813,850.1160401459854,840.5004584854014,844.4453125,4929835,864.9321319580079,852.5007104492188,798.3864419555664,859.0739197712694,39.37811624282831,-1.7950748673194994,2.5259550333745318,-4.321029900694031,886.8039726618628,864.9321319580079,843.060291254153,0.05057469805022059,14.264735880117719,0.016892433019595594,22.221820427262834,14.980787546926692,20.374479986122317,437226305.0,3758131.85,884.9079887226573,838.281456776003,884.9079887226573,673.6452690794029
2023-08-21,843.8535657509539,861.9505585491952,842.3248867427377,859.9288330078125,3220142,864.4390869140625,853.2851965332031,798.6021975708007,859.1553400795116,51.04885039810608,-1.4028282656846613,1.7401983735626931,-3.1430266392473545,886.2952618513841,864.4390869140625,842.5829119767409,0.050567299114956436,14.647659874856274,0.017033572212740537,20.803652452604933,19.318115284510636,18.424569016183185,440446447.0,3815625.65,884.9079887226573,838.281456776003,884.9079887226573,673.6452690794029
2023-08-22,858.9918886146853,867.8185107603136,854.2580762385547,865.5502319335938,3333869,864.1215759277344,854.2311950683594,798.8286346435547,859.764377398948,54.47552650817872,-0.6310952217125987,1.265939654507635,-1.8970348762202336,885.7179104746218,864.1215759277344,842.525241380847,0.04998448169449133,14.570000921063604,0.016833223981137395,20.01319082030524,20.91059083690622,17.1997178251779,443780316.0,3626553.4,884.9079887226573,838.281456776003,884.9079887226573,673.6452690794029
2023-08-23,864.9091781574083,864.9091781574083,854.8497891321188,856.1812133789062,1860153,863.5564971923828,854.9338562011719,799.1343759155274,859.4231236827535,48.3949521701441,-0.766655197644468,0.8594206840772143,-1.6260758817216823,885.3618802892094,863.5564971923828,841.7511140955563,0.05050134685505984,14.293603912521561,0.016694601200267018,19.279190733169813,19.79244545341485,16.280002775824357,441920163.0,3586968.0,884.9079887226573,838.281456776003,884.9079887226573,673.6452690794029
2023-08-24,860.9643023842145,862.6408772111002,852.2856364607746,857.4632568359375,2842728,862.7732788085938,855.7014270019531,799.4033319091797,859.2364696973425,49.23006111875076,-0.7618550717010066,0.5351655329215701,-1.2970206046225767,884.2703769343462,862.7732788085938,841.2761806828413,0.049832554284569126,14.012292258078993,0.01634156582963651,18.30881395100616,18.747671265494095,16.727731697163513,444762891.0,3497362.55,884.9079887226573,838.281456776003,884.9079887226573,673.6452690794029
2023-08-25,857.4632452641665,863.87363230881,849.2283273290653,861.4573974609375,3124339,861.9075317382812,856.6745385742188,799.7033029174804,859.4479866272087,51.844635007071666,-0.43079127562896247,0.3419741712114636,-0.7727654468404261,882.1134585930862,861.9075317382812,841.7016048834763,0.04688653042410235,14.057507452483684,0.016318285145518314,17.06670935286792,17.35255824608728,17.036403471973248,447887230.0,3497219.9,884.0734977526965,838.281456776003,884.9079887226573,673.6452690794029
2023-08-28,861.9998317881169,863.6764066487824,853.9128696671406,858.350830078125,3094455,860.8889099121094,857.5511584472656,799.9568176269531,859.343495527296,49.70076020104146,-0.4143188474135968,0.19071556748645155,-0.6050344149000484,879.600012389092,860.8889099121094,842.1778074351269,0.04346926127528537,13.750795275994976,0.016020017449908462,15.913326511739557,16.472493073952787,16.17237263908464,444792775.0,3481164.55,884.0734977526965,838.281456776003,884.9079887226573,673.6452690794029
2023-08-29,858.0056755843035,858.0056755843035,836.8020870497488,843.4097290039062,14064286,859.3784759521484,857.9699206542969,800.1535427856445,857.8259939536398,40.93354833881778,-1.5885742232804887,-0.16514239066693653,-1.4234318326135522,878.6054372464002,859.3784759521484,840.1515146578965,0.04474620166149574,14.307791544022205,0.016964223973228484,16.34539880986727,14.700424042318772,22.974779941767068,430728489.0,3520170.35,884.0734977526965,836.8020870497488,884.9079887226573,673.6452690794029
2023-08-30,847.9955846502774,850.7076715538085,844.6424951403073,845.924560546875,3261665,857.9078826904297,858.6284484863281,800.3299551391601,856.6925241053765,42.76367517071159,-2.2898581214775504,-0.5900855368290593,-1.6997725846484912,876.5169073247789,857.9078826904297,839.2988580560805,0.04338233745094091,13.807088044442208,0.016321890495195192,16.74660880098586,14.145414854415105,22.107375442343233,433990154.0,4002143.8,884.0734977526965,836.8020870497488,884.9079887226573,673.6452690794029
2023-08-31,843.7055845242102,847.6504382215765,835.3720690497859,844.5932006835938,12528190,857.0358276367188,859.2004650878906,800.4940658569336,855.5402075890163,42.021371221928554,-2.9194071690278633,-1.05594986326882,-1.8634573057590433,876.408606536497,857.0358276367188,837.6630487369405,0.045208795887095685,13.697893839252806,0.01621833307226018,17.814258135711682,13.239735340527604,25.526045388693397,421461964.0,4060856.45,884.0734977526965,835.3720690497859,884.9079887226573,673.6452690794029
2023-09-01,841.3880157216618,855.5894530622558,840.9935062703851,854.0115356445312,4427899,856.9488311767578,859.8077014160157,800.7298107910157,855.3946197847797,48.793086692923204,-2.6280538371017883,-1.3703706580354138,-1.2576831790663745,876.3594890640506,856.9488311767578,837.538173289465,0.04530178974779205,13.762040478725512,0.016114583825075805,17.835403522991253,16.35729116076517,23.592274838169683,425889863.0,4520820.8,884.0734977526965,835.3720690497859,884.9079887226573,673.6452690794029
2023-09-04,853.8142914881948,857.463293279756,847.8477121743447,853.3704833984375,3102649,855.9487030029297,860.3275085449219,800.896821899414,855.2018448908423,48.378905118051556,-2.4209742965392707,-1.5804913857361853,-0.8404829108030853,873.8758488009986,855.9487030029297,838.0215572048609,0.041888364887229704,13.465864809203072,0.01577962335371269,17.639505151996133,16.51694968758378,22.388949480831773,422787214.0,4510112.4,884.0734977526965,835.3720690497859,884.9079887226573,673.6452690794029
2023-09-05,851.2007735241998,855.8359886086195,846.56561863347,853.9622192382812,2216754,854.8922668457031,860.6235424804687,801.0375857543945,855.083785304884,48.81085118276694,-2.1839390419625033,-1.7011809169814491,-0.4827581249810542,870.5262837608186,854.8922668457031,839.2582499305877,0.03657540843783817,13.166186606770674,0.01541776241402655,17.56965770130863,15.686259900621192,21.95849350987417,425003968.0,4311931.05,881.0302907182687,835.3720690497859,884.9079887226573,673.6452690794029
2023-09-06,855.1950254138994,870.234780670061,853.8636011274664,868.1636962890625,4235096,854.8404113769532,861.2595617675781,801.2250595092773,856.329491112901,57.91294268245761,-0.840458105784819,-1.5290363547421233,0.6885782489573042,870.2900405056498,854.8404113769532,839.3907822482565,0.036146230157301076,13.395114673615243,0.015429249956974964,16.64660171896905,21.994938516381357,20.041555621406836,429239064.0,4218446.15,881.0302907182687,835.3720690497859,884.9079887226573,673.6452690794029
2023-09-07,868.1636721404094,871.5168218866454,861.1122822179088,863.2326049804688,4532834,854.6254486083984,861.5426977539063,801.4313189697266,856.9869305288598,54.30236849589746,-0.17165886580937695,-1.257560856955574,1.0859019911461971,869.4705626708625,854.6254486083984,839.7803345459344,0.03474063190286838,13.181502173266766,0.015269930835808741,15.906711936371892,21.449568804212255,18.91160007707582,424706230.0,4266058.15,871.5168218866454,835.3720690497859,884.9079887226573,673.6452690794029
2023-09-08,869.6429936291222,878.3710186318876,866.0433507130305,873.6371459960938,3741470,855.3675720214844,861.890595703125,801.6213723754882,858.572665335263,59.97284926794901,1.1842772449997483,-0.7691932365645096,1.9534704815642578,872.3082584331341,855.3675720214844,838.4268856098347,0.03961030781565383,13.321281564563346,0.015248071382512975,15.823220905400138,23.38367716830016,17.376507400693782,428447700.0,4333441.9,878.3710186318876,835.3720690497859,884.9079887226573,673.6452690794029
2023-09-11,875.7575353033365,879.9982410594229,871.4181720869694,878.5189208984375,2733894,856.36611328125,862.2075256347656,801.8535055541993,860.472308722232,62.334468097056885,2.6225536517180217,-0.09084385890800328,2.713397510626025,876.0682035839218,856.36611328125,836.6640229785783,0.046013241292748704,12.982623522269781,0.014777853058637375,15.882924362039644,23.175094408676188,16.556226178849418,431181594.0,4348519.3,879.9982410594229,835.3720690497859,884.9079887226573,673.6452690794029
2023-09-12,882.5624724042685,884.1403899038642,872.7989348186501,878.12451171875,4106031,857.5175201416016,862.5087145996093,802.1050183105468,862.1534709123765,62.01611168117013,3.688058894479923,0.664936691769582,3.023122202710341,879.3631729006019,857.5175201416016,835.6718673826014,0.05095091877631347,12.865397205337231,0.01465099428799207,16.284690169572794,24.015530356449855,15.513719386675753,427075563.0,4344579.5,884.1403899038642,835.3720690497859,884.9079887226573,722.337827637255
2023-09-13,875.8067842822528,905.3438871940422,873.3412508203954,902.533203125,5222561,860.3873992919922,863.5729541015625,802.4535412597656,865.9991596945312,71.66190855092586,6.427959366150958,1.8175412266458573,4.610418139505101,889.0039639419447,860.3873992919922,831.7708346420397,0.06652018538044809,14.232342860216482,0.015769328830160852,18.019240194006493,30.799823693397332,13.022010762117613,432298124.0,4416585.8,905.3438871940422,835.3720690497859,905.3438871940422,722.337827637255
2023-09-14,907.6122163591562,907.9080683522764,897.5528272372292,902.3359985351562,5513106,863.2597442626953,864.6037976074218,802.8084411621094,869.4598110126859,71.50391995187843,8.485620516377026,3.151157084592091,5.334463431784934,896.2719214689523,863.2597442626953,830.2475670564384,0.07648260543980878,13.955407021275818,0.015465865313952777,19.760032276452616,30.4798172372856,12.331822256488389,426785018.0,4479593.45,907.9080683522764,835.3720690497859,907.9080683522764,722.337827637255
2023-09-15,900.0183987790812,935.6207415631934,897.4542678056854,923.2437744140625,14003428,867.1996673583984,865.9938952636719,803.3142651367187,874.5820932413884,77.2344102713211,11.668902735340112,4.854706214741695,6.814196520598417,908.1451442029356,867.1996673583984,826.2541905138612,0.09443148650935809,15.684768931006689,0.016988762194428055,22.45861517159477,37.8024815887621,10.188422719355808,440788446.0,4604597.8,935.6207415631934,835.3720690497859,935.6207415631934,722.337827637255
2023-09-18,916.5867864397319,922.8985162790999,905.3439292538741,907.5136108398438,2977375,869.57890625,867.0536828613281,803.7490466308594,877.7184282507651,66.41330032339343,12.775120453845489,6.438789062562455,6.336331391283034,913.9450956805521,869.57890625,825.212716819448,0.10204062934754984,15.842988661662528,0.017457576913916355,24.964442145655337,34.75174691832024,9.366196952138019,437811071.0,5058277.45,935.6207415631934,835.3720690497859,935.6207415631934,722.337827637255
2023-09-20,898.4404442785624,906.6260037958198,892.3259089088394,898.1445922851562,5241903,871.2086242675781,867.63255859375,804.0736633300781,879.6637772064214,60.93699616968794,12.748843733738113,7.700799996797587,5.048043736940526,917.2269736697748,871.2086242675781,825.1902748653814,0.10564254788199359,15.796182466615512,0.01758757175882467,25.881134097939626,32.36509805149695,14.609557082337501,432569168.0,5046139.1,935.6207415631934,835.3720690497859,935.6207415631934,722.337827637255
2023-09-21,897.651462729919,907.4642982518225,890.8958647182594,905.2946166992188,4896202,873.6642944335938,868.2268139648437,804.4347662353516,882.1048095390687,63.416238425695646,13.153342909320145,8.791308579302099,4.362034330018046,921.4217396987273,873.6642944335938,825.9068491684603,0.109326764454979,15.851343257111765,0.017509596284695818,26.588562731021536,29.948723403009158,14.16320889590108,437465370.0,5141540.8,935.6207415631934,835.3720690497859,935.6207415631934,722.337827637255
2023-09-22,905.2946469856972,909.6339500423854,891.3397026135427,898.8349609375,6112928,875.7328796386719,868.7301623535157,804.7633251953125,883.6981572913002,59.72800922198758,12.805062397410211,9.594059342923721,3.21100305448649,924.0844583704114,875.7328796386719,827.3813009069323,0.1104254044947803,16.025836412235403,0.017829565057772327,27.352387876023364,28.47376505386102,13.008353870985639,431352442.0,5293343.25,935.6207415631934,835.3720690497859,935.6207415631934,722.337827637255
2023-09-25,899.4266723357491,900.7580364245587,889.6138364047512,897.8487548828125,5278045,877.5524475097657,869.3099951171876,805.109287109375,885.0458332523966,59.16228427395182,12.307594705398515,10.13676641541868,2.170828289979834,926.3550741417727,877.5524475097657,828.7498208777587,0.1112244100520588,15.677148098490553,0.017460789485125187,27.8696632093106,27.0279967515629,13.134191825143684,426074397.0,5456853.25,935.6207415631934,835.3720690497859,935.6207415631934,722.337827637255
2023-09-26,897.4542161101915,908.2532651449808,895.4817892615977,900.1170043945312,5355047,879.640756225586,869.9067236328125,805.5193569946289,886.4811828849809,60.09839137784037,11.958526307117381,10.501118393758421,1.45740791335896,928.5523464276614,879.640756225586,830.7291660235105,0.1112081036625637,15.469600083125737,0.01718621024555741,28.741906428966587,28.894955455734657,12.359663472572073,431429444.0,5564538.55,935.6207415631934,835.3720690497859,935.6207415631934,722.337827637255
2023-09-27,902.3359473168656,908.3518248790391,894.9393469402484,907.5628662109375,4713145,882.8484130859375,870.817294921875,805.9634655761719,888.4889622493577,63.089440574258546,12.142732051002213,10.82944112520718,1.313290925795032,930.2253988961382,882.8484130859375,835.4714272757368,0.1073275663363264,15.322662787101809,0.016883307325115355,29.48685159976025,27.088327316668586,11.83975439097441,436142589.0,5677568.15,935.6207415631934,835.3720690497859,935.6207415631934,722.337827637255
2023-09-28,913.2336393937695,919.1509199945931,905.9356359086107,912.8884887695312,7386917,886.1966094970703,871.8864086914062,806.44107421875,890.8127266798504,65.1043017977535,12.573510065261416,11.17825491321803,1.3952551520433865,932.1046061837025,886.1966094970703,840.2886128104382,0.10360679829882358,15.172135737021849,0.016619922283686743,30.709719146075695,30.487084011011472,11.103132804360449,443529506.0,5210011.1,935.6207415631934,835.3720690497859,935.6207415631934,722.337827637255
2023-09-29,919.1509451291062,923.4903084325146,909.0915557938903,913.628173828125,5608557,889.6483581542968,873.0625964355469,806.9110913085938,892.9856264082574,65.3869172721837,12.826732558996014,11.507950442373627,1.318782116622387,932.8249178129671,889.6483581542968,846.4717984956266,0.09706432718708376,15.116894087136307,0.016546002542583753,32.036848439976104,30.463283120590795,10.347727901350913,449138063.0,5416273.7,935.6207415631934,840.9935062703851,935.6207415631934,722.337827637255
2023-10-03,905.5904812892251,915.4526155804227,903.4207997064234,912.5432739257812,4338272,892.5749450683594,873.9402465820312,807.4075894165039,894.8482595051644,64.5610276904874,12.79240793869792,11.764841941638485,1.027565997059435,933.5724385285048,892.5749450683594,851.577451608214,0.09186341984314948,14.896531357626523,0.016324191721386886,32.56499469696461,28.705785712900603,12.469859755396854,444799791.0,5070292.05,935.6207415631934,846.56561863347,935.6207415631934,722.337827637255
2023-10-04,905.6397695897889,913.184326313958,905.6397695897889,911.5077514648438,5603669,895.4818084716796,874.7746069335938,807.85154296875,896.4348777870387,63.73355474427064,12.537127222905951,11.91929899789198,0.6178282250139713,933.048912689015,895.4818084716796,857.9147042543443,0.08390366808556651,14.371390312379562,0.015766613382369964,33.055416221311084,27.629379126544173,12.00226624285914,439196122.0,5065810.7,935.6207415631934,846.56561863347,935.6207415631934,722.337827637255
2023-10-05,912.2967733498577,916.784032673227,906.7247032691707,916.0443725585938,7063132,898.5859161376953,875.6574853515625,808.3616198730468,898.302448717663,65.80154066527243,12.556143419175328,12.04666788214865,0.5094755370266775,931.9405849564824,898.5859161376953,865.2312473189082,0.07423812953168071,14.063385961785041,0.015352297752241792,33.71138840997729,28.046051847194,11.38904900494898,446259254.0,5190861.7,935.6207415631934,853.8636011274664,935.6207415631934,722.337827637255
2023-10-06,916.3895554485728,916.3895554485728,911.5570854361968,913.282958984375,2420855,900.8418792724609,876.5734887695312,808.8718795776367,899.7291639811594,63.43057708975928,12.20766849102506,12.078868003923933,0.12880048710112746,931.6684064030513,900.8418792724609,870.0153521418705,0.06843937396757482,13.404034822541538,0.014676760023473583,34.32050544231019,27.32381886547599,11.095761847576778,443838399.0,5433180.6,935.6207415631934,861.1122822179088,935.6207415631934,722.337827637255
2023-10-09,905.3439637249619,915.2553970407287,903.9139421574639,911.8036499023438,2248103,903.2704315185547,877.3470092773438,809.3924130249023,900.8791150212721,62.13886918580719,11.67752053232914,11.998598509604976,-0.3210779772758361,929.1127203374539,903.2704315185547,877.4281426996555,0.05721938395670455,13.256707684021768,0.014538993878168387,33.84504170556996,25.654088091722617,14.53591919876053,441590296.0,5342468.55,935.6207415631934,866.0433507130305,935.6207415631934,722.337827637255
2023-10-10,911.8036443363156,940.8969414679625,908.3518972190016,935.2755126953125,7897875,906.3523498535156,878.4770727539062,809.9436700439453,904.1549624187998,71.91243534547075,13.001484599088144,12.19917572750161,0.8023088715865345,932.0247032898683,906.3523498535156,880.679996417163,0.05664983036785152,14.634446010088851,0.01564720321599648,34.79954345514142,34.09425828733706,12.226923924397708,449488171.0,5228232.0,940.8969414679625,871.4181720869694,940.8969414679625,722.337827637255
2023-10-11,935.4234457782845,943.6090052735049,934.9303390593714,942.425537109375,5645289,909.5476806640625,879.7511181640625,810.5868801879883,907.7997790559973,74.10531481618492,14.460985634860549,12.651537708973398,1.8094479258871505,936.446457388767,909.5476806640625,882.6489039393579,0.05914759016276253,14.209033167520612,0.015077088436188626,35.798450387956926,33.9701606363721,11.693493684662165,455133460.0,5436052.25,943.6090052735049,872.7989348186501,943.6090052735049,722.337827637255
2023-10-12,942.4255453988175,943.609013573357,933.9441338363861,937.2479248046875,5544735,912.5038513183594,881.0237084960937,811.2775842285156,910.6043643653963,69.85238143517645,15.026642893455119,13.126558745869744,1.9000841475853747,937.8921558169501,912.5038513183594,887.1155468197686,0.0556453640429253,13.884450779624203,0.014814064040224548,36.60318675695383,32.28113082881864,11.619435053498583,449588725.0,5581622.0,943.609013573357,873.3412508203954,943.609013573357,722.337827637255
2023-10-13,933.2537507159111,942.7707343311474,933.2537507159111,941.0448608398438,4421671,914.4294342041015,882.3378771972656,811.9745111083985,913.5034592677247,71.15954452055493,15.601467347939774,13.62154046628375,1.9799268816560236,942.2281681201574,914.4294342041015,886.6307002880457,0.06080017303959876,13.572488839310783,0.014422786207235536,37.25970982334106,30.664315073188497,11.400801287025402,454010396.0,5653557.2,943.609013573357,889.6138364047512,943.609013573357,722.337827637255
2023-10-16,944.7431622956171,945.5321209966937,930.8375168901686,933.5003051757812,1881721,915.9876495361328,883.767197265625,812.6727377319336,915.4079207827776,65.1178102454522,15.27218899180798,13.951670171388598,1.320518820419382,944.387418090114,915.9876495361328,887.5878809821517,0.06200906435444443,13.652639929826096,0.014625212069165052,38.00822259987711,29.751559609565188,10.524308000373262,452128675.0,5613512.7,945.5321209966937,889.6138364047512,945.5321209966937,722.337827637255
2023-10-17,933.5003506681002,947.0114872846042,932.9579452967827,940.5025024414062,3863410,916.8505859375,885.4622180175782,813.3944403076172,917.7978809407423,67.84642999485177,15.398745172816689,14.241085171674218,1.157660001142471,947.0703402371813,916.8505859375,886.6308316378187,0.06592078308764114,13.681275791111483,0.01454677234307926,38.77895788234175,28.340986462992518,9.752117042692763,455992085.0,5431943.45,947.0114872846042,889.6138364047512,947.0114872846042,722.337827637255
2023-10-18,939.8613960329486,945.680079330356,937.5438185567234,939.7134399414062,2334392,918.4605773925781,886.7890258789063,814.0935452270508,919.8850770360435,67.20842403496442,15.259469443717194,14.444762026082815,0.8147074176343789,949.9243892696753,918.4605773925781,886.9967655154809,0.0685142349090692,13.285203289862988,0.014137504823482526,39.49464064463035,27.10120944289741,9.325510487462372,453657693.0,4924942.55,947.0114872846042,889.6138364047512,947.0114872846042,722.337827637255
2023-10-19,932.7606353255136,938.1848091048574,928.3719735925793,929.949951171875,4306963,920.0508453369141,887.8862060546875,814.7978265380859,920.8436364775513,59.72451228891352,14.197599390087248,14.395329498883703,-0.19773010879645447,950.4434256993865,920.0508453369141,889.6582649744417,0.06606717556211336,13.146364936931846,0.014136637052741896,38.806847441519075,25.431179870987535,13.734222580272375,449350730.0,4892793.4,947.0114872846042,889.6138364047512,947.0114872846042,722.337827637255
2023-10-20,924.8709418589913,934.437224160907,924.0819831543746,932.1689453125,3125104,921.3945617675781,889.1455688476562,815.4300033569336,921.9222373189749,60.7930834323012,13.380867691024378,14.192437137311838,-0.8115694462874607,951.4329881309428,921.3945617675781,891.3561354042134,0.06520209172005487,12.946998941903315,0.013889112061722855,37.609466026658964,23.978300449574036,15.316375546769727,452475834.0,4846046.4,947.0114872846042,889.6138364047512,947.0114872846042,722.337827637255
2023-10-23,928.6185596560593,936.015160524795,924.0820018673782,926.3502807617188,2180066,922.7703277587891,890.3219372558593,816.1049966430664,922.3439557420934,56.55576262824518,12.12432268980433,13.778814247810338,-1.6544915580060078,951.0167583715992,922.7703277587891,894.523897145979,0.06122093388376406,12.874581778725707,0.013898178740917748,36.62736790614852,23.266248320053553,14.302346827249353,450295768.0,4757491.5,947.0114872846042,889.6138364047512,947.0114872846042,722.337827637255
2023-10-25,911.8529200386376,926.695480424769,906.3301488673036,909.8804931640625,6365249,923.3719146728515,891.3436535644531,816.6613180541992,921.1569593060905,46.64529063767074,9.68785198088949,12.960621794426169,-3.2727698135366783,949.9317682748008,923.3719146728515,896.8120610709022,0.05752796501582867,13.409635334349973,0.014737798463750616,34.25465614373019,20.74234426938896,22.206648621238823,443930519.0,4560848.4,947.0114872846042,894.9393469402484,947.0114872846042,722.337827637255
2023-10-26,908.9436679922419,911.8529495715125,887.6414209406829,893.0162963867188,6595332,923.016879272461,892.033017578125,817.1131936645507,918.4768961709123,39.09154062274722,6.323241261115186,11.633145687763975,-5.309904426648789,950.9642613450449,923.016879272461,895.0694971998771,0.060556600209982124,14.181199141241372,0.015880112377143266,33.429578168838354,18.21281879824024,28.91178320781151,437335187.0,4615208.6,947.0114872846042,887.6414209406829,947.0114872846042,722.337827637255
2023-10-27,898.1938860436366,905.7384428998489,893.9531803113205,901.9907836914062,3508393,922.7382751464844,892.9709057617188,817.638410949707,916.9067902204831,44.26424177460053,4.331004029060637,10.172717356023307,-5.841713326962671,951.3983470028235,922.7382751464844,894.0782032901453,0.06211961208998141,14.076981096376285,0.015606568660010138,32.66343433501022,17.037109382066635,27.045413365100604,440843580.0,4677222.85,947.0114872846042,887.6414209406829,947.0114872846042,722.337827637255
2023-10-30,902.1880683635893,919.1016534149405,897.7994063928543,913.480224609375,3686768,922.7678619384766,894.3377978515625,818.2441455078125,916.5804506384727,50.10622216113836,3.6373148289806068,8.865636850614768,-5.2283220216341615,951.3883940598871,922.7678619384766,894.1473298170661,0.06203192222426734,14.593071519641281,0.01597524623577003,30.706490034283384,21.801563809243433,24.22544462884902,444530348.0,4616985.25,947.0114872846042,887.6414209406829,947.0114872846042,722.337827637255
2023-10-31,907.6122636166848,910.8174574620398,899.8212131549619,901.7936401367188,5697563,922.1761352539063,895.475888671875,818.8459317016601,915.172182971639,44.94576318523877,2.120112109401248,7.516531902372065,-5.396419792970817,951.9924246495154,922.1761352539063,892.3598458582971,0.06466506398454935,14.526352943553553,0.016108289410148476,28.889327469322748,20.337290021795024,22.598374026497694,438832785.0,4431977.8,947.0114872846042,887.6414209406829,947.0114872846042,722.337827637255
2023-11-01,890.5507468445904,901.9415001724689,883.1048473233325,900.856689453125,4821458,921.5918060302735,896.6041162109375,819.328173828125,913.8088026365425,44.54961792223556,0.8325171935537128,6.179728960608395,-5.347211767054683,952.5755227397558,921.5918060302735,890.6080893207911,0.06723956638230907,14.834231508238041,0.01646680507777916,28.358586684197768,18.492683550895915,28.5978126318176,434011327.0,4436428.1,947.0114872846042,883.1048473233325,947.0114872846042,722.337827637255
2023-11-02,907.3163835051998,913.1843656329122,903.7660391254826,911.11328125,6611573,921.5720825195312,897.6278051757813,819.9920202636719,913.5520863140147,49.7688853022652,0.6324200416453323,5.070267176815784,-4.437847135170451,952.5819424044839,921.5720825195312,890.5622226345786,0.06729774148577351,14.655191841920123,0.016084928343722486,26.910001776954413,22.86127056868559,26.879530433467515,440622900.0,4460587.4,947.0114872846042,883.1048473233325,947.0114872846042,722.337827637255
2023-11-03,912.2474246213361,920.827493518675,909.4860390504098,917.9181518554688,3895154,921.665771484375,898.6751635742188,820.823893737793,913.9679020798675,52.93416610927642,1.0112803835592103,4.258469818164469,-3.247189434605259,952.6195341954409,921.665771484375,890.7120087733091,0.06716917057951233,14.418496315230492,0.015707823498298967,24.988720897836647,25.36317961609125,25.36930275747935,444518054.0,4510982.6,947.0114872846042,883.1048473233325,947.0114872846042,722.337827637255
2023-11-06,921.3206416028502,927.7310291988325,917.1785329636305,926.251708984375,2760800,922.314208984375,900.0765734863281,821.7398931884766,915.1377884517253,56.54551359633973,1.9613689080647418,3.7990496361445243,-1.8376807280797824,953.0811619806681,922.314208984375,891.5472559880819,0.06671685787031889,14.142353452371317,0.015268369618317094,23.68646488094005,27.498148129681045,24.01718656297994,447278854.0,4352583.7,947.0114872846042,883.1048473233325,947.0114872846042,722.337827637255
2023-11-07,923.1451095320351,926.0051526817365,919.594765106062,924.22998046875,3616946,922.9355255126953,901.4119079589843,822.609461364746,916.0037115009658,55.434245704276954,2.5221109883191275,3.5436619065794455,-1.021550918260318,953.3279740056246,922.9355255126953,892.5430770197661,0.0658603936088517,13.607681339938578,0.01472326328673849,22.47722715096464,26.53727471727368,23.177949102320348,443661908.0,4369580.95,947.0114872846042,883.1048473233325,947.0114872846042,722.337827637255
2023-11-08,928.815815102141,928.815815102141,921.5178716888993,923.83544921875,1808553,922.3635223388671,902.6594689941406,823.5023355102539,916.749591283612,55.206236692853146,2.9012242450617123,3.415174374275899,-0.5139501292141868,952.2315502395134,922.3635223388671,892.4954944382209,0.06476411344826144,13.156985773745943,0.014241698329364033,21.56062447413198,27.011757650387725,22.259635418773176,441853355.0,4438023.1,947.0114872846042,883.1048473233325,947.0114872846042,722.337827637255
2023-11-09,923.8354570439095,924.3778624072252,917.7209215638343,919.49609375,3914416,921.2170501708985,903.8823742675781,824.3413623046876,917.0111629470774,52.64156845932814,2.8190285057424944,3.2959452005692187,-0.4769166948267243,949.642198173294,921.2170501708985,892.7919021685029,0.061712162181805634,12.692696850149153,0.013803970388154955,20.371847715115834,25.999839003234293,23.562487754487773,437938939.0,4133557.0,947.0114872846042,883.1048473233325,947.0114872846042,722.337827637255
2023-11-10,916.1922738561013,924.0819812735921,916.1922738561013,922.6026611328125,1345614,920.4847869873047,905.4662329101562,825.142664489746,917.5436865838142,54.27913050528754,2.9703217945830147,3.2308205193719783,-0.26049872478896363,947.9589638943677,920.4847869873047,893.0106100802417,0.05969501570359342,12.349626176387837,0.013385639015201211,19.130472895288243,24.813388268916363,23.371409884911753,439284553.0,4047013.35,947.0114872846042,883.1048473233325,947.0114872846042,722.337827637255
2023-11-13,925.0681983988553,927.3364772517135,920.926089949376,922.1095581054688,1656368,919.5380218505859,906.9899328613282,825.9638348388672,917.9785314906384,53.960185751059434,3.015670747537797,3.1877905650051424,-0.17211981746734528,945.368809463376,919.5380218505859,893.7072342377958,0.056182097964378286,11.925394828241387,0.012932730957417739,18.257508821777297,25.80997802621,22.47404642937492,437628185.0,3837057.3,947.0114872846042,883.1048473233325,947.0114872846042,722.337827637255
2023-11-15,934.9303441097862,939.5655593313472,923.2930375193099,936.9027709960938,4816316,919.7081451416016,908.8361242675782,826.8960302734375,919.7808400149675,61.305940128537934,4.196919294574741,3.3896163109190622,0.8073029836556787,945.9461262454739,919.7081451416016,893.4701640377292,0.05705718981064947,12.320438142358322,0.013150177930693396,18.38066072086158,30.287840576768552,20.199620230933355,442444501.0,3698792.15,947.0114872846042,883.1048473233325,947.0114872846042,722.337827637255
2023-11-16,935.9165790075699,940.749049067278,930.2458515794418,936.458984375,5310736,919.5059692382813,910.4850732421875,827.7855114746094,921.3692347159229,60.99155000692432,5.039169003595362,3.719526849454322,1.3196421541410395,945.1556323145455,919.5059692382813,893.8563061620171,0.05579009584355915,12.19063523846388,0.01301779943581833,18.577460802356686,29.11732734757328,18.956507931353393,437133765.0,3845521.9,945.680079330356,883.1048473233325,947.0114872846042,722.337827637255
2023-11-17,935.7193104110979,940.8476323958093,932.9579247866202,934.239990234375,3249469,919.2322967529296,912.1024633789062,828.6494177246094,922.5950209557755,59.35257425465519,5.464611049261293,4.0685436894157165,1.3960673598455768,944.1191513132803,919.2322967529296,894.345442192579,0.05414704128273193,11.883426122087114,0.012719885946121714,18.767483459632267,27.79574560349791,18.057528946835074,433884296.0,3917888.2,940.8476323958093,883.1048473233325,947.0114872846042,722.337827637255
2023-11-20,935.9165590901432,951.0056127564409,928.9637663432277,948.1456298828125,4646962,920.1420806884765,913.9861315917968,829.5786801147461,925.0284122821599,65.59245200451383,6.844941614837921,4.6238232745001575,2.221118340337764,947.7150247815123,920.1420806884765,892.5691365954408,0.05993192719195036,12.609027571453263,0.01329861908767295,19.649508372082284,30.079418258130506,15.802787949375855,438531258.0,3963642.05,951.0056127564409,883.1048473233325,951.0056127564409,722.337827637255
2023-11-21,953.668373421375,962.8894447849433,947.7510929244481,957.4652709960938,5704644,921.4068969726562,915.7721630859374,830.5643579101562,928.1176369215822,69.02450646471847,8.591839307846726,5.417426481169471,3.174412826677255,953.08564722322,921.4068969726562,889.7281467220924,0.06876169552159078,12.789693592099113,0.013357866838129204,21.13990774663545,34.17328593939543,14.466733578544526,444235902.0,3980642.0,962.8894447849433,883.1048473233325,962.8894447849433,722.337827637255
2023-11-22,960.8677523229487,962.8401792230035,952.6328940926968,956.3804931640625,3309732,922.9084075927734,917.6351208496094,831.5657180786133,930.8093375161042,68.17212581986577,9.776043664112194,6.289149917758016,3.486893746354178,958.0405603637472,922.9084075927734,887.7762548217996,0.0761335631617208,12.605235844828224,0.013180147373275478,22.52385002300625,32.19668965083228,13.629972023050724,440926170.0,4109619.0,962.8894447849433,883.1048473233325,962.8894447849433,722.337827637255
2023-11-23,956.6270204282941,967.4753680826356,950.4138879013639,963.1853637695312,2749555,925.5736511230468,919.4260852050782,832.6006115722656,933.8927685878591,70.6228981675193,11.135269875706626,7.258373909347739,3.8768959663588873,964.2564043203175,925.5736511230468,886.8908979257761,0.08358654797559308,12.923539011717043,0.013417499370151723,24.055953471142683,31.722448167137692,12.344678921548496,443675725.0,4166102.3,967.4753680826356,883.1048473233325,967.4753680826356,722.337827637255
2023-11-24,961.5581133824509,963.6784963766171,957.6132595839587,959.733642578125,2322104,928.9095184326172,921.0503796386719,833.6241369628906,936.3538042059797,67.77222389287712,11.797942056123475,8.166287538702887,3.6316545174205874,967.2921718824447,928.9095184326172,890.5268649827898,0.0826402414620358,12.433660281784285,0.012955323988001338,25.478620958697945,30.617129704328654,11.914548136637253,441353621.0,3985317.6,967.4753680826356,883.1048473233325,967.4753680826356,722.337827637255
2023-11-28,960.6211428146819,974.378831677202,957.8104587238577,971.3215942382812,5096984,932.3760589599609,922.9143212890625,834.6631436157227,939.6840699233418,71.87642172768886,13.107075183971006,9.154445067756512,3.9526301162144932,972.8728940431411,932.3760589599609,891.8792238767808,0.08686802861144508,12.728996901181432,0.01310482231290618,27.338663559962733,33.77503484420671,10.806814810286376,446450605.0,3771656.2,974.378831677202,883.1048473233325,974.378831677202,722.337827637255
2023-11-29,982.1699866016216,993.2155289479946,977.2882180466725,981.6768798828125,5647918,935.7858917236329,924.4971948242187,835.6795620727539,943.683385157577,74.94685896235282,14.80944358131876,10.285444770468963,4.523998810849797,980.598719032585,935.7858917236329,890.9730644146807,0.0957758130471725,13.383635316076568,0.013633442520999616,29.770200545136706,39.88164666827237,9.544058934554627,452098523.0,3851085.75,993.2155289479946,883.1048473233325,993.2155289479946,722.337827637255
2023-11-30,981.2823382714245,1004.1625013130739,979.0140594779771,1000.7107543945312,9934052,940.7317474365234,926.4646899414063,836.8090664672851,949.1145631801442,79.39899020075494,17.49281116329439,11.72691804903405,5.765893114260342,990.9542171235919,940.7317474365234,890.5092777494549,0.1067732003813495,14.223978638863729,0.014213876063987926,32.339562675637964,40.342317279057305,8.338759182433488,462032575.0,3949143.25,1004.1625013130739,883.1048473233325,1004.1625013130739,722.337827637255
2023-12-01,1001.0066063773827,1008.4525055486441,994.3003672600947,1000.7107543945312,5544950,945.7244506835938,928.0140295410156,837.9550143432617,954.028486152943,79.39899020075494,19.39581640657127,13.260697720541494,6.135118686029777,998.8665274581539,945.7244506835938,892.5823739090337,0.11238384866997499,14.218847185269848,0.014208748255006813,34.83671476552387,39.62933186305372,7.745927953536894,462032575.0,4160967.7,1008.4525055486441,903.7660391254826,1008.4525055486441,722.337827637255
2023-12-04,1021.7171497734981,1029.6068574937567,1011.0659961961945,1018.659912109375,5164902,951.1017822265625,930.2369555664062,839.2437200927734,960.1838600535556,82.75132737279104,22.097581626772012,15.028074501787598,7.069507124984414,1010.5387004053126,951.1017822265625,891.6648640478123,0.12498539964798772,15.267222607695249,0.014987556127619544,37.60995657306367,44.16894478871153,6.698739951520088,467197477.0,4197142.3,1029.6068574937567,909.4860390504098,1029.6068574937567,722.337827637255
2023-12-05,1024.4786206887675,1031.529950826312,1008.0087831874522,1016.8847045898438,4266159,956.0501098632812,932.6117578125,840.5650265502929,965.5839404855831,81.34151544078259,23.820912961533395,16.786642193736757,7.034270767796638,1019.9253896434583,956.0501098632812,892.1748300831042,0.1336232884054821,15.856790109921286,0.015593498494322478,39.82052252641508,39.48908773421219,7.366138201185394,462931318.0,4124808.75,1031.529950826312,916.1922738561013,1031.529950826312,722.337827637255
2023-12-06,1014.9122104438597,1020.7308937222647,999.4780064762542,1010.3262939453125,4121251,960.2538391113281,934.7123913574219,841.8275256347656,969.8451170055573,76.17795034107519,24.376459876537297,18.304605730296867,6.07185414624043,1026.7441233741115,960.2538391113281,893.7635548485448,0.13848480798434948,16.242225619641943,0.01607621786840392,40.896099311156824,35.79827963967855,10.429256268528665,458810067.0,4143359.0,1031.529950826312,916.1922738561013,1031.529950826312,722.337827637255
2023-12-07,1001.0066415405273,1005.6418567469901,984.2410130615234,986.2134399414062,13805235,963.3530120849609,936.4599609375,842.9859045410157,971.4040049042096,60.87680493045381,22.610390503347958,19.165762684907087,3.444627818440871,1028.604639693896,963.3530120849609,898.101384476026,0.13546773984276536,16.945300995652453,0.017182184210204253,40.40110335854955,31.862050695075204,15.705262800287281,445004832.0,4211381.55,1031.529950826312,916.1922738561013,1031.529950826312,722.337827637255
2023-12-08,984.9313421944802,990.158261215946,977.633338900871,986.4599609375,6630766,966.4842376708984,938.2321850585937,844.1131192016602,972.8379054788087,60.96313450051647,20.98871514223731,19.530353176373133,1.458361965864178,1029.8326020776678,966.4842376708984,903.1358732641291,0.13109032085082045,16.629559661325494,0.01685781513678598,39.37384512124029,30.14793559830012,17.6985301636226,451635598.0,4720796.0,1031.529950826312,916.1922738561013,1031.529950826312,722.337827637255
2023-12-11,982.367182940045,990.7499971752111,978.3730305490866,987.0516967773438,6195119,969.8620178222657,939.97087890625,845.1932257080078,974.191599888193,61.18454012158428,19.526188129819275,19.529520167062362,-0.0033320372430871714,1029.9486604227793,969.8620178222657,909.7753752217519,0.12390761055976318,16.325803015953994,0.01653996753083615,38.450020873495106,28.77427139449172,16.740125689461802,457830717.0,4961906.65,1031.529950826312,916.1922738561013,1031.529950826312,722.337827637255
2023-12-12,985.4737231617027,987.051640497346,973.3926092175137,981.5288696289062,7119331,972.8083282470703,941.4501989746094,846.2503814697266,974.8903874825465,57.8846794936848,17.717245562609946,19.16706524617188,-1.449819683561934,1028.988532641502,972.8083282470703,916.6281238526389,0.1155010761383266,16.135323340516567,0.016438969692880216,37.149367880228596,27.034387307558244,17.932661402732773,450711386.0,5075941.8,1031.529950826312,920.926089949376,1031.529950826312,722.337827637255
2023-12-13,979.5071652807429,988.1858312006535,977.8305904545389,986.1148071289062,4153219,976.0085906982422,942.9147253417968,847.3680172729493,975.9593798298189,59.82239198393395,16.4639067072452,18.626433538386546,-2.1625268311413457,1027.3563079215717,976.0085906982422,924.6608734749127,0.1052198058760836,15.722460298059287,0.01594384364213692,36.009309827618765,26.277833055571175,17.089022873050233,454864605.0,5364627.65,1031.529950826312,923.2930375193099,1031.529950826312,722.337827637255
2023-12-14,992.1306945323441,997.2590163241321,985.375156723591,991.3417358398438,6541673,978.7305389404297,944.4689965820312,848.5002523803711,977.4243661164879,61.970110778135506,15.711286171210872,18.04340406495141,-2.332117893740538,1027.1879439079448,978.7305389404297,930.2731339729146,0.09902093178777263,15.448274533950844,0.015583197978508786,35.473411656404906,29.029117822965514,16.150020415492154,461406278.0,5489470.2,1031.529950826312,928.9637663432277,1031.529950826312,722.337827637255
2023-12-15,985.8683015288926,996.9138440381273,974.6254440967956,978.8661499023438,10119597,980.8508972167969,945.7954541015625,849.5706005859375,977.561678857998,54.48392219801464,13.947376774218583,17.224198606804848,-3.276821832586265,1025.2666965712624,980.8508972167969,936.4350978623313,0.09056585354715407,15.936854920192333,0.016280933733158785,34.00347864990503,26.12922414335859,19.354690848446715,451286681.0,5575738.05,1031.529950826312,928.9637663432277,1031.529950826312,722.337827637255
2023-12-18,981.2823531014303,985.0299520594615,968.609534729305,976.5978393554688,5750263,982.9687896728516,947.097255859375,850.6634756469726,977.4698846196618,53.22493907938393,12.225504162873108,16.2244597180185,-3.9989555551453932,1022.0062553790689,982.9687896728516,943.9313239666343,0.07942768095253484,15.971395092332632,0.016354116759948363,32.14605754710535,24.210379490748004,20.62382962562056,445536418.0,5816181.1,1031.529950826312,928.9637663432277,1031.529950826312,722.337827637255
2023-12-19,981.7261869940402,984.1917206093783,972.3078606221873,974.8226928710938,3912964,984.3026428222656,948.272822265625,851.7926333618165,977.2177711197982,52.20820662653825,10.595529557933105,15.098673686001423,-4.5031441280683175,1020.1850669172945,984.3026428222656,948.4202187272367,0.07290933201630782,15.679428299108233,0.016084389924211184,30.421309380219938,22.89968684022408,19.507304297040374,441623454.0,5941220.8,1031.529950826312,947.7510929244481,1031.529950826312,722.337827637255
2023-12-20,979.2113323582611,979.9509924259523,955.6408074570255,958.1556396484375,3990591,984.3371612548829,949.1702758789063,852.8671710205078,975.4023300272877,43.7565165609499,7.868171652449746,13.652573279291087,-5.7844016268413405,1020.1174329494067,984.3371612548829,948.556889560359,0.0726992195416241,16.29591091838099,0.01700758232176165,28.92396323293061,20.45956715268586,24.734203358592787,437632863.0,5904520.9,1031.529950826312,950.4138879013639,1031.529950826312,722.337827637255
2023-12-21,954.654614673378,968.0177948131771,946.7649071140938,964.4181518554688,4294277,984.7390441894531,950.2225659179687,853.9936367797851,974.3562178204478,47.214283030673066,6.14126063016829,12.150310749466527,-6.009050119298237,1019.4178580662899,984.7390441894531,950.0602303126163,0.07043249494668144,16.649980688431157,0.01726427551824676,28.08226159471364,18.59416437532917,26.286829732500216,441927140.0,5818818.25,1031.529950826312,946.7649071140938,1031.529950826312,722.337827637255
2023-12-22,968.3629742106023,985.1779008619243,962.1004829224306,975.907470703125,4605120,985.3751495361328,951.035205078125,855.2298248291015,974.5039561902266,52.93149426978238,5.634808647508066,10.847210329074835,-5.212401681566769,1018.8966161206374,985.3751495361328,951.8536829516281,0.06803797842940315,17.109083349221336,0.017531460576784525,26.108214871508594,23.966854743037796,23.754206131094335,446532260.0,5868045.5,1031.529950826312,946.7649071140938,1031.529950826312,722.337827637255
2023-12-26,981.2823795830698,988.6789804341984,976.0061617200747,986.0654907226562,2460643,986.6917419433594,951.9080041503906,856.4777801513671,975.6050547171247,57.33169667018638,5.984127823363565,9.874593827932582,-3.890466004569017,1018.0820748196489,986.6917419433594,955.3014090670698,0.06362743609156812,16.799256662210766,0.017036654076494576,24.50224161310537,24.154001793386964,22.4642805415395,448992903.0,5960823.75,1031.529950826312,946.7649071140938,1031.529950826312,722.337827637255
2023-12-27,986.2134182789054,1009.9318991434651,984.2409914423476,1007.1211547851562,4791379,988.4817199707031,953.30546875,857.8805902099609,978.6065880569372,64.69851246380651,7.869269862727606,9.473529034891587,-1.6042591721639816,1020.2427150188394,988.4817199707031,956.7207249225669,0.06426217987941664,17.434374593561245,0.017311099573993585,24.199839315683054,30.31897216829165,20.099790145743068,453784282.0,5967750.7,1031.529950826312,946.7649071140938,1031.529950826312,722.337827637255
2023-12-28,1009.7838897772814,1027.5849688056066,1008.1073150159249,1022.4073486328125,5288328,990.5182434082031,954.9327185058594,859.2405541992188,982.7780890641634,68.89699107252741,10.475966184974254,9.67401646490812,0.8019497200661334,1025.3478225314332,990.5182434082031,955.6886642849731,0.07032597199499813,17.650763124053327,0.01726392435232038,24.68110286768182,34.951977674806606,18.43527948528633,459072610.0,5952470.45,1031.529950826312,946.7649071140938,1031.529950826312,722.337827637255
2023-12-29,1018.9064574386966,1028.8671892794778,1010.2770896877305,1017.969482421875,4631749,991.3811798095703,956.6221020507812,860.5675302124023,986.1296503363264,66.42695766559063,12.04484758090507,10.14818268810751,1.8966648927975598,1027.9879769052739,991.3811798095703,954.7743827138669,0.07385009488022581,17.717858586031465,0.017405097983761254,25.17908919769913,32.84942312517899,17.053648145967323,454440861.0,5934490.95,1031.529950826312,946.7649071140938,1031.529950826312,722.337827637255
2024-01-01,1017.7228936715331,1017.7228936715331,993.1169169235629,999.08349609375,3804406,991.2998168945312,957.7937219238281,861.8003216552735,987.3633499322715,57.05284764084768,11.630190533525592,10.444584257191128,1.1856062763344646,1027.8304623412143,991.2998168945312,954.7691714478482,0.0737025162803389,18.227480508337223,0.018244201390177732,24.41995458501152,29.650201725746008,22.117393078840553,450636455.0,5669375.8,1031.529950826312,946.7649071140938,1031.529950826312,722.337827637255
2024-01-02,1003.3736129464141,1011.3125591830157,1001.992890004757,1007.6143188476562,6865791,990.7475372314453,959.1517395019531,863.0421438598632,989.2920136384986,59.81165714783627,11.85330046784452,10.726327499321807,1.126972968522713,1025.9155004680172,990.7475372314453,955.5795739948736,0.07099278456920616,17.79902212126068,0.01766451884250343,23.71504387323017,28.195088931012002,21.031960272923527,457502246.0,5582348.6,1031.529950826312,946.7649071140938,1031.529950826312,722.337827637255
2024-01-03,1017.7229677631221,1022.7033940666183,1007.269128796139,1020.9281616210938,3604276,990.9497100830079,960.9713037109375,864.3488171386718,992.3049801130314,63.72779919900584,12.955094279020159,11.172080855261477,1.7830134237586819,1026.757053700859,990.9497100830079,955.1423664651569,0.07226874028723734,17.630110917633445,0.017268708593207234,23.61536047127222,31.046999545604844,19.71678803506033,461106522.0,5667393.05,1028.8671892794778,946.7649071140938,1031.529950826312,722.337827637255
2024-01-04,1020.9775004580986,1044.2028759598666,1013.3837048520998,1033.453125,4664043,992.1060516357422,962.9969873046875,865.7595922851563,996.2238510546474,66.98693125883486,14.669829024223986,11.87163048905398,2.798198535170007,1031.6412892005674,992.1060516357422,952.570814070917,0.07969961981310603,18.572186645500114,0.017971000518770614,24.388201034380067,35.63567915375715,17.37974856943813,465770565.0,5634298.9,1044.2028759598666,946.7649071140938,1044.2028759598666,722.337827637255
2024-01-05,1039.2718299091878,1048.9860087642198,1024.6264631883344,1032.1710205078125,4008221,994.4039306640625,965.1134020996094,867.1320516967774,999.6473910025679,66.32992546239245,15.743828491611225,12.646070089565429,3.0977584020457964,1037.4853627296286,994.4039306640625,951.3224985984964,0.08664775095326975,18.985569426241927,0.01839382142011826,25.274538267589826,34.16931856735631,15.786949443692341,461762344.0,5661438.5,1048.9860087642198,946.7649071140938,1048.9860087642198,722.337827637255
2024-01-08,1035.524134907209,1044.4000560635563,1030.839620963581,1034.5872802734375,4489695,996.8102966308594,967.6075378417969,868.5909561157226,1002.9749995045555,66.9870806389226,16.59861428364127,13.436578928380596,3.162035355260672,1043.1046417101231,996.8102966308594,950.5159515515958,0.09288496564639216,18.598059831508603,0.017976308220794292,26.09756569842746,32.38975188505257,14.964751916111323,466252039.0,5171587.8,1048.9860087642198,946.7649071140938,1048.9860087642198,722.337827637255
2024-01-09,1042.4276178663692,1053.1773685613894,1033.6010556335234,1049.82421875,3371125,999.9489227294922,970.7436962890625,870.1785662841797,1007.4368299088836,70.85067193150607,18.294642525856148,14.408191647875707,3.8864508779804403,1051.396095874774,999.9489227294922,948.5017495842106,0.10289960212137594,18.667935052676984,0.017781962655523835,27.183259899142843,33.32205842541565,13.843828083075001,469623164.0,5064534.25,1053.1773685613894,946.7649071140938,1053.1773685613894,722.337827637255
2024-01-10,1052.2403572179799,1058.5029087264575,1040.7510672186897,1048.0489501953125,3111573,1003.2749267578125,973.6648596191407,871.7018341064453,1011.3046508885435,69.82532405260673,19.27333676225055,15.381220670750677,3.892116091499874,1058.023673507413,1003.2749267578125,948.526180008212,0.1091400677709085,18.60249979946918,0.01774964785375955,28.37781749388106,33.09561465246091,12.900201286981163,466511591.0,4923334.55,1058.5029087264575,946.7649071140938,1058.5029087264575,722.337827637255
2024-01-11,1051.0569423823747,1059.0946057565116,1042.7727256555797,1048.1968994140625,2604325,1006.3790313720704,976.3591931152343,873.2378677368164,1014.8181983671643,69.86446573228285,19.832283047391343,16.27143314607881,3.560849901312533,1063.8558631667772,1006.3790313720704,948.9021995773635,0.11422501861221113,18.439598392430796,0.017591731479780614,29.50824986716728,31.23233828315037,12.084582583444513,469115916.0,4722946.65,1059.0946057565116,946.7649071140938,1059.0946057565116,722.337827637255
2024-01-12,1043.5123480923305,1063.6804838450962,1037.101961154325,1061.5107421875,3394013,1009.8874816894531,979.55353515625,874.8299169921875,1019.2651073024344,73.22977028248323,21.106267930241756,17.2384001029114,3.8678678273303575,1071.669569342279,1009.8874816894531,948.1053940366273,0.12235439843153573,19.02095012802654,0.01791875425474194,30.024546494886504,28.115063435614815,13.007948271082487,472509929.0,4645501.95,1063.6804838450962,946.7649071140938,1063.6804838450962,722.337827637255
2024-01-15,1063.1875076729355,1089.4700010352597,1059.7357604364315,1087.2017822265625,3312897,1015.3042633056641,983.2804370117187,876.5516485595704,1025.735266819018,78.27205227741341,23.913304660032622,18.573381014335645,5.339923645696977,1083.8804681493998,1015.3042633056641,946.7280584619285,0.13508503277719483,19.786185161655226,0.018199183891267734,31.41816818411646,34.40723014590932,11.611658527833304,475822826.0,4488118.95,1089.4700010352597,946.7649071140938,1089.4700010352597,722.337827637255
2024-01-16,1091.7383274373713,1101.6004622832372,1077.9313386531587,1080.7913818359375,5025540,1020.5139404296875,986.6739990234375,878.207705078125,1030.978706344439,74.50130797472632,25.328662697396794,19.924437350947876,5.404225346448918,1092.2928232260988,1020.5139404296875,948.7350576332761,0.14067202799050216,20.063537909399745,0.01856374712695975,33.04730767633177,35.82649678666782,10.63320347281681,470797286.0,4147783.95,1101.6004622832372,946.7649071140938,1101.6004622832372,722.337827637255
2024-01-17,1076.9450263476158,1093.6612952225112,1063.9270577005625,1070.2880859375,4568700,1025.2872100830077,989.7213977050782,879.8166442871094,1034.7224567818732,68.66447093436005,25.311045957594388,21.00175907227718,4.309286885317206,1096.974215141681,1025.2872100830077,953.6002050243344,0.1398378997683381,20.754302167438954,0.019391323177497196,33.418864160463656,32.16022228044107,14.364814974829526,466228586.0,4111547.8,1101.6004622832372,946.7649071140938,1101.6004622832372,722.337827637255
2024-01-18,1060.3767498063035,1080.8900395884882,1060.3767498063035,1072.0634765625,4407330,1030.982601928711,992.6376330566407,881.4378964233398,1038.2787443800282,69.10508032235589,25.15042530296182,21.831492318414114,3.3189329845477076,1098.4033035902016,1030.982601928711,963.5619002672202,0.1307892131940218,20.737086997063656,0.019343152201729455,33.49226864581601,29.88785476809961,14.572728104398188,470635916.0,4144334.6,1101.6004622832372,946.7649071140938,1101.6004622832372,722.337827637255
2024-01-19,1075.9588555772568,1120.6836106935739,1074.775447612418,1109.4901123046875,11753391,1038.2361999511718,996.3428356933593,883.3115649414062,1045.060779420472,76.5808954320712,27.723568948390493,23.00990764440939,4.713661303981102,1106.6585129040257,1038.2361999511718,969.8138869983178,0.13180490712242904,22.72873322092153,0.02048574653243938,34.72752968265904,37.82684791780571,12.34606892306065,482389307.0,4165171.55,1120.6836106935739,962.1004829224306,1120.6836106935739,722.337827637255
2024-01-23,1129.214381611615,1156.384609865607,1119.3522472743955,1142.03515625,18194595,1046.5425842285156,1000.7068298339843,885.3717654418946,1054.2964343566175,80.90730371111081,32.01981241610565,24.811888598748645,7.207923817357006,1122.5919063726135,1046.5425842285156,970.4932620844176,0.14533440547984885,24.4548592452071,0.021413403178854287,36.55681004717792,43.07333338188302,10.655015292970221,500583902.0,4538127.25,1156.384609865607,976.0061617200747,1156.384609865607,722.337827637255
2024-01-24,1124.3819600280942,1177.538890467549,1124.3819600280942,1173.544677734375,9546592,1055.9165435791015,1005.7878015136719,887.5630072021485,1065.653409916404,83.99094910050158,37.534497047216064,27.35641028844213,10.178086758773933,1144.9470188453954,1055.9165435791015,966.8860683128075,0.16863165144570808,26.505007187653362,0.02258542660584808,38.56762653637242,42.603831457886564,9.128651660323749,510130494.0,5217601.0,1177.538890467549,984.2409914423476,1177.538890467549,722.337827637255
2024-01-25,1169.6491325650616,1184.0971834486747,1141.098301809594,1144.550048828125,11424697,1062.78798828125,1010.2267492675782,889.5525823974609,1073.167375527044,72.40282569415878,39.11441350303221,29.70801093136015,9.40640257167206,1156.769583149601,1062.78798828125,968.8063934128988,0.17685859438501733,27.683141077041032,0.024186920532994673,40.52426933175374,39.56926714401299,8.115859353744998,498705797.0,5571898.45,1184.0971834486747,993.1169169235629,1184.0971834486747,722.337827637255
2024-01-29,1142.0351199900256,1153.6231274683355,1142.0351199900256,1146.1279296875,4015858,1068.9740173339844,1014.7071166992188,891.5358120727539,1080.1159997328018,72.62418056706004,40.03236232183531,31.772881209455186,8.259481112380122,1167.6779296539628,1068.9740173339844,970.2701050140062,0.18467036751023258,26.53348867713167,0.02315054715084573,42.34115192746497,38.33489991754684,7.862684313519688,502721655.0,5903564.35,1184.0971834486747,993.1169169235629,1184.0971834486747,722.337827637255
2024-01-30,1146.1280167017399,1164.5701605719744,1138.6328183518679,1142.67626953125,3902023,1075.2093566894532,1018.8225866699219,893.4895123291016,1086.0741206659875,71.27734526536474,40.01999762527839,33.42230449261983,6.597693132658563,1175.9717324019603,1075.2093566894532,974.4469809769462,0.187428383292259,26.49090678734416,0.02318321251058385,44.18454975029384,38.60560707279526,7.312799847649597,498819632.0,5839940.85,1184.0971834486747,993.1169169235629,1184.0971834486747,722.337827637255
2024-01-31,1143.021409175492,1158.8501834885712,1130.3978286327495,1154.56005859375,5981966,1082.9831848144531,1023.1846081542968,895.4839791870118,1092.596590944822,73.12528857484122,40.502236405038275,34.83829087510352,5.663945529934757,1183.041188955122,1082.9831848144531,982.9251806737844,0.18478219337784385,26.631010220806846,0.023065937560011664,45.30177259053603,35.65947015853035,8.963487176213851,504801598.0,5803454.55,1184.0971834486747,1001.992890004757,1184.0971834486747,722.337827637255
2024-02-01,1148.988009796964,1154.066912673751,1133.109877194679,1135.328857421875,3606209,1089.368911743164,1027.206385498047,897.3606924438477,1096.6663306093033,65.75279436320253,38.8843819492015,35.64750908992312,3.236872859278378,1185.5999610760196,1089.368911743164,993.1378624103087,0.17667302287683317,26.260951019254286,0.02313069983871292,46.33919379933235,33.57897183631363,8.440525955858677,501195389.0,5912332.55,1184.0971834486747,1007.269128796139,1184.0971834486747,722.337827637255
2024-02-02,1139.0764964379189,1158.99795930292,1129.510274449626,1134.9344482421875,4969983,1095.0692260742187,1030.9421618652343,899.2504049682617,1100.3109132410066,65.60670440772678,37.142242461500246,35.94645576423855,1.1957866972616955,1187.853151889231,1095.0692260742187,1002.2853002592065,0.1694576445137429,26.49143200739998,0.023341816832179618,47.39787592582817,32.238750169412036,7.769442216911133,496225406.0,5749353.45,1184.0971834486747,1013.3837048520998,1184.0971834486747,722.337827637255
2024-02-05,1138.4354332057546,1143.6624124679106,1094.6968922635126,1098.197998046875,7809331,1098.3064697265625,1033.75681640625,900.9763143920899,1100.1096832225178,53.650017255091065,32.4235019075611,35.24186499290306,-2.8183630853419572,1186.6783372200184,1098.3064697265625,1009.9346022331065,0.16092387676721467,28.096724021471264,0.025584388308338545,46.05903477794758,28.225605201289618,15.652678091651216,488416075.0,5817638.8,1184.0971834486747,1024.6264631883344,1184.0971834486747,722.337827637255
2024-02-06,1109.4901254427007,1140.1613394996843,1107.5176985530247,1118.4154052734375,9863065,1102.6186889648438,1036.9975146484376,902.8396340942382,1101.8530853226052,58.16837236317383,29.969768979869514,34.18744579029635,-4.217676810426838,1185.9331556218267,1102.6186889648438,1019.3042223078609,0.15112108563151577,29.08719669513827,0.02600750719096796,44.81582514062989,25.317009070274157,14.03969872016454,498279140.0,5974903.2,1184.0971834486747,1030.839620963581,1184.0971834486747,722.337827637255
2024-02-07,1123.0998253656078,1132.4194934862473,1116.1963318281346,1118.661865234375,2770694,1106.8224182128906,1040.1070446777344,904.7036950683594,1103.4539215046786,58.22183934863498,27.725453446739948,32.89504732158507,-5.16959387484512,1184.2590838386116,1106.8224182128906,1029.3857525871697,0.13992608814474963,28.16833704963645,0.02518038553476103,43.661416191692034,24.275510570625887,13.462129501305512,501049834.0,6267645.4,1184.0971834486747,1033.6010556335234,1184.0971834486747,722.337827637255
2024-02-08,1128.6226667278795,1130.6936908412158,1100.8113759331113,1126.4036865234375,6519392,1110.6513916015624,1043.4404455566407,906.5824133300781,1105.6396134112272,59.953363033573225,26.26870817806821,31.5697794928817,-5.301071314813491,1183.89563574206,1110.6513916015624,1037.4071474610648,0.13189421036042495,28.290764039527023,0.025116008033358266,41.66886912199656,22.443998020621574,16.330849672471984,507569226.0,6181695.35,1184.0971834486747,1037.101961154325,1184.0971834486747,722.337827637255
2024-02-09,1130.1511777731437,1130.1511777731437,1100.860688461307,1104.8055419921875,4203171,1113.4892211914062,1046.1101245117188,908.3155908203125,1105.5601780379852,53.31465310201522,23.10509613113959,29.87684282053328,-6.771746689393691,1180.9838717210253,1113.4892211914062,1045.994570661787,0.12123090056929599,28.362172987549137,0.02567164257377494,39.818646842993616,20.78838317750316,15.12618029522298,503366055.0,6339108.7,1184.0971834486747,1037.101961154325,1184.0971834486747,722.337827637255
2024-02-12,1107.4191464085875,1113.4350245897435,1095.979094059811,1103.2769775390625,3887976,1116.2432250976562,1048.5421264648437,910.0759759521484,1105.342730371421,52.868464128221376,20.24123999975086,27.949722256376795,-7.708482256625935,1177.0168232099998,1116.2432250976562,1055.4696269853127,0.10888952648653547,27.583155669147956,0.025001115976039073,37.806589394075026,19.84867775694877,15.706549733164428,499478079.0,6393688.6,1184.0971834486747,1037.101961154325,1184.0971834486747,722.337827637255
2024-02-13,1095.683061082551,1109.4900483509177,1088.582372928055,1102.4385986328125,3211554,1118.289617919922,1050.5766833496093,911.8564666748047,1105.0661463963156,52.608407056312295,17.699929442753955,25.89976369365223,-8.199834250898274,1174.107750622954,1118.289617919922,1062.47148521689,0.09982768651086414,27.10633565155615,0.02458761484328654,35.50094347797484,18.755128164890696,16.790336075928593,496266525.0,6457871.15,1184.0971834486747,1059.7357604364315,1184.0971834486747,722.337827637255
2024-02-14,1094.6968622727188,1105.693165642393,1089.4698831537632,1100.4661865234375,4653070,1118.9528381347657,1052.5717919921874,913.5664749145508,1104.628054979851,51.9608320597141,15.349822149284819,23.789775384778746,-8.439953235493928,1173.5802006005608,1118.9528381347657,1064.3254756689705,0.09764015176342203,26.328974711347126,0.023925291875186914,33.35998655588182,17.929666738389813,16.05135020247503,491613455.0,6448748.2,1184.0971834486747,1060.3767498063035,1184.0971834486747,722.337827637255
2024-02-15,1106.8274275131657,1115.8511844698764,1094.1052496499617,1105.2493896484375,5056712,1120.1757385253907,1054.3035815429687,915.2962268066407,1104.6872297101927,53.4570493858858,13.715209309395505,21.774862169702097,-8.059652860306592,1172.372140118047,1120.1757385253907,1067.9793369327344,0.09319323709218705,26.001614719101955,0.023525563517725768,31.913966712953066,19.649077863084045,15.092476743912975,496670167.0,6515756.85,1184.0971834486747,1060.3767498063035,1184.0971834486747,722.337827637255
2024-02-16,1108.5039358956474,1111.5119351222047,1101.4524855355598,1104.55908203125,3091952,1121.8892883300782,1056.0570690917968,916.9584710693359,1104.675025169341,53.19952669819994,12.223163778089429,19.864522491379564,-7.641358713290135,1169.4680624142693,1121.8892883300782,1074.3105142458871,0.08481901838105906,24.862888638212162,0.02250933340069965,30.57123400166208,19.081223755404718,14.656307424731477,493578215.0,6517315.45,1184.0971834486747,1060.3767498063035,1184.0971834486747,722.337827637255
2024-02-19,1105.5946838741286,1129.2144488635233,1102.9318352120604,1126.4530029296875,4711035,1124.6087646484375,1058.3796032714845,918.667356262207,1106.749118289374,59.812111617498445,12.661410527191265,18.423900098541903,-5.762489571350638,1166.3436509199946,1124.6087646484375,1082.8738783768804,0.07422116487702068,24.964297567730075,0.0221618633913734,30.19118618608421,22.711399262558583,13.554144670226936,498289250.0,6443478.05,1184.0971834486747,1074.775447612418,1184.0971834486747,722.337827637255
2024-02-20,1129.2142831075255,1135.7232671248194,1119.352149630604,1128.1787109375,5397418,1125.543194580078,1061.2189086914063,920.4295370483399,1108.79003187491,60.28839660490127,12.998139980504675,17.338748074934458,-4.340608094429783,1166.7153000457251,1125.543194580078,1084.371089114431,0.07315952984106969,24.35049899105046,0.021583902226638856,30.118084917168208,23.530012115645686,12.903244265940607,503686668.0,6458663.3,1184.0971834486747,1088.582372928055,1184.0971834486747,722.337827637255
2024-02-21,1139.0764908260933,1143.1693005632474,1116.985286320475,1124.1846923828125,4570259,1124.6506713867188,1063.9734033203124,922.2252508544922,1110.2561900185199,58.558620127951905,12.795221234658356,16.430042706879238,-3.6348214722208816,1165.1219948586684,1124.6506713867188,1084.1793479147693,0.07197136764618206,24.481464366173448,0.02177708390094046,30.357042201863102,23.90491140841042,11.917487605939895,499116409.0,6140864.65,1184.0971834486747,1088.582372928055,1184.0971834486747,722.337827637255
2024-02-22,1121.9164408102838,1123.0506103999107,1082.5172600866651,1119.894775390625,8642368,1121.9681762695313,1066.6302648925782,923.9514114379883,1111.174150530149,56.67760940552698,12.148209223753383,15.573676010254069,-3.425466786500685,1155.6660076738867,1121.9681762695313,1088.270344865176,0.06006913942318472,25.709033504028728,0.022956650989876513,28.36586470107504,21.137523168621765,20.114249358846717,490474041.0,5459647.85,1184.0971834486747,1082.5172600866651,1184.0971834486747,722.337827637255
2024-02-23,1111.4626252854,1116.2457367293362,1099.9239753783875,1110.2298583984375,6709844,1120.2521667480469,1069.2042846679688,925.6380828857422,1111.0842179461765,52.57978656783473,10.731859321545016,14.605312672512259,-3.8734533509672424,1152.6455999449631,1120.2521667480469,1087.8587335511306,0.05783239552385847,25.2991596831865,0.02278731696126585,26.516914164628982,19.94569011046934,18.980113295006372,483764197.0,5414436.65,1164.5701605719744,1082.5172600866651,1184.0971834486747,722.337827637255
2024-02-26,1102.6851613345705,1110.3776738900342,1089.1247272952041,1094.7462158203125,3186134,1117.6830810546876,1071.3769128417969,927.2156762695313,1109.5282177437132,46.74844457248494,8.264720710203164,13.337194280050442,-5.072473569847277,1149.606949775279,1117.6830810546876,1085.7592123340962,0.05712508180846187,25.01014446258961,0.022845609421768196,25.0151072699888,18.735025124539,20.912304893464444,480578063.0,5178694.0,1164.5701605719744,1082.5172600866651,1184.0971834486747,722.337827637255
2024-02-27,1097.655593148039,1115.4074356248268,1086.1169436930818,1111.9556884765625,7149094,1116.1470520019532,1073.7891918945313,928.8800534057617,1109.759405432556,52.9890640193818,7.610427927910223,12.191841009622397,-4.581413081712174,1146.0021112748793,1116.1470520019532,1086.291992729027,0.05349664135989477,25.315883567529283,0.02276698957510921,23.337602277052518,18.605851763446864,19.184051403566063,487727157.0,5137207.8,1158.99795930292,1082.5172600866651,1184.0971834486747,722.337827637255
2024-02-28,1117.7742707941488,1136.7588783901397,1108.0107342387355,1113.1883544921875,5302711,1114.078466796875,1076.4756359863281,930.5385678100586,1110.0859720096637,53.410225414066566,7.109409186016592,11.175354644901237,-4.065945458884645,1138.1792416452856,1114.078466796875,1089.9776919484646,0.04326584808286169,25.56104503780606,0.022962012614178358,22.623950562822444,23.077669176034743,17.642906401915646,493029868.0,5299561.35,1158.99795930292,1082.5172600866651,1184.0971834486747,722.337827637255
2024-02-29,1103.4249542734735,1122.261608112162,1083.8486403071868,1107.8629150390625,13818650,1112.7051696777344,1079.1009375,932.2070236206055,1109.874252298178,51.27308140483326,6.211032845696536,10.182490285060297,-3.9714574393637605,1134.857243277553,1112.7051696777344,1090.5530960779158,0.03981660947299151,26.479039521175295,0.023901007211024537,21.281295901028184,20.686339011542145,22.33258070654446,479211218.0,5265598.6,1158.99795930292,1082.5172600866651,1184.0971834486747,722.337827637255
2024-03-01,1112.4487368474558,1125.0229579421414,1101.9948986815073,1113.1390380859375,5927490,1111.6153991699218,1081.867264404297,933.8854162597656,1110.1851842779645,53.26818817938554,5.857283046100292,9.317448837268296,-3.460165791168004,1131.2921227028903,1111.6153991699218,1091.9386756369533,0.03540203481826846,26.23254093113664,0.023566275221327215,19.8987845038784,20.141129429042895,20.93225888786668,485138708.0,5776220.65,1143.6624124679106,1082.5172600866651,1184.0971834486747,722.337827637255
2024-03-04,1116.3936046571737,1133.4057863535838,1116.3936046571737,1117.8729248046875,5855090,1112.5991455078124,1085.061610107422,935.5624450683594,1110.9173500424142,55.046659215763235,5.89101096932427,8.63216126367949,-2.7411502943552204,1131.4439966984758,1112.5991455078124,1093.754294317149,0.03387536520543018,25.806412883744475,0.023085283050623413,18.750973878771042,21.331552365269904,19.758052351727475,490993798.0,5824096.0,1143.1693005632474,1082.5172600866651,1184.0971834486747,722.337827637255
2024-03-05,1117.4291844237036,1163.4853038374815,1117.4291844237036,1152.784912109375,5375008,1114.3176208496093,1088.8289453125,937.461646118164,1114.9047369059342,65.48042366103495,8.635303788528063,8.632789768649205,0.0025140198788573542,1139.9989210179347,1114.3176208496093,1088.636320681284,0.04609332148718015,27.252820493032576,0.023640854600677545,18.91559154845287,26.640316713143235,17.373032583832572,496368806.0,5726383.95,1163.4853038374815,1082.5172600866651,1184.0971834486747,722.337827637255
2024-03-06,1157.7652047342087,1180.1029629382997,1141.394085919773,1177.242919921875,5464839,1117.2466735839844,1092.855654296875,939.4590853881836,1120.8417067169762,70.62438014922317,12.638048885043645,9.433841591928093,3.2042072931155516,1154.8413000545931,1117.2466735839844,1079.6520471133756,0.06729870378581665,28.071110244853582,0.02384479003425772,19.61150769477358,28.244785713473657,15.661841215450751,501833645.0,5501981.1,1180.1029629382997,1082.5172600866651,1184.0971834486747,722.337827637255
2024-03-07,1193.1702462395453,1196.8685464533642,1173.051468998895,1183.16015625,8903981,1120.0844970703124,1096.7975476074218,941.4512606811523,1126.7767971486928,71.72227029526343,16.102109634869976,10.767495200516471,5.3346144343535045,1167.342197322699,1120.0844970703124,1072.826796817926,0.08438238432188554,27.767250759826126,0.023468716904593723,20.740419367117607,30.827093172323032,14.702285122003957,510737626.0,5636688.35,1196.8685464533642,1082.5172600866651,1196.8685464533642,722.337827637255
2024-03-11,1169.6490675331627,1201.5038078308794,1169.6490675331627,1180.1029052734375,6679208,1123.849365234375,1100.2571826171875,943.3967352294922,1131.8554741129542,70.26115662699544,18.38873425116367,12.291743010645913,6.096991240517756,1177.2379958121012,1123.849365234375,1070.4607346566488,0.09501029627149751,28.059214298246882,0.023776921633580233,21.915232847265763,29.507274856580633,13.510067963557818,504058418.0,5755917.8,1201.5038078308794,1082.5172600866651,1201.5038078308794,722.337827637255
2024-03-12,1183.4561757188085,1191.3458835569338,1181.286554218279,1187.6475830078125,4249548,1128.0678955078124,1103.5619873046876,945.3990762329101,1137.169008293417,71.78854588481481,20.572545672926026,13.947903543101937,6.624642129824089,1187.3009924672785,1128.0678955078124,1068.8347985483463,0.1050169004815117,26.858054582907556,0.022614498582893914,23.00613107883191,28.624991907600997,13.106109866385559,508307966.0,5879719.65,1201.5038078308794,1082.5172600866651,1201.5038078308794,722.337827637255
2024-03-13,1195.2905677640374,1195.2905677640374,1135.821855222809,1152.6368408203125,7528096,1130.5778076171875,1106.2553344726562,947.2356896972656,1138.6421352007403,57.126123678035135,19.256184353959952,15.009559705273542,4.24662464868641,1189.5075588750603,1130.5778076171875,1071.6480563593148,0.10424713957913871,29.187387294216183,0.02532227520460304,21.688655644376848,24.459074529638613,22.325029329773187,500779870.0,5897798.25,1201.5038078308794,1082.5172600866651,1201.5038078308794,725.3319622435639
2024-03-14,1157.765282516524,1183.160279973648,1147.5087584942378,1178.130615234375,8569080,1134.4610290527344,1109.8362768554687,949.1926544189453,1142.4029428229912,63.04502361501637,20.03909484815449,16.015466733849735,4.023628114304756,1195.151307565208,1134.4610290527344,1073.7707505402607,0.10699402969029193,29.64911116458718,0.025166234355677823,20.465285598097147,22.358305167328925,20.40755131678372,509348950.0,6113625.35,1201.5038078308794,1082.5172600866651,1201.5038078308794,725.3319622435639
2024-03-15,1173.5940161533042,1205.9418657618958,1171.4736331390798,1203.180419921875,10115416,1139.3575805664063,1113.7475988769531,951.1703170776367,1148.1912739752659,67.75544276417563,22.422395525536103,17.296852492187007,5.125543033349096,1205.3970536106801,1139.3575805664063,1073.3181075221326,0.11592405083475854,29.993334125889238,0.024928376184709493,20.15706205028453,25.948406004253968,18.732388088141544,519464366.0,6309425.85,1205.9418657618958,1082.5172600866651,1205.9418657618958,725.3319622435639
2024-03-18,1208.1114364526068,1213.5849690747523,1198.4464968060338,1208.4073486328125,4141080,1144.5499938964845,1117.4971826171875,953.1974298095703,1153.9261382283655,68.65329614426196,24.45109099016281,18.72770019178217,5.723390798380642,1215.0110070111753,1144.5499938964845,1074.0889807817937,0.1231243955972856,28.932272564662757,0.023942483134844074,20.12256883763019,26.865550655840167,18.032280777264756,523605446.0,6562361.05,1213.5849690747523,1082.5172600866651,1213.5849690747523,725.3319622435639
2024-03-19,1199.432765550153,1223.299203587274,1197.8548480868242,1211.415283203125,7703719,1148.7981079101562,1121.05642578125,955.223384399414,1159.4012948926284,69.18505760155888,26.001829043668067,20.18252596215935,5.819303081508718,1224.4371298820047,1148.7981079101562,1073.1590859383077,0.13168375095855217,28.683135631504687,0.023677376395370455,20.402639515853487,27.582365166508005,16.88969857825526,531309165.0,6614817.45,1223.299203587274,1082.5172600866651,1223.299203587274,725.3319622435639
2024-03-20,1211.3166431983411,1221.9184375515933,1206.7800855060536,1214.8177490234375,6596032,1153.130059814453,1124.7093603515625,957.2800946044922,1164.679052428896,69.8089550214196,27.191899389845275,21.584400647696537,5.607498742148739,1233.3353284187997,1153.130059814453,1072.9247912101064,0.1391087985638884,27.715651089650045,0.022814657681722205,20.662705145632263,26.50625438298459,16.230756291732643,537905197.0,6764451.65,1223.299203587274,1082.5172600866651,1223.299203587274,725.3319622435639
2024-03-21,1220.9321825847028,1225.764652295995,1197.3616583749379,1203.9693603515625,9952250,1157.1192932128906,1128.097001953125,959.1281900024414,1168.420986516769,65.27131206085538,26.949012964850453,22.657323111127322,4.291689853723131,1239.086293988426,1157.1192932128906,1075.1522924373553,0.14167424440386506,27.764747006179114,0.023061007962920026,20.393491077789292,24.569427848596643,17.46778395314681,527952947.0,6824382.35,1225.764652295995,1082.5172600866651,1225.764652295995,725.3319622435639
2024-03-22,1210.0345941630235,1227.8357958236961,1205.152885539403,1219.0584716796875,7840007,1162.0774780273437,1131.4816870117188,961.1594732666016,1173.2436041513326,68.35265201947554,27.65529586643038,23.656917662187936,3.9983782042424423,1246.4007503187338,1162.0774780273437,1077.7542057359535,0.14512504352899266,27.48629618231872,0.02254715160991954,20.223445266841164,23.583819006986676,16.384403202780828,535792954.0,7093481.9,1227.8357958236961,1083.8486403071868,1227.8357958236961,725.3319622435639
2024-03-26,1208.1114521799027,1216.987373053061,1193.3182507246386,1196.37548828125,10898138,1166.3847595214843,1134.4482177734376,963.0353735351563,1175.4466407351342,59.76768086972771,26.08402258811816,24.142338647373982,1.941683940744177,1248.444732246849,1166.3847595214843,1084.3247867961195,0.14070823895029344,27.36157652322802,0.022870392106191097,19.420475818696545,21.99908181255853,18.372919894566824,524894816.0,7053363.85,1227.8357958236961,1083.8486403071868,1227.8357958236961,725.3319622435639
2024-03-27,1193.860764688126,1211.3166949583808,1193.860764688126,1207.914306640625,5779169,1172.0431640625,1137.6425659179688,964.9787850952148,1178.5387993928,62.35771392522195,25.47618974530974,24.409108866961134,1.0670808783486052,1249.0125958126944,1172.0431640625,1095.0737323123055,0.13134231589800044,26.654030362301363,0.022066160004702542,18.674861331133684,20.969984060710004,17.513450816743852,530673985.0,7262778.55,1227.8357958236961,1083.8486403071868,1227.8357958236961,725.3319622435639
2024-03-28,1210.034466998073,1221.4252797726228,1203.4762442845683,1211.6617431640625,10518377,1177.028466796875,1140.6455859375,966.9657217407226,1181.6933654662535,63.18659805348466,25.00858128919208,24.529003351407326,0.47957793778475377,1250.6267403369634,1177.028466796875,1103.4301932567864,0.12505776302993982,26.032245014140873,0.02148474618515378,18.440621289244586,22.71086759350321,16.65092285229801,541192362.0,7392430.3,1227.8357958236961,1083.8486403071868,1227.8357958236961,725.3319622435639
2024-04-01,1211.0700916347114,1214.9163480879006,1191.345823041312,1200.56689453125,5461473,1181.397393798828,1142.9128881835939,968.8245379638672,1183.4908444248244,59.04139131419149,23.47216416010974,24.31763551314781,-0.845471353038068,1249.4859780381444,1181.397393798828,1113.3088095595117,0.11526787615532977,25.85640787360142,0.021536832300957966,17.53516290648446,21.232076737537493,18.91775836445773,535730889.0,7560894.45,1227.8357958236961,1083.8486403071868,1227.8357958236961,725.3319622435639
2024-04-02,1208.1114826009014,1210.8235696026586,1186.6119811229273,1191.5924072265625,3625577,1185.5838684082032,1145.1289086914062,970.678977355957,1184.2624218345136,55.84974077845926,21.28501597871559,23.71111160626137,-2.4260956275457772,1244.7892125213746,1185.5838684082032,1126.3785242950319,0.09987542120096833,25.73892077403927,0.021600440400544964,16.438370323181264,19.80549260213897,18.960370905247704,532105312.0,7568832.55,1227.8357958236961,1101.9948986815073,1227.8357958236961,725.3319622435639
2024-04-03,1178.5250535458156,1223.4963620555268,1173.0515208325537,1208.8017578125,9532291,1190.3670043945312,1147.8991821289062,972.6317346191406,1186.5995014514647,60.28347366498935,20.70169974682949,23.109229234374993,-2.407529487545503,1240.0854376129862,1190.3670043945312,1140.6485711760763,0.08353462929484298,27.50362937753454,0.022752803923205986,15.799273723982171,17.21080925029186,19.998138175129387,541637603.0,7059178.9,1227.8357958236961,1116.3936046571737,1227.8357958236961,725.3319622435639
2024-04-04,1214.9656032702455,1216.0011755406229,1184.7382575442073,1190.211669921875,7327626,1193.9839416503905,1150.2621459960938,974.4775521850586,1186.9435174962657,53.97751917547672,18.52579882462578,22.192543152425152,-3.666744327799371,1230.9774569184847,1193.9839416503905,1156.9904263822964,0.061966520616616776,27.772149993168902,0.023333790698751807,15.205826881868727,15.826945718001491,18.390154858842493,534309977.0,7239418.95,1227.8357958236961,1117.4291844237036,1227.8357958236961,725.3319622435639
2024-04-05,1189.2748044431585,1194.6496195048844,1172.558414500141,1174.5802001953125,4227519,1195.0737060546876,1151.5639477539062,976.2550296020507,1185.7660587056987,49.30700946150331,15.36295808032878,20.82662613800588,-5.463668057677101,1228.233905926372,1195.0737060546876,1161.9135061830032,0.0554948196143594,27.36636820828137,0.023298850264742085,15.247782777714082,14.914364939511715,20.50882323198955,530082458.0,7313045.75,1227.8357958236961,1135.821855222809,1227.8357958236961,725.3319622435639
2024-04-08,1171.6214715679616,1193.8606309887841,1166.7890020269492,1188.0911865234375,4827733,1195.6161193847656,1152.485068359375,978.1314764404297,1185.9874994502454,53.085596915912774,13.787671983988275,19.41883530720236,-5.631163323214086,1227.936170987842,1195.6161193847656,1163.2960677816893,0.05406426206382598,27.345315404963763,0.02301617562283324,15.55004848007868,13.85971536434805,20.565594497709977,534910191.0,7255671.3,1227.8357958236961,1135.821855222809,1227.8357958236961,725.3319622435639
2024-04-09,1198.1999676555577,1198.1999676555577,1181.7796102321865,1187.8447265625,3372798,1195.8503479003907,1152.7710693359375,979.9981008911133,1186.1643782228412,53.00797813640942,12.376688384740874,18.010405922710063,-5.63371753796919,1227.8724494771463,1195.8503479003907,1163.828246323635,0.053555366075660395,26.56496126342143,0.022364001514152177,15.538475530472533,14.414560589020281,19.657592818011096,531537393.0,7223816.0,1227.8357958236961,1135.821855222809,1227.8357958236961,725.3319622435639
2024-04-10,1196.52343481367,1213.7328108808472,1192.0854744125477,1212.4508056640625,6442196,1197.4677429199219,1154.1290844726564,981.9479968261719,1188.6678475029573,59.391848368788814,13.093050126939488,17.02693476355595,-3.9338846366164617,1229.4125354928926,1197.4677429199219,1165.5229503469511,0.05335390913341203,26.516612910201843,0.021870258806647933,14.566599031316064,17.593481362156858,18.286761035547073,537979589.0,6947256.85,1227.8357958236961,1135.821855222809,1227.8357958236961,728.4734706244667
2024-04-12,1209.196275824134,1214.8670031093752,1202.7366500185933,1208.6539306640625,7877073,1198.5180603027343,1155.3796044921876,983.9262756347656,1190.571283994491,58.08067493632191,13.202209040320895,16.261989618908938,-3.059780578588043,1230.4836067116596,1198.5180603027343,1166.552513893809,0.05334178510560137,25.489022923100418,0.021088768485695616,13.597983280553748,17.31326012320029,17.665135267698535,530102516.0,6935406.25,1227.8357958236961,1135.821855222809,1227.8357958236961,738.2905252677364
2024-04-15,1193.909974792086,1217.973606974979,1193.66342143035,1207.667724609375,4281602,1201.2696044921875,1156.67943359375,985.8846524047851,1192.1995164340037,57.72420956870776,13.05860817276357,15.621313329679865,-2.5627051569162944,1225.5026023806283,1201.2696044921875,1177.0366066037466,0.04034564397171256,25.40482025320961,0.021036266628245696,13.211904586592274,16.12988355533855,19.008750202728837,525820914.0,7116782.5,1227.8357958236961,1147.5087584942378,1227.8357958236961,738.7813890918761
2024-04-16,1207.0266838354057,1216.938056925768,1195.340078353171,1199.6793212890625,5235632,1202.3470397949218,1157.5818188476562,987.7648004150391,1192.9118788011522,54.79081521025042,12.160032776074104,14.929057218958713,-2.769024442884609,1224.1648754963264,1202.3470397949218,1180.5292040935171,0.03629207704478734,25.132902990308708,0.020949684256708914,12.853402942199477,15.139795895744557,17.84195138887146,520585282.0,6954457.8,1227.8357958236961,1166.7890020269492,1227.8357958236961,738.7813890918761
2024-04-18,1203.1804169804218,1264.177695190026,1199.038368617902,1248.2996826171875,19939924,1204.6030029296876,1159.8412353515625,989.8693981933594,1198.1869077360127,66.08680022924145,15.195992183462977,14.982444211859567,0.21354797160340944,1234.2315474098812,1204.6030029296876,1174.974458449494,0.04919221421187671,27.990504674724086,0.022422904583328213,13.705390667921797,24.678152259227616,14.876117307151707,540525206.0,6787785.4,1264.177695190026,1166.7890020269492,1264.177695190026,738.7813890918761
2024-04-19,1262.3532050038789,1278.6257267871322,1236.0705927128452,1271.2291259765625,13103862,1207.744091796875,1162.56712890625,992.0297412109375,1205.1433094732079,69.90572677074957,19.23054854346492,15.832065078180639,3.398483465284281,1249.256720431235,1207.744091796875,1166.231463162515,0.06874408066463442,29.03083534612144,0.022836823632262086,14.986656825785307,25.649092977232712,13.318524298193589,553629068.0,7279010.8,1278.6257267871322,1166.7890020269492,1278.6257267871322,738.7813890918761
2024-04-22,1286.022283205372,1287.4030060531604,1270.4894220393564,1279.6612548828125,7894656,1211.1563903808594,1166.1963940429687,994.2462338256836,1212.240256655075,71.19052885151893,22.845022657999607,17.234656594144433,5.6103660638551744,1263.1990973591376,1211.1563903808594,1159.1136834025813,0.08593887196006592,28.165317393813048,0.02200997903651646,16.45140308136878,26.774869232596952,12.747244236397574,561523724.0,7727149.9,1287.4030060531604,1166.7890020269492,1287.4030060531604,738.7813890918761
2024-04-23,1291.9396462393458,1332.374398526226,1284.148535745616,1323.8436279296875,12074766,1216.607684326172,1170.3049584960938,996.6200729370117,1222.869149157419,76.78353139762305,28.94105324539987,19.575935924395523,9.365117321004348,1288.2078136470716,1216.607684326172,1145.0075550052723,0.1177045488752703,29.9187335544988,0.02259989996045655,18.90394551017379,34.141853423274156,11.143024030860492,573598490.0,7736696.75,1332.374398526226,1166.7890020269492,1332.374398526226,738.7813890918761
2024-04-24,1333.3604905976906,1335.3329173589298,1315.1649018802093,1317.9755859375,6277492,1222.3079956054687,1174.2912329101562,998.9287396240235,1231.9269050412363,74.70903950412293,32.919227099451746,22.24459415940677,10.674632940044976,1306.0919390128156,1222.3079956054687,1138.5240521981218,0.1370913774737187,29.222253691943205,0.022172075115607613,21.239376374855556,33.18191586242354,10.593705195429578,567320998.0,8010633.45,1335.3329173589298,1166.7890020269492,1335.3329173589298,738.7813890918761
2024-04-25,1312.6501010793654,1325.2736813859462,1306.0917575637384,1320.243896484375,8512627,1227.3672668457032,1178.168037109375,1001.2165969848633,1240.33804708344,74.99032394423382,35.84182993927766,24.964041315380946,10.877788623896713,1321.3541836267125,1227.3672668457032,1133.3803500646939,0.153152066736394,28.505087272676395,0.021590773756713786,22.84775791704208,31.58698005259698,12.358068915736837,575833625.0,7826895.55,1335.3329173589298,1166.7890020269492,1335.3329173589298,738.7813890918761
2024-04-26,1319.5535551735718,1327.147350348094,1303.774140462976,1307.718994140625,5289771,1232.9344421386718,1182.2263061523438,1003.4398666381836,1246.7552801365052,70.33843230416377,36.724027077654,27.316038467835558,9.407988609818442,1331.9735693115615,1232.9344421386718,1133.895314965782,0.1606559502078546,28.138524602136513,0.02151725617522892,24.197166732590453,29.712861295876195,12.213158209880222,570543854.0,7860526.55,1335.3329173589298,1166.7890020269492,1335.3329173589298,741.8246397409381
2024-04-29,1306.2397292639869,1327.443318678238,1301.8017686889111,1314.080078125,3195888,1238.2427307128905,1186.4423681640626,1005.7636608886719,1253.1671656592189,71.31178308296789,37.50413663977724,29.353658102223896,8.150478537553347,1342.587152761586,1238.2427307128905,1133.8983086641952,0.1685362965767163,27.960169272650113,0.02127737094420089,25.3216387521807,27.766511393590115,11.91700445060812,573739742.0,7580108.2,1335.3329173589298,1166.7890020269492,1335.3329173589298,741.8246397409381
2024-04-30,1304.9083256985014,1316.3977362505912,1301.752370485921,1304.070068359375,5272565,1242.8631469726563,1190.4749975585937,1008.0300421142579,1258.0150611544718,67.55496137464323,36.88941672407168,30.860809826593453,6.028606897478227,1350.2302896352653,1242.8631469726563,1135.4960043100473,0.1727738776777346,27.00911187922298,0.02071139621600442,26.36236932380311,26.691078784068143,11.46850747813218,568467177.0,7450944.15,1335.3329173589298,1166.7890020269492,1335.3329173589298,741.8246397409381
2024-05-02,1297.1171973947226,1301.7031138636721,1275.7656528279133,1286.0716552734375,7995432,1247.1383850097657,1194.1871069335937,1010.1917059326172,1260.6871177372304,61.30157426499137,34.55163549865415,31.598974961005595,2.952660537648555,1354.2373725224197,1247.1383850097657,1140.0393974971116,0.17175156951297815,27.101633568668603,0.02107319095132876,25.705563242204054,24.69996163036525,17.46198479499928,560471745.0,7188653.55,1335.3329173589298,1166.7890020269492,1335.3329173589298,741.8246397409381
2024-05-03,1287.9947425863597,1292.4327030317183,1240.8044539281873,1259.7890625,11290875,1250.5482177734375,1197.277900390625,1012.218030090332,1260.6015886670182,53.51177768197553,30.22967260224209,31.325114489252897,-1.0954418870108071,1354.6569209972547,1250.5482177734375,1146.4395145496203,0.16650090215502372,28.853534678301635,0.022903464982497127,24.23768531285455,21.54309222543546,23.885035899884443,549180870.0,7315351.5,1335.3329173589298,1166.7890020269492,1335.3329173589298,747.8130734093531
2024-05-06,1257.422082209037,1280.548738232754,1255.646849938026,1265.706298828125,5555467,1253.3934448242187,1200.5008447265625,1014.2005575561524,1261.0877515395046,54.90126392766977,26.971051890746594,30.454301969551636,-3.4832500788050424,1355.8807168118221,1253.3934448242187,1150.9061728366153,0.1635356757462166,28.57127422233209,0.022573383927049485,22.874655807030006,20.20192578985945,22.398071627242494,554736337.0,7698616.4,1335.3329173589298,1166.7890020269492,1335.3329173589298,753.0651545473258
2024-05-07,1268.615651566955,1276.6039564611576,1253.4772991363725,1268.41845703125,5767030,1257.3037841796875,1203.3401538085936,1016.1647406005859,1261.7859139672898,55.55694999554253,24.326993561582185,29.22884028795775,-4.901846726375563,1355.7377253095824,1257.3037841796875,1158.8698430497925,0.15657940804515588,28.182373015364448,0.0222185138186381,21.700619846692383,19.01779399537088,21.635088510785366,560503367.0,7499775.2,1335.3329173589298,1166.7890020269492,1335.3329173589298,757.2373892796585
2024-05-08,1258.5562857465543,1281.485747866059,1257.1262040486083,1270.8345947265625,2682816,1262.11650390625,1206.193271484375,1018.1505758666992,1262.6476930872204,56.16832960813429,22.170947523696896,27.81726173510558,-5.646314211408683,1353.0261842437426,1262.11650390625,1171.2068235687575,0.14405909447523604,27.909313786942036,0.021961405443913895,20.369158907014647,19.081557538708942,20.28627895823613,563186183.0,7421745.4,1335.3329173589298,1166.7890020269492,1335.3329173589298,759.4953787246694
2024-05-09,1265.311804121669,1277.4422772109124,1252.5403886262889,1257.8658447265625,4809145,1265.6052368164062,1208.86689453125,1020.095619506836,1262.1922789576338,52.030909376294986,19.194533134770154,26.092716015038494,-6.89818288026834,1350.0063567601528,1265.6052368164062,1181.2041168726596,0.13337669201820815,27.694497701062144,0.022017051991011356,19.348195801829995,17.856025756240758,20.166128438278058,558377038.0,7344510.25,1335.3329173589298,1181.7796102321865,1335.3329173589298,759.4953787246694
2024-05-10,1257.471522645904,1290.4603147887597,1254.2169700669508,1283.211669921875,5532513,1270.373583984375,1212.133232421875,1022.1602749633789,1264.194125716133,58.469595913467884,18.665732610481882,24.607319334127173,-5.94158672364529,1347.0890219043374,1270.373583984375,1193.6581460644127,0.12077618566241524,28.30512963111548,0.022058036327583245,18.190175906900073,19.50802732796838,18.32171781574621,563909551.0,7343580.85,1335.3329173589298,1192.0854744125477,1335.3329173589298,759.4953787246694
2024-05-13,1283.2117087114548,1284.9375823218068,1263.7339922517683,1268.22119140625,3703942,1273.1621032714843,1215.2930590820313,1024.191209411621,1264.5776557818583,53.86456355184599,16.842893655898934,23.054434198481527,-6.211540542582593,1345.162603027296,1273.1621032714843,1201.1616035156726,0.11310499985948541,27.797876805324265,0.021918792237260256,17.114871718750862,18.445150122751343,17.323475610146247,560205609.0,7451566.6,1335.3329173589298,1193.66342143035,1335.3329173589298,759.4953787246694
2024-05-14,1272.7578282622558,1281.9789000307385,1263.0435293766575,1266.593994140625,3262908,1276.0591064453124,1218.7300146484374,1026.2270153808595,1264.7696880065027,53.37316379848411,15.092996759683956,21.462146710722013,-6.369149951038057,1341.838043806836,1276.0591064453124,1210.280169083789,0.10309700707322614,27.164840651664033,0.021447157319023278,16.077232227160764,17.52677352700204,16.642500449473136,556942701.0,7314653.9,1335.3329173589298,1193.66342143035,1335.3329173589298,765.9745674376467
2024-05-15,1263.881816880964,1300.0758001038328,1262.8462446675198,1291.8409423828125,6891004,1280.2677673339845,1222.3277197265625,1028.4121261596679,1267.3479027090084,59.5405991201705,15.563996524023878,20.28251667338239,-4.718520149358511,1338.3225202981805,1280.2677673339845,1222.2130143697884,0.09069157944214845,27.883748850567525,0.021584506215707712,16.02114256000374,20.491060377043137,15.055316622170823,563833705.0,7083945.65,1335.3329173589298,1195.340078353171,1335.3329173589298,769.3614392652462
2024-05-16,1309.6914384431557,1338.1436718951106,1303.0838565999388,1326.5556640625,11932181,1286.6115844726562,1226.5950659179687,1030.7016006469726,1272.9867371236267,66.16726717386014,18.52491149874959,19.93099563845583,-1.4060841397062411,1334.974717411924,1286.6115844726562,1238.2484515333883,0.07517907272549622,29.199390326405425,0.02201143240155033,17.348960760008158,27.482388231889438,13.350040671724543,575765886.0,7214415.75,1338.1436718951106,1199.038368617902,1338.1436718951106,769.3614392652462
2024-05-17,1334.9385503242647,1341.2503407109705,1320.78641088027,1325.9146728515625,6614017,1290.492333984375,1230.9561010742189,1032.982225341797,1278.0274929072395,65.95246933882123,20.58247337381613,20.061291185527892,0.5211821882882361,1338.3894940993337,1290.492333984375,1242.5951738694162,0.07423083245613249,28.575428862426495,0.021551484003847012,18.673711678273722,26.85314937480951,12.667150544439629,569151869.0,7549243.2,1341.2503407109705,1236.0705927128452,1341.2503407109705,769.3614392652462
2024-05-21,1337.3054954067675,1343.9624364790357,1317.334672189963,1325.766845703125,5422220,1293.219219970703,1235.2086572265625,1035.2515573120118,1282.574097935419,65.8993375351857,21.94817269572991,20.438667487568296,1.5095052081616132,1342.6058408026363,1293.219219970703,1243.8325991387699,0.0763778021069808,28.436309964329798,0.02144895239799763,19.680857603245308,25.05705705263252,12.68693402882746,563729649.0,6882947.85,1343.9624364790357,1240.8044539281873,1343.9624364790357,769.3614392652462
2024-05-22,1323.6464113115976,1332.374376301678,1311.2201458691625,1329.317138671875,3026723,1295.7020141601563,1239.4375415039062,1037.5607290649414,1287.0258161007957,66.59536268938788,23.051257669713777,20.961185523997393,2.090072145716384,1347.0657125540108,1295.7020141601563,1244.3383157663018,0.07928319603199392,27.916161426343066,0.021000377272073836,20.21790611736236,23.700795170704758,13.56474174364041,566756372.0,6498865.75,1343.9624364790357,1240.8044539281873,1343.9624364790357,769.557860727367
2024-05-23,1332.1277470594475,1358.311760925617,1325.7667187986788,1355.1065673828125,7147341,1297.2651611328124,1243.483974609375,1039.9706237792968,1293.5096971752737,71.19471345331159,25.71008200325491,21.9109648198489,3.799117183406011,1353.619805151459,1297.2651611328124,1240.9105171141657,0.08688222840955054,28.246795762099858,0.020844704351669078,21.55340451333412,28.30914362215377,12.448394916689233,573903713.0,6255469.1,1358.311760925617,1240.8044539281873,1358.311760925617,769.557860727367
2024-05-24,1356.53664658917,1378.4798965976097,1355.1066851930134,1369.357421875,5622368,1299.8342529296874,1247.3262646484375,1042.423549194336,1300.733290003819,73.3761588736617,28.637034394969987,23.256178734873117,5.38085566009687,1363.8898494415548,1299.8342529296874,1235.77865641782,0.09855963768840979,27.898691008721094,0.020373563952733875,23.311654179568695,31.77867310424127,11.703453584668031,579526081.0,6009097.85,1378.4798965976097,1240.8044539281873,1378.4798965976097,769.557860727367
2024-05-27,1376.7539368084301,1387.602284448038,1359.0020952163445,1365.2645263671875,6553974,1302.0852844238282,1250.9683520507813,1044.856255493164,1306.8791220384255,71.69678924860465,30.277383956004314,24.660419779099357,5.616964176904958,1371.768598780682,1302.0852844238282,1232.4019700669744,0.10703341046925138,27.948798024647697,0.0204713427214111,25.154573053614953,31.787267188952995,10.84800921383099,572972107.0,5976341.65,1387.602284448038,1240.8044539281873,1387.602284448038,769.557860727367
2024-05-28,1365.708383659235,1367.8286461891164,1348.0551394737822,1352.14794921875,2068963,1304.3067321777344,1254.4092529296875,1047.2489031982423,1311.1904389127421,66.44812720616565,30.171180062284066,25.7625718357363,4.408608226547766,1377.3199592225783,1304.3067321777344,1231.2935051328905,0.1119571420488453,27.364848645411016,0.020238058018149565,26.162864505760265,30.14661772091393,13.145514524447114,570903144.0,5878409.0,1387.602284448038,1240.8044539281873,1387.602284448038,778.7366956426163
2024-05-29,1336.8123157610053,1371.0832327456567,1336.8123157610053,1358.114501953125,4445083,1306.5084533691406,1257.8185913085938,1049.6627935791016,1315.6593972975404,67.60971314295453,30.22010509231336,26.654078487051713,3.566026605261648,1383.134118639483,1306.5084533691406,1229.8827880987983,0.11729838421289192,27.858139241071044,0.02051236416444109,26.422333519153444,27.49760417938007,14.873077180525378,575348227.0,5717368.6,1387.602284448038,1240.8044539281873,1387.602284448038,778.7366956426163
2024-05-30,1359.7910945593974,1367.3355308176651,1344.7019812681042,1358.163818359375,7100303,1309.2131408691407,1261.929130859375,1052.1434411621094,1319.7074373986675,67.61969170999846,29.91798207882016,27.306859205405406,2.611122873414754,1389.0548432708035,1309.2131408691407,1229.371438467478,0.12196899024196886,27.484954263106037,0.020236847640593986,26.66326903158997,25.880177992751225,13.998233526852712,582448530.0,5779828.35,1387.602284448038,1240.8044539281873,1387.602284448038,780.4547408412615
2024-05-31,1360.9745101359042,1368.8642174410397,1319.5535467839418,1353.824462890625,24825643,1312.60078125,1265.4430078125,1054.6338061523438,1322.9566779217112,65.70169246376955,28.994170938788784,27.644321552082083,1.3498493867067012,1393.9624512942005,1312.60078125,1231.2391112057994,0.12397016854845871,29.04393400553403,0.02145324951768173,25.49615968641859,22.74165950529488,18.485477784477837,557622887.0,5871215.25,1387.602284448038,1240.8044539281873,1387.602284448038,780.4547408412615
2024-06-03,1395.7879465562285,1400.8668495233412,1365.9056308102631,1371.9215087890625,6017122,1318.2074035644532,1268.8178295898438,1057.1265484619141,1327.619995147173,69.5773027882034,29.383608368681962,27.992178915402057,1.3914294532799047,1399.6933453762817,1318.2074035644532,1236.7214617526247,0.12363144311204637,30.329537764618472,0.022107341834292752,25.504743763175483,27.759025003779307,16.43749548000269,563640009.0,6712725.8,1400.8668495233412,1252.5403886262889,1400.8668495233412,780.4547408412615
2024-06-04,1371.9214220157578,1377.7401050911126,1202.2434805896828,1281.781494140625,19924421,1319.011163330078,1270.2853125,1059.1600012207032,1323.25442362274,43.319986090439045,22.163210789165305,26.826385290154708,-4.663174500989403,1398.7072784780637,1319.011163330078,1239.3150481820924,0.1208422147797122,40.69861538867642,0.031751601637815,26.19883985202348,19.209040929927486,40.098339118241405,543715588.0,6449038.15,1400.8668495233412,1202.2434805896828,1400.8668495233412,783.2525079714676
2024-06-05,1307.3737761313134,1330.1552808679628,1262.2051556955462,1325.81591796875,12175520,1321.881036376953,1272.5733251953125,1061.4430767822266,1323.4983754652171,52.70901164643362,19.766349506156075,25.414378133354983,-5.648028627198908,1398.142839630423,1321.881036376953,1245.6192331234831,0.11538376170746847,42.64515180180072,0.03216521330286659,26.8433576488109,17.022798882837836,35.53461960103332,555891108.0,7167485.85,1400.8668495233412,1202.2434805896828,1400.8668495233412,797.929056045393
2024-06-06,1340.2641709020031,1357.2763540867415,1310.6777653633274,1351.7042236328125,10279789,1325.9245178222657,1275.3110546875,1063.8639385986328,1326.1846467192738,57.19802011305206,19.72837317493554,24.277177141671096,-4.548803966735555,1399.4581857932228,1325.9245178222657,1252.3908498513085,0.11091682366916455,42.927540153344545,0.0317580868675348,26.619354964753168,20.21566912577777,32.779373504410806,566170897.0,7487910.35,1400.8668495233412,1202.2434805896828,1400.8668495233412,797.929056045393
2024-06-07,1351.7040019431797,1410.9261621385056,1344.3567605943686,1405.6005859375,12280748,1333.3112548828126,1279.3436791992187,1066.5979681396484,1333.748069501962,64.70871351120735,23.773219786747177,24.176385670686315,-0.4031658839391383,1407.6900378589253,1333.3112548828126,1258.9324719067,0.11157002193407568,44.61624453840115,0.03174176575107447,25.054534878038517,26.65028223785648,29.28592573866608,578451645.0,7867759.0,1410.9261621385056,1202.2434805896828,1410.9261621385056,797.929056045393
2024-06-10,1401.4585815033724,1416.8434862603754,1401.4585815033724,1406.3896484375,5318477,1339.4701538085938,1283.090302734375,1069.3371759033203,1340.6663151148703,64.80608244646956,26.734284428061073,24.68796542216127,2.0463190058998038,1416.5841723224216,1339.4701538085938,1262.3561352947659,0.11514107767846128,42.5282916968727,0.030239337827977948,23.467515595771005,26.955491430808976,28.529183814252423,583770122.0,8241339.15,1416.8434862603754,1202.2434805896828,1416.8434862603754,803.0338981736277
2024-06-11,1406.3403533278047,1414.8217647612814,1393.5195787182245,1407.5731201171875,4416792,1346.4377502441407,1287.3142553710939,1072.0995596313476,1347.0383917817576,64.96222475723863,28.843950655070557,25.51916246874313,3.324788186327428,1421.701965687606,1346.4377502441407,1271.1735348006755,0.11179754196555772,41.01214129302872,0.029136774997247924,22.168940677103315,25.955420171007386,28.853419326987332,588186914.0,8230637.35,1416.8434862603754,1202.2434805896828,1416.8434862603754,804.0155562794703
2024-06-12,1405.354052697814,1427.8890041320199,1402.4940098464278,1418.5693359375,4876138,1354.0365173339844,1291.5273559570312,1074.9667282104492,1353.850862653733,66.45156959583434,31.045308070387136,26.624391589071934,4.420916481315203,1426.1428633401574,1354.0365173339844,1281.9301713278114,0.10650576270741355,39.896630792497525,0.02812455463527326,20.641216484210535,27.114820238645514,27.5415784801829,593063052.0,8266279.85,1427.8890041320199,1202.2434805896828,1427.8890041320199,804.0155562794703
2024-06-13,1429.023335528587,1435.8774710740622,1400.8668924603528,1406.0938720703125,7990376,1359.7491638183594,1295.4159985351562,1077.7727520751953,1358.826387360074,63.17081781955947,31.42103191269257,27.583719653796063,3.8373122588965067,1429.2985961860481,1359.7491638183594,1290.1997314506707,0.10229744458512409,39.54762706544123,0.02812587968057344,19.308370646398416,26.843070411697276,25.800013634241378,585072676.0,8346941.35,1435.8774710740622,1202.2434805896828,1435.8774710740622,804.0155562794703
2024-06-14,1414.2300538746206,1414.2300538746206,1401.3599205013531,1407.7210693359375,3978442,1363.8074340820312,1299.55908203125,1080.589130859375,1363.4830237387275,63.424463239032704,31.487132916740165,28.364402306384886,3.12273061035528,1434.5968709432243,1363.8074340820312,1293.0179972208382,0.10381148407339619,37.642091801714535,0.02673973745343699,18.070728082715735,26.187508892643418,25.169925649883854,589051118.0,8401909.95,1435.8774710740622,1202.2434805896828,1435.8774710740622,804.0155562794703
2024-06-18,1424.0922235735738,1424.0922235735738,1398.4506738416396,1408.657958984375,8671131,1367.944598388672,1303.9003930664062,1083.3327764892579,1367.7853985240274,63.57999099852687,31.25483136290086,28.942488117688082,2.3123432452127766,1439.062961018823,1367.944598388672,1296.8262357585209,0.10397842531623393,36.78491022530166,0.026113443643780727,17.1858608261324,26.798645859136077,23.916702334073804,597722249.0,8004223.0,1435.8774710740622,1202.2434805896828,1435.8774710740622,804.0155562794703
2024-06-19,1414.1807530299523,1415.019130786918,1369.1602045655725,1373.154296875,8640918,1370.3139709472657,1307.1874438476561,1085.870796813965,1368.296722176501,54.178189274925,27.88444734062182,28.73087996227483,-0.8464326216530118,1438.7610411931946,1370.3139709472657,1301.8669007013368,0.09989983565388749,37.43305422501907,0.027260632188391754,16.365850879920085,24.45358870361761,27.41294893396848,589081331.0,8107078.7,1435.8774710740622,1202.2434805896828,1435.8774710740622,804.0155562794703
2024-06-20,1386.5667865883688,1387.5530000630608,1357.276294544969,1362.1087646484375,8742855,1371.9535522460938,1310.6253857421875,1088.4004345703124,1367.7073928881139,51.62070632314503,24.044936520584997,27.793691273936865,-3.748754753351868,1437.9199493636206,1371.9535522460938,1305.9871551285669,0.09616418428966488,36.921886460238554,0.027106415741894263,15.907278191507991,23.021271191043205,28.1063379354643,580338476.0,8268013.6,1435.8774710740622,1202.2434805896828,1435.8774710740622,804.0155562794703
2024-06-21,1365.8562536401241,1404.3185777456931,1353.923095110488,1396.527587890625,43929578,1374.0246032714845,1315.0643334960937,1091.095756225586,1370.4521733645436,58.23646384431168,23.50841751542498,26.93663652223449,-3.4282190068095098,1440.3451958882822,1374.0246032714845,1307.7040106546867,0.09653479633318311,37.88428618702188,0.027127488576322308,14.979250003194988,23.99489329080363,25.435738652514235,624268054.0,8553820.2,1435.8774710740622,1202.2434805896828,1435.8774710740622,804.0155562794703
2024-06-24,1382.6713039856756,1404.1708060827762,1370.1956793408522,1400.2259521484375,6195831,1375.5680297851563,1319.3070288085937,1093.7895989990234,1373.287771343962,58.88703853740326,23.115191882199724,26.17234759422754,-3.0571557120278143,1442.8126426815638,1375.5680297851563,1308.3234168887489,0.09776995603323249,37.60506051237203,0.026856423032777445,14.117509542618627,22.44641336054496,23.794275598797775,630463885.0,10392932.05,1435.8774710740622,1202.2434805896828,1435.8774710740622,804.0155562794703
2024-06-25,1414.2300407116736,1414.2300407116736,1390.4129626012916,1395.442626953125,6353748,1377.0769348144531,1323.4589868164062,1096.4750579833985,1375.3977575924537,57.63648497858226,22.16211233195918,25.370300541773865,-3.2081882098146863,1444.6823951857793,1377.0769348144531,1309.471474443127,0.09818690395890678,36.620204626515594,0.026242716052378212,13.214089364216935,23.3657253075008,22.68889416427409,624110137.0,10421605.2,1435.8774710740622,1202.2434805896828,1435.8774710740622,804.0155562794703
2024-06-26,1395.4426823885688,1459.546557073419,1389.525401648429,1439.3785400390625,9579826,1381.4384643554688,1327.9975415039062,1099.4549020385741,1381.4911654445118,64.9907576355956,24.667697063475543,25.2297798461142,-0.5620827826386581,1453.176973194285,1381.4384643554688,1309.6999555166526,0.10386059269355423,39.005986826406634,0.027099186031596712,13.580694778324503,28.668128473907895,19.7796290672296,633689963.0,10411593.9,1459.546557073419,1202.2434805896828,1459.546557073419,805.7826502579626
2024-06-27,1443.8164905588649,1468.4718268047473,1420.1967265902633,1455.453857421875,19675528,1386.3054321289062,1332.9335400390626,1102.5025485229492,1388.5352313471178,67.23216150385126,27.63201016783978,25.71022591045932,1.9217842573804589,1464.0133364045464,1386.3054321289062,1308.597527853266,0.11210791283751459,39.66806635412644,0.027254774276659413,14.12558010604907,27.783232084094937,18.060247525085188,653365491.0,10787137.05,1468.4718268047473,1202.2434805896828,1468.4718268047473,805.7826502579626
2024-06-28,1515.0704348342108,1515.0704348342108,1416.8435978477416,1424.1416015625,29145832,1389.6043212890625,1337.263017578125,1105.4002905273437,1391.9263142247733,59.27192580468992,27.141739224724006,25.99652857331226,1.1452106514117446,1467.8533645197563,1389.6043212890625,1311.3552780583686,0.11262061010015616,43.85083568500806,0.030791064341422945,15.558214040245165,30.92831271271604,15.170579530866698,624219659.0,11548659.3,1515.0704348342108,1202.2434805896828,1515.0704348342108,811.7219222867279
2024-07-01,1430.0094919322773,1446.5779259247906,1429.2698318502432,1433.954345703125,6011806,1393.6108154296876,1341.9485180664062,1108.3000045776366,1395.9289838893783,60.83682909097563,27.231099252307104,26.243442709111232,0.9876565431958717,1472.325808061503,1393.6108154296876,1314.8958227978721,0.1129655306349578,42.321227733385385,0.029513650738046057,16.88851697914154,29.757138115195943,14.596109221372435,630231465.0,12650935.75,1515.0704348342108,1202.2434805896828,1515.0704348342108,811.7219222867279
2024-07-02,1441.8441118310177,1453.0869696122393,1397.4645051057128,1399.3875732421875,7792632,1394.9841186523438,1344.9702758789062,1111.0300900268555,1396.2583733515505,53.09722896162146,24.233321422306744,25.841418451750336,-1.6080970294435915,1473.0936263944618,1394.9841186523438,1316.8746109102258,0.11198623224123509,43.271316074324034,0.030921609496696027,17.018620882084242,27.024933325265135,18.5060915016918,622438833.0,11710243.9,1515.0704348342108,1202.2434805896828,1515.0704348342108,815.2070881574547
2024-07-03,1408.2634513723176,1412.6521734684666,1389.0322890481596,1400.275146484375,8261388,1400.9088012695313,1347.5511962890625,1113.761654663086,1396.6409231737243,53.26164924422728,21.67927544464851,25.00898985032997,-3.329714405681461,1459.2467811719428,1400.9088012695313,1342.5708213671198,0.08328590676215958,41.86764238475139,0.02989958258551336,16.869171299629013,25.935913320366232,19.198937951466103,630700221.0,11799019.4,1515.0704348342108,1262.2051556955462,1515.0704348342108,819.4283484461508
2024-07-04,1398.4506044369582,1421.2321099522144,1392.0402173221203,1403.4310302734375,9570938,1404.7895568847657,1350.026591796875,1116.4379913330079,1397.2876000403637,53.88072084838427,19.682936414617643,23.943779163187507,-4.260842748569864,1451.8699450082534,1404.7895568847657,1357.709168761278,0.0670283857005489,40.962231687990155,0.029187206784225997,16.935469460795378,26.111816214510263,18.221638145216676,640271159.0,11215867.75,1515.0704348342108,1310.6777653633274,1515.0704348342108,825.9565923814579
2024-07-05,1402.8885694472265,1413.8355141717643,1397.3164396281854,1409.9892578125,4881198,1407.70380859375,1351.7495043945312,1119.171774597168,1398.497281732948,55.20846265639763,18.41770961170255,22.838565252890515,-4.420855641187966,1448.0075100418605,1407.70380859375,1367.4001071456394,0.057261621659420905,39.21629189196078,0.02781318486979264,16.99703203902129,25.32616781303165,17.673388235539544,645152357.0,11085638.65,1515.0704348342108,1344.3567605943686,1515.0704348342108,830.8651536012538
2024-07-08,1411.2714479147253,1419.0131994250407,1403.52969640441,1415.3642578125,3261797,1408.1919921875,1353.6972778320312,1121.88041015625,1400.1036604071912,56.31841960438651,17.64532155116558,21.79991651254553,-4.154594961379949,1448.6183059555383,1408.1919921875,1367.765678419462,0.05741591202381366,37.52109268686577,0.026509848952139054,17.189679183507153,25.56532991873429,17.15245084780429,648414154.0,10815709.1,1515.0704348342108,1353.923095110488,1515.0704348342108,835.3720690497859
2024-07-09,1416.20253696718,1421.7746671267357,1408.4607853376988,1415.7587890625,2897480,1408.66044921875,1355.6075756835937,1124.5666094970702,1401.5946250410302,56.40381731979494,16.87056050315323,20.814045310667073,-3.943484807513844,1449.209316419971,1408.66044921875,1368.1115820175291,0.05757081804023035,35.79200619416371,0.025281147092764855,17.443592206115227,25.43715482942636,16.696711210337476,651311634.0,10364761.55,1515.0704348342108,1353.923095110488,1515.0704348342108,835.3720690497859
2024-07-10,1421.1335949517859,1428.7767492619014,1406.4883491576225,1425.1278076171875,3416762,1409.53818359375,1357.955751953125,1127.3016259765625,1403.8358805244739,58.479713479427815,16.818682979834875,20.014972844500637,-3.1962898646657614,1450.7101070656931,1409.53818359375,1368.366260121807,0.05841902539592274,34.82746290202908,0.02443813299823303,17.8745899152904,25.71045050321827,15.933473259445405,654728396.0,10243711.7,1515.0704348342108,1353.923095110488,1515.0704348342108,835.3720690497859
2024-07-11,1430.0095308143189,1430.8477881859396,1408.3128344847223,1418.1256103515625,4178558,1409.5159973144532,1360.0366625976562,1129.8795880126954,1405.1968071746728,56.32120372409806,16.027792454850896,19.21753676657069,-3.1897443117197923,1450.6689042663143,1409.5159973144532,1368.3630903625922,0.05839296188233345,33.94942653054253,0.023939647012034604,18.334188583336612,24.92718475983646,15.178021655407768,650549838.0,10193710.2,1515.0704348342108,1353.923095110488,1515.0704348342108,835.3720690497859
2024-07-12,1422.1197237007784,1427.642494666801,1401.8529901629902,1413.4903564453125,6342135,1409.8858215332032,1362.225068359375,1132.435359802246,1405.9866690099718,54.877212048294005,14.855732131303967,18.345175839517346,-3.489443708213379,1451.0420068355406,1409.8858215332032,1368.7296362308657,0.05838229546500653,33.36657495720455,0.023605803042841978,18.44831319086217,23.551000564263393,15.722944177120036,644207703.0,10158831.2,1515.0704348342108,1353.923095110488,1515.0704348342108,835.3720690497859
2024-07-15,1413.490391187128,1420.1473318049636,1406.3897026830555,1417.7803955078125,3324806,1410.3887878417968,1364.8592431640625,1134.9080429077148,1407.109881057385,56.00156431256496,14.11038049668673,17.498216770951224,-3.387836274264494,1451.6725294048265,1410.3887878417968,1369.105046278767,0.05854235643237473,31.96593596896909,0.022546464932264573,18.55428604070733,22.82700234242519,15.239593858511087,647532509.0,10076419.15,1515.0704348342108,1353.923095110488,1515.0704348342108,835.3720690497859
2024-07-16,1431.9818878121805,1452.9882818420633,1425.0783938626726,1446.281982421875,6967651,1412.2699890136719,1368.5891015625,1137.601884765625,1410.8405573778127,62.65871270147117,15.639244348787088,17.126422286518398,-1.4871779377313104,1456.397721515725,1412.2699890136719,1368.1422565116188,0.062491921297388495,32.1975038522035,0.02226225884269615,19.63590048341925,28.329657169493256,14.049275568147527,654500160.0,10043737.35,1515.0704348342108,1353.923095110488,1515.0704348342108,835.3720690497859
2024-07-18,1445.788865795556,1465.4637752617646,1438.934730719076,1463.195556640625,6470342,1416.7720520019532,1372.53888671875,1140.4271395874023,1415.8267477837949,65.95105994510303,18.008078138124574,17.302753456839636,0.7053246812849387,1462.366544043197,1416.7720520019532,1371.1775599607092,0.06436390663807516,31.792613901523865,0.02172820560945186,20.951450050172994,29.4440009120319,13.211898104819642,660970502.0,9958563.35,1515.0704348342108,1353.923095110488,1515.0704348342108,835.3720690497859
2024-07-19,1459.5958063429964,1459.5958063429964,1431.9324728043157,1441.597412109375,3858596,1420.746484375,1376.0024658203124,1143.108653564453,1418.2810967671835,58.81922359942974,17.935852874991724,17.429373340470054,0.5064795345216702,1460.0061068614868,1420.746484375,1381.486861888513,0.055266189877299074,31.75479032543711,0.0220275023100748,21.796333666648582,27.3734240691245,13.85787738732681,657111906.0,9850034.55,1515.0704348342108,1353.923095110488,1515.0704348342108,835.3720690497859
2024-07-22,1430.0095538719172,1451.7062505513532,1429.0726992157151,1445.197265625,3560584,1423.1799682617188,1379.4897192382812,1145.8404650878906,1420.8445414203088,59.60333571341603,17.962036748427636,17.53590602206157,0.42613072636606475,1462.1657058312037,1423.1799682617188,1384.194230692234,0.0547867991946265,31.103273254737175,0.021521818505023285,22.424150120051035,25.95061148825993,13.794320410168998,660672490.0,9605821.6,1515.0704348342108,1370.1956793408522,1515.0704348342108,835.3720690497859
2024-07-23,1449.7336856607312,1449.7336856607312,1408.7564710845538,1445.492919921875,2936143,1425.4433166503907,1383.2422607421875,1148.578685913086,1423.1920060395057,59.67125332549366,17.801440561856907,17.589012930020637,0.21242763183627034,1464.090346825227,1425.4433166503907,1386.7962864755543,0.05422457662596072,31.808554777697193,0.02200533419383082,21.960283863496823,23.56270092509497,17.087167696028825,663608633.0,7587371.9,1515.0704348342108,1389.0322890481596,1515.0704348342108,835.3720690497859
2024-07-24,1445.7889711918415,1455.2565965846513,1416.7450321697165,1435.1378173828125,4529339,1427.428076171875,1386.2807836914062,1151.2537899780273,1424.3297023579157,56.112858084391256,16.64670385345744,17.400551114707998,-0.7538472612505593,1463.713393482464,1427.428076171875,1391.1427588612862,0.05084013396723998,32.287341180357025,0.022497728642701227,21.720577799338432,22.77702064410367,15.631370347821495,659079294.0,7424387.5,1515.0704348342108,1389.0322890481596,1515.0704348342108,835.3720690497859
2024-07-25,1425.0783329768756,1433.9542533898803,1420.2458633412089,1429.171142578125,4277756,1426.917706298828,1389.4997827148438,1153.8618313598633,1424.7907919026975,54.11053790416926,15.07631552082239,16.935703995930876,-1.859388475108485,1462.8012301150864,1426.917706298828,1391.0341824825698,0.05029515529572309,31.044813527588925,0.02172225047280639,21.49799359690564,21.99659503605435,15.095781347883493,654801538.0,7333167.05,1515.0704348342108,1389.0322890481596,1515.0704348342108,835.3720690497859
2024-07-26,1430.2559923593205,1499.0443774426253,1429.1711816899629,1493.5216064453125,9564987,1428.82109375,1394.0383349609374,1156.7649969482422,1431.336583763899,67.5567396438584,18.80751476504838,17.310066149754377,1.4974486152940045,1473.5143736148298,1428.82109375,1384.1278138851703,0.06255965853293831,33.81827219451117,0.02264330964384309,23.053190956425937,32.49818576847495,12.86792596688665,664366525.0,7068063.55,1515.0704348342108,1389.0322890481596,1515.0704348342108,835.3720690497859
2024-07-29,1503.975486556938,1503.975486556938,1456.6866005608056,1460.92724609375,4589313,1430.6603759765626,1397.4200610351563,1159.5014923095703,1434.1547420810277,58.24703425936476,18.916368449544734,17.63132660971245,1.2850418398322851,1477.4122626002882,1430.6603759765626,1383.908489352837,0.06535707203299446,34.78045889462697,0.023807112221107176,24.595069352699387,30.354757032862825,11.618230215318725,659777212.0,6562536.5,1503.975486556938,1389.0322890481596,1515.0704348342108,835.3720690497859
2024-07-30,1463.9352039310047,1464.4283106340004,1443.8657851965568,1450.078857421875,4263689,1431.4666015625,1399.8905249023437,1162.1891702270507,1435.6713244944417,55.505397406024294,17.920682998335906,17.689197887437142,0.23148511089876322,1478.9680156584245,1431.4666015625,1383.9651874665756,0.06636747800343351,33.76489221911387,0.023284866230754625,25.37302838382889,29.034343976126745,13.825047739853407,655513523.0,5334710.55,1503.975486556938,1389.0322890481596,1515.0704348342108,835.3720690497859
2024-07-31,1457.475619018746,1483.413082617375,1452.840463653351,1470.98681640625,5634305,1435.046563720703,1402.7919677734376,1164.9865655517578,1439.0347046765187,59.46538022522112,18.604234623654293,17.87220523468057,0.7320293889737215,1483.126460658613,1435.046563720703,1386.966666782793,0.06700813500190729,33.73413028885574,0.022932992949094663,26.517815046088206,31.00487867086394,12.849250801617544,661147828.0,5247304.7,1503.975486556938,1389.0322890481596,1515.0704348342108,835.3720690497859
2024-08-01,1464.5268881451605,1490.1684363551094,1464.5268881451605,1484.7442626953125,4531379,1439.27001953125,1405.9715161132813,1167.8300650024414,1443.387995916404,61.87008974379453,20.02522680189304,18.302809548123065,1.7224172537699758,1489.19484440801,1439.27001953125,1389.34519465449,0.06937520298382915,33.156088711790964,0.022331178200077004,27.722868045659347,30.747486348558855,12.139459420709766,665679207.0,5139388.35,1503.975486556938,1392.0402173221203,1515.0704348342108,835.3720690497859
2024-08-02,1473.5014802768655,1484.399186970816,1463.1462391312123,1473.2056884765625,3335905,1442.7587524414062,1408.849287109375,1170.6296786499024,1446.2277761602286,58.72344956749982,19.98987598617532,18.640222835733518,1.349653150441803,1491.9242119109408,1442.7587524414062,1393.5932929718715,0.06815478940791438,32.33051262981306,0.02194568815658453,28.765917059834063,29.28030768871237,11.865230572804796,662343302.0,4952887.9,1503.975486556938,1397.3164396281854,1515.0704348342108,835.3720690497859
2024-08-05,1461.5682463600026,1467.4855267096382,1431.4887379160214,1445.492919921875,5111901,1444.533935546875,1410.6570141601562,1173.298125,1446.157789851814,51.8966366661476,17.523669439741298,18.416912156535073,-0.8932427167937753,1491.3459477161268,1444.533935546875,1397.7219233776232,0.06481261674413988,33.00097248200792,0.02283025535939085,28.161402440263853,26.63647835283144,17.645945251050957,657231401.0,4641136.25,1503.975486556938,1401.8529901629902,1515.0704348342108,835.3720690497859
2024-08-06,1462.6531062177266,1472.3180459355494,1411.370008129027,1423.6484375,8249573,1444.94814453125,1411.7428344726563,1175.7399896240233,1444.0140420087841,47.23521035880521,13.649176602588113,17.463365045745682,-3.814188443157569,1490.8583285094371,1444.94814453125,1399.0379605530627,0.06354578764912114,34.99719143375896,0.024582748459455222,26.777199175092907,23.32306738801616,19.557092978798757,648981828.0,4652671.4,1503.975486556938,1401.8529901629902,1515.0704348342108,835.3720690497859
2024-08-07,1439.9620182043307,1442.8379996148785,1410.8057382521752,1429.7969970703125,5700734,1445.6500549316406,1413.0334838867188,1178.1768469238282,1442.6600377289296,48.63374686392084,10.948542503845147,16.160400537365575,-5.2118580335204285,1490.161649369615,1445.6500549316406,1401.1384604936663,0.061580040461561174,34.78541071439784,0.024328915773130004,25.469458141267587,21.78898707961415,18.386588049126253,654682562.0,4902060.2,1503.975486556938,1401.8529901629902,1515.0704348342108,835.3720690497859
2024-08-08,1423.1030271553045,1454.34187409286,1418.1444800223592,1439.7637939453125,5986360,1446.381854248047,1414.78580078125,1180.6894262695312,1442.3842049876328,50.90534105261665,9.502963487692114,14.828913127430884,-5.32594963973877,1489.9919104870094,1446.381854248047,1402.7717980090845,0.060302272336836917,34.8862666684052,0.02423054866021329,24.644457770166262,22.529521824209272,17.023901654603527,660668922.0,5042222.9,1503.975486556938,1401.8529901629902,1515.0704348342108,835.3720690497859
2024-08-09,1452.8542325699207,1469.7132919239743,1445.2181188152174,1451.961669921875,3615910,1448.0736572265625,1416.662744140625,1183.2440103149413,1443.2963445051796,53.60928224861042,9.235141390686067,13.710158780081922,-4.475017389395855,1489.7501736435604,1448.0736572265625,1406.3971408095647,0.05756132115105141,34.53364033342353,0.023784126708580166,24.36367784794512,24.31327716382804,15.969324760738395,664284832.0,5170702.8,1503.975486556938,1401.8529901629902,1515.0704348342108,835.3720690497859
2024-08-12,1453.8459980796479,1465.2506563183356,1433.0201004263924,1446.50732421875,4028226,1449.7245056152344,1418.4296142578125,1185.8090454101562,1443.6021520969482,52.22419267270475,8.484960986335864,12.665119221332711,-4.180158234996847,1488.2903008265328,1449.7245056152344,1411.158710403936,0.05320430890410006,34.36913430188921,0.02376008315094552,23.55811712637098,22.6846762726458,17.43472104673547,660256606.0,5142570.4,1503.975486556938,1406.3897026830555,1515.0704348342108,835.3720690497859
2024-08-13,1455.8293808709282,1466.1431827127315,1438.3256859696467,1447.59814453125,4495208,1451.2153930664062,1420.305087890625,1188.3445236206055,1443.982722804977,52.48857423868025,7.887535099180468,11.709602396902264,-3.822067297721796,1486.9260165122726,1451.2153930664062,1415.50476962054,0.04921478040611194,33.90116019054604,0.02341890276567303,22.84085460813302,21.543168207419182,16.412863275479683,664751814.0,5026874.95,1503.975486556938,1408.7564710845538,1515.0704348342108,835.3720690497859
2024-08-14,1441.0528868298818,1467.829040293595,1441.0528868298818,1459.4986572265625,5891784,1451.8762268066407,1422.056630859375,1190.9434497070313,1445.460430845128,55.38900300733888,8.27890859235481,11.023463635992774,-2.7445550436379644,1487.6862338839285,1451.8762268066407,1416.066219729353,0.04932928360711688,33.392231138629406,0.02287924759182963,22.236460878324575,20.669873932482698,15.472795714729031,670643598.0,5085395.05,1503.975486556938,1408.7564710845538,1515.0704348342108,835.3720690497859
2024-08-16,1467.7298715848824,1478.6386746844998,1455.9285058381872,1471.25048828125,7176426,1452.2789733886718,1425.8460107421874,1193.6499523925781,1447.9166267914254,58.1086530059002,9.428661714248847,10.704503251643988,-1.2758415373951415,1488.763966791402,1452.2789733886718,1415.7939799859416,0.05024515822548614,32.62922668917821,0.02217788673585859,22.069438060432773,22.008610427565394,14.703569036552935,677820024.0,5031601.7,1503.975486556938,1408.7564710845538,1515.0704348342108,835.3720690497859
2024-08-19,1474.671955092678,1476.7545207301773,1452.1601989560693,1457.4658203125,4404075,1453.0723937988282,1428.4790087890624,1196.2764367675782,1448.8260737934324,53.953685272715404,9.122384673048828,10.388079535924957,-1.2656948628761295,1489.2828647393978,1453.0723937988282,1416.8619228582586,0.04983987183997497,32.05530490953034,0.021993863912813584,21.712003321486776,20.80246541353817,14.73745328785352,673415949.0,5066905.9,1503.975486556938,1408.7564710845538,1515.0704348342108,835.3720690497859
2024-08-20,1467.7299538379389,1472.440573622216,1434.5076879909316,1437.1357421875,10046892,1452.6693176269532,1430.1876391601563,1198.830364074707,1447.7127088785817,48.451200941309985,7.156692614581061,9.741802151656177,-2.585109537075116,1489.3972384543267,1452.6693176269532,1415.9413967995797,0.050566113542442524,32.475132103941355,0.0225971222833204,20.489581906475422,19.06685707426474,17.390509616326977,663369057.0,5094179.85,1503.975486556938,1408.7564710845538,1515.0704348342108,835.3720690497859
2024-08-21,1440.9538233962949,1454.4410476348723,1435.6977149151705,1451.317138671875,6175510,1452.9605285644532,1431.1019702148437,1201.5375473022461,1448.0559879065145,52.119470798547184,6.666342230038481,9.12671016733264,-2.4603679372941585,1489.5483201600439,1452.9605285644532,1416.3727369688625,0.05036309091168499,31.49428929078139,0.02170048740663419,19.354476306822022,18.25633270367999,16.651246097120836,669544567.0,5418495.25,1503.975486556938,1410.8057382521752,1515.0704348342108,835.3720690497859
2024-08-22,1461.4820737350453,1487.4649322833907,1452.8542505000953,1474.0272216796875,6781325,1454.9049987792969,1432.4547216796875,1204.442601928711,1450.5294387420547,57.35322503611471,8.01782541963803,8.904933217793719,-0.8871077981556894,1491.6306565837012,1454.9049987792969,1418.1793409748925,0.050485300188284656,31.826682456548124,0.02159165176086836,19.579481719239624,24.186806566258547,15.300389877399628,676325892.0,5580463.6,1503.975486556938,1410.8057382521752,1515.0704348342108,835.3720690497859
2024-08-23,1480.6221740935323,1497.4812343477788,1467.085316207143,1494.2581787109375,6238112,1458.1593505859375,1434.1884228515626,1207.4039389038087,1454.694080643853,61.40097019359626,10.599174058772633,9.243781385989502,1.3553926727831307,1496.6781641916373,1458.1593505859375,1419.6405369802378,0.05283210451617867,31.724485005411527,0.021230926126018942,20.108174592987492,24.78672627658859,14.253273029788703,682564004.0,5693062.9,1503.975486556938,1410.8057382521752,1515.0704348342108,835.3720690497859
2024-08-26,1496.489504800467,1508.0924565137798,1492.5226671469204,1501.0018310546875,4307432,1458.5333618164063,1435.8370727539063,1210.3415469360352,1459.1043425877422,62.67276264900406,13.038765070601585,10.00277812291192,3.035986947689665,1498.5350775625946,1458.5333618164063,1418.5316460702181,0.05485197225296441,30.57057817408637,0.020366782732440625,20.921586061947504,26.364335836657027,13.734752861245308,686871436.0,5791080.7,1508.0924565137798,1410.8057382521752,1515.0704348342108,835.3720690497859
2024-08-27,1505.414868633024,1513.6956179082501,1489.547518239,1510.12548828125,3965066,1460.9932739257813,1437.917705078125,1213.3832061767578,1463.9634993204572,64.38262156471093,15.529348746710639,11.108092247671664,4.421256499038975,1506.8968245350939,1460.9932739257813,1415.0897233164687,0.06283882537797976,30.111829709455208,0.01993995197294961,21.843097222911688,26.183266823518196,12.947999462744527,690836502.0,5528202.95,1513.6956179082501,1410.8057382521752,1515.0704348342108,835.3720690497859
2024-08-28,1515.282328261828,1551.5293552301443,1509.034631681102,1543.4468994140625,6225319,1465.6616760253905,1440.6322216796875,1216.5961572265626,1471.5333469484196,69.82003407395287,19.961806375377137,12.878835073212759,7.082971302164378,1523.5914198500914,1465.6616760253905,1407.7319322006897,0.07904927142776337,30.99632212656858,0.020082532245414914,23.635039758521813,32.33773673589712,11.680057194728398,697061821.0,5496990.6,1551.5293552301443,1410.8057382521752,1551.5293552301443,835.3720690497859
2024-08-29,1552.0252839660698,1558.6696888351357,1533.1331705845757,1552.9178466796875,8036748,1469.7582275390625,1443.5174194335937,1219.805180053711,1479.2842516847309,71.16735048809983,23.962561776571647,15.095580413884537,8.86698136268711,1539.0819949050538,1469.7582275390625,1400.4344601730713,0.09433356597984924,30.60633613542511,0.01970892162831723,25.445681260917144,32.07691342293437,10.983964183135244,705098569.0,5595072.1,1558.6696888351357,1410.8057382521752,1558.6696888351357,835.3720690497859
2024-08-30,1562.9339985302859,1595.0654069756854,1548.6533591036334,1575.8758544921875,37820442,1474.3148071289063,1447.5718505859375,1223.0949685668945,1488.4834519521078,74.17679576100237,28.655387152560706,17.80754176161977,10.847845390940936,1557.5614824479333,1474.3148071289063,1391.0681318098793,0.11292930779301101,31.73531554518417,0.02013820787641334,27.765452833414805,36.917884831359196,9.836553251868128,742919011.0,5715194.25,1595.0654069756854,1410.8057382521752,1595.0654069756854,835.3720690497859
2024-09-02,1591.6935546081613,1591.6935546081613,1552.5210341053435,1558.322509765625,4890314,1478.5706481933594,1451.4961254882812,1226.2553225708007,1495.1347907914903,68.30632183687015,30.60527825638701,20.36708906057322,10.238189195813789,1569.503442116294,1478.5706481933594,1387.6378542704247,0.12300094558761052,32.266544470729436,0.020705947753769143,29.919526436448347,33.71650036288913,8.983563191693818,738028697.0,7379647.4,1595.0654069756854,1410.8057382521752,1595.0654069756854,835.3720690497859
2024-09-03,1565.9092212522494,1565.9092212522494,1545.6783242644397,1547.6617431640625,4546295,1483.6790893554687,1454.51880859375,1229.3724813842773,1500.137357684116,64.94460292823173,30.933761093090425,22.480423467076662,8.453337626013763,1578.0203686850061,1483.6790893554687,1389.3378100259313,0.1271720818961203,31.4068553648066,0.020293100545729043,31.504652476757727,32.165166977441125,10.12645617008217,733482402.0,7457367.85,1595.0654069756854,1410.8057382521752,1595.0654069756854,835.3720690497859
2024-09-04,1545.0832368835377,1553.0169120408345,1529.2158865689444,1548.950927734375,5213811,1489.9442138671875,1457.4933081054687,1232.4980587768555,1504.786269117474,65.16785324580945,30.94143888138069,24.17262654993747,6.768812331443222,1584.149397321064,1489.9442138671875,1395.739030413311,0.12645464518347924,30.863581801026854,0.01992547423446817,32.03084795725839,30.39339789865815,13.378610249199712,738696213.0,7429087.55,1595.0654069756854,1410.8057382521752,1595.0654069756854,835.3720690497859
2024-09-05,1546.0750225923184,1550.0418603667697,1528.7201073290948,1534.372802734375,5652812,1495.1730041503906,1460.2719116210938,1235.5724423217773,1507.6040342238452,60.47753280567029,29.4319179020481,25.2244848203596,4.2074330816884995,1587.0234149406513,1495.1730041503906,1403.32259336013,0.12286258584832227,30.18202260364457,0.01967059279847622,32.491535008085066,28.859749558951446,12.820857465529336,733043401.0,7277299.45,1595.0654069756854,1418.1444800223592,1595.0654069756854,835.3720690497859
2024-09-06,1539.9264809899037,1542.7031948124218,1517.5137505935581,1526.48876953125,5497805,1499.5092529296876,1462.0141162109376,1238.5918728637696,1509.402580443598,58.04442650918481,27.284912572668645,25.63657037082141,1.6483422018472353,1588.634923000681,1499.5092529296876,1410.3835828586941,0.1188731178508741,29.8254098618745,0.01953857143084859,32.28498595524819,27.118757913016374,14.731226134588718,727545596.0,7274903.35,1595.0654069756854,1433.0201004263924,1595.0654069756854,835.3720690497859
2024-09-09,1510.6214083067318,1533.9265802057687,1510.6214083067318,1529.860595703125,3912508,1503.40419921875,1463.5022509765624,1241.6306280517579,1511.3509628492673,58.8077074120663,25.56082430184938,25.621421157027005,-0.06059685517762503,1590.6669570876031,1503.40419921875,1416.1414413498967,0.11608688856157201,29.35967857881467,0.01919108097906198,31.7160072981737,25.5811600298841,15.572809090915925,731458104.0,7250475.6,1595.0654069756854,1433.0201004263924,1595.0654069756854,835.3720690497859
2024-09-10,1532.3398273000187,1572.8511327043614,1532.3398273000187,1564.7686767578125,6163457,1509.3172668457032,1466.3147924804687,1244.7699575805664,1516.4383641738907,65.75396006002174,26.70344167463736,25.837825260549074,0.8656164140882865,1596.383910169136,1509.3172668457032,1422.2506235222704,0.11537222191248353,30.333311323273364,0.01938517288454657,32.26122990851532,32.15739896897619,13.996316364342919,737621561.0,7265305.5,1595.0654069756854,1434.5076879909316,1595.0654069756854,835.3720690497859
2024-09-11,1565.3636304646234,1585.644160024583,1561.3967929242822,1564.7191162109375,5994914,1515.1733154296876,1468.930087890625,1247.911258239746,1521.036531034562,65.73701124405014,27.290388442459744,26.128337896931207,1.1620505455285368,1600.5867226343084,1515.1733154296876,1429.7599082250667,0.11274407532764459,29.89860102163247,0.01910796686247034,33.05202647970651,33.35088642601022,13.185543071226952,731626647.0,7372067.05,1595.0654069756854,1434.5076879909316,1595.0654069756854,835.3720690497859
2024-09-12,1582.916941982038,1639.097302247129,1576.917051844284,1633.097412109375,12204496,1523.853253173828,1473.6042846679688,1251.405545349121,1531.70899589883,75.2253762790857,32.89392431863553,27.48145518127207,5.4124691373634555,1619.536950090654,1523.853253173828,1428.1695562570021,0.12558124834860485,33.075714236958106,0.020253362715354602,34.70965062525547,39.537419038224094,11.06763874568472,743831143.0,7447052.35,1639.097302247129,1434.5076879909316,1639.097302247129,840.9935062703851
2024-09-13,1637.3122533966011,1641.1799443485638,1617.527698879112,1620.8994140625,5609618,1531.3356994628907,1478.0167700195314,1254.7693142700195,1540.203321438227,71.42545893530489,35.93623976980689,29.172412098979038,6.763827670827851,1632.635270733324,1531.3356994628907,1430.0361281924575,0.13230223954938639,32.40260932499337,0.01999051208475788,36.278493668226716,37.935068960076684,10.490580923505316,738221525.0,7762687.95,1641.1799443485638,1434.5076879909316,1641.1799443485638,846.56561863347
2024-09-16,1620.8994038668964,1639.2460280324376,1616.5854921261139,1621.89111328125,3762063,1539.5569641113282,1482.3859716796876,1258.0914434814454,1547.9831111375624,71.55127863024988,37.989400362735296,30.935809751730293,7.053590611005003,1642.22122836681,1539.5569641113282,1436.8926998558463,0.13336858154481124,31.70674693794554,0.019549245123983434,37.68382317261674,35.99850728765973,10.167302477266352,741983588.0,7684347.55,1641.1799443485638,1434.5076879909316,1641.1799443485638,846.56561863347
2024-09-17,1636.3205587342034,1652.2375435015663,1624.9159002945407,1647.97314453125,4223072,1550.0988342285157,1487.1456494140625,1261.5494067382813,1557.505971460771,74.70581912601733,41.24569220491321,32.99778624236688,8.247905962546334,1651.8250321725263,1550.0988342285157,1448.372636284505,0.1312512411437814,31.609581458114878,0.01918088384086254,39.1898430783638,36.46564719528164,9.470087715786395,746206660.0,7652246.95,1652.2375435015663,1435.6977149151705,1652.2375435015663,853.8636011274664
2024-09-18,1641.477371829532,1657.0967950829047,1634.1883318562805,1641.179931640625,3171195,1559.591973876953,1491.661962890625,1264.9393795776368,1565.4749200493284,72.45238665106606,42.78497290816608,34.95522357552672,7.829749332639359,1658.0568363018565,1559.591973876953,1461.1271114520496,0.126270029692615,30.988073013008403,0.01888158173006101,40.66220357325616,35.6601603793711,8.970021687850588,743035465.0,7361055.95,1657.0967950829047,1452.8542505000953,1657.0967950829047,861.1122822179088
2024-09-19,1634.0395229327034,1697.5089242598776,1634.0395229327034,1651.04736328125,8498240,1568.4429809570313,1496.367734375,1268.3959481811523,1573.6246765476067,73.69365099190775,44.29052956827809,36.822284774077,7.468244794201091,1666.3741818765106,1568.4429809570313,1470.511780037552,0.1248769666586461,33.308167892591676,0.02017396268172214,42.55632938212333,39.47278996131608,7.749124441575119,751533705.0,7210840.2,1697.5089242598776,1467.085316207143,1697.5089242598776,866.0433507130305
2024-09-20,1657.1464350262888,1709.1120326642626,1652.187887943625,1697.55859375,21646275,1578.6080017089844,1501.8163500976561,1272.027133178711,1585.4279067573584,78.59057798560912,48.67565895968187,39.19295961119798,9.48269934848389,1685.4288837616218,1578.6080017089844,1471.787119656347,0.13533553857194983,35.076489427621745,0.020662903511410383,44.441046358708114,37.16830853320425,6.832860837479015,773179980.0,7296685.95,1709.1120326642626,1489.547518239,1709.1120326642626,871.4181720869694
2024-09-23,1704.7485306163608,1739.7062884431361,1704.7485306163608,1735.937744140625,5001827,1590.3547973632812,1508.1725927734376,1275.7984375,1599.7621769843363,81.6294200502553,54.61817792758734,42.27800327447585,12.34017465311149,1711.2048616409847,1590.3547973632812,1469.5047330855778,0.15197874647602674,35.58157551801563,0.020497034319413496,46.48465054522882,40.16517867463401,6.254733919131028,778181807.0,8067094.1,1739.7062884431361,1489.547518239,1739.7062884431361,872.7989348186501
2024-09-24,1737.4748308899004,1752.8959601467361,1731.623721345911,1742.0863037109375,7579205,1601.9528381347657,1514.74451171875,1279.505315246582,1613.316855720203,82.0685384033473,59.14205163822112,45.65081294722491,13.491238690996212,1733.8005587579414,1601.9528381347657,1470.10511751159,0.16460874188617522,34.55948003821631,0.01983798389586026,48.493681001839455,41.12535329366691,5.979737648898943,785761012.0,8101813.85,1752.8959601467361,1509.034631681102,1752.8959601467361,873.3412508203954
2024-09-25,1740.9955313468167,1752.2514091209669,1730.5329484785486,1745.8052978515625,4017103,1612.0707580566407,1521.305009765625,1283.2307879638672,1625.9348025898562,82.34345517523889,62.3090855408102,48.982467465941966,13.326618074868236,1754.9988843283502,1612.0707580566407,1469.1426317849312,0.17732239798705868,33.642264367087876,0.019270341548676132,50.295255385147634,39.228973028890195,5.935589503627877,789778115.0,8282520.8,1752.8959601467361,1510.6214083067318,1752.8959601467361,883.1048473233325
2024-09-26,1755.3256477718326,1764.2510324215198,1731.6734026618167,1756.41650390625,7417423,1622.2456909179687,1527.5077001953125,1286.9195709228516,1638.3616312866557,83.13782558735417,64.92678283590999,52.17133053993557,12.755452295974422,1775.4829505146931,1622.2456909179687,1469.0084313212442,0.18891991571266026,33.566219037988965,0.019110626074930453,52.0756676754605,39.06293741466369,5.524105571276717,797195538.0,8172110.0,1764.2510324215198,1510.6214083067318,1764.2510324215198,883.1048473233325
2024-09-27,1740.6483058195895,1748.8299084418002,1708.2194565766843,1720.2191162109375,7116861,1629.4628540039062,1532.6481713867188,1290.436242980957,1646.1575822318252,71.34592810258587,63.35023801921511,54.40711203579148,8.943125983423634,1786.8256006225854,1629.4628540039062,1472.100107385227,0.19314677377518422,34.611278201673024,0.02012027297889236,52.38246135229722,35.17750233349039,9.814922113639653,790078677.0,8141143.75,1764.2510324215198,1510.6214083067318,1764.2510324215198,883.1048473233325
2024-09-30,1699.7898894037503,1718.6323677577009,1690.07108898735,1695.3768310546875,6907288,1636.3155700683594,1537.723759765625,1293.861495666504,1650.8451297387644,64.57640755187101,59.41139254615837,55.40796813786486,4.003424408293505,1792.622754522551,1636.3155700683594,1480.0083856141678,0.19104772613959994,34.292474560381194,0.020227051551157494,51.74841887420679,32.968495606163664,12.978748745172215,783171389.0,6605964.7,1764.2510324215198,1510.6214083067318,1764.2510324215198,883.1048473233325
2024-10-01,1690.8645168244616,1708.5665052962765,1681.9391322781742,1684.61669921875,3649090,1643.1633178710938,1542.5121484375,1297.3535119628907,1654.0614696892392,61.83946805171411,54.78999150148161,55.284372810588216,-0.4943813091066076,1795.2786324275269,1643.1633178710938,1491.0480033146607,0.18514935539519697,33.74496730736128,0.020031243500679228,50.76825968803427,31.11030438029013,13.968538004523193,779522299.0,6706813.4,1764.2510324215198,1510.6214083067318,1764.2510324215198,883.1048473233325
2024-10-03,1651.1961537838697,1680.9474358340296,1651.1961537838697,1659.5760498046875,7200276,1648.6945739746093,1546.7938110351563,1300.7190924072265,1654.5866677954725,55.90162854160509,48.54730364710622,53.93695897789182,-5.389655330785601,1794.6239075889382,1648.6945739746093,1502.7652403602804,0.17702409641893602,33.72179431646978,0.020319523362872367,48.53163683476754,28.90799117494684,19.491591192366876,772322023.0,6661953.15,1764.2510324215198,1510.6214083067318,1764.2510324215198,883.1048473233325
2024-10-04,1656.2043744726727,1672.716239560555,1616.6351441837319,1627.2960205078125,8576527,1653.3407348632813,1550.6369750976562,1303.920314025879,1651.987558529981,49.32634264068341,40.528018191680985,51.25517082064966,-10.727152628968675,1790.0400739520346,1653.3407348632813,1516.641395774528,0.16536136345791694,35.31888724935217,0.021704033442133407,45.25959937329626,25.629308746499778,24.270481386697977,763745496.0,6761276.4,1764.2510324215198,1510.6214083067318,1764.2510324215198,883.1048473233325
2024-10-07,1637.31219276775,1656.1546710612615,1628.8330291123602,1648.2706298828125,5387707,1659.4298278808594,1555.01896484375,1307.2540228271484,1651.6335653254887,53.179943737702416,35.45643269165657,48.09542319485105,-12.638990503194478,1783.2250542160377,1659.4298278808594,1535.634601545681,0.149202122626985,34.857441771073375,0.021147887451923864,42.22127887335865,24.113692102039337,22.835220454669507,769133203.0,6907462.15,1764.2510324215198,1510.6214083067318,1764.2510324215198,883.1048473233325
2024-10-08,1648.8160679915902,1665.5759815080908,1638.3039722842311,1643.708740234375,5224335,1665.1222351074218,1558.0227075195312,1310.5419924926757,1650.878820078716,52.249263995026915,30.714994932597847,44.619337542400416,-13.904342609802569,1774.151760453441,1665.1222351074218,1556.0927097614026,0.13095678268807145,34.315625160558106,0.02087694998547314,39.69463362262021,24.705888409788876,21.538929791670206,763908868.0,6901957.25,1764.2510324215198,1532.3398273000187,1764.2510324215198,883.1048473233325
2024-10-09,1652.9316226564424,1690.467798785298,1647.278927567443,1664.1875,3414614,1670.0931762695313,1562.0879125976562,1313.9062213134766,1652.1463134045528,55.974076537362976,28.28379809489411,41.35222965289916,-13.068431558005052,1768.9597721666707,1670.0931762695313,1571.226580372392,0.11839650302383323,35.20444183129846,0.021154131869935606,38.06485043214748,27.412441446085587,19.495478075144536,767323482.0,6967548.6,1764.2510324215198,1561.3967929242822,1764.2510324215198,883.1048473233325
2024-10-10,1672.617029799058,1684.86461653074,1651.1961312272244,1664.1875,5047657,1675.0665954589845,1566.3700854492188,1317.3328280639648,1653.2930930803097,55.974076537362976,26.05669176227866,38.29312207477506,-12.236430312496402,1761.4488915985637,1675.0665954589845,1588.6842993194052,0.10313893951889078,35.09473065074254,0.02108820709850455,36.551480326708514,25.533984064251733,18.15953633589224,767323482.0,6830106.45,1764.2510324215198,1576.917051844284,1764.2510324215198,883.1048473233325
2024-10-11,1664.187576305186,1676.236870135029,1644.8988762450629,1673.4105224609375,2367678,1677.0822509765626,1570.4185595703125,1320.8168914794921,1655.2090387356075,57.69764248065691,24.750605210676895,35.584618701955435,-10.83401349127854,1761.3076370726333,1677.0822509765626,1592.856864880492,0.10044276128618779,34.82639231068708,0.02081162502759393,34.890558332953916,23.89281526852604,18.283912574415925,769691160.0,6782743.6,1764.2510324215198,1616.5854921261139,1764.2510324215198,883.1048473233325
2024-10-14,1672.0220941797384,1695.8727543260768,1665.4272022775158,1681.54248046875,2069815,1680.114404296875,1574.3545239257812,1324.3504904174804,1657.7169855673353,59.21378281569761,24.09396305023688,33.28648757161172,-9.192524521374843,1760.3005399107258,1680.114404296875,1599.928268683024,0.09545318510308068,34.51347514910665,0.020524890420541505,33.925724214339766,26.451150326519873,17.13184948367322,771760975.0,6290902.7,1764.2510324215198,1616.5854921261139,1764.2510324215198,883.1048473233325
2024-10-15,1693.8396276523147,1718.3844349031313,1685.8563186888402,1703.012939453125,5891334,1684.1704956054687,1578.9506689453126,1328.0747769165039,1662.0308859374104,62.985803308558204,25.017667908472276,31.632723638983833,-6.615055730511557,1760.2683740055313,1684.1704956054687,1608.072617205406,0.09036837849686358,34.67979509805483,0.020363788374497777,33.6095363422121,29.08062702290167,15.83185247580334,777652309.0,6113912.55,1764.2510324215198,1616.6351441837319,1764.2510324215198,883.1048473233325
2024-10-16,1705.7401652065914,1727.8056993204557,1702.864183739646,1719.574462890625,3299887,1687.7505615234375,1584.4322998046875,1331.8505584716797,1667.5112265996213,65.62655357782697,26.777413836195365,30.661661678426142,-3.884247842230778,1763.4358186349148,1687.7505615234375,1612.0653044119601,0.08968772855055132,33.98420370396589,0.019763147474775845,33.53982488948255,29.53632514587513,15.00190723200289,780952196.0,6220376.1,1764.2510324215198,1616.6351441837319,1764.2510324215198,883.1048473233325
2024-10-17,1722.351340028693,1723.541342912728,1680.352470185237,1687.0465087890625,4373392,1690.0438903808595,1589.7002612304686,1335.4062536621093,1669.3717296652824,57.02175459333204,25.25615389299105,29.580560121339126,-4.324406228348074,1762.6631381017737,1690.0438903808595,1617.4246426599452,0.08593770627406505,34.641680062789106,0.020533921194415914,32.5024878686771,26.906048997005463,18.3077018091513,776578804.0,6174216.85,1764.2510324215198,1616.6351441837319,1764.2510324215198,883.1048473233325
2024-10-18,1695.8231174450298,1701.8725207283533,1671.228675271638,1693.69091796875,4154915,1692.1760681152343,1594.9781396484375,1338.9443807983398,1671.6878428370412,58.226637574586164,24.306502488655042,28.52574859480231,-4.219246106147267,1762.5599068061365,1692.1760681152343,1621.7922294243322,0.08318737041269768,34.356120448069554,0.020284763933949047,31.17465426358769,25.191850776879814,19.038204018427532,780733719.0,6234326.7,1764.2510324215198,1616.6351441837319,1764.2510324215198,883.1048473233325
2024-10-21,1691.4100446873852,1694.7817598587612,1648.2210511511773,1678.517822265625,3836168,1691.2240295410156,1599.7532202148439,1342.3013641357422,1672.338317068335,54.47115878161405,22.07508703043709,27.235616281929268,-5.160529251492179,1761.805715965864,1691.2240295410156,1620.6423431161672,0.0834681688433716,35.227876752320576,0.020987490442473104,29.092866478335054,22.813558895639655,21.905921030424974,776897551.0,6017160.45,1764.2510324215198,1616.6351441837319,1764.2510324215198,883.1048473233325
2024-10-22,1677.9722874963065,1698.6990379542221,1673.3608146222061,1678.22021484375,3070057,1688.338153076172,1604.2783911132813,1345.5804284667968,1672.8984978088508,54.397049399966235,20.051518349684557,25.798796695480327,-5.74727834579577,1756.0317119379374,1688.338153076172,1620.6445942144064,0.08018957427269773,34.52147293658454,0.020570287874764184,27.29111753244383,22.4280281667096,20.757449261269983,773827494.0,5126655.1,1764.2510324215198,1616.6351441837319,1764.2510324215198,883.1048473233325
2024-10-23,1675.9888614644642,1687.2447387780294,1666.1709143365383,1671.82373046875,2764757,1684.8250244140625,1608.7847192382812,1348.8496997070313,1672.7961390145554,52.73632077356884,17.72733309867135,24.184503976118535,-6.457170877447183,1748.1481806119727,1684.8250244140625,1621.5018682161522,0.07516882202047351,33.56092661550643,0.020074440865901898,25.35267287558851,21.422087253914224,21.356681794403432,771062737.0,5030066.6,1764.2510324215198,1616.6351441837319,1764.2510324215198,883.1048473233325
2024-10-24,1673.0138321388245,1678.9640888032186,1643.6592568061362,1664.53466796875,3669575,1680.761492919922,1613.1234497070313,1352.1769555664061,1672.0093322482883,50.831850227522985,15.122905672963725,22.372184315487573,-7.249278642523848,1738.0536732003275,1680.761492919922,1623.4693126395164,0.06817407528878361,33.685491285619,0.020237182158978868,24.300829300494897,19.818380302469095,24.531367124440504,767393162.0,4789344.2,1764.2510324215198,1616.6351441837319,1764.2510324215198,883.1048473233325
2024-10-25,1667.1626539919503,1670.7824175263368,1642.1219915538793,1652.1878662109375,3434386,1675.5500610351562,1616.9772338867188,1355.3998233032225,1670.1215735780645,47.69017808166575,11.925128994957504,20.28277325138156,-8.357644256424056,1722.372193871207,1675.5500610351562,1628.7279281991055,0.05588867074150442,33.32655804896461,0.020171167414147897,23.37425071241224,18.60098309563056,23.353943003841508,763958776.0,4771967.8,1748.8299084418002,1616.6351441837319,1764.2510324215198,883.1048473233325
2024-10-28,1644.4029739708797,1663.9396008243875,1632.0066064094465,1649.559814453125,2811651,1672.0170959472657,1620.5434204101562,1358.5429815673829,1668.1633108042606,47.02397232779835,9.074204346381293,18.04105947038151,-8.966855124000215,1715.357820900677,1672.0170959472657,1628.6763709938543,0.051842442351173565,33.227017789391496,0.020142960260223833,22.84774412299676,17.324085281692902,23.92528782376095,761147125.0,4572815.95,1727.8056993204557,1616.6351441837319,1764.2510324215198,883.1048473233325
2024-10-29,1636.8163962480994,1654.121677188332,1596.6521647739714,1623.5274658203125,6990747,1668.424627685547,1623.8646533203125,1361.4933532714845,1663.9122779486465,40.92529843758554,4.660509595775011,15.364949495460209,-10.704439899685198,1715.1997121617221,1668.424627685547,1621.6495432093718,0.05607095903524507,34.95862454831785,0.021532511943464082,23.352228127220727,15.289829997201176,28.33962776716757,754156378.0,4357555.45,1727.8056993204557,1596.6521647739714,1764.2510324215198,883.1048473233325
2024-10-30,1614.3046789789096,1637.3122896223679,1604.3875845535772,1619.80859375,4622628,1665.1842224121094,1627.5181103515624,1364.4315411376954,1659.711927072585,40.12470772000733,0.8527132631008953,12.462502248988347,-11.609788985887452,1715.841647706196,1665.1842224121094,1614.5267971180228,0.06084302819144726,34.81334458549448,0.02149225823336232,23.820677559714408,14.25694786289383,26.425185604044373,749533750.0,4361728.4,1727.8056993204557,1596.6521647739714,1764.2510324215198,883.1048473233325
2024-10-31,1620.453196677562,1625.2134503297918,1588.8672757765003,1599.2305908203125,4921681,1662.1669494628907,1630.4763793945312,1367.2547576904296,1653.9517998104639,35.93561091119308,-3.7818705732779563,9.213627684535087,-12.995498257813043,1720.4202324369508,1662.1669494628907,1603.9136664888306,0.07009317925962122,34.922832440337125,0.02183727139838148,24.644876719120845,13.19708964036605,27.635152239872564,744612069.0,4410405.3,1727.8056993204557,1588.8672757765003,1764.2510324215198,883.1048473233325
2024-11-01,1606.5692007178998,1612.866531089306,1592.0406340429627,1603.048583984375,279441,1660.9545776367188,1633.056806640625,1370.0208795166016,1649.1038744936936,37.24471868220523,-7.065287280164739,5.957844691595122,-13.023131971759861,1722.9494603739945,1660.9545776367188,1598.959694899443,0.07464970273357484,33.91590848362328,0.021157130746047217,25.41020450999825,12.618260491514102,26.423064417079257,744891510.0,4296475.55,1727.8056993204557,1588.8672757765003,1764.2510324215198,883.1048473233325
2024-11-04,1605.726334262962,1610.3873201213667,1560.008554136931,1578.0576171875,6094029,1657.4439270019532,1634.7327954101563,1372.6709228515624,1642.3375642740561,32.555356642009386,-11.550830059611371,2.4561097413538233,-14.006939800965196,1729.111712779875,1657.4439270019532,1585.7761412240313,0.08647989185076954,35.09182687653845,0.022237354640498492,26.845259443803315,11.324323882877977,30.233570367509927,738797481.0,3881621.25,1727.8056993204557,1560.008554136931,1764.2510324215198,883.1048473233325
2024-11-05,1570.123975571089,1580.6857053503006,1553.016987679978,1565.314208984375,6473278,1653.5242004394531,1636.01904296875,1375.256509399414,1635.0020066274199,30.45000948482111,-15.950078987807728,-1.2251280044784871,-14.724950983329242,1735.5891771975232,1653.5242004394531,1571.459223681383,0.09926069027143343,34.56160479038017,0.02207965952906339,28.31626413990665,10.676764831185002,29.94967259423913,732324203.0,3916937.35,1727.8056993204557,1553.016987679978,1764.2510324215198,883.1048473233325
2024-11-06,1569.8759869347814,1597.3959229028424,1553.5127817645832,1585.5450439453125,6631728,1649.5920776367188,1637.5274340820313,1377.876680908203,1630.2918197053145,37.37417752608086,-17.601160926259126,-4.500334588834615,-13.100826337424511,1736.6225665666723,1649.5920776367188,1562.5615887067654,0.10551758839026107,35.22742881522867,0.022217866940930447,28.798955216189356,13.114986202813322,27.284773286066503,738955931.0,3979384.5,1727.8056993204557,1553.016987679978,1764.2510324215198,883.1048473233325
2024-11-07,1582.718565296283,1595.214200557558,1556.6366807641537,1562.7357177734375,5160994,1644.5194885253907,1637.9132104492187,1380.2543505859376,1623.857905235612,33.34360774817543,-20.513707998001564,-7.703009270668006,-12.810698727333559,1739.058271790063,1644.5194885253907,1549.9807052607184,0.1149743544230581,35.466721027955494,0.0226952776624879,29.247168358451866,12.096035750982997,25.164921107955816,733794937.0,4140240.2,1727.8056993204557,1553.016987679978,1764.2510324215198,883.1048473233325
2024-11-08,1557.9754997056518,1566.4050297804436,1545.9262060341464,1556.8846435546875,3096384,1638.6931945800782,1637.9925463867187,1382.6348168945312,1617.4794993612381,32.37896695571057,-23.02859600615602,-10.76812661776561,-12.260469388390412,1739.5437452917658,1638.6931945800782,1537.8426438683905,0.12308655585468645,34.396156936408474,0.022092938663634692,29.935521346634882,11.581624910112312,26.318911093499842,730698553.0,4145907.05,1727.8056993204557,1545.9262060341464,1764.2510324215198,883.1048473233325
2024-11-11,1548.0584034325336,1568.4875932572072,1538.9347251988436,1547.6121826171875,3664301,1631.9966796875,1637.4272729492188,1385.0214373779297,1610.825469195138,30.85551112026357,-25.476199209768083,-13.709741136166105,-11.766458073601978,1738.2200209069679,1631.9966796875,1525.7733384680323,0.1301759281027554,34.05020773083384,0.02200177028411025,30.747663919336123,10.863630060574568,26.153921071208018,727034252.0,4182342.35,1727.8056993204557,1538.9347251988436,1764.2510324215198,903.7660391254826
2024-11-12,1555.79381090626,1581.7765496942259,1537.2487718266007,1542.7528076171875,4479934,1623.9836730957031,1637.11587890625,1387.3748840332032,1604.3423585686664,30.05735521730074,-27.491152440976975,-16.466023397128282,-11.025129043848693,1731.737081540482,1623.9836730957031,1516.2302646509243,0.13270257605407446,34.79860559774751,0.022556177130861717,30.744640340615703,12.598433434385724,23.763480485973073,722554318.0,4262066.65,1727.8056993204557,1537.2487718266007,1764.2510324215198,909.4860390504098
2024-11-13,1546.967551869879,1559.4630663776882,1533.5298407760313,1537.5958251953125,5816699,1614.8847412109376,1636.914560546875,1389.5154125976562,1597.9855458664424,29.19427222658466,-29.16791322909944,-19.006401363522514,-10.161511865576927,1719.5015994123842,1614.8847412109376,1510.267883009491,0.12956572754907397,34.16536416945532,0.02221999020133622,30.851260790260085,11.915373214055762,23.25258171589886,716737619.0,4191496.65,1723.541342912728,1533.5298407760313,1764.2510324215198,916.1922738561013
2024-11-14,1537.1495310547505,1555.0002998024831,1523.811088386004,1537.6453857421875,5139154,1607.4146850585937,1636.6884497070312,1391.4934637451172,1592.2388639498467,29.215308376664993,-30.145263281819553,-21.23417374718192,-8.911089534637632,1711.6893201857927,1607.4146850585937,1503.1400499313947,0.1297420461520767,33.95278182995702,0.022081022155552958,31.233784242888447,11.133549848425206,23.77146524976374,721876773.0,4317337.25,1701.8725207283533,1523.811088386004,1764.2510324215198,916.1922738561013
2024-11-18,1555.942390635251,1555.942390635251,1516.7698699412754,1524.25732421875,4816078,1598.9430053710937,1636.4861401367189,1393.247026977539,1585.764431594504,26.891111486954202,-31.635451128050363,-23.31442922335561,-8.321021904694753,1701.3169950527313,1598.9430053710937,1496.5690156894561,0.12805208107824695,34.32562032024406,0.022519570531069927,31.78813484204627,10.226003640403457,23.298960273199402,717060695.0,4355625.35,1698.6990379542221,1516.7698699412754,1764.2510324215198,916.1922738561013
2024-11-19,1524.2573190174585,1545.0832160242032,1506.7041113922262,1512.8526611328125,6238241,1590.6597473144532,1636.21341796875,1395.0885400390625,1578.8204534552954,25.06204932639882,-33.35223295029391,-25.321989968743274,-8.030242981550636,1692.7472758605875,1590.6597473144532,1488.5722187683189,0.12835872501141868,34.61515491393928,0.022880717867144917,32.5775997709537,9.4161501349544,23.53086245808041,710822454.0,4388683.5,1698.6990379542221,1506.7041113922262,1764.2510324215198,916.1922738561013
2024-11-21,1525.2490568094568,1529.2655283017389,1498.472903016313,1512.505615234375,7356679,1582.3740173339843,1635.866318359375,1396.920428466797,1572.5047545771124,25.00631041668177,-34.34489207984416,-27.126570390963455,-7.218321688880703,1681.5480904421759,1582.3740173339843,1483.1999442257927,0.12534845999971872,34.342117083331175,0.022705447660774196,33.52542344904061,8.813083930700213,23.735824876670716,703465775.0,4508787.15,1687.2447387780294,1498.472903016313,1764.2510324215198,916.1922738561013
2024-11-22,1520.2905717507851,1561.9423682371082,1507.5966424935457,1556.2896728515625,7640321,1576.597314453125,1635.69673828125,1398.9884954833985,1570.9604610794408,42.40881256423168,-31.238476350572455,-27.948951582885257,-3.2895247676871975,1667.3598836191145,1576.597314453125,1485.8347452871353,0.11513728754190153,35.7709462733477,0.022984761061740654,32.4929956483821,14.38171043152758,21.160030105790085,711106096.0,4723118.25,1678.9640888032186,1498.472903016313,1764.2510324215198,920.926089949376
2024-11-25,1568.8346766198333,1595.908392348482,1549.5956106194408,1565.6612548828125,12155641,1571.6536437988282,1635.7155810546874,1401.0440014648439,1570.455774775,45.332927124875674,-27.70109023140708,-27.899379312589623,0.19828908118254418,1653.0010979358633,1571.6536437988282,1490.306189661793,0.10351829674178213,36.52393452018295,0.023328120566486595,30.259732249851076,19.721741820539243,19.2435180421579,723261737.0,4966896.45,1670.7824175263368,1498.472903016313,1764.2510324215198,923.2930375193099
2024-11-26,1576.8180013485198,1591.544862243798,1553.0169749130705,1564.1737060546875,4030593,1567.2529357910157,1634.3371069335938,1403.1882257080078,1569.8574825159228,44.94285758736676,-24.732616794060732,-27.266026808883847,2.533410014823115,1639.7372862987181,1567.2529357910157,1494.7685852833133,0.0924985991123615,36.66707400665042,0.023441817149027336,28.18598766550084,18.241556225049834,17.799224811279174,719231144.0,5391199.75,1663.9396008243875,1498.472903016313,1764.2510324215198,928.9637663432277
2024-11-27,1556.1409042638131,1570.619837990379,1541.2652625464616,1564.5704345703125,4982785,1563.003466796875,1633.21052734375,1405.3364056396485,1569.3539541401506,45.07858789668507,-22.093388700374135,-26.231499187181907,4.138110486807772,1624.8767552914646,1563.003466796875,1501.1301783022855,0.07917229847402574,36.144752680740915,0.023102029721447197,26.54797415041387,17.183364413537287,19.089043626474762,724213929.0,5421010.1,1654.121677188332,1498.472903016313,1764.2510324215198,928.9637663432277
2024-11-28,1557.9754743817023,1575.3303889594742,1544.0419088259516,1547.46337890625,6714728,1559.200262451172,1631.72197265625,1407.5827325439452,1567.2691374512076,40.44808967570762,-21.138506301594816,-25.21290061006449,4.0743943084696745,1614.7530693174845,1559.200262451172,1503.6474555848595,0.07125807788023276,35.79787607022532,0.023133262187779415,24.82476386234142,17.050502861639846,17.897298616832224,717499201.0,5529566.8,1637.3122896223679,1498.472903016313,1764.2510324215198,928.9637663432277
2024-11-29,1538.290116988543,1635.229714428469,1538.290116988543,1613.6600341796875,10775801,1558.8928344726562,1631.0357104492186,1410.0589556884765,1571.6873180920152,58.29868284944475,-14.868839542258911,-23.144088396503378,8.275248854244467,1613.1536461663327,1558.8928344726562,1504.6320227789797,0.06961455013940313,40.16514188234679,0.024890708719054907,24.84769267963831,24.76341627732908,14.811899469588795,728275002.0,5515765.85,1635.229714428469,1498.472903016313,1764.2510324215198,946.7649071140938
2024-12-02,1613.6599398846556,1632.5519309153465,1603.7923589308846,1629.9735107421875,3790108,1560.42998046875,1630.81158203125,1412.6155139160155,1577.2383840586983,61.371652327829594,-8.485902047283162,-20.212451126659335,11.726549079376174,1620.595169779161,1560.42998046875,1500.264791158339,0.07711360338300799,39.350458318212155,0.024141777801219868,24.86898372427114,23.470664492748526,14.038657633410125,732065110.0,5823424.5,1635.229714428469,1498.472903016313,1764.2510324215198,946.7649071140938
2024-12-03,1639.1965215609926,1639.1965215609926,1599.776072187385,1607.11474609375,9131055,1560.6332885742188,1629.9329296875,1415.0190692138672,1580.0837518715605,55.23013737071383,-5.2118108531201415,-17.212323071951495,12.000512218831354,1621.3976618794907,1560.6332885742188,1499.868915268947,0.07787143046370065,39.35545767931183,0.024488268665923907,25.067707268785178,22.99738637542404,13.034240411605865,722934055.0,5766845.85,1639.1965215609926,1498.472903016313,1764.2510324215198,946.7649071140938
2024-12-04,1616.238354059703,1616.9821360910237,1569.2809393606492,1570.966796875,8772014,1560.2787475585938,1627.40109375,1417.3498754882812,1579.2154704433167,47.18826307285225,-5.470842922401516,-14.864027042041501,9.393184119639985,1620.7141767296614,1560.2787475585938,1499.843318387526,0.07746747722563349,39.95158189724488,0.025431207060975063,23.958007716707662,21.036078641548965,17.374788039647854,714162041.0,6209426.55,1639.1965215609926,1498.472903016313,1764.2510324215198,946.7649071140938
2024-12-05,1586.7350485118698,1608.6022893224847,1572.2064815122776,1601.957763671875,10324005,1562.1109252929687,1624.721494140625,1419.8432794189453,1581.3814031317509,53.44672405724816,-3.1392286120033077,-12.519067356033862,9.379838744030554,1625.209027487646,1562.1109252929687,1499.0128230982914,0.08078568707640711,39.78614693654772,0.024835952506858366,22.92757241834997,19.614723938614397,16.20081749535318,724486046.0,6343325.8,1639.1965215609926,1498.472903016313,1764.2510324215198,946.7649071140938
2024-12-06,1604.585874710944,1611.1807667018509,1581.5782641149153,1584.6029052734375,4296866,1562.063818359375,1621.571826171875,1422.2541009521485,1581.6882128595305,49.8818033310153,-2.6611237269571575,-10.54747863021852,7.886354903261363,1625.0932390579908,1562.063818359375,1499.0343976607594,0.08070018645565334,39.05874376871828,0.024648915913718043,22.05945127157594,19.024409476981855,15.32377820321036,720189180.0,6535862.15,1639.1965215609926,1498.472903016313,1764.2510324215198,946.7649071140938
2024-12-09,1582.6690244241763,1592.5861182283777,1575.875839379953,1589.263916015625,4264409,1563.3902282714844,1618.4409985351563,1424.6980895996094,1582.409708398206,50.83037338276538,-1.8843954104988825,-8.814861986274593,6.930466575775711,1627.5271848045218,1563.3902282714844,1499.253271738447,0.08204855751714464,37.46242484584016,0.02357218613492502,21.002825384466178,18.41827224443643,15.9228124698351,724453589.0,6419119.05,1639.1965215609926,1498.472903016313,1764.2510324215198,946.7649071140938
2024-12-10,1597.1976891795864,1598.4868388183645,1557.033456805162,1565.5621337890625,14645786,1563.8241027832032,1614.6239111328125,1426.9996533203125,1580.8051774830494,46.056703265296754,-3.1451134551593896,-7.680912280051553,4.535798824892163,1627.8965236299844,1563.8241027832032,1499.751681936422,0.08194325785457428,37.74749321493748,0.024111143467413106,19.759384838183216,16.973522237132528,18.23930277569811,709807803.0,6374289.8,1639.1965215609926,1498.472903016313,1764.2510324215198,946.7649071140938
2024-12-11,1574.8344929756463,1574.8344929756463,1558.173726994408,1572.85107421875,3853182,1565.0860473632813,1611.6765502929688,1429.34111328125,1580.0476438388305,47.68387268179795,-3.5155598267540427,-6.847841789392051,3.3322819626380085,1628.8248665258614,1565.0860473632813,1501.3472282007012,0.08145088159205251,36.24129841253039,0.023041786350008874,18.60476147377761,16.416163063527353,17.640379194594946,713660985.0,6951759.9,1639.1965215609926,1498.472903016313,1764.2510324215198,946.7649071140938
2024-12-12,1565.413296958698,1604.486671756462,1565.413296958698,1597.1976318359375,13120939,1567.8082885742188,1609.7129663085936,1431.6948364257812,1581.6809760290312,52.804825041356345,-1.8235566917119286,-5.842984769856027,4.019428078144099,1632.1470073317105,1567.8082885742188,1503.469569816727,0.08207472715430282,36.443589582904224,0.022817207374026253,18.17326495439226,20.970722614240408,16.28942800883527,726781924.0,6961203.95,1639.1965215609926,1498.472903016313,1764.2510324215198,946.7649071140938
2024-12-13,1604.5857779575313,1671.0303064638074,1593.4786813171052,1667.8072509765625,12900707,1574.3188598632812,1609.37677734375,1434.3929791259766,1589.8834784049866,63.85510152746795,5.155544233760793,-3.6432789691326635,8.798823202893455,1650.39330028147,1574.3188598632812,1498.2444194450925,0.09664425975916373,39.37987783746122,0.023611767975227866,19.482363542871756,30.090771677028535,13.998062678969733,739682631.0,7393254.2,1671.0303064638074,1498.472903016313,1764.2510324215198,946.7649071140938
2024-12-16,1667.807251180467,1673.0137254297294,1646.386352766584,1648.7664794921875,4375126,1579.8749145507813,1609.1605859375,1437.0158880615234,1595.4913832704344,59.7896664497932,9.045826216688283,-1.1054579319684743,10.151284148656757,1660.5182179493809,1579.8749145507813,1499.2316111521818,0.10208821300454599,38.468984610724384,0.023331978839461035,20.737465331198248,28.97132385492589,13.305980778842464,735307505.0,7747454.6,1673.0137254297294,1498.472903016313,1764.2510324215198,946.7649071140938
2024-12-17,1636.8163247292393,1644.8987803535226,1595.1645309463686,1601.908203125,6182486,1583.7574584960937,1608.6528295898438,1439.4259552001954,1596.1025089708694,51.15771446655542,8.252699442206676,0.7661735428665559,7.486525899340121,1660.7085837854625,1583.7574584960937,1506.806333206725,0.09717539118955763,39.549910606088275,0.024689249064917936,19.993759159206235,26.166695137912633,21.268714480199087,729125019.0,7709253.2,1673.0137254297294,1498.472903016313,1764.2510324215198,946.7649071140938
2024-12-18,1607.957718950532,1609.5444298514833,1582.8674215591093,1588.619384765625,3905144,1587.5457946777344,1607.4598046875,1441.8179028320312,1595.389830475132,48.997287152789724,6.477179286041974,1.9083746915016397,4.5688045945403335,1657.2831542978415,1587.5457946777344,1517.8084350576273,0.08785555648712925,38.630417583680114,0.02431697482363241,18.92490973102391,24.875985479490108,22.493369830637842,725219875.0,7777573.6,1673.0137254297294,1498.472903016313,1764.2510324215198,946.7649071140938
2024-12-19,1573.2478079753505,1596.4041981301114,1572.3056114154133,1587.0325927734375,5865855,1591.2721435546875,1606.3262817382813,1444.279334716797,1594.5939030749705,48.73264026842729,4.885706534273595,2.503841060056031,2.3818654742175642,1651.9483628834632,1591.2721435546875,1530.5959242259119,0.07626127256049765,37.59242966446711,0.023687244884348604,17.613483077403004,23.73693377880441,23.47024316769195,719354020.0,7660918.75,1673.0137254297294,1507.5966424935457,1764.2510324215198,946.7649071140938
2024-12-20,1596.6521560714723,1608.850230283404,1560.3556157413789,1565.0166015625,9738879,1591.7084899902343,1604.3428637695313,1446.5446392822266,1591.7770172166402,45.09340054643203,1.8268871987193052,2.3684502877886855,-0.5415630890693803,1651.4910798048963,1591.7084899902343,1531.9259001755722,0.07511751076358064,38.37115715572126,0.02451805119345814,16.759285727242275,23.91096658336488,21.35150071336476,709615141.0,7586377.55,1673.0137254297294,1538.290116988543,1764.2510324215198,946.7649071140938
2024-12-23,1572.8510896827163,1594.1232076362628,1565.2644886513433,1573.74365234375,4363599,1592.1126098632812,1602.5339868164062,1448.8474157714843,1590.0595538954126,46.789691866312644,0.10573208704590797,1.91590664764013,-1.810174560594222,1651.291661735085,1592.1126098632812,1532.9335579914775,0.07434028410450888,37.70940350700994,0.023961592125153267,15.9661024735216,22.592676447939542,20.174322339214957,713978740.0,7691305.45,1673.0137254297294,1538.290116988543,1764.2510324215198,946.7649071140938
2024-12-24,1576.8179578613504,1585.545049070309,1561.9423167494508,1570.7685546875,3610076,1592.4423522949219,1600.4811474609376,1451.1619439697265,1588.2223158756112,46.26494918736477,-1.4812859141886747,1.2364681352743692,-2.7177540494630437,1651.0659186247258,1592.4423522949219,1533.818785965118,0.07362723836793153,36.70178413657053,0.023365494570823164,15.111854342120472,21.554873854575128,19.894164803232716,710368664.0,7301703.35,1673.0137254297294,1538.290116988543,1764.2510324215198,946.7649071140938
2024-12-26,1570.7686146769386,1593.5282980240522,1567.9917798066892,1586.2392578125,3400479,1593.5257934570313,1598.5750830078125,1453.5274450683594,1588.033453202934,49.44031711686782,-1.4736651711198192,0.6944414739955316,-2.168106645115351,1650.8350777565236,1593.5257934570313,1536.2165091575391,0.07192765192104503,35.90426514234142,0.022634835801413164,14.58467255043579,22.048027494303394,18.88348563043227,713769143.0,7280677.5,1673.0137254297294,1538.290116988543,1764.2510324215198,946.7649071140938
2024-12-27,1586.2392296228948,1614.949169131801,1583.0658078775332,1586.5863037109375,2559578,1595.4819396972657,1596.2465502929688,1455.8710119628906,1587.8956294417915,49.5123917987731,-1.4232160252943231,0.2709099741375607,-1.6941259994318838,1648.9078709592,1595.4819396972657,1542.0560084353315,0.06697152745216474,35.61705772176474,0.022448862465570523,14.759599063268864,24.934128338920722,17.67606056782378,716328721.0,7201562.2,1673.0137254297294,1538.290116988543,1764.2510324215198,946.7649071140938
2024-12-30,1591.6935680584866,1599.676877056794,1567.991689468889,1573.74365234375,4438130,1593.4861206054688,1593.3299340820313,1457.9758056640626,1586.5478220991208,46.85076279920409,-2.3919563645481503,-0.2616632935995815,-2.130293070948569,1647.0288041339081,1593.4861206054688,1539.9434370770296,0.06720194526463141,35.33620985506047,0.02245359960781087,14.32866245932943,23.337137326423225,19.591017632795396,711890591.0,6993804.7,1673.0137254297294,1557.033456805162,1764.2510324215198,946.7649071140938
2024-12-31,1569.876050062244,1583.9582757456174,1550.388935273378,1574.586669921875,2249626,1590.716778564453,1591.0807373046875,1459.9625244140625,1585.408664748907,47.05197300977041,-3.056432933349015,-0.8206172215494683,-2.235815711799547,1642.1104927471868,1590.716778564453,1539.3230643817194,0.06461705172823295,35.21000489914468,0.02236142701556826,13.318294210042117,21.74787250808109,21.827836971901853,714140217.0,6676921.15,1673.0137254297294,1550.388935273378,1764.2510324215198,946.7649071140938
2025-01-01,1579.793136063459,1593.2308473829798,1570.9173850092022,1582.470703125,1405565,1589.4845764160157,1588.8563330078125,1461.9590771484375,1585.1288588799634,48.99665303668987,-2.913277363546513,-1.2391492499488774,-1.6741281135976354,1640.4263220984158,1589.4845764160157,1538.5428307336156,0.06409844604754078,34.28882329018989,0.021667904007624084,12.671772128955517,22.6685949109904,20.81323185271958,715545782.0,6599897.05,1673.0137254297294,1550.388935273378,1764.2510324215198,962.1004829224306
2025-01-02,1586.6359345201176,1606.1725617847092,1575.2312761236258,1596.3546142578125,3728040,1590.7539672851562,1587.2130688476564,1464.0403356933593,1586.1979784397586,52.3179045758015,-1.6603702328666259,-1.3233934465324273,-0.3369767863341986,1641.0478425844342,1590.7539672851562,1540.4600919858783,0.06323275168077873,34.049713459539426,0.021329667703795276,12.499436911447683,23.9121043674985,19.462290859065455,719273822.0,6213622.55,1673.0137254297294,1550.388935273378,1764.2510324215198,976.0061617200747
2025-01-03,1601.6107360644885,1603.5941549326797,1580.090689767925,1585.5946044921875,3669685,1589.935809326172,1585.360556640625,1466.0300708007812,1586.1405142542756,49.62106744882744,-1.51817459631161,-1.3623496764882639,-0.15582491982334612,1640.0059117529374,1589.935809326172,1539.8657068994064,0.06298380366435755,33.29641000991195,0.0209993209585723,12.339411352333265,22.70644604867121,18.48099400133,715604137.0,5961423.85,1673.0137254297294,1550.388935273378,1764.2510324215198,984.2409914423476
2025-01-06,1582.9169968001856,1596.5033672751379,1554.1077900561047,1575.28076171875,4584188,1589.4697021484376,1583.429697265625,1468.1432904052735,1585.1062521080348,47.114104900211224,-2.212223312033302,-1.5323244035972716,-0.6798989084360305,1639.9019561568623,1589.4697021484376,1539.0374481400129,0.06345796203634076,33.94635052484918,0.0215493970026087,11.727035443548328,20.680869825469976,22.299577347563144,711019949.0,5628707.85,1673.0137254297294,1550.388935273378,1764.2510324215198,993.1169169235629
2025-01-07,1580.7847975210407,1589.7101821996414,1570.9173373274543,1577.660888671875,2830856,1588.88955078125,1581.6922216796875,1470.140941772461,1584.3971698760197,47.769898110217824,-2.540915474106896,-1.7340426176991965,-0.8068728564076995,1639.5841963317735,1588.88955078125,1538.1949052307264,0.06381141536942857,32.86395726394474,0.020830811931714086,11.158400671105172,19.836148541536346,21.38873908170782,713850805.0,5643073.95,1673.0137254297294,1550.388935273378,1764.2510324215198,993.1169169235629
2025-01-08,1585.4954295765262,1600.0735095752789,1564.7686785607114,1585.941650390625,3674564,1589.9085266113282,1580.3672973632813,1472.0547479248046,1584.544263258363,50.08878746048066,-2.1089079372086417,-1.8090156816010856,-0.29989225560755606,1639.4937884051437,1589.9085266113282,1540.3232648175126,0.062374986942801976,33.03830538898922,0.020831980407886842,10.504244215784892,20.562623162367004,19.75616265693662,717525369.0,5571396.3,1673.0137254297294,1550.388935273378,1764.2510324215198,993.1169169235629
2025-01-09,1586.7350846801287,1606.7675667009034,1579.198117239554,1593.7266845703125,4684859,1590.9523071289063,1579.250634765625,1473.9813446044923,1585.4187795737867,52.23580945910356,-1.125378987274189,-1.6722883427357065,0.5469093554615174,1639.932554226085,1590.9523071289063,1541.9720600317278,0.06157349516726897,32.64767282272924,0.020485114002801202,10.157336227666734,20.786890979580612,18.564507980489232,722210228.0,5022835.2,1673.0137254297294,1550.388935273378,1764.2510324215198,1001.992890004757
2025-01-10,1594.668767171449,1611.5278275208984,1578.603122791168,1602.5032958984375,4145892,1591.2175903320312,1578.8301513671875,1475.9367846679688,1587.0458763666106,54.60654255150377,0.35814549810629615,-1.266201574567306,1.6243470726736022,1640.3873712666739,1591.2175903320312,1542.0478093973886,0.06180145472673241,32.66746081608646,0.020385269034826896,10.021972207251133,20.33126904057396,17.228029661345822,726356120.0,5064419.05,1673.0137254297294,1550.388935273378,1764.2510324215198,1007.269128796139
2025-01-13,1566.9008981935704,1601.3131669647628,1565.016626066365,1583.958251953125,3705039,1587.0251403808593,1578.11314453125,1477.7824871826172,1586.7518168986594,49.064919117672254,0.03699285143557063,-1.0055626893667307,1.0425555408023013,1621.4446869496244,1587.0251403808593,1552.6055938120942,0.04337618314036914,33.011690031514036,0.020841262697933134,9.322943471197625,18.682174498905628,18.77040149566052,722651081.0,4615666.7,1673.0137254297294,1550.388935273378,1764.2510324215198,1013.3837048520998
2025-01-14,1591.3960676641,1619.8582008285803,1565.4133291231879,1586.834228515625,7284572,1583.9285278320312,1577.8652172851562,1479.6968115234374,1586.7596656240848,49.91381118801437,0.01437859077941539,-0.8015744333375016,0.815953024116917,1603.5233701969285,1583.9285278320312,1564.333685467134,0.024742078977158435,34.54263157964821,0.021768267257481887,9.380829435991235,20.413688685286157,16.65716995175651,729935653.0,4155883.3,1644.8987803535226,1550.388935273378,1764.2510324215198,1024.6264631883344
2025-01-15,1594.7184135262914,1600.470255643723,1579.7931380299403,1594.123291015625,2960985,1583.5392822265626,1577.6867114257811,1481.5721356201173,1587.460963280422,52.09305090682116,0.5779606818236971,-0.5256674103052619,1.103628092128959,1601.9643926274653,1583.5392822265626,1565.11417182566,0.023270796762295314,33.55223772494353,0.02104745468185664,9.43458068901387,19.51509790246588,15.923937481266845,732896638.0,4301355.6,1619.8582008285803,1550.388935273378,1764.2510324215198,1030.839620963581
2025-01-16,1605.6272288932903,1621.4449461526285,1587.2806041203096,1616.6846923828125,5299325,1584.9425476074218,1578.4592529296874,1483.673681640625,1590.2441755758878,58.16106671714436,2.812697065274051,0.1420054848106007,2.6706915804634503,1608.3128328622647,1584.9425476074218,1561.572262352579,0.029490387888345748,33.595959461184634,0.02078077414815374,10.251429122539227,22.55702104335842,14.76727022693778,738195963.0,4140280.55,1621.4449461526285,1550.388935273378,1764.2510324215198,1033.6010556335234
2025-01-17,1616.5855003569166,1625.4117384012577,1609.544387690812,1614.007080078125,2678801,1586.2912719726562,1579.4331103515624,1485.7041455078124,1592.5073093380056,57.23450904148279,4.317906673982179,0.9771857226449164,3.340720951337263,1612.8801748275719,1586.2912719726562,1559.7023691177405,0.033523355167743726,32.329630264703276,0.020030661986401188,11.144203535189046,22.64265469686474,14.249572963272756,735517162.0,4209989.6,1625.4117384012577,1550.388935273378,1764.2510324215198,1037.101961154325
2025-01-20,1624.4200364154299,1631.3620023830172,1604.6849946673472,1627.5439453125,3933044,1589.4176391601563,1580.2730883789063,1487.7835565185546,1595.844131811767,60.6477341519867,6.527858931136734,2.08732036434328,4.440538566793454,1619.7113242973014,1589.4176391601563,1559.1239540230113,0.03811922604955129,31.9258715112009,0.019615981247788,12.177133896476603,22.62249219575784,13.399085009476273,739450206.0,4050636.9,1631.3620023830172,1550.388935273378,1764.2510324215198,1037.101961154325
2025-01-21,1640.2874187370853,1642.9649858098971,1606.8668589309905,1612.6683349609375,7958844,1591.3638732910156,1581.2717407226562,1489.8440637207032,1597.4464368735928,55.413772247793446,6.9982530768609195,3.069506906846808,3.9287461700141115,1622.3725857525149,1591.3638732910156,1560.3551608295163,0.03897124093608056,32.22388975175131,0.019981721630648774,13.518996656263223,23.384280048842786,12.326939302718353,731491362.0,3760345.15,1642.9649858098971,1550.388935273378,1764.2510324215198,1037.101961154325
2025-01-22,1614.0070368382655,1627.3951136415324,1609.0981237670446,1618.2218017578125,3262136,1593.7365356445312,1582.4984838867188,1491.9772106933594,1599.4250430530424,56.90889775119395,7.730054923240459,4.0016165101255385,3.7284384131149206,1625.334927638021,1593.7365356445312,1562.1381436510412,0.03965321906950081,31.229111189089625,0.019298412093550238,14.765012076065085,22.40565575754064,11.811061019792797,734753498.0,3940107.4,1642.9649858098971,1550.388935273378,1764.2510324215198,1059.7357604364315
2025-01-23,1611.0319869360887,1631.7587384650515,1603.7924595933343,1622.4366455078125,2457080,1595.546405029297,1583.9949731445313,1494.045385131836,1601.616624239211,58.05843625154197,8.551539006036364,4.911601009307704,3.6399379967286603,1629.293305539853,1595.546405029297,1561.7995045187408,0.04230137137244396,30.99605173784873,0.01910462995499412,15.577881687636115,20.96168655573342,12.272536825103897,737210578.0,3922710.4,1642.9649858098971,1550.388935273378,1764.2510324215198,1060.3767498063035
2025-01-24,1620.5028200642591,1648.1219030954665,1620.5028200642591,1631.1636962890625,3620058,1597.7752746582032,1585.7631909179688,1496.2501452636718,1604.4306311011017,60.413249543059905,9.79387344654856,5.888055496755875,3.9058179497926844,1634.6079158747693,1597.7752746582032,1560.942633441637,0.04610490824430284,30.754839687374343,0.01885453909827834,16.907092324881905,23.417453128532213,11.485305990585276,740830636.0,3875540.45,1648.1219030954665,1550.388935273378,1764.2510324215198,1060.3767498063035
2025-01-27,1625.362089411334,1633.5436920454204,1580.4872386001332,1589.3134765625,6622807,1598.5537658691405,1586.7975439453126,1498.3238116455077,1602.9909020974253,46.83370270429124,7.317122235753459,6.1738688445553915,1.1432533911980673,1633.9520129431958,1598.5537658691405,1563.1555187950853,0.0442878404591028,32.34781209865383,0.020353323982766687,16.005374332022622,20.673953356359565,18.975740922083638,734207829.0,3928564.45,1648.1219030954665,1550.388935273378,1764.2510324215198,1060.3767498063035
2025-01-28,1594.3216193165626,1616.783861131008,1583.7598901393571,1604.932861328125,5216471,1600.0710754394531,1588.1432934570312,1500.4080200195312,1603.1758505955872,51.23901233887833,6.539252439530628,6.246945563550439,0.2923068759801888,1633.7917103197917,1600.0710754394531,1566.3504405591145,0.04214892125473533,32.39610916243934,0.020185336061740732,15.168064767224717,19.168622593820388,17.594061953402054,739424300.0,4037798.3,1648.1219030954665,1554.1077900561047,1764.2510324215198,1074.775447612418
2025-01-29,1606.5692417735918,1613.4120609039126,1579.9418683669626,1587.1812744140625,5009227,1600.3066040039062,1589.4017724609375,1502.404702758789,1601.6525576259182,46.521118990774,4.439207888781084,5.885398028596569,-1.446190139815485,1633.5952521423899,1600.3066040039062,1567.0179558654224,0.041602837925178576,32.472829403475814,0.020459433290292418,14.211295844108905,17.757382355950664,17.13857244405821,734415073.0,4186140.55,1648.1219030954665,1554.1077900561047,1764.2510324215198,1082.5172600866651
2025-01-30,1593.3794629145157,1631.3123479015524,1581.974804683119,1627.147216796875,4283637,1601.8462341308593,1591.6876635742187,1504.478184814453,1604.0806204041046,56.281195184065204,5.931450919286817,5.894608606734619,0.036842312552198386,1637.05436253335,1601.8462341308593,1566.6381057283686,0.043959435871314075,33.67745181882993,0.02069723714681808,14.083051646258932,19.695777825264177,15.34514048249829,738698710.0,4366323.65,1648.1219030954665,1554.1077900561047,1764.2510324215198,1082.5172600866651
2025-01-31,1625.5108240580212,1625.5108240580212,1561.1984948377387,1612.8170166015625,8340866,1603.2073547363282,1593.6938916015624,1506.4990002441407,1604.9126581371959,52.57604598234779,5.8898424413469,5.893655373657076,-0.003812932310175654,1637.8981349065282,1603.2073547363282,1568.5165745661282,0.043276722836523465,35.98254254313753,0.022310368859424563,13.148016590188695,17.117322346253417,17.460528561029342,730357844.0,4394103.5,1648.1219030954665,1554.1077900561047,1764.2510324215198,1082.5172600866651
2025-02-01,1613.511268821351,1630.370329405225,1595.858792257276,1609.7923583984375,2741589,1604.9329345703125,1594.7639453125,1508.509623413086,1605.3773914954093,51.80089133861552,5.548839219448382,5.824692142815337,-0.2758529233669549,1637.2475328332564,1604.9329345703125,1572.6183363073685,0.04026909482245189,35.87747072919549,0.022287017665364953,12.348384389510901,16.908686498471965,16.260830836266635,727616255.0,4627662.55,1648.1219030954665,1561.1984948377387,1764.2510324215198,1082.5172600866651
2025-02-03,1606.4700794072216,1647.229311488262,1594.7678600774923,1638.6510009765625,4146970,1607.982440185547,1596.223740234375,1510.7044818115235,1608.5463066840905,58.14197448278481,7.520550755880777,6.163863865428425,1.3566868904523517,1640.9318563540326,1607.982440185547,1575.0330240170613,0.040982308444467305,37.06204077787936,0.0226174095373524,12.29406263770974,18.44827478336937,14.61674053156424,731763225.0,4535532.6,1648.1219030954665,1561.1984948377387,1764.2510324215198,1082.5172600866651
2025-02-04,1648.369806325564,1654.4688433579638,1615.544249339391,1647.675537109375,6385876,1611.0691345214843,1597.8937768554688,1512.7013610839845,1612.272900057927,59.91783669423707,9.699540730849776,6.870999238512695,2.828541492337081,1646.6430351211395,1611.0691345214843,1575.4952339218291,0.044161854804848286,37.195080295071755,0.0225742747630553,12.51812736043722,18.45953122726684,13.52414079112157,738149101.0,4601338.3,1654.4688433579638,1561.1984948377387,1764.2510324215198,1082.5172600866651
2025-02-05,1656.1547111591876,1661.3115516568514,1635.4279603228454,1646.683837890625,3920893,1613.7169921875,1599.536044921875,1514.5786346435548,1615.5501322324699,59.61850591105512,11.217080622781623,7.740215515366481,3.4768651074151418,1651.5453824274884,1613.7169921875,1575.8886019475115,0.0468835494986139,36.38711679785278,0.02209720892412722,12.982135309203732,18.864839254539845,12.83697973722113,734228208.0,4736903.9,1661.3115516568514,1561.1984948377387,1764.2510324215198,1082.5172600866651
2025-02-06,1652.0887017540035,1653.477119115643,1599.8751780090004,1606.3212890625,5229162,1613.907891845703,1600.713203125,1516.2119348144531,1614.6711947877109,48.90904246073971,9.058401935039456,8.003852799301077,1.0545491357383785,1651.5460536695862,1613.907891845703,1576.26973002182,0.04664226752226765,37.61674710562349,0.023417947182644772,12.325866689196783,16.944737019473376,18.281346599125303,728999046.0,4698705.6,1661.3115516568514,1561.1984948377387,1764.2510324215198,1082.5172600866651
2025-02-07,1621.494520867708,1693.3934531647135,1621.4448869738474,1662.8487548828125,14873255,1617.8524169921875,1601.6969775390626,1517.9069604492188,1619.259533844387,59.800241304434735,11.77321331993835,8.757724903428532,3.015488416509818,1658.522301919247,1617.8524169921875,1577.182532065128,0.05027638429798242,41.1492768910942,0.02474625354246012,12.56916913849086,21.312490360104082,15.518242305698829,743872301.0,4752869.1,1693.3934531647135,1561.1984948377387,1764.2510324215198,1082.5172600866651
2025-02-10,1684.7655138415037,1685.906003879313,1664.1380306643002,1679.013671875,6782878,1622.4613891601562,1602.6777807617189,1519.7121508789062,1624.950404133017,62.27674751495618,15.055543671359146,10.017288657014655,5.038255014344491,1668.5567604971397,1622.4613891601562,1576.3660178231726,0.056821532573843495,39.85698918433751,0.023738335102315235,12.79509284140679,20.43182854712696,14.877006899969908,750655179.0,5311279.9,1693.3934531647135,1561.1984948377387,1764.2510324215198,1082.5172600866651
2025-02-11,1691.8562956698006,1692.500931014039,1672.2204004385974,1682.6829833984375,8965266,1626.8893737792969,1604.1891455078126,1521.5243463134766,1630.4487450154381,62.83641409842371,17.748305479369265,11.563492021485578,6.184813457883687,1677.9880390140688,1626.8893737792969,1575.790708544525,0.06281762737938193,38.458670712273516,0.022855565244143793,13.214306345518288,20.887093502189835,14.316639873463622,759620445.0,5286195.2,1693.3934531647135,1561.1984948377387,1764.2510324215198,1082.5172600866651
2025-02-12,1689.872896818191,1699.492430025827,1670.5345626116448,1697.3603515625,7148192,1630.9231567382812,1606.7170166015626,1523.4725531005859,1636.8212789723011,65.06886168622228,20.826603439138808,13.416114305016222,7.410489134122585,1690.239196781409,1630.9231567382812,1571.6071166951535,0.07273922109457953,37.78004190526699,0.02225811500220839,13.825539019304694,21.06538910884756,13.532818313634484,766768637.0,5586409.25,1699.492430025827,1561.1984948377387,1764.2510324215198,1082.5172600866651
2025-02-13,1695.823048734932,1714.070525634729,1689.7736456967139,1700.3848876953125,5356002,1635.2420471191406,1608.6855590820312,1525.4040771484374,1642.8749559935402,65.52839858727175,23.242308672468653,15.381353178506709,7.860955493961944,1701.2082281023186,1635.2420471191406,1569.2758661359626,0.08068063208060577,36.81695890760614,0.021652132510720876,14.834613336346738,22.90069691833316,12.894903319439821,772124639.0,5678852.6,1714.070525634729,1561.1984948377387,1764.2510324215198,1082.5172600866651
2025-02-14,1699.7899351304422,1709.8061759974432,1691.112477760319,1702.814697265625,5125863,1639.0055847167969,1611.049794921875,1527.3978002929687,1648.5835027813578,65.91632752800557,25.063916571171376,17.317865857039642,7.746050714131734,1711.0905389568343,1639.0055847167969,1566.9206304767595,0.08796181649679118,35.522440288286006,0.02086101344164332,15.771610916457208,22.03987543250038,12.410192750381814,777250502.0,5812712.65,1714.070525634729,1561.1984948377387,1764.2510324215198,1082.5172600866651
2025-02-17,1697.5585223514956,1702.6658498434836,1652.4357457970964,1661.65869140625,4906462,1641.4551025390624,1612.4976904296875,1529.2757354736327,1649.8287588408714,54.68985841997549,22.922373385404626,18.43876736271264,4.483606022691987,1713.121988763721,1641.4551025390624,1569.7882163144038,0.0873211653657802,36.583619658303334,0.022016326124917312,14.854275405935313,19.871953939694205,18.74101342196102,772344040.0,5872353.6,1714.070525634729,1561.1984948377387,1764.2510324215198,1082.5172600866651
2025-02-18,1677.9723057142642,1681.889509423088,1642.0724738380143,1655.0638427734375,7529598,1643.2972045898437,1614.287724609375,1531.252109375,1650.3273382630205,53.12839025295306,20.45721774054391,18.842457438278895,1.6147603022650152,1714.3721757849917,1643.2972045898437,1572.2222333946956,0.08650288091117135,36.814577938786925,0.022243599906753862,13.976783919467508,18.336765704368016,19.303903012034425,764814442.0,5719734.5,1714.070525634729,1561.1984948377387,1764.2510324215198,1082.5172600866651
2025-02-19,1656.1547449752838,1659.5760940790167,1624.8662640945047,1631.560302734375,7776555,1643.7533874511719,1615.4619091796876,1533.0813793945313,1648.5400015460066,47.88144301490072,16.41777103287268,18.357520157197655,-1.939749124324976,1714.4027859423782,1643.7533874511719,1573.1039889599656,0.08596106816334083,36.66423879919586,0.022471887026026125,13.768726760982345,17.096814731295343,21.350634216168135,757037887.0,5933107.6,1714.070525634729,1561.1984948377387,1764.2510324215198,1082.5172600866651
2025-02-20,1626.254626147329,1636.122207256284,1613.7591119899116,1629.8743896484375,5524503,1643.6889221191407,1616.1154443359376,1534.8886590576171,1646.7623242224286,47.51892198513927,12.93137645980346,17.272291417718815,-4.340914957915356,1714.3864902197715,1643.6889221191407,1572.9913540185098,0.08602305113729597,35.642728546851316,0.02186838984232363,13.938561070155329,16.33060415808864,22.619674753633646,751513384.0,6199081.35,1714.070525634729,1561.1984948377387,1764.2510324215198,1082.5172600866651
2025-02-21,1629.8744330069487,1644.9483677790772,1615.6929398668744,1625.65966796875,5447583,1645.5062316894532,1615.2724926757812,1536.662784423828,1644.752547436364,46.56965709628848,9.716287512611189,15.761090636697292,-6.044803124086103,1712.279045500114,1645.5062316894532,1578.7334178787924,0.08115777688924913,35.18649278723356,0.02164443978068228,13.709462244928462,17.152464251671688,21.276325945340574,746065801.0,6294303.6,1714.070525634729,1561.1984948377387,1764.2510324215198,1082.5172600866651
2025-02-24,1613.511174849537,1623.973757319966,1584.7516025873142,1588.0242919921875,4673190,1644.6608032226563,1614.0576489257812,1538.3135766601563,1639.3498564416807,39.065147061074725,4.084364042890229,13.42574531793588,-9.34138127504565,1713.8514432601628,1644.6608032226563,1575.4701631851499,0.08413970820235975,35.59517654396229,0.022414755695775845,14.451104578716219,15.744420086326672,25.738729103413753,741392611.0,6235542.4,1714.070525634729,1561.1984948377387,1764.2510324215198,1082.5172600866651
2025-02-25,1583.7599475515622,1635.4776181406846,1583.7599475515622,1627.7918701171875,6286808,1646.6913330078125,1614.575322265625,1540.0364776611327,1638.249095839348,48.50751135379155,2.7976853453264994,11.300133323414004,-8.502447978087504,1711.2435242826093,1646.6913330078125,1582.1391417330158,0.07840229675210236,36.74678326147373,0.022574620217772845,14.63861068138762,16.397774360007052,23.151239037215962,747679419.0,6208378.35,1714.070525634729,1561.1984948377387,1764.2510324215198,1082.5172600866651
2025-02-27,1629.7753190712936,1642.270833812559,1625.0646992279303,1636.71728515625,7568745,1647.1698364257813,1615.5372802734375,1541.878958129883,1638.1032091076245,50.366488072922685,2.4697202110883154,9.534050700948866,-7.06433048986055,1711.275775048577,1647.1698364257813,1583.0638978029856,0.07783767915748165,35.35102264169908,0.021598734834846128,14.522470899409148,17.200295606677294,22.34636570661014,755248164.0,6272257.4,1714.070525634729,1561.1984948377387,1764.2510324215198,1082.5172600866651
2025-02-28,1628.3372818952935,1634.7833933159038,1546.5708862217894,1557.18212890625,13640211,1644.3880920410156,1614.9402709960937,1543.3318988037108,1630.3964395646365,37.40676720544069,-4.1600623181420815,6.795228097130677,-10.955290415272758,1718.2944734594698,1644.3880920410156,1570.4817106225614,0.08988921991854314,39.26497809118205,0.02521540503342496,16.28874299873394,14.379634576837798,32.96094459116916,741607953.0,6436512.8,1714.070525634729,1546.5708862217894,1764.2510324215198,1083.8486403071868
2025-03-03,1565.9091795525883,1589.4622783583984,1559.7109956563227,1582.5699462890625,6993525,1643.0269714355468,1615.291337890625,1544.7855438232423,1625.8415354431531,42.49331599042742,-7.281689268418404,3.9798446240208607,-11.261533892439264,1720.3552734261361,1643.0269714355468,1565.6986694449574,0.0941290719324297,38.766061759822506,0.024495638787229778,17.928852805249818,13.52436373252587,31.000495960908676,748601478.0,6701480.05,1714.070525634729,1546.5708862217894,1764.2510324215198,1083.8486403071868
2025-03-04,1575.8262866626471,1577.3138508099057,1555.0003886010263,1562.2894287109375,5219668,1639.2088928222656,1615.0622534179688,1545.9642126464844,1619.7889538496088,39.71675067397886,-11.262245241181745,0.9314266509803395,-12.193671892162085,1724.1867471674361,1639.2088928222656,1554.2310384770951,0.10368154384382587,37.96631146898063,0.02430171437587404,19.54103405693617,12.822875808681118,30.278786105551045,743381810.0,6914076.85,1714.070525634729,1546.5708862217894,1764.2510324215198,1083.8486403071868
2025-03-05,1564.9174367927353,1612.6186348305923,1564.0248741190308,1604.833740234375,6295425,1637.0668029785156,1615.7435571289063,1547.3588079833985,1618.3646477910152,47.47090342689201,-10.85872156280243,-1.4266029917762142,-9.432118571026216,1723.2345170221497,1637.0668029785156,1550.8990889348815,0.10527085869294843,38.849375372600214,0.024207725946069982,19.609621686116643,18.12745317552789,27.47692589481299,749677235.0,6967711.75,1714.070525634729,1546.5708862217894,1764.2510324215198,1083.8486403071868
2025-03-06,1604.5858711625117,1618.221875939078,1577.2642277141515,1613.412109375,5174009,1635.4032165527344,1616.2870141601563,1548.7970343017578,1617.8929774656804,48.898224259748574,-9.73451007065728,-3.0881844075524274,-6.646325663104852,1722.047410230767,1635.4032165527344,1548.759022874702,0.10596064970529986,38.99996629062352,0.024172352534115565,19.468887128699134,17.79387460967682,25.415769781578284,754851244.0,6963189.2,1714.070525634729,1546.5708862217894,1764.2510324215198,1083.8486403071868
2025-03-07,1615.494684360612,1628.7836151225642,1602.2057535986596,1617.1805419921875,3035558,1635.9461791992187,1616.8988989257812,1550.2363513183593,1617.8251264682049,49.54678584033911,-8.44216729600248,-4.158980985242438,-4.283186310760042,1721.9886020887038,1635.9461791992187,1549.9037563097336,0.1051897965636035,38.112673093000744,0.02356735819121973,18.951728675902064,18.88696955246787,24.149792661335905,757886802.0,7025845.0,1714.070525634729,1546.5708862217894,1764.2510324215198,1101.9948986815073
2025-03-10,1626.4034856746728,1641.1799805793491,1613.1145549337234,1617.428466796875,3778450,1633.6751647949218,1617.7725952148437,1551.5479608154296,1617.7873493566497,49.592112908557176,-7.313663516101315,-4.789917491414214,-2.5237460246871004,1719.153231746835,1633.6751647949218,1548.1970978430086,0.1046451201486477,37.395012561045384,0.0231200410582001,18.03108053587712,20.24231779934625,22.855169654767906,761665252.0,6916164.8,1714.070525634729,1546.5708862217894,1764.2510324215198,1116.3936046571737
2025-03-11,1616.4863098758956,1662.5016499024227,1610.5856874134624,1649.1630859375,6078564,1632.182635498047,1619.2641235351562,1552.9469891357421,1620.7755147453022,55.14680704198218,-3.8146249705891933,-4.594858987249211,0.7802340166600175,1715.4559712691166,1632.182635498047,1548.9092997269772,0.10203923747253876,38.43222327018216,0.023304076836242422,17.009871233381862,22.251917759153546,20.64989942370944,767743816.0,6361424.55,1714.070525634729,1546.5708862217894,1764.2510324215198,1117.4291844237036
2025-03-12,1675.9888579676951,1702.417937247302,1620.4531324965762,1629.229736328125,9907628,1629.5099731445312,1620.1993041992187,1554.2668151855469,1621.580678705571,51.32128380472405,-2.61986625025952,-4.199860439851273,1.579994189591753,1709.4947395023016,1629.5099731445312,1549.5252067867607,0.09817033056069076,41.541693375935274,0.025497750531830968,17.141081740573057,25.97924817257082,17.739630526474333,757836188.0,6326208.85,1714.070525634729,1546.5708862217894,1764.2510324215198,1135.821855222809
2025-03-13,1637.1139063985204,1643.163309454644,1616.0895947345548,1618.965576171875,8317331,1625.590234375,1620.6515234375,1555.6009033203125,1621.3316213214096,49.42019355885096,-2.4727391029186947,-3.8544361724647573,1.3816970695460626,1699.3303695283391,1625.590234375,1551.8500992216607,0.0907241364939554,40.508266329089125,0.02502107946289565,17.10887476412453,24.7390167379853,17.66217910395908,749518857.0,6373326.95,1714.070525634729,1546.5708862217894,1764.2510324215198,1135.821855222809
2025-03-17,1598.833904929244,1634.7338591616337,1598.833904929244,1625.560546875,6405522,1621.8490173339844,1621.4508422851563,1556.9381335449218,1621.734376136037,50.684245834720194,-1.8031946538646935,-3.444187868744745,1.6409932148800515,1687.1389312246397,1621.8490173339844,1556.5591034433291,0.08051293701553014,40.17910117932488,0.024717074523348724,16.48104578637581,23.16014054439232,19.60259362475893,755924379.0,6431783.9,1709.8061759974432,1546.5708862217894,1764.2510324215198,1135.821855222809
2025-03-18,1625.560546875,1625.560546875,1625.560546875,1625.560546875,0,1617.986309814453,1622.4564379882813,1558.2751171875,1622.0987733492716,50.684245834720194,-1.2580735652454678,-3.0069650080448898,1.748891442799422,1671.78926180848,1617.986309814453,1564.1833578204262,0.06650606580249359,37.30916538080167,0.022951569200252386,15.89806173560914,23.16014054439232,19.60259362475893,755924379.0,6484259.9,1702.6658498434836,1546.5708862217894,1764.2510324215198,1135.821855222809
2025-03-19,1621.444827000761,1628.4364265129727,1614.0070066934181,1623.5770263671875,6283464,1616.0822265625,1623.3747607421874,1559.6238800048827,1622.239559350978,50.24623526516555,-0.9748769287427876,-2.6005473921844695,1.6256704634416819,1666.1327145789496,1616.0822265625,1566.0317385460503,0.061940521582135005,35.674897840712596,0.02197302453862412,14.94846956922955,22.491027824440323,21.34952017136262,749640915.0,6227966.75,1702.417937247302,1546.5708862217894,1764.2510324215198,1135.821855222809
2025-03-20,1646.2375771399904,1695.4759722582721,1632.4527924932477,1691.1124267578125,12074465,1617.8846557617187,1625.4781762695313,1561.2198345947265,1628.7988800563908,62.21837343176793,4.6455498339089445,-1.1513279469657869,5.796877780874731,1675.452435416647,1617.8846557617187,1560.3168761067905,0.07116425692018777,38.2623298443106,0.022625538810371607,15.791756587943219,31.98726342192916,18.48394902858633,761715380.0,6296816.85,1702.417937247302,1546.5708862217894,1764.2510324215198,1147.5087584942378
2025-03-21,1695.4760559490876,1717.045736111863,1677.9723602490183,1711.4921875,14715349,1621.88125,1627.833486328125,1563.3683880615235,1636.6744331462583,64.95855923446638,10.621813256059568,1.2033002936392843,9.418512962420284,1692.3456206278504,1621.88125,1551.4168793721494,0.08689214531316702,38.32026170277733,0.022389971734987735,16.988753804789898,33.678136937739815,17.13771924284486,776430729.0,6524060.2,1717.045736111863,1546.5708862217894,1764.2510324215198,1166.7890020269492
2025-03-24,1725.5743618261117,1725.5743618261117,1700.6328461202454,1704.5501708984375,4120999,1625.6150390625,1629.874423828125,1565.2620593261718,1643.1387891226564,63.27509680249657,14.629245515955063,3.88848933810244,10.740756177852623,1704.7574097948748,1625.6150390625,1546.4726683301253,0.09736914193167961,37.364636988712256,0.021920526380879733,18.257277804658703,33.70275683636558,16.32059694274966,772309730.0,6870999.9,1725.5743618261117,1546.5708862217894,1764.2510324215198,1166.7890020269492
2025-03-25,1710.6986746006844,1726.0701699376762,1691.9553431716658,1716.153076171875,4857399,1630.1397094726562,1632.5183203125,1567.0843035888672,1650.0925307463915,64.91188636973841,18.527844481948705,6.816360366871693,11.711484115077011,1718.576416276078,1630.1397094726562,1541.7030026692346,0.10850199684054146,37.13250768709069,0.021637060354732493,19.103318899941648,31.491056510336197,16.918794311363232,777167129.0,6800824.7,1726.0701699376762,1546.5708862217894,1764.2510324215198,1166.7890020269492
2025-03-26,1724.7314760545662,1750.3671405587422,1711.8392534895443,1724.136474609375,7142394,1636.9453186035157,1635.264365234375,1568.6769830322266,1657.1443349238184,66.03361363272458,22.008011131437115,9.854690519784779,12.153320611652337,1732.0669383384052,1636.9453186035157,1541.8236988686263,0.11621844499489828,37.23217764295549,0.021594681274515068,20.35914720293509,33.824700743810894,15.668252752495643,784309523.0,6771315.5,1750.3671405587422,1546.5708862217894,1764.2510324215198,1166.7890020269492
2025-03-27,1725.5246911253353,1731.9212892754517,1699.0460990440622,1710.401123046875,6222339,1641.07578125,1637.589921875,1570.1970404052734,1662.216409983157,62.340969426458024,23.388136317572616,12.561379679342346,10.82675663823027,1741.2869261977492,1641.07578125,1540.864636302251,0.1221286013634528,36.92096425641507,0.021586143600423265,21.030313446346693,31.673399803955682,17.146736531693634,778087184.0,6894775.7,1750.3671405587422,1546.5708862217894,1764.2510324215198,1166.7890020269492
2025-03-28,1718.9300280719228,1731.2767622290205,1646.237677388042,1719.0291748046875,4133264,1645.1913757324219,1639.6368115234375,1571.7543206787109,1667.6271494899695,63.713661704313466,24.891177144170115,15.0273391723079,9.863837971862214,1750.955585726457,1645.1913757324219,1539.4271657383867,0.12857374716901857,40.35797286959818,0.023477189021055195,19.94894997982498,26.90628203689178,23.912436999513503,782220448.0,6891552.25,1750.3671405587422,1546.5708862217894,1764.2510324215198,1166.7890020269492
2025-04-01,1700.781669480624,1750.3671408940534,1694.2859243021528,1709.8558349609375,6773056,1652.8250610351563,1641.5537866210936,1573.2107531738282,1671.6489290586333,61.1610857955869,25.053336697197437,17.032538677285807,8.02079801991163,1754.0186797200267,1652.8250610351563,1551.6314423502859,0.1224492792013855,41.48106170690549,0.024259976109537416,19.39397238348922,27.59523815229521,21.603227337789995,775447392.0,6719778.2,1750.3671408940534,1555.0003886010263,1764.2510324215198,1166.7890020269492
2025-04-02,1705.7402225998721,1745.8053078539904,1702.7154604097407,1740.0533447265625,6431226,1660.6992309570312,1643.803974609375,1574.8805505371095,1678.163635312722,65.99128122230336,27.303794827486172,19.08678990732588,8.217004920160292,1763.299117507929,1660.6992309570312,1558.0993444061335,0.12356227381615786,41.59597497385865,0.023904999866768552,18.878636044034586,25.553360297325167,20.00472141972283,781878618.0,6376420.45,1750.3671408940534,1555.0003886010263,1764.2510324215198,1166.7890020269492
2025-04-03,1733.5080770555912,1740.4004091446,1721.0620753330531,1731.524658203125,2341989,1669.1609924316406,1646.1811010742188,1576.4995684814453,1683.2456374927601,63.58605884947207,28.075468855586223,20.88452569697795,7.190943158608274,1765.6321357053664,1669.1609924316406,1572.6898491579148,0.1155923769021061,40.00614346226495,0.023104576231551325,18.400109443112427,24.671068285095117,19.31400968122179,779536629.0,6348305.5,1750.3671408940534,1564.0248741190308,1764.2510324215198,1166.7890020269492
2025-04-04,1739.954164975184,1756.1190768291567,1725.5743784877857,1728.9957275390625,7817334,1675.369091796875,1648.3965795898437,1578.1012573242188,1687.6027889257414,62.85450793216317,28.15837034764172,22.339294627110704,5.819075720531018,1770.453052187943,1675.369091796875,1580.2851314058069,0.11350807515386141,39.33032595362967,0.022747497479134803,18.359081849001658,26.157192378339982,18.242607061830522,771719295.0,6204421.55,1756.1190768291567,1577.2642277141515,1764.2510324215198,1166.7890020269492
2025-04-07,1715.657327978495,1760.036325335164,1655.5597602389971,1672.666748046875,14870388,1678.3318237304688,1649.401181640625,1579.598819580078,1686.1803088420397,49.26016655350852,23.408948704175828,22.553225442523733,0.8557232616520949,1769.103930678543,1678.3318237304688,1587.5597167823946,0.10816944023180453,43.98362874952519,0.026295512122114947,17.758276602145287,21.719155366544346,26.517661481473507,756848907.0,6280517.0,1760.036325335164,1598.833904929244,1764.2510324215198,1166.7890020269492
2025-04-08,1706.4342809992186,1727.8553004445048,1692.6496174698434,1706.1368408203125,7206935,1682.779638671875,1650.90064453125,1581.3189599609375,1688.0809309352087,55.42876031963033,22.09110212550445,22.46080077911988,-0.36969865361542986,1769.7691271874828,1682.779638671875,1595.7901501562674,0.1033878548521822,44.78398043867551,0.02624876233089447,17.200386015778655,19.80736086796697,24.18348602760159,764055842.0,6765335.95,1760.036325335164,1598.833904929244,1764.2510324215198,1166.7890020269492
2025-04-09,1705.3931328586782,1712.5333922783918,1697.409823583095,1701.3271484375,5600666,1686.9745727539062,1653.14091796875,1582.8429577636718,1689.3424754592365,54.40517878389043,20.42317162876543,22.05327494904899,-1.6301033202835598,1768.8978790532174,1686.9745727539062,1605.051266454595,0.09712453005806161,42.66537959986275,0.02507770456672408,16.682344757009638,19.3058535810475,23.571178585595447,758455176.0,6973904.8,1760.036325335164,1598.833904929244,1764.2510324215198,1166.7890020269492
2025-04-11,1745.4085794041125,1752.3505453449245,1717.9877897262502,1742.0367431640625,8340002,1691.6182556152344,1655.8829956054688,1584.55201171875,1694.3609771454103,60.97423351932583,22.13113481744199,22.068846922727595,0.062287894714394554,1774.9585206012925,1691.6182556152344,1608.2779906291762,0.09853318230565876,43.26238083611717,0.02483436759062824,15.906493808190735,24.253512525039522,21.58548508120795,766795178.0,7065015.6,1760.036325335164,1598.833904929244,1764.2510324215198,1166.7890020269492
2025-04-15,1793.2089346430635,1804.9111542864744,1766.3336334255087,1783.886962890625,10313411,1699.3511169433593,1659.817109375,1586.4942333984375,1702.8872615020975,66.34272173108971,26.55555501675849,22.966188541533775,3.5893664752247147,1786.7047006783907,1699.3511169433593,1611.997533208328,0.10280816349731799,44.663240142281076,0.025037034897047734,16.325306743245108,30.22060499719819,19.414996619829157,777108589.0,7178087.5,1804.9111542864744,1598.833904929244,1804.9111542864744,1166.7890020269492
2025-04-16,1787.4570207876448,1811.3571927685562,1779.2257844639905,1807.489501953125,6180958,1708.7773132324219,1663.423955078125,1588.334788208008,1712.8493796402906,68.93795429881331,31.602177320163264,24.69338629725967,6.908791022903593,1800.000396467493,1708.7773132324219,1617.5542299973508,0.10677000745346764,43.768109296729975,0.024214862243700626,16.83645344431446,29.687883871812527,18.396918138149115,783289547.0,7198376.65,1811.3571927685562,1598.833904929244,1811.3571927685562,1181.7796102321865
2025-04-17,1818.79506784495,1881.9669091826656,1810.5638312738126,1873.438232421875,10894325,1721.1711975097655,1668.6363793945313,1590.4247100830078,1728.1435560956795,74.78775648325835,40.45681229817046,27.846071497441834,12.610740800728628,1829.5448800441243,1721.1711975097655,1612.7975149754068,0.12593016045255295,45.961630577645025,0.024533304478487356,18.43229771529353,37.22506366341766,16.26757250365951,794183872.0,7091558.0,1881.9669091826656,1614.0070066934181,1881.9669091826656,1192.0854744125477
2025-04-21,1882.6611635747417,1888.5122732911605,1853.1081748053396,1867.7855224609375,3501123,1733.2824462890626,1673.7962426757813,1592.6429296875,1741.4427909876088,73.50987158938989,46.48222965102832,31.573303128159132,14.908926522869187,1850.0257477298685,1733.2824462890626,1616.5391448482567,0.13470776409321164,45.20752114251473,0.02420380744944991,20.00133530953225,36.17690778065169,15.35758053062796,790682749.0,7315998.15,1888.5122732911605,1614.0070066934181,1888.5122732911605,1193.66342143035
2025-04-22,1872.3473614239613,1872.3473614239613,1821.5718881815376,1836.8441162109375,6155127,1743.94580078125,1677.7601049804687,1594.657378540039,1750.5286314850687,66.7832526289445,48.205025885876694,34.899647679702646,13.305378206174048,1857.5773016010014,1743.94580078125,1630.3142999614986,0.13031540403244982,45.60523200679394,0.024828036088804815,20.512550862704956,33.29988886327262,19.07557537248121,784527622.0,7491054.3,1888.5122732911605,1632.4527924932477,1888.5122732911605,1193.66342143035
2025-04-23,1851.521433311533,1870.2647650162721,1820.8775889127721,1866.0003662109375,6855027,1752.6901977539062,1682.1266015625,1596.9904425048828,1761.525939554199,69.60566287498871,51.33130469225807,38.185979082213734,13.145325610044338,1875.2766993403104,1752.6901977539062,1630.103696167502,0.13988382173130232,45.87537087084437,0.024584867024435783,20.96698783534318,30.73924397396476,17.716833732196992,791382649.0,7484637.45,1888.5122732911605,1646.237677388042,1888.5122732911605,1195.340078353171
2025-04-24,1858.959253741363,1862.2319431555222,1824.2494250505401,1830.298828125,5180688,1758.6305297851563,1685.7989013671875,1599.140560913086,1768.075738465704,62.592335121951876,50.3477103520288,40.61832533617675,9.729385015852046,1884.1353698689823,1758.6305297851563,1633.1256897013304,0.14273019597715986,45.580768748669584,0.024903457319788356,21.38896502422153,28.728069396701596,16.557675568711513,786201961.0,7223665.55,1888.5122732911605,1646.237677388042,1888.5122732911605,1199.038368617902
2025-04-25,1831.3897047100984,1846.2653457438348,1791.0271804618708,1802.13427734375,4570083,1763.5097351074219,1689.7151611328125,1601.1340771484374,1771.3194088350417,57.65683731829981,46.75658013309385,41.84597629556017,4.910603837533678,1887.807025798026,1763.5097351074219,1639.2124444168178,0.1409658117742488,46.27058278676204,0.025675435714458756,20.782416298823932,26.27837064336146,20.274336340621044,781631878.0,6746932.5,1888.5122732911605,1646.237677388042,1888.5122732911605,1202.2434805896828
2025-04-28,1820.7785145534906,1823.6544961138422,1798.3659056339327,1806.6962890625,3301891,1768.0368957519531,1692.5921118164063,1603.1176123046876,1774.6886355233712,58.2313485374479,43.774099213964064,42.23160087924095,1.5424983347231134,1891.6990192919216,1768.0368957519531,1644.3747722119847,0.13988636078476682,44.771869050558294,0.024781071019850574,20.219192482383306,25.218165768272826,19.456365146012633,784933769.0,6769386.7,1888.5122732911605,1646.237677388042,1888.5122732911605,1202.2434805896828
2025-04-29,1808.5804197114385,1832.4807135652707,1802.5310164648379,1808.6796875,4684155,1772.2640563964844,1695.1854321289063,1605.084189453125,1777.9258785687643,58.49501430216272,41.096767324031134,42.00463416819899,-0.9078668441678559,1895.4134094555714,1772.2640563964844,1649.1147033373975,0.1389740457858007,43.713142482692184,0.02416853729535357,19.900453890892695,25.42625179673994,18.504196056967718,789617924.0,6691611.3,1888.5122732911605,1646.237677388042,1888.5122732911605,1202.2434805896828
2025-04-30,1821.7702269427543,1861.3394574990027,1811.8531326208015,1849.042236328125,9139821,1779.196112060547,1698.5126171875,1607.2506066894532,1784.698865022037,63.53911548073899,41.75060786009908,41.95382890657901,-0.203221046479932,1903.240954170779,1779.196112060547,1655.1512699503148,0.13943920096202506,44.352187305285796,0.023986573391293373,20.22800839577354,27.9175668749928,16.934895601455022,798757745.0,6568699.35,1888.5122732911605,1646.237677388042,1888.5122732911605,1202.2434805896828
2025-05-02,1836.645863591673,1867.9838573549073,1816.9108217312728,1832.8773193359375,3866806,1784.8885192871094,1701.2229565429689,1609.289354248047,1789.2872892424084,60.37452978279383,40.49757663558921,41.662578452381055,-1.1650018167918432,1907.8105725939874,1784.8885192871094,1661.9664659802313,0.13773639303363727,44.83224789945356,0.02446003746486238,20.667277542158864,26.70448136876005,15.55687520819541,794890939.0,6714573.45,1888.5122732911605,1655.5597602389971,1888.5122732911605,1202.2434805896828
2025-05-05,1852.5132040042204,1857.9676058361385,1833.869018409988,1850.52978515625,3548839,1791.922216796875,1704.2258544921874,1611.4513751220702,1795.1199079008695,62.56706300784157,40.462520081988714,41.422566778302595,-0.9600466963138814,1912.949957418957,1791.922216796875,1670.8944761747932,0.13508146669270418,43.42210779950695,0.02346469002974767,21.075170320945237,25.602305669500442,14.914795342493695,798439778.0,6701250.55,1888.5122732911605,1655.5597602389971,1888.5122732911605,1202.2434805896828
2025-05-06,1872.644962701827,1896.148427739512,1866.9921463230748,1885.2396240234375,8597920,1799.1815307617187,1707.8743530273437,1613.810121459961,1803.7027380077807,66.4929666338482,42.74281881621391,41.68661718588486,1.0562016303290491,1924.2434160963544,1799.1815307617187,1674.119645427083,0.13902086387212778,43.57900314120374,0.023115896030340366,22.20621936206573,29.946041950850134,13.79959131419606,807037698.0,6540039.7,1896.148427739512,1655.5597602389971,1896.148427739512,1202.2434805896828
2025-05-07,1885.239594001668,1901.1069446087308,1869.8680981010757,1881.074462890625,5554616,1806.6590209960937,1712.2626684570312,1616.126591796875,1811.0714737109088,65.60380916566724,43.71001643709269,42.091297036126434,1.6187194009662562,1932.5265057103156,1806.6590209960937,1680.7915362818717,0.13933728861002834,42.69756338166456,0.022698497174881486,23.34487393844906,29.210589944636798,13.078433877714634,801483082.0,6648374.4,1901.1069446087308,1655.5597602389971,1901.1069446087308,1202.2434805896828
2025-05-08,1881.272710309228,1889.9998013528443,1846.9595896728601,1859.35595703125,5500724,1813.1770324707031,1716.3485107421875,1618.191961669922,1815.6699959318937,61.02165424709942,42.23714212350501,42.12046605360215,0.11667606990285861,1935.7403295760455,1813.1770324707031,1690.6137353653608,0.13519175999966537,42.72203826011596,0.022976793711048375,23.5248000477132,27.10858019290221,15.967461833867063,795982358.0,6809005.75,1901.1069446087308,1655.5597602389971,1901.1069446087308,1202.2434805896828
2025-05-09,1839.6209414378845,1855.5874386047467,1821.2743174936254,1833.07568359375,3686209,1821.1974792480469,1720.378818359375,1620.0413623046875,1817.3276804711181,55.93095365838969,38.505413744642965,41.39745559181031,-2.8920418471673486,1925.5766667752068,1821.1974792480469,1716.818291720887,0.11462698440616886,42.39058120850943,0.023125385158894573,22.82023630803634,25.369077909524254,19.270857534624806,792296149.0,6693175.25,1901.1069446087308,1692.6496174698434,1901.1069446087308,1202.2434805896828
2025-05-12,1853.4057669450206,1867.7855535947258,1838.6292723140127,1855.2900390625,3936019,1828.6551391601563,1724.8871313476564,1622.109825439453,1820.9431431941068,59.041429878475675,36.91497213199159,40.50095889984657,-3.5859867678549833,1919.5243773391583,1828.6551391601563,1737.7859009811543,0.09938367955013688,41.841958979399884,0.022552785870905187,22.457350533818975,25.948219911935084,18.128994581486808,796232168.0,6133966.3,1901.1069446087308,1697.409823583095,1901.1069446087308,1202.2434805896828
2025-05-13,1854.496571926845,1868.0829422390414,1801.5392659286156,1805.506103515625,8817763,1833.8640869140625,1728.4840600585937,1623.9113696289062,1819.4729489390133,50.44781670953935,31.27684812253392,38.65613674438404,-7.379288621850122,1904.6692987729439,1833.8640869140625,1763.058875055181,0.0772196940483512,43.60636736018745,0.024151880337196587,20.993670322495834,23.119848652053403,22.2283806554191,787414405.0,5970420.5,1901.1069446087308,1717.9877897262502,1901.1069446087308,1202.2434805896828
2025-05-14,1814.8282769743653,1855.1908027985153,1805.1094760295505,1818.993408203125,7401614,1837.7119201660157,1733.1034423828125,1625.7788720703124,1819.4272783927383,52.466371435470855,27.57899352469667,36.44070810044657,-8.8617145757499,1895.2612898278148,1837.7119201660157,1780.1625505042166,0.06263154635967122,44.0688644608144,0.024227061110874176,19.634538697695774,21.243122452600492,20.42401830965901,794816019.0,6131275.35,1901.1069446087308,1766.3336334255087,1901.1069446087308,1202.2434805896828
2025-05-15,1834.5632267321403,1854.3974145533252,1809.8696386831102,1851.7197265625,8788351,1841.1035583496093,1737.5819995117188,1627.861781616211,1822.5027496470013,57.03940783710008,26.978169950788924,34.54820047051504,-7.570030519726117,1893.3121365055554,1841.1035583496093,1788.8949801936633,0.05671443946667132,44.10164384720016,0.02381658693514578,18.372487903238575,19.711095019029347,18.95106364284982,803604370.0,6084355.95,1901.1069446087308,1779.2257844639905,1901.1069446087308,1202.2434805896828
2025-05-16,1818.7950030308969,1818.7950030308969,1795.0931246357968,1798.9608154296875,100662047,1840.6771240234375,1740.8268701171876,1629.7107299804688,1820.260660673924,48.87581946473853,21.99130763071321,32.03682190255468,-10.04551427184147,1894.1021129968112,1840.6771240234375,1787.2521350500638,0.05804927792723898,44.9962837100218,0.025012375658262625,17.374935056694074,17.939246579317622,19.593207257494875,702942323.0,6008102.95,1901.1069446087308,1791.0271804618708,1901.1069446087308,1202.2434805896828
2025-05-19,1806.8944960207482,1813.5389004642545,1794.0022740403588,1803.2252197265625,5799804,1837.1664733886719,1745.7477319335937,1631.259248046875,1818.6382377265563,49.50489472237886,18.173788974784202,29.264215317000584,-11.090426342216382,1890.7463367487176,1837.1664733886719,1783.5866100286262,0.05832880594779971,43.177736761012795,0.023944727640599538,16.48239462952214,17.35946306613792,19.14042743618697,708742127.0,10732157.4,1901.1069446087308,1791.0271804618708,1901.1069446087308,1202.2434805896828
2025-05-20,1794.7957609339292,1809.770548999271,1784.581105460745,1793.9031982421875,12512596,1833.4723571777345,1749.9743969726562,1632.9241278076172,1816.282519680426,48.111227479768964,14.232109807142706,26.25779421502901,-12.025684407886303,1888.2724734314763,1833.4723571777345,1778.6722409239926,0.05977741201192226,41.89285867369232,0.023352909295631087,15.952304522513652,16.613895804782693,19.924707274116805,696229531.0,10477431.35,1901.1069446087308,1784.581105460745,1901.1069446087308,1202.2434805896828
2025-05-21,1797.9691415627142,1811.3572184579689,1790.3330276087313,1807.390380859375,6849562,1831.9996704101563,1754.876416015625,1634.7106854248048,1815.4356493165164,50.291628171293404,12.057610955151858,23.41775756305358,-11.360146607901722,1887.929605705137,1831.9996704101563,1776.0697351151757,0.06105889231132752,40.40223954337412,0.022353908691360707,15.398454827915181,16.276879886086487,19.18411740816482,703079093.0,10928005.0,1901.1069446087308,1784.581105460745,1901.1069446087308,1202.2434805896828
2025-05-22,1804.812016356604,1821.4726621501404,1801.241886619295,1816.2166748046875,6496923,1829.5104858398438,1759.1040747070313,1636.436834716797,1815.5100326963423,51.7213765890201,10.920626916264837,20.918331433695833,-9.997704517430996,1883.5658706767808,1829.5104858398438,1775.4551010029068,0.059092730274374686,38.96142068533636,0.021451967282222092,14.48605000681068,17.527660152269092,18.47259016217366,709576016.0,10962726.75,1901.1069446087308,1784.581105460745,1901.1069446087308,1202.2434805896828
2025-05-23,1809.8696336077833,1826.5303997541675,1806.3986507488094,1816.5140380859375,3460945,1828.8212463378907,1763.16611328125,1638.09568359375,1815.605652257256,51.771706437039164,9.929097154202509,18.72048457779717,-8.79138742359466,1883.1695826476384,1828.8212463378907,1774.472910028143,0.059435372832175024,37.61644413676649,0.020708039325918432,13.461687531577729,17.818018168889342,17.766429490087155,713036961.0,10944821.55,1901.1069446087308,1784.581105460745,1901.1069446087308,1202.2434805896828
2025-05-26,1818.79505409742,1834.6624046238971,1815.7207791445708,1832.083984375,3254715,1830.3187316894532,1767.4641821289063,1639.890075073242,1817.1750172208506,54.44933259852767,10.281152490127624,17.03261816026326,-6.751465670135637,1883.27590343423,1830.3187316894532,1777.3615599446764,0.05786661178503631,36.28252851837791,0.019803965772210705,12.828930133570148,18.754514287898157,17.103920431224623,716291676.0,10858834.4,1901.1069446087308,1784.581105460745,1901.1069446087308,1202.2434805896828
2025-05-27,1828.7122094805422,1842.1994336685257,1818.4975538133851,1828.513916015625,5847725,1831.4096130371095,1771.6858911132813,1641.805180053711,1818.2549123441622,53.712953954374086,10.155023411371076,15.657099210484825,-5.502075799113749,1883.262765916541,1831.4096130371095,1779.556460157678,0.05662649416090053,35.383910756718095,0.019351184832008535,12.532066257497501,19.37865926036355,16.285560055314022,710443951.0,10793066.0,1901.1069446087308,1784.581105460745,1901.1069446087308,1202.2434805896828
2025-05-28,1832.678970068801,1851.5214486571706,1829.8029885989208,1840.7117919921875,3713699,1833.0112182617188,1775.516865234375,1643.8904968261718,1820.3936627868313,55.907119831774764,10.913527505502998,14.70838486948846,-3.7948573639854626,1883.9274741141837,1833.0112182617188,1782.0949624092539,0.055554767308789124,34.499883748491484,0.018742686333938535,12.607156694849428,20.385590941905715,15.509800599572023,714157650.0,10920357.7,1901.1069446087308,1784.581105460745,1901.1069446087308,1202.2434805896828
2025-05-29,1842.5961096408364,1851.5214944561042,1835.1582889614467,1848.149658203125,5786774,1832.9665893554688,1779.895263671875,1645.982260131836,1823.0370909217163,57.23823147317159,11.976760467811573,14.162059989153084,-2.185299521341511,1883.8280964880678,1832.9665893554688,1782.10508222287,0.055496382124983,33.20440673036048,0.017966297579300843,12.676885285535507,19.668024754020188,14.963853154246285,719944424.0,10871834.9,1901.1069446087308,1784.581105460745,1901.1069446087308,1202.2434805896828
2025-05-30,1838.6292008609764,1851.521422873486,1827.7203976196222,1840.8109130859375,16712960,1833.3632690429688,1784.3321704101563,1647.987495727539,1824.7298358897374,55.45922338391201,12.087863486280185,13.747220688578505,-1.6593572022983203,1884.3394259972931,1833.3632690429688,1782.3871120886445,0.055609445018427045,32.53273662489644,0.017673046369742842,12.35710034878258,18.64022673000543,15.814938921072835,703231464.0,10704182.55,1901.1069446087308,1784.581105460745,1901.1069446087308,1202.2434805896828
2025-06-02,1828.7121527216095,1843.5877938771541,1816.3157850919893,1838.7283935546875,3199499,1832.7731994628907,1788.59552734375,1649.921329345703,1826.0630318578278,54.93741399284223,11.871029666504228,13.37198248416365,-1.5009528176594227,1883.2112298219988,1832.7731994628907,1782.3351691037826,0.05504012212082693,32.1569703506299,0.01748870059512326,11.499191979493993,17.511041580686747,17.390149724823768,700031965.0,11346490.25,1901.1069446087308,1784.581105460745,1901.1069446087308,1202.2434805896828
2025-06-03,1851.5214287655804,1854.0007022374143,1816.8116001599053,1826.0345458984375,5596977,1829.8129455566407,1792.6050073242188,1651.8189654541015,1826.0603189093144,51.74170153482415,10.553248602460371,12.808235707822995,-2.2549871053626234,1874.1692218080038,1829.8129455566407,1785.4566693052775,0.04848176023573788,32.51640833112126,0.017807115645297217,11.176738185365643,18.367907705510742,15.96949542738654,694434988.0,11329023.25,1901.1069446087308,1784.581105460745,1901.1069446087308,1202.2434805896828
2025-06-04,1839.6209109553906,1868.9754845681452,1834.6623640255916,1859.851806640625,5892170,1828.7518127441406,1797.3305029296876,1653.8802337646484,1829.2785558361059,58.64364728502046,12.09820733111951,12.666230032482298,-0.5680227013627874,1868.9748563220735,1828.7518127441406,1788.5287691662077,0.043989614443718385,33.261017641020295,0.01788369241154666,11.49865922080291,19.88994479505767,14.496846722495734,700327158.0,11178976.1,1889.9998013528443,1784.581105460745,1901.1069446087308,1202.2434805896828
2025-06-05,1868.3804731686369,1873.3390200719505,1853.1081244947754,1863.2236328125,8999675,1828.9451965332032,1800.7727270507812,1655.898858642578,1832.5114203100482,59.269157440242175,13.439751359237107,12.820934297833261,0.6188170614038455,1869.7873584711888,1828.9451965332032,1788.1030345952177,0.04466198551536982,32.33029463645992,0.017351805798887364,11.969293647719956,19.964978696979394,13.848882603704771,709326833.0,11195853.8,1873.3390200719505,1784.581105460745,1901.1069446087308,1202.2434805896828
2025-06-06,1856.5792184367435,1866.2980193721837,1851.8190857596499,1854.6949462890625,4644174,1830.0261596679688,1803.6367822265624,1657.8160809326173,1834.6241370699543,56.92391080370576,13.657307996385725,12.988209037543754,0.6690989588419711,1872.365337794146,1830.0261596679688,1787.6869815417917,0.046271664372119055,31.0551974204652,0.01674409987615565,12.33049324015889,19.300098959469725,13.684168563951927,704682659.0,11370801.35,1873.3390200719505,1784.581105460745,1901.1069446087308,1202.2434805896828
2025-06-09,1858.463445042735,1859.4551544584463,1833.373148401931,1849.63720703125,3649505,1829.7435180664063,1806.5385229492188,1659.776937866211,1836.0539532567443,55.52085519844319,13.26865313602002,13.044297857239007,0.22435527878101347,1871.4754288137601,1829.7435180664063,1788.0116073190525,0.04561503875849693,30.69996946589734,0.01659783299621884,11.648872216588208,18.128889562964787,17.145510229968618,701033154.0,11418699.6,1873.3390200719505,1784.581105460745,1901.1069446087308,1202.2434805896828
2025-06-10,1851.1247304530432,1860.050114998196,1834.959939967343,1841.7034912109375,7925901,1831.5533874511718,1809.04953125,1661.799776611328,1836.5920044904772,53.30151149356477,12.180052731138403,12.871448832018888,-0.6913961008804854,1872.0449619397957,1831.5533874511718,1791.061812962548,0.04421555469368306,30.299269863394176,0.016451763276765098,11.04516030821513,17.196851643387095,16.131379586362115,693107253.0,11404373.9,1873.3390200719505,1784.581105460745,1901.1069446087308,1262.2051556955462
2025-06-11,1842.4969729787406,1851.0256498593915,1832.4807319540828,1844.77783203125,8907265,1832.8426086425782,1811.4623583984376,1663.767080078125,1837.371607113408,54.0677191456244,11.43360321746809,12.58387970910873,-1.150276491640641,1873.294380057367,1832.8426086425782,1792.3908372277892,0.044141020318976466,29.4596732949595,0.015969225553042348,10.347943058730388,16.423605259221482,16.007155755050487,702014518.0,11359780.8,1873.3390200719505,1784.581105460745,1901.1069446087308,1310.6777653633274
2025-06-12,1856.3808230050638,1867.3887729729095,1816.4148863444686,1828.910400390625,7346031,1831.7021423339843,1813.8325439453124,1665.5414959716798,1836.5657779017142,49.548976033282415,9.452702604742626,11.95764428823551,-2.504941683492884,1871.2365133691355,1831.7021423339843,1792.167771298833,0.04316681202848398,30.996402818779597,0.016948016049424443,10.521346725051663,18.265149176223105,14.12687549093595,694668487.0,11435063.35,1873.3390200719505,1784.581105460745,1901.1069446087308,1344.3567605943686
2025-06-13,1799.952525301367,1829.3070987475194,1799.952525301367,1825.1419677734375,4613000,1833.0111999511719,1815.9547998046876,1667.1959149169923,1835.4777959847354,48.5120026520194,7.492376131239098,11.064590656836229,-3.572214525597131,1869.757903835013,1833.0111999511719,1796.2644960673308,0.04009435827213705,30.879129292163373,0.016918754725603093,9.780170133956476,17.024908656658138,16.975650533629803,690055487.0,11362947.35,1873.3390200719505,1784.581105460745,1901.1069446087308,1353.923095110488
2025-06-16,1826.827881095153,1854.4965978631628,1823.5553126750672,1845.8687744140625,5722187,1835.143377685547,1818.67505859375,1668.9202496337891,1836.4674129780046,54.19063231608971,7.524545080524376,10.356581541573858,-2.8320364610494817,1869.6072433913619,1835.143377685547,1800.679511979732,0.03755986167062343,30.88356899901568,0.01673118340106225,10.203186036997382,21.632484377079248,15.760838021811557,695777674.0,6560495.0,1873.3390200719505,1784.581105460745,1901.1069446087308,1353.923095110488
2025-06-17,1863.4219260072807,1863.4219260072807,1832.2822272471274,1839.422607421875,6561555,1837.4193481445313,1820.6624438476563,1670.5667352294922,1836.748860067897,52.26016624482,6.94977472425694,9.675220178110475,-2.725445453853535,1866.2386082771393,1837.4193481445313,1808.6000880119234,0.031369279050762484,30.901863981954083,0.016799763065468664,10.933868966066637,22.138472734294883,14.626399408350313,689216119.0,6556614.15,1873.3390200719505,1790.3330276087313,1901.1069446087308,1353.923095110488
2025-06-18,1832.2823329288224,1855.4883579832406,1827.8196404590603,1850.4306640625,5069427,1839.5713623046875,1823.0405639648438,1672.1016540527344,1838.051889019764,55.195473915064156,7.298391929575473,9.199854528403474,-1.901462598828001,1865.3693503648003,1839.5713623046875,1813.7733742445746,0.02804782525837119,30.67092494925595,0.016575019829124498,11.36006203716366,20.71193988247371,14.723198774175927,694285546.0,6259062.1,1873.3390200719505,1799.952525301367,1901.1069446087308,1353.923095110488
2025-06-19,1856.4800514867475,1863.4220174912384,1848.6455227843087,1861.4385986328125,4712312,1841.8324584960938,1825.6894213867188,1673.6442578125,1840.2791946971972,57.977940321539485,8.366478344712505,9.03317929166528,-0.6667009469527763,1866.9647660559667,1841.8324584960938,1816.7001509362208,0.027290546915862458,29.535608503375506,0.015867087168531257,12.071394988569903,21.890459413520624,14.197060810593955,698997858.0,6170055.35,1873.3390200719505,1799.952525301367,1901.1069446087308,1353.923095110488
2025-06-20,1864.4136798927684,1932.8416287824498,1858.4634234675787,1920.6435546875,16228526,1847.0389343261718,1830.6489575195312,1675.3680963134766,1847.9329432677023,69.09469426039693,13.830856180367846,9.992714669405794,3.8381415109620516,1887.5017149420964,1847.0389343261718,1806.5761537102471,0.04381367372820011,32.738651132768055,0.01704566735085565,14.60777296426899,33.48398192452092,11.893204867276223,715226384.0,6080824.8,1932.8416287824498,1799.952525301367,1932.8416287824498,1353.923095110488
2025-06-23,1913.9991306359723,1932.8416091240983,1911.1231491813926,1920.2469482421875,2946463,1851.4470825195312,1834.9311596679688,1677.1777185058593,1854.8199913605104,68.96307977384056,17.922809170724122,11.57873356966946,6.344075601054662,1902.306320499382,1851.4470825195312,1800.5878445396804,0.05493998554972398,31.951494619192175,0.016639263324147387,16.962981084561,31.85825757306428,11.315762410964474,712279921.0,6719203.85,1932.8416287824498,1799.952525301367,1932.8416287824498,1353.923095110488
2025-06-24,1934.7259575561889,1946.7256174869638,1913.1066434878355,1917.5693359375,6837210,1855.899853515625,1839.2560034179687,1679.0272564697266,1860.7961194154618,68.02102794723095,20.710908005863303,13.405168456908228,7.305739548955074,1913.1414281266657,1855.899853515625,1798.6582789045842,0.06168605973281178,32.07060028918761,0.016724610520280504,19.419011771992565,32.56508852998537,10.468470323141808,705442711.0,6703791.25,1946.7256174869638,1799.952525301367,1946.7256174869638,1353.923095110488
2025-06-25,1925.8996376580956,1953.6675006109415,1921.9328000934033,1949.303955078125,4152765,1861.3294616699218,1843.40134765625,1681.0290216064452,1869.2254370976202,72.76884977470908,25.190830751097792,15.762300915746142,9.42852983535165,1931.0245481558868,1861.3294616699218,1791.6343751839568,0.07488742634894625,32.35828345949146,0.016599916793476464,21.829064299093837,31.502539636558986,9.634299803919156,709595476.0,6753265.5,1953.6675006109415,1799.952525301367,1953.6675006109415,1353.923095110488
2025-06-26,1953.6675658769398,2001.6663262248617,1949.9982894303303,1997.600341796875,9413241,1868.8019958496093,1847.675615234375,1683.3451593017578,1881.4516184975491,78.09821474358714,32.266369953548065,19.063114723306526,13.203255230241538,1959.9790714895416,1868.8019958496093,1777.624920209677,0.0975781017383607,33.78714686572326,0.01691386718292767,24.793482356252472,38.16258469832206,8.567802145850228,719008717.0,6775218.8,2001.6663262248617,1799.952525301367,2001.6663262248617,1370.1956793408522
2025-06-27,1993.3358611340732,2022.095433259888,1991.9474437853098,2010.2940673828125,6405854,1877.2761535644531,1851.7317065429688,1685.7641857910157,1893.7223279151933,79.24777889307116,38.4547805440493,22.941447887455084,15.513332656594216,1986.2408948564905,1877.2761535644531,1768.3114122724157,0.1160881323561715,33.52720705207005,0.01667776252044502,27.783249938332762,40.063781581517304,8.017498523327863,725414571.0,6956542.15,2022.095433259888,1799.952525301367,2022.095433259888,1389.0322890481596
2025-06-30,2001.2695922519854,2007.1207019910378,1983.6171163053416,1992.939208984375,5597484,1884.9866943359375,1854.1217260742187,1688.079578857422,1903.1715546836867,73.56280313445711,41.48058611400779,26.64927553276563,14.831310581242164,2003.3670457729309,1884.9866943359375,1766.6063428989441,0.12560338149092093,33.03790305388439,0.016577476575776184,30.104376185522856,37.75305999372367,9.356113254752472,719817087.0,6441186.85,2022.095433259888,1799.952525301367,2022.095433259888,1389.0322890481596
2025-07-01,1992.3441571547958,2013.9634702002932,1990.261591655139,2002.657958984375,3769165,1893.8178649902343,1856.8191748046875,1690.2690252685547,1912.6464503313712,74.65912274593575,44.15380317179256,30.150181060571015,14.003622111221546,2019.4211430109847,1893.8178649902343,1768.214586969484,0.13264557309622602,32.37104416040366,0.016164040401996687,32.35252258741316,37.28848779167802,8.866792660264196,723586252.0,6561086.1,2022.095433259888,1799.952525301367,2022.095433259888,1389.0322890481596
2025-07-02,2020.11202533933,2028.8391163856081,2001.5671081888327,2016.4427490234375,6513288,1901.647412109375,1860.4111474609374,1692.5276434326172,1922.5318121115681,76.16866272460575,46.84466812705591,33.489078473868,13.355589653187913,2036.9530292509558,1901.647412109375,1766.3417949677942,0.14230357981188005,32.00682730585879,0.015872916462101237,34.63531974070137,38.338783068937154,8.32714163117273,730099540.0,6469695.5,2028.8391163856081,1799.952525301367,2028.8391163856081,1389.0322890481596
2025-07-03,2024.8722993688673,2027.9465742942143,1996.2118735251586,2002.558837890625,5558647,1908.6141723632813,1863.1423168945312,1694.3749505615235,1930.1534336143354,71.54587524869953,47.31150481785471,36.25356374266534,11.057941075189369,2049.521279507926,1908.6141723632813,1767.7070652186364,0.1476538413944302,31.987389696087146,0.015973258358681106,36.44005494578565,35.62193161121749,8.932880600314453,724540893.0,6500751.4,2028.8391163856081,1799.952525301367,2028.8391163856081,1389.0322890481596
2025-07-04,2010.1949970414346,2019.6162365440955,1988.4765365025921,2000.4761962890625,2178315,1915.9032348632813,1866.5458642578126,1696.2728344726563,1936.850839583357,70.85123107823668,46.97196095989034,38.397243186110344,8.574717773779994,2059.9468422022273,1915.9032348632813,1771.8596275243353,0.1503662656002822,31.92684043504545,0.015959620261551025,37.65813557894357,33.14023942693175,10.04114310006671,722362578.0,6328700.0,2028.8391163856081,1799.952525301367,2028.8391163856081,1389.0322890481596
2025-07-07,2001.2696375863966,2019.1204073963843,1993.9309635639677,2017.037841796875,4165432,1924.2732666015625,1870.843935546875,1698.2485681152343,1944.4876969370252,73.0888383658342,47.491800473961575,40.216154643680596,7.275645830280979,2071.364175719062,1924.2732666015625,1777.182357484063,0.15287943939196866,31.445597820571958,0.015589989026957816,38.78921045259022,31.244029878889904,9.466611601536622,726528010.0,6205407.05,2028.8391163856081,1799.952525301367,2028.8391163856081,1389.0322890481596
2025-07-08,2009.2032064202972,2018.1285908515817,1998.0961097735637,2013.1700439453125,3624619,1932.8465942382813,1874.9734106445312,1700.0745526123046,1951.0288728425764,71.70446005385014,47.04932276635486,41.58278826821545,5.46653449813941,2079.675411575872,1932.8465942382813,1786.0177769006905,0.15193013017720103,30.63037519610382,0.015214996511708422,39.83949426383353,29.784471624466352,9.024380840715976,722903391.0,6231203.4,2028.8391163856081,1799.952525301367,2028.8391163856081,1392.0402173221203
2025-07-09,2018.128646712418,2023.7813419187191,1981.931253294726,2002.9554443359375,2937734,1940.7554748535156,1878.85892578125,1701.8834301757813,1955.974260603849,68.03919683113268,45.35163772441797,42.33655815945596,3.015079564962008,2084.77050472012,1940.7554748535156,1796.7404449869114,0.14841130861936555,31.43178329809591,0.015692702195138866,39.77651218782389,26.951845704569546,11.839580661534162,719965657.0,6016139.3,2028.8391163856081,1799.952525301367,2028.8391163856081,1397.3164396281854
2025-07-10,2011.7816836964873,2011.7816836964873,1946.0314224882566,1948.213134765625,5695845,1946.7206115722656,1880.84234375,1703.3692590332032,1955.2351057621133,52.539274483924274,39.13780693980516,41.6968079155258,-2.559000975720643,2081.283818301061,1946.7206115722656,1812.1574048434704,0.13824603893222814,33.88310314881983,0.01739188723460488,37.885141085525134,23.216121720729998,17.766528858369483,714269812.0,5717662.75,2028.8391163856081,1799.952525301367,2028.8391163856081,1401.8529901629902
2025-07-11,1925.8996432020544,1942.8578496282753,1898.3300736247704,1905.96630859375,13103980,1950.7618286132813,1882.3041235351564,1704.4112976074218,1950.5428393651264,44.175416470918435,30.453288916043903,39.44810411562943,-8.994815199585524,2074.930424405883,1950.7618286132813,1826.5932328206795,0.12730267116295613,35.02595729110802,0.018377007575202463,35.92072394144946,20.854421776674307,25.68695282273321,701165832.0,5635153.45,2028.8391163856081,1823.5553126750672,2028.8391163856081,1401.8529901629902
2025-07-14,1899.1234997073275,1911.5198671988896,1884.4461521740072,1904.974609375,5269381,1953.7171203613282,1883.3930200195311,1705.2564819335937,1946.2030079374954,43.99835275905859,23.223023416546766,36.20308797581289,-12.980064559266125,2070.3433974566256,1953.7171203613282,1837.0908432660308,0.1193891130705023,34.45793998637762,0.018088398562793897,34.490209526182745,19.684037011086406,27.123384983154185,695896451.0,6059702.45,2028.8391163856081,1827.8196404590603,2028.8391163856081,1401.8529901629902
2025-07-15,1908.8423349640334,1926.8913979367326,1907.2555030496296,1918.164306640625,4163140,1957.6542053222656,1884.051513671875,1706.1368719482423,1943.5326554330316,47.038858241142954,18.34580523252839,32.631631427155995,-14.285826194627603,2063.3889646600965,1957.6542053222656,1851.919445984435,0.10802189584899122,33.56214345604583,0.01749701177310762,32.59644941018272,22.03733085159435,25.858231891562028,700059591.0,6037062.15,2028.8391163856081,1827.8196404590603,2028.8391163856081,1401.8529901629902
2025-07-16,1927.8831074944278,1927.8831074944278,1912.809172772721,1920.54443359375,4211258,1961.159893798828,1884.8409130859375,1707.0105676269532,1941.3433009721475,47.59181867400423,14.505421566295809,29.00638945498396,-14.500967888688152,2056.589079046014,1961.159893798828,1865.7307085516422,0.09731912787828485,32.241557117878756,0.01678771735447323,30.801529016855,21.521097518507833,24.994693973431207,704270849.0,5917141.4,2028.8391163856081,1848.6455227843087,2028.8391163856081,1401.8529901629902
2025-07-17,1927.585541707482,1928.7756656405695,1911.6190443360201,1913.9000244140625,6256455,1963.7829650878907,1885.9317944335937,1707.7979852294923,1938.729655585663,46.14342223430372,10.801231675952977,25.365357899177766,-14.56412622322479,2050.5990874035483,1963.7829650878907,1876.9668427722331,0.08841722721815348,31.164061702640943,0.0162830144234842,29.174918391117583,20.674817495002365,24.284600270876116,698014394.0,5874232.95,2028.8391163856081,1858.4634234675787,2028.8391163856081,1406.3897026830555
2025-07-18,1915.0999755859375,1916.0,1891.800048828125,1901.0,4643961,1962.8007873535157,1887.2902807617188,1708.7018896484376,1935.136355053695,43.38289208950081,6.746935863582621,21.64167349205874,-14.894737628476118,2051.959739773485,1962.8007873535157,1873.641834933546,0.09084870252185333,30.66662523615766,0.01613183863027757,28.309153017201606,19.50945200631429,27.531996141024027,693370433.0,5951440.1,2028.8391163856081,1884.4461521740072,2028.8391163856081,1408.7564710845538
2025-07-21,1894.800048828125,1919.9000244140625,1892.5999755859375,1909.199951171875,5109654,1962.2484375,1888.3684790039063,1709.7710052490233,1932.6662213506647,45.61032471496542,4.147732276563829,18.142885248959757,-13.995152972395928,2052.5841586651923,1962.2484375,1871.9127163348078,0.09207368388101188,30.426155492726757,0.015936599764760653,27.334895584940828,19.17466826358962,25.76747848739497,698480087.0,5372211.85,2028.8391163856081,1884.4461521740072,2028.8391163856081,1408.7564710845538
2025-07-22,1909.199951171875,1911.300048828125,1883.0,1906.800048828125,4513541,1961.7099731445312,1890.3943579101563,1710.8819219970703,1930.2027763485182,45.05168104379344,1.872606404309181,14.888829480029644,-13.016223075720463,2053.2252346092832,1961.7099731445312,1870.1947116797792,0.09330152032418662,30.27429073096949,0.01587701382196595,26.742519086362236,17.894364473946414,26.31196843874769,693966546.0,5480371.4,2028.8391163856081,1883.0,2028.8391163856081,1408.7564710845538
2025-07-23,1920.0,1949.0,1907.300048828125,1943.800048828125,5194282,1961.4347778320312,1892.8904907226563,1712.3030419921874,1931.4977546799093,54.33757159932463,3.0203270866816183,12.51512900136004,-9.49480191467842,2053.1305322161516,1961.4347778320312,1869.7390234479108,0.09349865253788502,31.126123619605597,0.01601302749136716,24.98658552080425,24.812884214975234,23.763893394772925,699160828.0,5364187.95,2028.8391163856081,1883.0,2028.8391163856081,1408.7564710845538
2025-07-24,1943.800048828125,1970.4000244140625,1933.699951171875,1936.0999755859375,4150685,1958.3597595214844,1894.578095703125,1713.8470617675782,1931.9360614328643,52.354664592898516,3.270867908688615,10.666276782825754,-7.395408874137139,2049.118060845511,1958.3597595214844,1867.6014581974578,0.09268807825810617,31.524262878361448,0.016282352810226657,24.0422375505028,27.598420680989957,21.787781417892266,695010143.0,5416263.8,2028.8391163856081,1883.0,2028.8391163856081,1408.7564710845538
2025-07-25,1936.0999755859375,1952.699951171875,1925.0,1937.9000244140625,3896884,1954.740057373047,1897.3568798828126,1715.2952087402343,1932.5040579072643,52.78840007678196,3.5734793662518314,9.24771729951097,-5.674237933259139,2042.6544815034213,1954.740057373047,1866.8256332426727,0.08994998981964027,31.25109775646956,0.016126269344528515,22.83632084912649,25.85111084877311,22.396844904340362,698907027.0,5153136.0,2028.8391163856081,1883.0,2028.8391163856081,1410.8057382521752
2025-07-28,1930.0,1930.0,1885.0,1890.300048828125,3575044,1949.6080993652345,1899.0983764648438,1716.5281652832032,1928.4846284711557,41.920648856772495,-0.02730434611680721,7.392712970385416,-7.420017316502223,2039.9533587964213,1949.6080993652345,1859.2628399340476,0.09268043096517911,32.79744966058334,0.01735039348960279,21.991020350468816,22.872820922524333,28.52799749372207,695331983.0,5027687.5,2028.8391163856081,1883.0,2028.8391163856081,1410.8057382521752
2025-07-29,1880.0,1923.5999755859375,1880.0,1918.300048828125,3748040,1945.390203857422,1901.5863134765625,1717.7987280273437,1927.514668505153,48.621344727584464,-0.6145017920339342,5.791270017901547,-6.405771809935481,2033.2781132431496,1945.390203857422,1857.5022944716943,0.09035504467068754,33.569058655251496,0.01749937851263601,21.347896815869085,20.750853181666784,26.945290032832318,699080023.0,4926565.5,2028.8391163856081,1880.0,2028.8391163856081,1410.8057382521752
2025-07-30,1934.0,1939.199951171875,1922.0999755859375,1932.5999755859375,5044683,1941.198065185547,1904.0905053710937,1719.1407904052735,1927.9989834652276,51.68699538217114,0.07318099645522125,4.647652213612282,-4.574471217157061,2022.9110608627989,1941.198065185547,1859.485069508295,0.08418821051054518,32.66411891871567,0.01690164510574019,20.18801655574422,23.213815142968862,25.713807841730087,704124706.0,4925509.25,2027.9465742942143,1880.0,2028.8391163856081,1410.8057382521752
2025-07-31,1913.0,1926.5,1895.5999755859375,1914.300048828125,4674966,1936.7851257324219,1906.0521728515625,1720.3452380371093,1926.6943230235988,47.759631689417084,-0.8486933806675552,3.548383094756315,-4.39707647542387,2014.1853149794952,1936.7851257324219,1859.3849364853486,0.07992645980054534,32.97382471023598,0.01722500332715424,19.87770410807405,21.353224274220917,29.393326205988217,699449740.0,4852079.0,2023.7813419187191,1880.0,2028.8391163856081,1410.8057382521752
2025-08-01,1914.0,1919.699951171875,1878.0,1884.4000244140625,5192594,1930.9813171386718,1907.409892578125,1721.3595257568359,1922.6662945845953,42.12727584450887,-3.946475043857845,2.0494114670334835,-5.995886510891328,2005.7715691305457,1930.9813171386718,1856.1910651467979,0.0774634651594642,33.59711945749591,0.017829080355665265,20.039505452550273,19.46014444226092,30.529259667913625,694257146.0,4807894.95,2023.7813419187191,1878.0,2028.8391163856081,1410.8057382521752
2025-08-04,1892.0,1919.9000244140625,1878.5,1914.5999755859375,3074380,1925.859423828125,1909.0602124023437,1722.4174609375,1921.8980737275801,48.706985378900264,-3.919424970893033,0.8556441794481804,-4.7750691503412135,1989.5867430219637,1925.859423828125,1862.1321046342864,0.0661806551458099,34.15446981153638,0.017838958658235576,20.18176210837093,17.817098398952393,27.885991132410247,697331526.0,4958608.9,2023.7813419187191,1878.0,2028.8391163856081,1410.8057382521752
2025-08-05,1920.0,1937.5999755859375,1912.0999755859375,1931.800048828125,5167672,1921.7909240722656,1911.1259350585938,1723.4785888671875,1922.841118975251,52.05066114980837,-2.4814804673883373,0.18821925008087692,-2.6696997174692143,1971.5643083113173,1921.7909240722656,1872.017539833214,0.05179895858138627,33.536293396426636,0.017360126591139977,19.614564713340727,20.619305830214227,26.371442688109372,702499198.0,4904056.3,2023.7813419187191,1878.0,2028.8391163856081,1410.8057382521752
2025-08-06,1930.0,1964.800048828125,1921.5999755859375,1929.699951171875,5461349,1918.1281494140626,1912.9056982421876,1724.6918560791016,1923.4943410892151,51.60829758993373,-1.4941359489887418,-0.1482517897330468,-1.345884159255695,1951.5751339990331,1918.1281494140626,1884.681164829092,0.034874608972489896,34.226563385409555,0.01773672811911734,18.278849799189704,24.436833214995268,23.99390701542997,697037849.0,4981208.95,2011.7816836964873,1878.0,2028.8391163856081,1410.8057382521752
2025-08-07,1928.0999755859375,1933.300048828125,1909.0999755859375,1922.5999755859375,4268534,1916.8474914550782,1914.3947045898437,1725.8364013671876,1923.4091634222364,50.05933745765411,-1.2699280573942815,-0.37258704326529374,-0.8973410141289877,1947.4272006711117,1916.8474914550782,1886.2677822390447,0.031906251647407236,33.51038551803655,0.017429723262023772,17.303094484917317,23.176300431186018,25.42064102322434,692769315.0,5107389.7,1970.4000244140625,1878.0,2028.8391163856081,1410.8057382521752
2025-08-08,1886.300048828125,1893.800048828125,1856.0,1858.5999755859375,93801105,1914.4791748046875,1914.7504858398438,1726.736812133789,1917.2368598187793,38.764848206971465,-6.1852075946649165,-1.5351111535452184,-4.6500964411196986,1954.0715669224155,1914.4791748046875,1874.8867826869596,0.041361005790796476,35.873927665743764,0.019301586213802808,17.763206270475536,20.10295611655625,32.62241624475144,598968210.0,5036024.15,1970.4000244140625,1856.0,2028.8391163856081,1410.8057382521752
2025-08-11,1863.0,1866.0,1845.699951171875,1857.4000244140625,5266532,1912.1004455566406,1915.1239184570313,1727.6327111816406,1911.5381135897587,38.58905023029332,-10.061445985500313,-3.2403781199362376,-6.821067865564076,1958.7744493630805,1912.1004455566406,1865.4264417502006,0.04881961501018578,34.761507748770995,0.018715143368072746,18.40943987608464,19.264403407818126,33.378113040205626,593701678.0,9070880.4,1970.4000244140625,1845.699951171875,2028.8391163856081,1418.1444800223592
2025-08-12,1857.4000244140625,1865.0,1847.0999755859375,1850.300048828125,4645011,1908.7072326660157,1915.609228515625,1728.5250927734376,1905.7059169457937,37.505258307499474,-13.550104361409012,-5.302323368230793,-8.24778099317822,1962.4558213112107,1908.7072326660157,1854.9586440208207,0.056319363939456406,33.557116082006104,0.018136040207781045,19.009513938435955,18.530402627775786,32.10636013464149,589056667.0,9070737.95,1970.4000244140625,1845.699951171875,2028.8391163856081,1433.0201004263924
2025-08-13,1853.0,1872.5,1851.800048828125,1867.4000244140625,6697206,1906.0500122070312,1915.7601928710938,1729.5394195556642,1902.0577367046765,41.74863189165772,-14.764865955491587,-7.1948318856829525,-7.570034069808634,1962.3873952189633,1906.0500122070312,1849.712629195099,0.0591142757547045,32.74589001699674,0.01753555188437543,19.269289244163417,19.26904705066024,30.551618396876368,595753873.0,9094831.5,1970.4000244140625,1845.699951171875,2028.8391163856081,1433.0201004263924
2025-08-14,1873.0,1883.0,1866.800048828125,1873.800048828125,3958631,1904.0450134277344,1915.9717211914062,1730.64748046875,1899.366528335481,43.300371439265206,-15.037798408360914,-8.763425190218545,-6.274373218142369,1961.9544956691711,1904.0450134277344,1846.1355311862976,0.06082785000674528,31.564037242345186,0.016844933514696694,19.097252067613105,20.938764604274613,29.431594358915742,599712504.0,9219128.9,1970.4000244140625,1845.699951171875,2028.8391163856081,1434.5076879909316
2025-08-18,1892.5,1912.5999755859375,1870.300048828125,1892.300048828125,7146376,1903.6100158691406,1916.7238232421876,1731.861181640625,1898.6935302871614,47.642164907117106,-13.604479977892424,-9.73163614775332,-3.8728438301391037,1961.73475809912,1903.6100158691406,1845.4852736391613,0.06106790965106479,32.330886493449995,0.017085496834115744,17.891834312977167,25.521488464617203,26.6811190156907,606858880.0,9104237.7,1970.4000244140625,1845.699951171875,2028.8391163856081,1434.5076879909316
2025-08-19,1901.0999755859375,1931.800048828125,1900.0,1909.699951171875,5706265,1903.6350158691407,1917.925078125,1733.292044067383,1899.7417608476103,51.41083522114239,-10.938446490953993,-9.972998216393455,-0.9654482745605382,1961.7697829742224,1903.6350158691407,1845.500248764059,0.06107764001025074,32.84296602963214,0.017197971864364486,17.042705635328115,27.504754029095,24.389033963426037,612565145.0,9229358.45,1970.4000244140625,1845.699951171875,2028.8391163856081,1434.5076879909316
2025-08-20,1937.0,1952.0,1926.0,1928.4000244140625,6962619,1904.7150146484375,1919.6590087890625,1734.8350012207031,1902.4711192825107,55.14742186653057,-7.233275420717064,-9.425053657258177,2.191778236541113,1963.8389793313702,1904.7150146484375,1845.591049965505,0.06208169120129022,33.5184719438102,0.017381493216893452,16.815197175699815,29.330064562742383,22.190550415835638,619527764.0,9259189.0,1970.4000244140625,1845.699951171875,2028.8391163856081,1434.5076879909316
2025-08-21,1930.0,1940.9000244140625,1927.699951171875,1929.9000244140625,3376913,1904.0200134277343,1921.3614526367187,1736.488348388672,1905.0833959617062,55.44341399754501,-4.128275004768284,-8.365697926760198,4.237422921991914,1961.5963979708351,1904.0200134277343,1846.4436288846334,0.06047875982085745,32.06715775083715,0.01661596836373587,16.603939320330678,28.467680233858683,21.538087381293618,622904677.0,9381642.9,1970.4000244140625,1845.699951171875,2028.8391163856081,1434.5076879909316
2025-08-22,1934.0,1947.699951171875,1917.4000244140625,1933.300048828125,3271920,1903.8800170898437,1923.4492456054688,1738.1396057128907,1907.7706962346983,56.149796330485636,-1.377309483404133,-6.968020238088985,5.590710754684852,1961.1565477228335,1903.8800170898437,1846.603486456854,0.060168214508117185,31.940926965621102,0.016521453555531734,16.024859134283112,26.538742955857167,22.38203418621635,626176597.0,9290774.45,1964.800048828125,1845.699951171875,2028.8391163856081,1435.6977149151705
2025-08-25,1940.0,1940.0999755859375,1913.199951171875,1930.699951171875,2451388,1903.5200134277343,1925.5604052734375,1739.9028173828126,1909.9544348001439,55.42613589116313,0.586286020680518,-5.4571589863350844,6.0434450070156025,1960.0219792693738,1903.5200134277343,1847.0180475860948,0.059365770197387584,31.58086249765263,0.016357208937869412,15.330151243073775,24.924083278691356,21.97023429171563,623725209.0,9246836.2,1964.800048828125,1845.699951171875,2028.8391163856081,1452.8542505000953
2025-08-26,1922.0999755859375,1925.800048828125,1896.199951171875,1904.699951171875,5984656,1904.240008544922,1926.7370288085938,1741.59974609375,1909.4540077879278,48.67112023410393,0.04396015042561885,-4.356935158982944,4.400895309408563,1960.415835462803,1904.240008544922,1848.0641816270409,0.059000784213967275,31.789372319248873,0.01668996331925683,14.401262204034518,22.99198906341313,24.086905116425275,617740553.0,9174561.4,1964.800048828125,1845.699951171875,2028.8391163856081,1467.085316207143
2025-08-28,1893.0,1899.800048828125,1878.199951171875,1881.0999755859375,5494113,1902.3800048828125,1927.570576171875,1743.0775207519532,1906.7536237686907,43.48999590864967,-2.264059141107282,-3.9383599554078117,1.6743008143005298,1959.0319276562807,1902.3800048828125,1845.7280821093443,0.059558997285569105,31.411560010731097,0.016698506415612928,14.129528582384182,21.60649433751263,26.72855545611337,612246440.0,9295042.0,1964.800048828125,1845.699951171875,2028.8391163856081,1489.547518239
2025-08-29,1872.5,1900.0999755859375,1872.5,1888.800048828125,4339042,1900.190008544922,1928.3379638671875,1744.7078424072265,1905.0437594886369,45.52749762717832,-3.432284263118163,-3.8371448169498823,0.40486055383171937,1955.366903469528,1900.190008544922,1845.0131136203158,0.058075134251293174,31.139303980388696,0.016486289271174345,14.056444974075621,20.238588920825332,26.343850186083138,616585482.0,9382345.65,1964.800048828125,1845.699951171875,2028.8391163856081,1489.547518239
2025-09-01,1889.0,1904.800048828125,1884.199951171875,1900.5999755859375,3421488,1899.5050048828125,1929.12119140625,1746.4264190673828,1904.620541974094,48.586760213559955,-3.367141306655867,-3.7431441148910793,0.37600280823521226,1954.3030685410188,1899.5050048828125,1844.7069412246062,0.05769720376344781,30.386503528664505,0.015987848005362952,13.792111206980005,20.36338684532627,25.068176018149146,620006970.0,9347063.6,1964.800048828125,1845.699951171875,2028.8391163856081,1498.472903016313
2025-09-02,1904.5,1917.5,1878.0,1887.199951171875,4423049,1899.645001220703,1928.4523193359375,1748.1243579101563,1902.9614380881685,45.464138627114984,-4.346679213607558,-3.863851134634375,-0.48282807897318314,1954.3021157362343,1899.645001220703,1844.9878867051718,0.05754455646229568,31.037467562331326,0.016446305831588386,13.025712041996893,21.434997968840555,22.78937965987133,615583921.0,9284389.7,1964.800048828125,1845.699951171875,2028.8391163856081,1498.472903016313
2025-09-03,1891.0,1892.0999755859375,1870.0,1883.9000244140625,3803044,1898.1100036621094,1927.725380859375,1749.8300939941407,1901.1460653573013,44.702210837749995,-5.327830657414097,-4.15664703919032,-1.1711836182237771,1952.7252570664443,1898.1100036621094,1843.4947502577745,0.05754698442025302,30.399075278303194,0.016136246554674803,12.61116438662346,20.32191680845478,23.485724304721433,611780877.0,9245912.45,1964.800048828125,1845.699951171875,2028.8391163856081,1498.472903016313
2025-09-04,1899.0,1903.5,1876.5999755859375,1880.4000244140625,5205333,1895.5400024414062,1926.9819946289062,1751.5441149902344,1899.1702519341356,43.8625817722237,-6.315025313873093,-4.588322694126875,-1.7267026197462183,1948.3806224572395,1895.5400024414062,1842.6993824255728,0.05575257704693754,30.149143073714573,0.016033366667876494,11.753062542245011,21.72764826458736,21.988959287377305,606575544.0,9282345.65,1964.800048828125,1845.699951171875,2028.8391163856081,1498.472903016313
2025-09-05,1887.0,1910.699951171875,1875.699951171875,1895.300048828125,2620140,1893.8200073242188,1925.9019165039062,1753.3323883056642,1898.8016611621347,48.313401768512755,-5.827896384177848,-4.83623743213707,-0.9916589520407779,1944.2871123228092,1893.8200073242188,1843.3529023256283,0.053296622491485354,30.49563285416353,0.016090134579492654,11.160629212521734,21.632851149897416,20.186327465262554,609195684.0,9284228.7,1952.0,1845.699951171875,2028.8391163856081,1498.472903016313
2025-09-08,1898.0,1899.0,1884.0999755859375,1887.699951171875,2547552,1892.0750061035155,1923.7039086914062,1755.1496014404297,1897.7443554487768,46.29708786212673,-5.986103487232413,-5.066210643156138,-0.9198928440762746,1940.8252089003265,1892.0750061035155,1843.3248033067046,0.051530941045731304,29.381660822727742,0.01556479397294456,10.610512549207261,20.849247653086437,19.455121177198844,606648132.0,9142168.25,1952.0,1845.699951171875,2028.8391163856081,1498.472903016313
2025-09-09,1892.0,1904.0,1883.0,1893.699951171875,4517793,1893.8300048828125,1921.3720263671876,1757.053837890625,1897.3591740890718,48.13727757864923,-5.5632047390586195,-5.165609462336635,-0.3975952767219848,1940.0974312812339,1893.8300048828125,1847.5625784843912,0.048861224375082474,28.782970763961476,0.01519933015056042,10.316610572485251,21.00351992300153,18.44123411164488,611165925.0,9056119.15,1952.0,1845.699951171875,2028.8391163856081,1498.472903016313
2025-09-10,1904.0,1905.0,1883.0,1891.4000244140625,3566139,1895.5300048828126,1919.3412426757814,1758.9483099365234,1896.7916360247852,47.46585870719725,-5.351945407192034,-5.202876651307714,-0.14906875588431934,1938.714110884423,1895.5300048828126,1852.3458988812022,0.04556414922514528,28.298472852249944,0.014961654058885051,10.08864871662706,20.089595192866827,17.41718301437382,607599786.0,4591953.55,1952.0,1847.0999755859375,2028.8391163856081,1498.472903016313
2025-09-11,1884.0,1916.0,1882.0999755859375,1913.0,4718266,1898.6650024414062,1917.5480834960938,1760.7318615722656,1898.3352897367104,53.960649216038206,-3.402363030273591,-4.84277392710089,1.4404108968272986,1937.1025431187945,1898.6650024414062,1860.2274617640178,0.040489017944675125,28.698583678093698,0.015001873328851906,10.366787981556673,21.132360023535323,15.947615894580562,612318052.0,4506933.9,1952.0,1851.800048828125,2028.8391163856081,1498.472903016313
2025-09-12,1925.0,1925.0,1901.5999755859375,1902.5999755859375,3192824,1900.425,1915.2712280273438,1762.4165551757812,1898.7414502937795,50.7099099949852,-2.665770659390546,-4.407373273558821,1.7416026141682748,1936.0992372058665,1900.425,1864.7507627941334,0.03754343076508315,28.320115159234327,0.01488495507339249,11.000365167377629,22.155111765394206,15.006400489454853,609125228.0,4510596.65,1952.0,1866.800048828125,2028.8391163856081,1498.472903016313
2025-09-15,1904.0,1913.0,1898.4000244140625,1904.5,3553258,1901.9599975585938,1913.3100512695312,1764.1181866455079,1899.2898835991339,51.28728345955768,-1.906720322569754,-3.907242683361008,2.000522360791254,1935.497586175248,1901.9599975585938,1868.4224089419397,0.03526634488601641,27.340105189713125,0.014355529109851994,11.394037297082063,21.310031698599722,15.270016458189895,612678486.0,4335377.55,1952.0,1870.0,2028.8391163856081,1498.472903016313
2025-09-16,1903.300048828125,1942.0,1902.5,1939.5,5427586,1904.3199951171875,1912.09052734375,1765.9928344726563,1903.1194184944545,60.47251207512433,1.5017290333162236,-2.8254483400255617,4.327177373341785,1941.2750885561,1904.3199951171875,1867.3649016782751,0.038811852560145244,28.208669104733616,0.014544299615743035,12.847171258269817,26.521838193423285,13.742710772077542,618106072.0,4315108.9,1952.0,1870.0,2028.8391163856081,1498.472903016313
2025-09-17,1938.0999755859375,1950.0999755859375,1932.5999755859375,1941.300048828125,4234637,1905.9,1910.575771484375,1767.9620178222656,1906.7556690024232,60.881053124730016,4.298646480389834,-1.4006293759424828,5.699275856332317,1946.1915544304586,1905.9,1865.6084455695416,0.04228086933255524,27.443764168681216,0.014136796723024746,14.450076924569789,27.42203069534676,13.116762073513044,622340709.0,4229169.4,1952.0,1870.0,2028.8391163856081,1498.472903016313
2025-09-18,1944.5,1949.800048828125,1920.5,1941.0999755859375,5080814,1906.5349975585937,1909.1343701171875,1769.5992175292968,1910.0265553437105,60.805826584304995,6.425015885639141,0.164499676373842,6.260516209265299,1948.5867978452443,1906.5349975585937,1864.483197271943,0.04411332636484503,27.576355930070058,0.014206561370825786,15.19244661872394,25.34088231597452,15.255436314867596,617259895.0,4155588.0,1950.0999755859375,1870.0,2028.8391163856081,1498.472903016313
2025-09-19,1930.199951171875,1976.800048828125,1927.800048828125,1962.4000244140625,11287603,1908.1599975585937,1908.32326171875,1771.2613500976563,1915.0145047789822,65.66931293026936,9.716904461389731,2.0749806333770198,7.641923828012711,1955.8337508875425,1908.1599975585937,1860.4862442296449,0.049968297616494704,29.10661622077934,0.014832152394346843,16.721882153750105,28.919589437445715,13.421007101350211,628547498.0,4061497.75,1976.800048828125,1870.0,2028.8391163856081,1498.472903016313
2025-09-22,1954.0,1966.0,1944.0,1956.199951171875,4469137,1909.3049926757812,1908.482998046875,1773.0067761230468,1918.936928244972,63.21054995794002,11.690692751146571,3.9981230569309303,7.69256969421564,1960.3217124278608,1909.3049926757812,1858.2882729237017,0.05344009463944527,28.599000776437958,0.01461967155213634,18.14207229341726,27.330545488979265,12.683563364022747,624078361.0,4457032.25,1976.800048828125,1870.0,2028.8391163856081,1498.472903016313
2025-09-23,1950.0,1955.0,1930.0999755859375,1938.699951171875,4348633,1909.7049926757813,1909.1376708984376,1774.8454418945312,1920.8191209046772,56.751649480804055,11.707869414048446,5.540072328354434,6.167797085694012,1961.5058571613256,1909.7049926757813,1857.904128190237,0.05425012207038692,28.420498977116495,0.014659565529950788,18.62703838628432,25.53775860303908,15.34502700916749,619729728.0,4516893.1,1976.800048828125,1870.0,2028.8391163856081,1498.472903016313
2025-09-24,1926.0,1937.300048828125,1918.800048828125,1931.0999755859375,5237977,1911.0249938964844,1909.6601782226562,1776.4911529541016,1921.7982499219402,54.163242790776266,10.981638041500219,6.628385470983591,4.353252570516627,1963.5882787939593,1911.0249938964844,1858.4617089990095,0.05501056769571703,27.81188493187603,0.014402094807876171,18.45624817259019,24.23256401877219,17.46289891602751,614491751.0,4611755.35,1976.800048828125,1870.0,2028.8391163856081,1498.472903016313
2025-09-25,1930.0,1950.0,1928.800048828125,1935.5999755859375,7133365,1913.7499938964843,1910.0088916015625,1778.246138305664,1923.1126999851779,55.45863867006609,10.64648083461475,7.432004543709823,3.2144762909049263,1965.46924582498,1913.7499938964843,1862.0307419679887,0.054050165479758217,27.339603949018812,0.014124614741608824,18.7625383800916,26.208415462890798,16.49566627059092,621625116.0,4574421.4,1976.800048828125,1870.0,2028.8391163856081,1498.472903016313
2025-09-26,1931.0999755859375,1944.699951171875,1911.9000244140625,1916.5999755859375,3239306,1915.139990234375,1909.9300024414063,1779.8828186035157,1922.4924405185834,49.1435310684842,8.746896346774292,7.694982904322718,1.0519134424515748,1965.580818817072,1915.139990234375,1864.6991616516782,0.052675865826940345,27.72962700678979,0.014468134905570145,18.168523783399657,23.994089383293048,19.455228504536127,618385810.0,4656384.0,1976.800048828125,1870.0,2028.8391163856081,1498.472903016313
2025-09-29,1928.0,1928.0,1897.5,1902.199951171875,5072608,1915.219989013672,1909.6960009765626,1781.5660076904296,1920.5598224855635,44.96449974136263,6.010218275159332,7.358029978490041,-1.3478117033307093,1965.5733216330996,1915.219989013672,1864.8666563942443,0.0525822964549982,27.927510792019092,0.014681690415780942,16.95270899846307,22.122356597141213,21.620574092882443,613313202.0,4601397.2,1976.800048828125,1870.0,2028.8391163856081,1498.472903016313
2025-09-30,1896.0,1907.5999755859375,1875.199951171875,1878.4000244140625,5945625,1914.7799926757812,1909.2440014648437,1783.0937524414062,1916.544603621611,39.05343657385491,1.8990351070294764,6.2662310041979286,-4.367195897168452,1966.2464980289274,1914.7799926757812,1863.313487322635,0.05375709538433718,28.246976050736478,0.015037785180793788,16.5494418564029,20.309861966726018,25.48823905640637,607367577.0,4683953.2,1976.800048828125,1870.0,2028.8391163856081,1498.472903016313
2025-10-01,1868.0,1877.0,1855.9000244140625,1867.5999755859375,5675393,1913.964990234375,1908.412001953125,1784.4457641601562,1911.8832104753565,36.69595243033853,-2.2051611290141864,4.571952577555505,-6.777113706569692,1967.822399862931,1913.964990234375,1860.1075806058188,0.05627836444590447,27.836477761398157,0.014904946522429028,16.82716738406914,19.13726930363251,28.969045040142333,601692184.0,4760082.0,1976.800048828125,1855.9000244140625,2028.8391163856081,1498.472903016313
2025-10-03,1851.199951171875,1900.300048828125,1848.0999755859375,1896.699951171875,5828332,1914.7799865722657,1908.21,1785.5902276611328,1910.437185779787,46.13166430313017,-3.074203875423791,3.042721286959646,-6.116925162383437,1967.0509978924722,1914.7799865722657,1862.5089752520591,0.05459740720789465,29.576734581454538,0.01559378675745764,16.069559712916526,22.351760216224942,25.317076466457486,607520516.0,4853699.45,1976.800048828125,1848.0999755859375,2028.8391163856081,1498.472903016313
2025-10-06,1892.5999755859375,1907.0,1887.5,1903.0999755859375,2809218,1915.1699829101562,1907.3959985351562,1786.8618951416015,1909.738403856563,47.9685527683805,-3.209500901541105,1.7922768492594963,-5.001777750800601,1966.968063688192,1915.1699829101562,1863.3719021321206,0.05409241084629678,28.856967825636357,0.015163138140838715,15.098500070600881,22.931307773448363,24.095081452787397,610329734.0,4884849.4,1976.800048828125,1848.0999755859375,2028.8391163856081,1498.472903016313
2025-10-07,1900.0,1946.0,1900.0,1929.0,5713060,1917.2349853515625,1907.2539990234375,1788.4973541259765,1911.5728415845094,54.70056964453202,-1.212828522573318,1.1912557748929335,-2.4040842974662517,1967.765348280761,1917.2349853515625,1866.704622422364,0.052711705466748186,30.08147012380519,0.015594333915917672,15.168456979349667,29.687151227697434,21.463243546626636,616042794.0,4894303.3,1976.800048828125,1848.0999755859375,2028.8391163856081,1498.472903016313
2025-10-08,1929.0,1962.5999755859375,1927.5999755859375,1943.5,4957406,1919.7249877929687,1907.3659985351562,1790.2717572021484,1914.6135233383657,57.9785254242748,1.5220324982426519,1.2574111195628772,0.26462137867977464,1970.2789961528645,1919.7249877929687,1869.170979433073,0.05266796929909808,30.432793686390532,0.015658756720550827,15.692763741111373,31.14457168580868,19.700076174629423,621000200.0,5052578.7,1976.800048828125,1848.0999755859375,2028.8391163856081,1498.472903016313
2025-10-09,1945.0,1948.800048828125,1931.300048828125,1942.0,3945737,1922.2549865722656,1908.3999975585937,1792.0465942382812,1917.2217592109023,57.51486673004799,3.5277266598709502,1.711474227624492,1.8162524322464582,1971.9427990582349,1922.2549865722656,1872.5671740862963,0.05169742082404146,29.509022708791207,0.015195171322755514,16.1796200198901,29.82528995318584,18.865582417879203,617054463.0,5074559.35,1976.800048828125,1848.0999755859375,2028.8391163856081,1498.472903016313
2025-10-10,1937.0,1947.5999755859375,1935.4000244140625,1939.9000244140625,2512581,1923.5999877929687,1908.8319970703126,1793.9210113525392,1919.3815939921558,56.82967192590379,4.891418031386593,2.347462988376912,2.5439550430096807,1973.6677530047614,1923.5999877929687,1873.532222581176,0.05205631683252154,28.272660456154334,0.014574287386121331,16.63170085018463,28.906009440681615,18.28410400472647,614541882.0,5093539.25,1976.800048828125,1848.0999755859375,2028.8391163856081,1498.472903016313
2025-10-13,1937.9000244140625,1965.9000244140625,1936.0,1954.9000244140625,3672419,1926.214990234375,1909.277998046875,1795.8267932128906,1922.764301651385,60.453776007884834,7.10067573805668,3.298105538312866,3.8025701997438137,1977.079187054793,1926.214990234375,1875.3507934139568,0.05281258538459316,28.38890073886206,0.01452191947635327,17.57975706267509,31.335818449758317,16.90857860596134,618214301.0,4983255.0,1976.800048828125,1848.0999755859375,2028.8391163856081,1498.472903016313
2025-10-14,1964.0,1964.0,1939.199951171875,1946.5999755859375,4454239,1928.3199890136718,1909.9239965820314,1797.7059503173828,1925.034365835628,57.573639523683866,8.088544111830288,4.256193253016351,3.8323508588139372,1978.8990736645803,1928.3199890136718,1877.7409043627633,0.0524592235096619,28.13255417380941,0.014452149659223824,18.460094974273375,29.362685364908906,15.843890414756403,613760062.0,5007234.75,1976.800048828125,1848.0999755859375,2028.8391163856081,1498.472903016313
2025-10-15,1957.199951171875,1976.0,1951.5999755859375,1968.5,3447352,1929.7699890136719,1911.60599609375,1799.6172540283203,1929.1739500417586,62.63229083960566,10.517348413637137,5.508424285140508,5.008924128496629,1983.1340399427868,1929.7699890136719,1876.405938084557,0.05530612584185735,28.223087762398915,0.014337357258013165,19.61636370792015,30.214916539825285,14.664990438231916,617207414.0,5052283.8,1976.800048828125,1848.0999755859375,2028.8391163856081,1498.472903016313
2025-10-16,1962.300048828125,1986.9000244140625,1962.0,1967.4000244140625,3700674,1931.0749877929688,1912.6619970703125,1801.521322631836,1932.8145285534065,62.23093606695255,12.21265460433824,6.849270348980055,5.363384255358185,1986.7304035338586,1931.0749877929688,1875.419572052079,0.057641900074008545,27.9857260946606,0.014224725905955703,20.979858009846645,31.076708626144196,13.732988228276657,613506740.0,4953272.1,1986.9000244140625,1848.0999755859375,2028.8391163856081,1498.472903016313
2025-10-17,1973.5999755859375,2034.300048828125,1970.300048828125,2012.0,6743801,1934.6199890136718,1914.26599609375,1803.712604370117,1940.3560020245106,70.48858516817332,16.959543209556614,8.871324921095368,8.088218288461245,2000.47535030464,1934.6199890136718,1868.7646277227036,0.06808092717427493,30.765318831760734,0.015290913932286647,23.232189252432626,37.25474558615644,11.59993413955276,620250541.0,4926573.95,2034.300048828125,1848.0999755859375,2034.300048828125,1498.472903016313
2025-10-20,2026.0,2057.0,2019.699951171875,2051.5,7387180,1939.0749877929688,1916.7019970703125,1806.0971710205079,1950.941144688843,75.58072311237802,23.636341481912268,11.82432823325875,11.812013248653518,2021.7513560884695,1939.0749877929688,1856.3986194974682,0.08527402892200871,31.78208177234925,0.015492118826394955,25.676686969375936,38.588676829152874,10.426773021332421,627637721.0,5009723.3,2057.0,1848.0999755859375,2057.0,1498.472903016313
2025-10-21,2051.800048828125,2058.5,2038.5,2043.5,240850,1943.439990234375,1919.1199975585937,1808.4023175048828,1959.7562737660962,72.83943749697336,27.9599145843913,15.051445503485262,12.908469080906038,2037.6813434187459,1943.439990234375,1849.1986370500042,0.09698406295838907,30.940504502895735,0.015140936874429035,27.968920967991025,37.153264052801354,9.945352622092296,627396871.0,4814702.15,2058.5,1848.0999755859375,2058.5,1498.472903016313
2025-10-23,2063.89990234375,2067.0,2003.5999755859375,2007.9000244140625,8790128,1946.8999938964844,1922.1059985351562,1810.4600445556641,1964.3413928754262,62.053584129078274,28.188813810710144,17.67891916493024,10.509894645779905,2045.1856579369771,1946.8999938964844,1848.6143298559916,0.10096632014856181,33.25904163940765,0.01656409245231877,28.344336188018826,32.094450973278306,16.086468587234066,618606743.0,4603287.8,2067.0,1848.0999755859375,2067.0,1498.472903016313
2025-10-24,2008.0,2033.0,2006.9000244140625,2029.300048828125,3236799,1951.8099975585938,1925.5439990234374,1812.6785717773437,1970.5279315375878,65.37293291435554,29.75403522264355,20.093942376472903,9.660092846170649,2056.0772738578125,1951.8099975585938,1847.5427212593747,0.10684162539349712,32.747679778445494,0.01613742620139222,28.692936035187497,30.267354492127687,15.170686286600647,621843542.0,4825362.55,2067.0,1848.0999755859375,2067.0,1498.472903016313
2025-10-27,2030.0,2094.0,2030.0,2080.10009765625,5796831,1959.0350036621094,1930.14,1815.2026684570312,1980.9633759298413,71.70119869768567,34.69369651773923,23.013893204726166,11.67980331301306,2076.941657622846,1959.0350036621094,1841.1283497013728,0.12037217685271423,35.029984877976176,0.016840528452186587,30.160130622055235,38.712575792607346,13.169252646644942,627640373.0,4725303.65,2094.0,1848.0999755859375,2094.0,1498.472903016313
2025-10-28,2092.0,2102.60009765625,2071.699951171875,2090.199951171875,9891522,1967.7150024414063,1934.5959985351562,1817.7653637695312,1991.3668592862255,72.76682022235667,38.974118080468315,26.205938179874597,12.768179900593719,2096.871155614476,1967.7150024414063,1838.5588492683369,0.1312752639613169,34.734996421290376,0.01661802565913186,31.64988326381374,38.02118890043631,12.332443586625562,637531895.0,4658476.95,2102.60009765625,1848.0999755859375,2102.60009765625,1498.472903016313
2025-10-29,2083.0,2110.39990234375,2081.60009765625,2100.60009765625,2742750,1977.635009765625,1939.1319995117187,1820.3386560058593,2001.7700248452754,73.85844992695719,42.71321653913242,29.507393851726164,13.205822687406254,2115.3337063415074,1977.635009765625,1839.9363131897426,0.1392559252803696,34.31105415459106,0.016333929619861347,33.14926680877829,37.365377044271916,11.593048461298283,640274645.0,4991087.75,2110.39990234375,1848.0999755859375,2110.39990234375,1498.472903016313
2025-10-30,2070.0,2088.0,2058.60009765625,2066.300048828125,4222189,1987.030010986328,1942.6119995117188,1822.7015228271484,2007.9157414150707,64.65373067358644,42.41976309978372,32.089867701337674,10.329895398446048,2121.9768457539317,1987.030010986328,1852.0831762187245,0.13582767650360578,34.86026457212027,0.016870862773240902,33.502642113705654,34.1497924091953,15.30806814033403,636052456.0,4874594.85,2110.39990234375,1848.0999755859375,2110.39990234375,1498.472903016313
2025-10-31,2056.0,2073.800048828125,2051.699951171875,2054.5,4659723,1996.3750122070312,1945.5080004882811,1824.9615063476563,2012.3523374707784,61.80025374266521,40.76511889634344,33.82491794033883,6.94020095600461,2122.545790261573,1996.3750122070312,1870.2042341524893,0.12639987706022993,33.94882407812954,0.016524129509919466,33.53617460863754,32.561869225912574,16.048057683750862,631392733.0,4788423.05,2110.39990234375,1848.0999755859375,2110.39990234375,1498.472903016313
2025-11-03,2055.0,2081.0,2047.199951171875,2074.0,2979629,2005.2400146484374,1948.42,1827.4117150878906,2018.2235434259424,64.582135333389,40.55974102873256,35.17188255801758,5.387858470714981,2126.989003758176,2005.2400146484374,1883.491025538699,0.1214308394210692,33.93819727455779,0.01636364381608379,33.720455859021754,31.76083826975517,14.90643392378346,634372362.0,4737639.55,2110.39990234375,1887.5,2110.39990234375,1498.472903016313
2025-11-04,2107.0,2135.60009765625,2103.5,2113.300048828125,12263078,2015.750018310547,1952.0880004882813,1830.0440441894532,2027.2784487023407,69.4162030142629,43.0716598021786,36.75183800684978,6.319821795328821,2136.7039447568523,2015.750018310547,1894.7960918642416,0.12000885560966533,35.91404730182152,0.016994296347902282,34.84801512041139,38.728941460926315,13.08017322159989,646635440.0,4595204.4,2135.60009765625,1900.0,2135.60009765625,1498.472903016313
2025-11-06,2115.0,2123.300048828125,2080.5,2094.89990234375,9546299,2024.0450134277344,1955.3199975585937,1832.5479272460936,2033.7185871443796,64.94668959238876,43.08102425211109,38.01767525590205,5.063348996209044,2142.7987596419885,2024.0450134277344,1905.2912672134803,0.11734298933712327,36.40590455370034,0.01737835039897125,34.9677832890313,35.47672061160893,16.494391658275195,637089141.0,5067897.4,2135.60009765625,1927.5999755859375,2135.60009765625,1498.472903016313
2025-11-07,2048.0,2048.0,1995.5999755859375,2001.199951171875,70392750,2026.9300109863282,1956.7299975585938,1834.470503540039,2030.621574194617,47.99831222946486,35.12276924900743,37.438694054523125,-2.3159248055156922,2140.402646156871,2026.9300109863282,1913.4573758157853,0.11196502548731391,40.89833471113692,0.0204369057110897,32.57670746299697,29.324119842580473,28.46154073348641,566696391.0,5259559.35,2135.60009765625,1931.300048828125,2135.60009765625,1498.472903016313
2025-11-10,1995.0,2028.800048828125,1992.199951171875,2019.800048828125,7457061,2030.8200134277345,1959.0319995117188,1836.499468383789,2029.5909527311417,50.746034601935605,29.9711781707324,35.945190877764986,-5.9740127070325855,2137.511420651646,2030.8200134277345,1924.128606203823,0.10507224324998808,40.59131777864499,0.02009670105820416,30.277074017485607,27.43549349752451,27.226771527925887,574153452.0,8531326.55,2135.60009765625,1935.4000244140625,2135.60009765625,1498.472903016313
2025-11-11,2020.0999755859375,2056.89990234375,2017.4000244140625,2042.300048828125,14825625,2035.9400146484375,1962.2560009765625,1838.5732489013672,2030.8013428356162,53.91807015253508,27.388351221420407,34.233822946496076,-6.845471725075669,2134.18088235393,2035.9400146484375,1937.699146942945,0.09650664263058514,40.51335778943374,0.019837123253598495,28.773352677080283,30.479087021210205,25.330652373910095,588979077.0,8706892.75,2135.60009765625,1936.0,2135.60009765625,1498.472903016313
2025-11-12,2060.0,2079.800048828125,2054.89990234375,2073.800048828125,8210277,2041.8850158691407,1965.9560009765626,1840.878907470703,2034.8964576920457,57.99651752846489,27.56547140390876,32.900152637978614,-5.334681234069855,2133.9886334074945,2041.8850158691407,1949.781398330787,0.09021430376592417,40.29811794733133,0.01943201706939067,27.84568392204895,32.512235649429535,23.646951864508917,597189354.0,9322544.95,2135.60009765625,1939.199951171875,2135.60009765625,1498.472903016313
2025-11-13,2099.89990234375,2107.0,2079.0,2091.800048828125,5958875,2049.14501953125,1969.7800024414062,1843.2467987060547,2040.3158473240533,60.16604080215276,28.82600178729558,32.08532246784201,-3.2593206805464305,2132.5398639382097,2049.14501953125,1965.7501751242905,0.08139477061124398,39.79110603479873,0.019022423322482773,27.49334181890246,35.457241356597194,22.237667720569103,603148229.0,9549437.85,2135.60009765625,1951.5999755859375,2135.60009765625,1498.472903016313
2025-11-14,2090.0,2107.89990234375,2081.89990234375,2100.699951171875,6312655,2055.755017089844,1974.0500024414061,1845.638115234375,2046.066714357179,61.232261004211516,30.195059091874555,31.707269792648525,-1.51221070077397,2133.284302930856,2055.755017089844,1978.225731248832,0.07542658069322243,38.806027032313104,0.01847290328667127,27.182719931193365,33.926002701684475,21.173438039638803,609460884.0,9624669.65,2135.60009765625,1962.0,2135.60009765625,1498.472903016313
2025-11-17,2112.0,2122.0,2100.89990234375,2112.199951171875,5998770,2062.995013427734,1978.6160009765624,1848.0432965087891,2052.365117863341,62.624388533560484,31.84095801606736,31.73400743733229,0.10695057873506997,2132.830571316851,2062.995013427734,1993.1594555386173,0.06770307968227496,37.55560001772824,0.017780324252394723,27.159311626612805,35.23336765089413,20.31567122401707,615459654.0,9767934.8,2135.60009765625,1970.300048828125,2135.60009765625,1498.472903016313
2025-11-18,2122.0,2159.0,2110.300048828125,2149.199951171875,10972556,2069.855010986328,1983.9919995117189,1850.842728881836,2061.587482940344,66.7601558327443,35.71918699637672,32.53104334914118,3.1881436472355418,2145.054258715703,2069.855010986328,1994.6557632569536,0.07266136741968285,38.35162510016729,0.01784460542131301,27.764797434991532,38.928753459371315,18.472999826596414,626432210.0,9882839.6,2159.0,1992.199951171875,2159.0,1498.472903016313
2025-11-19,2155.0,2166.199951171875,2146.699951171875,2159.800048828125,7419461,2075.2700134277343,1989.2819995117188,1853.6170648193358,2070.9410606439424,67.85749366495045,39.1962210589827,33.864078891109486,5.332142167873215,2159.4619283252646,2075.2700134277343,1991.0780985302042,0.0811382753596193,37.00508045015534,0.017133567744029705,28.43985804189049,38.85325113298337,17.77768314452268,633851671.0,10094277.35,2166.199951171875,1992.199951171875,2166.199951171875,1498.472903016313
2025-11-20,2153.10009765625,2169.300048828125,2149.89990234375,2158.300048828125,7452899,2081.0100158691407,1994.6940014648437,1856.4726586914062,2079.260964280531,67.51781689985214,41.35405434382801,35.36207398165319,5.9919803621748216,2171.195483806508,2081.0100158691407,1990.8245479317734,0.08667470819423333,35.747585166885315,0.01656284314421199,29.1171575959208,37.966579856193476,17.08854637077489,626398772.0,10095891.4,2169.300048828125,1992.199951171875,2169.300048828125,1498.472903016313
2025-11-21,2150.10009765625,2174.5,2148.60009765625,2162.699951171875,6720938,2088.7500122070314,2000.0740014648438,1859.1504223632812,2087.2075344606587,68.0234506838225,42.924382553464056,36.874535696015364,6.049846857448692,2179.0795388839733,2088.7500122070314,1998.4204855300895,0.08649146728812913,35.04417925094708,0.016203902548736885,29.83440340015558,37.02218908326122,16.18643674054751,633119710.0,10456493.85,2174.5,1992.199951171875,2174.5,1498.472903016313
2025-11-24,2162.10009765625,2165.800048828125,2140.39990234375,2152.10009765625,9686848,2094.8900146484375,2005.2880029296875,1861.8468377685547,2093.3877785745244,65.38288799268605,42.819957564855486,38.06362006978339,4.756337495072096,2184.9145219000325,2094.8900146484375,2004.8655073968425,0.08594676247640887,34.35531976762051,0.015963625393184664,30.17516802865322,35.06705617839748,17.036547685614075,623432862.0,10353034.35,2174.5,1992.199951171875,2174.5,1498.472903016313
2025-11-25,2159.0,2170.699951171875,2138.699951171875,2161.60009765625,7102592,2098.9650146484373,2010.2600048828126,1864.6058764648437,2099.884189915641,66.63304018602454,43.00800114854019,39.05249628553475,3.9555048630054372,2193.2215163443266,2098.9650146484373,2004.708512952548,0.08981236089032822,34.1870826413619,0.01581563707293953,30.587919409545368,33.74626582950351,15.897501080416253,630535454.0,10675536.8,2174.5,1992.199951171875,2174.5,1498.472903016313
2025-11-26,2104.0,2134.89990234375,2097.5,2126.800048828125,43174047,2100.79501953125,2014.7440063476563,1867.0466217041017,2102.447605050163,58.32384212660627,39.889136800196866,39.219824388467174,0.6693124117296918,2195.718594045013,2100.79501953125,2005.871445017487,0.09036919226412037,36.32372657099676,0.017079051033034944,29.443145289434305,29.492574412649233,21.995372397551606,587361407.0,10740824.85,2174.5,1992.199951171875,2174.5,1507.5966424935457
2025-11-27,2132.0,2136.89990234375,2103.800048828125,2115.60009765625,4444877,2101.54501953125,2018.9660083007811,1869.386244506836,2103.7002233936,55.9074888607564,36.09756165544604,38.59537184186295,-2.497810186416906,2196.6873627188124,2101.54501953125,2006.4026763436875,0.09054513922217472,36.09344992418449,0.017060620277041166,28.429932852225868,27.956482695003206,20.554581486517968,582916530.0,12404951.1,2174.5,1992.199951171875,2174.5,1538.290116988543
2025-11-28,2118.0,2129.5,2096.39990234375,2101.60009765625,6263457,2103.310021972656,2022.2080102539062,1871.660825805664,2103.5002114186145,52.954165375542445,31.59877700750212,37.196052874990784,-5.597275867488662,2197.071226889692,2103.310021972656,2009.5488170556202,0.08915585808800443,35.87963904790345,0.01707253396491426,27.229867752199095,26.114287248773337,20.673343618415114,576653073.0,12490057.45,2174.5,1992.199951171875,2174.5,1538.290116988543
2025-12-01,2114.699951171875,2119.0,2083.10009765625,2089.699951171875,5058900,2105.07001953125,2025.1760083007812,1874.077719116211,2102.1859009189247,50.51162726911842,26.76468872323676,35.109780044639976,-8.345091321403217,2196.389986341995,2105.07001953125,2013.750052720505,0.08676192807218822,35.88108642617821,0.017170448994869615,25.65750639881687,24.248002856584048,21.84349741227184,571594173.0,12592120.85,2174.5,1992.199951171875,2174.5,1538.290116988543
2025-12-02,2089.800048828125,2114.800048828125,2087.10009765625,2104.0,6591396,2106.57001953125,2028.4340087890625,1876.283475341797,2102.3586722599794,53.29925590581135,23.813031555492216,32.85043034681043,-9.03739879131821,2196.778090699747,2106.57001953125,2016.3619483627533,0.0856445029902872,35.296719622299406,0.016776007425047246,24.197456570676238,22.888773965202223,20.619053776761373,578185569.0,12612079.7,2174.5,1992.199951171875,2174.5,1538.290116988543
2025-12-03,2100.10009765625,2109.89990234375,2081.60009765625,2086.0,4357641,2105.2050170898438,2030.9060083007812,1878.318406982422,2100.8007034733146,49.51817441960501,19.793208628564116,30.238986003161166,-10.44577737459705,2195.7898373364847,2105.2050170898438,2014.6201968432028,0.08605795588674964,34.796939984099446,0.01668117928288564,22.64019751223187,21.559125370798835,20.550256276712886,573827928.0,12792668.05,2174.5,1992.199951171875,2174.5,1538.290116988543
2025-12-04,2094.800048828125,2108.5,2074.10009765625,2103.800048828125,4611819,2105.6500244140625,2033.8580102539063,1880.4239923095704,2101.0863554118678,53.06412881737975,17.838157995424808,27.758820401613896,-9.920662406189088,2196.1153395476485,2105.6500244140625,2015.1847092804762,0.08592625943027724,34.76858015264591,0.01652656114919903,21.12897430694217,20.035516977991048,20.63874584063389,578439747.0,12397396.2,2174.5,1992.199951171875,2174.5,1546.5708862217894
2025-12-05,2092.60009765625,2111.89990234375,2090.0,2108.800048828125,2938290,2111.030029296875,2037.2600122070312,1882.4811907958983,2101.8209928800825,54.040702397706376,16.50199971595157,25.507456264481434,-9.005456548529864,2187.7647437536634,2111.030029296875,2034.2953148400863,0.07269883743183579,33.84938888058192,0.016051492838020494,19.64544867754304,19.827060733355523,19.68496935064438,581378037.0,12150672.2,2174.5,1992.199951171875,2174.5,1546.5708862217894
2025-12-08,2114.39990234375,2114.39990234375,2078.89990234375,2086.199951171875,4327091,2114.3500244140623,2040.36201171875,1884.4102661132813,2100.333274622158,49.07079624924585,13.464238291182482,23.098812669821648,-9.634574378639165,2179.9461494606326,2114.3500244140623,2048.753899367492,0.062048501231245785,33.96728967482607,0.016281895537264165,18.646702525172426,18.346937896750315,20.549652818629397,577050946.0,8777949.2,2174.5,2017.4000244140625,2174.5,1546.5708862217894
2025-12-09,2086.800048828125,2100.39990234375,2080.39990234375,2089.699951171875,5139229,2116.72001953125,2043.4440112304687,1886.3446923828126,2099.320577150703,49.84014959540084,11.209989445096653,20.721048024876648,-9.511058579779995,2174.7171706637455,2116.72001953125,2058.722868398754,0.05479907649320501,32.969626126624206,0.015777205769725598,17.719295383685427,17.551966453021798,19.659237902457516,582190175.0,8621450.7,2174.5,2054.89990234375,2174.5,1546.5708862217894
2025-12-10,2072.0,2096.89990234375,2062.199951171875,2067.0,3987451,2116.380017089844,2046.45201171875,1888.3713989257812,2096.242426945874,45.08333169618751,7.50526858108924,18.077892136119164,-10.572623555029924,2175.449454400953,2116.380017089844,2057.310579778735,0.05582120113979657,33.09322077271355,0.0160102664599485,17.548313379937017,16.23738478543224,22.115115345735912,578202724.0,8137130.9,2174.5,2062.199951171875,2174.5,1546.5708862217894
2025-12-11,2066.0,2069.199951171875,2038.0,2053.199951171875,3254850,2114.4500122070312,2049.47201171875,1890.3620794677734,2092.1431435388263,42.43195971590187,3.4163207773463,15.145577864364592,-11.729257087018292,2178.8845365460115,2114.4500122070312,2050.015487868051,0.060946840991265135,32.95798722979651,0.016052010526780677,18.16315905247799,15.139438029044282,25.864487422239293,574947874.0,7925989.6,2174.5,2038.0,2174.5,1546.5708862217894
2025-12-12,2053.10009765625,2087.10009765625,2050.60009765625,2083.39990234375,2706420,2113.585009765625,2053.5720092773436,1892.6212774658204,2091.3104539012,49.43965187849416,2.582909676701547,12.633044226831982,-10.050134550130435,2179.188546550667,2113.585009765625,2047.9814729805826,0.06207797318955912,33.2109881419539,0.0159407649508828,17.90084799002626,17.800831634008162,23.834062631855893,577654294.0,7790788.35,2174.5,2038.0,2174.5,1546.5708862217894
2025-12-15,2070.10009765625,2078.89990234375,2061.5,2069.699951171875,3233614,2111.460009765625,2057.6140087890626,1894.8204052734375,2089.2523107841216,46.664554929133914,0.8076437957997769,10.267964140625542,-9.460320344825766,2179.801487177224,2111.460009765625,2043.1185323540255,0.0647338591264015,32.40305344208219,0.01565591834880965,17.657273432035367,16.941484766944903,22.683457566138348,574420680.0,7610476.6,2174.5,2038.0,2174.5,1546.5708862217894
2025-12-16,2070.10009765625,2106.60009765625,2070.10009765625,2102.0,5756692,2109.1000122070313,2061.720009765625,1897.2021069335938,2090.4663764237293,53.317657774815295,1.9842041227407208,8.611212137048579,-6.627008014307858,2175.291529053056,2109.1000122070313,2042.9084953610065,0.06276754678575883,32.72427437367453,0.015568160977009768,16.52496468350065,21.623191243119663,20.856454473124746,580177372.0,7472218.8,2174.5,2038.0,2174.5,1546.5708862217894
2025-12-17,2117.60009765625,2128.0,2096.39990234375,2108.0,6412516,2106.510009765625,2065.8180102539063,1899.8019854736328,2092.136245335755,54.45420977311794,3.3620311125346234,7.561375932145788,-4.199344819611165,2168.482807947462,2106.510009765625,2044.5372115837881,0.058839310418213595,32.643976036715635,0.01548575713316681,16.216169349142074,24.810599011738862,19.414346358921023,586589888.0,7211425.6,2174.5,2038.0,2174.5,1546.5708862217894
2025-12-18,2099.0,2116.60009765625,2088.10009765625,2092.0,3760341,2103.1950073242188,2069.078010253906,1902.1230261230469,2092.123269589493,50.89567689933365,3.126858171632648,6.67447238004316,-3.5476142084105122,2160.6609728795042,2103.1950073242188,2045.7290417689335,0.05464635029577806,32.3479777483788,0.015462704468632314,15.5900146281443,23.249225029161025,20.025273481459877,582829547.0,7161078.35,2174.5,2038.0,2174.5,1546.5708862217894
2025-12-19,2113.89990234375,2115.0,2082.0,2097.699951171875,10127415,2099.9450073242188,2072.1620092773437,1904.427939453125,2092.654382121148,52.09667148413921,3.3616691157290006,6.011911727180329,-2.6502426114513282,2150.5212730737003,2099.9450073242188,2049.368741574737,0.048169133546908036,32.39455076635174,0.015442890556513864,14.759657424393346,21.557528635318256,19.913208206677467,592956962.0,6976450.45,2170.699951171875,2038.0,2174.5,1546.5708862217894
2025-12-22,2118.0,2151.699951171875,2101.699951171875,2147.60009765625,7670853,2099.720007324219,2076.2740112304687,1907.380029296875,2097.8873074102053,61.07281332700331,7.487966650561248,6.307122711856513,1.1808439387047347,2149.398241940241,2099.720007324219,2050.0417727081967,0.04731891341963221,33.93779714018376,0.01580266138804019,15.179782966960099,26.83164940508475,17.650006252822877,600627815.0,7146774.3,2170.699951171875,2038.0,2174.5,1546.5708862217894
2025-12-23,2157.0,2164.0,2119.199951171875,2122.89990234375,4110853,2097.7849975585937,2079.9340087890623,1910.0816790771485,2100.269459308638,55.52646325055392,8.665101940380737,6.778718557561358,1.8863833828193783,2140.1475085100883,2097.7849975585937,2055.422486607099,0.04038784813581584,34.71367226075099,0.016352006150843937,15.904220835247754,26.889151819027962,16.02297926636288,596516962.0,7045974.55,2164.0,2038.0,2174.5,1546.5708862217894
2025-12-24,2111.0,2137.199951171875,2111.0,2123.699951171875,3145464,2097.629992675781,2083.3100073242185,1912.8887316894532,2102.5009347241844,55.666902408896334,9.552432892307479,7.333461424510583,2.218971467796896,2139.5874538976154,2097.629992675781,2055.6725314539467,0.040004635105653254,34.10554932583128,0.0160594952723955,16.213270026732058,25.413701806100658,16.861120713998048,599662426.0,6896387.6,2164.0,2038.0,2174.5,1546.5708862217894
2025-12-26,2123.0,2123.0,2101.800048828125,2105.39990234375,1297870,2097.119982910156,2086.486005859375,1915.3915625,2102.777026878429,51.6492616098294,8.678942616020322,7.602557662812531,1.076384953207791,2138.4343566435855,2097.119982910156,2055.8056091767266,0.03940105866150568,33.23371739853976,0.01578499047213961,16.098441088614102,24.217503591686295,18.04481147673478,598364556.0,4894958.45,2164.0,2038.0,2174.5,1546.5708862217894
2025-12-29,2105.39990234375,2112.699951171875,2079.39990234375,2081.60009765625,2371034,2096.119982910156,2088.7480078125,1917.7325024414063,2100.7601764763167,46.907674032051524,5.997118890398724,7.28146990832977,-1.284351017931046,2137.9175493347307,2096.119982910156,2054.3224164855815,0.03988089113729529,33.23845535779585,0.015967742985417924,15.097279509074172,22.484476411018885,21.567240816751532,595993522.0,4737608.1,2164.0,2038.0,2174.5,1546.5708862217894
2025-12-30,2077.0,2102.800048828125,2071.60009765625,2099.800048828125,6983390,2096.6249877929686,2091.3960083007814,1920.145599975586,2100.6687357479177,50.63949472995825,5.279479667336545,6.881071860131126,-1.6015921927945804,2138.3440680179456,2096.6249877929686,2054.9059075679916,0.039796416114350495,33.09284791594436,0.015759999593491347,14.157198925215168,20.970306841097642,21.798373210906988,602976912.0,4542986.95,2164.0,2038.0,2174.5,1546.5708862217894
2025-12-31,2096.0,2121.0,2090.10009765625,2105.60009765625,2991434,2096.7049926757813,2093.268010253906,1922.5864581298829,2101.138389262997,51.80218092067658,5.119743662139626,6.528806220532826,-1.4090625583931997,2138.4864288657186,2096.7049926757813,2054.923556485844,0.03985437754561405,32.93620894650191,0.01564219577267464,13.663068040807133,23.512048505552293,20.337610930871936,605968346.0,4639211.45,2164.0,2038.0,2174.5,1546.5708862217894
2026-01-01,2114.800048828125,2123.89990234375,2107.0,2110.39990234375,2097756,2097.9249877929688,2094.446008300781,1924.892642211914,2102.0204381278304,52.79315991226897,5.319140115621849,6.286872999550631,-0.9677328839287824,2139.8096579513335,2097.9249877929688,2056.040317634604,0.039929616551664916,31.89075149943034,0.015111236246748013,13.30501335911861,23.197860548040673,19.50401881146755,608066102.0,4459213.35,2164.0,2038.0,2174.5,1546.5708862217894
2026-01-02,2108.0,2125.0,2098.0,2106.300048828125,2927138,2098.0499877929688,2095.7020092773437,1927.277993774414,2102.428020099287,51.81320304821449,5.087691585159519,6.04703671667241,-0.9593451315128911,2140.018882885765,2098.0499877929688,2056.0810927001726,0.04000752635731535,31.541412106613887,0.014974795316632346,12.597081858225733,21.779448115974755,20.349599877193068,605138964.0,4346219.1,2164.0,2038.0,2174.5,1546.5708862217894
2026-01-05,2102.10009765625,2112.10009765625,2096.5,2105.0,2642580,2097.8599853515625,2097.6440087890624,1929.7081658935547,2102.672970566022,51.486839576928524,4.744670276312718,5.786563428600472,-1.041893152287754,2139.666581997102,2097.8599853515625,2056.053388706023,0.03985642219924765,30.402746788730752,0.014443110113411284,11.876140266469113,20.981208404587008,19.956177376556443,602496384.0,4261985.05,2164.0,2038.0,2174.5,1546.5708862217894
2026-01-06,2106.800048828125,2121.800048828125,2087.5,2105.300048828125,9119265,2098.814990234375,2099.1640087890623,1932.1068634033204,2102.923168495746,51.56267257558447,4.445786590128591,5.518408060906096,-1.0726214707775048,2140.384486445789,2098.814990234375,2057.2454940229604,0.0396123492588285,30.68112550583034,0.014573279244879323,11.600577167553704,21.564020522809628,18.362601411916707,611615649.0,4247199.55,2164.0,2038.0,2174.5,1546.5708862217894
2026-01-07,2095.60009765625,2103.800048828125,2077.0,2084.199951171875,4171371,2098.539990234375,2099.246005859375,1934.4000604248047,2101.1400049410913,46.104815441903185,2.477755551848986,4.910277559094674,-2.432522007245688,2140.418667400784,2098.539990234375,2056.661313067966,0.03991220311387234,30.51104860027996,0.014639213758317494,10.867441868074952,20.1353510929227,19.604159816309863,607444278.0,4486808.25,2164.0,2038.0,2174.5,1546.5708862217894
2026-01-08,2088.0,2092.0,2055.0,2066.300048828125,5534929,2098.504992675781,2098.7680078125,1936.6136755371094,2097.8219138827135,42.03949218230176,-0.5202980759554521,3.8241624320846492,-4.344460508040101,2140.490076568405,2098.504992675781,2056.519908783157,0.04001428067997049,30.97454512883139,0.014990342349552863,10.882254689062307,18.4173321119003,23.004754172240073,601909349.0,4438415.35,2164.0,2038.0,2174.5,1546.5708862217894
2026-01-09,2070.199951171875,2084.0,2023.199951171875,2027.0999755859375,4165409,2097.1999938964846,2097.298005371094,1938.29361328125,2091.0864911877825,34.802196007317264,-5.990342537846118,1.861261438098496,-7.851603975944614,2145.832916060394,2097.1999938964846,2048.567071732575,0.04637890740553744,33.10493825020951,0.016331181810922007,11.913097160626485,16.00126034808757,26.848191780934986,597743940.0,4515789.25,2164.0,2023.199951171875,2174.5,1546.5708862217894
2026-01-12,2023.5,2048.800048828125,2001.300048828125,2044.0,4689135,2095.2299987792967,2096.8520043945314,1939.95615234375,2086.6020634556126,39.62769036530219,-8.859573800737053,-0.2829056096686138,-8.576668191068439,2148.8732365628084,2095.2299987792967,2041.5867609957852,0.051205106661096615,34.13315694662312,0.0166991961578391,13.436593887535373,14.410725064415347,28.762336280646977,602433075.0,4561317.2,2164.0,2001.300048828125,2174.5,1546.5708862217894
2026-01-13,2047.0,2049.89990234375,2014.9000244140625,2026.9000244140625,7388496,2093.0900024414063,2096.3000048828126,1941.5679016113281,2080.916154975465,36.67025276924036,-12.370683824949083,-2.700461252724708,-9.670222572224375,2153.6104042558104,2093.0900024414063,2032.5696006270023,0.05782876201578749,34.19506558827057,0.01687062271270913,14.796940730263037,13.586904727045622,26.65953025653418,595044579.0,4660452.95,2164.0,2001.300048828125,2174.5,1546.5708862217894
2026-01-14,2015.0999755859375,2034.0,2008.699951171875,2022.5,4842964,2089.1150024414064,2095.2700048828124,1943.0996362304688,2075.3527116444684,35.92725896503359,-15.331576146750649,-5.226684231529896,-10.104891915220753,2156.7923887193483,2089.1150024414064,2021.4376161634648,0.06479048419914826,33.559707248260175,0.01659318034524607,16.22165330352973,12.855267676880443,26.543574679628858,590201615.0,4868197.05,2164.0,2001.300048828125,2174.5,1546.5708862217894
2026-01-15,2022.5,2022.5,2022.5,2022.5,0,2084.8400024414063,2093.45400390625,1944.5914538574218,2070.319120059281,35.92725896503359,-17.476644761874013,-7.67667633759872,-9.799968424275292,2157.801013926376,2084.8400024414063,2011.8789909564364,0.0699919527633108,31.162585301955875,0.015407953177728492,17.54460069299166,12.855267676880445,26.543574679628854,590201615.0,4822510.65,2164.0,2001.300048828125,2174.5,1546.5708862217894
2026-01-16,2020.0,2029.699951171875,1988.699951171875,2016.4000244140625,7310676,2081.0600036621095,2091.8840063476564,1946.1214483642577,2065.18396809307,34.79377541459735,-19.444697771896244,-10.030280624458225,-9.41441714743802,2159.753768594872,2081.0600036621095,2002.366238729347,0.07562854006543052,31.865257780387598,0.015803043738628793,19.587639363678658,11.673806353560439,31.68064800601287,582890939.0,4501884.85,2164.0,1988.699951171875,2174.5,1546.5708862217894
2026-01-19,2023.0,2023.0,1996.300048828125,2010.0,4272071,2076.6750061035154,2092.0600073242185,1947.5763024902344,2059.928352084206,33.59615569076007,-21.275570906546363,-12.279338680875853,-8.99623222567051,2160.760219300627,2076.6750061035154,1992.5897929064038,0.08098061848866898,31.496307308350985,0.01566980463102039,21.484746700745156,10.966943308636015,29.76234658516747,578618868.0,4679401.6,2164.0,1988.699951171875,2174.5,1546.5708862217894
2026-01-20,2018.0,2018.0,1977.0999755859375,1996.0,6076838,2069.095001220703,2091.584006347656,1949.0070233154297,2053.839937599996,31.0762886877107,-23.584368138462878,-14.54034457239326,-9.044023566069619,2153.5705289309085,2069.095001220703,1984.6194735104978,0.08165456652340021,32.16800138733038,0.016116233159985158,23.643490188468498,9.970948554030688,31.322740659044484,572542030.0,4386634.4,2164.0,1977.0999755859375,2174.5,1546.5708862217894
2026-01-21,1977.0,2007.0999755859375,1967.0,1996.0999755859375,7952295,2062.7550048828125,2090.6600048828127,1950.2872564697266,2048.340893598657,31.11602219100486,-25.116511870134445,-16.6555780319415,-8.460933838192947,2149.1378379237112,2062.7550048828125,1976.3721718419138,0.08375481609441664,32.73457097294517,0.01639926425195022,25.838644291094102,9.098487811018725,30.785860513669085,580494325.0,4306933.65,2137.199951171875,1967.0,2174.5,1546.5708862217894
2026-01-22,2008.800048828125,2018.9000244140625,1990.0,2002.199951171875,6722567,2056.6800048828127,2089.2280029296876,1951.6406329345702,2043.94651812944,33.63009706817664,-25.544073586154582,-18.433277142784117,-7.1107964433704645,2142.148694790424,2056.6800048828127,1971.2113149752013,0.08311325991860491,32.460674790167836,0.016212504036456903,27.160211990243656,11.116442434731118,28.828080333267867,587216892.0,4499005.75,2125.0,1967.0,2174.5,1546.5708862217894
2026-01-23,2009.0,2011.699951171875,1980.0999755859375,1984.699951171875,4340925,2050.6450073242186,2087.0860009765624,1952.9191540527345,2038.3039879430053,30.222240677051857,-26.98396867892052,-20.1434154500114,-6.840553228909119,2138.5125901811493,2050.6450073242186,1962.7774244672876,0.08569750741166535,32.39919627557995,0.016324480814568318,28.607929656500133,10.341997938039457,29.00232585205279,582875967.0,4677860.9,2125.0,1967.0,2174.5,1546.5708862217894
2026-01-27,1972.0999755859375,2003.800048828125,1962.699951171875,1973.4000244140625,10510891,2045.2350036621094,2084.540002441406,1954.4228204345702,2032.122658083106,28.23280690848341,-28.706000659016354,-21.855932491812393,-6.850068167203961,2138.000048329208,2045.2350036621094,1952.469958995011,0.09071333563233307,33.0206892313421,0.01673289187332737,30.309061344602537,9.422537323002844,30.187738541977485,572365076.0,4830013.65,2125.0,1962.699951171875,2174.5,1546.5708862217894
2026-01-28,1995.0,1995.0,1939.0,1957.699951171875,9426909,2038.1299987792968,2081.4500024414065,1955.680635986328,2025.0347812344173,25.701355541550967,-30.98046459825173,-23.680838913100263,-7.299625685151465,2134.7759370625454,2038.1299987792968,1941.4840604960484,0.09483785464237603,34.66206857196052,0.017705506173819885,32.30440493574445,8.335177253485805,31.587955359526116,562938167.0,5237006.5,2125.0,1939.0,2174.5,1546.5708862217894
2026-01-29,1964.0,1970.5,1939.0,1967.9000244140625,6065044,2031.2449951171875,2077.82400390625,1957.013500366211,2019.5933758229548,30.087250325858165,-31.595717231059325,-25.263814576692077,-6.331902654367248,2127.301391553425,2031.2449951171875,1935.18859868095,0.09457883875863618,34.436206531106194,0.01749896138212585,34.15722398466195,7.790571714446468,29.524054984938292,569003211.0,5359182.45,2125.0,1939.0,2174.5,1546.5708862217894
2026-01-30,1925.5999755859375,1974.0,1925.5999755859375,1968.699951171875,7683747,2024.1599975585937,2074.002001953125,1958.14681640625,2014.7463829990425,30.434071434767347,-31.653875794817623,-26.54182682031719,-5.112048974500432,2116.6549659163898,2024.1599975585937,1931.6650292007978,0.09139096560485063,35.4336220941745,0.017998487820900553,36.09918615599761,7.030470676236076,29.34472058966808,576686958.0,5512862.95,2125.0,1925.5999755859375,2174.5,1546.5708862217894
2026-02-02,1936.0999755859375,1969.800048828125,1926.5,1965.4000244140625,5326225,2017.1149963378907,2070.1440014648438,1959.054381713867,2010.0467298004728,29.77780442615945,-31.601955712404106,-27.553852598734576,-4.04810311366953,2104.8529031227454,2017.1149963378907,1929.3770895530358,0.0869934604067141,35.99550971802811,0.01831459716642637,37.902436743666435,6.426387940936186,26.823319122148117,571360733.0,5792162.5,2121.800048828125,1925.5999755859375,2174.5,1546.5708862217894
2026-02-03,2050.0,2050.0,1980.0999755859375,1997.300048828125,6915795,2011.729998779297,2066.8360034179686,1960.0034344482422,2008.8327601840588,42.65176006298133,-28.656410045432494,-27.77436408807416,-0.8820459573583328,2089.933062321519,2011.729998779297,1933.5269352370747,0.07774707698316902,39.46725728002164,0.01976030456874932,35.65696644969543,19.957175176314163,22.716384666930658,578276528.0,5912116.85,2121.800048828125,1925.5999755859375,2174.5,1546.5708862217894
2026-02-04,2008.0,2034.5999755859375,1998.4000244140625,2025.800048828125,7464725,2007.7549987792968,2064.310002441406,1960.7652435302734,2010.4486924358746,51.25069327881315,-23.748573297287294,-26.96920592991679,3.2206326326294956,2073.641560807044,2007.7549987792968,1941.8684367515496,0.06563207370202616,39.312447957006704,0.019405887555263897,33.57188689100807,18.604638891363233,21.176851428710062,585741253.0,6125777.6,2103.800048828125,1925.5999755859375,2174.5,1546.5708862217894
2026-02-05,2012.0,2022.9000244140625,1985.0,1992.4000244140625,7708690,2003.1650024414062,2060.9260009765626,1961.3883160400392,2008.7297716718926,43.09536174941994,-22.297152455876585,-26.034795235108753,3.737642779232168,2059.15746343929,2003.1650024414062,1947.1725414435225,0.05590399286093915,39.41870516208658,0.019784533567087804,32.04885826897565,17.229167576274882,22.03936049666164,578032563.0,6043050.6,2092.0,1925.5999755859375,2174.5,1546.5708862217894
2026-02-06,1994.0,2049.699951171875,1988.5,2038.4000244140625,13870403,2001.770001220703,2059.1580004882812,1962.3960955810546,2011.5555100282897,53.96116692972569,-17.236385101997485,-24.275113208486502,7.0387281064890175,2052.5486001892505,2001.770001220703,1950.9914022521555,0.05073369961342423,40.97450844850004,0.020101308848972443,29.827014697969304,20.06293025830283,19.688059237611185,591902966.0,6219916.55,2084.0,1925.5999755859375,2174.5,1546.5708862217894
2026-02-09,2051.199951171875,2055.199951171875,2028.699951171875,2038.199951171875,7570161,2002.325,2057.609997558594,1963.2570935058593,2014.0930758514883,53.912947376311756,-13.090930652016368,-22.038276697192476,8.947346045176108,2054.4243353993,2002.325,1950.2256646006997,0.05203884024751249,39.94061498789289,0.01959602391557747,27.943008119553483,20.095715267748425,18.755006915602536,584332805.0,6636690.25,2055.199951171875,1925.5999755859375,2174.5,1546.5708862217894
2026-02-10,2052.0,2057.0,2008.4000244140625,2011.300048828125,9077763,2000.6900024414062,2055.8039965820312,1964.162099609375,2013.8270732778346,47.73649929572898,-11.839744239686297,-19.99857020569124,8.158825966004944,2049.397261205125,2000.6900024414062,1951.982743677688,0.0486904604954109,40.55914074489608,0.02016563404775318,26.376202735068624,18.3757378762553,20.724793287212123,575255042.0,6806927.85,2057.0,1925.5999755859375,2174.5,1546.5708862217894
2026-02-11,2012.9000244140625,2021.0,1996.699951171875,2012.0999755859375,7423601,1999.95,2054.2519970703124,1965.211928100586,2013.6625877833683,47.92754530719037,-10.660732303594159,-18.131002625271826,7.470270321677667,2047.477371996493,1999.95,1952.422628003507,0.04752856021049826,39.39777703655528,0.01958042717290048,25.281861797893374,17.56617202683565,21.9329721046696,582678643.0,7026359.25,2057.0,1925.5999755859375,2174.5,1546.5708862217894
2026-02-12,2019.199951171875,2027.0,2009.0999755859375,2014.5,7437690,1999.55,2052.4619970703125,1966.2509466552735,2013.7423413278095,48.53539782175345,-9.424060237401818,-16.389614147697824,6.965553910296006,2046.4419085652635,1999.55,1952.6580914347364,0.046902461619127825,37.862223277805796,0.01879484898377056,24.037198139677795,18.10490178952351,21.192315394708487,590116333.0,7028114.5,2057.0,1925.5999755859375,2174.5,1546.5708862217894
2026-02-13,2013.9000244140625,2024.199951171875,1992.0,2004.699951171875,4808543,1998.6599975585937,2050.83599609375,1967.2310479736327,2012.8811613129587,46.16562793069323,-9.129531200464498,-14.93759755825116,5.808066357786661,2044.4382300596935,1998.6599975585937,1952.8817650574938,0.04580892453645839,37.45777527023931,0.01868497839207451,23.416039620835072,16.99321774874434,23.151866668969962,585307790.0,7157850.8,2057.0,1925.5999755859375,2174.5,1546.5708862217894
2026-02-16,2010.0,2032.199951171875,1995.0,2029.4000244140625,3455964,1999.3099975585938,2049.347995605469,1968.1328369140624,2014.4543863702067,52.465237023770136,-6.824358377841008,-13.31494972216913,6.490591344328122,2046.4269235043002,1999.3099975585938,1952.1930716128873,0.047133186952740824,37.43935926321329,0.018448486652611996,22.515350958874347,17.313455848046654,21.50873661513595,588763754.0,7398277.95,2057.0,1925.5999755859375,2174.5,1546.5708862217894
2026-02-17,2028.0,2038.5,2014.199951171875,2020.300048828125,4471158,1999.825,2047.5779956054687,1969.0699505615235,2015.0111161281036,50.137451957035644,-5.66646480711006,-11.785252739157317,6.1187879320472565,2047.6183574938466,1999.825,1952.0316425061535,0.04779753977857717,36.50083708927841,0.018067037671186875,21.423618423489764,17.723010174175588,20.485935512362243,584292596.0,7205542.35,2057.0,1925.5999755859375,2174.5,1546.5708862217894
2026-02-18,2020.0999755859375,2028.5999755859375,2015.0,2021.800048828125,2182669,2001.1150024414062,2046.2899975585938,1969.9263018798829,2015.6576811471532,50.527101622862375,-4.575050017424928,-10.343212194810839,5.768162177385911,2049.810002436672,2001.1150024414062,1952.4200024461402,0.048667867599670185,34.8650612676112,0.017244564460179766,20.40986678348979,17.22920328204687,19.915146687648413,586475265.0,7215496.7,2057.0,1925.5999755859375,2174.5,1546.5708862217894
2026-02-19,2032.0,2032.0,1974.800048828125,1988.5999755859375,4712417,2000.7400024414062,2044.267998046875,1970.4431036376952,2013.0807568079897,42.59341921642294,-6.316254528958098,-9.537820661640293,3.221566132682195,2049.69851145777,2000.7400024414062,1951.7814934250423,0.04894040100824915,36.46041054648719,0.018334713363226403,20.74578502011915,15.29851899091718,25.55893882879478,581762848.0,7020788.25,2057.0,1925.5999755859375,2174.5,1546.5708862217894
2026-02-20,1981.0999755859375,1993.699951171875,1971.0,1977.4000244140625,5180301,1999.5000061035157,2042.4759985351564,1970.9247314453125,2009.6825918180919,40.29482920669361,-8.501909387557134,-9.330638406823661,0.8287290192665271,2049.4931042895428,1999.5000061035157,1949.506907917489,0.05000559943328028,35.47752059115775,0.01794149901544092,21.160651322903185,14.599332519537938,25.155903374894322,576582547.0,6858794.35,2057.0,1925.5999755859375,2174.5,1546.5708862217894
2026-02-23,1994.0,2000.5,1983.9000244140625,1997.300048828125,3728878,2000.1300109863282,2041.3580004882813,1971.6144519042969,2008.5033020095236,45.8830608280504,-8.529962849012463,-9.170503295261422,0.6405404462489592,2049.676775551081,2000.1300109863282,1950.5832464215755,0.049543543962244356,34.59341023364202,0.017320086811162396,21.222623209496835,15.30706569705272,23.956044892604655,580311425.0,6781681.05,2057.0,1925.5999755859375,2174.5,1546.5708862217894
2026-02-24,1997.300048828125,1997.300048828125,1921.800048828125,1941.0,10006761,1998.510009765625,2038.5100024414062,1972.1540734863281,2002.0744161038547,35.70196693695985,-12.945906489159825,-9.925583934041104,-3.020322555118721,2053.2891797705884,1998.510009765625,1943.7308397606616,0.054820010645218215,37.51530950266759,0.0193278256067324,22.729272358198067,13.106662190461245,32.336083083392445,570304664.0,6751078.7,2057.0,1921.800048828125,2174.5,1546.5708862217894
2026-02-25,1955.0,1961.800048828125,1904.0,1913.4000244140625,8285195,1996.2950134277344,2035.38400390625,1972.444623413086,1993.6292359429222,31.95819863836337,-18.459867148675585,-11.632440576968001,-6.8274265717075835,2060.301125449547,1996.2950134277344,1932.288901405922,0.06412490297404579,38.96421945448598,0.02036386482560955,24.434629277896278,11.71790508167087,32.17288885845583,562019469.0,6725872.2,2057.0,1904.0,2174.5,1546.5708862217894
2026-02-26,1914.0,1935.0,1904.5,1929.5999755859375,10795028,1994.3800109863282,2031.9360034179688,1973.0650927734375,1987.531211147019,36.18789855733331,-21.2772491428625,-13.561402290146901,-7.7158468527156,2063.7378077583776,1994.3800109863282,1925.0222142142788,0.06955324099718409,38.359632350594126,0.019879577547644783,26.018174989044617,11.05240617958755,30.345683222045434,572814497.0,6668786.5,2057.0,1904.0,2174.5,1546.5708862217894
2026-02-27,1910.0,1915.0,1870.0999755859375,1879.300048828125,13754648,1989.9100158691406,2027.3620043945311,1973.3666259765625,1977.2234814023623,29.960328099757632,-27.254653704254906,-16.300052572968504,-10.954601131286402,2075.0414847354427,1989.9100158691406,1904.7785470028386,0.08556313419943147,39.869658611265976,0.021215163930915392,28.033369972224097,9.874248956792218,33.27385743956343,559059849.0,6905285.7,2057.0,1870.0999755859375,2174.5,1546.5708862217894
2026-03-02,1850.0999755859375,1895.9000244140625,1847.9000244140625,1873.199951171875,11785758,1985.3000122070312,2022.9860034179687,1973.4740270996094,1967.3164785232682,29.301756410047474,-32.11382855878742,-19.462807770132287,-12.651020788655131,2084.1254055043914,1985.3000122070312,1886.4746189096709,0.0995571376514499,40.450397281889835,0.021594276284592064,30.19984230590641,9.03730865146137,34.373705298990494,547274091.0,7208830.75,2057.0,1847.9000244140625,2174.5,1546.5708862217894
2026-03-04,1861.0999755859375,1920.0,1815.300048828125,1905.9000244140625,20565585,1980.7300109863281,2019.1500048828125,1974.0087231445314,1961.4672924176298,37.26293409978721,-32.94635197753405,-22.159516611612638,-10.786835365921412,2085.2048412196064,1980.7300109863281,1876.2551807530501,0.10549123772931943,45.03965113117449,0.02363169660225026,32.58320386901949,7.536716949373584,33.83619842719646,567839676.0,7531807.4,2057.0,1815.300048828125,2174.5,1546.5708862217894
2026-03-05,1919.0,1929.0999755859375,1897.199951171875,1907.0,11398717,1974.7900085449219,2014.3380029296875,1974.5275970458983,1956.2799312349985,37.51781886529432,-33.13540957251689,-24.35469520379349,-8.780714368723402,2081.817186766406,1974.7900085449219,1867.7628303234378,0.1083934775428042,44.10110636566649,0.023125907900192182,34.373327887024544,8.621199142818268,32.08798255809633,579238393.0,8214296.9,2057.0,1815.300048828125,2174.5,1546.5708862217894
2026-03-06,1900.0,1902.0999755859375,1867.0999755859375,1870.800048828125,10896859,1968.710009765625,2009.296005859375,1974.912081298828,1948.1389900533914,32.7956117316173,-35.79366550739633,-26.64248926451406,-9.151176242882265,2084.501681098352,1968.710009765625,1852.918338432898,0.11763202377023724,43.80102908340906,0.023412993339852736,36.38118825107118,8.060243541879727,34.908670152695834,568341534.0,8410996.5,2057.0,1815.300048828125,2174.5,1546.5708862217894
2026-03-09,1831.0,1872.4000244140625,1818.0999755859375,1866.699951171875,8073518,1960.1250061035157,2004.156005859375,1975.2086291503906,1940.3828911122946,32.299730974926476,-37.795512955935465,-28.873094002798346,-8.922418953137118,2079.3842731691525,1960.1250061035157,1840.8657390378792,0.12168536873340464,44.55095906517449,0.02386615965635309,38.69275727734496,7.358524452622266,39.72571813746765,560268016.0,8570404.95,2057.0,1815.300048828125,2174.5,1555.0003886010263
2026-03-10,1880.800048828125,1881.0,1846.5,1850.4000244140625,11741600,1950.735009765625,1999.0560083007813,1975.3795458984375,1931.8130942838916,30.335940630933067,-40.23347291531786,-31.14516978530225,-9.08830313001561,2073.449554820379,1950.735009765625,1828.020464710871,0.12581364915319565,43.83303341766202,0.023688409446244982,40.47071675901947,8.346247340587999,37.492344992535905,548526416.0,8280560.7,2057.0,1815.300048828125,2174.5,1555.0003886010263
2026-03-11,1841.0,1847.699951171875,1799.5,1807.0,9548404,1940.5200073242188,1993.5640063476562,1975.3319757080078,1919.926132923521,25.83243628401118,-45.14716459840224,-33.94556874792225,-11.20159585047999,2074.8323309718276,1940.5200073242188,1806.2076836766098,0.1384292077800445,44.337818488833484,0.0245367008792659,42.51834482517505,7.661852251311712,41.989696753059555,538978012.0,8489132.65,2038.5,1799.5,2174.5,1564.0248741190308
2026-03-12,1797.9000244140625,1817.800048828125,1791.0,1801.300048828125,12922735,1929.9800109863281,1987.5940063476562,1975.1780560302734,1908.6284106287212,25.301185197830264,-48.937122396884206,-36.943879477714646,-11.99324291916956,2072.9734905225305,1929.9800109863281,1786.9865314501258,0.14818130625417686,43.085120655925735,0.02391890273025624,44.483299570498474,7.321433080869943,41.533248283696366,526055277.0,8512664.7,2038.5,1791.0,2174.5,1577.2642277141515
2026-03-13,1781.0999755859375,1816.0,1776.5999755859375,1803.4000244140625,8970772,1919.4250122070312,1981.5500048828126,1975.0524865722657,1898.6066595606585,25.9057553924777,-51.1812551279063,-39.79135460775298,-11.389900520153319,2066.9962698573586,1919.4250122070312,1771.8537545567037,0.15376610882093708,42.82189949579265,0.023745092001817947,46.41493024040176,6.840262989450209,41.205631277846344,535026049.0,8787621.4,2038.5,1776.5999755859375,2174.5,1598.833904929244
2026-03-16,1798.0,1804.9000244140625,1770.9000244140625,1788.800048828125,14261268,1908.6300170898437,1975.1180078125,1974.7929278564452,1888.148887109941,24.425620830655262,-53.52088702797937,-42.53726109179826,-10.983625936181113,2061.1729998017195,1908.6300170898437,1756.087034377968,0.1598455241152117,42.191763817521746,0.023586629397266804,48.25102637549069,6.4465352625900545,39.7987955235418,520764781.0,8864275.5,2038.5,1770.9000244140625,2174.5,1598.833904929244
2026-03-17,1797.0,1834.5,1791.0999755859375,1827.0,7181491,1898.5100158691407,1969.5320068359374,1974.6871795654297,1882.3251835756607,34.90525725738769,-51.69671777326607,-44.36915242809182,-7.32756534517425,2044.3706235739178,1898.5100158691407,1752.6494081643636,0.15365798071705392,42.44234862854698,0.023230623223068955,48.671213288842395,10.93226926916139,36.73783153205544,527946272.0,9336911.75,2038.5,1770.9000244140625,2174.5,1598.833904929244
2026-03-18,1826.800048828125,1869.0,1826.800048828125,1855.4000244140625,6428092,1890.2650146484375,1964.5400073242188,1974.7601251220703,1879.7608827031277,41.41007535038463,-47.41285993926931,-44.977893930327326,-2.4349660089419842,2025.943047308521,1890.2650146484375,1754.586981988354,0.14355450860980754,42.42503452449898,0.022865707645927654,47.78473556582956,15.964100801349492,34.12762286939484,534374364.0,9523188.1,2032.0,1770.9000244140625,2174.5,1598.833904929244
2026-03-19,1826.5999755859375,1861.300048828125,1816.300048828125,1827.0,7145082,1880.5250122070313,1958.9740063476563,1974.701483154297,1874.7360367314013,37.3866957619815,-45.781772587381965,-45.138669661738255,-0.64310292564371,2004.497821034772,1880.5250122070313,1756.5522033792906,0.13184914640645282,42.60896062989191,0.023321817531413196,47.12827865612615,14.759819345321755,33.31333568334963,527229282.0,9621034.8,2032.0,1770.9000244140625,2174.5,1598.833904929244
2026-03-20,1834.0,1860.9000244140625,1834.0,1846.0999755859375,7691633,1873.4000122070313,1954.2120068359375,1974.8018103027343,1872.0087928127857,41.503087643249714,-42.4584807682229,-44.60263188303519,2.1441511148122885,1987.711743521197,1873.4000122070313,1759.0882808928657,0.12203665054906909,41.986893757332666,0.022743564439952044,46.518711525687266,13.908604339574236,31.392118996225367,534920915.0,9869155.45,2000.5,1770.9000244140625,2174.5,1598.833904929244
2026-03-23,1827.0,1830.0,1792.0,1795.9000244140625,6874051,1864.3250122070312,1948.8040063476562,1974.4820513916015,1864.760338679574,34.99174111805952,-43.375459285234,-44.35719736347495,0.9817380782409515,1972.8413636468563,1864.3250122070312,1755.8086607672062,0.11641355528600762,42.8521138879473,0.023861079851551534,46.58953047122196,12.654365238536446,35.56208685901264,528046864.0,10018116.25,2000.5,1770.9000244140625,2174.5,1614.0070066934181
2026-03-24,1816.300048828125,1826.800048828125,1781.0,1802.0999755859375,7535860,1854.565008544922,1944.3040063476562,1974.1764331054687,1858.7926850516087,36.320540529977116,-43.10499951949214,-44.106757794678394,1.0017582751862548,1947.4772618137845,1854.565008544922,1761.6527552760595,0.10019843234480175,43.06268066938856,0.023895833334877603,46.80279293056939,11.693024804405226,34.68505082961531,535582724.0,10102803.75,1997.300048828125,1770.9000244140625,2174.5,1614.0070066934181
2026-03-25,1814.0,1849.199951171875,1810.0999755859375,1834.9000244140625,12473682,1849.260009765625,1940.1220068359376,1974.0774584960936,1856.5171935623187,42.962856961154365,-39.78534766523444,-43.24247576878961,3.4571281035551706,1933.5408232993675,1849.260009765625,1764.9791962318825,0.09115085286943965,43.351058877713484,0.02362584244422622,46.1522664642536,14.47636273579209,31.993297420578973,548056406.0,10293152.85,1961.800048828125,1770.9000244140625,2174.5,1632.4527924932477
2026-03-27,1839.9000244140625,1856.9000244140625,1818.4000244140625,1843.9000244140625,24490425,1845.785009765625,1936.4620068359375,1974.0487725830078,1855.315558405342,44.66833691495252,-36.01313783451724,-41.79660818193514,5.783470347417904,1924.7654543242813,1845.785009765625,1766.8045652069688,0.08557924583934622,43.00455467216252,0.02332260648775039,45.26728233042087,14.829593358707642,29.947431149498993,572546831.0,10416498.9,1935.0,1770.9000244140625,2174.5,1646.237677388042
2026-03-30,1818.0,1824.5,1774.5,1782.4000244140625,14240129,1838.4250122070312,1931.6600073242187,1973.7522552490234,1848.3712218347441,36.61212196184665,-37.55327955877533,-40.94794245730318,3.394662898527848,1912.0441261717112,1838.4250122070312,1764.805898242351,0.08008933024284766,44.88994536801252,0.025185112630802066,45.1514283279459,13.191978564335617,33.6257126659331,558306702.0,11226760.4,1929.0999755859375,1770.9000244140625,2174.5,1646.237677388042
2026-04-01,1811.0,1817.300048828125,1776.5,1781.9000244140625,10694662,1833.5550109863282,1926.8480078125,1973.4378662109375,1842.040631604203,36.55439875120343,-38.37187174092878,-40.4327283140283,2.060856573099521,1908.5867870457412,1833.5550109863282,1758.5232349269152,0.08184295056307146,44.5978099008777,0.025028233509084036,45.043849611362,12.3299353212117,31.42840630604714,547612040.0,11399015.45,1929.0999755859375,1770.9000244140625,2174.5,1646.237677388042
2026-04-02,1765.0,1799.4000244140625,1746.9000244140625,1789.699951171875,10857093,1829.3800109863282,1922.3140063476562,1973.2418139648437,1837.0558048963621,38.191512657200924,-37.953716225002154,-39.93692589622307,1.9832096712209193,1904.4156952734238,1829.3800109863282,1754.3443266992326,0.08203400478464763,45.162252050815006,0.025234538348868636,45.36453561781519,11.30613213702772,33.500310809158506,558469133.0,11246016.15,1929.0999755859375,1746.9000244140625,2174.5,1646.237677388042
2026-04-06,1812.0999755859375,1814.300048828125,1763.4000244140625,1792.800048828125,8183498,1823.7250122070313,1917.9700073242188,1973.0801043701172,1832.8409709851014,38.86670070908138,-36.94627928439013,-39.338796573856484,2.3925172894663547,1891.5408960909733,1823.7250122070313,1755.9091283230894,0.07437073399774531,45.572092933904116,0.025419506745156886,45.089769172385886,12.73952823025475,30.827674790854875,566652631.0,11199582.9,1929.0999755859375,1746.9000244140625,2174.5,1646.237677388042
2026-04-07,1788.0999755859375,1840.0,1772.0,1830.300048828125,10057628,1819.8900146484375,1914.6560083007812,1973.0022607421874,1832.5989783987227,46.4824621952293,-32.744483626823694,-38.01993398444993,5.275450357626234,1876.1204937926934,1819.8900146484375,1763.6595355041816,0.061795469717018485,47.174086295768106,0.025773963305072284,43.919272343356965,15.319193907066648,27.653592743479727,576710259.0,10580478.55,1902.0999755859375,1746.9000244140625,2174.5,1646.237677388042
2026-04-08,1864.0,1871.5,1840.199951171875,1861.5999755859375,11587604,1819.4300109863282,1911.9660083007811,1973.1131475830077,1835.3609781308382,51.87176037772103,-26.58246171925407,-35.73243953141076,9.149977812156692,1874.1163733042054,1819.4300109863282,1764.743648668451,0.06011373011070786,46.74736235834717,0.02511138964945112,41.850871421036054,19.16792130344258,25.912735668830184,588297863.0,10513424.1,1881.0,1746.9000244140625,2174.5,1655.5597602389971
2026-04-09,1869.9000244140625,1869.9000244140625,1846.0999755859375,1859.4000244140625,10113053,1819.0650146484375,1909.110009765625,1973.1579943847655,1837.6504111101929,51.479365187602895,-21.62722742111714,-32.91139710935204,11.284169688234897,1872.5691853261433,1819.0650146484375,1765.5608439707316,0.05882601253594702,45.10826853475987,0.024259582630141392,39.93021342173807,18.445536380972175,24.936157705534708,578184810.0,10547961.35,1881.0,1746.9000244140625,2174.5,1655.5597602389971
2026-04-10,1868.0,1874.5999755859375,1859.9000244140625,1870.0,5857988,1820.0450134277344,1906.8160107421875,1973.2008013916015,1840.7313243377935,53.31199404375005,-16.652875118899374,-29.659692711261506,13.006817592362133,1876.4484944251851,1820.0450134277344,1763.6415324302836,0.061980314312363866,42.97196015169667,0.02297965783513191,37.99778794509776,18.76073172527889,24.30613162374243,584042798.0,10649938.1,1874.5999755859375,1746.9000244140625,2174.5,1655.5597602389971
2026-04-13,1838.0,1893.699951171875,1838.0,1870.9000244140625,10371983,1823.2400146484374,1904.7660107421875,1972.9520837402345,1843.6045338688666,53.472684524619204,-12.494017377648106,-26.22655764453883,13.732540266890723,1883.437460531519,1823.2400146484374,1763.0425687653558,0.06603348478471067,43.88110236742369,0.02345454155476137,36.72260592776906,17.059752448047693,25.667199294066325,594414781.0,10355757.5,1893.699951171875,1746.9000244140625,2174.5,1655.5597602389971
2026-04-15,1880.5,1890.9000244140625,1853.5999755859375,1855.699951171875,11049107,1825.960009765625,1902.7260107421876,1972.6293487548828,1844.7564783739151,50.322587966397386,-10.305812541256728,-23.042408623882412,12.736596082625685,1886.858253359987,1825.960009765625,1765.0617661712631,0.0667027133876592,43.411027114616644,0.02339334389010603,35.53850834024955,16.012734737172682,24.091911942665078,583365674.0,10396936.45,1893.699951171875,1746.9000244140625,2174.5,1655.5597602389971
2026-04-16,1863.5,1864.9000244140625,1823.199951171875,1840.5999755859375,15871247,1827.8200073242188,1900.180009765625,1972.244501953125,1844.3606209655363,47.339081693749755,-9.678518342491998,-20.36963056760433,10.691112225112331,1888.1178749584706,1827.8200073242188,1767.522139689967,0.06597790525613409,43.28881612372885,0.023518861620080305,35.11440863574609,14.910945355428154,27.450364262139896,567494427.0,10303255.05,1893.699951171875,1746.9000244140625,2174.5,1692.6496174698434
2026-04-17,1837.0999755859375,1851.4000244140625,1829.699951171875,1846.9000244140625,7344787,1830.7250061035156,1897.7440112304687,1971.7324822998046,1844.602468913015,48.70551063545015,-8.574184025632121,-18.010541259209887,9.436357233577766,1888.7799348161516,1830.7250061035156,1772.6700773908797,0.06342288275856252,41.74676306076161,0.022603694032656673,34.720601767278595,14.35732055641919,26.431166482582768,574839214.0,10648278.8,1893.699951171875,1746.9000244140625,2174.5,1697.409823583095
2026-04-20,1865.0,1865.0,1839.199951171875,1846.0999755859375,9243641,1831.6800048828125,1895.3580102539063,1970.97498046875,1844.7450885961505,48.53328587835921,-7.675074891582426,-15.943447985684397,8.268373094101971,1890.085736282892,1831.6800048828125,1773.274273482733,0.06377285469556261,40.607712044144705,0.021996485878970958,33.81910189879931,16.097978633037954,25.231666346300393,565595573.0,10302454.75,1893.699951171875,1746.9000244140625,2174.5,1717.9877897262502
2026-04-21,1830.0,1868.9000244140625,1830.0,1855.0,10485373,1831.6600036621094,1892.5120092773439,1970.198510131836,1845.7217468250885,50.6249152048465,-6.173205959890765,-13.98939958052567,7.816193620634905,1890.0334944719236,1831.6600036621094,1773.2865128522951,0.06373834739319072,40.48573435628169,0.021825193723062904,33.20713158985531,14.993159558582427,25.123131961695222,576080946.0,10405562.25,1893.699951171875,1746.9000244140625,2174.5,1746.9000244140625
2026-04-22,1850.199951171875,1857.9000244140625,1825.300048828125,1829.0,5687058,1831.7600036621093,1888.5760083007813,1969.378814086914,1844.1291995084134,44.88592722623895,-7.0002521705607705,-12.591570098532692,5.591317927971922,1890.1080664096744,1831.7600036621093,1773.4119409145442,0.0637071042395444,39.92246587268568,0.021827482707865324,32.75513607133962,14.118649027658057,24.498674450694697,570393888.0,10608426.3,1893.699951171875,1746.9000244140625,2174.5,1746.9000244140625
2026-04-23,1821.800048828125,1846.0,1812.0999755859375,1841.199951171875,7489947,1831.5150024414063,1885.5520068359374,1968.5715240478517,1843.850223476362,47.872072244646354,-6.5952324168270025,-11.392302562191556,4.797070145364554,1889.6609557558322,1831.5150024414063,1773.3690491269804,0.0634949244062074,39.49229148278402,0.021449213844291177,32.65816052861642,13.25297819715138,25.38402202441301,577883835.0,10535525.1,1893.699951171875,1746.9000244140625,2174.5,1746.9000244140625
2026-04-24,1845.0,1850.699951171875,1807.300048828125,1814.5,6306448,1832.445001220703,1881.0740063476562,1967.5618103027343,1841.054964097661,42.45113085874361,-8.332660538959544,-10.780374157545154,2.4477136185856097,1888.8516411274018,1832.445001220703,1776.0383613140043,0.0615643469453357,39.77140654428159,0.021918658883594153,32.68388386395987,12.219971232210712,24.267513860837713,571577387.0,10525440.8,1893.699951171875,1746.9000244140625,2174.5,1746.9000244140625
2026-04-27,1816.0999755859375,1828.4000244140625,1814.0,1820.0999755859375,4413769,1833.3450012207031,1876.7120068359375,1966.649515991211,1839.0592509060682,43.88636010268705,-9.15221260455587,-10.454741846947297,1.3025292423914259,1888.3430451949544,1833.3450012207031,1778.346957246452,0.05999748431160711,37.95916496355166,0.020855538416966142,32.70776981820736,11.888848706480118,23.609941078536732,575991156.0,10497060.65,1893.699951171875,1746.9000244140625,2174.5,1746.9000244140625
2026-04-28,1826.0,1852.0,1812.5999755859375,1843.800048828125,10558455,1833.7900024414062,1873.3620068359376,1965.8661352539064,1839.5107554700737,49.61360798150305,-7.7994089488279315,-9.923675267323425,2.1242663184954935,1888.9748800920477,1833.7900024414062,1778.6051247907646,0.060186692671648806,38.062083495731,0.020643281531488377,31.60189039604498,15.438644302771214,21.86423629933368,586549611.0,10340956.1,1893.699951171875,1746.9000244140625,2174.5,1746.9000244140625
2026-04-29,1848.0,1900.4000244140625,1845.4000244140625,1888.0999755859375,7713013,1836.0,1870.8820068359375,1965.2214459228517,1844.1383002430132,58.20133045499107,-3.1167406002830376,-8.562288333915347,5.44554773363231,1895.9608746785327,1836.0,1776.0391253214673,0.06531685694829271,39.38621864503147,0.02086024000546299,29.853728280914666,22.631471219745478,19.619950129992915,594262624.0,10245194.75,1900.4000244140625,1746.9000244140625,2174.5,1746.9000244140625
2026-04-30,1860.0,1906.0,1860.0,1886.800048828125,12709188,1841.2200012207031,1868.3280078125,1964.5895959472657,1848.2013239177859,57.88953815681543,0.4838372032274947,-6.75306322648678,7.236900429714274,1899.767847951932,1841.2200012207031,1782.6721544894742,0.06359679635503905,39.85863159895779,0.0211249897007972,28.397819989571335,21.769406434748984,18.002595297650778,581553436.0,9406324.15,1906.0,1746.9000244140625,2174.5,1746.9000244140625
2026-05-01,1886.800048828125,1886.800048828125,1886.800048828125,1886.800048828125,0,1846.4650024414063,1865.970009765625,1964.0088189697265,1851.8773929568658,57.88953815681544,3.299288904516743,-4.742592800286075,8.041881704802819,1901.5063180502616,1846.4650024414063,1791.423686832551,0.059618043706302935,37.01158648474652,0.01961606186502597,27.045905147609673,21.76940643474898,18.002595297650775,581553436.0,9329777.1,1906.0,1746.9000244140625,2174.5,1746.9000244140625
2026-05-04,1873.199951171875,1895.300048828125,1821.699951171875,1827.0999755859375,10707858,1848.3350036621093,1861.9240087890626,1963.403253173828,1849.5176389215394,45.03841889935371,0.705129392993058,-3.6530483616302485,4.3581777546233065,1897.7931217984474,1848.3350036621093,1798.8768855257713,0.05351640047756125,39.62505156842534,0.021687401947295126,26.42240283706119,18.881207508461586,27.34916626803508,570845578.0,8795044.0,1906.0,1763.4000244140625,2174.5,1746.9000244140625
2026-05-05,1828.0,1846.0,1801.0,1806.0999755859375,11407461,1849.0,1857.6400073242187,1962.9039215087892,1845.3826233657678,41.54471742917684,-3.0105811005710166,-3.5245549094184025,0.513973808847386,1895.7361727862562,1849.0,1802.2638272137438,0.05055291810303542,40.00897645639496,0.022152138307523755,26.310025672026907,17.364308028939615,28.847549005148803,559438117.0,8787582.25,1906.0,1772.0,2174.5,1746.9000244140625
2026-05-06,1817.0,1841.5,1813.800048828125,1833.699951171875,5507749,1849.1699951171875,1853.8780053710936,1962.5475482177735,1844.2699879187305,47.32778570090929,-3.68573422000577,-3.556790771535876,-0.12894344846989414,1895.656927876941,1849.1699951171875,1802.683062357434,0.05027870112807823,39.67976559622836,0.021639181247111852,26.205675447352217,16.257776203962965,27.00925340514153,564945866.0,8948780.4,1906.0,1801.0,2174.5,1746.9000244140625
2026-05-07,1835.0,1843.9000244140625,1821.199951171875,1826.5999755859375,7914845,1847.4199951171875,1850.6380053710936,1962.0897265625,1842.5871296013217,46.06525803344119,-4.739077488868361,-3.793248115002373,-0.9458293738659878,1894.534379235494,1847.4199951171875,1800.3056109988809,0.05100560158797889,38.466930428082584,0.021059307424847164,26.013902371840956,16.018145012512736,25.8707763814256,557031021.0,8721286.45,1906.0,1801.0,2174.5,1746.9000244140625
2026-05-08,1820.0,1840.800048828125,1815.199951171875,1834.5,4839183,1846.1749938964845,1847.7800048828126,1961.6595043945313,1841.8169267821484,47.73590398569514,-4.8801384728797075,-4.0106261865778405,-0.8695122863018669,1893.2732540879606,1846.1749938964845,1799.0767337050083,0.051022530742951815,37.54787094438026,0.020467632022011586,25.987942162988386,15.238062592241953,25.75227165619901,561870204.0,8537648.5,1906.0,1801.0,2174.5,1746.9000244140625
2026-05-11,1814.0,1819.800048828125,1756.0,1759.800048828125,15803791,1840.6649963378907,1843.0300048828126,1960.8890045166015,1834.005795548432,36.28941384007951,-10.894012688048178,-5.387303486871908,-5.50670920117627,1899.617569348974,1840.6649963378907,1781.7124233268073,0.06405573325767905,40.473023019781664,0.0229986486514381,27.176380761846552,13.126977542355158,32.63241322300172,546066413.0,8273955.0,1906.0,1756.0,2174.5,1746.9000244140625
2026-05-12,1751.5,1776.5,1751.5,1756.800048828125,11945399,1834.9599975585938,1839.346005859375,1960.1680047607422,1826.652867289355,35.9169261122679,-15.72090544707703,-7.454023878912933,-8.266881568164097,1902.5547630360315,1834.9599975585938,1767.3652320811561,0.07367437499168618,39.36780708979726,0.022408814888215417,28.355122165007476,12.531540990043123,31.968690469352065,534121014.0,8771245.15,1906.0,1751.5,2174.5,1746.9000244140625
2026-05-13,1740.5,1798.0,1740.5,1789.199951171875,9825413,1831.6349975585938,1836.8620043945311,1959.5680047607423,1823.085922897214,42.75138491967141,-16.738895821206825,-9.310998267371712,-7.427897553835113,1901.3314612697218,1831.6349975585938,1761.9385338474658,0.07610300502450233,40.662963726240314,0.022726897404399787,28.564392399267245,15.04248928669401,28.739708450299652,543946427.0,8849915.95,1906.0,1740.5,2174.5,1740.5
2026-05-14,1820.0,1889.199951171875,1797.300048828125,1883.5,21279151,1833.7799987792969,1835.9400048828124,1959.4515045166015,1828.8396445260507,57.09408365438844,-9.823198961985781,-9.413438406294526,-0.40976055569125514,1906.9996304523156,1833.7799987792969,1760.5603671062781,0.07985650592956547,44.90132346008029,0.02383930101411218,26.940152044062774,27.157541331698095,24.167824684549117,565225578.0,8788731.25,1906.0,1740.5,2174.5,1740.5
2026-05-15,1883.199951171875,1922.9000244140625,1880.4000244140625,1905.4000244140625,15807294,1836.7049987792968,1836.4620043945313,1959.2595043945312,1836.1311092772899,59.62400212005812,-2.5459621650413737,-8.039943158043895,5.493980993002522,1916.1930517318383,1836.7049987792968,1757.2169458267554,0.08655505702371419,44.72980035578884,0.023475280666874078,26.112086257862057,30.69594909181171,22.527606975863797,581032872.0,9059126.45,1922.9000244140625,1740.5,2174.5,1740.5
2026-05-18,1904.800048828125,1953.800048828125,1890.4000244140625,1938.0999755859375,13888648,1841.304998779297,1837.7600048828126,1959.2695043945312,1845.8424298781133,63.12070802175378,5.793133563256106,-5.2733278137838955,11.066461377040001,1932.2568855583538,1841.304998779297,1750.3531120002401,0.09879068034828982,46.063387788522675,0.023767291867694558,25.892073211670873,32.46971373361375,20.312878066683748,594921520.0,9482251.8,1953.800048828125,1740.5,2174.5,1740.5
2026-05-19,1928.4000244140625,1942.0,1907.800048828125,1913.5,8962228,1844.229998779297,1837.9120043945313,1959.147504272461,1852.2860079849597,58.982331258947276,10.298203291525397,-2.1590215927220373,12.457224884247434,1940.370189320167,1844.229998779297,1748.089808238427,0.10426052130645912,45.21599945876213,0.0236299971041349,25.68777538306477,30.71549487690904,19.215448196163166,585959292.0,9714502.15,1953.800048828125,1740.5,2174.5,1740.5
2026-05-20,1914.0,1914.0,1897.699951171875,1904.9000244140625,5778742,1848.025,1837.8700048828125,1959.2205041503905,1857.2968666924933,57.56151599485091,13.024419945946192,0.8776667150116086,12.146753230934584,1947.3985776236086,1848.025,1748.6514223763916,0.10754570703708935,43.15057441371662,0.02265240897720578,25.205711484775843,29.886729107149602,20.36887932696925,580180550.0,9638344.9,1953.800048828125,1740.5,2174.5,1740.5
2026-05-21,1911.0,1915.300048828125,1880.800048828125,1885.300048828125,6419014,1850.2300048828124,1838.1600048828125,1959.0555041503906,1859.9638364196962,54.34826703050866,13.448387421090501,3.391810856227387,10.056576564863114,1950.8492343487,1850.2300048828124,1749.6107754169248,0.1087640230677813,42.53267624130829,0.022560162912925175,24.277594145203917,28.155132459724285,22.026871629830598,573761536.0,9642929.1,1953.800048828125,1740.5,2174.5,1740.5
2026-05-22,1891.300048828125,1896.5999755859375,1869.300048828125,1871.4000244140625,5099120,1853.0750061035155,1838.2540063476563,1958.7495043945312,1861.0529971810645,52.125926258142634,12.518463838146317,5.217141452611173,7.301322385535144,1952.7051245724367,1853.0750061035155,1753.4448876345944,0.10752950435440248,41.444622706772876,0.022146319421871993,23.09679453418436,26.830416310443802,22.972484598186327,568662416.0,9589382.45,1953.800048828125,1740.5,2174.5,1740.5
2026-05-25,1892.5,1892.5,1863.0999755859375,1874.800048828125,5903841,1855.810009765625,1838.7420068359374,1958.5520043945312,1862.3622401950702,52.63610634892768,11.918457692652282,6.557404700619395,5.361052992032887,1954.6693264472328,1855.810009765625,1756.950693084017,0.10654034212704035,40.584294257293564,0.021647265415136646,21.826523812570997,25.442097945628596,22.87500796725741,574566257.0,9529016.05,1953.800048828125,1740.5,2174.5,1740.5
2026-05-26,1874.0,1874.0,1844.800048828125,1846.9000244140625,5803034,1855.9650085449218,1839.5400073242188,1958.3645043945312,1860.8896482159266,48.10579786521868,9.086901554830774,7.063304071461672,2.0235974833691026,1954.7582174801369,1855.9650085449218,1757.1717996097068,0.10646020639437485,39.82827323891545,0.021564931892591833,20.391825896026024,24.073251724628182,24.926211338545638,568763223.0,9603519.65,1953.800048828125,1740.5,2174.5,1740.5
2026-05-27,1840.4000244140625,1869.4000244140625,1840.4000244140625,1852.199951171875,8653155,1854.1700073242187,1840.5580053710937,1958.052504272461,1860.0620580212549,49.003707417938074,7.187677637732804,7.088178784715899,0.09949885301690564,1951.8609174655762,1854.1700073242187,1756.479097182861,0.1053742750184346,39.05482515042149,0.021085642036493824,19.179254789452234,22.796430711154798,24.408884210551058,577416378.0,9365748.6,1953.800048828125,1740.5,2174.5,1740.5
2026-05-28,1852.199951171875,1852.199951171875,1852.199951171875,1852.199951171875,0,1852.4400024414062,1841.53400390625,1957.6545037841797,1859.3132859403615,49.003707417938074,5.617770835018064,6.794097194776333,-1.176326359758269,1948.9769101980148,1852.4400024414062,1755.9030946847977,0.10422675782144485,36.265194782534245,0.019579524748172837,18.053295904776572,22.796430711154795,24.408884210551058,577416378.0,9412755.7,1953.800048828125,1740.5,2174.5,1740.5
2026-05-29,1860.0,1860.0,1818.5,1829.0,52886264,1849.55,1842.3380029296875,1957.1510040283204,1856.4263063269937,45.04672982260402,2.4730583367299914,5.929889423167064,-3.456831086437073,1945.2564798648125,1849.55,1753.8435201351874,0.10349163836047962,36.639109440924656,0.020032317900997625,17.915052999388074,20.952086377329337,29.003947593476035,524530114.0,8777296.3,1953.800048828125,1740.5,2174.5,1740.5
2026-06-01,1830.0,1842.0,1803.9000244140625,1810.5999755859375,6391656,1848.725,1842.0100024414062,1956.5910040283204,1852.0618938754644,42.14037232826645,-1.4867389680277938,4.446563744928093,-5.933302712955887,1945.4701701597892,1848.725,1751.9798298402106,0.1046615047232977,36.74345702271129,0.020293525636893125,18.13306635860881,19.400257165246206,29.693959390614516,518138458.0,11421609.5,1953.800048828125,1740.5,2174.5,1740.5
2026-06-02,1785.0,1825.0,1777.4000244140625,1814.199951171875,10791294,1849.1299987792968,1841.1860009765626,1956.36900390625,1848.4559945703606,42.916374880372054,-4.285023829936563,2.700246229955162,-6.985270059891725,1945.2236463906693,1849.1299987792968,1753.0363511679243,0.10393390153727289,37.518922634370306,0.02068069873452213,18.90866582210497,17.64218854549197,32.04813957325299,528929752.0,11205799.4,1953.800048828125,1740.5,2174.5,1740.5
2026-06-03,1829.9000244140625,1835.5,1804.9000244140625,1824.0999755859375,5832363,1848.65,1841.1280004882813,1956.2025036621094,1846.1363737147014,45.09711577747543,-5.638834536806826,1.0324300766027645,-6.6712646134095905,1945.1422310568303,1848.65,1752.15776894317,0.10439210348830787,37.02471213091082,0.020297523505540174,19.24627177350299,18.626375731108638,30.156213435903673,534762115.0,11174991.05,1953.800048828125,1740.5,2174.5,1740.5
2026-06-04,1815.0,1829.800048828125,1798.4000244140625,1818.9000244140625,6735759,1848.2650024414063,1840.5840014648438,1956.0455035400391,1843.5424356860692,44.143212928131724,-7.050063138101905,-0.5840685663381694,-6.465994571763735,1945.1666497751066,1848.2650024414063,1751.363355107706,0.10485687626579654,36.622948722564516,0.02013466833305595,19.70669615353765,17.485661130207596,29.577134999959327,528026356.0,11191221.75,1953.800048828125,1740.5,2174.5,1740.5
2026-06-05,1824.9000244140625,1827.800048828125,1790.699951171875,1798.199951171875,3926715,1846.45,1840.63,1955.6995031738281,1839.2241038275745,40.47310215917174,-9.726671866264041,-2.4125892263233437,-7.314082639940698,1945.6475762497118,1846.45,1747.2524237502882,0.1074468046789372,36.65703078925634,0.020385403061193054,20.31057387769117,16.22158919181908,28.939355823584165,524099641.0,11132267.45,1953.800048828125,1740.5,2174.5,1740.5
2026-06-08,1775.0999755859375,1820.0999755859375,1771.0,1813.300048828125,6324919,1849.125,1840.8540014648438,1955.3970031738281,1836.7551462085794,44.122685732793045,-10.508318528385644,-4.031735086735804,-6.47658344164984,1941.4812541398212,1849.125,1756.7687458601788,0.09989184521308317,37.54581256044785,0.020705791402097214,21.301640879951574,14.706336264857022,29.983933891459372,530424560.0,11086644.05,1953.800048828125,1740.5,2174.5,1740.5
2026-06-09,1837.0,1837.0,1789.199951171875,1799.0,10377475,1851.2349975585937,1840.1360009765624,1954.9305029296875,1833.1594179982385,41.52615070198338,-12.14171147755178,-5.653730364898999,-6.487981112652781,1936.7311560873388,1851.2349975585937,1765.7388390298486,0.09236661865349062,38.278258008139076,0.021277519737709326,21.532726833772266,16.548185362985826,27.309469925581098,520047085.0,10612700.45,1953.800048828125,1740.5,2174.5,1740.5
2026-06-10,1799.0,1807.699951171875,1771.0,1775.199951171875,7999362,1850.5349975585937,1838.7619995117188,1954.2580029296876,1827.6394687766801,37.56401568752371,-15.181647609454785,-7.559313813810157,-7.622333795644628,1938.2517541273244,1850.5349975585937,1762.818240989863,0.09480151057338036,38.165521805548785,0.02149928056293282,22.162213130798563,15.411561883255755,28.839906795792345,512047723.0,10534304.25,1953.800048828125,1771.0,2174.5,1740.5
2026-06-11,1773.0,1796.0,1768.5999755859375,1782.5999755859375,5020731,1845.4899963378907,1838.7659985351563,1953.5290026855469,1823.3499932347047,39.49698344932114,-16.800038385072412,-9.40745872806261,-7.392579657009803,1936.5839939368714,1845.4899963378907,1754.39599873891,0.09872066256630334,37.396557706156905,0.020978659384231574,22.80053493198827,14.604999542147706,27.78898556773053,517068454.0,10443001.7,1953.800048828125,1768.5999755859375,2174.5,1740.5
2026-06-12,1784.0,1825.0,1784.0,1822.5,5910557,1841.3449951171874,1839.577998046875,1952.9920025634765,1823.2690414980661,48.71620939023812,-14.693647006613219,-10.464696383772733,-4.228950622840486,1928.621899001264,1841.3449951171874,1754.0680912331109,0.0947969056483324,37.75394818529302,0.02071547225530481,22.238175309611933,18.920059427979016,25.55978888169115,522979011.0,9630080.7,1953.800048828125,1768.5999755859375,2174.5,1740.5
2026-06-15,1841.0,1857.0,1816.0,1841.199951171875,5307277,1836.4999938964843,1840.607998046875,1952.5315020751952,1824.9767471812859,52.37865420454667,-11.38415740571486,-10.648588588161159,-0.7355688175537001,1911.6735315458693,1836.4999938964843,1761.3264562470993,0.08186609082408985,37.98580902920066,0.02063100697185208,20.66651014719099,23.478674540550696,23.589219625638282,528286288.0,9135243.85,1942.0,1768.5999755859375,2174.5,1740.5
2026-06-16,1840.199951171875,1859.199951171875,1837.199951171875,1853.0,5957732,1833.4749938964844,1841.8119970703126,1952.143002319336,1827.6456284021158,54.58279527870689,-7.720204023785072,-10.062911675285942,2.34270765150087,1900.4310101685003,1833.4749938964844,1766.5189776244686,0.07303728329528132,36.8439655271149,0.01988341366816778,19.240685903839207,22.903787371178506,22.583117997675593,534244020.0,8706175.3,1915.300048828125,1768.5999755859375,2174.5,1740.5
2026-06-17,1853.0,1878.0,1841.5,1875.699951171875,7653632,1832.014990234375,1842.7199951171874,1951.998002319336,1832.2222305706644,58.55670337789139,-2.950783428519344,-8.640486025932624,5.68970259741328,1893.747186685978,1832.014990234375,1770.2827937827722,0.06739267613056522,36.8193965608924,0.019629683595123446,18.480105631946373,24.929149663263328,20.984031095686802,541897652.0,8555950.5,1915.300048828125,1768.5999755859375,2174.5,1740.5
2026-06-18,1878.800048828125,1878.800048828125,1861.800048828125,1874.800048828125,4262944,1831.489990234375,1842.9839965820313,1951.9665026855469,1836.2772608808987,58.338776959423576,0.7477821891079657,-6.762832382924507,7.510614572032472,1891.5567392112055,1831.489990234375,1771.4232412575445,0.06559331396525268,35.40372537797151,0.01888400066988541,17.79753539735687,24.23553689916525,20.26431561615498,537634708.0,8649695.0,1896.5999755859375,1768.5999755859375,2174.5,1740.5
2026-06-19,1874.300048828125,1917.5,1867.199951171875,1910.800048828125,15918432,1833.4599914550781,1844.0119970703124,1952.076502685547,1843.374669256825,64.09548413516896,6.508791921561169,-4.108507522027372,10.617299443588541,1900.7797183305734,1833.4599914550781,1766.140264579583,0.07343462872300657,36.467748481553905,0.019085067798652832,18.197598098904628,29.427886966130313,18.267842984460565,553553140.0,8541891.5,1917.5,1768.5999755859375,2174.5,1740.5
2026-06-22,1915.800048828125,1924.5,1901.0,1917.5,1597540,1835.594989013672,1844.9619970703125,1952.1610028076173,1850.434224565699,65.06305085395604,11.482698307746205,-0.9902663560726568,12.47296466381886,1910.3242156041779,1835.594989013672,1760.865762423166,0.08142234756334842,35.541480732871484,0.018535322416099863,18.733383996973178,29.44485839565397,17.40507985070671,555150680.0,9082857.1,1924.5,1768.5999755859375,2174.5,1740.5
