Date,open,high,low,close,volume,sma_20,sma_50,sma_200,ema_20,rsi_14,macd,macd_signal,macd_hist,bb_upper,bb_mid,bb_lower,bb_width,atr_14,atr_pct,adx_14,plus_di,minus_di,obv,avg_volume_20,recent_high_20,recent_low_20,recent_high_52w,recent_low_52w
2021-06-22,2332.41409281815,2347.09516992996,2298.651753778499,2306.61767578125,1945883,,,,2306.61767578125,,0.0,0.0,0.0,,,,,,,,,,0.0,,,,,
2021-06-23,2311.016941420423,2328.6158680284343,2276.930554131086,2297.586181640625,1035668,,,,2305.757533482143,,-0.7204610710468842,-0.14409221420937685,-0.5763688568375074,,,,,,,,,,-1035668.0,,,,,
2021-06-24,2306.3855656280107,2320.094247952419,2291.6581337964762,2306.5244140625,759681,,,,2305.8305697278915,,-0.5636931007943531,-0.2280123915263721,-0.335680709267981,,,,,,,,,,-275987.0,,,,,
2021-06-25,2304.532862197859,2306.3390223888828,2264.703717071449,2268.08447265625,1112942,,,,2302.235703340116,,-3.500879411769347,-0.8825857955749671,-2.61829361619438,,,,,,,,,,-1388929.0,,,,,
2021-06-28,2269.4273899760024,2283.2285593728043,2257.5712289026796,2278.782470703125,694906,,,,2300.002062136593,,-4.908796142705796,-1.687827865001133,-3.2209682777046633,,,,,,,,,,-694023.0,,,,,
2021-06-29,2273.966959156118,2313.332985943953,2264.704364617804,2308.748046875,1354397,,,,2300.8350130640606,,-3.565507776962477,-2.063363847393402,-1.5021439295690748,,,,,,,,,,660374.0,,,,,
2021-06-30,2308.7474615286023,2320.2793435775648,2281.376456379857,2289.064453125,1447245,,,,2299.714007355579,,-4.042642515745229,-2.4592195810637674,-1.5834229346814612,,,,,,,,,,-786871.0,,,,,
2021-07-01,2300.827818789725,2300.827818789725,2281.376375877251,2295.270263671875,735043,,,,2299.2907936714164,,-3.875345614861544,-2.742444787823323,-1.1329008270382213,,,,,,,,,,-51828.0,,,,,
2021-07-02,2295.270509043941,2308.8864753107655,2271.1877676254007,2303.884765625,860231,,,,2299.7283148098527,,-3.0129123245765186,-2.7965382951739626,-0.216374029402556,,,,,,,,,,808403.0,,,,,
2021-07-05,2314.721952355138,2328.0599955991747,2301.800680561692,2314.768310546875,761700,,,,2301.160695356236,,-1.434678529878056,-2.524166342114781,1.089487812236725,,,,,,,,,,1570103.0,,,,,
2021-07-06,2306.385808344919,2313.749525035621,2286.9343617685163,2290.17626953125,461782,,,,2300.1145595633798,,-2.1435792158495133,-2.448048916861728,0.3044697010122146,,,,,,,,,,1108321.0,,,,,
2021-07-07,2276.745666384452,2307.1270207484195,2265.4917048270363,2298.651611328125,623145,,,,2299.9752311600223,,-1.9984618411094743,-2.358131501711277,0.35966966060180283,,,,,,,,,,1731466.0,,,,,
2021-07-08,2280.635525798011,2287.628828503072,2258.636868169932,2267.06591796875,1114426,,,,2296.8410108560915,,-4.381647848643752,-2.762834771097772,-1.6188130775459797,,,,,,,,,,617040.0,,,,,
2021-07-09,2260.0728423339224,2282.766196693423,2258.6370950959154,2270.678466796875,538094,,,,2294.349339993309,,-5.910702530950857,-3.3924083230683895,-2.5182942078824677,,,,,35.75692537718208,0.01574724290560718,,11.23145155001192,21.806086620372852,1155134.0,,,,,
2021-07-12,2272.113988899275,2278.5050874061126,2250.810025693126,2263.91650390625,543898,,,,2291.450974651684,40.18310972214739,-7.5807372558747375,-4.230074109629659,-3.350663146245078,,,,,35.181077972596675,0.01553991850489798,,10.59991128192015,22.169078067382742,611236.0,,,,,
2021-07-13,2273.9669505906536,2274.476438515854,2250.810464332093,2257.016357421875,994396,,,,2288.1714872964644,38.85553189254488,-9.35321788804822,-5.254702865313372,-4.098515022734849,,,,,34.35857055910842,0.015223004674345928,,10.078400257230605,21.07836906880243,-383160.0,,,,,
2021-07-14,2259.8877145417077,2261.323461829811,2231.3588799811064,2236.777587890625,1377829,,,,2283.276830210194,35.18380989754469,-12.249812899930475,-6.653724872236793,-5.596088027693682,,,,,34.04471422265102,0.015220428891527213,,9.444790152093246,23.834311720551412,-1760989.0,,,,,
2021-07-15,2246.178759386968,2246.178759386968,2223.9485366136537,2234.461669921875,693792,,,,2278.6277673255922,34.77880954999043,-14.564371531818779,-8.235854204153192,-6.328517327665587,,,,,33.20082197626983,0.014858532783617028,,8.99308061894996,24.28867284127423,-2454781.0,,,,,
2021-07-16,2241.547280408254,2250.809872476057,2228.5796515133306,2239.138916015625,545405,,,,2274.8669243436907,36.37180260402492,-15.838682776881797,-9.756419918698914,-6.082262858182883,,,,,32.41720761815959,0.014477533031243772,,9.57300441108743,23.098955131309708,-1909376.0,,,,,
2021-07-19,2223.0687293473416,2238.7687796161094,2221.632982171799,2231.034423828125,463873,2277.9124389648437,,,2270.6924004850653,34.786346405036554,-17.303089165869096,-11.265753768132951,-6.037335397736145,2331.204943682182,2277.9124389648437,2224.619934247505,0.04679065253408626,31.35211663427861,0.0140527265287476,,9.191202023293293,23.760332564084624,-2373249.0,,2347.09516992996,2221.632982171799,,
2021-07-20,2225.801052204124,2278.597831220202,2225.801052204124,2255.3486328125,1061476,2275.348986816406,,,2269.2310892781543,42.83687515393513,-16.313634888791057,-12.275329992264572,-4.038304896526485,2327.797369602314,2275.348986816406,2222.900604030498,0.04610139639220102,32.88387823297855,0.014580396908291375,,16.78858383694357,21.0354431846257,-1311773.0,903216.8,2328.6158680284343,2221.632982171799,,
2021-07-22,2269.335016408131,2323.05804944963,2200.328706725517,2202.783203125,3546044,2270.608837890625,,,2262.9027191683303,33.2735355173503,-19.545764705025704,-13.729416934816799,-5.816347770208905,2330.735511134056,2270.608837890625,2210.482164647194,0.05296083785112732,39.30141141091672,0.017841706508003777,,21.124251397188356,16.343379567864186,-4857817.0,858996.45,2328.0599955991747,2200.328706725517,,
2021-07-23,2206.349665143976,2215.380693370321,2181.062740882705,2184.212158203125,1517589,2264.4932250976562,,,2255.4083800287867,30.66854705737569,-23.336767264732316,-15.650887000799905,-7.685880263932411,2333.0534576369464,2264.4932250976562,2195.932992558366,0.060552384771505326,38.94545005925238,0.017830433693442782,,19.79466080558207,18.848211433802533,-6375406.0,984515.25,2328.0599955991747,2181.062740882705,,
2021-07-26,2183.424443999782,2185.9716567353844,2165.593954850563,2175.5048828125,1311535,2259.8642456054686,,,2247.798523151045,29.502292789738334,-26.735577366720918,-17.867825073984108,-8.86775229273681,2338.578928365496,2259.8642456054686,2181.1495628454413,0.06966319584293242,37.61918233250731,0.01729216175505573,,19.028771718842798,21.05604283685871,-7686941.0,1022410.65,2328.0599955991747,2165.593954850563,,
2021-07-27,2175.5051565084955,2185.462443909467,2160.0366715410023,2169.669677734375,1656945,2254.4086059570313,,,2240.35768073041,28.714238964060854,-29.559270274890423,-20.206114114165374,-9.35315616072505,2341.772084783363,2254.4086059570313,2167.0451271306997,0.07750456469646458,36.74822447793282,0.01693724388327456,,18.088354625717457,21.095621384228277,-9343886.0,1032340.3,2328.0599955991747,2160.0366715410023,,
2021-07-28,2176.70928944054,2193.798727783325,2170.3181909180407,2187.2685546875,912373,2248.3346313476563,,,2235.301573488228,34.405168978823895,-30.030808491299013,-22.171052989592102,-7.8597555017069105,2336.62849914977,2248.3346313476563,2160.0407635455426,0.07854157167804704,35.84685487586262,0.016388867658267112,,18.879764110582453,20.081351680599038,-8431513.0,1080442.25,2328.0599955991747,2160.0366715410023,,
2021-07-29,2187.268458293023,2196.531050605837,2158.184008885788,2162.583740234375,1012663,2242.010595703125,,,2228.3760655592896,30.70273658818111,-32.02717481675427,-24.142277355024536,-7.884897461729732,2335.683925808686,2242.010595703125,2148.337265597564,0.08356189777611983,36.025439650447375,0.016658517762897375,23.488364636739906,17.444304079643295,20.96040860901295,-9444176.0,1058341.05,2328.0599955991747,2158.184008885788,,
2021-07-30,2167.4471039992163,2182.776743060569,2147.069396183839,2161.2412109375,1708251,2235.3091430664062,,,2221.982269881024,30.51043167429478,-33.33339379266772,-25.980500642553174,-7.3528931501145465,2331.913879803027,2235.3091430664062,2138.7044063297853,0.08643523607128285,36.00271873803898,0.016658352874190183,22.842229497771804,16.20850491417468,21.680633362744643,-11152427.0,1036611.95,2328.0599955991747,2147.069396183839,,
2021-08-02,2169.2991276221856,2179.858392442542,2153.182307393745,2160.777587890625,1229936,2228.1537841796876,,,2216.153252548605,30.439526632405858,-34.01390116736275,-27.58718074751509,-6.426720419847655,2324.5806780334524,2228.1537841796876,2131.726890325923,0.08655317648037936,35.33653061737885,0.01635361770476098,22.242246868729996,15.334501544593898,20.51155905798794,-12382363.0,1085272.35,2328.0599955991747,2147.069396183839,,
2021-08-03,2158.1841107762275,2216.5384451019368,2154.571790058691,2210.842041015625,1733476,2222.957470703125,,,2215.6474228787974,45.239080952298096,-30.165693862154058,-28.10288337044289,-2.0628104917111685,2310.989642197481,2222.957470703125,2134.9252992087695,0.07920274917946223,37.23868236208362,0.016843664844086635,21.111072410351717,20.54754754575336,18.07355522525516,-10648887.0,1103757.6,2323.05804944963,2147.069396183839,,
2021-08-04,2210.842063178141,2218.159421069075,2192.965213763714,2201.81103515625,1588974,2218.539208984375,,,2214.3296716671266,43.443510894189096,-27.52737015754292,-27.987780727862898,0.46041057031997923,2301.348266675177,2218.539208984375,2135.730151293573,0.07465187665419828,36.378362715174866,0.016522018526713988,20.11815883247195,19.84936648184796,17.179481968705193,-12237861.0,1152346.4,2323.05804944963,2147.069396183839,,
2021-08-05,2214.686033306552,2214.686033306552,2180.41443847914,2183.841552734375,921757,2212.7987060546875,,,2211.4260412925787,40.03826875383355,-26.580068187212873,-27.706238219732896,1.1261700325200223,2288.1824749183284,2212.7987060546875,2137.4149371910466,0.06813432117198445,36.22787929462039,0.01658906034151593,18.68402523666226,18.508115610001703,18.493208334883846,-13159618.0,1208706.0,2323.05804944963,2147.069396183839,,
2021-08-06,2183.8413566060394,2205.1916772342547,2183.6561499862464,2196.623779296875,1432661,2209.2765991210936,,,2210.0163020548925,43.434744096317324,-24.51530847684353,-27.068052271155025,2.552743794311496,2280.665892803124,2209.2765991210936,2137.8873054390633,0.06462684999282638,35.178425577005235,0.016014770443878935,17.35232975483898,17.6988086443771,17.684553221767928,-11726957.0,1223636.6,2323.05804944963,2147.069396183839,,
2021-08-09,2203.9873849244254,2218.3907605597346,2199.726728331945,2208.6650390625,921476,2206.175927734375,,,2209.8876103413313,46.50863253026397,-21.65768617571439,-25.9859790520669,4.32829287635251,2271.780893480511,2206.175927734375,2140.5709619882387,0.05947392038993832,34.22046526885198,0.01549373248710332,16.654233012584726,19.649727047543536,16.881067154927923,-10805481.0,1239548.35,2323.05804944963,2147.069396183839,,
2021-08-10,2217.4648695506175,2217.4648695506175,2185.1385088998186,2206.16455078125,1061370,2203.288330078125,,,2209.5330332403714,45.950209371944744,-19.37146621663078,-24.663076484979676,5.291610268348897,2263.3205201781802,2203.288330078125,2143.2561399780698,0.05449326743170885,34.08517208184819,0.01544996816750496,15.556254791067722,18.318599076824974,18.794589794205635,-11866851.0,1258717.45,2323.05804944963,2147.069396183839,,
2021-08-11,2213.7602304008574,2218.3915279539974,2188.0101707778845,2214.177001953125,1300594,2201.1463623046875,,,2209.9753159749193,48.100600401523685,-16.72034089917497,-23.074529367818737,6.354188468643766,2256.2089103299063,2201.1463623046875,2146.0838142794687,0.050030792107405464,33.820613874295674,0.015274575539562789,14.49616684936273,17.33889636207324,17.58863646721442,-10566257.0,1284591.05,2323.05804944963,2147.069396183839,,
2021-08-12,2218.3914803975686,2235.5272809768403,2202.135581107016,2215.890625,1226064,2200.102014160156,,,2210.5386787392126,48.571858509927495,-14.316003944161366,-21.322824283087265,7.006820338925898,2253.1782174152504,2200.102014160156,2147.025810905062,0.04824885656527613,33.789977159690565,0.01524893727987615,14.131813407476297,19.737325410862013,16.34711347430139,-9340193.0,1299900.95,2323.05804944963,2147.069396183839,,
2021-08-13,2223.948766005959,2231.9608191685807,2211.907394095056,2227.190673828125,1033159,2199.7384643554688,,,2212.1245830333946,51.687218598994626,-11.367690423953718,-19.331797511260557,7.964107087306839,2251.961032138399,2199.7384643554688,2147.5158965725386,0.04748070611951728,32.80879486782156,0.01473102202400541,13.793485211438895,18.875620541191992,15.63342066169256,-8307034.0,1292312.7,2323.05804944963,2147.069396183839,,
2021-08-16,2226.727225162182,2257.154931817926,2216.2140922755675,2247.475341796875,1146309,2200.1552856445314,,,2215.49132196325,56.751843524496834,-7.31006169780585,-16.927450348569614,9.617388650763765,2253.7443181163067,2200.1552856445314,2146.566253172756,0.048713863809005116,33.38965520171705,0.014856516812781467,14.425200978682687,22.61208045144014,14.264208373502793,-7160725.0,1309281.05,2323.05804944963,2147.069396183839,,
2021-08-17,2253.5890452242043,2304.0238226487545,2251.7828846818043,2300.64306640625,1921902,2203.6357177734376,,,2223.601011910202,66.6270239373929,0.19359766271918488,-13.503240746311855,13.69683840903104,2271.842648151047,2203.6357177734376,2135.4287873958283,0.06190399785907069,35.04385703387151,0.015232200746642647,16.263351522431385,29.558906867426845,12.620106663024064,-5238823.0,1339326.25,2323.05804944963,2147.069396183839,,
2021-08-18,2301.754189220495,2315.6480776866147,2273.040153057181,2302.726806640625,1545643,2206.0046264648436,,,2231.136801884528,66.94558093840199,6.236551110172513,-9.555282375014981,15.791833485187494,2283.8422915132805,2206.0046264648436,2128.1669614164066,0.0705689046293371,35.58414757641165,0.015453047870808537,18.214028078963437,29.364160894535768,11.540740488283163,-3693180.0,1412227.7,2323.05804944963,2147.069396183839,,
2021-08-20,2306.3857828391706,2436.062091914466,2293.418151931641,2426.24365234375,5779927,2217.1776489257813,,,2249.718406690168,79.46088207544129,20.753182658025253,-3.4935893684069343,24.246772026432186,2340.7022479613306,2217.1776489257813,2093.653049890232,0.11142508052559227,43.23127560544115,0.017818192152168955,21.592784254196875,42.338864490028136,8.820790520657638,2086747.0,1436436.05,2436.062091914466,2147.069396183839,,
2021-08-23,2431.4308231593777,2475.7524240479847,2403.179912642669,2439.906005859375,2163220,2229.9623413085938,,,2267.8315113729495,80.34725992570122,32.97998278185696,3.801125061645845,29.178857720211116,2385.8750496115135,2229.9623413085938,2074.049633005674,0.13983438680980287,45.32707816257505,0.018577387019714356,25.02897191603686,43.7514472481851,7.812016474303922,4249967.0,1548130.2,2475.7524240479847,2147.069396183839,,
2021-08-24,2439.76707964418,2461.997303604491,2417.5368556838685,2438.8408203125,1482854,2243.1291381835936,,,2284.118112224335,80.05717723880267,42.09857226223767,11.46061450176421,30.637957760473455,2421.3094830356217,2243.1291381835936,2064.9487933315654,0.1588676655471671,45.2651760024356,0.01856011906370977,28.219717602031128,40.68190222228019,7.2639354891204775,2767113.0,1580411.75,2475.7524240479847,2147.069396183839,,
2021-08-25,2437.914439833412,2469.8240269965845,2427.401306486265,2449.955810546875,1746570,2257.143444824219,,,2299.912178731244,80.83473742710106,49.64967637796008,19.098426877003384,30.551249500956693,2453.2016712351333,2257.143444824219,2061.0852184133046,0.1737224338670092,45.06214346728444,0.01839304336563758,31.240972790092854,39.18688008487605,6.775473681002298,4513683.0,1588977.7,2475.7524240479847,2147.069396183839,,
2021-08-26,2436.9885825065144,2498.8627582210784,2436.9885825065144,2469.778076171875,2117291,2271.2689208984375,,,2316.089883249399,82.16988828865234,56.5812386680218,26.594989235207066,29.98624943281473,2485.0606632119498,2271.2689208984375,2057.4771785849252,0.1882575333518353,46.2630029135187,0.018731643688904134,34.25143570190357,39.926775879714285,6.128201064678287,6630974.0,1593458.95,2498.8627582210784,2147.069396183839,,
2021-08-27,2472.186098620981,2491.637544132798,2455.6061474254425,2480.47607421875,1176229,2287.163537597656,,,2331.745710960766,82.86373823705944,62.22055097687462,33.72010158354058,28.500449393334037,2513.1887278359764,2287.163537597656,2061.138347359336,0.19764672400796307,45.53217389879277,0.01835622377979742,37.04686554858494,37.66994550841092,5.781809201586572,7807203.0,1653704.85,2498.8627582210784,2147.069396183839,,
2021-08-30,2493.1196270374535,2506.2261057021647,2474.5944410025118,2489.507080078125,1168190,2303.5768310546873,,,2346.770603257657,83.44926542193808,66.65017161815558,40.306115590463584,26.344056027691998,2538.155383314373,2303.5768310546873,2068.9982787950016,0.20366462198899998,44.53928038456849,0.0178908028585204,39.74465503274485,38.098608973001674,5.4885075066030655,8975393.0,1661883.15,2506.2261057021647,2153.182307393745,,
2021-08-31,2489.6921348032292,2535.588325631961,2478.345459049141,2523.222900390625,2535891,2321.6990966796875,,,2363.5755839369876,85.44832708273553,72.05070711282679,46.65503389493623,25.395673217890554,2565.1821259035282,2321.6990966796875,2078.2160674558468,0.20974555192966315,45.44667939872933,0.018011361339378158,42.43722063793594,39.28579047973899,4.994713920838798,11511284.0,1634880.1,2535.588325631961,2154.571790058691,,
2021-09-01,2542.582096966953,2570.3698794474662,2514.79431448644,2531.374267578125,1775792,2337.7257080078125,2283.659892578125,,2379.5564109504294,85.89199292570864,76.11105672488748,52.54623846092648,23.564818263960994,2591.874197158394,2337.7257080078125,2083.577218857231,0.21743225758266094,46.17017122460769,0.018239172221964903,45.12655505867736,41.28897835493267,4.565271458922155,13287076.0,1700177.85,2570.3698794474662,2180.41443847914,,
2021-09-02,2545.3609154142373,2602.7890001142673,2528.82709412219,2594.4990234375,1946183,2357.360107421875,2289.41751953125,,2400.027135949198,88.75202734602621,83.46047290858996,58.72908535045919,24.731387558130777,2626.695146769155,2357.360107421875,2088.025068074595,0.22850563942208915,48.15529513656981,0.018560537006010496,47.77367450435162,41.567987177994745,4.064427296427352,15233259.0,1702293.65,2602.7890001142673,2180.41443847914,,
2021-09-03,2595.563846808455,2601.6308906416407,2552.7707110310143,2562.681640625,1561823,2376.302111816406,2294.7194287109373,,2415.5180411564174,79.95381924010474,85.72930721096554,64.12912972256046,21.60017748840508,2647.440109768519,2376.302111816406,2105.164113864293,0.228201621842485,48.205644027573854,0.01881062526979247,50.23171398962057,38.558530267561956,3.7701691510471447,13671436.0,1720154.1,2602.7890001142673,2183.6561499862464,,
2021-09-06,2584.263142423203,2616.682214102347,2570.647177545462,2575.556396484375,1444978,2395.248742675781,2300.100068359375,,2430.7597892828894,80.78393679636066,87.55695783310784,68.81469534466994,18.742262488437902,2666.4746780250825,2395.248742675781,2124.02280732648,0.22646995321772667,48.61956755970052,0.018877306521443697,52.582500782663494,37.7107669524658,3.471066625515398,15116414.0,1752157.4,2616.682214102347,2185.1385088998186,,
2021-09-07,2582.966723180294,2601.584399058342,2565.7382100871555,2572.870361328125,1219915,2413.4590087890624,2306.1957861328124,,2444.294129477674,80.03925902586434,87.77680713618975,72.60711770297391,15.169689433215837,2681.0113308312443,2413.4590087890624,2145.9066867468805,0.2217168976708037,47.70718337480667,0.018542396885546944,54.523228188844165,35.68683203652798,4.019759430420831,13896499.0,1752773.25,2616.682214102347,2185.1385088998186,,
2021-09-08,2583.244750480066,2602.788914277167,2561.1999576677576,2594.35986328125,946711,2432.8687744140625,2312.507333984375,,2458.5861041256335,81.50794169891991,88.66301051080609,75.81829626454035,12.844714246265738,2693.69077193487,2432.8687744140625,2172.046776893255,0.2144151795311069,47.27016717727828,0.018220358650435153,56.09299671876976,33.44413376807057,4.452904323950354,14843210.0,1767695.2,2616.682214102347,2188.0101707778845,,
2021-09-09,2576.8536280202375,2615.4322412341776,2576.8536280202375,2603.390869140625,879454,2452.3294677734375,2318.4001904296874,,2472.377034127061,82.10388445424866,89.06734683570221,78.46810637877272,10.599240456929493,2702.8560706247104,2452.3294677734375,2201.8028649221646,0.2043172470448968,46.6493418941827,0.01791868537573137,57.63707703894297,33.40448291745815,4.189867580608575,15722664.0,1761962.25,2616.682214102347,2202.135581107016,,
2021-09-13,2591.2107588437284,2614.320886425208,2570.369921641232,2580.883056640625,1341412,2470.5790893554686,2324.2365625,,2482.7109410331145,75.5675193268403,86.57362704084062,80.08921051118631,6.484416529654311,2702.0006176374513,2470.5790893554686,2239.157561073486,0.187341930706907,46.45660067202507,0.01800027341513673,58.719857485654394,31.147139149151133,4.90362424304871,14381252.0,1740905.25,2616.682214102347,2211.907394095056,,
2021-09-14,2595.378282615602,2597.230801018611,2548.185421526448,2558.83740234375,1755061,2487.16142578125,2329.5079052734377,,2489.961080205556,69.71337909771347,81.87463623724307,80.44629565639767,1.4283405808454006,2692.5058925358785,2487.16142578125,2281.816959026621,0.16512355380401358,46.64151344489208,0.018227619075042084,58.58396805753449,28.807679319060608,7.932731260598786,12626191.0,1746672.65,2616.682214102347,2216.2140922755675,,
2021-09-15,2569.443346170556,2579.632198660778,2546.3332214316033,2570.786376953125,1362350,2503.3269775390627,2334.8459375,,2497.658727514848,71.02365827406169,78.21324100397942,79.99968472591402,-1.786443721934603,2679.4797308321963,2503.3269775390627,2327.174224245929,0.14073491387553658,45.688475143769416,0.017772178798426273,58.365421982343825,27.307979051335675,7.8093306063715895,13988541.0,1782767.75,2616.682214102347,2251.7828846818043,,
2021-09-16,2549.065474577802,2591.0250641361094,2549.065474577802,2564.1171875,1259196,2516.50068359375,2339.8329150390623,,2503.9881046562914,69.2235687581863,73.92129240611303,78.78400626195382,-4.862713855840795,2667.691102360584,2516.50068359375,2365.3102648269164,0.12015925110016072,45.422126173379276,0.017714528179449393,58.32702188301619,27.29768663962364,7.294043179966044,12729345.0,1793569.8,2616.682214102347,2273.040153057181,,
2021-09-17,2565.8311219414204,2577.779777129586,2499.973991546084,2521.509521484375,3095032,2527.4398193359375,2344.459580078125,,2505.6568110208705,58.944903980057944,66.31734459279369,76.2906739281218,-9.973329335328117,2642.526949640049,2527.4398193359375,2412.352689031826,0.09107012513109004,47.73524470267374,0.01893121731088,56.1069332253136,24.119564767563155,13.790634909914742,9634313.0,1760434.5,2616.682214102347,2293.418151931641,,
2021-09-20,2519.4250788606405,2601.862149455713,2510.2088448474565,2593.85009765625,2671330,2535.8201416015627,2350.3635498046874,,2514.0561716528114,67.71115860448438,65.37484062065232,74.10750726662792,-8.732666645975598,2644.4390189989413,2535.8201416015627,2427.201264204184,0.08566765096264085,50.87224898164393,0.019612640309326686,54.527997049873406,24.39700962756357,12.015941174358026,12305643.0,1837903.95,2616.682214102347,2403.179912642669,,
2021-09-21,2602.7890591803066,2648.4536953749325,2590.4234050455466,2605.058349609375,2277437,2544.0777587890625,2357.1233984375,,2522.7230457439123,68.82196001708661,64.78550472283496,72.24310675786933,-7.45760203503437,2647.248438554188,2544.0777587890625,2440.907079023937,0.08110654590544664,51.383537649339786,0.0197245246568257,53.82605986484027,28.905664662177564,11.046636069443778,14583080.0,1682474.1,2648.4536953749325,2417.5368556838685,,
2021-09-22,2619.3685073001443,2630.48361857461,2569.4432229473423,2579.1689453125,1580594,2551.0941650390623,2363.2932080078126,,2528.0988457028257,63.396712517604094,61.520226343621744,70.09853067501982,-8.578304331398073,2643.1733970454084,2551.0941650390623,2459.0149330327163,0.07218803074243724,52.07331321919177,0.020189958208760305,52.42094509931483,26.485432359224347,12.999551907540642,13002486.0,1688184.95,2648.4536953749325,2427.401306486265,,
2021-09-23,2592.599587445084,2609.920589836455,2568.377999010595,2577.131103515625,1054473,2557.4529296875,2369.5575,,2532.7685845421397,62.97588908234108,58.09831172832128,67.69848688568011,-9.600175157358834,2637.4944220438433,2557.4529296875,2477.4114373311563,0.0625946944533786,51.3211187625252,0.019914050430928743,51.07815921075581,24.95407519661,12.396190336051749,11948013.0,1693071.95,2648.4536953749325,2436.9885825065144,,
2021-09-24,2565.8310696983704,2575.000946643274,2529.98465258867,2544.110107421875,1635284,2561.16953125,2375.299375,,2533.848729578305,56.438382681630785,52.12108193702261,64.58300589594862,-12.461923958926008,2630.8087312980924,2561.16953125,2491.5303312019078,0.05438078127854687,51.02292820284161,0.020055314451207742,48.55708023587148,23.307062032803444,16.95282283929027,10312729.0,1658467.1,2648.4536953749325,2455.6061474254425,,
2021-09-27,2561.1066026365565,2561.1066026365565,2505.0679229043644,2509.69921875,1465932,2562.6306884765627,2380.7578076171876,,2531.5487761660856,50.54935203188468,44.09906654338238,60.48621802543538,-16.387151482053,2626.4165025249386,2562.6306884765627,2498.844874428187,0.04978151111293791,51.38119616922379,0.02047304943371465,45.510272901467424,21.491365849691487,19.095990370442465,8846797.0,1634366.75,2648.4536953749325,2474.5944410025118,,
2021-09-28,2524.0565628055847,2551.3348536421627,2510.069957085121,2522.991455078125,1078052,2564.3049072265626,2386.5284033203125,,2530.7337932053274,52.60654246946603,38.37180761963009,56.06333594427432,-17.69152832464423,2621.7701957402746,2564.3049072265626,2506.8396187128506,0.04481938817163823,50.68508464943371,0.020089281137840493,42.681094662377944,20.230348688471334,17.97552312159293,9924849.0,1648851.9,2648.4536953749325,2478.345459049141,,
2021-09-29,2514.7476778768632,2542.0723276242175,2479.5961821581964,2487.2841796875,1503894,2562.5079711914063,2391.49130859375,,2526.595734775058,46.95545643778196,30.59890976935094,50.97045070928965,-20.37154093993871,2626.837091382048,2562.5079711914063,2498.1788510007646,0.05020793762505469,51.52730327918995,0.0207162911660797,40.02770129767951,18.47827589397495,20.643090983477446,8420955.0,1644345.0,2648.4536953749325,2479.5961821581964,,
2021-09-30,2487.2841046016215,2505.8092903117777,2484.181045540162,2502.5673828125,1620199,2561.067626953125,2396.9219677734377,,2524.3073203024337,49.45802906081896,25.37949991064943,45.852260549561606,-20.472760638912177,2629.2926272485374,2561.067626953125,2492.8426266577126,0.05327856209449571,49.39165624293465,0.019736394145529877,37.56383603045954,17.900311481717264,19.99741537954636,10041154.0,1592745.15,2648.4536953749325,2479.5961821581964,,
2021-10-01,2506.4580161286926,2512.015572705475,2482.467987360606,2504.65185546875,956111,2556.5752685546877,2401.9080322265627,,2522.4353712706543,49.805857837651224,21.167276331132143,40.91526370587572,-19.747987374743573,2627.193550391938,2556.5752685546877,2485.9569867174373,0.055244437905536896,47.97422260735852,0.019154048297215367,35.08848482360971,18.03686883210132,19.117664151415976,10997265.0,1584965.5,2648.4536953749325,2479.5961821581964,,
2021-10-04,2500.9000992940355,2523.130322398871,2482.0969903570235,2488.11767578125,1025005,2552.8470703125,2407.6147216796876,,2519.167019319282,47.0404695572768,16.306912738705705,35.99359351244172,-19.686680773736015,2629.4053796381877,2552.8470703125,2476.288760986812,0.05997876662178288,47.47844470982203,0.019082073638222983,32.710829657565036,18.595561675057215,17.937487297651767,9972260.0,1535461.9,2648.4536953749325,2479.5961821581964,,
2021-10-05,2488.117391640607,2514.7473433604932,2487.932185030055,2508.911865234375,562784,2549.51484375,2414.1087158203127,,2518.1903379778623,50.7444992442132,13.971897541598992,31.589254318273177,-17.617356776674185,2627.615276151925,2549.51484375,2471.414411348075,0.06126689757730498,46.0024956827232,0.018335636384909752,30.503007003380695,17.821313416255897,17.190638745821996,10535044.0,1508621.0,2648.4536953749325,2479.5961821581964,,
2021-10-06,2495.3888339326377,2532.392846576655,2478.669808865812,2487.978759765625,862471,2545.270263671875,2420.358193359375,,2515.313044814792,47.16803057541478,10.313368417679158,27.334077138154374,-17.020708720475216,2626.976160566574,2545.270263671875,2463.564366777176,0.0642021384218962,46.55396297044605,0.01871155964966179,28.998055565296113,19.059715319579336,15.77364516508896,9672573.0,1464511.3,2648.4536953749325,2478.669808865812,,
2021-10-07,2499.0477487277594,2504.836869717214,2469.407449261752,2472.556640625,1082816,2539.1801025390623,2426.4159326171875,,2511.241006320526,44.67011585067678,6.099213663587307,23.08710444324096,-16.987890779653654,2623.4593394496537,2539.1801025390623,2454.900865628471,0.06638303192933505,45.75935279080434,0.018506897694055467,27.27161638774391,18.005637805312308,16.347118644639274,8589757.0,1446639.1,2648.4536953749325,2469.407449261752,,
2021-10-08,2473.5758932811277,2481.032327177771,2431.801501089731,2445.371337890625,1579941,2531.2791259765627,2431.57798828125,,2504.9677045652975,40.589562689735786,0.559390619165697,18.58156167842591,-18.022171059260213,2619.5327401072486,2531.2791259765627,2443.0255118458767,0.06973044831366661,46.00731516917832,0.018814040410265128,26.142545514455612,16.62940879828534,20.93616008495644,7009816.0,1453444.35,2648.4536953749325,2431.801501089731,,
2021-10-11,2447.362296310919,2468.9441833966657,2441.156404180046,2450.048583984375,1086252,2524.73740234375,2437.32728515625,,2499.7373121290193,41.57838050826248,-3.414187754246541,14.18241179189142,-17.59659954613796,2616.6345949982565,2524.73740234375,2432.8402096892437,0.07279742643270298,44.70591974399555,0.018246952340550265,25.094122560687907,15.891100789547657,20.006642093641478,8096068.0,1488468.7,2648.4536953749325,2431.801501089731,,
2021-10-12,2431.431002662954,2489.831704925856,2431.431002662954,2478.80908203125,1174337,2520.735986328125,2443.678642578125,,2497.7441473578033,47.37814733803735,-4.19419731652215,10.507089970208707,-14.701287286730857,2613.312272809084,2520.735986328125,2428.159699847166,0.0734517910507652,45.684118495345984,0.018429865707087986,23.396015536072785,17.705893240259446,18.179808507651227,9270405.0,1475710.7,2648.4536953749325,2431.431002662954,,
2021-10-13,2489.8778184007692,2494.972244762773,2447.733018496922,2451.576904296875,1660007,2514.7755126953125,2449.49462890625,,2493.3472670662863,43.022950514090645,-6.929886253622499,7.019694725442466,-13.949580979064965,2609.029675680471,2514.7755126953125,2420.521349710154,0.07496029964451002,45.79519762181062,0.018679894373921313,21.800991511222854,17.203097672688546,16.840304223732034,7610398.0,1446674.5,2648.4536953749325,2431.431002662954,,
2021-10-14,2451.576838850052,2479.3646182646175,2426.799402205397,2454.17041015625,2158809,2509.278173828125,2454.3611962890627,,2489.616137836759,43.555112524479625,-8.78736986794047,3.8582818067658797,-12.64565167470635,2604.2025638330015,2509.278173828125,2414.3537838232487,0.07565872209382099,46.27877036733989,0.01885719515475433,20.843483989344907,15.807387441479257,18.705008970853616,9769207.0,1461557.35,2648.4536953749325,2426.799402205397,,
2021-10-18,2475.706202649091,2481.356249382106,2448.149985130649,2458.29248046875,1758177,2506.117321777344,2459.4908251953125,,2486.6329323731393,44.44327696044519,-9.813696209010686,1.1238862036105663,-10.937582412621254,2603.383260766385,2506.117321777344,2408.851382788303,0.07762281369976703,45.34501993049111,0.01844573836952252,19.88080888418734,15.294272072663817,17.72660026661828,11527384.0,1506538.0,2648.4536953749325,2426.799402205397,,
2021-10-19,2473.0199586012523,2530.5407595871543,2334.6368903877824,2358.99755859375,5431133,2494.3746948242188,2462.9939453125,,2474.477182489388,31.56051093658607,-18.42692347812317,-2.7862757327361813,-15.64064774538699,2602.5344964491037,2494.3746948242188,2386.214893199334,0.08672297858803213,56.099223449696886,0.023780958672606198,21.424163197370497,11.479338853350843,27.758060609597013,6096251.0,1439695.25,2648.4536953749325,2334.6368903877824,,
2021-10-20,2379.5601780833385,2393.4540677957752,2287.8605059812558,2295.87255859375,4864654,2478.9154052734375,2464.9789208984375,,2457.4672183088505,26.334330865532124,-30.000797566708115,-8.229180099530568,-21.77161746717755,2606.088631560133,2478.9154052734375,2351.742178986742,0.102603925907401,59.6345333328985,0.02597467054940775,23.444485052635418,10.02746643617443,29.850048319939425,1231597.0,1577685.4,2630.48361857461,2287.8605059812558,,
2021-10-21,2318.797439799162,2320.279545133299,2248.9575790753092,2265.398681640625,3254632,2463.2268920898437,2466.11359375,,2439.1749767214005,24.246920063030018,-41.15772274842175,-14.814888629308804,-26.342834119112943,2612.5461322989518,2463.2268920898437,2313.9076518807356,0.12123872201023521,60.46934995611931,0.026692586362911972,25.722013476946984,9.18267172219661,31.930592972216882,-2023035.0,1707046.25,2609.920589836455,2248.9575790753092,,
2021-10-22,2277.6716367916656,2314.0273146054406,2250.810116878303,2273.133056640625,1845622,2448.026989746094,2467.4529638671875,,2423.3614605232315,25.85334124824037,-48.81288238938305,-21.614487381323656,-27.198395008059393,2609.2857468746306,2448.026989746094,2286.7682326175573,0.13174589806729395,60.66562479690634,0.026688109884144533,27.83686129952201,8.499179481069374,29.55390858107746,-177413.0,1790748.15,2575.000946643274,2248.9575790753092,,
2021-10-25,2273.132952536361,2281.88605736251,2232.284828497642,2274.75390625,1560381,2434.5591796875,2468.664501953125,,2409.2083601162567,26.20650764254586,-54.124943878398426,-28.11657868073861,-26.008365197659817,2606.131841588901,2434.5591796875,2262.9865177860993,0.14094762068870625,59.875310801760754,0.0263216652303576,29.98615732660903,7.996265602974714,30.015127367618593,1382968.0,1830305.6,2561.1066026365565,2232.284828497642,,
2021-10-26,2300.894986853421,2300.894986853421,2252.57343768493,2271.026123046875,1595060,2422.625524902344,2469.7672119140625,,2396.04814706203,25.900947956491677,-57.9673799571824,-34.08673893602737,-23.88064102115503,2604.5236746306728,2422.625524902344,2240.727375174015,0.15016612997641163,59.05004211367005,0.026001480790739117,31.30094543180397,9.82824809658973,28.26071050720509,-212092.0,1826560.45,2551.3348536421627,2232.284828497642,,
2021-10-27,2287.941015276972,2288.1273600782697,2228.4358188382043,2233.51513671875,3083879,2408.151708984375,2469.893701171875,,2380.5688127436224,22.99544546101511,-63.30956804557127,-39.931304757936154,-23.378263287635114,2601.508517195156,2408.151708984375,2214.7949007735942,0.160585238454373,59.09586347984114,0.02645868053827416,32.802920621874726,9.119154138267849,29.139230442150804,-3295971.0,1833016.85,2542.0723276242175,2228.4358188382043,,
2021-10-28,2236.683630966307,2251.5948551727492,2206.861182553423,2227.037841796875,2015791,2395.1393920898436,2469.484951171875,,2365.9468155105988,22.525550404204424,-67.29027377188777,-45.40309856072648,-21.887175211161292,2600.12141742673,2395.1393920898436,2190.157366752957,0.17116500694185702,58.069992704090076,0.026074991459164688,34.43046566690016,8.617378809183304,30.189636283366063,-5311762.0,1933308.2,2532.392846576655,2206.861182553423,,
2021-10-29,2236.6835191018636,2238.5474220344486,2211.520829511968,2230.299560546875,2453400,2381.5260009765625,2468.0780810546876,,2353.028029323578,23.374670126840584,-69.38202549453581,-50.19888394748835,-19.183141547047462,2592.245274929566,2381.5260009765625,2170.806727023559,0.17696155646975653,55.85260697683227,0.025042648066135598,35.94175749442378,8.319530599795508,29.146171755673834,-2858362.0,1958903.05,2532.392846576655,2206.861182553423,,
2021-11-01,2230.160172714956,2246.842015298541,2207.0943706778917,2243.30078125,1941114,2368.458447265625,2466.889560546875,,2342.577815221332,26.81768483033015,-69.19304954599647,-53.99771706718998,-15.195332478806492,2579.429572399216,2368.458447265625,2157.4873221320345,0.17815058176524562,54.702252522819194,0.024384716030963222,37.016263621865214,8.970819503052642,27.63344784242618,-917248.0,2000563.1,2532.392846576655,2206.861182553423,,
2021-11-02,2250.6628434889876,2262.778212832821,2238.5474741451544,2254.29736328125,1350154,2356.767431640625,2463.450634765625,,2334.1701531318004,29.695150010686078,-67.37924646648844,-56.67402294704968,-10.70522351943876,2565.824793817287,2356.767431640625,2147.710069463963,0.17741026065616514,52.52571582030828,0.023300260505053468,37.39185703695962,10.842351990578083,26.722902212875162,432906.0,2049813.25,2532.392846576655,2206.861182553423,,
2021-11-03,2268.3700863328436,2268.3700863328436,2223.8227564696685,2247.261474609375,1591607,2343.684912109375,2459.597744140625,,2325.8931361296645,28.911854203672533,-65.75158848951332,-58.48953605554241,-7.262052433970915,2545.648019140029,2343.684912109375,2141.721805078721,0.17234663754257157,51.95583110908448,0.02311961990008999,37.964465250339465,10.178329410097517,27.110646161848866,-1158701.0,2066070.7,2532.392846576655,2206.861182553423,,
2021-11-04,2263.7104151816297,2264.642366772894,2255.3228508602483,2257.97900390625,245719,2332.184924316406,2455.9805078125,,2319.4251235369584,31.86035043889828,-62.8720924270101,-59.36604732983595,-3.5060450971741517,2526.00199108406,2332.184924316406,2138.367857548752,0.16621071918168273,49.486192612972665,0.02191614382922194,38.49617287704932,9.922979040716612,26.4305037501958,-912982.0,2117511.85,2530.5407595871543,2206.861182553423,,
2021-11-08,2282.349304019993,2282.349304019993,2236.776965073115,2266.412841796875,2555533,2321.877734375,2452.3096484375,,2314.3763347998074,34.17409536982635,-59.2268011226397,-59.33819808839671,0.11139696575700953,2506.4433116974565,2321.877734375,2137.312157052543,0.15897958328295678,49.20663163682302,0.02171123933352347,39.276404882707254,9.266544053974044,27.37417548369991,1642551.0,2086674.25,2530.5407595871543,2206.861182553423,,
2021-11-09,2273.775384424244,2279.7397831949247,2252.0142252258966,2265.7138671875,1696949,2312.8948608398437,2448.2283642578127,,2309.741814074826,34.07083843235887,-55.75161301970593,-58.620881074658556,2.8692680549526273,2489.8762899170592,2312.8948608398437,2135.913431762628,0.15303888825534526,47.67226923198053,0.021040728011766808,40.0009060308182,8.881594138226234,26.237000018419856,-54398.0,2160310.1,2530.5407595871543,2206.861182553423,,
2021-11-10,2246.981895032872,2255.3228161408374,2232.9559782948127,2236.823486328125,1794509,2302.233605957031,2443.3553125,,2302.797211432283,30.031782449892162,-54.69818704727504,-57.836342269181856,3.138155221906814,2470.349396009743,2302.233605957031,2134.1178159043193,0.14604581361136607,46.606956350602445,0.020836224510102253,40.964552392289654,8.435703811436303,27.84061710473189,-1848907.0,2166160.5,2530.5407595871543,2206.861182553423,,
2021-11-11,2239.200136166741,2243.1609305947204,2205.1839016676213,2214.50341796875,1282647,2289.0183227539064,2437.8552392578126,,2294.38827872147,27.335581230058736,-55.03003041894135,-57.27507989913376,2.2450494801924066,2440.23962234896,2289.0183227539064,2137.797023158853,0.13212764449444858,45.990532963209354,0.020767876260671614,42.23202958180657,7.938143386611426,30.511824836860306,-3131554.0,2201573.35,2530.5407595871543,2205.1839016676213,,
2021-11-12,2225.5003414486823,2249.3583925689104,2214.5032674553395,2241.296875,1651974,2278.5043212890623,2432.21671875,,2289.331954557521,34.892116043246745,-52.525529019105306,-56.32516972312807,3.7996407040227638,2411.1546638159452,2278.5043212890623,2145.8539787621794,0.11643633175278428,45.195146688235184,0.020164730157951602,43.11137669149748,8.480333741182799,28.831028888524923,-1479580.0,2206988.85,2530.5407595871543,2205.1839016676213,,
2021-11-15,2240.5048033000144,2264.642257336452,2240.5048033000144,2259.74951171875,1007999,2268.7832763671877,2426.7842236328124,,2286.5145790490665,39.554212817104904,-48.49272608703586,-54.75868099590963,6.265954908873766,2374.219286040505,2268.7832763671877,2163.3472666938706,0.09294498136652608,43.69102578453536,0.019334455238494228,43.20845134573729,10.644381959150257,27.69331954674207,-471581.0,2206587.2,2530.5407595871543,2205.1839016676213,,
2021-11-16,2268.975499896391,2268.975499896391,2236.776759417656,2242.880859375,1245209,2258.0126953125,2419.7518603515623,,2282.3589866991556,36.94948284740561,-46.126146471530774,-53.03217409103386,6.906027619503085,2318.047433790947,2258.0126953125,2197.977956834053,0.053174845830650415,42.87014826269245,0.01911387672844942,43.09724531907816,10.79531709601249,26.207620381079106,-1716790.0,2149046.7,2530.5407595871543,2205.1839016676213,,
2021-11-17,2240.4114590852705,2246.0498112993123,2224.7546280088463,2228.435791015625,956809,2251.4846069335936,2413.066943359375,,2277.223444253105,34.83405649534622,-44.89864770774875,-51.40546881437684,6.506821106628088,2291.096173474379,2251.4846069335936,2211.873040392808,0.03518706405435701,41.32907933610485,0.01854622848131013,43.223565982452186,10.39800387260949,27.320840473506962,-2673599.0,2123398.3,2393.4540677957752,2205.1839016676213,,
2021-11-18,2227.364014765248,2242.6015123206575,2208.7249853529866,2236.124267578125,1236943,2248.4971923828125,2406.27830078125,,2273.309236950726,36.904638131827404,-42.811940885466356,-49.68676322859474,6.874822343128386,2282.9429116455653,2248.4971923828125,2214.0514731200597,0.030638881275408213,40.796754166931,0.018244403836785272,43.62953196807539,9.781273683803844,28.506910104953437,-1436656.0,1899682.1,2320.279545133299,2205.1839016676213,,
2021-11-22,2245.44423919359,2245.9102150237145,2215.3887981505522,2226.01318359375,1629290,2246.5279174804687,2399.3411572265627,,2268.8048509167284,35.31543876577716,-41.49575345496214,-48.04856127386822,6.552807818906082,2281.3843295646657,2246.5279174804687,2211.6715053962716,0.031031363387897946,40.06280150309038,0.017997558055074792,43.83597381421108,9.838918783566477,26.95564691951992,-3065946.0,1718296.55,2314.0273146054406,2205.1839016676213,,
2021-11-23,2225.313921497465,2236.6836847226928,2177.5047622310713,2231.2783203125,1932539,2244.4351806640625,2392.0795263671876,,2265.2308956210873,36.840655852952764,-39.57165549104957,-46.3531801173045,6.781524626254928,2277.637509357442,2244.4351806640625,2211.232851970683,0.029586355604670142,41.42823871655688,0.018567042192546686,44.658203938555715,8.835020010768886,30.737052205471475,-1133407.0,1637029.45,2300.894986853421,2177.5047622310713,,
2021-11-24,2242.2755876029714,2242.2755876029714,2205.929474586963,2213.152099609375,999070,2241.355090332031,2384.2747509765627,,2260.2710102866386,33.87894160980419,-39.05917861824946,-44.894379817493494,5.8352011992440325,2274.162528706173,2241.355090332031,2208.5476519578892,0.02927464596364496,41.06522973794629,0.01855508699343094,45.138004024521784,9.249120166157546,28.793850446485752,-2132477.0,1641375.3,2300.894986853421,2177.5047622310713,,
2021-11-25,2224.568196980391,2224.568196980391,2181.698428626349,2189.20068359375,1363272,2237.263818359375,2376.441103515625,,2253.5024077444587,30.401071877909246,-40.12320082321958,-43.94014401863872,3.8169431954191424,2274.3760317025253,2237.263818359375,2200.1516050162245,0.03317643010055511,41.19412535338168,0.018816970806786973,45.95375052770765,8.561595574447912,30.85503009147196,-3495749.0,1613309.75,2288.1273600782697,2177.5047622310713,,
2021-11-26,2184.4942281775343,2204.065208890729,2166.97349517647,2176.199951171875,2450902,2234.398059082031,2368.7883544921874,,2246.1402690232603,28.680056360749532,-41.53668746392168,-43.45945270769531,1.9227652437736324,2280.086293088773,2234.398059082031,2188.7098250752892,0.040895339862148064,40.90109595058721,0.01879473250082656,46.91357180709839,8.007009925118297,31.42788830427334,-5946651.0,1601720.35,2282.349304019993,2166.97349517647,,
2021-11-29,2175.5476973960804,2182.8636083774177,2129.229748948553,2170.887939453125,1724612,2231.5905639648436,2360.7903857421875,,2238.973380492771,27.983002888080208,-42.59451767606515,-43.28646570136928,0.6919480253041286,2284.992428264523,2231.5905639648436,2178.188699665164,0.047859912263476155,41.81057905617845,0.01925966711423671,48.24731429696504,7.273349322495121,34.99632160937343,-7671263.0,1570071.5,2282.349304019993,2129.229748948553,,
2021-11-30,2163.9913769391906,2200.337485337394,2145.352346991394,2159.84423828125,3931035,2228.0677978515623,2352.7049267578127,,2231.4372717107212,26.538864737060536,-43.8188734323262,-43.39294724756066,-0.4259261847655367,2289.9652396256784,2228.0677978515623,2166.1703560774463,0.05556154245737162,42.75161900545142,0.01979384357803139,48.649817575026304,9.524661851884982,31.781276140991558,-11602298.0,1555512.55,2282.349304019993,2129.229748948553,,
2021-12-01,2180.766321557819,2196.3765078339275,2165.1561352817107,2185.286376953125,1263139,2225.1670776367187,2345.9804638671876,,2227.0419484004738,34.87706023150959,-42.24919382101598,-43.16419656225173,0.9150027412357531,2289.3330953197205,2225.1670776367187,2161.001059953717,0.05767298853904546,42.30737975882471,0.019360107766659185,49.02357061894033,8.937196773764677,29.82106063294855,-10339159.0,1629394.3,2282.349304019993,2129.229748948553,,
2021-12-02,2196.6097465508337,2225.5002438537936,2185.4263282400107,2221.1201171875,1673117,2223.5082153320313,2338.5258642578124,,2226.4779644754285,44.442037776437395,-37.67938357897356,-42.0672339655961,4.387850386622546,2286.2762915980825,2223.5082153320313,2160.74013906598,0.056458596224865425,42.15784312609927,0.01898044270540477,48.04942940510772,13.262733801740186,27.78920661175229,-8666042.0,1595495.55,2282.349304019993,2129.229748948553,,
2021-12-03,2221.120229273713,2227.270973138719,2178.8094913462674,2184.168212890625,1890178,2220.353552246094,2330.1080615234373,,2222.448464324495,38.209675702501514,-36.61738349189318,-40.977263870855516,4.3598803789623375,2284.359079308656,2220.353552246094,2156.3480251835317,0.05765345523267192,42.60810303083873,0.01950770219041384,47.276728149949506,12.185253083064325,26.64082940490307,-10556220.0,1611643.7,2282.349304019993,2129.229748948553,,
2021-12-06,2184.494572065359,2203.086961164305,2144.420652867914,2149.54638671875,1079171,2214.931921386719,2321.5156103515624,,2215.505409314424,33.47321470399132,-38.129895101289094,-40.40779011694224,2.2778950156531437,2283.479183807127,2214.931921386719,2146.384658966311,0.06189559305054592,43.75511769266389,0.020355512196903743,47.17730655478801,11.018264998114864,29.703270743394025,-11635391.0,1626572.25,2282.349304019993,2129.229748948553,,
2021-12-07,2169.49000946365,2182.304343791381,2154.672070233753,2163.618896484375,895313,2209.7922241210936,2313.2453662109374,,2210.563836663943,36.89722709820627,-37.75778922875679,-39.87778993930515,2.1200007105483607,2277.5388809026176,2209.7922241210936,2142.0455673395695,0.06131495625881217,42.969606219804405,0.019860062365708184,47.08498650213805,10.41827969359053,28.08581772829654,-10740078.0,1668244.85,2279.7397831949247,2129.229748948553,,
2021-12-08,2160.4964774011905,2184.9135602071515,2160.4964774011905,2181.32568359375,839769,2205.5728149414062,2305.989677734375,,2207.779250657258,41.011198363771044,-35.623457858603615,-39.02692352316485,3.4034656645612316,2269.2518429101247,2205.5728149414062,2141.893786972688,0.05774375485346206,41.64442597595844,0.019091338028601464,46.874366109055366,10.429493068060836,26.90957775813164,-9900309.0,1585233.85,2268.975499896391,2129.229748948553,,
2021-12-09,2181.6983866006317,2188.781308768358,2163.5719760533693,2180.533447265625,716666,2202.7583129882814,2299.4063623046877,,2205.1844122390075,40.88277240394152,-33.60849392401906,-37.94323760333569,4.334743679316631,2265.6344293788534,2202.7583129882814,2139.8821965977095,0.05708852943133253,40.47049074303203,0.018559903675764187,46.48550031187932,10.648090253751477,25.71228121922181,-10616975.0,1542374.85,2268.975499896391,2129.229748948553,,
2021-12-10,2187.290552873639,2187.290552873639,2162.1278579747946,2174.056884765625,724539,2200.735986328125,2292.4276708984376,,2202.2198858129714,39.78590509256565,-32.1634645573331,-36.78728299413517,4.623818436802068,2264.5655381836946,2200.735986328125,2136.9064344725552,0.05800745955180906,39.3770767541615,0.018112256873355253,46.155755893403295,10.162066643068984,24.800622310314726,-11341514.0,1488482.7,2268.975499896391,2129.229748948553,,
2021-12-13,2191.9501265969234,2191.9501265969234,2144.4205957906124,2147.542724609375,1804894,2196.0482788085938,2285.632841796875,,2197.0125371269146,35.577589750373235,-32.77987353256685,-35.98580110182151,3.205927569254655,2261.0342831742546,2196.0482788085938,2131.062274442933,0.05918449516138802,39.959394900743604,0.018607031395853593,46.22338767520176,9.29869331699409,25.858775535562554,-13146408.0,1460577.3,2268.975499896391,2129.229748948553,,
2021-12-14,2148.1482124068675,2166.7405993688926,2147.2162609047386,2160.543212890625,1219031,2191.0879638671877,2278.7923583984375,,2193.5392681520298,38.98542875337388,-31.852179236794655,-35.15907672881614,3.306897492021484,2250.798217529813,2191.0879638671877,2131.3777102045624,0.05450283571202586,38.49974801241577,0.017819476038577517,46.28618861544319,8.961862103863606,24.922080191734604,-11927377.0,1468223.3,2268.975499896391,2129.229748948553,,
2021-12-15,2158.399581091516,2166.6007994439383,2143.954333463313,2163.0126953125,755122,2187.0945556640627,2271.9595751953125,,2190.6319755006457,39.63860789196931,-30.56536967526472,-34.240335318105856,3.674965642841137,2242.975397569092,2187.0945556640627,2131.2137137590335,0.05110052673334213,37.36737072443073,0.017275613224744434,46.415807352554914,8.573909992314375,24.466747308549593,-11172255.0,1478774.9,2246.0498112993123,2129.229748948553,,
2021-12-16,2163.0125950908064,2167.0666747643436,2147.1694210068595,2152.341796875,926493,2183.2898559570312,2265.2440576171875,,2186.9852918220126,37.75763203067915,-30.060102006113993,-33.40428865570749,3.344186649593496,2237.7370490268645,2183.2898559570312,2128.842662887198,0.049876284563202596,36.11950522679169,0.016781491340842728,46.505551083199485,8.328673025291929,23.504028299681394,-12098748.0,1454270.55,2245.9102150237145,2129.229748948553,,
2021-12-17,2146.2843358980913,2151.8294018987663,2074.5240693483074,2078.48486328125,2439222,2175.4078857421873,2256.635517578125,,2176.6519176752736,27.892091597321297,-35.213392956496136,-33.76610951586522,-1.447283440630919,2241.396652233142,2175.4078857421873,2109.4191192512326,0.06066794822566458,39.09794967678461,0.01881079355808331,47.8113326576288,7.144616766772429,33.434225847096144,-14537970.0,1452754.75,2245.9102150237145,2074.5240693483074,,
2021-12-20,2074.5242024248582,2119.584152010436,2051.3651148145655,2114.69140625,2175705,2169.841796875,2249.1697705078127,,2170.7509165871525,36.6330562342454,-35.96130815992683,-34.20514924467754,-1.7561589152492871,2236.592908207652,2169.841796875,2103.090685542348,0.06152624714740639,41.17802735671931,0.019472357638101276,49.277758383674595,6.299160883328951,33.49501547368931,-12362265.0,1512868.7,2242.2755876029714,2051.3651148145655,,
2021-12-21,2134.1689121996083,2146.004650617717,2099.4537191954882,2118.18603515625,1591415,2164.1871826171873,2242.0823583984375,,2165.744737403257,37.42155303221451,-35.85869231641891,-34.53585785902582,-1.3228344573930926,2228.2698360879754,2164.1871826171873,2100.1045291463993,0.059220989742016526,41.561806218541406,0.019621414516348447,49.312659527089004,10.335865094195814,30.815315888615864,-10770850.0,1540189.45,2242.2755876029714,2051.3651148145655,,
2021-12-22,2143.4883861024687,2159.704250708184,2114.5978904636963,2122.6591796875,1661605,2159.6625366210938,2235.628115234375,,2161.6413509541376,38.47684425489725,-35.012817179366266,-34.63124972309391,-0.3815674562723572,2222.033196201962,2159.6625366210938,2097.2918770402257,0.05775963468667679,41.81498864896615,0.019699341773332726,48.72418872459512,11.87964979209856,28.440967796103138,-9109245.0,1523133.25,2227.270973138719,2051.3651148145655,2648.4536953749325,2051.3651148145655
2021-12-23,2142.509722194582,2148.148073924424,2119.816841096998,2144.093994140625,1423081,2157.4072021484376,2229.5090234375,,2159.9701741147555,43.40221014427993,-32.241188301604325,-34.15323743879599,1.9120491371916657,2218.593217870136,2157.4072021484376,2096.221186426739,0.056721805378944445,40.851863233141856,0.019053205384083782,48.17775155085081,11.291173181501442,27.03210098406255,-7686164.0,1556260.0,2227.270973138719,2051.3651148145655,2648.4536953749325,2051.3651148145655
2021-12-24,2152.8082544500303,2155.604109325939,2127.9251915598893,2140.646240234375,895503,2155.6295166015625,2222.7457666015625,,2158.129799459481,42.808558449412004,-29.977297745434043,-33.3180495001236,3.340751754689556,2216.593771226441,2155.6295166015625,2094.665261976684,0.05656283155835697,39.910938556920996,0.01864434104373604,47.31423604190389,12.066249069819385,25.69301356443141,-8581667.0,1559250.45,2227.270973138719,2051.3651148145655,2648.4536953749325,2051.3651148145655
2021-12-27,2140.6458303169975,2151.0372254656045,2123.2183837665043,2144.79296875,584302,2154.3247680664062,2216.610087890625,,2156.859625106197,43.80414309940995,-27.531179533564682,-32.16067550681182,4.629495973247138,2215.0434071098784,2154.3247680664062,2093.606129022934,0.05636906741593064,39.04721735279094,0.018205588101842727,46.61950471935384,11.452213961389992,25.246541109633764,-7997365.0,1481480.5,2227.270973138719,2051.3651148145655,2648.4536953749325,2051.3651148145655
2021-12-28,2152.808147832212,2160.6364500861596,2141.391740987647,2151.969482421875,783710,2153.9310302734375,2210.5660693359373,,2156.3938972315,45.570088899886755,-24.728474094217745,-30.674235224293007,5.945761130075262,2214.6035081633013,2153.9310302734375,2093.2585523835737,0.05633650942125248,37.63275247748533,0.017487586503844185,45.49280130112786,12.855869567495102,24.3243536391599,-7213655.0,1424465.0,2227.270973138719,2051.3651148145655,2648.4536953749325,2051.3651148145655
2021-12-29,2157.3748316622896,2163.8520777959748,2142.60353419689,2149.872802734375,1410236,2152.1603515625,2204.39767578125,,2155.772840612726,45.12393642579176,-22.41807278097758,-29.023002735629923,6.6049299546523415,2211.1117777537097,2152.1603515625,2093.2089253712907,0.0547834887381044,36.462451843313865,0.016960283323245028,44.2842219007147,12.950672113922884,23.311850046535984,-8623891.0,1267098.75,2227.270973138719,2051.3651148145655,2648.4536953749325,2051.3651148145655
2021-12-30,2150.944483205255,2171.4474202202096,2140.366740597997,2167.346923828125,963711,2149.4716918945314,2200.5646630859374,,2156.875134252288,49.55651506268348,-18.958505707217228,-27.010103329947388,8.05159762273016,2199.8839089372464,2149.4716918945314,2099.0594748518165,0.0469066117342368,36.078039541806646,0.01664617655122928,42.773334247682925,13.657509997443626,21.877364153694366,-7660180.0,1274453.6,2227.270973138719,2051.3651148145655,2648.4536953749325,2051.3651148145655
2021-12-31,2180.7664349477936,2209.0512530102455,2171.4469202685295,2199.545166015625,1123597,2150.2405395507812,2198.638115234375,,2160.938946801177,56.52494784552935,-13.463446592222681,-24.30077198240245,10.837325390179767,2203.152995254069,2150.2405395507812,2097.3280838474934,0.04921538286534405,36.47991737325764,0.016585209495533722,39.75126254090291,19.905186245513033,20.090900214865783,-6536583.0,1238983.3,2209.0512530102455,2051.3651148145655,2648.4536953749325,2051.3651148145655
2022-01-03,2216.180978371848,2216.180978371848,2192.8821875983845,2200.617431640625,879278,2152.794091796875,2197.342490234375,,2164.7178501192197,56.739275752389865,-8.919234397087621,-21.224464465339484,12.305230068251863,2210.0751125101424,2152.794091796875,2095.5130710836074,0.0532155127436797,35.538408330415216,0.016149289658184834,37.138686280051715,20.406064386389026,19.150079720429304,-5657305.0,1200654.25,2216.180978371848,2051.3651148145655,2648.4536953749325,2051.3651148145655
2022-01-04,2207.746552600195,2244.23259186494,2195.0721481873306,2237.8486328125,1484275,2156.505578613281,2196.6368017578125,,2171.6826865661988,63.4728250425446,-2.2873001404977913,-17.437031600371146,15.149731459873355,2224.692340573148,2156.505578613281,2088.318816653414,0.06323819667901234,36.51141085521479,0.01631540682415491,35.63305422342294,23.93136183675555,17.308333745938715,-4173030.0,1190659.6,2244.23259186494,2051.3651148145655,2648.4536953749325,2051.3651148145655
2022-01-05,2240.225272352185,2255.322842569724,2229.2281981102396,2251.40869140625,1202512,2160.009729003906,2196.1698974609376,,2179.2756394081084,65.57451900329426,4.016439921465462,-13.146337296003825,17.162777217469287,2239.2462790805075,2160.009729003906,2080.773178927305,0.07336684554022031,35.76735611266261,0.015886656318414585,34.55645301483337,24.899013318400158,16.406364415772902,-2970518.0,1220107.7,2255.322842569724,2051.3651148145655,2648.4536953749325,2051.3651148145655
2022-01-06,2234.8196720139936,2247.8669928681206,2206.5814963742614,2228.668701171875,1198901,2162.4164916992186,2195.3227490234376,,2183.979740528467,59.40193029074743,7.095479895230255,-9.097973857757008,16.193453752987264,2246.7599984494755,2162.4164916992186,2078.0729849489617,0.07800856779813041,36.41448746404304,0.01633912094915482,32.64843585909756,22.709631713403883,19.40599251252992,-4169419.0,1238244.85,2255.322842569724,2051.3651148145655,2648.4536953749325,2051.3651148145655
2022-01-07,2225.5005156342363,2257.093585209599,2225.5005156342363,2251.73486328125,1026186,2166.300390625,2195.6871435546873,,2190.4326093620657,63.18723159773265,11.267008705107855,-5.024977345184036,16.29198605029189,2259.1548089244698,2166.300390625,2073.4459723255304,0.08572626280391356,36.07010047199445,0.016018804460589446,31.167862992476273,23.115967979869076,18.191898560545372,-3143233.0,1262356.6,2257.093585209599,2051.3651148145655,2648.4536953749325,2051.3651148145655
2022-01-10,2259.9821442282228,2259.9821442282228,2238.5472620355426,2243.253662109375,919447,2171.0859375,2196.0114599609374,,2195.46318581419,60.937421550969724,13.730338491669954,-1.273914177813238,15.004252669483192,2269.2914788595403,2171.0859375,2072.8803961404597,0.09046674722846189,35.024727737757715,0.015613360329844858,29.885488810903162,22.694567439854247,17.396662028095456,-4062680.0,1277438.95,2259.9821442282228,2051.3651148145655,2648.4536953749325,2051.3651148145655
2022-01-11,2252.666550738767,2253.738431515085,2229.228060759648,2240.085205078125,1321335,2175.063037109375,2196.2071728515625,,2199.712901934565,60.076826884141695,15.251072225182725,2.0310831027859546,13.21998912239677,2277.586249336336,2175.063037109375,2072.5398248824135,0.09427148590894455,34.2737022390205,0.015300177940251685,28.30192175269064,21.535302410428443,18.45020091057318,-5384015.0,1233166.6,2259.9821442282228,2051.3651148145655,2648.4536953749325,2051.3651148145655
2022-01-12,2243.3936546615473,2251.5948735474635,2235.285721938573,2248.938720703125,1487554,2179.359338378906,2196.319931640625,,2204.401075150618,61.704312168453136,16.974992240326173,5.019864930293998,11.955127310032175,2286.595793956031,2179.359338378906,2072.1228828017815,0.09841099050410966,32.990520051154085,0.014669372601152815,26.831466627207583,20.774862070488386,17.798699632114023,-3896461.0,1238281.8,2259.9821442282228,2051.3651148145655,2648.4536953749325,2051.3651148145655
2022-01-13,2253.458697487188,2257.0932172786993,2239.7124130422185,2249.917236328125,1586299,2184.2381103515627,2196.2323291015623,,2208.735947643714,61.88922900001635,18.210252846317417,7.657942513498683,10.552310332818735,2294.9365368251097,2184.2381103515627,2073.5396838780157,0.1013611345291742,31.875540350105993,0.014167427954873139,25.678080480880006,21.19782534838418,17.105477290800906,-2310162.0,1274903.4,2259.9821442282228,2051.3651148145655,2648.4536953749325,2051.3651148145655
2022-01-14,2255.322675786263,2256.254627305183,2200.1511913716477,2202.853759765625,1596037,2190.4565551757814,2195.3441748046876,,2208.175739274372,49.50710785129906,15.216173961737695,9.169588803146485,6.04658515859121,2290.116095747823,2190.4565551757814,2090.79701460374,0.09099430923344087,33.60610432035095,0.015255712809517827,24.658180829544282,18.670072768872785,23.474316222979077,-3906199.0,1307893.7,2259.9821442282228,2051.3651148145655,2648.4536953749325,2051.3651148145655
2022-01-17,2203.1336586498196,2231.278552438457,2185.426577636983,2226.945068359375,912205,2196.06923828125,2194.72349609375,,2209.963294425325,54.52284046649825,14.618795760936337,10.259430194704457,4.3593655662318795,2290.5373595761153,2196.06923828125,2101.6011169863846,0.08603382775745329,34.4808093547169,0.015483457515240573,24.179769684172395,16.896705988583413,24.294891959664508,-2993994.0,1265734.45,2259.9821442282228,2099.4537191954882,2648.4536953749325,2051.3651148145655
2022-01-18,2244.79173391548,2244.79173391548,2196.982572171275,2208.25927734375,1667579,2200.572900390625,2193.5604248046875,,2209.8010070842224,50.345493829357984,12.493564032441554,10.706256962251878,1.7873070701896765,2288.092354205572,2200.572900390625,2113.0534465756778,0.07954242624673923,35.432834525394625,0.016045595229205033,23.160936284394896,17.992341889637494,21.953402702967278,-4661573.0,1202559.45,2259.9821442282228,2114.5978904636963,2648.4536953749325,2051.3651148145655
2022-01-19,2203.1335147732616,2207.4205830125657,2148.195015145087,2152.71484375,2145255,2202.07568359375,2191.3004443359373,,2204.3642296238204,40.429538457808945,6.255224653265486,9.816050500454601,-3.5608258471891148,2285.1093545289004,2202.07568359375,2119.0420126585996,0.07541400284629718,37.19222221634237,0.01727689216447917,23.563426238245228,15.916837395827507,28.79074002466793,-6806828.0,1206367.65,2259.9821442282228,2119.816841096998,2648.4536953749325,2051.3651148145655
2022-01-20,2166.7872285031203,2167.2998473314365,2090.3672058204297,2107.887939453125,2829711,2200.265380859375,2188.7217333984377,,2195.1760115123257,34.520301244024125,-2.279583176361484,7.396923765091384,-9.676506941452867,2289.615102134255,2200.265380859375,2110.915659584495,0.08121722229705017,40.030823594532684,0.018990963819888056,25.010617571673638,13.731870492456741,35.15696508208421,-9636539.0,1230550.15,2259.9821442282228,2090.3672058204297,2648.4536953749325,2051.3651148145655
2022-01-21,2110.684025894407,2175.501305078791,2096.891096730464,2167.16015625,4596050,2201.5910766601564,2187.7748681640624,,2192.5078348206757,45.80067789715307,-4.2121522650495535,5.075108559063197,-9.28726082411275,2288.104922996963,2201.5910766601564,2115.07723032335,0.07859211209017918,42.78649393408942,0.019743115805583147,26.033613208063088,13.29895780395363,30.543198821011867,-5040489.0,1300881.65,2259.9821442282228,2090.3672058204297,2648.4536953749325,2051.3651148145655
2022-01-24,2179.741258721451,2185.37961076667,2112.4544063472613,2129.136474609375,2231103,2200.808251953125,2185.53166015625,,2186.4724671815043,40.92942928136813,-8.71149977578034,2.3177868920944897,-11.029286667874828,2289.6166029632273,2200.808251953125,2111.9999009430226,0.08070521448771256,44.93925896875508,0.02110680057604101,26.596084165874604,13.327569999905224,27.002913764570373,-7271592.0,1485909.0,2259.9821442282228,2090.3672058204297,2648.4536953749325,2051.3651148145655
2022-01-25,2128.1113964182846,2174.895319426171,2088.410168780537,2168.88427734375,1843543,2201.6539916992188,2183.71435546875,,2184.7974014826705,47.24581900657187,-8.96658835066728,0.06091184354213586,-9.027500194209416,2288.8941490544626,2201.6539916992188,2114.413834343975,0.0792496529283537,47.90682265996074,0.022088233641784066,27.55552507675384,11.60900044105945,27.105900425576845,-5428049.0,1568249.05,2259.9821442282228,2088.410168780537,2648.4536953749325,2051.3651148145655
2022-01-27,2152.807782462719,2167.3463156408807,2120.1894827284355,2139.15478515625,2620474,2201.1180908203123,2181.639833984375,,2180.450485642059,43.49921161191548,-11.435844151069432,-2.238439355380178,-9.197404795689254,2289.7446565550695,2201.1180908203123,2112.491525085555,0.08052867867868717,47.96310637105744,0.02242152213756429,28.446434493998847,10.76713626827934,25.140228483785123,-8048523.0,1621240.7,2259.9821442282228,2088.410168780537,2648.4536953749325,2051.3651148145655
2022-01-28,2138.4560688825172,2160.9159642090744,2123.0322255762453,2128.157958984375,1967721,2199.158642578125,2179.63427734375,,2175.470245007994,42.16718183534663,-14.117362958245394,-4.614224075953221,-9.503138882292173,2292.302876043126,2199.158642578125,2106.014409113124,0.08470897156905953,47.243151532612565,0.022199081291483885,29.27370752429778,10.150418949806552,23.700252810588697,-10016244.0,1681752.6,2259.9821442282228,2088.410168780537,2648.4536953749325,2051.3651148145655
2022-01-31,2134.1691154995874,2154.532348507718,2116.462035501993,2119.02490234375,1639875,2195.1326293945312,2177.2922900390627,,2170.0944980875897,41.04307922161473,-16.785949300347966,-7.04856912083217,-9.737380179515796,2294.6075834477065,2195.1326293945312,2095.657675341356,0.090632295034139,46.587948780692024,0.02198555983422534,30.173120027555754,9.557945640610749,23.324225101081975,-11656119.0,1731953.1,2259.9821442282228,2088.410168780537,2648.4536953749325,2051.3651148145655
2022-02-01,2146.563956719639,2162.1275014183693,2123.3582276234265,2148.75390625,1270508,2192.539453125,2175.7471044921876,,2168.062060769724,46.08175081112149,-16.313884734826388,-8.901632243631013,-7.412252491195375,2293.991652766947,2192.539453125,2091.087253483053,0.09254310064737811,46.33899523025826,0.021565519948782298,30.6360233810693,10.093660740070339,21.774566487790008,-10385611.0,1757767.0,2259.9821442282228,2088.410168780537,2648.4536953749325,2051.3651148145655
2022-02-02,2165.9487562551662,2174.2430342992475,2140.273444742455,2169.489990234375,1246111,2189.1215209960938,2174.511337890625,,2168.1980540520717,49.33431761062288,-14.10395981738975,-9.942097758382761,-4.161862059006989,2288.8285466620755,2189.1215209960938,2089.414495330112,0.09109318483207188,45.45546625358214,0.02095214380254941,30.486419865553795,11.458695020901288,20.612246612142133,-9139500.0,1777328.5,2259.9821442282228,2088.410168780537,2648.4536953749325,2051.3651148145655
2022-02-03,2170.5152011712885,2173.2644127905533,2134.1690900310223,2141.764404296875,1448039,2183.639306640625,2173.083583984375,,2165.680563599196,45.39152536555874,-14.423535927604007,-10.83838539222701,-3.5851505353769966,2281.075815460838,2183.639306640625,2086.202797820412,0.08924231078264681,45.001170289721344,0.021011260715435638,30.50678027478094,10.74763195717424,20.302084895871477,-10587539.0,1765420.3,2259.9821442282228,2088.410168780537,2648.4536953749325,2051.3651148145655
2022-02-04,2149.0801423903085,2155.3708149666895,2127.6452580559735,2149.639404296875,1014561,2179.687841796875,2172.2923583984375,,2164.152834141832,46.69463279379382,-13.8813401629277,-11.446976346367148,-2.434363816560552,2275.901595236457,2179.687841796875,2083.474088357293,0.0882821398501411,43.76719790550668,0.02036025103467178,30.697125860662247,10.261318501722622,20.44814435788395,-9572978.0,1777696.65,2259.9821442282228,2088.410168780537,2648.4536953749325,2051.3651148145655
2022-02-07,2139.061513031611,2159.051825637281,2084.775342403535,2103.9736328125,1207402,2172.2997802734376,2170.84783203125,,2158.4214816342765,40.63865322063277,-16.941204566417127,-12.545821990377144,-4.395382576039983,2267.9403896718945,2172.2997802734376,2076.6591708749806,0.08805470613859585,45.946432571809495,0.021837931737951635,31.814311565128186,9.076437685104379,24.75156460299826,-10780380.0,1768479.65,2259.9821442282228,2084.775342403535,2648.4536953749325,2051.3651148145655
2022-02-08,2113.6661806891766,2113.6661806891766,2093.675864829641,2110.2646484375,1190660,2165.6503295898438,2169.6353662109377,,2153.835116567917,41.759274491424385,-18.6436246666849,-13.765382525638696,-4.878242141046204,2259.1010986364217,2165.6503295898438,2072.1995605432658,0.08630273111936478,44.09242423521851,0.02089426284417255,32.8516982907037,8.78250825431745,23.950015190414877,-9589720.0,1777540.45,2257.0932172786993,2084.775342403535,2648.4536953749325,2051.3651148145655
2022-02-09,2113.2466063344223,2125.1756306842617,2102.109831746855,2122.6591796875,1049611,2159.7790283203126,2168.8916650390624,,2150.865979722163,44.00222610622126,-18.776229093769416,-14.76755183926484,-4.008677254504576,2248.417029071686,2159.7790283203126,2071.141027568939,0.08208061990518391,42.59052242823195,0.020064701312295537,33.210842474051546,10.37301876476926,23.023541070563407,-8540109.0,1791101.1,2257.0932172786993,2084.775342403535,2648.4536953749325,2051.3651148145655
2022-02-10,2124.8493559837048,2129.509113343318,2102.342818947658,2127.784912109375,1195100,2153.721337890625,2167.7416357421876,,2148.6677828066595,44.94647988005559,-18.257256994797444,-15.465492870371362,-2.7917641244260825,2233.2496175721135,2153.721337890625,2074.1930582091363,0.07385196801679027,41.4887918544768,0.019498583535563743,33.318810537273784,10.633935676811038,21.946719619350187,-7345009.0,1777514.9,2257.0932172786993,2084.775342403535,2648.4536953749325,2051.3651148145655
2022-02-11,2123.917416568347,2123.917416568347,2095.9588722519584,2104.346435546875,2100036,2146.4427978515623,2165.406162109375,,2144.4467021152514,41.50037771453066,-19.512331036260093,-16.274860503549107,-3.2374705327109865,2215.360754218155,2146.4427978515623,2077.52484148497,0.06421597299082421,40.798595283258216,0.019387775032705355,33.58251991888778,10.041415170473426,21.841529541537334,-9445045.0,1762892.2,2256.254627305183,2084.775342403535,2648.4536953749325,2051.3651148145655
2022-02-14,2068.932646855477,2084.0768610498017,2056.817275500017,2076.90087890625,1661501,2140.145153808594,2163.2608154296877,,2138.013766571537,37.841651649292615,-22.46267754108885,-17.512423911057056,-4.950253630031796,2210.300836408688,2140.145153808594,2069.9894712084997,0.06556161153391436,41.27934990922964,0.019875454976439905,34.67307428972262,9.215578471799217,26.81816197444433,-11106546.0,1788579.05,2244.79173391548,2056.817275500017,2648.4536953749325,2051.3651148145655
2022-02-15,2094.9805546971043,2147.356189136219,2071.3090750569004,2134.262451171875,1533070,2135.511022949219,2162.95513671875,,2137.6564984382358,48.13360076299815,-19.9423657326156,-17.998412275368764,-1.9439534572468347,2193.2690988404374,2135.511022949219,2077.7529470580002,0.054092978467938396,43.76276163566458,0.020504864156531192,33.06425507780199,18.400025396491223,23.489428746789223,-9573476.0,1791852.25,2244.79173391548,2056.817275500017,2648.4536953749325,2051.3651148145655
2022-02-16,2134.2618541151332,2146.9828988915065,2120.189297874412,2130.90673828125,995668,2131.6433959960937,2162.3008935546877,,2137.0136641375702,47.636678935806714,-18.008191233119305,-18.000368066918874,-0.00782316620043133,2178.7808477900976,2131.6433959960937,2084.5059442020897,0.0442263953553799,42.55067873433813,0.01996834397767155,31.570351523875683,17.572435879636995,22.432929933942788,-10569144.0,1822895.5,2207.4205830125657,2056.817275500017,2648.4536953749325,2051.3651148145655
2022-02-17,2126.713735535048,2155.604237639161,2121.1220254503805,2150.525146484375,869374,2131.5339111328126,2161.6848828125,,2138.300471980123,50.832493418062306,-14.722589575052552,-17.34481236854561,2.6222227934930586,2178.4848891002857,2131.5339111328126,2084.5829331653395,0.044053700222410105,41.97435969536973,0.01951819059823056,29.88277055616858,18.008411920298546,21.116587127776235,-9699770.0,1789299.95,2185.37961076667,2056.817275500017,2648.4536953749325,2051.3651148145655
2022-02-18,2137.897308176924,2169.3973227392157,2137.897308176924,2155.18505859375,890713,2133.8987670898437,2161.1779150390626,,2139.9085278480875,51.588287462292115,-11.60889056271344,-16.19762800737918,4.588737444665739,2180.611432580271,2133.8987670898437,2087.1861015994164,0.04378151973360276,41.22619218586415,0.019128840941744503,27.84782179315159,19.415359489336517,19.964107587875993,-8809057.0,1725505.9,2185.37961076667,2056.817275500017,2648.4536953749325,2051.3651148145655
2022-02-21,2141.624777740861,2147.2631304287875,2129.276419035436,2138.642578125,737919,2132.4728881835936,2160.46962890625,,2139.7879612077936,48.72487691837078,-10.356715811946742,-15.029445568292694,4.672729756345952,2176.712885261512,2132.4728881835936,2088.232891105675,0.04149173227294935,40.132081283896284,0.018765211959392045,26.234638009377637,18.52005589820224,20.577877411915036,-9546976.0,1628556.0,2185.37961076667,2056.817275500017,2648.4536953749325,2051.3651148145655
2022-02-22,2124.8490666792864,2124.8490666792864,2096.98381247362,2115.48291015625,902667,2131.7902099609373,2159.8284326171874,,2137.47319444098,44.962203884905456,-11.105136847320864,-14.244583824098328,3.1394469767774638,2176.632362928851,2131.7902099609373,2086.948056993024,0.04206994924583617,40.24113016728796,0.019022195818313534,25.661548251238294,17.150592321816703,24.788231476480686,-10449643.0,1435649.45,2174.895319426171,2056.817275500017,2648.4536953749325,2051.3651148145655
2022-02-23,2115.530323273567,2119.2114869209463,2098.9881808779255,2106.58349609375,1324411,2128.6751708984375,2158.74923828125,,2134.5313184079105,43.56986263741144,-12.274877106832719,-13.850642480645208,1.575765373812489,2171.38215542264,2128.6751708984375,2085.968186374235,0.04012541237672967,38.81128558698317,0.018423805967791525,25.129393475823193,16.51226238376327,23.865635337179537,-11774054.0,1369227.65,2174.2430342992475,2056.817275500017,2648.4536953749325,2051.3651148145655
2022-02-24,2050.2935556721377,2089.435523553151,2013.295122013868,2023.6396484375,2997629,2122.8994140625,2155.96177734375,,2123.9702069821574,33.2386931517464,-19.66805886556085,-15.014125757628337,-4.653933107932515,2185.1487256391665,2122.8994140625,2060.6501024858335,0.058645559148318496,42.7025061936188,0.021101833138419884,26.36500367377457,13.935628552120686,34.4754501680824,-14771683.0,1343271.05,2174.2430342992475,2013.295122013868,2648.4536953749325,2013.295122013868
2022-02-25,2045.6335273344268,2046.5654788275176,2015.0188297755042,2022.987060546875,2193728,2117.640869140625,2153.3746826171873,,2114.3527644645114,33.172046999033014,-25.288358606658676,-17.068972327434405,-8.21938627922427,2193.5047790784515,2117.640869140625,2041.7769592027987,0.07164945769923045,41.90565925493271,0.020714744089170956,27.512356000443706,13.186288263431939,32.62165192102063,-16965411.0,1362128.8,2174.2430342992475,2013.295122013868,2648.4536953749325,2013.295122013868
2022-02-28,2016.7430938475127,2031.5610320381818,1975.7372268746428,2024.2919921875,2334036,2112.9042236328123,2152.2908251953127,,2105.775548057177,33.45935754507482,-29.299443815883023,-19.51506662512413,-9.784377190758892,2198.9740153398243,2112.9042236328123,2026.8344319258003,0.08147060405703413,42.899812534118865,0.02119250221790398,29.137034123618104,11.960660551917803,36.12998484947955,-14631375.0,1373429.15,2174.2430342992475,1975.7372268746428,2648.4536953749325,1975.7372268746428
2022-03-02,1984.078217385975,2008.169256092091,1978.5797942227177,2002.857177734375,2034688,2105.6093872070314,2150.054140625,,2095.973798502624,31.094557423421634,-33.81803487560046,-22.375660275219396,-11.442374600381065,2202.3574156314744,2105.6093872070314,2008.8613587825885,0.0918955139659342,43.10069720773768,0.02151960593440469,30.645663809422903,11.054563040144386,33.39290446579827,-16666063.0,1408137.2,2174.2430342992475,1975.7372268746428,2648.4536953749325,1975.7372268746428
2022-03-03,2011.058035141512,2020.4241931488475,1944.6100757319582,1948.7105712890625,2372998,2094.570416259766,2146.6646313476563,,2081.9487292441895,26.08011604312111,-41.292238244228884,-26.158975869021294,-15.13326237520759,2208.5004249685485,2094.570416259766,1980.640407550983,0.1087860382485736,45.43737007981994,0.023316633444320747,32.47299808297796,9.737063591616769,34.75320431762075,-19039061.0,1446346.2,2173.2644127905533,1944.6100757319582,2648.4536953749325,1944.6100757319582
2022-03-04,1933.799734207686,1936.548946155685,1840.8375542138467,1882.076416015625,6320118,2081.586016845703,2141.8529760742185,,2062.913270841469,21.487724200692412,-51.993073916742105,-31.325795478565457,-20.66727843817665,2226.1230498109253,2081.586016845703,1937.0489838804804,0.13887202526873646,49.897059150919645,0.026511707349562475,35.054903980759526,8.233444447730983,44.24176688713847,-25359179.0,1502690.55,2169.3973227392157,1840.8375542138467,2648.4536953749325,1840.8375542138467
2022-03-07,1844.7979120415541,1845.403703242281,1795.8704604718741,1811.6669921875,2976453,2064.687396240234,2135.204436035156,,2038.9850538268054,17.900812138453645,-65.40111204056439,-38.14085879096524,-27.260253249599145,2247.4268382080013,2064.687396240234,1881.947954272467,0.1770141497454123,52.49055175040759,0.02897362041521096,37.71394396322812,7.267594509892915,45.17092129408549,-28335632.0,1746294.5,2169.3973227392157,1795.8704604718741,2648.4536953749325,1795.8704604718741
2022-03-08,1793.5873657132247,1824.7610989409632,1772.152480485624,1816.37353515625,3211938,2050.3073913574217,2128.7189819335936,,2017.7839568105621,18.87566124770848,-74.78522267521953,-45.4697315678161,-29.31549110740343,2261.4704528370685,2050.3073913574217,1839.144329877775,0.20598185654478343,52.498985086474136,0.028903187626524194,40.306128284477204,6.747396553372826,45.164687479681895,-25123694.0,1844389.1,2169.3973227392157,1772.152480485624,2648.4536953749325,1772.152480485624
2022-03-09,1830.3528642775982,1870.4734244506374,1818.2374939947017,1861.946044921875,2879079,2037.8914611816406,2123.0620434570315,,2002.9422509164015,27.81363936616789,-77.64977897263202,-51.90574104877929,-25.74403792385273,2262.2800573175114,2037.8914611816406,1813.50286504577,0.2202164348887966,52.61333538703936,0.028257175083312876,41.292791744912215,12.457789057834951,41.84748855677986,-22244615.0,1944615.9,2169.3973227392157,1772.152480485624,2648.4536953749325,1772.152480485624
2022-03-10,1912.271187303623,1970.1454663272466,1909.5686189709218,1958.9154052734375,4879791,2029.7042724609375,2119.2009619140626,,1998.749217998024,42.36465432049726,-71.27374414657538,-55.77934166833851,-15.494402478236871,2253.0704563394706,2029.7042724609375,1806.3380885824045,0.22009726925165338,56.583770102634524,0.028885254539481358,39.87989958982097,23.33834292384752,36.13172281070284,-17364824.0,2029036.85,2169.3973227392157,1772.152480485624,2648.4536953749325,1772.152480485624
2022-03-11,1957.0980474577505,1966.6039067542463,1929.1395039226397,1951.8790283203125,2481643,2020.9089782714843,2115.2410864257813,,1994.2853904096708,41.707672511030715,-66.0273452888423,-57.828942392439274,-8.198402896403024,2241.9755172394675,2020.9089782714843,1799.842439303501,0.21877931301692277,55.21810101184681,0.028289714787993133,38.567928302950534,22.207299370195216,34.38067509061646,-19846467.0,2220545.85,2169.3973227392157,1772.152480485624,2648.4536953749325,1772.152480485624
2022-03-14,1952.438471063,1952.438471063,1906.8660181265152,1919.1678466796875,1730325,2011.650048828125,2110.2775048828125,,1987.1313386258628,38.70281392348002,-63.773909445268146,-59.01793580300505,-4.755973642263093,2233.4729359920375,2011.650048828125,1789.8271616642123,0.22053824649385137,54.52912614932095,0.028412901062124744,37.641095868913055,20.88161059632088,35.24592288014767,-21576792.0,2284873.0,2169.3973227392157,1772.152480485624,2648.4536953749325,1772.152480485624
2022-03-15,1905.8409783496777,1939.2048903709785,1887.2019467765758,1899.503662109375,2391023,2002.7801879882813,2104.2766748046874,,1978.7858456242925,36.9781000022875,-62.85028173360092,-59.78440498912423,-3.0658767444766895,2227.6235196441226,2002.7801879882813,1777.9368563324401,0.2245312121663117,54.34868453825536,0.028612045147573883,37.030768244830696,19.454443424058805,35.42139748541351,-23967815.0,2266387.45,2169.3973227392157,1772.152480485624,2648.4536953749325,1772.152480485624
2022-03-16,1919.820190241538,1938.4592212147568,1893.7721899619114,1931.143310546875,2808685,1992.6242309570312,2098.8871923828124,,1974.2484613312051,41.49565104628884,-58.88643870256692,-59.604811731812774,0.7183730292458534,2211.0522540510274,1992.6242309570312,1774.1962078630347,0.21923654214431412,53.65856644644036,0.02778590597258416,36.46403545103993,18.297177374144344,33.31432200363946,-21159130.0,2302863.55,2169.3973227392157,1772.152480485624,2648.4536953749325,1772.152480485624
2022-03-17,1955.3276259682223,1972.661788174635,1940.6493891465368,1959.0087890625,2995889,1984.0293334960938,2093.3103955078127,,1972.7970639722807,45.22002230652671,-52.886905976692105,-58.26123058078865,5.374324604096543,2193.354204076906,1984.0293334960938,1774.7044629152815,0.2110098545891529,52.79141724510605,0.02694802470507027,35.13776215403226,21.897039794116584,31.44285987565999,-18163241.0,2366644.3,2169.3973227392157,1772.152480485624,2648.4536953749325,1772.152480485624
2022-03-21,1963.1559859802433,1967.2564818852334,1906.772915886816,1911.6190185546875,1674982,1972.0840270996093,2086.5146020507814,,1966.9705834563194,40.49826153042288,-51.36409814391823,-56.881804093414566,5.517705949496339,2168.935797875255,1972.0840270996093,1775.2322563239636,0.19963831973748125,53.34085644177114,0.027903497466822868,34.40297088184187,20.123525161852882,33.4325850595624,-19838223.0,2466655.35,2169.3973227392157,1772.152480485624,2648.4536953749325,1772.152480485624
2022-03-22,1913.9956669631626,1913.9956669631626,1835.0127660379633,1857.8455810546875,5356303,1957.2170532226562,2079.0981396484376,,1956.5777260847356,35.915539830834504,-53.87528818212786,-56.280500911157226,2.4052127290293654,2140.9870153290453,1957.2170532226562,1773.447091116267,0.1877870027790762,55.1724310477303,0.029696995062640917,34.58991406907784,18.065801812992337,39.30432253181153,-25194526.0,2506935.75,2147.2631304287875,1772.152480485624,2648.4536953749325,1772.152480485624
2022-03-23,1875.0864524691758,1879.3268773775708,1840.8372342145824,1843.9127197265625,3212162,1942.4805603027344,2070.9416967773436,,1945.847725479195,34.81621544280854,-56.34023469200406,-56.2924476673266,-0.04778702467746143,2112.443121647428,1942.4805603027344,1772.5179989580404,0.1749953794319623,53.98080334167731,0.02927514017565985,34.763504171511244,17.14570453212053,37.302540343432796,-28406688.0,2730215.25,2124.8490666792864,1772.152480485624,2648.4536953749325,1772.152480485624
2022-03-24,1835.944513675644,1855.841656083822,1818.5635948924385,1832.12353515625,3054664,1928.3125915527344,2062.7190942382813,,1935.0168502103434,33.87148938661538,-58.56985440544213,-56.74792901494971,-1.8219253904924173,2084.946300867536,1928.3125915527344,1771.6788822379324,0.16245676142027965,52.787750330942046,0.028812331329197253,35.17248946661689,16.280841243748434,38.43483435570934,-31461352.0,2853927.4,2119.2114869209463,1772.152480485624,2648.4536953749325,1772.152480485624
2022-03-25,1840.5110793978479,1842.4681548369097,1812.6457062001969,1820.101318359375,2233647,1913.9884826660157,2054.3194165039063,,1924.0725138435846,32.89134197488367,-60.60828196637135,-57.51999960523404,-3.08828236113731,2054.342432949472,1913.9884826660157,1773.6345323825592,0.14666122764537828,51.1473716384971,0.028101387061573547,35.61821749499745,15.602780215390364,37.66055632838721,-33694999.0,2961527.25,2089.435523553151,1772.152480485624,2648.4536953749325,1772.152480485624
2022-03-28,1826.578299696128,1846.0095795115542,1799.8779801914297,1840.6973876953125,1794533,1904.8413696289062,2046.15458984375,,1916.1320256389872,36.29253962003979,-59.871656638689956,-57.99033101192523,-1.8813256267647276,2039.132821113758,1904.8413696289062,1770.5499181440546,0.1410001416664043,50.78910218718477,0.02759231502510928,36.17772508873054,14.590497244972845,37.01282303521512,-31900466.0,3006989.05,2046.5654788275176,1772.152480485624,2648.4536953749325,1772.152480485624
2022-03-29,1845.2640467322778,1859.1035043300467,1839.7189805821397,1851.8343505859375,1249125,1896.2837341308593,2038.1929321289062,,1910.0084375386969,38.11886721589142,-57.72381175947453,-57.9370271614351,0.21321540196056787,2020.8290246789413,1896.2837341308593,1771.7384435827773,0.13135723131134272,48.545918012950644,0.026215043477074644,36.31806000879158,16.100941499945225,35.95715689409339,-30651341.0,2946834.25,2031.5610320381818,1772.152480485624,2648.4536953749325,1772.152480485624
2022-03-30,1863.903017593348,1881.6100962604849,1859.2899031302493,1878.7210693359375,1476829,1889.0051879882812,2031.7102783203125,,1907.0286881860532,42.41109649965039,-53.238396620379945,-56.99730105322407,3.758904432844126,1998.932832712929,1889.0051879882812,1779.0775432636335,0.11638681081836148,47.205191417350406,0.025126237304633942,35.815744164720975,18.781097160551017,34.33710027575531,-29174512.0,2899604.1,2020.4241931488475,1772.152480485624,2648.4536953749325,1772.152480485624
2022-03-31,1881.9827222010754,1914.2282186129155,1880.6779674590377,1909.2421875,2540524,1884.3244384765626,2025.356220703125,,1907.2394976445241,46.91265581178707,-46.682744032555775,-54.93438964909041,8.251645616534638,1981.7200314300487,1884.3244384765626,1786.9288455230765,0.10337454736003791,46.369616978752376,0.024286922467112296,34.5092942923753,22.778402144555983,32.459003883165686,-26633988.0,2856743.75,2020.4241931488475,1772.152480485624,2648.4536953749325,1772.152480485624
2022-04-01,1915.0671122310337,1943.9111941702524,1899.6900257155633,1936.7349853515625,1714996,1883.7256591796875,2019.9257348632811,,1910.048591711861,50.654413536464965,-38.8213942387506,-51.711790567022454,12.890396328271855,1979.6669206119473,1883.7256591796875,1787.7843977474276,0.10186330580010221,46.21615636989072,0.023862922247723743,32.60906939681843,25.80920681702299,30.2405850577834,-24918992.0,2882035.55,1972.661788174635,1772.152480485624,2648.4536953749325,1772.152480485624
2022-04-04,1936.5953927510382,1987.340111025808,1929.326124885889,1983.6123046875,1693019,1888.8024536132812,2016.5436840820312,,1917.0546596143029,56.30904972836822,-28.48030674115057,-47.065493801848085,18.585187060697514,1994.1426390502127,1888.8024536132812,1783.4622681763497,0.11154177106813433,47.05885849632132,0.02372381860362326,30.59557798800907,30.12841291326115,27.577693554214164,-23225973.0,2849135.45,1987.340111025808,1772.152480485624,2648.4536953749325,1772.152480485624
2022-04-05,1998.5698234413103,2011.1511676317778,1982.2606735647782,1994.189697265625,1277652,1897.9285888671875,2014.2697192382811,,1924.4008536763336,57.49269207095012,-19.209972607269947,-41.49438956293246,22.284416955662515,2006.532123028147,1897.9285888671875,1789.325054706228,0.11444427867097091,45.76111817994119,0.022947224249873274,29.15729072601275,32.48643615932472,26.334071982486186,-21948321.0,2617780.5,2011.1511676317778,1772.152480485624,2648.4536953749325,1772.152480485624
2022-04-06,1989.7164396261294,2017.1157225379618,1976.9487496641832,1996.2867431640625,1736115,1906.924249267578,2010.8522509765626,,1931.2471288656411,57.737148685010105,-11.560687529200095,-35.50764915618599,23.946961626985896,2016.8135570016461,1906.924249267578,1797.03494153351,0.11525293443226703,45.36153637235815,0.022722956272534924,27.928929712075206,31.370912231198712,24.66846961227253,-20212206.0,2532840.45,2017.1157225379618,1799.8779801914297,2648.4536953749325,1772.152480485624
2022-04-07,1994.3299237423928,2026.9948751672066,1989.8100946750442,2017.489013671875,1824732,1914.701397705078,2008.6193017578125,,1939.46064170433,60.227605675675115,-3.7445629685028052,-29.155031918649353,25.410468950146548,2032.4894677941995,1914.701397705078,1796.9133276159566,0.12303544587192532,44.7774823809156,0.022194659835802318,26.970846745851773,31.086003049276542,23.205215604684735,-18387474.0,2459049.3,2026.9948751672066,1799.8779801914297,2648.4536953749325,1772.152480485624
2022-04-08,2029.5107944923936,2044.2356741218994,2016.277128316722,2034.496826171875,1693462,1918.48046875,2005.931552734375,2225.0225061035158,1948.5117068917152,62.15419340289574,3.7786030031945756,-22.56830493428057,26.346907937475144,2046.1367149220034,1918.48046875,1790.8242225779966,0.13308057939748408,43.576129768362875,0.02141862754849122,26.397072380606616,32.48742635776626,22.141749884131286,-16694012.0,2406331.95,2044.2356741218994,1799.8779801914297,2648.4536953749325,1772.152480485624
2022-04-11,2039.1100565664012,2044.7950522139772,1993.3511429881326,2015.85791015625,1380107,1921.6794128417969,2003.465615234375,2223.568707275391,1954.9256310121473,58.79302893887399,8.142895258939916,-16.426064895636472,24.568960154576388,2055.5770030972176,1921.6794128417969,1787.7818225863762,0.13935476371411165,44.13811401532586,0.021895448976314357,25.278323718928437,29.782798833436075,24.00852063229076,-18074119.0,2247015.5,2044.7950522139772,1799.8779801914297,2648.4536953749325,1772.152480485624
2022-04-12,1995.2147312648187,2017.674851803864,1980.3967944957094,1987.1534423828125,1370233,1925.0786926269532,2000.6455249023438,2222.0165435791014,1957.994946380782,53.954017511456,9.179600933122174,-11.304931729884743,20.484532663006917,2061.967159562366,1925.0786926269532,1788.1902256915403,0.14221597014157947,43.64810996481362,0.021965143221388483,23.920885496272167,27.965922778542456,24.66383266159346,-19444352.0,2191938.7,2044.7950522139772,1799.8779801914297,2648.4536953749325,1772.152480485624
2022-04-13,1992.232929577605,2017.6752542708587,1985.709268247399,2005.6995849609375,1071601,1930.3884887695312,1998.3790185546875,2220.5124194335935,1962.5382452931779,56.448186283568,11.366688251797541,-6.770607733548287,18.13729598534583,2071.082503775768,1930.3884887695312,1789.6944737632944,0.14576756525927909,42.8136725404312,0.021346004586855927,22.660416169034406,26.474546648091213,23.348492285220342,-18372751.0,2173934.1,2044.7950522139772,1799.8779801914297,2648.4536953749325,1772.152480485624
2022-04-18,2001.8319605222355,2034.3569791120044,1989.7632332675512,2029.4642333984375,1828131,1935.3045349121094,1995.9932250976562,2219.3193182373047,1968.91214892225,59.47716614234685,14.846438724385962,-2.4471984419614374,17.2936371663474,2082.482055286121,1935.3045349121094,1788.1270145380977,0.15209753061493825,42.940820633575626,0.02115869790997455,21.86985944634724,27.285585242850424,21.61654599353028,-16544620.0,2107963.0,2044.7950522139772,1799.8779801914297,2648.4536953749325,1772.152480485624
2022-04-19,2036.9663162430054,2056.6772266766075,1958.0767140105352,1969.2601318359375,1775996,1935.8171020507812,1991.9886279296875,2217.771706542969,1968.945290152125,49.991539624747986,12.600942374853958,0.5624297214016416,12.038512653452315,2083.3921330779895,1935.8171020507812,1788.2420710235729,0.15246794841399955,46.9165129216111,0.02382443647902978,20.308669174290685,23.189597154035866,23.195717992101507,-18320616.0,2058935.3,2056.6772266766075,1799.8779801914297,2648.4536953749325,1772.152480485624
2022-04-20,1970.518222654477,2021.0765931219128,1950.2949199729485,2017.62841796875,1511804,1941.1175720214844,1989.505908203125,2216.3161083984373,1973.581778515613,56.05529422108591,14.556488660033438,3.361241509128001,11.195247150905438,2092.403786490977,1941.1175720214844,1789.831357551992,0.15587537473265226,48.621167223564896,0.02409817724143394,19.0501803725161,20.778245150162142,21.926940310440685,-16808812.0,1997940.65,2056.6772266766075,1799.8779801914297,2648.4536953749325,1772.152480485624
2022-04-21,2036.3140857352982,2053.788176860029,2020.470909782209,2048.3828125,2244813,1950.64443359375,1987.4807763671874,2215.1127001953123,1980.705686514126,59.42425389778967,18.376067921170943,6.36420679153659,12.011861129634353,2103.741774491326,1950.64443359375,1797.5470926961739,0.15697103814611535,47.73106662840163,0.023301829295348877,18.29014162601082,24.549107634780285,20.740422162504938,-14563999.0,1989781.75,2056.6772266766075,1799.8779801914297,2648.4536953749325,1772.152480485624
2022-04-22,2033.5183351398482,2040.0419961600035,1975.7373375327581,1982.21435546875,3520828,1957.5595153808595,1985.0455908203126,2213.5474206542967,1980.849369271709,50.46086127533367,15.880806463202589,8.267526725869791,7.613279737332798,2103.053579211148,1957.5595153808595,1812.0654515505705,0.1486484193069162,49.51066722403307,0.024977453668135145,17.446373425869446,21.976239887078776,25.020393634546984,-18084827.0,1834207.25,2056.6772266766075,1799.8779801914297,2648.4536953749325,1772.152480485624
2022-04-25,1957.0981555136557,2014.8791486764399,1907.7047258745017,1957.797119140625,2437310,1963.843194580078,1981.996240234375,2211.816982421875,1978.6539168782724,47.60714369487652,11.79703796183071,8.973428973061976,2.8236089887687346,2097.498566252394,1963.843194580078,1830.187822907762,0.13611613395731947,53.62950690816915,0.027392780581733524,17.889445607736405,18.839253018360605,30.51006201913273,-20522137.0,1849640.55,2056.6772266766075,1799.8779801914297,2648.4536953749325,1772.152480485624
2022-04-26,1996.4265645770997,2011.1048014871922,1976.6692372257871,2002.158203125,1447088,1972.9460388183593,1979.586220703125,2210.2539318847657,1980.8924203303416,52.826800960903896,12.0018409870097,9.579111375851522,2.4227296111581786,2089.9655836133597,1972.9460388183593,1855.9264940233588,0.11862417166268373,53.60651943948329,0.026774367457982787,18.300869776612867,17.501093664863223,28.34292063476374,-19075049.0,1818772.85,2056.6772266766075,1799.8779801914297,2648.4536953749325,1772.152480485624
2022-04-27,2001.645496029156,2005.932336453137,1960.3599986854579,1999.1292724609375,2214481,1980.8676330566407,1977.0131079101564,2208.798696899414,1982.6292633903984,52.44262850123723,11.783901982401403,10.020069497161499,1.763832485239904,2081.2754935205926,1980.8676330566407,1880.4597725926888,0.10137765773780087,53.03264932006871,0.026527873935228444,18.947787921954497,16.42686895608945,28.79987728032984,-21289530.0,1779444.9,2056.6772266766075,1839.7189805821397,2648.4536953749325,1772.152480485624
2022-04-28,2078.251694669211,2096.890723320953,2017.67485155105,2089.29541015625,5865359,1992.7406860351562,1976.7120874023437,2207.7519158935547,1992.7879440347651,61.433821863564475,18.671602897705952,11.75037617727039,6.921226720435563,2085.1488018429436,1992.7406860351562,1900.3325702273687,0.09274474742787199,56.22756371577918,0.02691221329566514,17.694678942058797,25.941678889126216,25.223189974251117,-15424171.0,1800442.3,2096.890723320953,1859.2899031302493,2648.4536953749325,1772.152480485624
2022-04-29,2091.671927766584,2134.1690086439226,2071.308923305249,2082.77197265625,2678692,2002.9432312011718,1976.8295092773437,2206.8304461669923,2001.3578515225256,60.54200836707676,23.334779792628524,14.067256900342016,9.267522892286507,2087.4649684725364,2002.9432312011718,1918.4214939298074,0.0843975365399413,56.70131526027162,0.027223966907888603,17.169424606220165,28.58350773493457,23.225841654983682,-18102863.0,2031254.0,2134.1690086439226,1880.6779674590377,2648.4536953749325,1772.152480485624
2022-05-02,2068.932282910222,2098.75473023145,2055.791676048419,2078.7177734375,1543544,2011.417010498047,1975.7186157226563,2205.8706427001953,2008.7254631334756,59.95945270231837,26.398930643934136,16.53359164906044,9.865338994873696,2090.468155089179,2011.417010498047,1932.3658659069147,0.07860244213760367,55.72001089761158,0.026804990850426716,16.373949710387343,27.009265924632526,23.93586052982769,-19646407.0,2091347.15,2134.1690086439226,1899.6900257155633,2648.4536953749325,1772.152480485624
2022-05-04,2089.388464513875,2097.682968763275,2002.4373505257283,2023.7791748046875,1608395,2015.769219970703,1973.576064453125,2204.6699560546876,2010.1591499593055,52.57650944081681,24.116209845685034,18.05011528838536,6.0660945572996745,2087.102243159584,2015.769219970703,1944.4361967818222,0.07077498999604484,58.54326856474979,0.02892769591346335,15.730173880638691,23.870544411221733,27.66405140833804,-21254802.0,2041498.15,2134.1690086439226,1907.7047258745017,2648.4536953749325,1772.152480485624
2022-05-05,2029.7905388243976,2052.1107336333866,2007.0510113103558,2019.1663818359375,1101451,2017.546923828125,1970.9488891601563,2203.480706176758,2011.0169815666038,51.997579425185705,21.68495268891479,18.777082768491248,2.9078699204235434,2087.3412930486297,2017.546923828125,1947.7525546076206,0.06918735658259252,57.58015811891272,0.028516797148017917,15.13238203872923,22.53625528652518,26.117717051512926,-22356253.0,2036168.1,2134.1690086439226,1907.7047258745017,2648.4536953749325,1772.152480485624
2022-05-06,1980.3967722591176,2022.3345862598987,1962.8760400155727,2002.949951171875,1585602,2017.9849365234375,1967.9041870117187,2202.311567993164,2010.248692957582,49.916657420114426,18.239381214666537,18.66954245772631,-0.43016124305977144,2087.2957500377092,2017.9849365234375,1948.6741230091657,0.06869309305517385,57.71432869929939,0.02881466342458143,15.293082558534612,20.87787412423523,29.662981295163238,-23941855.0,2006589.7,2134.1690086439226,1907.7047258745017,2648.4536953749325,1772.152480485624
2022-05-09,1977.1352905800113,1993.8171329659476,1966.5575490633007,1972.615234375,1341414,2016.8013610839844,1964.5836401367187,2201.00233581543,2006.6645540449554,46.192615287641964,12.912139759995853,17.51806191818022,-4.605922158184367,2088.326916812843,2016.8013610839844,1945.2758053551256,0.07092969799506225,56.19133394281902,0.028485704137138832,15.442304469782469,19.912046507122415,28.290747399590842,-25283269.0,2021987.2,2134.1690086439226,1907.7047258745017,2648.4536953749325,1772.152480485624
2022-05-10,1988.7847575131693,2048.3363750332396,1974.8054832101245,2032.0272216796875,2162232,2017.528271484375,1962.9145263671876,2199.96677734375,2009.0800462006441,53.508421600224246,13.330645986368609,16.6805787318179,-3.3499327454492906,2089.3618452529195,2017.528271484375,1945.6946977158304,0.07120948418303326,57.58632013677764,0.02833934482884358,14.456729479531923,24.80428148212776,25.633608816673647,-23121037.0,2002252.15,2134.1690086439226,1907.7047258745017,2648.4536953749325,1772.152480485624
2022-05-11,2036.3141804345355,2040.6943073080545,1972.0095221050237,2016.2772216796875,1858636,2016.6172912597656,1961.1084008789062,2198.892991333008,2009.7654914843624,51.50904336057557,12.25020902997835,15.794504791449992,-3.5442957614716413,2088.027860757345,2016.6172912597656,1945.2067217621861,0.07082213348767807,58.379067641510005,0.028953889382768765,13.593191870001975,22.71978097468894,23.82150773211521,-24979673.0,2019127.15,2134.1690086439226,1907.7047258745017,2648.4536953749325,1772.152480485624
2022-05-12,2017.5351933477875,2017.5351933477875,1965.6719584897523,1993.2578125,1531515,2015.487286376953,1960.5007641601562,2197.5825372314453,2008.1933315810898,48.6479273932271,9.427803171977075,14.521164467555408,-5.093361295578333,2087.6217407623676,2015.487286376953,1943.3528319915386,0.0715801631426648,57.91365101411895,0.02905477186690768,12.914257021010545,21.266482688632312,23.079387994836786,-26511188.0,2027385.85,2134.1690086439226,1907.7047258745017,2648.4536953749325,1772.152480485624
2022-05-13,2022.3347992229694,2067.0684722011733,2007.5632766140677,2044.794921875,2057239,2018.3693603515626,1960.9369213867187,2196.7925958251953,2011.679197323367,54.71300112706491,11.220299578990307,13.86099148984239,-2.640691910852082,2090.3511654449426,2018.3693603515626,1946.3875552581826,0.07132669223718506,59.04915163462283,0.028877786717348152,12.660339979415824,25.359483029268496,21.018750123986674,-24453949.0,2034956.25,2134.1690086439226,1907.7047258745017,2648.4536953749325,1772.152480485624
2022-05-16,2050.293464243432,2070.7497558016858,2024.478451130906,2066.36962890625,1396818,2021.4028625488281,1961.7784741210937,2196.2033831787107,2016.8878098550701,57.002452018547885,14.217869694339925,13.932367130741897,0.28550256359802795,2096.057214309142,2021.4028625488281,1946.748510788514,0.07386390228633678,58.13644828006261,0.02813458321628295,12.490820426801768,24.37007666678169,19.823821125596044,-23057131.0,2069306.55,2134.1690086439226,1907.7047258745017,2648.4536953749325,1772.152480485624
2022-05-17,2085.6142542463635,2122.0536503645253,2070.1439952440146,2092.231201171875,2055096,2024.5412109375,1963.5659545898438,2195.787014770508,2024.063370932861,59.6366003671563,18.467397689728386,14.839373242539196,3.6280244471891905,2105.3137860155744,2024.5412109375,1943.7686358594256,0.07979346099916752,57.96127493564923,0.027703092709440845,13.186641726409903,29.020183370932006,18.463466940633438,-21002035.0,2085567.4,2134.1690086439226,1907.7047258745017,2648.4536953749325,1772.152480485624
2022-05-18,2083.9366572667113,2145.352164715765,2083.9366572667113,2135.473388671875,2137455,2032.851873779297,1967.3012109375,2195.6160333251955,2034.6738488127671,63.64688821505724,25.035864521560143,16.878671498343387,8.157193023216756,2122.84037575213,2032.851873779297,1942.8633718064639,0.08853424406721233,58.20800582946383,0.027257659186128002,14.172368110906369,29.692111250624382,17.071975493870177,-18864580.0,2096915.65,2145.352164715765,1907.7047258745017,2648.4536953749325,1772.152480485624
2022-05-19,2092.7902492723942,2128.3907488531613,2092.650320039763,2110.45068359375,1734602,2037.492987060547,1971.8686962890624,2195.2319439697267,2041.8906902204799,59.93592776541995,27.90067699586166,19.083072597847043,8.817604398014616,2133.251720828897,2037.492987060547,1941.7342532921969,0.09399662661563252,57.10908174393871,0.02706013563258979,15.087685467938801,28.101787111163286,16.157592056901915,-20599182.0,2114988.6,2145.352164715765,1907.7047258745017,2648.4536953749325,1772.152480485624
2022-05-20,2134.1689955517377,2188.222184085362,2127.365703903267,2167.672607421875,2599505,2043.4574768066407,1978.98880859375,2195.257388305664,2053.8699204301365,64.96638017121415,34.3919436330043,22.144846804878497,12.247096828125805,2154.7816143198334,2043.4574768066407,1932.133339293448,0.10895664703252014,58.58496879734396,0.02702666841697192,16.7409640131616,32.731967186175055,14.625506993845374,-17999677.0,2126128.5,2188.222184085362,1907.7047258745017,2648.4536953749325,1772.152480485624
2022-05-23,2151.8761815783296,2225.5003558289523,2149.4066009213248,2217.8583984375,2363306,2055.239678955078,1987.018505859375,2195.540474243164,2069.487870716552,68.68060600733557,43.089187790040796,26.33371500191096,16.755472788129836,2186.276981865687,2055.239678955078,1924.2023760444692,0.1275153494284722,59.83559637664993,0.026978997585600874,18.689431947392503,34.20877430501824,13.296974180625467,-15636371.0,2143863.1,2225.5003558289523,1907.7047258745017,2648.4536953749325,1772.152480485624
2022-05-24,2218.0450715968987,2218.0450715968987,2145.399481249001,2152.482177734375,3078655,2064.9739318847655,1992.829228515625,2195.498997192383,2077.392090432535,59.788142789244176,44.19702600182791,29.90637720189435,14.290648799933557,2194.5268641357175,2064.9739318847655,1935.4209996338136,0.1254765789054828,60.750595946024774,0.028223507062887117,20.38836850014514,31.286855167827493,12.63236627119134,-18715026.0,2085987.0,2225.5003558289523,1960.3599986854579,2648.4536953749325,1772.152480485624
2022-05-25,2171.400587139213,2171.400587139213,2130.9073355831756,2142.277099609375,1884260,2071.979876708984,1996.4964624023437,2195.1561724853514,2083.5716151160436,58.51454298835833,43.74724029451818,32.67454982041912,11.072690474099062,2202.3394639875096,2071.979876708984,1941.620289430459,0.12583093952203928,59.303642775311374,0.027682526591039442,21.55780530383877,29.760923252712292,13.761770490769605,-20599286.0,2118054.25,2225.5003558289523,1960.3599986854579,2648.4536953749325,1772.152480485624
2022-05-26,2134.3087611319856,2139.760768735695,2104.3466096712536,2125.035888671875,2299127,2078.2752075195312,1999.959599609375,2194.77229675293,2087.5205935499325,56.331291607781445,41.5209327818734,34.443826412709974,7.077106369163424,2206.0900861862606,2078.2752075195312,1950.4603288528021,0.12300091749569508,57.776989001226376,0.027188712110333527,21.927160631378406,28.36535233240025,16.400094564755957,-22898413.0,2139912.85,2225.5003558289523,1962.8760400155727,2648.4536953749325,1772.152480485624
2022-05-27,2140.692684937092,2176.013557251892,2125.31548454464,2172.00634765625,1011303,2082.410754394531,2005.0163696289062,2194.7131207275393,2095.5668558457724,60.63990731712915,43.05043293702329,36.16514771757264,6.885285219450651,2216.578740776545,2082.410754394531,1948.2427680125168,0.12885833027790336,57.291323256854284,0.02637714356529193,22.779506919568718,31.08239218787319,15.357754496142507,-21887110.0,2144145.15,2225.5003558289523,1962.8760400155727,2648.4536953749325,1772.152480485624
2022-05-30,2182.816749274554,2204.065288897061,2172.378938020739,2189.107421875,939562,2087.7275268554686,2010.8084448242187,2194.6755389404298,2104.4754811818893,62.10586905902456,45.12234430181843,37.9565870344218,7.1657572673966285,2229.7302943170916,2087.7275268554686,1945.7247593938453,0.1360357284511236,55.48901025570832,0.025347778597443717,23.925379022849267,33.41065833772754,14.723969604434435,-20947548.0,1901442.35,2225.5003558289523,1962.8760400155727,2648.4536953749325,1772.152480485624
2022-05-31,2199.40541837087,2206.767743802838,2147.122851101255,2193.11474609375,3123979,2093.447375488281,2016.0478735351562,2194.597787475586,2112.9173159354,62.45872007474866,46.551094519016715,39.67548853134079,6.875605987675925,2242.574761831822,2093.447375488281,1944.3199891447402,0.1424706329756753,55.78585900184223,0.025436817248712044,24.317055235105954,30.859096286367123,16.83330997725459,-17823569.0,1814485.85,2225.5003558289523,1962.8760400155727,2648.4536953749325,1772.152480485624
2022-06-01,2208.7251892064764,2249.544712892195,2145.3524833558267,2151.363525390625,2197599,2099.826593017578,2019.8949682617188,2194.323782348633,2116.5788596930406,56.55051742080944,43.80940720268018,40.50227226560867,3.3071349370715097,2247.3946252573405,2099.826593017578,1952.2585607778155,0.1405525891808983,59.24345689716553,0.02753763192411131,25.2357297707135,32.140032035013576,14.718670067313191,-20021168.0,1893507.6,2249.544712892195,1962.8760400155727,2648.4536953749325,1772.152480485624
2022-06-02,2138.829103810092,2149.965880871319,2103.5546417407054,2129.3232421875,1460335,2105.334436035156,2024.249052734375,2193.899513549805,2117.7926104067988,53.66460645607226,39.403909850854234,40.28259978265778,-0.8786899318035495,2248.609609492276,2105.334436035156,1962.0592625780366,0.13610680660022906,58.42670166521939,0.02743909450084073,25.071730468933406,30.26151342198145,18.96831825617945,-21481503.0,1922967.8,2249.544712892195,1962.8760400155727,2648.4536953749325,1772.152480485624
2022-06-03,2128.5773587434023,2166.740729542921,2111.009980861968,2135.986328125,1845303,2111.9862548828123,2029.8118676757813,2193.4999920654295,2119.52534542758,54.42186781468403,36.03479017875861,39.433037861877956,-3.3982476831193438,2247.7882419921075,2111.9862548828123,1976.1842677735171,0.1286012035308728,58.23413359491466,0.02726334566290667,25.155775575880455,30.250459605370587,17.671682328591803,-19636200.0,1940912.0,2249.544712892195,1965.6719584897523,2648.4536953749325,1772.152480485624
2022-06-06,2117.5801866085376,2145.3057441762653,2094.654315858785,2125.3154296875,2131405,2119.6212646484373,2035.439921875,2192.9906158447266,2120.076782023763,52.92995073705709,32.13327386311403,37.97308506212517,-5.8398111990111445,2239.4531607156587,2119.6212646484373,1999.7893685812162,0.11306915821784481,57.69251178938362,0.02714538791913187,24.844809915435945,28.35342090491631,18.58845214676354,-21767605.0,1953897.05,2249.544712892195,1965.6719584897523,2648.4536953749325,1772.152480485624
2022-06-07,2096.8908500698885,2106.0706632466377,2056.8635791262204,2061.10400390625,2034730,2121.0751037597656,2040.01953125,2192.0587591552735,2114.460326964952,44.94536850647732,23.58806017613506,35.09608008492715,-11.508019908792093,2237.271228525828,2121.0751037597656,2004.8789789937032,0.10956342334139517,58.46103598737619,0.02836394275911334,23.719628954152157,25.982068408695593,21.651126630233655,-23802335.0,1993396.6,2249.544712892195,1965.6719584897523,2648.4536953749325,1772.152480485624
2022-06-08,2064.2726741968127,2067.9538372977217,2037.246079365342,2047.544189453125,1506843,2122.6384521484374,2044.568388671875,2190.793264770508,2108.087361487635,43.454592127065325,15.542587784934767,31.185381624928677,-15.64279383999391,2233.888634314459,2122.6384521484374,2011.3882699824157,0.10482254484122751,56.47865898344788,0.02758360931811326,22.274254992155136,24.973026002695097,23.291306736573098,-25309178.0,1987021.5,2249.544712892195,1965.6719584897523,2648.4536953749325,1772.152480485624
2022-06-09,2047.497825818652,2058.0755683193356,2023.0340943995625,2048.150146484375,1497867,2125.3830688476564,2048.7174438476563,2189.5203814697265,2102.3790552968485,43.544708763864215,9.110369944921331,26.77037928892721,-17.66000934400588,2225.9231250523517,2125.3830688476564,2024.8430126429612,0.09460888032688264,54.94743147889968,0.026827833678705774,20.719368197633752,23.835456074728977,24.07782053027222,-23811311.0,1969431.85,2249.544712892195,2007.5632766140677,2648.4536953749325,1772.152480485624
2022-06-10,2015.8112729294546,2058.5413439975937,2015.6249281184046,2050.2001953125,1641981,2125.6533325195314,2052.6847607421873,2187.6401641845705,2097.409640060244,43.87062418207266,4.130597812169071,22.242422993575584,-18.111825181406513,2225.3509440252105,2125.6533325195314,2025.9557210138523,0.0938042059638274,54.0880732217775,0.02638184960934177,19.42613292484102,22.48457423035679,23.691655213214965,-22169330.0,1967749.45,2249.544712892195,2015.6249281184046,2648.4536953749325,1772.152480485624
2022-06-13,2020.4708672621286,2066.1364911070755,2009.287449177652,2047.4041748046875,1519441,2124.7050598144533,2056.0584228515627,2185.677655029297,2092.6472147978097,43.50175879818942,-0.041049771803500334,17.785728440499767,-17.826778212303267,2226.967914699497,2124.7050598144533,2022.4422049294094,0.09626075338096511,54.28528527232364,0.026514200732985316,18.05773503299735,21.80205332037371,21.919472917619444,-23688771.0,1946986.55,2249.544712892195,2009.287449177652,2648.4536953749325,1772.152480485624
2022-06-14,2041.7660520753516,2063.293995391315,2013.015257046004,2023.2667236328125,1592475,2121.2568359375,2058.3389135742186,2183.5997845458983,2086.039548972572,40.34784263510857,-5.234461507751348,13.181690450849546,-18.416151958600892,2231.968928357657,2121.2568359375,2010.5447435173426,0.10438348675607455,53.9991033489656,0.02668906808886236,16.78707984771394,20.35205605017884,20.461666378592334,-25281246.0,1953117.7,2249.544712892195,2009.287449177652,2648.4536953749325,1772.152480485624
2022-06-15,2029.5659140401,2029.7539040767374,2003.522981724058,2018.142822265625,1432377,2115.3903076171873,2059.9670703125,2181.440719604492,2079.573194048101,39.69000529402095,-9.652466122098758,8.614859136259884,-18.267325258358643,2234.5774742027397,2115.3903076171873,1996.203141031635,0.11268574518506413,52.015661849230874,0.025774024154958764,15.835631390299229,19.618962012467914,21.02811548195082,-26713623.0,1929986.65,2249.544712892195,2003.522981724058,2648.4536953749325,1772.152480485624
2022-06-16,2016.6856757902954,2034.549092032727,2007.3309326652916,2018.283935546875,1353485,2110.7819702148436,2060.6605029296875,2179.1832489013673,2073.736121809889,39.719154675912634,-12.992609234868269,4.293365462034254,-17.28597469690252,2237.2797295091086,2110.7819702148436,1984.2842109205783,0.1198586695161033,50.24441167195977,0.024894620022006726,14.825419092362868,19.54152164608491,20.214454847380633,-25360138.0,1894732.75,2249.544712892195,2003.522981724058,2648.4536953749325,1772.152480485624
2022-06-17,2030.788347095803,2031.164327197499,1974.377559676475,1984.202392578125,3252189,2101.6084594726562,2060.4607568359374,2176.701880493164,2065.209099978292,35.28359043901911,-18.180222118620804,-0.20135205409675772,-17.978870064524045,2236.5982327286156,2101.6084594726562,1966.618686216697,0.1284632945280697,50.711722804035794,0.025557736949477595,14.678113239635525,17.978485125471163,23.239148198289804,-28612327.0,1875676.9,2249.544712892195,1974.377559676475,2648.4536953749325,1772.152480485624
2022-06-20,1984.7193620123442,2071.121785294525,1982.039758032247,2064.54052734375,2022000,2093.9425659179688,2061.825832519531,2174.5770477294923,2065.14542639405,49.57774105753958,-15.62866907337866,-3.2868154579531383,-12.34185361542552,2218.678975375371,2093.9425659179688,1969.2061564605663,0.11914023955353223,53.45245883676739,0.025890728774183785,13.750595341035028,21.177838024053795,20.472750759193364,-26590327.0,1908311.1,2249.544712892195,1974.377559676475,2648.4536953749325,1772.152480485624
2022-06-21,2063.694394619827,2098.481042729592,2042.211197148429,2073.09619140625,1606187,2089.9732666015625,2062.9379760742186,2172.3264141845702,2065.9026421094977,50.82345581084955,-12.768981445216014,-5.183248655405714,-7.5857327898103,2212.029350152549,2089.9732666015625,1967.9171830505763,0.11680157397367832,53.653700747081366,0.0258809509030482,13.49578745151431,23.233683522457607,18.939108015075778,-24984140.0,1891245.8,2249.544712892195,1974.377559676475,2648.4536953749325,1772.152480485624
2022-06-22,2058.2413605005468,2091.8057300002215,2055.2798862496575,2071.074951171875,1741378,2086.4131591796877,2063.6695385742187,2170.024917602539,2066.3952429725814,50.50599644260106,-10.544208519394942,-6.255440628203559,-4.288767891191384,2206.2934375750033,2086.4131591796877,1966.5328807843723,0.11491518625433579,52.43028239018727,0.02531549249848282,13.259180125530786,22.077549734059982,17.996677053701248,-26725518.0,1817622.4,2249.544712892195,1974.377559676475,2648.4536953749325,1772.152480485624
2022-06-23,2075.917249272488,2122.315219824069,2060.968480460378,2117.849365234375,1585753,2086.0538330078125,2065.7093676757813,2167.6416693115234,2071.2956355689425,57.172814388070606,-4.949698597946735,-5.994292222152194,1.0445936242054588,2205.5112256232733,2086.0538330078125,1966.5964403923517,0.11452953967464884,53.067172174008974,0.025057104176120767,13.684067930234345,24.361128967641488,16.510639356575805,-25139765.0,1810478.3,2249.544712892195,1974.377559676475,2648.4536953749325,1772.152480485624
2022-06-24,2129.5066968860333,2180.0884029665135,2124.852853985474,2166.07958984375,1930048,2085.7574951171873,2069.287890625,2165.658659057617,2080.32267883321,62.74523009791457,3.3372965925159406,-4.127974459218567,7.465271051734508,2204.387064712873,2085.7574951171873,1967.1279255215018,0.11375202522191623,53.722305428161086,0.024801630411021205,15.059962230432737,30.02664623844649,15.144345601381865,-23209717.0,1774809.6,2249.544712892195,1974.377559676475,2648.4536953749325,1772.152480485624
2022-06-27,2177.3152020277726,2192.3580768959264,2160.5799578297406,2181.827880859375,1450391,2085.393518066406,2072.810456542969,2163.690016479492,2089.98984093094,64.37518439733458,11.048198699196291,-1.0927398275355955,12.140938526731887,2202.7907377798438,2085.393518066406,1967.9962983529686,0.11258999195728706,52.154863545162854,0.02390420619458771,16.51688538012065,30.40022741446729,14.48523871279879,-21759326.0,1820746.85,2249.544712892195,1974.377559676475,2648.4536953749325,1772.152480485624
2022-06-28,2181.8281076903877,2184.9778017577833,2141.5885968634702,2179.007568359375,1404108,2084.6881591796873,2075.8013232421877,2161.7207025146486,2098.467719733648,63.83652866100959,16.738616176519372,2.473531373275398,14.265084803243974,2199.6318956802725,2084.6881591796873,1969.7444226791022,0.11027427387107608,51.528745070102154,0.023647804541082586,17.301419170728213,28.571786533937484,16.246576146117032,-23163434.0,1846288.3,2249.544712892195,1974.377559676475,2648.4536953749325,1772.152480485624
2022-06-29,2158.8405125801264,2162.319131452292,2091.8997659761017,2099.84423828125,1682914,2082.112194824219,2078.4130053710937,2159.2481243896486,2098.598816738182,50.94970270071603,14.691143525152711,4.917053803650861,9.77408972150185,2193.2082822717407,2082.112194824219,1971.0161073766974,0.10671479445121916,54.07010630675724,0.025749579574061324,16.73667438485065,25.283957738094198,20.941115707978913,-24846348.0,1760294.75,2192.3580768959264,1974.377559676475,2648.4536953749325,1772.152480485624
2022-06-30,2091.8055873498342,2114.4640084679777,2080.993521499509,2097.164794921875,2387212,2080.5042724609375,2080.003732910156,2156.7169940185545,2098.462243231867,50.57753424291058,12.705833077036004,6.4748096583278905,6.231023418708114,2189.735854634567,2080.5042724609375,1971.2726902873078,0.10500491022248605,52.59870492545092,0.025080863961103428,15.958505502135338,24.13473555642421,21.470345342329527,-27233560.0,1734560.5,2192.3580768959264,1974.377559676475,2648.4536953749325,1772.152480485624
2022-07-01,2092.840115415233,2155.832158421891,2071.780180911018,2145.8193359375,1235612,2080.9959228515627,2081.952463378906,2154.541675415039,2102.972442537165,56.75483752634406,14.886868526885337,8.15722143203938,6.729647094845957,2191.3051766201174,2080.9959228515627,1970.6866690830077,0.10601582882238374,54.845367252981085,0.025559172822449825,16.023624578139028,26.88043268737183,19.120068718833686,-25997948.0,1780904.35,2192.3580768959264,1974.377559676475,2648.4536953749325,1772.152480485624
2022-07-04,2139.84920101813,2236.029639396416,2139.84920101813,2233.114990234375,2410245,2086.3859008789063,2086.970476074219,2152.9130633544924,2115.3669708892803,65.16718208282103,23.389761959687803,11.203729537569066,12.186032422118737,2214.006911725403,2086.3859008789063,1958.7648900324095,0.12233691839341451,57.797872333360004,0.025882174713848422,17.250745367480587,33.59641927796967,16.847399059950572,-23587703.0,1750419.8,2236.029639396416,1974.377559676475,2648.4536953749325,1772.152480485624
2022-07-05,2241.8587402242088,2267.713684806371,2229.7305125801013,2257.841796875,2463079,2096.222790527344,2092.9713696289064,2151.3483404541016,2128.9360019355395,67.1183439223509,31.757531851765634,15.31449000040838,16.443041851357254,2243.367803385806,2096.222790527344,1949.077777668882,0.14039062405331917,56.38253661142499,0.02497187211675419,18.758290727571698,35.993698997012245,16.03671534408788,-21124624.0,1764361.8,2267.713684806371,1974.377559676475,2648.4536953749325,1772.152480485624
2022-07-06,2256.4314699075953,2359.0051756249095,2256.4314699075953,2348.945068359375,4770394,2111.292834472656,2099.9071069335937,2150.2724798583986,2149.8892463568573,73.0975907552861,45.2190651693636,21.295405034199426,23.923660135164177,2293.0702219912246,2111.292834472656,1929.5154469540873,0.17219533411050647,59.681905833274215,0.025407961487562223,21.0085894364857,42.50098591773418,14.068009876791596,-16354230.0,1785779.25,2359.0051756249095,1974.377559676475,2648.4536953749325,1772.152480485624
2022-07-07,2355.1503864617976,2379.5950611316607,2318.013284559506,2325.017578125,3333262,2125.1362060546876,2106.424873046875,2149.2900201416014,2166.5681350966806,69.52188168406202,53.341787890445175,27.704681605448577,25.637106284996598,2326.667137344696,2125.1362060546876,1923.6052747646793,0.18966401373787736,59.817610886051405,0.02572781016747884,23.257349625809326,41.83431929094595,13.033516345759937,-19687492.0,1948956.8,2379.5950611316607,1974.377559676475,2648.4536953749325,1772.152480485624
2022-07-08,2328.3079892265077,2354.02199602444,2306.0728309729266,2347.48779296875,1346970,2140.0005859375,2111.588720703125,2148.058208618164,2183.7985787035445,70.95859935023955,60.89035658662897,34.341816601684656,26.548539984944313,2360.2183908690395,2140.0005859375,1919.7827810059607,0.20581097629472422,58.96986475501297,0.02512041380221055,25.048959645638046,39.404602872189685,13.722850435005316,-18340522.0,2040726.55,2379.5950611316607,1974.377559676475,2648.4536953749325,1772.152480485624
2022-07-11,2338.2273212228242,2373.9541560464945,2331.646062176359,2341.612060546875,1587197,2154.7109802246096,2116.7655224609375,2146.7409771728517,2198.8284341171952,70.02898972691555,65.64185076694685,40.6018234347371,25.040027332209746,2387.186607068446,2154.7109802246096,1922.2353533807732,0.21578358209285484,57.77973826323601,0.024675196731666033,26.88476004665345,39.80771299691871,13.005115338361277,-19927719.0,2025976.0,2379.5950611316607,1974.377559676475,2648.4536953749325,1772.152480485624
2022-07-12,2326.9448625220853,2341.6117583184705,2298.222325483538,2303.017333984375,1116476,2168.6985107421874,2121.251513671875,2145.360219116211,2208.751186485498,64.08970068035572,65.53769450703112,45.5889976491959,19.948696857835216,2401.519792912489,2168.6985107421874,1935.8772285718858,0.21471060271132272,56.75188089181465,0.02464240284011674,27.752683420083727,37.63378112104172,16.50164534208333,-21044195.0,2029363.8,2379.5950611316607,1974.377559676475,2648.4536953749325,1772.152480485624
2022-07-13,2316.6029176258635,2368.641958908877,2314.1583584470563,2348.333984375,2528792,2185.2080688476562,2127.7426098632814,2144.216233520508,2222.044786284498,67.56784011995501,68.32422573618351,50.136043266593425,18.188182469590082,2419.8053088292863,2185.2080688476562,1950.6108288660264,0.21471386942602866,57.38564832272088,0.024436749075959847,28.8346393293731,37.924193812941574,15.153729570379069,-18515403.0,2005563.85,2379.5950611316607,1974.377559676475,2648.4536953749325,1772.152480485624
2022-07-14,2353.034947525601,2371.979478303374,2320.5516901761675,2348.381103515625,1663307,2201.712927246094,2134.326904296875,2143.2375885009765,2234.0768164969863,67.57135718969693,69.73254061085527,54.0553427354458,15.677197875409469,2433.4424639842837,2201.712927246094,1969.9833905079042,0.21049931975285935,56.960086880184136,0.02425504395130437,29.87340256217147,35.896952893150164,14.176450270374605,-16852096.0,2060384.6,2379.5950611316607,1974.377559676475,2648.4536953749325,1772.152480485624
2022-07-15,2378.6548844854124,2419.928685725884,2352.3769050877404,2414.851806640625,2996964,2223.245397949219,2142.56494140625,2142.7633514404297,2251.293482224952,72.15825581420287,75.34375461538866,58.31302511143437,17.03072950395429,2450.109804285194,2223.245397949219,1996.3809916132439,0.20408399949482942,58.00205083233234,0.02401888624089972,31.30110200452072,38.63895021674107,12.92736790836677,-13855132.0,2075875.7,2419.928685725884,1982.039758032247,2648.4536953749325,1772.152480485624
2022-07-18,2426.6039669051056,2449.168281204107,2381.522393202441,2400.7490234375,1566888,2240.0558227539063,2151.1276171875,2142.1521392822265,2265.527343292814,69.89922593376824,77.75637827093715,62.20169574333493,15.554682527602218,2467.214704498018,2240.0558227539063,2012.8969410097948,0.20281537579259457,58.690896344427614,0.02444691043147499,32.877304138548126,39.01646489628514,11.863095671282252,-15422020.0,2063114.45,2449.168281204107,2042.211197148429,2648.4536953749325,1772.152480485624
2022-07-19,2397.410995220736,2420.962540796665,2371.8381552601113,2414.334228515625,1473121,2257.117724609375,2158.773757324219,2141.7873895263674,2279.699427599748,70.84607136339817,79.84421797002506,65.73020018867295,14.114017781352103,2482.808248155564,2257.117724609375,2031.427201063186,0.19998117163804363,58.00757414386519,0.024026323057818412,34.074287728598065,36.656354548472144,12.337980096181917,-13948899.0,2040358.85,2449.168281204107,2055.2798862496575,2648.4536953749325,1772.152480485624
2022-07-20,2420.963179994211,2461.3909146504247,2383.9201847050513,2448.698486328125,4012897,2275.9989013671875,2167.4221826171874,2141.518045043945,2295.7945760500697,73.14708071086528,83.31139251167451,69.24643865327327,14.064953858401239,2499.4457004447254,2275.9989013671875,2052.5521022896496,0.19635053333577085,59.39779955825864,0.02425688580684627,35.54059811888662,38.10306860464022,11.188547996951657,-9936002.0,2033705.55,2461.3909146504247,2060.968480460378,2648.4536953749325,1772.152480485624
2022-07-21,2460.4504423407425,2472.5786694816798,2436.6638484047844,2451.4716796875,1990695,2292.6800170898437,2176.5864599609376,2141.252144165039,2310.6209668726824,73.33001785202059,85.29964562554733,72.45708004772808,12.842565577819244,2516.2226697570077,2292.6800170898437,2069.1373644226796,0.19500554024186273,57.72044395244698,0.023545221603296213,36.99476485689904,37.79408002947001,10.691280883869473,-7945307.0,2147281.5,2472.5786694816798,2071.780180911018,2648.4536953749325,1772.152480485624
2022-07-22,2460.4503385664325,2485.0830014366134,2454.8563151138937,2482.638671875,1905780,2308.5079711914063,2185.3433349609377,2141.2247491455078,2327.0036054443317,75.36154779197511,88.37157384509965,75.6399788072024,12.73159503789725,2538.683003519168,2308.5079711914063,2078.332938863645,0.1994145441126371,55.998363795066005,0.02255598626954986,38.449732509030675,37.7687275175624,10.232915346347484,-6039527.0,2167528.6,2485.0830014366134,2071.780180911018,2648.4536953749325,1772.152480485624
2022-07-25,2487.2456070787753,2495.237135205847,2455.749584460314,2466.65576171875,1253821,2322.749365234375,2193.3490576171876,2141.01346862793,2340.3038108038,72.31926113920792,88.49628176709848,78.21123939918162,10.285042367916859,2555.046269997154,2322.749365234375,2090.452460471596,0.20001891572088681,54.819020005813655,0.022224025280129123,39.88676894148233,37.14852936700639,9.70641304324853,-7293348.0,2166315.2,2495.237135205847,2071.780180911018,2648.4536953749325,1772.152480485624
2022-07-26,2467.9718443212746,2467.9718443212746,2386.270315841791,2394.73193359375,1685576,2333.5355834960938,2199.399072265625,2140.5472344970703,2345.4874415457,60.48594624831585,81.84796941376862,78.93858540209902,2.9093840116696015,2558.036004744165,2333.5355834960938,2109.0351622480225,0.19241225446558274,56.73919918250435,0.023693340530752605,39.270333730446644,33.327674254266434,17.454770148899296,-8978924.0,2156486.7,2495.237135205847,2071.780180911018,2648.4536953749325,1772.152480485624
2022-07-27,2383.685071225193,2435.53589806676,2373.9541179766725,2427.497314453125,1404133,2349.9182373046874,2205.23955078125,2140.321937866211,2353.297905632122,63.422222196777334,78.32019986744899,78.81490829516902,-0.49470842772002754,2550.3435504977474,2349.9182373046874,2149.4929241116274,0.17058066958358867,57.0850978187603,0.023516029236728787,38.39947392480936,30.75960659830528,17.650873329774118,-7574791.0,2170560.1,2495.237135205847,2071.780180911018,2648.4536953749325,1772.152480485624
2022-07-28,2467.9715344770234,2467.9715344770234,2430.364349189754,2463.36474609375,1442054,2368.228234863281,2212.29783203125,2140.4119049072265,2363.7804618665623,66.36842245161837,77.52495958605186,78.5569185533456,-1.0319589672937326,2537.421744402407,2368.228234863281,2199.0347253241553,0.14288615180613579,55.89860654769874,0.022691973097503836,38.022144309915575,33.31345578953505,16.737989174892174,-6132737.0,2156621.05,2495.237135205847,2071.780180911018,2648.4536953749325,1772.152480485624
2022-07-29,2482.074441880292,2486.7753404444593,2440.70653451562,2479.6298828125,1463059,2384.9187622070312,2218.5369775390627,2140.5598114013674,2374.81374005189,67.64127605010609,77.31593654444669,78.30872215156582,-0.9927856071191314,2526.6970067546386,2384.9187622070312,2243.140517659424,0.11889565950364203,55.19647793206591,0.02225996642267424,37.906612091389015,33.76077919042043,15.740126366267008,-4669678.0,2109363.15,2495.237135205847,2139.84920101813,2648.4536953749325,1772.152480485624
2022-08-01,2479.724231724384,2480.194321626133,2425.663893023284,2437.88623046875,1559918,2395.15732421875,2222.9375341796876,2140.3551971435545,2380.8206439011146,61.235765152501244,72.94110079446318,77.2351978801453,-4.294097085682111,2520.193285128066,2395.15732421875,2270.1213633094344,0.10440730522793511,55.14890297997899,0.022621606492840774,37.40347015592904,31.3763388586982,16.576755250348075,-6229596.0,2120735.5,2495.237135205847,2229.7305125801013,2648.4536953749325,1772.152480485624
2022-08-02,2444.467306973959,2481.2284263663405,2443.527127240507,2477.608642578125,1359934,2406.1456665039063,2229.4400634765625,2140.485355834961,2390.0385485370207,64.66485389977282,71.8510247393042,76.15836325197708,-4.307338512672885,2519.015281661017,2406.1456665039063,2293.2760513467956,0.09381777398465538,54.305566759808386,0.021918541058728164,36.95107669449439,29.723642003907162,15.631741669558389,-4869662.0,2078219.15,2495.237135205847,2256.4314699075953,2648.4536953749325,1772.152480485624
2022-08-03,2458.805123759822,2504.638887179492,2442.492913066802,2469.2412109375,1767904,2412.1604736328127,2235.979345703125,2140.5607098388673,2397.581659241828,63.39273345799833,69.5106740268725,74.82882540695617,-5.318151380083677,2525.0173133297417,2412.1604736328127,2299.3036339358837,0.09357324351390434,54.86559585644279,0.022219617756829797,36.86644761359648,30.36656558457043,14.367027939880224,-6637566.0,2023061.9,2504.638887179492,2298.222325483538,2648.4536953749325,1772.152480485624
2022-08-04,2476.433739502009,2485.318393229677,2458.570322246679,2470.74560546875,1189384,2419.446875,2242.8935400390624,2140.622975463867,2404.5496541205825,63.53164245999614,67.00493016604287,73.26404635877351,-6.2591161927306445,2527.5762714368298,2419.446875,2311.3174785631704,0.08938356742123521,52.85720122262529,0.02139321875373617,36.78786346704841,29.268935645551327,13.847717319862356,-5448182.0,1872937.4,2504.638887179492,2298.222325483538,2648.4536953749325,1772.152480485624
2022-08-05,2480.1941289964025,2498.6685688858342,2470.3692967201387,2487.1513671875,1176666,2426.4300537109375,2249.1964404296873,2141.263744506836,2412.4164839364794,65.08747786635232,65.5868733162788,71.72861175027458,-6.1417384339957835,2533.0980666730006,2426.4300537109375,2319.7620407488744,0.08792177033821934,51.1030634328446,0.02054682481614802,36.91272065953425,29.977207400346757,13.299972240767191,-4271516.0,1765743.5,2504.638887179492,2298.222325483538,2648.4536953749325,1772.152480485624
2022-08-08,2487.1520777194582,2498.9984375221657,2468.9597324591764,2491.80615234375,1024511,2433.9397583007812,2255.2504150390623,2142.243412475586,2419.977404737172,65.53673174131208,64.09975325196137,70.20284005061194,-6.1030867986505655,2536.742826342458,2433.9397583007812,2331.1366902591044,0.08447461995809402,49.59846640642636,0.019904624747705553,36.98038186581523,28.68039816272081,12.927614072513393,-3247005.0,1757228.3,2504.638887179492,2298.222325483538,2648.4536953749325,1772.152480485624
2022-08-10,2491.805678942235,2516.5792794894205,2473.8010976589776,2484.707275390625,1098949,2443.0242553710937,2261.082265625,2143.339955444336,2426.142154323215,64.18033334612305,61.63785699731034,68.48984343995163,-6.851986442641291,2528.6145023108943,2443.0242553710937,2357.434008431293,0.0700690930527004,49.111303222427544,0.01976542818900334,37.31618842391959,29.452971123522186,12.123289741654574,-4345954.0,1729094.0,2516.5792794894205,2314.1583584470563,2648.4536953749325,1772.152480485624
2022-08-11,2497.164854880746,2508.1649137399977,2450.673005001465,2457.34814453125,810674,2448.474963378906,2267.2019580078127,2144.261030883789,2429.114153390647,59.10328349216458,56.824100410185565,66.15669483399842,-9.33259442381285,2522.3304626727436,2448.474963378906,2374.6194640850686,0.06032775535667851,49.70991790214935,0.020229090457848712,36.81691031169409,27.01984423833811,14.445071600578448,-5156628.0,1728217.65,2516.5792794894205,2320.5516901761675,2648.4536953749325,1772.152480485624
2022-08-12,2467.878067978915,2469.0064674604973,2430.45909249325,2439.7197265625,1473527,2453.04189453125,2273.4098876953126,2145.0858599853514,2430.1242079784424,56.02783118395573,50.99881503632514,63.12511887446376,-12.126303838138618,2511.203583066034,2453.04189453125,2394.880205996466,0.04742005317108374,48.91259340679921,0.020048447727114848,35.700311253874354,25.498845255593725,16.583830846403835,-6630155.0,1642311.75,2516.5792794894205,2352.3769050877404,2648.4536953749325,1772.152480485624
2022-08-16,2451.9415624038916,2489.9249593811733,2435.5825277072177,2486.30517578125,1584117,2456.6145629882812,2280.4162646484374,2146.1622552490235,2435.4747763406144,61.699643328767365,49.56988010802934,60.41407112117688,-10.844191013147544,2513.722520287473,2456.6145629882812,2399.5066056890896,0.04649321725889652,49.30043899731038,0.019828796351123362,35.071654747970896,26.521988761532963,15.278125732163513,-5046038.0,1632822.75,2516.5792794894205,2371.8381552601113,2648.4536953749325,1772.152480485624
2022-08-17,2492.416510114378,2532.8442392486363,2486.305341756874,2524.053466796875,1711381,2462.77978515625,2288.391025390625,2147.614946899414,2443.910842098354,65.5745020503791,50.89670495909468,58.510597888760444,-7.6138929296657665,2521.0437395095687,2462.77978515625,2404.5158308029313,0.04731560223491291,49.10319788803009,0.01945410370024531,35.20891013300353,30.96979257065743,14.243817677620298,-3334657.0,1562180.4,2532.8442392486363,2371.8381552601113,2648.4536953749325,1772.152480485624
2022-08-18,2524.382615199773,2552.588007548374,2505.2498655755444,2521.609130859375,1465489,2468.1435302734376,2297.6011279296877,2149.0878033447266,2451.310679123213,65.1151103791312,51.16123090768906,57.04072449254617,-5.879493584857109,2527.32455190778,2468.1435302734376,2408.962508639095,0.04795589957265244,48.977122465515784,0.019422963641008144,35.62451892767485,31.711136352065374,13.26044913224479,-4800146.0,1569405.05,2552.588007548374,2373.9541179766725,2648.4536953749325,1772.152480485624
2022-08-19,2528.1434266721417,2537.4981695694582,2469.3821904627666,2476.95068359375,1324508,2469.5561401367186,2306.1892578125,2150.3210589599607,2453.7525843108833,57.22694372107042,47.222949394285024,55.07716947289394,-7.854220078608918,2528.1590641106604,2469.5561401367186,2410.9532161627767,0.04746028893329594,50.344183654171204,0.02032506500336454,34.889070397142994,28.646468096152887,17.06783892736607,-6124654.0,1569023.45,2552.588007548374,2373.9541179766725,2648.4536953749325,1772.152480485624
2022-08-22,2489.5964348980474,2507.271863349108,2463.3655068734993,2469.570556640625,1410895,2470.461083984375,2314.617666015625,2151.452407836914,2455.259057866097,56.01919644005932,43.01051985453887,52.663839549222935,-9.653319694684065,2528.4750263124497,2470.461083984375,2412.4471416563,0.04696608475573276,49.88433885570247,0.02019960058301007,34.029677653409756,26.845499139263715,16.856323557619938,-7535549.0,1434604.0,2552.588007548374,2373.9541179766725,2648.4536953749325,1772.152480485624
2022-08-23,2446.394840902538,2472.3907199885966,2430.599774701353,2437.651123046875,1305045,2468.211706542969,2322.3666845703124,2152.3691766357424,2453.5821116928378,51.005389455988976,36.673755343219,49.465822708022145,-12.792067364803145,2527.634081848293,2468.211706542969,2408.7893312376445,0.04815014461506835,49.30623931509827,0.020226946690168397,32.3222334620428,25.220235710824642,20.58249863549323,-8840594.0,1405614.0,2552.588007548374,2373.9541179766725,2648.4536953749325,1772.152480485624
2022-08-24,2421.902964418526,2453.8690749737393,2408.08236840922,2433.420166015625,1242489,2466.5499267578125,2330.087004394531,2153.2999700927735,2451.661926390246,50.36195920588416,30.953607027376165,45.763379571892955,-14.80977254451679,2527.88163718809,2466.5499267578125,2405.218216327535,0.049730767469925545,49.05484411862833,0.020158805620053923,30.1764146594738,23.538806409270098,22.489017505706272,-10083083.0,1375577.25,2552.588007548374,2373.9541179766725,2648.4536953749325,1772.152480485624
2022-08-25,2445.595793591988,2471.168639747808,2411.9843637664853,2420.2109375,1106593,2467.823876953125,2338.025888671875,2154.111129760742,2448.6665941149845,48.3128206606809,25.065534054715954,41.623810468457556,-16.558276413741602,2523.9753013746595,2467.823876953125,2411.6724525315904,0.04550683291942322,49.778374965963636,0.020567783656652298,28.57235096515838,24.022133417433782,20.579128753072226,-11189676.0,1375010.65,2552.588007548374,2373.9541179766725,2648.4536953749325,1772.152480485624
2022-08-26,2444.37344282205,2458.2881501826396,2408.7407191579205,2417.719482421875,1048791,2467.3349853515624,2346.017421875,2154.867662963867,2445.719250144212,47.9168009406112,19.967975804323032,37.29264353563065,-17.32466773130762,2525.0313469892803,2467.3349853515624,2409.6386237138445,0.046768162394047165,49.76187897016045,0.02058215575957267,26.997353642419743,22.31366124211859,19.581120817258416,-12238467.0,1346061.5,2552.588007548374,2408.08236840922,2648.4536953749325,1772.152480485624
2022-08-29,2397.458645708625,2451.8949678496874,2397.458645708625,2421.71533203125,1450034,2465.2525146484377,2354.0860498046877,2155.647670288086,2443.4331627048823,48.64388948168914,16.06536431425775,33.04718769135607,-16.981823377098323,2526.2820272073063,2465.2525146484377,2404.223002089569,0.04951177390245711,50.095767768082005,0.020686067889764497,25.230775365669974,20.581730431479166,19.669926642884423,-10788433.0,1328294.4,2552.588007548374,2397.458645708625,2648.4536953749325,1772.152480485624
2022-08-30,2433.843137339098,2507.4592535704824,2430.9287179980906,2500.737060546875,2227943,2466.3078735351564,2364.4167431640626,2156.9672381591795,2448.890676785072,60.4134318381527,19.128409275547256,30.26343200819431,-11.135022732647055,2529.002651069754,2466.3078735351564,2403.613096000559,0.050840998569032715,52.64206446602132,0.02105061955394433,24.811331144719393,25.726543711345485,17.381457113732548,-8560490.0,1328693.4,2552.588007548374,2397.458645708625,2648.4536953749325,1772.152480485624
2022-09-01,2491.4763069299215,2496.177205622242,2438.8262415759305,2450.1083984375,1702269,2466.918981933594,2372.1281005859373,2158.1452630615236,2449.0066502757795,52.16483793031438,17.271489583780294,27.665043523311507,-10.393553939531213,2528.7256802435923,2466.918981933594,2405.1122836235954,0.05010841358199267,53.30411835923012,0.02175582043358718,24.42184722526528,23.59222538917002,15.939461531263913,-10262759.0,1366937.6,2552.588007548374,2397.458645708625,2648.4536953749325,1772.152480485624
2022-09-02,2458.5700079498542,2466.091445832684,2430.3646158892443,2447.85205078125,937600,2465.43115234375,2379.6232177734373,2159.17803894043,2448.8966884191577,51.825226830454525,15.439818336070857,25.21999848586338,-9.780180149792521,2527.568654805662,2465.43115234375,2403.293649881838,0.050407006825431915,52.04859775810222,0.021262967155833836,23.804726504083373,22.435510510093422,16.319183764864995,-11200359.0,1374055.15,2552.588007548374,2397.458645708625,2648.4536953749325,1772.152480485624
2022-09-05,2441.6467553030598,2465.5272285963338,2431.398888075206,2445.031494140625,1274074,2464.220666503906,2387.1023486328127,2160.104448852539,2448.528574678345,51.37496097850375,13.603794255154298,22.896757639721564,-9.292963384567265,2526.9545011547034,2464.220666503906,2401.486831853109,0.050915760510847737,50.76857938403263,0.02076397768523496,23.231685834414456,21.358231790876914,15.535590747136984,-12474433.0,1352938.45,2552.588007548374,2397.458645708625,2648.4536953749325,1772.152480485624
2022-09-06,2436.1936287719777,2463.270850439749,2409.680606746976,2419.176513671875,1250776,2461.6422119140625,2393.1288916015624,2160.9859271240234,2445.7331402967766,47.31673143235206,9.947779291057941,20.30696196998884,-10.3591826789309,2527.2640106769595,2461.6422119140625,2396.0204131511655,0.05331546432320272,50.97012683465695,0.021069205387288365,22.022337613047885,19.75422103062345,17.412421244225722,-13725209.0,1328246.95,2552.588007548374,2397.458645708625,2648.4536953749325,1772.152480485624
2022-09-07,2417.9545516562225,2441.552927852562,2407.612573445149,2411.185302734375,1344964,2457.8439086914063,2398.031005859375,2161.8996746826174,2442.4428700527383,46.10451103398555,6.332539580115736,17.51207749201422,-11.179537911898485,2525.869996184616,2457.8439086914063,2389.8178211981967,0.05535427799353438,49.75371451842524,0.02063454619684462,20.83614158607999,18.79167227663841,16.86087532067578,-15070173.0,1331316.55,2552.588007548374,2397.458645708625,2648.4536953749325,1772.152480485624
2022-09-08,2425.6639793497657,2440.706856741082,2409.680922121492,2422.984375,1004533,2454.4028198242186,2402.8541357421873,2162.8339752197267,2440.5896800477153,48.214102259607166,4.3691576559222085,14.883493524795819,-10.51433586887361,2522.171063333421,2454.4028198242186,2386.634576315016,0.05522177774718814,48.416015954222715,0.01998197613396608,19.73467384675266,17.931524209697976,16.089105299333262,-14065640.0,1339731.45,2552.588007548374,2397.458645708625,2648.4536953749325,1772.152480485624
2022-09-09,2442.5867342430174,2488.655537159841,2428.907074408465,2433.843017578125,1785443,2451.8596069335936,2407.9508447265625,2163.8731243896486,2439.947140764897,50.14803144257895,3.647320996122744,12.636259019061203,-8.98893802293846,2518.699207391248,2451.8596069335936,2385.020006475939,0.05452155602110267,49.64852639748117,0.020399231190714,19.947940055958902,23.135655084698456,14.569005164896934,-12280197.0,1338732.55,2552.588007548374,2397.458645708625,2648.4536953749325,1772.152480485624
2022-09-12,2436.0060374756445,2449.168555624876,2420.022979723006,2426.0400390625,1595709,2450.2942016601564,2414.4747607421873,2164.8469329833983,2438.6226548884783,48.73945858832169,2.4177547172998857,10.592558158708941,-8.174803441409056,2518.007091294821,2450.2942016601564,2382.581312025492,0.05526919142100296,48.18402993350894,0.019861184958896556,19.83723844316683,22.136061899628256,15.256529082999043,-13875906.0,1373057.25,2552.588007548374,2397.458645708625,2648.4536953749325,1772.152480485624
2022-09-13,2442.5870984341814,2452.9290761411776,2424.723682394824,2431.869140625,1342130,2449.9016723632812,2421.16884765625,2165.9405181884767,2437.9794630538613,49.87219792427716,1.8918661081961545,8.852419748606385,-6.960553640410231,2517.9454213472422,2449.9016723632812,2381.8579233793203,0.05554814689221633,46.756984491569256,0.01922676829541598,19.826546450247015,21.756738448287965,14.599153788976285,-12533776.0,1412309.0,2552.588007548374,2397.458645708625,2648.4536953749325,1772.152480485624
2022-09-14,2397.458370100643,2450.1084362675592,2394.3557310085926,2417.578125,1610054,2446.4653198242186,2426.6040234375,2167.082405395508,2436.0364784773033,47.12288113432667,0.31826135196706673,7.1455880692785225,-6.827326717311456,2513.7456069171726,2446.4653198242186,2379.1850327312645,0.055002036242057344,47.39953597495479,0.019606206510887746,18.78373591697087,19.9288166566594,17.9488743757085,-14143830.0,1405739.15,2552.588007548374,2394.3557310085926,2648.4536953749325,1772.152480485624
2022-09-15,2425.6634524598,2443.338875462452,2398.3982431104455,2407.23583984375,1199906,2440.6244384765623,2430.0864404296876,2168.2375848388674,2433.293560512203,45.181696234129284,-1.7432723738043023,5.367815980661958,-7.11108835446626,2499.7343341068063,2440.6244384765623,2381.5145428463184,0.04843833790924453,47.22390000188706,0.019617479608874673,17.815411850357304,18.57415510583195,16.728799425132877,-15343736.0,1407036.0,2552.588007548374,2394.3557310085926,2648.4536953749325,1772.152480485624
2022-09-16,2402.1592006684114,2410.4798830604955,2367.9835758033796,2376.915283203125,2516820,2433.38974609375,2432.46791015625,2169.2677215576173,2427.9242007684816,39.98171439691852,-5.7573016359961,3.142792457330347,-8.900094093326448,2486.159850120424,2433.38974609375,2380.6196420670763,0.04337168274123301,46.886214805831976,0.019725656668187277,17.09449510512444,17.371649657744804,20.27927116665939,-17860556.0,1381462.25,2537.4981695694582,2367.9835758033796,2648.4536953749325,1772.152480485624
2022-09-19,2379.5953046246486,2433.185558422991,2358.018222028853,2424.958984375,1166725,2430.7901611328125,2433.9881884765623,2170.5932952880858,2427.6417992071974,49.833919348211595,-5.004040119604269,1.513425941943424,-6.517466061547694,2479.7018877897744,2430.7901611328125,2381.8784344758506,0.04024347921020693,48.906294919282416,0.02016788540936388,16.014594876297434,18.780739230098103,18.05294543770585,-16693831.0,1434028.8,2507.4592535704824,2358.018222028853,2648.4536953749325,1772.152480485624
2022-09-20,2443.1514617017247,2464.6814885551908,2425.2880444663447,2429.001708984375,1253333,2428.76171875,2436.06787109375,2171.8118719482422,2427.7713144240715,50.56922792265946,-4.034355314621735,0.40386969063039224,-4.438225005252127,2474.3221685681574,2428.76171875,2383.2012689318426,0.0375174307684706,48.250309866490156,0.01986425521563951,15.841879942414236,22.338932545771065,16.991356103434097,-15440498.0,1426139.65,2507.4592535704824,2358.018222028853,2648.4536953749325,1772.152480485624
2022-09-21,2427.5441910706472,2488.4208318033448,2425.663831511336,2466.65576171875,1960049,2430.211950683594,2438.45123046875,2173.0395501708986,2431.474595118803,56.90511509862484,-0.22491309470387932,0.27811313356353795,-0.5030262282674173,2478.57236108033,2430.211950683594,2381.8515402868575,0.039799335513211576,49.286502039741485,0.019981102675388707,16.223253609363802,23.747620071463064,15.445980021292666,-13480449.0,1418261.55,2507.4592535704824,2358.018222028853,2648.4536953749325,1772.152480485624
2022-09-22,2466.1855195181556,2539.660472946018,2463.3179254600923,2531.6689453125,2620240,2435.1243896484375,2442.2523681640623,2174.777053833008,2441.016914184869,65.19927992305469,7.948492613219514,1.8121890294947334,6.13630358372478,2500.6899819214436,2435.1243896484375,2369.5587973754314,0.053849891653766344,51.21907671446895,0.020231348498113623,17.531456231045734,28.365054648123188,13.801523727043712,-10860209.0,1451011.75,2539.660472946018,2358.018222028853,2648.4536953749325,1772.152480485624
2022-09-23,2536.5108420952433,2560.8145803167163,2514.0406380052864,2521.609130859375,1789791,2440.194299316406,2446.6242041015626,2176.637367553711,2448.692363391965,63.17321599995095,13.459084620451904,4.141568147686168,9.317516472765735,2515.343955572522,2440.194299316406,2365.04464306029,0.0615931741805711,50.901567114251876,0.020186144827649955,19.073831189757975,29.47176391915846,12.895641324684116,-12650000.0,1519899.3,2560.8145803167163,2358.018222028853,2648.4536953749325,1772.152480485624
2022-09-26,2508.869646729059,2565.7505212379992,2484.94211815276,2501.395263671875,2678551,2444.3780883789063,2449.6854296875,2178.3262493896486,2453.7116872281467,59.192843922043714,16.01061790323547,6.515378098796028,9.495239804439443,2523.2801960849347,2444.3780883789063,2365.475980672878,0.06455802241162753,53.03776968360811,0.021203274210151155,19.571592150769167,26.26439168421374,15.411066806490945,-15328551.0,1554059.2,2565.7505212379992,2358.018222028853,2630.48361857461,1772.152480485624
2022-09-27,2515.921222196627,2551.4130107384512,2494.6730662485415,2518.976806640625,1898501,2449.241162109375,2453.09734375,2180.0145050048827,2459.9274128864777,61.46697775676161,19.229741505166203,9.058250780070065,10.171490725096138,2533.7468915259383,2449.241162109375,2364.735432692812,0.069005642011817,53.30221074120108,0.02116026261166189,20.033798757422417,24.26736901251803,14.239280679569998,-13430050.0,1635547.2,2565.7505212379992,2358.018222028853,2609.920589836455,1772.152480485624
2022-09-28,2510.2328010347546,2546.711820129236,2493.403675837528,2540.459716796875,1526197,2451.227294921875,2455.609501953125,2181.814136352539,2467.5971561160395,64.09966348573374,23.246440960679593,11.89588881619197,11.350552144487622,2542.107649469533,2451.227294921875,2360.346940374217,0.07415089962153393,53.30263456623727,0.020981491740968684,20.42036224833096,22.5338063372303,13.392189626326271,-11903853.0,1657970.55,2565.7505212379992,2358.018222028853,2575.000946643274,1772.152480485624
2022-09-29,2548.921138470767,2563.8699030769285,2530.1175454889044,2539.002197265625,2019666,2455.671984863281,2458.3745654296877,2183.638862915039,2474.397636225524,63.78126935117068,26.01224164315363,14.719159381584303,11.293082261569326,2554.2663765822294,2455.671984863281,2357.0775931443327,0.08029931711293892,51.90618621065062,0.02044353733389869,21.122686939334674,23.848319631298295,12.770163612867561,-13923519.0,1622883.25,2565.7505212379992,2358.018222028853,2565.7505212379992,1772.152480485624
2022-09-30,2545.066647598627,2552.493975996988,2508.305526629742,2535.147705078125,1340054,2460.036767578125,2460.7908349609374,2185.5768878173826,2480.1833570686285,62.89157819808931,27.575262839329298,17.290380073133303,10.284882766195995,2564.4192206665743,2460.036767578125,2355.6543144896755,0.0848625146291717,51.35491929326457,0.02025717049558735,21.020180665964286,22.38258125466095,15.019090131007179,-15263573.0,1638753.1,2565.7505212379992,2358.018222028853,2565.7505212379992,1772.152480485624
2022-10-03,2560.109400601019,2570.4513776140966,2460.967494141953,2465.621337890625,1683197,2461.066259765625,2461.1292919921875,2187.1022784423826,2478.796498099295,49.483328963784324,22.939341176483595,18.42017229380336,4.519168882680233,2565.2423747586217,2461.066259765625,2356.8901447726284,0.08465933379860943,55.5069881631845,0.022512373376307467,19.562544764189994,19.22914058120043,18.99472202536488,-16946770.0,1658875.8,2570.4513776140966,2358.018222028853,2570.4513776140966,1772.152480485624
2022-10-04,2491.4766008142624,2516.3913668224054,2476.5746583874065,2508.352783203125,1327939,2465.5250732421873,2462.2669140625,2188.828978881836,2481.611382394898,55.73029238066892,22.45456809033385,19.22705145310946,3.22751663722439,2569.781448389035,2465.5250732421873,2361.2686980953395,0.08457133636832158,55.16863393236992,0.02199396923024539,18.209025712542438,17.965140739709756,17.746131349778803,-15618831.0,1679331.95,2570.4513776140966,2358.018222028853,2570.4513776140966,1772.152480485624
2022-10-06,2520.904276740966,2531.2462550869814,2449.2155632060862,2457.630126953125,1752351,2467.847314453125,2461.7667431640625,2190.3554205322266,2479.3274533052054,48.12306180165734,17.77261582237861,18.93616432696329,-1.1635485045846785,2569.186963383868,2467.847314453125,2366.507665522382,0.08212797310209588,57.08735235726458,0.023228618387763366,17.558177378550628,16.121233534643473,19.347914822748418,-17371182.0,1683190.1,2570.4513776140966,2358.018222028853,2570.4513776140966,1772.152480485624
2022-10-07,2455.655204737511,2456.6894941958726,2420.9626664961243,2444.18505859375,1025923,2468.9073486328125,2461.3173291015623,2192.183921508789,2475.980558570781,46.31824524686427,12.829341602891873,17.714799782149008,-4.885458179257135,2568.7806361463104,2468.9073486328125,2369.0340611193146,0.0809048485102561,55.62878865010288,0.022759646801093134,17.583180345405147,15.362216604876993,22.064713111459852,-18397105.0,1703559.45,2570.4513776140966,2358.018222028853,2570.4513776140966,1772.152480485624
2022-10-10,2416.2619313231776,2454.5272008264124,2389.9368986083723,2449.732421875,1043728,2469.7018188476563,2462.4173388671875,2193.859126586914,2473.4807360283253,47.198153121179345,9.252727343930474,16.022385294505302,-6.769657950574828,2568.6956718277056,2469.7018188476563,2370.707965867607,0.08016664378231622,56.268896762098386,0.022969405254076994,18.20942416188373,14.102639479495359,24.194042605417167,-17353377.0,1704628.95,2570.4513776140966,2358.018222028853,2570.4513776140966,1772.152480485624
2022-10-11,2453.8690947141035,2454.3862394726934,2392.757412278695,2398.0693359375,1129783,2468.3032836914062,2461.828779296875,2195.2585430908202,2466.2986979244374,40.53448209263598,2.223820686266208,13.262672372857484,-11.038851686591276,2570.4645857792116,2468.3032836914062,2366.141981603601,0.08277856514862361,56.65174893580553,0.023623899478977375,18.790936277185274,13.006810075930675,22.31407231214966,-18483160.0,1667543.2,2570.4513776140966,2358.018222028853,2570.4513776140966,1772.152480485624
2022-10-12,2410.1038073945497,2448.7923430031724,2401.4071444430424,2436.3349609375,882873,2468.526574707031,2461.28818359375,2196.8269219970703,2463.4450086875863,46.55344181991352,-0.25597166018042117,10.558943566249903,-10.814915226430324,2570.387448375521,2468.526574707031,2366.665701038541,0.08252767032137709,56.22826737365316,0.02307903809417756,19.33091181282242,12.168715453270135,20.87626366381103,-17600287.0,1644246.9,2570.4513776140966,2358.018222028853,2570.4513776140966,1772.152480485624
2022-10-13,2428.4842727921514,2451.1895217396013,2409.586568169701,2412.877197265625,753331,2468.2915283203124,2459.9531298828124,2198.170838012695,2458.6290266473998,43.637501774971156,-4.0671864506207385,7.633717562875775,-11.700904013496514,2570.6420941893184,2468.2915283203124,2365.9409624513064,0.08293231548597195,55.18360210195653,0.022870456136140263,19.743631203167627,11.823715670451135,19.752075894208915,-18353618.0,1621284.05,2570.4513776140966,2358.018222028853,2570.4513776140966,1772.152480485624
2022-10-14,2435.0658401511137,2467.8780254877447,2416.450232994862,2421.71533203125,1001536,2469.0155029296875,2459.6297119140627,2199.5761834716795,2455.113436683957,45.03443669702298,-6.301794849855014,4.8466150803296175,-11.14840993018463,2569.821508553597,2469.0155029296875,2368.209497305778,0.08165684298401134,55.17054682482533,0.022781598685486376,19.513676368172753,13.14240093550061,18.34555350161901,-17352082.0,1578447.9,2570.4513776140966,2358.018222028853,2570.4513776140966,1772.152480485624
2022-10-17,2419.6467623821204,2453.8221595047135,2414.3816638241474,2435.582763671875,778918,2471.948876953125,2458.7891943359373,2201.030132446289,2453.2533725875683,47.243860582219014,-6.874507227212689,2.502390618821156,-9.376897846033845,2564.9783967483067,2471.948876953125,2378.919357157943,0.07526815838509426,54.04697174309253,0.02219057079448679,19.35426557663895,12.457358183914641,17.662680821083104,-16573164.0,1568529.4,2570.4513776140966,2358.018222028853,2570.4513776140966,1772.152480485624
2022-10-18,2463.270954297363,2483.9549088754325,2441.6468199657447,2446.582763671875,1123374,2473.030065917969,2458.336025390625,2202.503198852539,2452.618076500359,48.99524063624544,-6.367378665572687,0.7284367619423877,-7.095815427515075,2564.336657217338,2473.030065917969,2381.7234746185995,0.07384187726442139,53.64162699026859,0.02192512257781228,18.162101739630838,15.667399571287433,16.52499592797292,-15449790.0,1481634.3,2570.4513776140966,2389.9368986083723,2570.4513776140966,1772.152480485624
2022-10-19,2458.8517334548437,2460.9200826505335,2424.158968780099,2428.48388671875,1241979,2473.0041748046874,2457.490791015625,2203.8962542724607,2450.319582235444,46.27328318361049,-7.3412780546727845,-0.8855062013806468,-6.455771853292138,2564.360970428803,2473.0041748046874,2381.647379180572,0.07388325224427135,52.4358760531376,0.02159202140063874,17.557556454048616,14.882834412787885,18.079694661869386,-16691769.0,1479466.75,2570.4513776140966,2389.9368986083723,2570.4513776140966,1772.152480485624
2022-10-20,2414.522347970824,2453.8689593051386,2414.522347970824,2445.313232421875,1428125,2471.937048339844,2456.6540283203126,2205.2860858154295,2449.8427870151045,49.10470985993168,-6.678131445260988,-2.0440312501567153,-4.634100195104272,2564.060912020251,2471.937048339844,2379.8131846594365,0.07453576841067036,51.50092857322168,0.021061076303183615,17.261446960455807,14.070658902536971,18.429601476330504,-15263644.0,1478899.05,2570.4513776140966,2389.9368986083723,2570.4513776140966,1772.152480485624
2022-10-21,2450.1085460353065,2507.2244685877413,2450.1085460353065,2495.14306640625,2458302,2470.1107543945313,2456.7207666015624,2206.764075317383,2454.157099338071,56.42689084663935,-2.1074385822071235,-2.056712716566797,-0.05072586564032644,2558.810184002713,2470.1107543945313,2381.4113247863497,0.0718181801770451,52.24452197269629,0.02093848752646636,16.665714752641602,20.174400737722134,16.869630119716042,-12805342.0,1452302.85,2570.4513776140966,2389.9368986083723,2570.4513776140966,1772.152480485624
2022-10-24,2453.9631630864824,2482.0744447179154,2397.458270466168,2419.176513671875,719908,2464.989123535156,2455.4101513671876,2207.856870727539,2450.82561498891,45.64542558742238,-4.5624049209363875,-2.5578511574407155,-2.004553763495672,2553.029496217657,2464.989123535156,2376.948750852655,0.07143266624741801,55.49025582750956,0.02293766309068755,16.184437296752307,17.63762045094812,21.525687202098844,-13525250.0,1444205.95,2570.4513776140966,2389.9368986083723,2570.4513776140966,1772.152480485624
2022-10-25,2431.304950498523,2431.304950498523,2350.4494881076207,2355.5263671875,2923789,2457.6956787109375,2453.3737158203126,2208.445259399414,2441.7494961506804,38.93310910187837,-11.5113229409626,-4.348545514145092,-7.162777426817508,2556.0301460658393,2457.6956787109375,2359.3612113560357,0.08002167901151884,57.302056296323315,0.024326646092585245,16.655354862322696,15.859950566615057,25.215917330438497,-16449039.0,1390711.8,2570.4513776140966,2350.4494881076207,2570.4513776140966,1772.152480485624
2022-10-27,2344.808734283508,2378.6552116027565,2339.1676547303,2368.313232421875,1846329,2450.1625,2451.9455859375,2209.0297821044924,2434.755566271747,40.81601548967104,-15.804413930082319,-6.639719197332537,-9.164694732749782,2551.5993836117564,2450.1625,2348.7256163882435,0.08280012742971657,56.0295920517614,0.02365801587590871,17.288778038900865,15.061557792546925,25.38479284680701,-14602710.0,1402973.7,2570.4513776140966,2339.1676547303,2570.4513776140966,1772.152480485624
2022-10-28,2374.988203682049,2398.3044782988304,2361.731577139249,2373.248779296875,1164951,2441.801953125,2449.6844580078123,2209.7526824951174,2428.8977770360443,41.56496425615216,-18.594120636029857,-9.030599485072003,-9.563521150957854,2539.5888284963708,2441.801953125,2344.0150777536296,0.080094026664385,54.639828416605674,0.02302321985510254,17.316346023975786,16.910133202684797,24.171136661976192,-13437759.0,1400365.1,2570.4513776140966,2339.1676547303,2570.4513776140966,1772.152480485624
2022-10-31,2392.7572327869943,2418.1420835866993,2389.983748699422,2398.1162109375,1324443,2434.7576538085937,2447.165712890625,2210.4845892333983,2425.9661993123736,45.31953623041437,-18.5841627319096,-10.941312134439523,-7.642850597470078,2523.3911446873494,2434.7576538085937,2346.124162929838,0.07280682801436927,53.94364812183558,0.022494176001899128,16.80690760955098,18.531678246149717,22.734290419941487,-12113316.0,1382302.8,2570.4513776140966,2339.1676547303,2570.4513776140966,1772.152480485624
2022-11-01,2431.5278395219825,2438.0113751991394,2411.2730873569844,2415.248291015625,1280132,2428.7626831054686,2445.03849609375,2211.34456237793,2424.9454461412547,47.80758210181697,-16.997913966245505,-12.152632500800719,-4.845281465444787,2504.740492885475,2428.7626831054686,2352.7848733254623,0.06256503388207481,52.94018498896442,0.021919148099967305,15.828198056042002,20.214986106885217,21.510553195340815,-10833184.0,1347541.65,2570.4513776140966,2339.1676547303,2570.4513776140966,1772.152480485624
2022-11-02,2426.79522677603,2426.79522677603,2367.5449856731047,2383.540771484375,1338284,2424.658654785156,2443.1702978515623,2212.061840209961,2421.0021437929804,43.83238932224263,-18.090792827933456,-13.340264566227267,-4.750528261706188,2501.0952138179255,2424.658654785156,2348.222095752387,0.06304933594006633,53.390903282818776,0.022399827987657637,15.834029614009442,18.61259596297861,25.655594116978435,-12171468.0,1344545.55,2531.2462550869814,2339.1676547303,2570.4513776140966,1772.152480485624
2022-11-03,2381.0793651090025,2412.597455763985,2374.075447663952,2410.08935546875,730444,2419.7454833984375,2441.980673828125,2212.867593383789,2419.962830619244,47.74991786798456,-16.623038309670847,-13.996819314915985,-2.6262189947548613,2485.9837051035406,2419.7454833984375,2353.5072616933344,0.0547480899619857,52.32883934119122,0.021712406314915875,15.839444632122063,17.63390240361808,24.306563343743054,-11441024.0,1327299.9,2531.2462550869814,2339.1676547303,2570.4513776140966,1772.152480485624
2022-11-04,2408.764175039804,2409.758033484079,2380.6535324905067,2385.480712890625,889055,2416.1380126953127,2440.937265625,2213.5454107666014,2416.6788194069945,44.64179051834795,-17.246734453336558,-14.6468023426001,-2.5999321107364572,2481.5842676782845,2416.1380126953127,2350.691757712341,0.05417426872065435,50.693623886694944,0.021250904948741565,15.84447286322664,16.9025221321934,23.298429098194518,-12330079.0,1297425.15,2507.2244685877413,2339.1676547303,2570.4513776140966,1772.152480485624
2022-11-07,2395.655665189773,2415.4371702744916,2382.3100930959617,2397.2646484375,1283685,2413.7919921875,2440.2141552734374,2214.517465209961,2414.8298507432332,46.43965488946602,-16.598812249297225,-15.037204323939525,-1.5616079253577002,2478.4070868741105,2413.7919921875,2349.1768975008895,0.05353824595967199,49.43887055039743,0.0206230340828748,15.675389738832896,16.914055168225573,22.183330723341562,-11046394.0,1254260.35,2507.2244685877413,2339.1676547303,2570.4513776140966,1772.152480485624
2022-11-09,2375.6848116176993,2408.7171494364193,2359.2631528599154,2374.549072265625,1436444,2410.032824707031,2439.30091796875,2215.255485229492,2410.993586126318,43.50642329570395,-17.71408939375442,-15.572581337902506,-2.141508055851915,2474.59476052334,2410.032824707031,2345.470888890722,0.05357764023330865,49.43995098083361,0.020820774587598453,16.037596612300934,15.705565143184174,23.92807306516782,-12482838.0,1267148.45,2507.2244685877413,2339.1676547303,2570.4513776140966,1772.152480485624
2022-11-10,2370.0056648859245,2402.1862529874106,2367.2135718394065,2379.092041015625,1459152,2409.0839599609376,2438.528369140625,2216.1096490478517,2407.955343734823,44.2646322641152,-18.02360999817256,-16.062787069956517,-1.960822928216043,2474.867571791724,2409.0839599609376,2343.300348130151,0.05461296735532046,48.40657456420293,0.020346659031963452,16.37393156623554,14.895070572756879,22.693251323746914,-11023686.0,1286784.25,2507.2244685877413,2339.1676547303,2570.4513776140966,1772.152480485624
2022-11-11,2408.811812405041,2410.5155369158833,2361.487415304746,2369.106689453125,1162847,2405.722546386719,2437.4761962890625,2217.1916082763673,2404.255471898471,42.90170496173398,-18.8572668926804,-16.621683034501295,-2.2355838581791048,2472.456347426685,2405.722546386719,2338.9887453467527,0.05547921653741596,48.450970781841114,0.020451156124600425,16.39286771971282,15.046403323227857,21.052995989777475,-12186533.0,1303252.7,2507.2244685877413,2339.1676547303,2570.4513776140966,1772.152480485624
2022-11-14,2372.6562336621487,2379.2342792383424,2323.7699883938017,2326.2783203125,2137131,2401.3926025390624,2433.987021484375,2218.283560180664,2396.829076509331,37.5598451708797,-22.71202733244263,-17.839751894089563,-4.872275438353068,2476.4288987683726,2401.3926025390624,2326.356306309752,0.062493984657046205,48.95192221489109,0.021043020427716986,17.25763337328372,13.828680690892098,24.85272011637936,-14323664.0,1317251.4,2507.2244685877413,2323.7699883938017,2570.4513776140966,1772.152480485624
2022-11-15,2326.278133225659,2336.8787520663786,2313.358434043023,2325.994140625,1558333,2396.60654296875,2431.504736328125,2219.077730102539,2390.082892139395,37.52645630508586,-25.495981870490596,-19.37099788936977,-6.124983981120824,2477.8050850244367,2396.60654296875,2315.4080009130635,0.06776126210112363,47.13537905835285,0.0202646164214702,18.26787773259398,13.335791948794334,25.5446655651168,-15881997.0,1386441.4,2507.2244685877413,2313.358434043023,2570.4513776140966,1772.152480485624
2022-11-16,2331.7203038169064,2350.129447190016,2298.167354098633,2345.255126953125,1330395,2392.0901611328127,2429.4527978515625,2220.1583233642577,2385.8135811692737,41.33309143279586,-25.85010139554379,-20.666818590604578,-5.183282804939211,2474.15828430935,2392.0901611328127,2310.022037956275,0.06861624575026286,47.48014434642643,0.020245193710805784,19.4996669288501,12.293317589656217,25.833137585512564,-14551602.0,1414281.25,2507.2244685877413,2298.167354098633,2570.4513776140966,1772.152480485624
2022-11-17,2347.2427399056714,2364.3268935785063,2322.9180458627097,2328.3603515625,960476,2386.1790405273437,2427.119375,2220.9557037353516,2380.3418450162476,39.0835318765885,-27.18068878797976,-21.969592630079617,-5.211096157900144,2468.724909192875,2386.1790405273437,2303.633171861812,0.06918665134808072,47.046480301381436,0.020205841535572366,20.092739141188073,13.675981404284867,24.209028750640208,-15512078.0,1441855.1,2507.2244685877413,2298.167354098633,2570.4513776140966,1772.152480485624
2022-11-18,2337.8253967395817,2355.382795630736,2317.8072676554602,2350.792236328125,1075675,2382.2944580078124,2425.751689453125,2222.013890991211,2377.5275965697597,43.48183997113789,-26.123982247610456,-22.800470553585786,-3.3235116940246705,2463.817250454919,2382.2944580078124,2300.771665560706,0.06844056759908652,46.369983706659596,0.01972525814492576,20.754741838676416,12.884394475524909,23.59503978547797,-14436403.0,1433710.2,2507.2244685877413,2298.167354098633,2570.4513776140966,1772.152480485624
2022-11-21,2350.7921309777334,2377.577786813517,2337.872662584153,2367.544921875,1354881,2378.406042480469,2424.8788818359376,2223.210825805664,2376.5768656464493,46.583739780077124,-23.661972495745886,-22.972770942017807,-0.6892015537280791,2454.791402102698,2378.406042480469,2302.0206828582395,0.06423239619973896,45.89392231542418,0.01938460465581284,20.52234653703685,15.542578125434675,22.13695069248474,-13081522.0,1425395.0,2507.2244685877413,2298.167354098633,2570.4513776140966,1772.152480485624
2022-11-22,2371.8039621071234,2388.935485714857,2363.3803121354986,2381.07958984375,921265,2372.7028686523436,2424.0407861328126,2224.521099243164,2377.0056965223826,49.01820046326993,-20.38370675537317,-22.45495810468888,2.0712513493157125,2427.2972036867864,2372.7028686523436,2318.108533617901,0.046018686752337834,44.44115454856233,0.018664287719789587,19.90290994781507,16.729664117124635,21.22770078789466,-12160257.0,1421732.8,2482.0744447179154,2298.167354098633,2570.4513776140966,1772.152480485624
2022-11-23,2386.095980995717,2389.8819325720688,2368.112711008046,2373.176513671875,734152,2370.402868652344,2422.8274560546874,2225.6432122802735,2376.6410124413815,47.652522119190955,-18.21341680434398,-21.606649844619902,3.3932330402759234,2420.676781862811,2370.402868652344,2320.1289554418768,0.04241803271108049,42.82173076395236,0.01804405635959073,19.29338596655824,16.280047475014293,20.456879669233857,-12894409.0,1344880.95,2438.0113751991394,2298.167354098633,2570.4513776140966,1772.152480485624
2022-11-24,2382.310249912894,2423.00923312555,2376.7732027895427,2412.73974609375,999929,2373.263537597656,2422.5614501953123,2226.85946105957,2380.0789870749404,54.488388371197985,-13.149445546329389,-19.9152089849618,6.765763438632412,2426.263092514334,2373.263537597656,2320.263982680978,0.044663859766983026,43.32251567036112,0.0179557350686085,18.212128533898756,20.40434796556001,18.776094236531762,-11894480.0,1345593.15,2438.0113751991394,2298.167354098633,2570.4513776140966,1772.152480485624
2022-11-25,2418.276435178303,2418.6549378844725,2383.4456363937766,2401.66552734375,783480,2374.93115234375,2421.9573779296875,2228.1589666748046,2382.1348480529223,52.42471990723578,-9.915508927699193,-17.915268973509278,7.999760045810085,2429.284280732475,2374.93115234375,2320.578023955025,0.04577238235734585,42.74300037181361,0.01779723274751231,17.208103775000666,19.20377906206196,17.67132995258713,-12677960.0,1249400.15,2438.0113751991394,2298.167354098633,2570.4513776140966,1772.152480485624
2022-11-28,2391.775257876682,2406.445822378894,2386.8535663234343,2390.071533203125,830905,2375.7722900390627,2421.40724609375,2229.361127319336,2382.8907228291323,50.277795022708034,-8.193677674432365,-15.970950713693897,7.777273039261532,2430.5145284464475,2375.7722900390627,2321.030051631678,0.04608374181052907,41.08937577778832,0.017191692887417967,16.27579507030958,18.549725116947762,17.06946908793379,-13508865.0,1196257.7,2438.0113751991394,2298.167354098633,2570.4513776140966,1772.152480485624
2022-11-29,2391.964079959749,2498.680586459523,2391.964079959749,2493.23828125,2542932,2380.5283935546877,2423.127294921875,2231.3074505615236,2393.40001410731,64.29128485956912,1.4785367149083868,-12.481053227973442,13.959589942881829,2455.1342394466565,2380.5283935546877,2305.922547662719,0.06268007228476258,45.9122098834033,0.01841468993504501,17.645276440423228,29.764930868551875,14.185239626754472,-10965933.0,1179555.4,2498.680586459523,2298.167354098633,2570.4513776140966,1772.152480485624
2022-11-30,2493.049316340791,2553.6245465024504,2482.6379486567557,2540.705078125,3698270,2386.801232910156,2426.4030908203126,2233.459652709961,2407.4290678232805,68.66685614821311,12.826158147127899,-7.419610952953174,20.245769100081073,2488.2845221108228,2386.801232910156,2285.3179437094896,0.08503706785581892,47.703237594995535,0.018775590290156685,19.715440988909197,34.828206291028025,12.677462509764124,-7267663.0,1240479.85,2553.6245465024504,2298.167354098633,2570.4513776140966,1772.152480485624
2022-12-01,2536.5876442669933,2539.427108047889,2505.2116619185554,2520.35546875,1675569,2393.6419677734375,2428.3110205078124,2235.4481341552732,2418.1839631496346,64.99015005900604,19.947247032518135,-1.946239355858912,21.893486388377045,2510.5902299816403,2393.6419677734375,2276.6937055652347,0.0977157517980752,46.83110749581333,0.01858115177659434,21.637736641074742,32.942750100363234,11.991156704313758,-8943232.0,1361386.75,2553.6245465024504,2298.167354098633,2570.4513776140966,1772.152480485624
2022-12-02,2517.657859580169,2517.657859580169,2467.635880729102,2475.16064453125,2101890,2396.8955322265624,2429.23419921875,2237.185012817383,2423.6103137574073,57.61208243232343,21.693843548834593,2.7817772250797894,18.912066323754804,2519.0000322525034,2396.8955322265624,2274.7910322006214,0.10188554184713568,47.25171324760508,0.019090362216289073,22.15785442273672,30.317405816978116,16.715715973916055,-11045122.0,1378251.0,2553.6245465024504,2298.167354098633,2570.4513776140966,1772.152480485624
2022-12-05,2460.8686163125462,2484.530814546321,2446.8131781312222,2479.656494140625,1640511,2401.6043212890627,2429.4942138671877,2239.0615631103515,2428.9480452224757,58.12140735441308,23.173679608248676,6.860157701713566,16.313521906535108,2528.7445348020906,2401.6043212890627,2274.464107776035,0.10587940102038566,46.57070775956891,0.018781112573299768,22.021753118655976,28.563542951140796,18.942426760448832,-9404611.0,1446823.3,2553.6245465024504,2298.167354098633,2570.4513776140966,1772.152480485624
2022-12-06,2467.304954052851,2517.6106986070267,2464.512860680038,2512.499755859375,1484562,2407.366076660156,2429.110830078125,2241.239557495117,2436.9053509974183,61.73830516865946,26.68898310121358,10.82592278161357,15.86306031960001,2543.335321425026,2407.366076660156,2271.396831895286,0.1129610042137887,47.03693134295604,0.01872116852280749,22.48295434747252,31.283785444927823,17.41505260487512,-7920049.0,1484396.1,2553.6245465024504,2298.167354098633,2570.4513776140966,1772.152480485624
2022-12-07,2517.705196988416,2574.257849291455,2514.1084967355036,2562.47412109375,2368561,2416.7623291015625,2429.9281298828123,2243.3806158447264,2448.864281482783,66.48191583085728,33.12554935398657,15.28584809608817,17.8397012578984,2567.5296571812078,2416.7623291015625,2265.9950010219172,0.12476802229509544,48.0884429207506,0.018766411151198217,23.727709823495672,36.82816501086527,15.817519303179157,-5551488.0,1494439.95,2574.257849291455,2298.167354098633,2574.257849291455,1772.152480485624
2022-12-08,2550.832155786268,2565.975961560979,2542.029772464489,2560.675537109375,1314703,2425.84150390625,2431.1137353515624,2245.5294598388673,2459.5129724948397,66.16398357106338,37.64746721875554,19.758171920621642,17.889295298133895,2587.889193561684,2425.84150390625,2263.7938142508165,0.1336012178821195,46.36399621901773,0.018106158139564937,24.8835541940886,35.46951501865246,15.233985682328099,-6866191.0,1541045.8,2574.257849291455,2298.167354098633,2574.257849291455,1772.152480485624
2022-12-09,2578.8955092729643,2594.8912932696076,2566.1652933597697,2576.57666015625,1883397,2436.2150024414063,2432.265732421875,2247.6597174072267,2470.66189512926,67.63749971312615,42.02971505137339,24.212480546771992,17.817234504601394,2608.637348635177,2436.2150024414063,2263.7926562476355,0.14154936737601656,45.49626478624736,0.017657640655445644,26.3278448745815,38.10382373097389,14.4156416743028,-4982794.0,1533823.35,2594.8912932696076,2298.167354098633,2594.8912932696076,1772.152480485624
2022-12-12,2557.5995492152956,2578.233031586393,2544.7745919949284,2571.84423828125,1163204,2448.493298339844,2432.8934228515627,2249.743013305664,2480.2983087627827,66.70642681170287,44.60661385839467,28.29130720909653,16.315306649298137,2622.815650244825,2448.493298339844,2274.170946434863,0.14239152871945962,44.636420129477145,0.017355802293574137,27.001222035456887,36.0636983919274,17.06681636135775,-6145998.0,1569850.85,2594.8912932696076,2298.167354098633,2594.8912932696076,1772.152480485624
2022-12-13,2571.607780521879,2574.447244394373,2553.435257953151,2565.266357421875,1265839,2460.4569091796875,2433.4187060546874,2251.8761322021483,2488.3905038731723,65.35965770942343,45.59248295365069,31.751542358007363,13.840940595643325,2632.3340489443494,2460.4569091796875,2288.5797694150256,0.13971156261538878,42.94896058031605,0.016742495552578913,27.62650082769832,34.803448465714844,16.47041457731613,-7411837.0,1521154.5,2594.8912932696076,2298.167354098633,2594.8912932696076,1772.152480485624
2022-12-14,2574.4472108229606,2574.4472108229606,2528.400664721609,2540.98876953125,886858,2470.2435913085938,2433.53552734375,2254.0036614990236,2493.399862507275,60.504354943688185,43.908641382263795,34.18296216285865,9.725679219405144,2636.981171253889,2470.2435913085938,2303.5060113632985,0.1349968728039223,43.17021668896146,0.01698953462786272,27.427343654493967,32.15185418684126,19.35774516382483,-8298695.0,1506529.8,2594.8912932696076,2317.8072676554602,2594.8912932696076,1772.152480485624
2022-12-15,2525.5610674143977,2539.6636446214534,2506.7258196555204,2520.73388671875,990722,2479.862268066406,2434.6377783203125,2256.0744134521483,2496.003102908368,56.71869450239567,40.4732347828035,35.441016686847625,5.032218095955876,2634.5071129131716,2479.862268066406,2325.2174232196408,0.1247205111656018,42.533983345159186,0.016873650792438806,26.62045545456778,30.30187568263476,21.883844693207315,-9289417.0,1484352.95,2594.8912932696076,2317.8072676554602,2594.8912932696076,1772.152480485624
2022-12-16,2525.2298150780803,2543.875581215562,2511.3164886240284,2528.353271484375,1793864,2488.7403198242187,2435.0377880859373,2258.5979815673827,2499.084071344178,57.7886341488315,37.928257630252574,35.93846487552862,1.9897927547239576,2632.747992152935,2488.7403198242187,2344.7326474955025,0.1157273590833193,41.82149114847164,0.016540999875353096,25.957387038629122,29.336193239212946,20.66690693147932,-7495553.0,1485865.25,2594.8912932696076,2337.872662584153,2594.8912932696076,1772.152480485624
2022-12-19,2528.3532446001177,2574.4471604113696,2528.3532446001177,2572.64892578125,1546941,2498.9955200195313,2437.3381640625,2261.346290893555,2506.0902479572324,63.446061712839736,39.03565527367209,36.55790295515731,2.4777523185147814,2636.0648422592935,2498.9955200195313,2361.926197779769,0.10969953418619245,42.12666433867023,0.01637482048813847,25.938545780956208,32.22702925374033,19.051678390307508,-5948612.0,1521774.7,2594.8912932696076,2363.3803121354986,2594.8912932696076,1772.152480485624
2022-12-20,2561.1961967536704,2561.2435673627783,2511.268961210893,2531.42919921875,827567,2506.5130004882812,2439.083046875,2263.881976928711,2508.5034814107103,55.93346631115417,36.17024042209232,36.48037044854431,-0.3101300264519935,2632.970520787832,2506.5130004882812,2380.0554801887306,0.10090314335087518,43.501900069505005,0.017184719241972308,25.40618189798282,28.9790694591403,19.936757947519492,-6776179.0,1531377.7,2594.8912932696076,2368.112711008046,2594.8912932696076,1772.152480485624
2022-12-21,2544.112235934674,2550.9269029512657,2508.2878057158546,2523.526123046875,779092,2514.030480957031,2440.5589208984375,2266.4853216552733,2509.9342091855833,54.59858556959307,32.88261598139343,35.76081955511414,-2.878203573720711,2624.7897691203702,2514.030480957031,2403.271192793692,0.08811292385060954,43.44027129564115,0.017214115954223567,24.821610997872448,26.94731195525539,19.029157375324356,-7555271.0,1526692.8,2594.8912932696076,2376.7732027895427,2594.8912932696076,1772.152480485624
2022-12-22,2533.2749994139554,2544.63285481951,2500.6211651229855,2503.7919921875,852567,2518.5830932617187,2442.6733740234376,2269.2607287597657,2509.349236138147,51.30594059123421,28.357878519341284,34.28023134795957,-5.922352828618287,2619.3487497915626,2518.5830932617187,2417.8174367318747,0.08001773441538214,43.48108689570426,0.01736609392129093,24.03864811661212,24.999015389350223,18.912782786870483,-8407838.0,1528939.8,2594.8912932696076,2383.4456363937766,2594.8912932696076,1772.152480485624
2022-12-23,2491.1562255903627,2507.767134935955,2468.4878859382347,2480.839599609375,1189702,2522.541796875,2443.563466796875,2272.2545446777344,2506.6340326592162,47.70263938741766,22.65872949276263,31.955930976920182,-9.29720148415755,2609.9603476367215,2522.541796875,2435.123246113278,0.06930989279941241,43.180955617276815,0.01740578295512372,22.37942316873623,23.374717071229025,22.99931977792932,-9597540.0,1521571.7,2594.8912932696076,2386.8535663234343,2594.8912932696076,1772.152480485624
2022-12-26,2480.6977178196216,2496.6935039260525,2467.2576342157854,2477.385009765625,605144,2526.907470703125,2444.853623046875,2275.583134765625,2503.848411431255,47.16571571297283,17.65978528790447,29.096701839117042,-11.436916551212573,2593.720040765461,2526.907470703125,2460.094900640789,0.0528808995477345,42.19916376677612,0.017033752767709045,20.80484474806828,22.210078003928082,22.061623796178413,-10202684.0,1541882.8,2594.8912932696076,2391.964079959749,2594.8912932696076,1772.152480485624
2022-12-27,2484.530479896727,2493.900616704745,2437.442711753922,2454.4794921875,870960,2524.96953125,2445.50890625,2278.773664550781,2499.1466095985165,43.65696894682672,11.71476167059609,25.620313805412852,-13.905552134816762,2597.573502434257,2524.96953125,2452.3655600657426,0.057508789936418975,43.217645279922316,0.017607661998188282,20.078440484223027,20.137620157511822,24.930721716710522,-11073644.0,1530594.75,2594.8912932696076,2437.442711753922,2594.8912932696076,1772.152480485624
2022-12-28,2454.2433301210895,2463.802951141692,2440.1407516611575,2445.346435546875,822651,2520.2015991210938,2445.7041796875,2281.6906665039064,2494.0227834983602,42.305569107885056,6.1949151538456135,21.735234075099406,-15.540318921253792,2600.1944107441373,2520.2015991210938,2440.2087874980502,0.06348127995073137,41.82082772282319,0.0171022097789062,19.40392223922386,19.323773477390088,23.92316546411058,-11896295.0,1446996.15,2594.8912932696076,2437.442711753922,2594.8912932696076,1772.152480485624
2022-12-29,2442.1755247043534,2445.0623591572944,2403.511399647527,2430.62841796875,1345863,2515.7152465820313,2445.3850927734375,2284.049231567383,2487.9852248764923,40.14871965425493,0.6255648834485328,17.513300236769233,-16.8877353533207,2604.7265194418114,2515.7152465820313,2426.7039737222512,0.07076418762474408,41.82184259257496,0.017206185150885803,19.637978528962936,17.94306851724871,28.469847550243,-13242158.0,1303215.2,2594.8912932696076,2403.511399647527,2594.8912932696076,1772.152480485624
2022-12-30,2441.8914589151973,2448.043630384934,2418.4658829342757,2424.0029296875,696432,2513.157360839844,2445.2954736328124,2286.4098510742188,2481.8916729537314,39.18034415305242,-4.273544107343241,13.155931367946739,-17.42947547528998,2609.334958245742,2513.157360839844,2416.9797634339457,0.07653925608045312,40.94726436815236,0.01689241537898275,19.752995823251116,17.537340337848622,27.00093037139691,-13938590.0,1286729.9,2594.8912932696076,2403.511399647527,2594.8912932696076,1772.152480485624
2023-01-02,2436.1654374484147,2441.986477453442,2402.2339803653995,2421.494873046875,681703,2510.2492797851564,2444.8191064453126,2288.921486206055,2476.139596772126,38.7988437420394,-8.263248899297196,8.872095314497953,-17.13534421379515,2613.555829533214,2510.2492797851564,2406.942730037099,0.08230780152391808,40.86192384814453,0.01687466874407606,20.220243356312885,16.31868386702057,27.962069389170136,-14620293.0,1216457.0,2594.8912932696076,2402.2339803653995,2594.8912932696076,1772.152480485624
2023-01-03,2413.591679103535,2424.902164059462,2399.3469890283905,2406.019775390625,821843,2504.9252807617186,2443.036640625,2291.454066772461,2469.4615185453163,36.44108785177449,-12.52939863310121,4.59179652497812,-17.12119515807933,2617.755278311995,2504.9252807617186,2392.095283211442,0.09008651748364016,39.76858464692503,0.016528785446274428,20.71794866657096,15.56965972037514,27.197150389571153,-15442136.0,1168516.6,2594.8912932696076,2399.3469890283905,2594.8912932696076,1772.152480485624
2023-01-04,2414.017763176768,2421.4949263154367,2391.8226646962603,2400.388427734375,1672649,2496.82099609375,2442.66087890625,2293.8002923583986,2462.883128944274,35.59344347411641,-16.17826278306893,0.4377846633687099,-16.61604744643764,2615.1050083301348,2496.82099609375,2378.5369838573656,0.09474769110115515,39.04741871637155,0.016267125047435244,21.351269693377784,14.724557183635948,27.097329398588013,-17114785.0,1135380.65,2594.8912932696076,2391.8226646962603,2594.8912932696076,1772.152480485624
2023-01-05,2401.760830433266,2453.2496886289705,2401.7134598148796,2445.441162109375,2008493,2491.05927734375,2444.4591748046873,2296.232454223633,2461.221989245712,46.34612831951575,-15.258741494204969,-2.701520568146026,-12.557220926058942,2607.55311806209,2491.05927734375,2374.5654366254103,0.09352956132184768,40.034121729101834,0.016370920040688866,20.734995199150774,19.001475880877585,24.541654144902203,-15106292.0,1100585.05,2594.8912932696076,2391.8226646962603,2594.8912932696076,1772.152480485624
2023-01-06,2441.9389358938606,2472.131809376192,2437.111754869187,2438.578857421875,991782,2484.159387207031,2445.8644873046874,2298.8672534179686,2459.0655005005847,45.11074879665355,-14.911850356984814,-5.1435865259137845,-9.76826383107103,2595.8221622582096,2484.159387207031,2372.4966121558527,0.08989984751076874,39.67597407038065,0.016270121406829163,19.54346149683662,21.202842941188983,22.994388025897468,-16098074.0,1135274.55,2578.233031586393,2391.8226646962603,2594.8912932696076,1772.152480485624
2023-01-09,2450.788990082147,2488.7430232540055,2432.4743533955602,2483.632080078125,1267078,2479.748779296875,2448.0721533203123,2301.996185913086,2461.4051747460644,53.814949717847036,-10.87614466314244,-6.290098153359516,-4.586046509782925,2583.9269462636703,2479.748779296875,2375.5706123300797,0.08402316221430679,40.86116662667098,0.016452181848684147,18.362760923890317,22.02105889554069,20.732611424013847,-14830996.0,1090693.8,2574.447244394373,2391.8226646962603,2594.8912932696076,1772.152480485624
2023-01-10,2483.632048725116,2511.364195195127,2475.161026773793,2502.37255859375,1413088,2476.6040893554687,2450.1572802734377,2305.288485107422,2465.306830350606,56.87817035015994,-6.095355367140655,-6.251149596115743,0.155794228975088,2573.8319146809013,2476.6040893554687,2379.376264030036,0.07851705142805926,40.528452469146934,0.01619601059401106,17.893923742619197,24.602816720430962,19.409755543992535,-13417908.0,1095887.5,2574.4472108229606,2391.8226646962603,2594.8912932696076,1772.152480485624
2023-01-11,2502.51374813217,2506.1578185998014,2449.6051724383424,2454.4794921875,1471687,2472.2786254882812,2450.941904296875,2308.400264892578,2464.275655287453,48.098383199011494,-6.100789502485441,-6.221077577389683,0.12028807490424231,2565.2691283288877,2472.2786254882812,2379.2881226476748,0.07522655568179791,41.673037732883515,0.016978360530420792,16.66586144057729,22.218002420039685,21.908651842242065,-14889595.0,1103249.95,2574.4471604113696,2391.8226646962603,2594.8912932696076,1772.152480485624
2023-01-12,2447.7128344396174,2463.329887238485,2435.0771265627877,2451.451416015625,1703829,2468.814501953125,2452.3001171875,2311.5570153808594,2463.0542991663265,47.598110369411295,-6.277078283176252,-6.232277718546997,-0.04480056462925486,2559.458889941475,2468.814501953125,2378.170113964775,0.07343150967125277,40.71444651451306,0.01660830243198813,15.83745699287114,21.116743778094982,23.3714963986791,-16593424.0,1132491.4,2574.4471604113696,2391.8226646962603,2594.8912932696076,1772.152480485624
2023-01-13,2451.5928915519858,2498.018168868088,2429.3030554809857,2483.584228515625,1348015,2466.5760498046875,2453.7700146484376,2314.771449584961,2465.0095305329264,53.165011221141434,-3.780361336045644,-5.741894442046727,1.9615331060010828,2553.3574899332443,2466.5760498046875,2379.7946096761307,0.0703659148360161,42.714494148269445,0.017198729826770887,15.3078172030337,24.490955941431743,20.685932538507434,-15245409.0,1168146.75,2574.4471604113696,2391.8226646962603,2594.8912932696076,1772.152480485624
2023-01-16,2487.323038952813,2487.323038952813,2445.7249384783695,2458.1240234375,930068,2460.8498046875,2455.222880859375,2317.8028979492187,2464.3537679524097,48.74620282459774,-3.812176539414395,-5.3559508615202605,1.5437743221058655,2532.7097738259035,2460.8498046875,2388.989835549097,0.058402564026071274,42.634751742996166,0.017344426618220304,14.816008826756079,22.784136966103702,19.2442925199016,-16175477.0,1145854.3,2561.2435673627783,2391.8226646962603,2594.8912932696076,1772.152480485624
2023-01-17,2466.026961468533,2531.8552440285057,2462.5723729118167,2524.803955078125,1892865,2460.5185424804686,2457.7736669921874,2321.0333123779296,2470.1109286310493,58.47949607572112,1.5255374525195293,-3.979653198712303,5.505190651231832,2531.1241563502654,2460.5185424804686,2389.9129286106718,0.05739084071166455,44.85592808928256,0.0177661033836168,15.409138576725349,27.20036847038892,16.98482818383806,-14282612.0,1115010.65,2550.9269029512657,2391.8226646962603,2594.8912932696076,1772.152480485624
2023-01-18,2525.22977657706,2549.3652185945693,2517.6578731990176,2542.455810546875,2038075,2461.4650268554688,2461.1318017578124,2324.199380493164,2477.0009173849376,60.61194295245899,7.09824728470403,-1.7640731020290363,8.862320386733066,2535.831158374549,2461.4650268554688,2387.0988953363885,0.060424284487261844,43.91674361115893,0.01727335571732614,16.309345734305946,28.64554779570616,16.10891134434001,-12244537.0,1168275.55,2549.3652185945693,2391.8226646962603,2594.8912932696076,1772.152480485624
2023-01-19,2527.217419914552,2535.925062330031,2472.1316395854597,2507.956298828125,1649842,2461.6732421875,2463.7090869140625,2327.055487060547,2479.9490489509553,54.69901754871978,8.631340978683511,0.3150097141134731,8.316331264570039,2536.5339219713387,2461.6732421875,2386.812562403661,0.06082097209401835,45.80298842189153,0.018263072782924314,15.762437251156408,25.50402726260204,21.441965620927746,-13894379.0,1231224.7,2549.3652185945693,2391.8226646962603,2594.8912932696076,1772.152480485624
2023-01-20,2413.544438143698,2465.601278966405,2400.3409765502647,2412.361328125,4569549,2458.2493286132812,2464.5741796875,2329.1992321777343,2473.512123158007,42.36602010205961,2.108310272820745,0.6736698258549275,1.4346404469658176,2535.515697515802,2458.2493286132812,2380.9829597107605,0.06286292281516241,50.2181551258893,0.02081701216994769,15.60438540235237,21.60016860777335,28.371136172238515,-18463928.0,1271088.45,2549.3652185945693,2391.8226646962603,2594.8912932696076,1772.152480485624
2023-01-23,2423.009113242175,2464.654582376025,2415.437209763293,2457.461181640625,1388360,2457.253137207031,2467.1978369140625,2331.5155895996095,2471.9834620611136,48.28969217931793,0.5713564643706377,0.6532071535580696,-0.08185068918743188,2534.0190902761237,2457.253137207031,2380.4871841379386,0.062481111047717676,50.36637649197041,0.020495288742809488,15.457622971320049,19.998273529088735,26.26709780863775,-17075568.0,1440080.8,2549.3652185945693,2391.8226646962603,2594.8912932696076,1772.152480485624
2023-01-24,2464.654504542396,2470.333431972217,2442.6960313623167,2461.341796875,1462462,2457.5962524414062,2469.9047900390624,2333.840864868164,2470.9699701386266,48.77753843911989,-0.32975606160925963,0.4566145105246037,-0.7863705721338634,2534.370893076105,2457.5962524414062,2380.8216118067076,0.06247945776970471,48.74287821467969,0.01980337646586315,15.172094333021779,20.02052536968813,25.20327308536314,-15613106.0,1479241.6,2549.3652185945693,2391.8226646962603,2594.8912932696076,1772.152480485624
2023-01-25,2461.342093571766,2500.6213463628555,2455.1899214478603,2482.02294921875,1591810,2459.430078125,2472.640146484375,2336.1635345458985,2472.0226348129245,51.40856029852458,0.6177805344791523,0.48884771531551346,0.1289328191636388,2536.6972437151553,2459.430078125,2382.1629125348445,0.06283339077406234,48.5063458361308,0.01954306903221778,14.145925009154697,23.14122227091937,23.517159960733423,-14021296.0,1508816.7,2549.3652185945693,2391.8226646962603,2594.8912932696076,1772.152480485624
2023-01-27,2494.4689942843343,2504.9277323557003,2440.2351884893287,2472.368408203125,1581382,2461.5170776367186,2475.5203076171874,2338.3528924560546,2472.0555656119914,50.11445793667816,0.5829494613994939,0.5076680645323096,0.07528139686718427,2537.808397994802,2461.5170776367186,2385.2257572786352,0.06198723628708681,49.662502838290855,0.020087015621747372,13.535769051496398,20.9880246853262,23.479891822172167,-15602678.0,1547274.65,2549.3652185945693,2391.8226646962603,2594.8912932696076,1772.152480485624
2023-01-30,2470.3335129424054,2470.3335129424054,2394.803729434912,2430.722900390625,2744039,2461.853076171875,2477.1189208984374,2340.4272174072266,2468.1191213051948,44.867730490386876,-2.7731319109443575,-0.1484919305630238,-2.6246399803813336,2537.537341333788,2461.853076171875,2386.1688110099617,0.061485606833694896,51.65551540471387,0.021251091762213067,13.890415267969157,18.73694520241212,27.243748840587493,-18346717.0,1559050.6,2549.3652185945693,2391.8226646962603,2594.8912932696076,1772.152480485624
2023-01-31,2430.5807802039876,2451.5927640980008,2405.2148598028316,2438.862548828125,2366794,2462.7214599609374,2478.5452734375,2342.685762939453,2465.332781069283,46.05647080693451,-4.721621066216812,-1.0631177576937816,-3.6585033085230307,2536.917467866291,2462.7214599609374,2388.5254520555836,0.060255298142024266,51.278543182603535,0.021025597858002662,14.21972961183672,17.52649704801009,25.48374233222474,-15979923.0,1661430.95,2549.3652185945693,2391.8226646962603,2594.8912932696076,1772.152480485624
2023-02-01,2461.058144485787,2463.7083572012784,2410.563146421281,2436.496826171875,2014615,2464.2453125,2479.6536181640627,2344.839749145508,2462.5864996504824,45.74773035236433,-6.383126102712595,-2.1271194266975444,-4.25600667601505,2534.8872912357347,2464.2453125,2393.6033337642657,0.057333560402772994,51.41187658241738,0.021100736118418686,14.182349008241326,17.915664950582215,23.602105320175713,-17994538.0,1745685.5,2549.3652185945693,2391.8226646962603,2594.8912932696076,1772.152480485624
2023-02-02,2432.0006824744128,2498.4914580898353,2425.848511065157,2493.853759765625,1980667,2468.9185791015625,2482.0671630859374,2347.161696777344,2465.5643339471626,53.82898963394691,-3.0366510029989513,-2.309025741957826,-0.7276252610411253,2534.2081124149895,2468.9185791015625,2403.6290457881355,0.0528891749335742,52.928381614007456,0.021223530612709915,13.24303511157656,20.85341285304021,21.28829609592463,-16013871.0,1805324.1,2549.3652185945693,2394.803729434912,2594.8912932696076,1772.152480485624
2023-02-03,2498.728240030675,2515.244408886857,2490.351729068288,2507.010009765625,1638238,2471.997021484375,2483.952568359375,2349.8504461669922,2469.5115411679685,55.467572374014615,0.6693383315682695,-1.713352927252607,2.382691258820876,2538.365459213087,2471.997021484375,2405.6285837556634,0.053696211728328974,50.92583148576185,0.020313373814778983,12.617563598337396,22.475095822026564,20.54502646082388,-14375633.0,1820725.0,2549.3652185945693,2394.803729434912,2594.8912932696076,1772.152480485624
2023-02-06,2490.209630484625,2503.460460901495,2460.6318840183976,2496.45654296875,1697446,2474.890905761719,2485.848388671875,2352.2445867919923,2472.077731815662,53.8176207706967,2.7233914465750786,-0.82600405248707,3.5493954990621486,2540.217547816049,2474.890905761719,2409.564263707389,0.05279153267099171,50.600995361580814,0.0202691272572311,12.10105949272543,21.003706329775095,23.395259332276,-16073079.0,1802212.25,2549.3652185945693,2394.803729434912,2594.8912932696076,1772.152480485624
2023-02-07,2503.460612707383,2503.9812272919867,2456.420208090268,2462.00439453125,1495745,2473.809521484375,2487.2870458984376,2354.3126947021483,2471.1183663600036,48.72236220366407,1.553336986719387,-0.3501358446457786,1.9034728313651654,2539.2375231574056,2473.809521484375,2408.381519811345,0.05289655578152293,50.383854207304964,0.020464567130432654,11.717518300297991,19.58749629331115,22.414878958445954,-17568824.0,1837495.45,2549.3652185945693,2394.803729434912,2594.8912932696076,1772.152480485624
2023-02-08,2453.9592495561014,2467.9673173617275,2440.3772861867856,2444.589111328125,1061956,2470.9203491210938,2486.3140625,2356.6245684814453,2468.5917706426817,46.334312445723185,-0.7703275548615238,-0.4341741866889277,-0.3361533681725961,2536.1509492356463,2470.9203491210938,2405.689749006541,0.05279862633998305,48.75572399070761,0.01994434310648591,11.728458434669841,18.795765615882654,23.859200187990265,-18630780.0,1848928.8,2549.3652185945693,2394.803729434912,2594.8912932696076,1772.152480485624
2023-02-09,2448.564266030701,2460.773867852963,2428.688019572779,2448.2802734375,1102484,2470.610388183594,2484.46556640625,2359.07698425293,2466.657342337426,46.92805381620549,-2.2876321122771515,-0.8048657718065725,-1.482766340470579,2536.208415122086,2470.610388183594,2405.0123612451016,0.05310268851149797,47.565018582813074,0.019427930330880607,11.999507705256617,17.890120936798166,24.46496346904515,-17528296.0,1831372.2,2549.3652185945693,2394.803729434912,2594.8912932696076,1772.152480485624
2023-02-10,2446.6714137139306,2448.233026441154,2418.6081377046994,2439.57275390625,1523011,2470.016455078125,2482.849912109375,2361.264057006836,2464.0778577249334,45.6451006485546,-4.144950550211888,-1.4728827274876357,-2.6720678227242525,2536.5066334316857,2470.016455078125,2403.5262767245645,0.05383784242964291,46.2869555220979,0.018973385994733343,12.474824895721463,17.070948310722947,24.900230299739704,-19051307.0,1812912.05,2549.3652185945693,2394.803729434912,2594.8912932696076,1772.152480485624
2023-02-13,2423.009250290585,2452.113755933724,2413.5443704066374,2442.885498046875,1146525,2467.9815185546877,2482.2044091796874,2363.4828381347656,2462.0595377555946,46.24718534745778,-5.288614174980012,-2.236029016986111,-3.0525851579939007,2535.173637300465,2467.9815185546877,2400.7893998089103,0.05445107124232179,45.73570052245423,0.01872199927463675,13.030401735122716,16.04265503437344,24.1911720630334,-17904782.0,1803871.15,2549.3652185945693,2394.803729434912,2594.8912932696076,1772.152480485624
2023-02-14,2446.671245013033,2462.7615394676645,2432.663177743183,2441.560302734375,1944364,2467.1533325195314,2481.4424853515625,2365.244162597656,2460.107229658335,46.02754436398276,-6.230091408203407,-3.0348414952295704,-3.1952499129738365,2535.2137420113863,2467.1533325195314,2399.0929230276765,0.0551732302931894,44.61874775117046,0.018274685946196214,13.180258675567076,16.97423128311224,23.02555913766961,-19849146.0,1793796.65,2549.3652185945693,2394.803729434912,2594.8912932696076,1772.152480485624
2023-02-15,2413.5440066730207,2434.1774879256877,2401.239664678217,2412.076904296875,2009134,2461.516979980469,2479.4340283203123,2366.8906872558596,2455.5329129572438,41.32509363769207,-9.24866984054961,-4.2776071642935785,-4.9710626762560315,2528.2036292687258,2461.516979980469,2394.830330692212,0.05418337539868277,44.31173991581241,0.018370782389597717,14.042527149910974,15.870989573436674,26.594342609808816,-21858280.0,1844511.45,2549.3652185945693,2394.803729434912,2594.8912932696076,1772.152480485624
2023-02-16,2423.0092352411875,2424.8074699775007,2387.8472991211815,2391.869873046875,1982857,2453.987683105469,2476.021943359375,2368.456447753906,2449.469766299113,38.42737122980667,-13.120211904746611,-6.046128112384185,-7.074083792362426,2516.2795203694304,2453.987683105469,2391.6958458415074,0.0507678483415471,43.786627840134315,0.018306442308400697,15.12033514612408,14.914085417291846,27.175578621494555,-23841137.0,1850324.9,2535.925062330031,2387.8472991211815,2594.8912932696076,1772.152480485624
2023-02-17,2389.881771105086,2409.9946374955744,2372.7502489490885,2380.89013671875,1395341,2447.634375,2472.4262353515624,2370.2420025634765,2442.9383730057452,36.91278559240843,-16.8798296746113,-8.212868424829608,-8.666961249781693,2512.479905725992,2447.634375,2382.788844274008,0.052986288628988486,43.31932503344514,0.018194592167594153,16.4212224785345,13.998186052239012,27.99600956850532,-25236478.0,1847564.0,2515.244408886857,2372.7502489490885,2594.8912932696076,1772.152480485624
2023-02-20,2383.256916005494,2406.9191173161125,2373.9812868764943,2377.057373046875,632091,2445.869177246094,2468.435849609375,2372.031457519531,2436.663992057281,36.373837310025124,-19.938783950472043,-10.558051529958096,-9.380732420513947,2516.1533449971816,2445.869177246094,2375.585009495006,0.057471731035282664,42.57778970531464,0.017911973933863908,17.629189287201317,13.224694450427045,26.449046397371966,-25868569.0,1834838.95,2515.244408886857,2372.7502489490885,2594.8912932696076,1772.152480485624
2023-02-21,2392.721344828088,2407.8177801990973,2377.8615314255153,2381.50537109375,862797,2442.07138671875,2464.629072265625,2373.9242346191404,2431.4107900607546,37.51406033584985,-21.75335188422423,-12.797111600811323,-8.956240283412907,2517.4626088882537,2442.07138671875,2366.6801645492465,0.061743667756413816,41.733690951522334,0.01752408012934918,18.71205750323194,12.682257238541029,25.056571846370137,-25005772.0,1637966.05,2515.244408886857,2372.7502489490885,2594.8912932696076,1772.152480485624
2023-02-22,2381.5056244960197,2388.5097741526906,2349.8930185796685,2360.58837890625,885515,2437.0337158203124,2460.5355126953127,2375.864100341797,2424.6657985222305,34.392727877743994,-24.595712441190244,-15.156831768887109,-9.438880672303135,2519.7135213280903,2437.0337158203124,2354.3539103125345,0.06785282039477052,41.51105271020089,0.017585044932498795,20.294547996378977,11.83954256047,28.20418065804525,-25891287.0,1611687.9,2515.244408886857,2349.8930185796685,2594.8912932696076,1772.152480485624
2023-02-23,2358.6477240758454,2381.268691278382,2347.384611082342,2357.369873046875,757215,2430.801062011719,2456.863134765625,2377.490813598633,2418.2566627626725,33.924986922605555,-26.799086992367847,-17.485282813583257,-9.31380417878459,2517.6631693401923,2430.801062011719,2343.9389546832454,0.07146788660408666,40.96626895918941,0.017377955588378225,21.81247051992374,11.140061151224605,26.975239337268267,-26648502.0,1582840.55,2515.244408886857,2347.384611082342,2594.8912932696076,1772.152480485624
2023-02-24,2358.837284658021,2376.8679267937805,2339.670903167698,2351.265380859375,732783,2424.7459106445312,2453.4737646484373,2379.165754394531,2411.8765406766443,33.008051841188816,-28.706942932124548,-19.729614837291518,-8.97732809483303,2515.9488838341113,2424.7459106445312,2333.5429374549512,0.07522682916111155,40.69703714968178,0.01730856817821527,23.37482742686826,10.41277563776073,26.568000453952795,-27381285.0,1541110.8,2515.244408886857,2339.670903167698,2594.8912932696076,1772.152480485624
2023-02-27,2353.915363623792,2353.915363623792,2324.574239268208,2336.073974609375,853991,2420.013464355469,2449.6281787109374,2380.879835205078,2404.657248670238,30.778586668881317,-31.0864072817094,-22.000973326175092,-9.085433955534306,2518.9770722821377,2420.013464355469,2321.0498564288,0.08178765067575867,39.88590052153193,0.017073903033486524,25.113732074468302,9.865638964544232,27.875536226894077,-28235276.0,1498680.85,2515.244408886857,2324.574239268208,2594.8912932696076,1772.152480485624
2023-02-28,2337.588719098323,2341.942656293586,2305.313386128832,2328.9755859375,1780454,2414.5191162109377,2444.7547119140627,2382.3007385253904,2397.44947126712,29.766866516862038,-33.16265215299609,-24.233309091539294,-8.929343061456795,2520.6302170063195,2414.5191162109377,2308.408015415556,0.08789418984754209,39.65328406747636,0.01702606257742905,27.06303963606805,9.21469097971135,29.50578269193426,-30015730.0,1404178.45,2515.244408886857,2305.313386128832,2594.8912932696076,1772.152480485624
2023-03-01,2326.467353411683,2337.825208676508,2317.0024740243284,2334.27587890625,967339,2409.408068847656,2440.8116455078125,2383.6402697753906,2391.4329386613226,31.575490167139435,-33.98860237483905,-26.184367748199247,-7.804234626639801,2520.521821241366,2409.408068847656,2298.294316453946,0.0922332367276019,38.30824482352658,0.016411189941043437,28.873110943267818,8.856925651094448,28.360204824578645,-29048391.0,1374861.45,2515.244408886857,2305.313386128832,2594.8912932696076,1772.152480485624
2023-03-02,2334.275854509554,2337.825184242716,2313.216498092793,2323.959228515625,827174,2400.9133422851564,2436.8203076171876,2384.7989099121096,2385.006871028399,29.958350326175065,-35.07136052995247,-27.96176630454989,-7.1095942254025815,2510.8756557085258,2400.9133422851564,2290.951028861787,0.09160040180268123,37.32970491826921,0.016062977551509237,30.62194637327046,8.439874970872678,27.749221106803024,-29875565.0,1322497.65,2515.244408886857,2305.313386128832,2594.8912932696076,1772.152480485624
2023-03-03,2334.039045110785,2356.660012363278,2324.242803403406,2338.771484375,1176008,2392.501416015625,2433.5198974609375,2385.815400390625,2380.6035008709327,35.09788171106557,-34.33839724355357,-29.237092492350627,-5.101304751202946,2494.1364980000276,2392.501416015625,2290.866334031223,0.08496135576267398,36.99906769893947,0.015819872931633117,31.18486240075973,11.543220126201177,25.997398430123017,-28699557.0,1264823.0,2503.9812272919867,2305.313386128832,2594.8912932696076,1772.152480485624
2023-03-06,2349.1354177477388,2365.1312006815665,2343.125358687514,2351.88037109375,1214503,2385.272607421875,2430.940712890625,2387.022548828125,2377.8679647016775,39.34014676940051,-32.32709433512355,-29.855092860905213,-2.4720014742183345,2476.318460536538,2385.272607421875,2294.2267543072116,0.07633999806258647,36.23911402805569,0.015408570296967343,31.264239330515224,12.613182471341934,24.64667941184214,-27485054.0,1241711.5,2503.9812272919867,2305.313386128832,2594.8912932696076,1772.152480485624
2023-03-08,2353.915666418115,2367.545001247968,2335.1751577199375,2352.117431640625,1448340,2379.7782592773438,2428.435361328125,2387.9447729492185,2375.415532981577,39.41726657877323,-30.363976464835105,-29.956869581691194,-0.40710688314391064,2464.695251857516,2379.7782592773438,2294.8612666971717,0.07136546629849322,35.96273756376816,0.015289516195066756,31.547485039339175,11.802250357702546,24.641139830204242,-26036714.0,1217564.35,2467.9673173617275,2305.313386128832,2594.8912932696076,1772.152480485624
2023-03-09,2351.8803831278155,2358.6003080932005,2325.4258633473014,2329.68505859375,1038910,2374.033056640625,2425.93947265625,2388.50390625,2371.0602497065456,34.89617744905598,-30.269369983706383,-30.019369662094235,-0.25000032161214847,2456.134473545261,2374.033056640625,2291.9316397359894,0.06916619520101652,35.76357379106322,0.01535124829819311,32.06090241024186,11.020263346768155,24.955652393043643,-27075624.0,1215194.1,2462.7615394676645,2305.313386128832,2594.8912932696076,1772.152480485624
2023-03-10,2318.895362798551,2338.2983648138043,2314.2576645034133,2333.5185546875,772024,2368.294970703125,2423.7029150390626,2389.4090881347656,2367.484850180922,36.24202409187057,-29.54449205530136,-29.924394140735664,0.3799020854343027,2444.6801477346,2368.294970703125,2291.90979367165,0.06450647235787267,34.92622568530092,0.014967194331985146,32.811550841442916,10.478437902537697,26.012714230460908,-26303600.0,1214041.8,2462.7615394676645,2305.313386128832,2594.8912932696076,1772.152480485624
2023-03-13,2334.0390372401203,2355.3350138572746,2314.162792397443,2323.722412109375,1314549,2362.5024536132814,2421.564794921875,2390.3163146972656,2363.316998936013,34.29120673463616,-29.42133705146898,-29.823782722882328,0.4024456714133464,2433.788640027155,2362.5024536132814,2291.216267199408,0.06034803164318103,35.372368240624546,0.015222286472898902,32.55908194776627,13.047522194176365,23.850006678254694,-27618149.0,1197518.8,2462.7615394676645,2305.313386128832,2594.8912932696076,1799.8779801914297
2023-03-14,2330.253643967204,2339.718524730678,2309.1942842684753,2311.749755859375,1250763,2355.945666503906,2419.3197314453123,2391.249884033203,2358.405832928714,32.02249443947474,-29.944645885486807,-29.847955355403226,-0.0966905300835812,2420.2312406556553,2355.945666503906,2291.660092352157,0.05457305324629617,35.0260733993087,0.015151325661668786,32.46836713786217,12.235340079868449,23.378617992337762,-28868912.0,1187095.7,2462.7615394676645,2305.313386128832,2594.8912932696076,1799.8779801914297
2023-03-15,2320.693689385896,2327.8870901657224,2264.945642108792,2277.3447265625,1738040,2347.7348876953124,2416.436728515625,2391.7765759277345,2350.6857275605034,26.580314748921992,-32.75795690008954,-30.42995566434049,-2.328001235749049,2408.0060736302585,2347.7348876953124,2287.4637017603663,0.051344115769487185,37.02002873199596,0.01625578609167143,33.43624146517566,10.749445535610725,29.077039412771658,-30606952.0,1192307.6,2434.1774879256877,2264.945642108792,2594.8912932696076,1799.8779801914297
2023-03-16,2295.1857946714217,2337.1626256092,2278.9062489514567,2327.7451171875,1628035,2343.5182983398436,2414.8712353515625,2392.4697644042967,2348.500907524979,42.10310094638357,-30.56826391979166,-30.457617315430728,-0.11064660436093376,2396.560135749138,2343.5182983398436,2290.476460930549,0.04526684297440278,38.6484480401891,0.016603384861520458,33.85354125677606,11.275329332686775,25.862481563438116,-28978917.0,1181991.4,2424.8074699775007,2264.945642108792,2594.8912932696076,1799.8779801914297
2023-03-17,2339.386657074509,2350.318638214497,2309.24115698828,2316.434326171875,2127178,2339.7465209960938,2413.1921533203126,2393.0863623046876,2345.446947396112,40.0563173142204,-29.406621535678823,-30.247418159480347,0.8407966238015234,2389.0989743573996,2339.7465209960938,2290.394067634788,0.04218615385763681,38.821950410619635,0.016759357246607785,33.585796202350366,12.84373351517078,23.90783331924919,-31106095.0,1162936.45,2409.9946374955744,2264.945642108792,2594.8912932696076,1799.8779801914297
2023-03-20,2316.4343396815416,2381.9786252187464,2295.233103649422,2376.8203125,1561128,2339.5430297851562,2411.819736328125,2394.2136462402345,2348.4348869298155,53.15078951349851,-23.344268946045304,-28.86678831679334,5.522519370748036,2388.244495866132,2339.5430297851562,2290.8415637041803,0.04163331510551294,42.24506263624141,0.017773772133328404,31.98218079161211,16.31305244637597,20.401257061825408,-29544967.0,1170152.5,2407.8177801990973,2264.945642108792,2594.8912932696076,1799.8779801914297
2023-03-21,2380.4171645941583,2388.2256900843777,2327.177218069935,2330.8212890625,1595161,2337.2312255859374,2409.6645849609376,2395.2211364746095,2346.7574014186425,45.0735419345438,-21.9979687133291,-27.493024396100495,5.495055682771394,2382.8843044086125,2337.2312255859374,2291.5781467632623,0.03906594976389636,43.58816330611293,0.01870077449122876,30.254551647558603,15.704793540703982,18.360294109089182,-31140128.0,1178441.85,2407.8177801990973,2264.945642108792,2594.8912932696076,1799.8779801914297
2023-03-22,2340.2861195246614,2348.615028345868,2323.0598545484304,2343.83544921875,1063244,2335.3477294921877,2406.86865234375,2396.260382080078,2346.4791202567476,47.504235216158065,-19.654319359411147,-25.92528338876263,6.270964029351482,2376.417140709269,2335.3477294921877,2294.2783182751064,0.035171988049943814,42.300092626921824,0.018047381543367876,28.78787320199736,15.027086938962523,18.26325927466356,-30076884.0,1226595.35,2388.5097741526906,2264.945642108792,2594.8912932696076,1799.8779801914297
2023-03-23,2342.5578103678467,2366.2673810880165,2334.039418330145,2352.117431640625,1578627,2334.924182128906,2403.8635498046874,2397.3943920898437,2347.0161022933075,49.0494894672094,-16.93347503582845,-24.126921718175797,7.193446682347346,2375.1088243906297,2334.924182128906,2294.7395398671824,0.03442051144040542,41.58065477913251,0.01767796718811339,26.736699619907352,17.22753135715029,17.252164704591326,-28498257.0,1236617.7,2388.2256900843777,2264.945642108792,2594.8912932696076,1799.8779801914297
2023-03-24,2339.907474443672,2364.2321686543496,2337.82524715941,2348.04736328125,1449326,2334.458056640625,2401.7349072265624,2398.8291088867186,2347.1143176254927,48.2970895778426,-14.93346314105338,-22.288230002751316,7.354766861697936,2373.797834860308,2334.458056640625,2295.118278420942,0.033703563966614565,40.49681668740444,0.01724701865928831,24.83203843653806,16.42512954367397,16.448615550718472,-29947583.0,1271273.3,2388.2256900843777,2264.945642108792,2594.8912932696076,1799.8779801914297
2023-03-27,2352.022605917367,2370.952365321128,2332.146358543417,2365.2734375,1387736,2335.1584594726564,2400.01134765625,2400.417755126953,2348.843757613541,51.6757798376057,-11.822160571958193,-20.195016116592694,8.3728555446345,2376.1349918282403,2335.1584594726564,2294.1819271170725,0.03509529059097561,40.37604455099776,0.0170703496309812,23.320399693236613,16.486385770985276,15.319400914303982,-28559847.0,1305878.85,2388.2256900843777,2264.945642108792,2594.8912932696076,1799.8779801914297
2023-03-28,2375.495605438165,2378.9975647887627,2339.623571942456,2349.9404296875,1412387,2335.8517822265626,2397.3384716796877,2401.9267065429685,2348.948202572966,48.629571792790436,-10.47295079976766,-18.25060305322769,7.77765225346003,2377.3329479914887,2335.8517822265626,2294.3706164616365,0.0355169502453497,40.30446942923413,0.01715127282379405,22.233080043788465,16.76176308478072,14.250419890342684,-29972234.0,1338626.5,2388.2256900843777,2264.945642108792,2594.8912932696076,1799.8779801914297
2023-03-29,2352.0221438340664,2403.8897206255906,2347.337075517307,2395.418701171875,2613254,2339.173937988281,2396.084365234375,2403.6527990722657,2353.3739643442905,56.76955491879118,-5.668631449015265,-15.734208732385206,10.06557728336994,2387.9256291286215,2339.173937988281,2290.4222468479406,0.04168282687200892,41.4650534063091,0.017310148487203417,22.09545242475572,19.416827699342463,12.862161461171862,-27358980.0,1366546.3,2403.8897206255906,2264.945642108792,2594.8912932696076,1799.8779801914297
2023-03-31,2421.8734735972384,2431.0069901140273,2381.8843567038157,2423.340576171875,2146167,2343.6271728515626,2394.05509765625,2405.5324810791017,2360.0374511850127,60.86926918956286,0.38742224686211557,-12.509882536535741,12.897304783397857,2404.5320871534836,2343.6271728515626,2282.7222585496415,0.05197491734815157,42.01202340658786,0.017336409013112716,22.735186164698742,22.40563406142099,11.787939656677299,-25212813.0,1408186.3,2431.0069901140273,2264.945642108792,2594.8912932696076,1839.7189805821397
2023-04-03,2432.474280087941,2432.474280087941,2380.4648081355385,2400.388427734375,918048,2347.4486328125,2391.21375,2407.418089599609,2363.880401332571,56.15498612395867,3.296837976574352,-9.348538433913722,12.645376410488074,2412.3947394355005,2347.4486328125,2282.5025261894993,0.055333357003163074,42.72612687414606,0.017799672078270035,23.3676175427955,20.70280143647902,10.76299884377029,-26130861.0,1467127.7,2432.474280087941,2264.945642108792,2594.8912932696076,1859.2899031302493
2023-04-05,2378.0509696903587,2450.0314243612925,2368.112846234936,2444.541748046875,1489612,2352.7371459960937,2389.945458984375,2409.5500842285155,2371.562434352981,62.21726207772926,9.060926131885935,-5.666645520753791,14.727571652639726,2430.0448383875746,2352.7371459960937,2275.4294536046127,0.06571723706835995,45.525587677875365,0.01862336272810604,24.40094399560158,20.796579735477113,9.379648753305254,-24641249.0,1471671.4,2450.0314243612925,2264.945642108792,2594.8912932696076,1880.6779674590377
2023-04-06,2437.2065292163593,2446.6714089414713,2416.3837938211127,2427.978271484375,797414,2356.542041015625,2390.2577978515624,2411.5985559082033,2376.9353712226375,58.92576458236761,12.152388224288188,-2.1028387717453954,14.255226996033583,2440.510302750397,2356.542041015625,2272.5737792808527,0.07126396242740773,44.43716106662417,0.018302124688890628,25.360461416064368,19.784108596893013,8.923005219918005,-25438663.0,1487351.6,2450.0314243612925,2264.945642108792,2594.8912932696076,1899.6900257155633
2023-04-10,2427.9785055438433,2431.480465164494,2389.882360977762,2396.649658203125,853322,2358.76865234375,2389.0415673828124,2413.6607922363282,2378.8129223636365,53.19362713295048,11.93683651670517,0.7050962859447178,11.231740230760453,2444.4928994643906,2358.76865234375,2273.0444052231096,0.07268559130244677,44.234371289489026,0.018456753217177976,24.894897103238105,18.45517851917903,12.603018743182929,-26291985.0,1466497.15,2450.0314243612925,2264.945642108792,2594.8912932696076,1907.7047258745017
2023-04-11,2404.0792695454325,2418.27658806637,2397.4538542356613,2411.41455078125,913184,2362.855126953125,2388.0430224609377,2415.395162353516,2381.9178393557904,55.39584600000196,12.809750837318916,3.1260271962195576,9.683723641099359,2450.4165139044726,2362.855126953125,2275.293740001777,0.07411490103860673,42.619554044757315,0.017674088443627178,24.462587384185145,17.78625543178786,12.146211988407973,-25378801.0,1436746.25,2450.0314243612925,2264.945642108792,2594.8912932696076,1907.7047258745017
2023-04-12,2419.2231502023587,2419.2231502023587,2383.871733569996,2393.62060546875,1109809,2365.8602294921875,2386.2749755859377,2416.9977844238283,2383.032388509406,52.20784878804438,11.928217977118038,4.886465352399254,7.041752624718784,2453.313359561742,2365.8602294921875,2278.407099422633,0.07392924482975521,42.1004013724434,0.01758858579185683,23.418572057621994,16.719470003211487,13.722081365591059,-26488610.0,1430459.95,2450.0314243612925,2264.945642108792,2594.8912932696076,1907.7047258745017
2023-04-13,2389.881804245652,2425.2332176220757,2389.881804245652,2400.482421875,1261711,2369.6982299804686,2384.837255859375,2418.6448217773436,2384.694296448986,53.32340491939362,11.649005586551993,6.238973399229803,5.410032187322191,2456.1490777397084,2369.6982299804686,2283.2473822212287,0.0729635922966887,41.618330801299145,0.017337486174462947,22.67333552866984,16.73654669284367,12.889524170239621,-25226899.0,1447349.2,2450.0314243612925,2264.945642108792,2594.8912932696076,1907.7047258745017
2023-04-17,2435.3135382206806,2440.992466020651,2405.404426043704,2415.29541015625,1566977,2374.8755126953124,2384.5287060546875,2420.132052001953,2387.6086882306304,55.725954316788204,12.479160122515168,7.487010743886877,4.992149378628291,2459.2007609336515,2374.8755126953124,2290.5502644569733,0.07101445763162215,41.53916746875286,0.017198379665726113,22.53770835407473,18.280574120451856,11.991653515056816,-23659922.0,1444707.3,2450.0314243612925,2264.945642108792,2594.8912932696076,1907.7047258745017
2023-04-18,2423.009142554852,2423.009142554852,2394.6145041655373,2405.0732421875,1474786,2381.2619384765626,2383.852919921875,2421.327020263672,2389.271979083666,53.67284173449507,12.171909848369069,8.423990564783315,3.7479192835857535,2453.563608429473,2381.2619384765626,2308.9602685236523,0.06072550758457597,40.60027253450729,0.016881096102329046,21.8776213356108,17.367367210927284,13.290894481514814,-25134708.0,1460518.0,2450.0314243612925,2278.9062489514567,2594.8912932696076,1907.7047258745017
2023-04-19,2411.6512156786957,2411.6512156786957,2375.9212967650888,2396.12890625,1320243,2384.6811279296876,2383.0455615234373,2422.398525390625,2389.9250197661736,51.87199010529873,11.078967195851874,8.954985890997028,2.123981304854846,2452.8878971384133,2384.6811279296876,2316.474358720962,0.05720410029658005,40.25239013301441,0.016798925144645236,20.426624862509197,16.266217653386004,15.765349420398273,-26454951.0,1447355.3,2450.0314243612925,2295.233103649422,2594.8912932696076,1907.7047258745017
2023-04-20,2383.0672690594097,2396.8858536854373,2347.289980400972,2359.2158203125,1401364,2386.820202636719,2380.352802734375,2423.2995666503907,2387.0003341039187,45.140561621117634,7.151783422417338,8.59434539728109,-1.442561974863752,2448.723611200843,2386.820202636719,2324.9167940725947,0.05187102781829948,40.91978178668946,0.01734465386098897,19.914289566602598,14.857996784006044,19.398303028302106,-27856315.0,1431965.7,2450.0314243612925,2295.233103649422,2594.8912932696076,1907.7047258745017
2023-04-21,2358.647740339417,2375.2112778418004,2352.63745001524,2364.279296875,1206288,2386.193151855469,2377.4981884765625,2424.621741943359,2384.8364257964026,46.17244848713784,4.397352289556238,7.754946775736121,-3.3575944861798828,2448.739759653896,2386.193151855469,2323.646544057042,0.05242375936733508,39.60935650382309,0.01675324762018472,19.43854964897504,14.253157980294592,18.608637599763288,-26650027.0,1395675.0,2450.0314243612925,2323.0598545484304,2594.8912932696076,1907.7047258745017
2023-04-24,2368.1129964558954,2370.8577192491357,2342.6525614664356,2365.9833984375,1735797,2387.9512573242187,2374.8887255859377,2425.9658349609376,2383.040899381269,46.53692205616572,2.3251496486873293,6.668987350326363,-4.343837701639034,2445.987389143488,2387.9512573242187,2329.915125504949,0.04860746771213493,38.794770880885736,0.016396890572649783,19.342040867320534,13.512976174846257,19.480679454344045,-24914230.0,1377933.0,2450.0314243612925,2323.0598545484304,2594.8912932696076,1907.7047258745017
2023-04-25,2357.5596420351417,2365.9832925002665,2345.4445498577115,2357.180908203125,1701098,2388.6185302734375,2372.792255859375,2427.0226428222654,2380.578043078589,44.847663989343445,-0.02706132395132954,5.3297776154708245,-5.356838939422154,2444.8904909273515,2388.6185302734375,2332.3465696195235,0.04711674128013421,37.49077643080736,0.015904921128597854,19.25242557006992,12.984196645700539,18.718376289147802,-26615328.0,1384964.8,2450.0314243612925,2332.146358543417,2594.8912932696076,1907.7047258745017
2023-04-26,2356.7546576377035,2383.2563164384487,2349.372006470842,2376.441650390625,1245903,2389.8347412109374,2371.429306640625,2427.7392761230467,2380.18410091783,49.19346717363357,-0.333183805232693,4.197185331330121,-4.530369136562814,2443.9069717929406,2389.8347412109374,2335.7625106289343,0.045251857502585785,37.2331716834359,0.015667614509834792,18.32108879030403,15.453848977958344,17.501605567935638,-25369425.0,1416857.5,2450.0314243612925,2332.146358543417,2594.8912932696076,1907.7047258745017
2023-04-27,2379.4230065458296,2387.042279704601,2325.5205714647914,2336.8310546875,2743893,2389.27392578125,2369.200322265625,2428.1342224121095,2376.055239372084,41.88412020108454,-3.7290459899022608,2.611939067083645,-6.340985056985906,2445.266686299873,2389.27392578125,2333.281165262627,0.0468701055282428,38.96806715174829,0.016675603088028724,18.327654319862678,13.711126836662391,19.89993345308598,-28113318.0,1400221.3,2450.0314243612925,2325.5205714647914,2594.8912932696076,1907.7047258745017
2023-04-28,2305.692062306279,2335.7430553117138,2289.554396225135,2325.804931640625,3761927,2387.300500488281,2366.9249658203125,2428.0185217285157,2371.269495778612,40.0980814267873,-7.226702292286518,0.6442107952096123,-7.87091308749613,2449.026261373385,2387.300500488281,2325.5747396031775,0.05171176470869816,39.56153795964949,0.01700982632784373,19.350058932147466,12.540768861246617,24.69502214573973,-31875245.0,1464949.65,2450.0314243612925,2289.554396225135,2594.8912932696076,1907.7047258745017
2023-05-02,2339.5288942134157,2345.397073120602,2318.895411277431,2320.50439453125,1760370,2385.8286987304687,2364.47734375,2427.995955810547,2366.434724231244,39.23199036692637,-10.307510591571827,-1.5461334821466755,-8.761377109425151,2452.271107863074,2385.8286987304687,2319.386289597863,0.05569755210670436,38.62868966561531,0.01664667809147521,19.844737469645196,13.711346944817231,23.484857347463667,-33635615.0,1583659.2,2450.0314243612925,2289.554396225135,2594.8912932696076,1960.3599986854579
2023-05-03,2325.4734735570173,2356.7549458608837,2321.4035292425083,2352.968994140625,1258140,2383.7062133789063,2362.705517578125,2428.023361816406,2365.1522737464234,46.809841995059635,-10.014016149619238,-3.239710015641188,-6.774306133978049,2451.48624261212,2383.7062133789063,2315.926184145693,0.05686944880437701,38.45882264161663,0.01634480638605395,19.787070068516257,14.897668432753425,21.903687506453885,-32377475.0,1601058.35,2450.0314243612925,2289.554396225135,2594.8912932696076,1960.3599986854579
2023-05-04,2353.8681351589257,2375.0696036515333,2347.4319709544525,2372.608642578125,1150227,2381.1696166992188,2361.91615234375,2428.1783447265625,2365.8624041113476,50.80641627648066,-8.10325491775211,-4.212418996063373,-3.890835921688738,2446.582533961243,2381.1696166992188,2315.7566994371946,0.054941837661022785,37.68588050272121,0.01588373228792211,18.963788651059758,17.588576751615154,20.756296680083825,-31227248.0,1533302.65,2450.0314243612925,2289.554396225135,2594.8912932696076,1962.8760400155727
2023-05-05,2366.219821553534,2385.1495801259625,2361.2033893166094,2366.9296875,1354871,2379.4966796875,2361.4173486328127,2428.497906494141,2365.9640501483623,49.64483373300675,-6.966897036706541,-4.763314604192007,-2.2035824325145343,2444.568466576646,2379.4966796875,2314.424892798354,0.05469374044068176,36.70447409605206,0.015507209314198127,17.80551345743442,18.73055164886795,19.789045503066667,-32582119.0,1483505.65,2450.0314243612925,2289.554396225135,2594.8912932696076,1962.8760400155727
2023-05-08,2371.6622108634474,2391.6331992928026,2363.5223219595014,2381.647705078125,972810,2376.3519775390623,2361.4325,2428.664475097656,2367.4577315702445,52.665317788898214,-4.82310644519157,-4.77527297239192,-0.04783347279964989,2434.2271366404248,2376.3519775390623,2318.4768184377,0.04870924816558333,36.090645755855576,0.01515364580534034,16.587480467492107,18.971670077096388,18.688072781605083,-31609309.0,1505346.8,2446.6714089414713,2289.554396225135,2594.8912932696076,1962.8760400155727
2023-05-09,2389.881958912603,2389.881958912603,2366.2671319100623,2381.17431640625,1651327,2374.0117797851562,2361.5148388671873,2428.8284411621094,2368.7640729831974,52.556121206532985,-3.1262974547785234,-4.445477868869241,1.3191804140907175,2426.9194737816147,2374.0117797851562,2321.104085788698,0.044572393824639296,35.199515844904504,0.014782418742878438,15.456449833974247,18.06254087853027,17.792533666617153,-33260636.0,1479506.7,2440.992466020651,2289.554396225135,2594.8912932696076,1962.8760400155727
2023-05-10,2386.0960948435104,2399.3469259929784,2371.75689499437,2387.705078125,2025658,2373.56455078125,2361.6388330078125,2428.6927075195313,2370.5679782347975,53.973933881628255,-1.2402889353829778,-3.8044400821719884,2.5641511467890106,2425.846771515708,2373.56455078125,2321.282330046792,0.04405375932771616,34.655981213026195,0.014514347492296074,14.792858713893327,18.986212904457155,16.780759120217656,-31234978.0,1522202.35,2440.992466020651,2289.554396225135,2594.8912932696076,1962.8760400155727
2023-05-11,2401.192820765599,2459.9224506920486,2388.557343898906,2453.675537109375,1749356,2375.677600097656,2363.500576171875,2428.9573400878908,2378.4829838419005,65.2658117301719,5.514088130536493,-1.9407344396302924,7.454822570166785,2436.608710553361,2375.677600097656,2314.746489641951,0.05129577384843833,37.33893773831351,0.015217553084586624,16.007851874423814,27.951228176551286,14.462492975491735,-29485622.0,1580819.15,2459.9224506920486,2289.554396225135,2594.8912932696076,1962.8760400155727
2023-05-12,2455.1894631455966,2498.7279038952875,2447.9960631130207,2483.01611328125,2170011,2380.1473754882813,2366.0135009765627,2429.3007495117185,2388.4385199789813,68.91816502435913,13.083699165915732,1.0641522814789124,12.019546884436819,2456.780303445774,2380.1473754882813,2303.514447530789,0.06439343105110996,38.29557367002446,0.015423006506155017,17.908607739136418,32.544314133281944,13.093985524046275,-27315611.0,1622627.75,2498.7279038952875,2289.554396225135,2594.8912932696076,1965.6719584897523
2023-05-15,2496.787893774364,2527.8327453997294,2482.685315454495,2519.78759765625,1561055,2386.1126342773437,2369.3839453125,2429.6561950683595,2400.947955948245,72.78106888778807,21.798541902569923,5.211030205697115,16.58751169687281,2483.8236567096683,2386.1126342773437,2288.401611845019,0.08189975697598811,38.78499197539659,0.015392167185627862,20.139011223628913,35.19849249048623,12.005273178585808,-25754556.0,1675637.85,2527.8327453997294,2289.554396225135,2594.8912932696076,1965.6719584897523
2023-05-16,2527.1228447351696,2535.073251142074,2508.761070803139,2532.70703125,1477905,2391.9832153320312,2373.3166064453126,2430.062371826172,2413.496439310317,74.00353960535229,29.40860379885089,10.050544924327871,19.358058874523017,2508.3328847782623,2391.9832153320312,2275.6335458858002,0.09728301494797949,37.89407685850647,0.014961887178796244,22.31736751385455,34.81754620813393,11.40984481789387,-24276651.0,1690605.05,2535.073251142074,2289.554396225135,2594.8912932696076,1965.6719584897523
2023-05-17,2529.0157101178734,2530.9086859488,2505.4008828422952,2519.314208984375,839404,2397.695263671875,2377.12337890625,2430.2457495117187,2423.574322136418,70.47019352327172,33.967388935159306,14.833913726494158,19.133475208665146,2526.59484560907,2397.695263671875,2268.7956817346803,0.10751957005561719,37.13779625487778,0.01474123240461115,24.18367212624428,32.98896420153167,11.456889459057903,-25116055.0,1686151.45,2535.073251142074,2289.554396225135,2594.8912932696076,1965.6719584897523
2023-05-18,2522.863753310702,2526.36571268063,2481.5496447162177,2486.944580078125,1434067,2402.236047363281,2380.1767529296876,2430.3471936035157,2429.609584797533,62.680562787089386,34.56980132082708,18.781091245360745,15.788710075466337,2536.8660022698214,2402.236047363281,2267.606092456741,0.11208719896973607,37.68624423413026,0.015153632507945304,24.85598575255125,30.186813193581365,15.00435867113182,-26550122.0,1654382.35,2535.073251142074,2289.554396225135,2594.8912932696076,1974.377559676475
2023-05-19,2487.985493784788,2507.246616279918,2461.483830796552,2500.1005859375,1174757,2409.2802856445314,2383.699580078125,2430.8740368652343,2436.32301347753,64.40282003737045,35.697300935749354,22.16433318343847,13.532967752310885,2548.8226992013197,2409.2802856445314,2269.737872087743,0.11583742612948647,38.263140037647084,0.01530464024242408,24.687292407760378,27.60799292193256,17.46838642265419,-25375365.0,1660073.55,2535.073251142074,2289.554396225135,2594.8912932696076,1974.377559676475
2023-05-22,2493.9954827369143,2513.3511130385637,2482.6849991537706,2496.9296875,768232,2415.912805175781,2386.862744140625,2431.2211987304686,2442.095077670146,63.640496286663385,35.920913568543256,24.91564926045943,11.005264308083827,2558.837924210194,2415.912805175781,2272.987686141368,0.11831976611756384,37.72049531244323,0.015106751103676493,24.677377868594313,27.160755613382516,16.453993729800526,-26143597.0,1648743.2,2535.073251142074,2289.554396225135,2594.8912932696076,1974.377559676475
2023-05-23,2491.1562560348934,2508.0037875682942,2484.530840460333,2487.654296875,703864,2421.9963500976564,2389.57822265625,2431.342646484375,2446.4340509277513,61.352773863392265,34.94683630997952,26.92188667036345,8.024949639616068,2566.2542121729475,2421.9963500976564,2277.7384880223653,0.11912310443364171,36.70281329783737,0.014753984644869496,24.66817151079725,25.920011915867263,15.702350833343456,-26847461.0,1626840.4,2535.073251142074,2289.554396225135,2594.8912932696076,1974.377559676475
2023-05-24,2479.798120314616,2496.834901293877,2468.4402663284422,2475.018310546875,628872,2427.888220214844,2392.036240234375,2431.319588623047,2449.1563613676676,58.27919112306453,32.77741691245137,28.092992718781034,4.684424193670338,2570.6941430366983,2427.888220214844,2285.0822973929894,0.11763797166017598,36.10937198838005,0.014589537311504332,23.992849662316335,24.46413883574753,18.003286710582913,-27476333.0,1575243.75,2535.073251142074,2289.554396225135,2594.8912932696076,1974.377559676475
2023-05-25,2470.3333453652904,2485.6190320642017,2442.459323756377,2458.265625,1072231,2431.9794189453123,2394.6078515625,2431.421485595703,2450.023910285033,54.38890959674553,29.367800965777406,28.347954368180307,1.0198465975970983,2573.3363692511016,2431.9794189453123,2290.622468639523,0.11624847579268757,36.61296743976894,0.014893820695137018,22.416893615226464,22.40424200920462,21.556043681557004,-28548564.0,1521632.45,2535.073251142074,2289.554396225135,2594.8912932696076,1974.377559676475
2023-05-26,2464.418072314996,2514.5345645266775,2463.8029475598632,2510.41748046875,947073,2440.658740234375,2398.145830078125,2431.5855297851563,2455.7756788739584,62.72959339856356,30.52203562083878,28.782770618712004,1.7392650021267748,2578.8626786099567,2440.658740234375,2302.454801858793,0.11325134161305175,38.016965445976695,0.015143682571425567,21.804029189905027,25.46845724716978,19.277106775883045,-27601491.0,1512948.85,2535.073251142074,2289.554396225135,2594.8912932696076,1974.377559676475
2023-05-29,2527.122571156402,2536.1615763808218,2503.5077454052052,2508.476806640625,698267,2449.792333984375,2401.84091796875,2431.781707763672,2460.794833899355,62.27324120660641,30.92370946833489,29.21095838863658,1.712751079698311,2580.361154917552,2449.792333984375,2319.223513051198,0.106595827835593,37.63388441237954,0.015002683825001825,21.783214603687554,27.994787114975562,18.08237913655473,-28299758.0,1423107.85,2536.1615763808218,2318.895411277431,2594.8912932696076,1974.377559676475
2023-05-30,2513.3989636189076,2522.3905999037424,2508.99788670996,2514.392822265625,948051,2459.4867553710938,2405.893779296875,2431.999943847656,2465.899404219952,63.15325255490148,31.357937125565513,29.64035413602237,1.7175829895431427,2578.498772140053,2459.4867553710938,2340.4747386021345,0.09677792857315258,35.93959218743225,0.014293547081894876,21.763886773628474,27.2206435021294,17.5823446745624,-27351707.0,1269924.85,2536.1615763808218,2321.4035292425083,2594.8912932696076,1974.377559676475
2023-05-31,2514.3925877195034,2536.58768373697,2496.835190185868,2524.803955078125,3388305,2468.078503417969,2410.8429638671873,2432.1882067871093,2471.50936144454,64.71318088767474,32.17130628791938,30.146544566401776,2.024761721517603,2579.669937773006,2468.078503417969,2356.487069062932,0.09042778355753063,36.21194228483722,0.014342476853303534,22.102020052166875,27.88660361430901,16.203671548697244,-23963402.0,1229308.9,2536.58768373697,2347.4319709544525,2594.8912932696076,1974.377559676475
2023-06-01,2524.28364084912,2585.0954983386423,2512.4525401702244,2553.530029296875,1541080,2477.1245727539062,2415.358662109375,2432.496826171875,2479.3208536209527,68.65612926389754,34.7334754406852,31.063930741258464,3.6695446994267336,2585.5810918246516,2477.1245727539062,2368.668053683161,0.08756646336132416,38.81415770509298,0.015200196300718899,23.410567623443296,33.08539897180639,14.037520432561108,-22422322.0,1335817.15,2585.0954983386423,2361.2033893166094,2594.8912932696076,1974.377559676475
2023-06-02,2564.9820639719082,2591.672975027533,2547.6139195584715,2571.323486328125,1509260,2487.3442626953124,2420.4564453125,2432.9299072265626,2488.0830091168737,70.83037284655886,37.76447091681803,32.40403877637038,5.360432140447649,2590.742293602276,2487.3442626953124,2383.946231788349,0.08313930038371144,39.18879325966217,0.015240709100986802,24.74019965340475,31.62732221588051,12.910230423748981,-20913062.0,1355359.8,2591.672975027533,2363.5223219595014,2594.8912932696076,1974.377559676475
2023-06-05,2571.0873658806017,2576.340420668472,2540.5157562606664,2551.54248046875,1000190,2495.839001464844,2423.950888671875,2433.40087890625,2494.1267682932425,65.39911799620096,38.130846153875154,33.54940025187133,4.581445902003821,2590.667479376384,2495.839001464844,2401.0105235533038,0.07598925880706565,38.9484983416724,0.015264687395883401,25.667124741637604,29.549416679919435,13.363781116059082,-21913252.0,1363079.25,2591.672975027533,2366.2671319100623,2594.8912932696076,1974.377559676475
2023-06-06,2555.517134705319,2562.9942961134498,2527.2643806189585,2547.140625,655372,2504.137316894531,2428.277275390625,2433.9379833984376,2499.1757070272197,64.21902441550701,37.63220755686643,34.36596171287035,3.2662458439960815,2585.4623768864444,2504.137316894531,2422.8122569026177,0.06495255627017085,38.71859956687374,0.015200809561456287,25.962401556699124,27.601666627165656,14.927538224472428,-22568624.0,1364448.25,2591.672975027533,2371.75689499437,2594.8912932696076,1974.377559676475
2023-06-07,2546.0524054755024,2581.072457149329,2535.972401951196,2570.850341796875,1428490,2513.294580078125,2432.8175732421873,2434.3607092285156,2506.0018627195677,67.60933646122635,38.704052644922285,35.23357989928074,3.470472745641544,2580.056663628453,2513.294580078125,2446.532496527797,0.053127145603642505,39.174417826249396,0.01523792232840312,26.62706556831418,28.628173659016422,13.700000977949637,-21140134.0,1314650.5,2591.672975027533,2388.557343898906,2594.8912932696076,1974.377559676475
2023-06-08,2562.1428353437727,2575.914280987985,2531.7604802555584,2536.492919921875,923536,2517.43544921875,2436.5050830078126,2434.4229064941405,2508.9057729293113,58.90005930109169,36.361982491463095,35.45926041771722,0.9027220737458777,2578.960526613428,2517.43544921875,2455.9103718240717,0.048879169802563655,39.53008803383348,0.015584544992560446,27.05908511853057,26.34412201643031,13.368038753028275,-22063670.0,1284792.1,2591.672975027533,2442.459323756377,2594.8912932696076,1974.377559676475
2023-06-09,2545.058833244845,2545.058833244845,2479.8932738110634,2495.131591796875,1413808,2518.041223144531,2439.446767578125,2434.290518798828,2507.5939461547932,50.47105272558332,30.813166509505663,34.530041636074905,-3.716875126569242,2578.4268304870748,2518.041223144531,2457.6556158019876,0.04796236597519562,41.36119313382978,0.016576758223819137,25.539768491063775,23.379421949047657,20.820823414196525,-23477478.0,1243501.1,2591.672975027533,2442.459323756377,2594.8912932696076,1974.377559676475
2023-06-12,2503.4602663884634,2514.818120149016,2492.102412627911,2501.9931640625,775484,2517.151501464844,2442.181162109375,2434.415731201172,2507.0605383364796,51.70577618710709,26.662018254124177,32.95643695968476,-6.294418705560581,2577.931047619218,2517.151501464844,2456.3719553104697,0.04829232258686364,40.02937273292089,0.015998993645500205,24.128974479844608,22.43176049313469,19.97687218764329,-22701994.0,1205690.95,2591.672975027533,2442.459323756377,2594.8912932696076,1974.377559676475
2023-06-13,2488.884823709716,2552.67801956957,2486.8971065699093,2532.70703125,1787924,2517.151501464844,2445.836494140625,2434.7314135742185,2509.5030614711004,56.886808703738055,25.555962521940273,31.47634207213586,-5.920379550195587,2577.931047619218,2517.151501464844,2456.3719553104697,0.04829232258686364,41.86876846625945,0.016531232372974228,23.80435836231549,26.373341944728,17.735008691092343,-20914070.0,1166412.4,2591.672975027533,2442.459323756377,2594.8912932696076,1974.377559676475
2023-06-14,2528.0689475741083,2557.5048109778104,2510.0856791338583,2554.333984375,1536248,2518.902490234375,2449.0147998046873,2435.3148278808594,2513.7726731762336,60.130278443427166,26.123385630377925,30.405750783784278,-4.282365153406353,2581.8108468363193,2518.902490234375,2455.9941336324305,0.04994902092942156,42.2652229932375,0.01654647483523148,23.61613573527511,25.07554777794336,16.3137478059719,-19377822.0,1181913.35,2591.672975027533,2442.459323756377,2594.8912932696076,1974.377559676475
2023-06-15,2568.720887130483,2572.0809655177795,2534.8365728138583,2545.7685546875,1830192,2521.8436889648438,2451.463359375,2435.8765698242187,2516.8198999868305,58.26082435643905,25.5869633541638,29.441993297860183,-3.8550299436963833,2583.9963575318316,2521.8436889648438,2459.691020397856,0.0492914519951869,41.90659225828634,0.016461273426103137,23.780526012412835,25.968165446136638,15.278118672197591,-21208014.0,1216755.55,2591.672975027533,2442.459323756377,2594.8912932696076,1974.377559676475
2023-06-16,2545.76851861381,2578.23310056672,2539.6163471183318,2570.329833984375,1748145,2525.3551513671873,2454.8621875,2436.6271643066407,2521.916084177073,61.917093733911955,26.834404496434217,28.92047553757499,-2.086071041140773,2590.079655869771,2525.3551513671873,2460.6306468646035,0.05125972437385135,41.67160377186506,0.016212551097875318,24.074191207068466,25.303799474101258,14.26682477193771,-19459869.0,1236561.8,2591.672975027533,2442.459323756377,2594.8912932696076,1974.377559676475
2023-06-19,2578.297597254088,2587.2671552212655,2552.5337056457015,2560.406005859375,1068263,2528.5289672851563,2457.17947265625,2437.3405969238283,2525.581791003959,59.643714271316824,26.71429483443626,28.479239396947246,-1.764944562510987,2593.5910924740397,2528.5289672851563,2463.466842096273,0.05146243213400047,41.176021329272125,0.016081832816765246,24.555164015663184,25.34632981363795,13.407212060422824,-20528132.0,1265231.2,2591.672975027533,2442.459323756377,2594.8912932696076,1974.377559676475
2023-06-20,2547.762671710834,2557.6864481081543,2526.8653856788046,2553.58349609375,1129279,2531.8254272460936,2459.6915771484373,2437.9999377441404,2528.2486200601297,58.06527643593213,25.771509621260975,27.937693441809994,-2.166183820549019,2594.9206860817144,2531.8254272460936,2468.7301684104727,0.04984171353729592,40.63063553293629,0.015911222638730828,23.972961593291725,23.851800219510178,17.129149885206836,-21657411.0,1280232.75,2591.672975027533,2442.459323756377,2594.8912932696076,1974.377559676475
2023-06-21,2562.982347335304,2582.925647646169,2546.283528707355,2554.060546875,1201840,2535.7775390625,2462.839794921875,2438.2665551757814,2530.706898804403,58.148678558887106,24.777223153359955,27.305599384119986,-2.5283762307600313,2593.8465096383857,2535.7775390625,2477.7085684866147,0.04579973572709703,40.345741490499,0.015796705187691697,24.055871556636944,26.772872276576688,16.01795392848162,-20455571.0,1301503.5,2591.672975027533,2442.459323756377,2594.8912932696076,1974.377559676475
2023-06-22,2546.4742350703746,2555.3962681763737,2527.437629105136,2532.8291015625,830052,2539.505712890625,2465.2680859375,2438.680158691406,2530.909013352793,53.0881003862243,22.022185717358752,26.24891665076774,-4.226730933408987,2585.5114464005255,2539.505712890625,2493.4999793807247,0.036232037814582285,39.46094846055178,0.015579791165621226,23.440464158519056,25.417946707152293,18.61862591962761,-21285623.0,1330151.9,2591.672975027533,2463.8029475598632,2594.8912932696076,1974.377559676475
2023-06-23,2529.918956603175,2538.7454756382135,2507.160757581509,2520.6630859375,991214,2540.0179931640623,2467.808935546875,2439.0442138671874,2529.9332107418127,50.38232354921501,18.642207155336564,24.727574751681505,-6.085367596344941,2584.931929269495,2540.0179931640623,2495.1040570586297,0.03536505349671482,38.89836057456268,0.015431796812343674,22.189849683924773,23.94374083819496,21.26218775767992,-22276837.0,1318042.95,2591.672975027533,2479.8932738110634,2594.8912932696076,1982.039758032247
2023-06-26,2521.1877148671288,2551.77045708576,2521.1877148671288,2530.682373046875,758700,2541.128271484375,2470.4129345703127,2439.472468261719,2530.004559532771,52.52819484647716,16.5808883686841,23.098237475082026,-6.517349106397926,2583.9160297315875,2541.128271484375,2498.3405132371627,0.033676189216704414,38.34186132982677,0.015150799538570374,21.390770816101263,24.982648803240437,20.030019456391475,-21518137.0,1320250.0,2591.672975027533,2479.8932738110634,2594.8912932696076,2042.211197148429
2023-06-27,2530.682460603956,2539.747534504064,2515.319452703655,2529.966796875,687747,2541.9069702148436,2472.7063623046874,2440.0264196777343,2530.0009630891736,52.354045748959095,14.719856025047648,21.42256118507515,-6.702705160027502,2583.2630534805016,2541.9069702148436,2500.5508869491855,0.0325394152895868,37.34801993486836,0.014762256951751467,20.44667621259695,23.81548387030362,20.216549258225605,-22205884.0,1323271.65,2591.672975027533,2479.8932738110634,2594.8912932696076,2055.2798862496575
2023-06-28,2531.4932719721824,2564.557074272448,2521.0446286769024,2539.413330078125,1397573,2542.6374389648436,2475.3931640625,2440.667559814453,2530.897378992883,54.498683670274524,13.847604204782783,19.907569789016677,-6.059965584233893,2583.2691052802934,2542.6374389648436,2502.0057726493937,0.031960251739226925,37.788336053488166,0.014880734698012162,20.252035614352273,26.54626609700397,18.553769545907077,-20808311.0,1310256.45,2591.672975027533,2479.8932738110634,2594.8912932696076,2060.968480460378
2023-06-30,2543.8978915235925,2562.9344974808137,2529.966445976903,2555.539306640625,1160181,2542.737902832031,2478.5813720703127,2441.3303344726564,2533.244229245049,57.97614340113959,14.292811259934297,18.7846180832002,-4.491806823265904,2583.4865699107468,2542.737902832031,2501.9892357533154,0.03205101637359553,37.444030014232645,0.014652104906754324,20.071297915982218,24.876767328556596,17.38692011805311,-19648130.0,1210719.85,2591.672975027533,2479.8932738110634,2594.8912932696076,2071.780180911018
2023-07-03,2563.98430099116,2581.9714072296324,2537.6955430131725,2577.39111328125,980665,2543.0412841796874,2482.9448779296877,2442.0480749511717,2537.448694391354,62.192716474036445,16.2219032287785,18.27207511231586,-2.0501718835373595,2584.7165477043336,2543.0412841796874,2501.366020655041,0.032775923681545305,37.932018171534594,0.014717214619105183,20.40123607517419,26.387459804897397,15.937294951396684,-18667465.0,1191674.9,2587.2671552212655,2479.8932738110634,2594.8912932696076,2071.780180911018
2023-07-04,2577.3913801023473,2582.7826203000327,2552.533946849682,2576.389404296875,721907,2544.2836303710938,2487.187080078125,2442.799821777344,2541.157333429975,61.886170063579115,17.46852666739551,18.11136542333179,-0.6428387559362818,2588.3133845040948,2544.2836303710938,2500.2538762380927,0.03461072783507167,37.383207834307186,0.014509921431892192,20.72843431170526,25.017355821004795,15.016174674224862,-19389372.0,1165245.15,2587.2671552212655,2479.8932738110634,2594.8912932696076,2071.780180911018
2023-07-05,2576.3414348058154,2633.069661354906,2572.667834439286,2629.682373046875,1717547,2548.4107177734377,2492.4610595703125,2443.788887939453,2549.5882895839654,70.2793727006534,22.4974453681084,18.988581412287115,3.508863955821287,2606.094722608098,2548.4107177734377,2490.7267129387774,0.04527057152314849,39.027394911543844,0.014841106025411293,22.132802554084094,31.455342920054512,13.356160534225088,-17671825.0,1151331.0,2633.069661354906,2479.8932738110634,2633.069661354906,2071.780180911018
2023-07-06,2633.5466244954214,2638.41323032986,2610.40683395817,2630.875,1265020,2551.4119506835937,2497.93494140625,2444.8553723144532,2557.329881052159,70.43627297027342,26.276238575832394,20.446112844996172,5.830125730836222,2618.871412890217,2551.4119506835937,2483.9524884769703,0.05288010208508203,38.24018073012573,0.014535156831900311,23.53463512760933,30.807942542244135,12.65746029875943,-16406805.0,1204439.75,2638.41323032986,2479.8932738110634,2638.41323032986,2071.780180911018
2023-07-07,2627.0581719224147,2642.850296475034,2567.801129592601,2574.576171875,1178930,2553.31611328125,2501.8976318359373,2445.6920739746092,2558.972384940049,55.53260455771711,24.446312622330424,21.246152800463022,3.200159821867402,2621.1326041468255,2553.31611328125,2485.499622415675,0.05312032498665026,40.869394026719135,0.015874222123696175,23.168618891324343,26.767003147341235,18.4435550125745,-17585735.0,1196266.25,2642.850296475034,2479.8932738110634,2642.850296475034,2071.780180911018
2023-07-10,2585.836118257277,2587.219921184591,2529.6327526973287,2534.9287109375,1518183,2555.3059692382812,2505.8595849609374,2446.482141113281,2556.6825112255206,47.8534901491778,19.571259078306866,20.911174056031793,-1.339914977724927,2618.343814468895,2555.3059692382812,2492.2681240076677,0.04933878446611599,42.063520773900784,0.016593571484834504,21.669066121083635,24.14947223934935,23.121387709463622,-19103918.0,1209035.95,2642.850296475034,2486.8971065699093,2642.850296475034,2139.84920101813
2023-07-11,2535.452906945849,2592.3719211861862,2524.860993267194,2561.598388671875,2476367,2558.28623046875,2510.5754541015626,2447.1653381347655,2557.1506900299355,52.60153133286564,17.65623405164797,20.26018605515503,-2.603952003507061,2616.404299712617,2558.28623046875,2500.168161224883,0.045435157764358636,43.8811927128359,0.017130395188758377,20.413172109594232,22.334257092443483,20.580523157217314,-16627551.0,1214254.7,2642.850296475034,2486.8971065699093,2642.850296475034,2229.7305125801013
2023-07-12,2581.1126841590863,2581.1126841590863,2521.5217992981634,2551.24560546875,2395826,2559.2131591796874,2515.1902783203127,2447.7765576171873,2556.588301024108,50.67272969654432,15.128784626504057,19.233905769424837,-4.10512114292078,2616.2511130248063,2559.2131591796874,2502.1752053345685,0.04457460187755632,45.003313580556394,0.01763974173403339,19.146939710335914,20.22184415951627,19.16397319689578,-19023377.0,1299298.85,2642.850296475034,2507.160757581509,2642.850296475034,2256.4314699075953
2023-07-13,2562.028187364794,2564.413732937298,2529.8233221359947,2533.1630859375,1495067,2558.1546142578127,2518.79416015625,2448.109094238281,2554.357328158717,47.403213671287524,11.533701215405927,17.693864858621055,-6.160163643215128,2616.290714086242,2558.1546142578127,2500.0185144293832,0.04545159194398127,44.25953481060974,0.01747204317649754,17.97115248245319,19.092980224755824,18.094163835393466,-20518444.0,1329693.95,2642.850296475034,2507.160757581509,2642.850296475034,2264.945642108792
2023-07-14,2533.449393693257,2563.5072678557194,2529.680278287794,2554.3466796875,1419016,2558.5835205078124,2522.4289208984374,2448.222482910156,2554.356314018601,51.362406285298825,10.275461563230238,16.21018419954289,-5.934722636312653,2616.4738257391587,2558.5835205078124,2500.693215276466,0.04525183936137955,43.514353007560864,0.0170354139293592,16.874449800520978,18.03280779519448,17.112933070362484,-19099428.0,1327634.9,2642.850296475034,2507.160757581509,2642.850296475034,2264.945642108792
2023-07-17,2547.7624520870486,2579.4424479697554,2547.7624520870486,2558.9267578125,912701,2558.0133666992188,2526.2688623046874,2448.409071044922,2554.791594379925,52.20018925628107,9.53792434641764,14.875732228917842,-5.337807882500202,2615.653765072479,2558.0133666992188,2500.3729683259585,0.04506653415000537,42.669041784357006,0.016674585020492207,16.3722350896781,19.744049703261222,16.20538707960814,-18186727.0,1307076.1,2642.850296475034,2507.160757581509,2642.850296475034,2264.945642108792
2023-07-18,2562.6006624771676,2577.4388016680173,2554.728362545665,2559.9765625,1215904,2557.99189453125,2529.835439453125,2448.7019775390627,2555.285400867551,52.40256724793263,8.935132606362458,13.687612304406766,-4.752479698044308,2615.6290315483893,2557.99189453125,2500.354757514111,0.04506436251057871,41.24342730849954,0.016110861291723073,15.905892858181142,18.96748260937769,15.568001612148013,-16970823.0,1265303.9,2642.850296475034,2507.160757581509,2642.850296475034,2264.945642108792
2023-07-19,2559.9292361631874,2573.4313324071977,2539.079472374815,2549.289794921875,1166542,2557.777209472656,2533.1977490234376,2448.8535424804686,2554.7143907774866,50.07818154796674,7.508529326796179,12.45179570888465,-4.943266382088471,2615.510334427057,2557.777209472656,2500.044084518255,0.0451432006983156,40.75117250306263,0.015985304057717566,14.861452221467736,17.825415018360122,17.3735573815524,-18137365.0,1272685.95,2642.850296475034,2507.160757581509,2642.850296475034,2264.945642108792
2023-07-20,2546.8562610316517,2591.943073242828,2536.502899857043,2579.490478515625,1430764,2559.0487060546875,2537.03345703125,2449.0486962890627,2557.074018181119,56.01574138658694,8.714424259665066,11.704321419040733,-2.9898971593756674,2617.51388712087,2559.0487060546875,2500.583524988505,0.04569290215372179,41.800386851828534,0.016204900618932573,14.528393500371827,19.299991228333695,15.727651504147442,-16706601.0,1274549.1,2642.850296475034,2507.160757581509,2642.850296475034,2264.945642108792
2023-07-21,2528.678216655866,2553.8219592785504,2473.333561347926,2484.7841796875,5198952,2556.6464599609376,2537.6556298828127,2448.7776062011717,2550.189271657917,39.963705359301656,2.0049856337755045,9.764454261987687,-7.759468628212183,2622.681637671647,2556.6464599609376,2490.611282250228,0.051657652901855124,46.39728187439069,0.018672560077320627,14.72353678016084,16.145823127787523,22.882219101332144,-21905553.0,1285995.3,2642.850296475034,2473.333561347926,2642.850296475034,2264.945642108792
2023-07-24,2484.7842649392014,2486.644943890536,2457.111936335808,2462.12158203125,1777469,2553.719384765625,2537.2377392578123,2448.4124755859375,2541.8018726458536,37.215439769647396,-5.082388437534064,6.795085722083337,-11.877474159617401,2630.233458548108,2553.719384765625,2477.2053109831418,0.059923634710166436,45.19269085155765,0.018355182449712206,15.285742135571676,15.39216978343132,24.37800736422968,-23683022.0,1504440.3,2642.850296475034,2457.111936335808,2642.850296475034,2264.945642108792
2023-07-25,2462.0738156481693,2468.180952061506,2444.9934026192527,2450.575439453125,1653775,2549.7140380859373,2535.85349609375,2448.33724609375,2533.1136409132127,35.86229896843912,-11.498315241088221,3.1364055294490263,-14.634720770537248,2638.098573994845,2549.7140380859373,2461.3295021770296,0.0693289793197811,43.620895036607344,0.017800266147424484,16.080414505729777,14.80774033646011,25.436784225396146,-25336797.0,1543753.05,2642.850296475034,2444.9934026192527,2642.850296475034,2264.945642108792
2023-07-26,2461.405662799776,2479.822119275007,2454.5353388663257,2465.03173828125,1300033,2546.46728515625,2534.499990234375,2448.1206408691405,2526.6296501863594,38.859748892957285,-15.240794565377655,-0.5390344895163097,-14.701760075861346,2641.996800189254,2546.46728515625,2450.937770123246,0.07502905345759608,42.594165378412676,0.017279357793628887,16.380094175880128,16.03366189897161,24.18922656222599,-24036764.0,1588506.8,2642.850296475034,2444.9934026192527,2642.850296475034,2264.945642108792
2023-07-27,2443.7525862840444,2464.745384760518,2436.1188413835084,2452.197509765625,2276136,2542.106494140625,2533.15765625,2448.093477783203,2519.540874908194,37.19767005652719,-19.023065318527642,-4.235840655318577,-14.787224663209066,2646.112401200292,2542.106494140625,2438.1005870809577,0.08182655392242094,41.6169319155076,0.01697128055540895,17.093277347899967,15.23800426629839,26.149742359997663,-26312900.0,1619121.1,2642.850296475034,2436.1188413835084,2642.850296475034,2264.945642108792
2023-07-28,2452.3407819867566,2475.003464310564,2447.760488019154,2466.2724609375,966450,2537.6431518554687,2532.7442138671877,2448.2039147949217,2514.467692625271,40.21753327843071,-20.646807663341406,-7.518034056923143,-13.128773606418264,2646.508274984618,2537.6431518554687,2428.7780287263195,0.08580018277948136,40.59022079950065,0.01645812514326627,17.360129694583538,16.31264623322147,24.89610329354994,-25346450.0,1663049.25,2642.850296475034,2436.1188413835084,2642.850296475034,2264.945642108792
2023-07-31,2457.1598665599568,2464.6503403958914,2437.0735248621963,2443.562255859375,2003252,2530.951708984375,2531.613447265625,2448.1730639648435,2507.714793885662,37.11629604587152,-23.495319504816507,-10.713491146501816,-12.78182835831469,2645.5238535655117,2530.951708984375,2416.379564403238,0.09053680809035475,39.77655760491515,0.016278102802388457,17.872832507959753,15.457311290690937,25.50981112205422,-27349702.0,1653362.7,2642.850296475034,2436.1188413835084,2642.850296475034,2264.945642108792
2023-08-01,2452.3405372567327,2455.966612659365,2428.4850845596825,2434.305908203125,1758897,2523.8475341796875,2530.3609716796873,2448.3542468261717,2500.7234714397064,35.901142619945375,-26.19770472635946,-13.810333862473346,-12.387370863886115,2643.764440602286,2523.8475341796875,2403.930627757089,0.09502706070679852,38.898341211684254,0.015979232963533714,18.558928061612807,14.677273374000498,25.79956905107,-29108599.0,1704492.05,2642.850296475034,2428.4850845596825,2642.850296475034,2264.945642108792
2023-08-02,2421.805859660217,2455.632849208174,2419.897423206584,2451.3388671875,2082908,2514.9303588867188,2529.6346630859375,2448.429266357422,2496.0201757966393,39.80641915161262,-26.657654200594152,-16.37979793009751,-10.277856270496642,2628.3909208425466,2514.9303588867188,2401.469796930891,0.09022958552701502,38.67241869667752,0.015776039459223207,19.40460280958549,13.708516100474107,25.68285158250926,-27025691.0,1756341.55,2642.850296475034,2419.897423206584,2642.850296475034,2264.945642108792
2023-08-03,2440.842283719155,2443.800453185906,2421.042256996987,2434.496826171875,1475310,2505.1114501953125,2528.8242333984376,2448.537364501953,2490.1608091657095,37.38123641017773,-28.057747183641823,-18.715387780806374,-9.342359402835449,2610.434448273568,2505.1114501953125,2399.788452117057,0.0840864769270395,38.07414666052291,0.015639431627599454,20.189872218417268,12.92935677768982,24.223099622521037,-28501001.0,1774609.6,2642.850296475034,2419.897423206584,2642.850296475034,2264.945642108792
2023-08-04,2434.4971006515216,2441.796777177096,2418.991053879893,2429.439697265625,1359318,2497.854626464844,2528.24771484375,2448.575986328125,2484.377846127606,36.659021887634566,-29.238357414349593,-20.81998170751502,-8.418375706834574,2603.0328622755615,2497.854626464844,2392.6763906541264,0.08421485757926102,36.98354499171433,0.015223075935303079,20.973893987472167,12.359869275788894,23.55232834580436,-29860319.0,1785124.1,2592.3719211861862,2418.991053879893,2642.850296475034,2264.945642108792
2023-08-07,2423.7142672792547,2456.15768660504,2422.521494509924,2451.577392578125,803823,2493.687060546875,2527.0709130859377,2448.6559594726564,2481.2539934086076,41.94656077020912,-28.064166289099376,-22.26881862383189,-5.795347665267485,2599.263600520851,2493.687060546875,2388.1105205728986,0.08467505136817197,36.74444835624301,0.014988084189176609,20.982492337798313,14.343360370962516,22.012327696598184,-29056496.0,1794143.5,2592.3719211861862,2418.991053879893,2642.850296475034,2264.945642108792
2023-08-08,2451.5771061046025,2466.844595767983,2438.552122170893,2448.380615234375,1002061,2488.026171875,2525.8689892578127,2448.664948730469,2478.1231954872524,41.40899920586431,-27.079409995722926,-23.230936898210096,-3.84847309751283,2590.526748705015,2488.026171875,2385.5255950449846,0.0823950953480283,36.14073587344634,0.014761077443829831,20.489053109725276,15.653480290621854,20.78145861708145,-30058557.0,1758425.5,2591.943073242828,2418.991053879893,2642.850296475034,2264.945642108792
2023-08-09,2448.380931470091,2451.338868196379,2424.668515338569,2435.355712890625,1212549,2482.2316772460936,2524.2882470703125,2448.699307861328,2474.050101906621,39.204477922830314,-27.038303571117467,-23.99241023279157,-3.0458933383258966,2582.8674545403055,2482.2316772460936,2381.5958999518816,0.08108491904016155,35.46427994375803,0.014562258710726082,20.49129752611058,14.812626492567391,22.461442473549546,-31271106.0,1684710.2,2591.943073242828,2418.991053879893,2642.850296475034,2264.945642108792
2023-08-10,2432.350118462447,2434.592391610331,2411.8821832416734,2420.5654296875,1313334,2476.6017944335936,2522.2034765625,2448.575568847656,2468.9563236000376,36.80812927356684,-27.877820518800036,-24.769492289993266,-3.1083282288067693,2577.8071346534343,2476.6017944335936,2375.396454213753,0.08172919881372107,34.60779777984329,0.014297402315751996,20.886536539651203,14.09498346441014,24.01225703399788,-32584440.0,1625546.35,2591.943073242828,2411.8821832416734,2642.850296475034,2264.945642108792
2023-08-11,2418.942934447687,2420.517301160485,2384.59108212417,2387.262939453125,1472199,2468.247607421875,2518.878134765625,2448.0361682128905,2461.176001300332,32.0567592965765,-30.874474664383797,-25.990488764871376,-4.883985899512421,2569.986409713441,2468.247607421875,2366.5088051303087,0.08243808440096816,34.70540847866376,0.014537740231754316,21.97915431054584,13.051387716502827,27.851273390721854,-34056639.0,1616459.7,2591.943073242828,2384.59108212417,2642.850296475034,2264.945642108792
2023-08-14,2387.2630517958637,2423.7141391062746,2374.190309528014,2417.130126953125,1060479,2461.1577758789062,2515.794267578125,2448.0259362792967,2456.9811561244073,39.58852567300525,-30.487867089962037,-26.88996442988951,-3.5979026600725277,2556.1723997284657,2461.1577758789062,2366.1431520293468,0.07721132288288891,35.76386712863496,0.014796004042081317,23.236930731324033,11.760470468522005,27.173765047087254,-32996160.0,1619118.85,2591.943073242828,2374.190309528014,2642.850296475034,2264.945642108792
2023-08-16,2417.988754190398,2438.075092525665,2408.828166908653,2435.7373046875,1155882,2454.9458129882814,2513.4781640625,2448.426990966797,2454.957932178035,43.77053856788459,-28.353196070337617,-27.182610757979134,-1.170585312358483,2538.9079137642916,2454.9458129882814,2370.9837122122713,0.06840240654746457,35.298371306376154,0.014491862992961329,23.671994642011292,13.970482870360525,25.565538103760932,-31840278.0,1626507.75,2591.943073242828,2374.190309528014,2642.850296475034,2264.945642108792
2023-08-17,2435.7377080536285,2443.418978942011,2417.0349363242467,2426.815673828125,1532873,2448.8221069335937,2511.0716650390623,2448.7195031738283,2452.2777170970917,42.2599595861836,-27.069316723854627,-27.159951951154234,0.09063522729960738,2521.4701545588455,2448.8221069335937,2376.174059308342,0.05933305438525418,34.661633542903886,0.014282763176746623,23.811667074296974,14.312134450521048,24.175523970945033,-33373151.0,1623506.65,2591.943073242828,2374.190309528014,2642.850296475034,2264.945642108792
2023-08-18,2416.176354402618,2450.194145073477,2416.176354402618,2437.789306640625,1970819,2441.7370483398436,2508.4104443359374,2449.042205810547,2450.89786848219,44.784116951667954,-24.879556593004963,-26.703872879524383,1.8243162865194194,2482.8034150251788,2441.7370483398436,2400.6706816545084,0.03363700994196451,34.615644766329254,0.014199604810815687,23.60398312934165,14.705535057679521,22.47852515652892,-31402332.0,1641823.2,2553.8219592785504,2374.190309528014,2642.850296475034,2264.945642108792
2023-08-21,2437.788862086054,2457.0162649652852,2422.80768345719,2445.422607421875,977004,2439.7689697265623,2506.5890380859373,2449.278737792969,2450.376415047874,46.534993798349895,-22.271480569555933,-25.817394417530696,3.545913847974763,2475.866874163235,2439.7689697265623,2403.6710652898896,0.02959124809323105,34.586568819312554,0.014143391295370409,23.072831630254093,15.075531067806997,20.890463485173832,-30425328.0,1668825.95,2486.644943890536,2374.190309528014,2642.850296475034,2264.945642108792
2023-08-22,2455.7759560723107,2457.1117683143766,2436.1189687404285,2448.3330078125,960025,2439.079541015625,2505.65306640625,2449.444161376953,2450.1818048349814,47.22217006995723,-19.742141425213504,-24.60234381906726,4.860202393853758,2473.9492721764477,2439.079541015625,2404.2098098548026,0.02859253302276718,33.615585301786524,0.013729989014779028,22.574721992338397,14.423352144351655,19.95860551977299,-29465303.0,1457728.55,2479.822119275007,2374.190309528014,2642.850296475034,2264.945642108792
2023-08-23,2457.1117829326636,2465.222637361762,2445.1840558310487,2456.205322265625,1136112,2439.36103515625,2504.7373095703124,2449.8074841308594,2450.7554731617092,49.12684802894069,-16.907492892214577,-23.063373633696727,6.15588074148215,2474.6853686380123,2439.36103515625,2404.036701674488,0.028961955998038184,32.64579931813842,0.01329115242207262,21.68745380384891,15.565619838712479,19.083537468357132,-28329191.0,1416856.35,2479.822119275007,2374.190309528014,2642.850296475034,2264.945642108792
2023-08-24,2466.6540017781476,2473.0949745100634,2449.4303169912287,2463.07568359375,1143934,2439.263232421875,2503.3446826171876,2450.0724157714844,2451.9288265361893,50.79576354352678,-13.945873418336305,-21.239873590624644,7.294000172288339,2474.3124861193187,2439.263232421875,2404.213978724431,0.028737573896560946,32.00428918961673,0.012993628008588384,20.46374660708705,16.500491522845863,18.075624846393776,-27185257.0,1390973.2,2475.003464310564,2374.190309528014,2642.850296475034,2264.945642108792
2023-08-25,2449.478041248532,2462.5507835787557,2434.6876596204243,2446.18603515625,802955,2438.9626586914064,2501.1817236328125,2450.3759423828124,2451.3818940238143,46.73666891447989,-12.81391133075931,-19.554681138651578,6.740769807892267,2473.664456050287,2438.9626586914064,2404.260861332526,0.02845619405874726,31.745984531310228,0.012977747430106008,19.96116953595569,15.446553170286615,20.238180610302912,-27988212.0,1383168.25,2475.003464310564,2374.190309528014,2642.850296475034,2264.945642108792
2023-08-28,2447.5695880082694,2450.432242497168,2422.7599157711484,2438.6953125,619841,2437.5838012695312,2499.0402587890626,2450.583095703125,2450.1736481644034,45.01844421886877,-12.378569493061605,-18.119458809533583,5.7408893164719785,2469.948272280664,2437.5838012695312,2405.2193302583987,0.02655455044809259,31.45500897378946,0.012898293941256534,19.957801361990278,14.475910428559901,21.67501022682039,-28608053.0,1309509.2,2473.0949745100634,2374.190309528014,2642.850296475034,2264.945642108792
2023-08-29,2441.7486907746006,2441.7486907746006,2406.6336498016562,2410.498046875,958564,2435.9305908203123,2495.843623046875,2450.762840576172,2446.3950194701747,39.17932769646446,-14.145777909474418,-17.32472262952175,3.1789447200473333,2470.2249897659194,2435.9305908203123,2401.636191874705,0.028157123256995827,31.716439830871956,0.013157629342197372,20.517330278491105,13.33111839341935,23.592690163890644,-29566617.0,1292178.75,2473.0949745100634,2374.190309528014,2642.850296475034,2264.945642108792
2023-08-30,2410.4982027140945,2419.897345130354,2404.629853993885,2416.03271484375,1227377,2435.0169311523437,2492.9561572265625,2450.9475439453126,2443.5033714105152,40.80237145507794,-14.927625487111527,-16.845303201039705,1.9176777139281782,2470.392401156845,2435.0169311523437,2399.641461147842,0.029055625488205918,30.541514924128908,0.012641184341787397,21.103897099340003,12.85510885965998,23.218909455466736,-28339240.0,1239944.35,2473.0949745100634,2374.190309528014,2642.850296475034,2264.945642108792
2023-08-31,2416.1283950070488,2423.5235865317863,2377.053203801286,2390.364501953125,3235414,2431.968212890625,2489.69177734375,2451.0538330078125,2438.4425267002875,36.00375972747004,-17.41767546671099,-16.959777654173962,-0.457897812537027,2471.4616542875606,2431.968212890625,2392.47477149369,0.032478583550229624,31.67929119601257,0.013252912336226537,22.470476887230255,11.508168034468262,27.00388187954941,-31574654.0,1213368.35,2473.0949745100634,2374.190309528014,2642.850296475034,2264.945642108792
2023-09-01,2390.3642869657338,2399.3816021309085,2385.5454385871035,2390.125732421875,813413,2429.749658203125,2486.4130810546876,2451.3730700683595,2433.8409272452004,35.96139204992153,-19.1891244393546,-17.40564701121009,-1.7834774281445114,2473.2114095610464,2429.749658203125,2386.2879068452035,0.03577467432596555,30.404782077997744,0.012720996918931575,23.739443833128348,11.134098834700325,26.12612962088788,-32388067.0,1270993.65,2473.0949745100634,2374.190309528014,2642.850296475034,2264.945642108792
2023-09-04,2398.90483571016,2398.90483571016,2377.912032851917,2386.881591796875,1143301,2427.6217529296873,2483.494130859375,2451.677507324219,2429.3686095834555,35.35267628722852,-20.617124175023037,-18.04794244397268,-2.5691817310503566,2474.932712717167,2427.6217529296873,2380.310793142208,0.038977208644949746,29.732497848015267,0.012456628745304564,25.128125475560942,10.572577750849213,26.64235140919327,-33531368.0,1237898.8,2473.0949745100634,2374.190309528014,2642.850296475034,2264.945642108792
2023-09-05,2395.087602081513,2407.9217898505804,2387.549371738417,2392.272705078125,844088,2424.6565185546874,2480.9263232421877,2451.912595214844,2425.8356662972337,37.253454067390614,-21.070914085944878,-18.65253677236712,-2.418377313577757,2473.012417460892,2424.6565185546874,2376.300619648483,0.039886803377023355,29.111619291278846,0.012169022047312178,25.81433348786434,12.239183488062883,25.266954712143725,-32687280.0,1227097.95,2473.0949745100634,2374.190309528014,2642.850296475034,2264.945642108792
2023-09-06,2398.379786666086,2410.450787169734,2392.654477231026,2407.9697265625,1094146,2422.6359741210936,2478.4720703125,2452.310642089844,2424.134148227259,42.55001747000234,-19.934139064854662,-18.90885723086463,-1.0252818339900323,2470.228891793151,2422.6359741210936,2375.043056449036,0.03929019314535987,28.3306523484453,0.011765368989455178,26.2830579959787,12.315866835840184,24.10893393432222,-31593134.0,1229111.2,2473.0949745100634,2374.190309528014,2642.850296475034,2264.945642108792
2023-09-07,2395.087599794168,2406.3951782614326,2385.5454181216815,2392.654296875,1894798,2420.5009033203123,2475.7258203125,2452.519952392578,2421.1360671460916,39.08349249589654,-20.038077367392816,-19.134701258170267,-0.903376109222549,2469.4322178996963,2420.5009033203123,2371.5695887409283,0.04043073440895035,27.908770640757677,0.011664355639345304,26.961387911678635,11.609036304223293,24.544740969433974,-33487932.0,1233715.45,2473.0949745100634,2374.190309528014,2642.850296475034,2264.945642108792
2023-09-08,2389.36223861934,2405.6317046083727,2387.02445075331,2398.713623046875,1018234,2419.408312988281,2472.911826171875,2452.6757958984376,2419.0005962794994,41.12706525402078,-19.40779130162582,-19.18931926686138,-0.2184720347644422,2469.252418111598,2419.408312988281,2369.564207864964,0.041203549525506304,27.244376584636623,0.011357911308324704,27.59126569054286,11.042701122423047,23.347350421683903,-32469698.0,1267827.9,2473.0949745100634,2374.190309528014,2642.850296475034,2264.945642108792
2023-09-11,2398.7138336529692,2422.6645714527635,2394.1812970595506,2420.135986328125,1121083,2421.051965332031,2470.203759765625,2452.8710778808595,2419.1087286650827,47.795049007601975,-16.98389954901222,-18.74823532329155,1.7643357742793278,2468.6657168875513,2421.051965332031,2373.438213776511,0.03933310993511883,27.332869285249217,0.011293939447889931,26.986288715956587,14.671911861420247,21.60949255049069,-31348615.0,1253072.9,2473.0949745100634,2374.190309528014,2642.850296475034,2264.945642108792
2023-09-12,2432.302440771097,2432.302440771097,2374.095124612981,2384.448486328125,3946716,2419.4178833007813,2466.3449072265626,2452.9274377441407,2415.80775320442,39.723455273462264,-17.73815644312981,-18.546219547259202,0.808063104129392,2469.6301847082573,2419.4178833007813,2369.2055818933054,0.04150775420323167,29.53818691902539,0.012387848631828496,27.20328523028244,12.606757996350488,23.42502781436613,-35295331.0,1235517.1,2473.0949745100634,2374.095124612981,2642.850296475034,2264.945642108792
2023-09-13,2379.820412320104,2394.133686652422,2377.9119757424614,2391.7958984375,1231305,2417.220812988281,2462.653037109375,2452.8227185058595,2413.5209098932846,41.8989755276299,-17.540835876313395,-18.34514281307004,0.804306936756646,2468.223723174671,2417.220812988281,2366.2179028018913,0.04219962852573452,28.58701006123505,0.011952110997393307,27.40478199358502,12.095778700682946,22.475560535225647,-34064026.0,1379828.95,2473.0949745100634,2374.095124612981,2642.850296475034,2264.945642108792
2023-09-14,2396.0415714619453,2398.904225669188,2378.961161210757,2386.30859375,2081195,2415.195458984375,2457.7855615234375,2452.745933837891,2410.9292607367815,40.717022670297155,-17.62407813235359,-18.20092987692675,0.5768517445731618,2467.708213633663,2415.195458984375,2362.682704335087,0.043485304225746195,27.969585375320463,0.011720858504459914,27.259378402521033,12.698032399297258,21.33086929171288,-36145221.0,1383600.1,2473.0949745100634,2374.095124612981,2642.850296475034,2264.945642108792
2023-09-15,2361.499174212782,2376.003243807194,2353.102007722305,2356.632568359375,3750697,2411.1376220703123,2452.300712890625,2452.578739013672,2405.7581471770286,34.97135443561989,-19.855770493661566,-18.531898000273713,-1.323872493387853,2468.3700541386793,2411.1376220703123,2353.9051900019454,0.04747338479935011,28.34365685049006,0.012027185413219576,28.04587651835569,11.635415442923145,26.06256542839422,-39895918.0,1411016.2,2473.0949745100634,2353.102007722305,2642.850296475034,2264.945642108792
2023-09-18,2358.207056557156,2378.818028280448,2349.2850239024633,2374.71484375,1499641,2407.6022338867188,2448.303486328125,2451.9861218261717,2402.8016420887398,40.482492552319215,-19.935510113170494,-18.812620422853072,-1.1228896903174217,2464.6617389146127,2407.6022338867188,2350.542728858825,0.047399445161487294,28.42861024531109,0.011971378508932222,28.894118445520654,10.772027739352852,25.08767360144855,-38396277.0,1500010.1,2473.0949745100634,2349.2850239024633,2642.850296475034,2264.945642108792
2023-09-20,2337.500590177752,2366.4612065970864,2333.0635686007568,2353.913330078125,1795159,2402.88125,2444.6831787109377,2451.0521630859375,2398.145612373443,36.635949632101635,-21.43017888161694,-19.336132114605846,-2.0940467670110934,2461.287900718122,2402.88125,2344.474599281878,0.048613846995661486,29.373086309877674,0.01247840603753359,30.149753461597665,9.680968961079873,26.491319899707765,-40191436.0,1526141.95,2473.0949745100634,2333.0635686007568,2642.850296475034,2264.945642108792
2023-09-21,2353.1021255686346,2369.323835274501,2331.0595915476433,2360.11572265625,2223720,2398.076770019531,2440.653525390625,2450.2509643554686,2394.5237181146626,38.511992484731834,-21.86221934773903,-19.841349561232484,-2.0208697865065446,2453.8987322367243,2398.076770019531,2342.254807802338,0.046555608990565045,30.00816898251911,0.012714702374316494,31.103269759476483,9.480613784112494,24.078476150681873,-37967716.0,1567898.65,2473.0949745100634,2331.0595915476433,2642.850296475034,2264.945642108792
2023-09-22,2355.010665005264,2376.0034667192494,2345.4684824079977,2368.799072265625,1176741,2393.362939453125,2437.0045947265626,2449.7191564941404,2392.073751843326,41.13945669672821,-21.25888163187028,-20.124855975360042,-1.1340256565102393,2441.877634498345,2393.362939453125,2344.848244407905,0.04054102639051089,30.045798648857154,0.012683979405699451,31.491091517303563,10.3803658015935,22.330582875931164,-36790975.0,1622279.05,2462.5507835787557,2331.0595915476433,2642.850296475034,2264.945642108792
2023-09-25,2368.799410620056,2385.2596779514906,2347.3772542219854,2362.501708984375,1122778,2389.1787231445314,2433.5913671875,2449.1333825683596,2389.25736680914,39.81082765972495,-21.04626845091161,-20.309138470470355,-0.7371299804412565,2432.951685028999,2389.1787231445314,2345.405761260064,0.03664268517078983,30.60555758318916,0.012954723997362229,31.192422396681792,11.622875214686207,20.356299516414996,-37913753.0,1623919.4,2450.432242497168,2331.0595915476433,2642.850296475034,2264.945642108792
2023-09-26,2360.735651228966,2375.048923164469,2348.5693700837887,2365.458984375,1263548,2385.5169067382812,2429.81361328125,2448.3981787109374,2386.9908541963646,40.778092243214715,-20.40393964890427,-20.32809870615714,-0.07584094274713138,2424.047197053124,2385.5169067382812,2346.9866164234386,0.032303514769488804,30.31084297586711,0.01281393724265983,30.915086784675864,10.89760778329576,19.086066395075967,-36650205.0,1639910.55,2441.7486907746006,2331.0595915476433,2642.850296475034,2264.945642108792
2023-09-27,2362.6442138940242,2390.125744073198,2355.9646866334188,2387.21533203125,1086791,2384.3527709960936,2426.379384765625,2447.521884765625,2387.0122330377826,47.46676521792573,-17.932617957956154,-19.849002556516943,1.9163845985607892,2421.1621160164846,2384.3527709960936,2347.5434259757026,0.030875754182140943,30.58585829471797,0.012812358350887796,29.62845912305593,13.549179337543842,17.563420106951774,-35563414.0,1672095.9,2432.302440771097,2331.0595915476433,2642.850296475034,2264.945642108792
2023-09-28,2385.5455974908296,2386.499815729826,2340.888137313114,2347.7109375,1612346,2380.9366821289063,2422.134072265625,2446.457061767578,2383.2692525103744,38.880026878217514,-18.943384653205158,-19.667878975854585,0.7244943226494271,2418.0318334588187,2380.9366821289063,2343.841530798994,0.03116013257164308,31.710239467819264,0.013506875553251224,29.109563063235754,12.135270410117354,19.126662229699782,-37175760.0,1678507.25,2432.302440771097,2331.0595915476433,2642.850296475034,2264.945642108792
2023-09-29,2352.6729456179296,2359.591028203127,2338.311913796658,2352.720703125,1249567,2379.0544921875,2418.2026904296877,2445.337781982422,2380.3598668546247,40.353625893986646,-19.119777431212697,-19.558258666926207,0.4384812357135104,2417.827307834408,2379.0544921875,2340.2816765405914,0.03259514716811505,30.965159106294248,0.013161425861201797,28.73641467598772,11.539605995052147,18.782090444448,-35926193.0,1697755.7,2432.302440771097,2331.0595915476433,2642.850296475034,2264.945642108792
2023-10-03,2376.0034833723507,2384.591447770082,2349.0945748521476,2355.869384765625,1585626,2377.3416748046875,2413.7302685546874,2444.257907714844,2378.027439989006,41.311362793067886,-18.788910816653697,-19.404389096871704,0.6154782802180065,2417.022799143711,2377.3416748046875,2337.660550465664,0.03338276930032236,31.28885294998284,0.013281234160227279,26.885577865333673,16.311780272736367,17.26008451129554,-34340567.0,1598463.35,2432.302440771097,2331.0595915476433,2642.850296475034,2264.945642108792
2023-10-04,2354.103984851398,2396.0895843663584,2352.290830548836,2393.0361328125,1587335,2377.6494018554686,2411.8953076171874,2443.396756591797,2379.4568393055292,51.2598972285947,-15.350697404736366,-18.593650758444635,3.2429533537082698,2417.7152731706683,2377.6494018554686,2337.583530540269,0.03370208516355115,32.182417297664244,0.01344836246155662,25.333813842683114,17.27809765900529,15.582215804764433,-32753232.0,1637074.0,2432.302440771097,2331.0595915476433,2642.850296475034,2264.945642108792
2023-10-05,2402.7213546953185,2409.2100848511195,2381.108406306482,2404.200439453125,1909928,2378.2457885742188,2410.736884765625,2442.712814941406,2381.8133726529195,53.793674255349686,-11.591403775580602,-17.19320136187183,5.601797586291227,2419.5019960568147,2378.2457885742188,2336.9895810916228,0.034694654085631306,31.89093595816235,0.013264674373579461,24.48307591358108,19.12928756468924,14.601448058152029,-30843304.0,1659275.7,2432.302440771097,2331.0595915476433,2642.850296475034,2264.945642108792
2023-10-06,2404.5821311947166,2404.6298886978925,2379.820215243073,2384.972900390625,1083342,2377.095947265625,2409.424833984375,2442.0340100097656,2382.1142800565103,49.06310293935525,-10.047813264554406,-15.764123742408346,5.7163104778539395,2416.2000956961824,2377.095947265625,2337.9917988350676,0.03290077413622192,31.385131493637854,0.01315953379952343,23.61915526845324,18.049177891010793,14.070172712971669,-31926646.0,1712567.7,2432.302440771097,2331.0595915476433,2642.850296475034,2264.945642108792
2023-10-09,2371.2323822449016,2401.290257512795,2367.4155091950106,2396.328369140625,1468771,2377.279650878906,2408.0507666015624,2441.373885498047,2383.468002826426,51.761125631109074,-7.818093126120402,-14.174917619150758,6.356824493030356,2416.7076130140586,2377.279650878906,2337.8516887437536,0.03317065547637657,31.56296126679118,0.013171384052891857,22.122771364366105,16.665523185210773,15.798797057794326,-30457875.0,1712027.5,2432.302440771097,2331.0595915476433,2642.850296475034,2264.945642108792
2023-10-10,2397.187033262411,2405.441160876135,2388.7423415554345,2401.00390625,1092373,2377.3941650390625,2407.02689453125,2440.5156604003905,2385.1380888667663,52.86810403483962,-5.609088996102855,-12.461751894541178,6.852662898438323,2417.082913698634,2377.3941650390625,2337.705416379491,0.03338844626037802,30.501236842070437,0.012703534868341257,20.943363430226206,16.985875008711133,15.180973733545583,-29365502.0,1690726.15,2432.302440771097,2331.0595915476433,2642.850296475034,2264.945642108792
2023-10-11,2403.0554655876986,2446.5676751580454,2401.0515142086524,2439.36328125,1697398,2378.3555297851562,2406.4887109375,2440.055330810547,2390.3023929032647,60.813311549183055,-0.7544593900074688,-10.120293393634437,9.365834003626968,2422.787066972544,2378.3555297851562,2333.9239925977686,0.037363242484946144,31.577131989640076,0.012944825492929059,21.492073888563844,24.53815535081019,13.616318881372104,-27668104.0,1694433.1,2446.5676751580454,2331.0595915476433,2642.850296475034,2264.945642108792
2023-10-12,2438.0271107804556,2450.0025938664,2422.9504190408766,2439.935546875,1625010,2381.1298828125,2406.4161767578125,2439.6373779296873,2395.029359948192,60.9191552696049,3.103273991006972,-7.475579916706156,10.578853907713128,2433.0371870675185,2381.1298828125,2329.2225785574815,0.04359888524325904,31.253920763631733,0.012809322280525346,22.11099888823076,23.80609040438762,12.774479270626646,-26043094.0,1723248.85,2450.0025938664,2331.0595915476433,2642.850296475034,2264.945642108792
2023-10-13,2436.1668326066474,2458.7339999485785,2426.290581008693,2451.81591796875,1531977,2384.1308837890624,2406.766376953125,2439.377497558594,2400.4376035691976,63.144734730414235,7.038071638983638,-4.572849605568198,11.610921244551836,2444.4209703948827,2384.1308837890624,2323.840797183242,0.05057615503893998,31.338884919078417,0.012781907764528125,22.962529157929104,24.035813328406743,11.829856858962337,-24511117.0,1607163.55,2458.7339999485785,2331.0595915476433,2642.850296475034,2264.945642108792
2023-10-16,2442.798882352621,2463.7916852478393,2435.737760018703,2441.1767578125,954899,2386.8742919921874,2406.563134765625,2439.1791833496095,2404.317523020941,59.85729160510426,9.191976431754938,-1.819884398103571,11.01186082985851,2452.102255728197,2386.8742919921874,2321.6463282561776,0.05465555010990354,31.104244941225417,0.012741496428590219,23.910877244516193,23.648795919393514,11.067733231464306,-25466016.0,1622197.15,2463.7916852478393,2331.0595915476433,2642.850296475034,2264.945642108792
2023-10-17,2441.1764647650048,2452.3407710991128,2429.8688859230097,2439.124755859375,1253538,2390.9989013671875,2406.655693359375,2438.987882080078,2407.632497576982,59.21693464548991,10.611064345138402,0.6663053505448238,9.944758994593577,2458.450717268402,2390.9989013671875,2323.547085465973,0.056421452860262886,30.48764781514525,0.012499421254245588,24.400966757103316,22.40371784319331,11.860032041607619,-26719554.0,1565882.35,2463.7916852478393,2331.0595915476433,2642.850296475034,2264.945642108792
2023-10-18,2452.38842825818,2453.5334434572896,2423.2847743834313,2431.58642578125,1084689,2393.84248046875,2406.6986279296875,2438.873416748047,2409.9138240726265,56.81240407774587,11.000613281355982,2.7331669367070557,8.267446344648926,2463.080035459235,2393.84248046875,2324.604925478265,0.0578463750688619,30.47057790505333,0.012531151507503323,24.424112752908,20.81510657653255,12.562491805673497,-27804243.0,1441024.4,2463.7916852478393,2331.0595915476433,2642.850296475034,2264.945642108792
2023-10-19,2409.4010688685216,2437.4549920889817,2409.4010688685216,2431.443603515625,1272343,2397.718994140625,2406.2959521484377,2438.8039025878907,2411.9642792576738,56.76537425551386,11.169059095877401,4.420345368541125,6.748713727336276,2466.258260760288,2397.718994140625,2329.179727520962,0.05717039134873974,30.29795971329667,0.012460893466535207,23.598990405279853,19.438433485931508,15.004766987425162,-29076586.0,1420276.8,2463.7916852478393,2331.0595915476433,2642.850296475034,2264.945642108792
2023-10-20,2404.6301428141746,2427.10203062245,2371.2802594499785,2380.917724609375,3608160,2398.7590942382812,2404.9466943359375,2438.555349121094,2409.0074645292643,43.15514615588721,7.143195144979472,4.964915323828794,2.178279821150678,2465.5944079744754,2398.7590942382812,2331.923780502087,0.0557249070127382,32.43120145275023,0.013621302877263871,22.76242523082966,16.862692687994937,21.41249396603443,-32684746.0,1394136.0,2463.7916852478393,2338.311913796658,2642.850296475034,2264.945642108792
2023-10-23,2379.820071849205,2395.03980478579,2366.7950872556053,2369.80078125,922707,2398.8091796875,2403.635595703125,2438.2843383789063,2405.273494693144,40.835225883355015,3.020802606120924,4.576092780287221,-1.5552901741662968,2465.5560546923393,2398.8091796875,2332.062304682661,0.05565000798732524,32.13216688685268,0.013559016074719965,22.155815193706033,15.803936134503447,21.06510593139349,-33607453.0,1463358.0,2463.7916852478393,2338.311913796658,2642.850296475034,2264.945642108792
2023-10-25,2361.7377747002747,2376.003290029655,2352.1478353104817,2363.884765625,1435836,2398.8783325195313,2402.501982421875,2437.996287841797,2401.3317109723685,39.61475875579114,-0.7153500893505225,3.5178042063596724,-4.233154295710195,2465.4773013419167,2398.8783325195313,2332.279363697146,0.0555250909723602,31.540973160589875,0.013342855632918548,22.124348588924267,14.950148539098077,23.244148023070696,-35043289.0,1450656.3,2463.7916852478393,2338.311913796658,2642.850296475034,2264.945642108792
2023-10-26,2348.331011677226,2376.0033397303096,2343.225851075164,2363.02587890625,2650560,2398.7566772460937,2402.0172412109373,2437.781318359375,2397.683536489881,39.43050568728416,-3.7028982916931454,2.073663706749109,-5.776561998442254,2465.6077996609065,2398.7566772460937,2331.905554831281,0.05573814388840943,31.629295695915282,0.013385082227942088,22.396521014371096,13.843515514800938,23.53843583112029,-37693849.0,1466309.2,2463.7916852478393,2338.311913796658,2642.850296475034,2264.945642108792
2023-10-27,2354.342761123986,2380.774560351634,2351.0507547173906,2368.41748046875,1784812,2397.816784667969,2401.04298828125,2437.621463623047,2394.896293059297,41.27693635794852,-5.571272419122124,0.5446764815748624,-6.115948900696987,2465.8093711626148,2397.816784667969,2329.824198173323,0.05671207819496593,31.493189262938724,0.013297144410834905,22.378435289008074,13.992391462748754,21.951580505180058,-35909037.0,1535659.8,2463.7916852478393,2338.311913796658,2642.850296475034,2264.945642108792
2023-10-30,2357.8731464408493,2377.911728421933,2349.6667768251305,2365.411376953125,875135,2398.701806640625,2399.6364697265626,2437.221314697266,2392.08820581109,40.53497750956521,-7.211411147908166,-1.0065410443217435,-6.204870103586423,2464.4875320558895,2398.701806640625,2332.9160812253604,0.0548511075725559,31.261172286786127,0.013215955833886912,22.413455222721424,13.089367061097127,20.851120129428523,-36784172.0,1570560.85,2463.7916852478393,2338.311913796658,2642.850296475034,2264.945642108792
2023-10-31,2357.1098180449,2377.9118219888537,2354.8197874851803,2370.278076171875,920414,2399.5796752929687,2398.5057177734375,2436.8798107910156,2390.011050607355,42.34193398435736,-8.026012081525096,-2.410435251762414,-5.615576829762682,2463.3245446518326,2399.5796752929687,2335.8348059341047,0.05313002940907246,30.67766244513522,0.012942642786740564,22.445967779149107,12.385619180197592,19.73002804042514,-35863758.0,1533700.3,2463.7916852478393,2343.225851075164,2642.850296475034,2264.945642108792
2023-11-01,2371.232199879601,2379.772406079239,2353.8654754309146,2359.06591796875,1267131,2399.739501953125,2396.93125,2436.2569799804687,2387.063895117964,39.37348649076046,-9.467184839662423,-3.821785169342416,-5.645399670320007,2463.0598083187897,2399.739501953125,2336.4191955874603,0.0527726499598218,30.336895888220155,0.012859706741192477,22.35049238104782,12.068195782167303,18.52653249207146,-37130889.0,1517242.65,2463.7916852478393,2343.225851075164,2642.850296475034,2264.945642108792
2023-11-02,2379.011355660792,2399.196906557308,2367.7651670957143,2390.353759765625,1595123,2399.6053833007813,2395.829873046875,2435.696885986328,2387.3772155605984,49.92371480700667,-7.9925244374303475,-4.655933022960003,-3.3365914144703446,2462.9932421280437,2399.6053833007813,2336.217524473519,0.05283190250229315,31.03647393824429,0.012984050503590491,21.062306433919275,15.424020249234326,16.81543958914826,-35535766.0,1501317.9,2463.7916852478393,2343.225851075164,2642.850296475034,2264.945642108792
2023-11-03,2400.1579574519587,2415.05681541772,2389.3923779852994,2411.932861328125,1125583,2399.9920043945312,2395.1018701171874,2435.484152832031,2389.715848490839,55.655401315912606,-5.024671012605268,-4.729680620889056,-0.2949903917162118,2463.581258030021,2399.9920043945312,2336.4027507590413,0.05299122123661594,30.652757044971164,0.01270879365526464,20.059336322190383,18.197348230448107,15.809799922587208,-34410183.0,1501707.3,2463.7916852478393,2343.225851075164,2642.850296475034,2264.945642108792
2023-11-06,2417.4597423101177,2420.1030879528025,2394.4867595025,2400.542236328125,1338677,2400.770471191406,2393.9886083984375,2435.229606933594,2390.746933046771,52.255390482682756,-3.55082236338194,-4.493908969387633,0.9430866060056928,2463.9853032304413,2400.770471191406,2337.555639152371,0.052662120596363535,30.293012145351987,0.012619237306854575,19.3664404194541,18.288076378123932,14.854867229087409,-35748860.0,1462490.05,2463.7916852478393,2343.225851075164,2642.850296475034,2264.945642108792
2023-11-07,2399.1966498520997,2408.0397956975985,2388.8635713321037,2399.629150390625,1473411,2400.935510253906,2392.719677734375,2434.809831542969,2391.5928585080906,51.98125294422667,-2.4284711903342213,-4.080821413576951,1.6523502232427294,2464.1203193986917,2400.935510253906,2337.7507011091207,0.05263349129948394,29.49895587536219,0.01229313115760416,18.3974510395978,17.438902845818106,15.526703478157433,-37222271.0,1475256.8,2463.7916852478393,2343.225851075164,2642.850296475034,2264.945642108792
2023-11-08,2401.1190451871635,2427.071893153558,2400.8306332753555,2421.64111328125,745022,2401.9673706054687,2392.228779296875,2434.6274169921876,2394.454597057915,57.737324682129284,0.23447871931512054,-3.2177613869985366,3.452240106313657,2465.793733710891,2401.9673706054687,2338.1410075000463,0.05314507090022089,29.352083510188674,0.012120740496686355,18.37809725428548,20.9057738486791,14.48979648419443,-36477249.0,1475488.8,2463.7916852478393,2343.225851075164,2642.850296475034,2264.945642108792
2023-11-09,2422.314099905442,2424.188425464951,2377.136916718744,2380.645263671875,1823094,2399.0314697265626,2391.0677783203123,2433.906623535156,2393.1394224497208,46.54637296973126,-0.9521608213858599,-2.764641273876001,1.8124804524901412,2461.0843680763815,2399.0314697265626,2336.9785713767437,0.0517316251436181,30.61632816990425,0.012860516699863985,17.10083867893398,18.610900818770205,18.42701600661259,-38300343.0,1458121.25,2463.7916852478393,2343.225851075164,2642.850296475034,2264.945642108792
2023-11-10,2380.9336154108005,2392.0838222948596,2369.7355354324045,2390.11328125,771062,2396.5403564453127,2390.6600830078123,2433.144910888672,2392.851218525938,49.00472542176795,-1.1157298761431775,-2.4348589943294363,1.3191291181862588,2455.7604351666428,2396.5403564453127,2337.3202777239826,0.04942130731248668,30.02575379080074,0.012562481463262543,16.187063933719866,17.621460331960023,19.208073806875557,-37529281.0,1464406.05,2463.7916852478393,2343.225851075164,2642.850296475034,2264.945642108792
2023-11-13,2381.1257095257197,2390.7378755052937,2375.1662135527877,2382.038818359375,760809,2393.0515014648436,2389.980205078125,2432.5153234863283,2391.821466129122,47.01873486780521,-1.8752840969154931,-2.3229440148466476,0.44765991793115445,2446.8038099593346,2393.0515014648436,2339.2991929703526,0.04492365372127422,28.993318659493973,0.012171639872545431,15.338558813163903,16.945453789552893,18.471200510572388,-38290090.0,1421708.65,2463.7916852478393,2343.225851075164,2642.850296475034,2264.945642108792
2023-11-15,2404.8676066119556,2405.9731464541132,2379.9721916904596,2389.96875,1457029,2390.491101074219,2389.9722900390625,2432.403360595703,2391.645016973968,49.19631870934187,-1.8164185367654682,-2.221638919230412,0.40522038246494363,2439.4990665437113,2390.491101074219,2341.4831356047266,0.04100242452060962,28.779578381219665,0.012041822045254636,14.698462786691016,19.63319572910642,17.279212312393316,-36833061.0,1383150.25,2453.5334434572896,2343.225851075164,2642.850296475034,2264.945642108792
2023-11-16,2384.0093809981963,2408.6166199984764,2379.3476212589244,2394.582763671875,1420578,2388.2640014648437,2390.0614306640623,2432.088968505859,2391.9248023737687,50.47187195278752,-1.3815294028595417,-2.053617015956238,0.6720876130966964,2431.993198276458,2388.2640014648437,2344.5348046532295,0.036620069460321696,28.814536978243403,0.012033218235505433,14.2296891281094,18.86399909843506,16.025516642407222,-35412483.0,1408256.75,2453.5334434572896,2343.225851075164,2642.850296475034,2264.945642108792
2023-11-17,2369.3989427459933,2435.242280505872,2369.3989427459933,2430.724609375,1756043,2388.220910644531,2390.938291015625,2431.9358825683594,2395.6200220881715,59.12835791144317,1.8580498254104896,-1.2712836476828928,3.129333473093382,2431.7806326547043,2388.220910644531,2344.661188634358,0.036478804633208954,31.45945131978877,0.01294241692310746,14.904957166877974,22.089233321734415,13.629748982324452,-33656440.0,1416608.75,2437.4549920889817,2343.225851075164,2642.850296475034,2264.945642108792
2023-11-20,2436.1555216090155,2436.203629376514,2403.0416545438093,2409.241455078125,944231,2387.110803222656,2391.277666015625,2431.5719750976564,2396.917301420548,53.178603410044566,2.661251444100799,-0.4847766293261545,3.1460280734269532,2427.20135634309,2387.110803222656,2347.0202501022222,0.03358918493964396,31.581060142139915,0.013108300156289577,15.56763110087883,20.649881223716932,12.607460418289067,-34600671.0,1450176.45,2436.203629376514,2343.225851075164,2642.850296475034,2264.945642108792
2023-11-21,2407.8475864746533,2419.382185691298,2401.1190702649437,2408.087890625,1088806,2388.4693115234377,2391.280029296875,2431.250572509766,2397.9811670590675,52.870959078620984,3.1681905742316303,0.2458168113854025,2.922373762846228,2429.4596404428817,2388.4693115234377,2347.4789826039937,0.034323513156883825,30.62977837672667,0.012719543375460832,16.05980620904826,19.770412231877916,12.518860651798143,-35689477.0,1433770.85,2436.203629376514,2343.225851075164,2642.850296475034,2264.945642108792
2023-11-22,2410.4911628137966,2426.3512382545014,2406.8866002136365,2424.09228515625,816610,2391.18388671875,2391.9087890625,2431.217419433594,2400.46794021118,56.62050398327009,4.805964207747365,1.157846290657795,3.6481179170895706,2434.0187771298965,2391.18388671875,2348.348996307603,0.035827349497512685,29.83226835273654,0.012306572870765784,16.801607775518885,20.517640833514612,11.935419813292901,-34872867.0,1307803.15,2436.203629376514,2343.225851075164,2642.850296475034,2264.945642108792
2023-11-23,2409.0010569157093,2429.715322104033,2409.0010569157093,2422.169677734375,1023670,2394.0981323242186,2392.37791015625,2431.133955078125,2402.5347723562463,56.04366771886565,5.880980972913676,2.1024732271089714,3.7785077458047045,2437.0379969399055,2394.0981323242186,2351.1582677085316,0.03587143236605795,29.180982412421336,0.01204745591552296,17.62719945999038,20.30076899001923,11.330247171221929,-35896537.0,1302498.3,2436.203629376514,2343.225851075164,2642.850296475034,2264.945642108792
2023-11-24,2417.5561187464655,2422.0737901202465,2410.2026704841705,2417.652099609375,735137,2396.829443359375,2392.328232421875,2431.0397314453126,2403.974517808925,54.63518670490098,6.2958342465003625,2.94114543098725,3.3546888155131125,2438.4449767791257,2396.829443359375,2355.2139099396245,0.03472548581631459,27.951412757977273,0.011561387497602918,18.393820309856764,19.679948211294008,10.983755229195227,-36631674.0,1281890.0,2436.203629376514,2349.6667768251305,2642.850296475034,2264.945642108792
2023-11-28,2433.5603641585562,2433.5603641585562,2403.041734135041,2413.1826171875,1880641,2399.0677001953127,2392.9029150390625,2430.636375732422,2404.851479654504,53.210376475467136,6.19257443293327,3.5914312313764545,2.6011432015568157,2439.115806005036,2399.0677001953127,2359.0195943855892,0.03338639072708373,28.134785419801396,0.011658788364964994,19.583911448170614,21.071343081459744,10.1327264681108,-38512315.0,1186118.85,2436.203629376514,2349.6667768251305,2642.850296475034,2264.945642108792
2023-11-29,2414.576436013944,2430.5806007675874,2410.827784619846,2427.120361328125,1265214,2402.1531494140627,2393.609404296875,2430.2369274902344,2406.9723255281824,56.97822037518304,7.152945058217483,4.30373399674466,2.8492110614728228,2440.8392132085455,2402.1531494140627,2363.46708561958,0.032209489893614156,27.536073328939956,0.011345161850099664,20.6889960766049,19.99167268250448,9.613537691864462,-37247101.0,1190910.3,2436.203629376514,2353.8654754309146,2642.850296475034,2264.945642108792
2023-11-30,2418.565283786909,2455.4280377646614,2418.565283786909,2446.8251953125,3095684,2405.980505371094,2394.819736328125,2429.9887707519533,2410.7678369362125,61.676833744653074,9.395752731387802,5.322137743673289,4.073614987714513,2446.402420164123,2405.980505371094,2365.5585905780645,0.03360119893140595,28.202264803855147,0.011526064411092208,22.59621166375997,24.418357662199465,8.715986992971127,-34151417.0,1210414.25,2455.4280377646614,2353.8654754309146,2642.850296475034,2264.945642108792
2023-12-01,2448.6993458061406,2481.81321151669,2443.412654382418,2464.222900390625,1345599,2411.2383544921877,2396.97154296875,2429.99986328125,2415.8587953604424,65.28210985691699,12.433715242452763,6.7444532434291835,5.6892619990235795,2453.209664923361,2411.2383544921877,2369.2670440610145,0.034813074661805804,28.930714256027766,0.011740299244618542,25.037751069607165,28.617648673768368,7.889631520910785,-32805818.0,1319177.75,2481.81321151669,2367.7651670957143,2642.850296475034,2264.945642108792
2023-12-04,2477.055196344955,2507.237303937237,2475.1327631308727,2501.3740234375,2188039,2416.7893676757812,2399.5047265625,2430.2837878417968,2424.003102796353,71.457142556809,17.635812891699516,8.92272517308325,8.713087718616265,2473.1452938390285,2416.7893676757812,2360.433441512534,0.04663701927606916,29.93669206249806,0.011968099045562855,27.787245756453313,31.746723643775553,7.079904224755198,-30617779.0,1323101.15,2507.237303937237,2369.3989427459933,2642.850296475034,2264.945642108792
2023-12-05,2534.728603442285,2534.728603442285,2457.1584576206137,2463.8388671875,3108717,2419.38466796875,2401.7032373046877,2430.361580810547,2427.7969851193193,59.870674852950025,18.516295019836434,10.841439142433888,7.674855877402546,2479.2767545024008,2419.38466796875,2359.492581435099,0.049510181102316926,33.33908161672472,0.013531356315838,30.741329316277238,32.360614853649416,5.903273126344378,-33726496.0,1352746.95,2534.728603442285,2369.3989427459933,2642.850296475034,2264.945642108792
2023-12-06,2470.3268241208075,2483.495445470624,2463.5983074792334,2468.06787109375,1573754,2422.760949707031,2403.8622802734376,2430.5040563964844,2431.6323075930745,60.64494143376471,19.332475972922566,12.539646508531625,6.792829464390941,2485.5659520804484,2422.760949707031,2359.955947333614,0.05184581036029313,32.37894278634371,0.013119146019268361,33.484406907542315,30.940195187964555,5.644157986582969,-32152742.0,1451903.65,2534.728603442285,2369.3989427459933,2642.850296475034,2264.945642108792
2023-12-07,2452.1600472249447,2460.5225856827965,2401.69616985785,2420.583984375,3925967,2423.80869140625,2404.897978515625,2430.392548828125,2430.58008633421,49.17275798570391,15.963732468882426,13.224463700601786,2.73926876828064,2485.72806705023,2423.80869140625,2361.88931576227,0.05109262613301006,34.80699696131203,0.014379586573319938,32.567436867241966,26.726031430934107,17.57854290552962,-36078709.0,1463657.5,2534.728603442285,2369.3989427459933,2642.850296475034,2264.945642108792
2023-12-08,2421.304744756755,2435.6748867600672,2411.019773521691,2424.476806640625,1605805,2423.950476074219,2406.13748046875,2430.307131347656,2429.9988216014876,50.00770246455454,13.453019163899171,13.270174793261264,0.18284437063790726,2485.8623349154755,2423.950476074219,2362.038617232962,0.05108343545164158,34.08186240967375,0.014057409135168364,31.71596468696307,25.345042740859622,16.670223651200395,-34472904.0,1586285.3,2534.728603442285,2369.3989427459933,2642.850296475034,2264.945642108792
2023-12-11,2424.4768807268692,2431.8300944655984,2402.0804851315706,2406.550048828125,2012243,2425.245715332031,2406.9593017578127,2430.2794970703126,2427.7656051468816,46.24060850836802,9.90257057621875,12.596653949852762,-2.6940833736340117,2484.5066162336093,2425.245715332031,2365.984814430453,0.0488700180166817,33.77241576141332,0.014033539746185156,30.53044832083303,23.750323874472347,17.511984573760966,-36485147.0,1629324.45,2534.728603442285,2369.3989427459933,2642.850296475034,2264.945642108792
2023-12-12,2403.0417127097694,2420.3436130412797,2400.1580626545174,2405.68505859375,1677929,2426.024304199219,2407.3286962890625,2430.348572998047,2425.662695951345,46.06031065771159,6.939028210180368,11.465128801918285,-4.526100591737917,2483.8092143979134,2426.024304199219,2368.2393940005245,0.047637536110973176,32.801925377509676,0.013635170264840957,29.34326943016656,22.70636651580115,17.160857974103042,-38163076.0,1638781.9,2534.728603442285,2369.3989427459933,2642.850296475034,2264.945642108792
2023-12-13,2410.5872408203054,2419.093867268127,2401.1672708282504,2414.47998046875,1513205,2427.6463623046875,2408.6640771484376,2430.516522216797,2424.5976754291933,48.268944944378724,5.239676497925302,10.220038341119688,-4.980361843194386,2482.1282973460056,2427.6463623046875,2373.1644272633694,0.04488457288284417,31.739401881964444,0.013145440069377803,28.240889031690553,21.7903175018917,16.468532893642557,-36649871.0,1684125.25,2534.728603442285,2369.3989427459933,2642.850296475034,2264.945642108792
2023-12-14,2423.56389615019,2426.8800469344105,2404.1952382366917,2418.7578125,2166569,2429.0858154296875,2409.9848193359376,2430.7250244140623,2424.0414980073656,49.35518737483074,4.189815728732356,9.013993818642222,-4.824178089909866,2480.969087438879,2429.0858154296875,2377.202543420496,0.042718352459699835,31.0926452259469,0.012854798882824032,27.506295537670184,22.443454925249178,15.610301640584009,-34483302.0,1721745.05,2534.728603442285,2369.3989427459933,2642.850296475034,2264.945642108792
2023-12-15,2422.266032295193,2433.8006324489797,2409.770215461924,2425.053466796875,2543337,2430.6093505859376,2411.3685009765627,2430.942764892578,2424.137875987319,50.9863392336564,3.8217454890450426,7.975544152722787,-4.153798663677744,2480.0840828021837,2430.6093505859376,2381.1346183696915,0.04070973577413372,30.588200351740376,0.01261341276410813,27.076490085784297,22.800111995661688,14.73432880184381,-31939965.0,1757222.05,2534.728603442285,2369.3989427459933,2642.850296475034,2264.945642108792
2023-12-18,2422.410025603624,2445.81574469679,2417.459853767902,2437.164794921875,1969036,2430.931359863281,2412.25107421875,2431.325646972656,2425.378534933467,54.052248325942514,4.455964547818894,7.2716282317420085,-2.8156636839231144,2480.4886648862653,2430.931359863281,2381.374054840297,0.0407722783466591,30.42874967867947,0.012485306591528574,27.09519407825371,24.102906560778568,13.753571588382915,-29970929.0,1813360.0,2534.728603442285,2400.1580626545174,2642.850296475034,2264.945642108792
2023-12-19,2436.7323377432995,2467.395055289173,2436.684229975954,2461.387451171875,1656220,2433.5386596679687,2413.394814453125,2431.8457348632815,2428.8079555276013,59.50768388823069,6.834371265686514,7.1841768385309095,-0.34980557284439584,2483.7398423004192,2433.5386596679687,2383.337477035518,0.04125776464081324,30.448897938289416,0.012370623699975634,27.766267980459446,27.428644817106242,12.76272283831434,-28314709.0,1824009.65,2534.728603442285,2400.1580626545174,2642.850296475034,2264.945642108792
2023-12-20,2473.162519005037,2473.162519005037,2448.21899199276,2458.311767578125,1468642,2436.049853515625,2414.861591796875,2432.380966796875,2431.617842389556,58.55697323848686,8.374557082569481,7.422252887338624,0.9523041952308571,2485.9309862780688,2436.049853515625,2386.168720753181,0.040952472865411337,30.05565715785997,0.012226137284234759,28.54811065571503,27.17335469994838,12.006156635163634,-29783351.0,1859609.1,2534.728603442285,2400.1580626545174,2642.850296475034,2264.945642108792
2023-12-21,2443.652947621355,2479.9388749584405,2437.6453437575988,2454.17822265625,1945695,2437.554150390625,2416.0185888671876,2432.9714880371093,2433.766450034003,57.23357106080978,9.15607734895093,7.769017779661086,1.3870595692898444,2487.715954929915,2437.554150390625,2387.3923458513354,0.0411574893884931,30.92979101807295,0.012602911529626592,28.633966073042732,24.519285857937152,13.275349228117854,-31729046.0,1878600.9,2534.728603442285,2400.1580626545174,2642.850296475034,2264.945642108792
2023-12-22,2459.945622811475,2479.6986720564782,2448.02663012791,2475.709716796875,1174984,2440.23115234375,2417.512705078125,2433.7051586914063,2437.761046868562,62.04543592306085,11.381648858342942,8.491543995397457,2.890104862945485,2492.4937042005427,2440.23115234375,2387.9686004869577,0.04283409938980269,30.9828089402512,0.012514717993811248,28.713688960561313,22.728947749451784,12.306015791399611,-30554062.0,1935055.15,2534.728603442285,2400.1580626545174,2642.850296475034,2264.945642108792
2023-12-26,2475.7098438144135,2491.137184220364,2467.4913940371575,2484.5048828125,893776,2443.5737915039062,2418.415537109375,2434.4563037109374,2442.2128407679847,63.835417052448065,13.697233525257616,9.53268190136949,4.164551623888126,2498.133403835845,2443.5737915039062,2389.0141791719675,0.04465558807484168,30.458736171890855,0.01225947929609664,29.163963365521006,24.15102928156078,11.623627785371408,-29660286.0,1942620.85,2534.728603442285,2400.1580626545174,2642.850296475034,2264.945642108792
2023-12-27,2485.706421910149,2510.6980564691835,2480.8041228009033,2507.1416015625,1073278,2448.2717407226564,2419.759658203125,2435.372215576172,2448.3965322722242,68.01629366624088,17.16112234092816,11.058369989281225,6.102752351646934,2507.5331699175945,2448.2717407226564,2389.0103115277184,0.04841082646932472,30.418393135918663,0.012132698494955898,30.14525845549196,27.048989153602378,10.807683590855275,-28587008.0,1950552.8,2534.728603442285,2400.1580626545174,2642.850296475034,2264.945642108792
2023-12-28,2512.4761193952136,2537.6118397726373,2505.747603153392,2531.65234375,1635216,2453.49833984375,2421.35638671875,2436.336619873047,2456.32565717487,71.8157236714613,21.634699879947675,13.173635967414516,8.46106391253316,2522.0814023221674,2453.49833984375,2384.9152773653323,0.05590634512741121,30.521667670441992,0.012056026470535008,31.6779623899041,31.330450908663572,10.00174890920228,-26951792.0,1910184.65,2537.6118397726373,2400.1580626545174,2642.850296475034,2264.945642108792
2023-12-29,2531.652709789761,2563.661274331084,2519.5893927061984,2560.63330078125,1305681,2459.1887451171874,2423.745517578125,2437.3803845214843,2466.259718470715,75.51880475010054,27.204961477057168,15.979901069343047,11.225060407714121,2542.018615391404,2459.1887451171874,2376.3588748429706,0.06736357299835453,31.489540095759384,0.012297559391323981,33.5750193907798,34.107226780499836,9.001879717655466,-25646111.0,1928684.75,2563.661274331084,2400.1580626545174,2642.850296475034,2264.945642108792
2024-01-01,2560.536959940054,2565.8715243869406,2535.689416707376,2551.789794921875,526353,2463.56708984375,2425.998818359375,2438.378746337891,2474.4054400374926,72.39308632098343,30.553633640118278,18.894647583498095,11.658986056620183,2555.7301526215665,2463.56708984375,2371.404027065934,0.07482082640068202,31.39615206603118,0.01230358085470453,35.37347205908011,32.268050110390476,8.383751869227815,-26172464.0,1839184.6,2565.8715243869406,2400.1580626545174,2642.850296475034,2264.945642108792
2024-01-02,2545.3017864073136,2551.020978758828,2505.8919022522155,2512.42822265625,1310629,2464.1197998046873,2427.615654296875,2439.2924621582033,2478.0266574297552,60.408444669004,29.689093146795585,21.053536696157593,8.635556450637992,2557.3100214042506,2464.1197998046873,2370.929578205124,0.07563773612545122,32.431990680576064,0.012908623772060453,35.317051537386334,29.006201305405934,14.098908962136028,-27483093.0,1798222.3,2565.8715243869406,2400.1580626545174,2642.850296475034,2264.945642108792
2024-01-03,2498.2022395315885,2526.6543481330496,2494.8860888029035,2505.45947265625,1008270,2466.200830078125,2429.0959716796874,2440.152166748047,2480.639306498945,58.56004247975558,28.11749768169375,22.466328893264823,5.651168788428926,2561.1159109633436,2466.200830078125,2371.285749192906,0.07697271019263419,32.384581298402495,0.012925605722957017,34.715745192099575,26.973760274371177,15.538490751153576,-28491363.0,1754351.8,2565.8715243869406,2400.1580626545174,2642.850296475034,2264.945642108792
2024-01-04,2505.459475416242,2521.2714434435734,2487.6769661887524,2492.00244140625,1376844,2467.39755859375,2431.317666015625,2440.9935668945313,2481.7215098234506,55.05665857876614,25.4922679989877,23.071516714409398,2.4207512845783015,2562.97784633072,2467.39755859375,2371.8172708567804,0.07747457429717487,32.47100243814667,0.013030084521034062,33.806422623720856,24.980400687634635,15.976034520684385,-29868207.0,1649329.45,2565.8715243869406,2400.1580626545174,2642.850296475034,2264.945642108792
2024-01-05,2494.357266422686,2527.903634441405,2494.357266422686,2518.435791015625,1150738,2472.290148925781,2434.2903662109375,2442.0269970703125,2485.2181080322293,60.10545114317742,25.253597213581088,23.507932814243738,1.7456643993373504,2567.8020315937324,2472.290148925781,2376.7782662578297,0.077265916955137,32.716016052218684,0.012990609555713586,33.16792307869653,24.470368521680296,14.723789184533956,-28717469.0,1639483.95,2565.8715243869406,2400.1580626545174,2642.850296475034,2264.945642108792
2024-01-08,2523.145606704356,2524.1549311245517,2466.9625402631996,2478.2568359375,1189828,2474.979150390625,2436.5778076171873,2443.0315576171874,2484.555129737493,50.76954345206411,21.573655341704125,23.121077319735818,-1.547421978031693,2567.949543236672,2474.979150390625,2382.0087575445777,0.07512822306513062,34.464328538585356,0.013906681518563366,31.316153409841966,21.569814859473542,18.656186184153743,-29907297.0,1500722.5,2565.8715243869406,2400.1580626545174,2642.850296475034,2264.945642108792
2024-01-09,2482.390184107417,2488.589984759606,2471.816800626399,2479.69873046875,1017205,2478.636584472656,2438.9112646484373,2443.7913256835936,2484.0926155214224,51.06330628770935,18.559679303932626,22.20879771657518,-3.6491184126425544,2566.146201937157,2478.636584472656,2391.126967008155,0.0706110916079447,33.200675366772614,0.013388995589999161,29.59665300304844,20.79144326577996,17.982956234475893,-28890092.0,1479923.65,2565.8715243869406,2400.1580626545174,2642.850296475034,2264.945642108792
2024-01-10,2479.93895442184,2493.684399436957,2465.5207046868295,2477.439697265625,881278,2482.22431640625,2441.091708984375,2444.5963525390625,2483.4590042589657,50.55433278403446,15.806587972620946,20.928355767784332,-5.121767795163386,2563.1090946358963,2482.22431640625,2401.339538176604,0.06517120769064953,32.84089103701224,0.013255979983391347,27.722233980849087,19.51784840309125,18.25079111083148,-29771370.0,1430171.75,2565.8715243869406,2401.1672708282504,2642.850296475034,2264.945642108792
2024-01-11,2479.938734775504,2488.589683850302,2433.6562510941385,2437.83740234375,2399600,2483.3921875,2442.5402294921873,2444.901437988281,2479.11408979085,42.54778000691468,10.310318098508105,18.80474823392909,-8.494430135420984,2560.936189688231,2483.3921875,2405.848185311769,0.06245006534090253,34.41892973123735,0.014118632234515233,26.720602168561477,17.292780434537686,22.78290421189934,-32170970.0,1390339.2,2565.8715243869406,2404.1952382366917,2642.850296475034,2264.945642108792
2024-01-12,2435.2424300571656,2455.908588433416,2414.432183049432,2445.335205078125,2979841,2484.721057128906,2444.0413720703127,2445.4740075683594,2475.897053151543,44.34495379270556,6.484742567987269,16.340747100740725,-9.856004532753456,2558.6139187143763,2484.721057128906,2410.828195543436,0.0594777923851568,34.923035135004966,0.01428149198624457,26.38738664905313,15.825794596462602,24.782104186878655,-29191129.0,1434658.95,2565.8715243869406,2409.770215461924,2642.850296475034,2264.945642108792
2024-01-15,2447.2575424625093,2478.7373871269424,2432.839292997883,2473.402587890625,1391204,2487.1385131835937,2446.32810546875,2446.121843261719,2475.6594850314555,50.57743698031357,5.6525900824744895,14.203115697087478,-8.550525614612988,2556.0613388667985,2487.1385131835937,2418.215687500389,0.0554233914338627,35.70696792029456,0.014436375256947673,25.117362109365033,18.939444696456498,22.50673526643925,-27799925.0,1475322.55,2565.8715243869406,2414.432183049432,2642.850296475034,2264.945642108792
2024-01-16,2473.4025171930134,2484.3605272761324,2457.206158227244,2469.461669921875,1599406,2488.7533569335938,2447.910263671875,2446.708564453125,2475.0692169257813,49.73526428188054,4.621826558341127,12.286857869338208,-7.665031310997081,2554.350191254842,2488.7533569335938,2423.1565226123457,0.052714612429148246,35.0960680009084,0.014212031888722823,23.71775261029583,19.037187318729675,21.262891826088403,-29399331.0,1417715.9,2565.8715243869406,2414.432183049432,2642.850296475034,2264.945642108792
2024-01-17,2450.141136129861,2471.624421207969,2441.2498824973773,2463.501953125,3047652,2488.85908203125,2448.9416455078126,2447.2858374023435,2473.967572754278,48.422153545247966,3.2861589068234025,10.486718076835247,-7.200559170011845,2554.285743882618,2488.85908203125,2423.4324201798822,0.05257562577465883,34.75881590874294,0.014109514248466784,22.956981105721265,17.84890546431633,23.21466191722484,-32446983.0,1399234.4,2565.8715243869406,2414.432183049432,2642.850296475034,2264.945642108792
2024-01-18,2470.326697141447,2470.326697141447,2439.13526496214,2449.179931640625,1273095,2488.402490234375,2449.9143994140627,2447.705369873047,2471.606845029168,45.325164342278384,1.0597491023872863,8.601324281945656,-7.54157517955837,2554.795814355269,2488.402490234375,2422.0091661134807,0.05336220678242519,34.504002785211796,0.014087981997345005,22.320518881635422,16.696383025251674,22.153425212055758,-33720078.0,1468806.0,2565.8715243869406,2414.432183049432,2642.850296475034,2264.945642108792
2024-01-19,2465.520880619284,2474.1237233073075,2433.800728938802,2465.9052734375,1323064,2488.9888427734377,2451.239921875,2448.2851940917967,2471.063838210914,49.39558560661244,0.6375493237064802,7.008569290297822,-6.371019966591342,2554.362102636253,2488.9888427734377,2423.6155829106224,0.05252997421231587,34.919645041161345,0.014160983966948155,21.911880573502277,15.319245481720259,21.41737036116497,-32397014.0,1459028.65,2565.8715243869406,2414.432183049432,2642.850296475034,2264.945642108792
2024-01-23,2355.942212602283,2384.298106226015,2273.710074159049,2283.41845703125,4369332,2479.3742797851564,2448.47546875,2447.725192871094,2453.1928495271363,26.34756784362949,-14.257852373749756,2.7552849574883065,-17.013137331238063,2590.3719080515602,2479.3742797851564,2368.3766515187526,0.08953680706571016,46.153613200967754,0.020212507724481493,24.450169344313334,10.762590257142337,39.82290924467856,-36766346.0,1427897.1,2565.8715243869406,2273.710074159049,2642.850296475034,2264.945642108792
2024-01-24,2295.3854093361483,2351.039760693699,2275.343947885817,2346.95458984375,1551469,2472.4967651367188,2447.8016552734375,2447.3432629394533,2443.0749200334803,37.31452890857822,-20.697146785588302,-1.9352013911270154,-18.761945394461286,2597.528772595448,2472.4967651367188,2347.4647576779894,0.10113825766871377,48.26377031574733,0.020564424435225447,26.80715177435217,9.55688992081075,35.36166953166918,-35214877.0,1587614.5,2565.8715243869406,2273.710074159049,2642.850296475034,2264.945642108792
2024-01-25,2359.5948011333753,2372.2828146337984,2326.3366094581024,2334.12255859375,2364765,2463.845812988281,2446.6818408203126,2447.01193359375,2432.698504658268,36.14396712319929,-26.529950919814382,-6.854151296864488,-19.675799622949896,2601.4069930717155,2463.845812988281,2326.2846329048466,0.11166378947763218,48.0982299486008,0.020606557171350407,28.207507306550127,12.059510333049383,32.94884756089118,-37579642.0,1620499.15,2565.8715243869406,2273.710074159049,2642.850296475034,2264.945642108792
2024-01-29,2316.5319005835045,2354.0193462775947,2316.5319005835045,2349.59765625,1587091,2454.7430786132813,2446.033017578125,2446.537213134766,2424.784138143195,38.64372550701229,-29.562995361005505,-11.395920109692693,-18.167075251312813,2597.1601503229995,2454.7430786132813,2312.326006903563,0.11603419759119682,47.34031678756433,0.020148265240918024,29.63670234669048,11.37739733057688,32.56455227782878,-35992551.0,1685073.5,2565.8715243869406,2273.710074159049,2642.850296475034,2264.945642108792
2024-01-30,2358.8258462479507,2397.803231432302,2352.385741116403,2363.29541015625,1793711,2444.876184082031,2445.49955078125,2446.213798828125,2418.928068811105,40.85094025511556,-30.509713681542053,-15.218678824062565,-15.291034857479488,2583.884051725186,2444.876184082031,2305.8683164388763,0.11371362570276554,47.40212095861701,0.020057636787558016,29.488589405297873,17.148589564805444,30.199087036188565,-34198840.0,1682667.25,2565.8715243869406,2273.710074159049,2642.850296475034,2264.945642108792
2024-01-31,2354.9806978827833,2389.4882803625414,2347.050660838892,2385.30712890625,1445004,2436.55205078125,2445.3140380859377,2446.157086181641,2415.726074534452,44.31746184957588,-29.147834930606223,-18.004510045371298,-11.143324885234925,2568.7247140524596,2436.55205078125,2304.37938751004,0.1084915573454138,47.04751371326219,0.01972388089697916,29.443966159827742,16.043710594164057,29.063351693021232,-32753836.0,1707068.75,2551.020978758828,2273.710074159049,2642.850296475034,2264.945642108792
2024-02-01,2379.1073522751103,2414.143651172756,2372.61914008399,2377.66552734375,1727534,2429.813916015625,2444.2528564453123,2445.988341064453,2412.10126051629,43.36724438163879,-28.358253299609714,-20.07525869621898,-8.282994603390733,2559.544748559612,2429.813916015625,2300.0830834716385,0.10678252494060739,46.6530135257982,0.01962135253645933,28.64741187465961,18.798592872261928,27.21560477158294,-34481370.0,1753001.3,2527.903634441405,2273.710074159049,2642.850296475034,2264.945642108792
2024-02-02,2380.933818741072,2390.4497704134455,2347.291233494428,2357.480224609375,1956115,2422.4149536132813,2443.2176318359375,2445.807639160156,2406.899257096584,40.87418405524084,-29.026687814823163,-21.865544519939817,-7.161143294883345,2550.918233215896,2422.4149536132813,2293.9116740106665,0.10609518357780856,46.40340805388529,0.019683477116578633,28.393368631654965,17.54973176096325,29.306283995080655,-36437485.0,1773846.55,2527.903634441405,2273.710074159049,2642.850296475034,2264.945642108792
2024-02-05,2368.4379617431287,2369.1588742720683,2319.175605598918,2325.663818359375,1315445,2414.0980224609375,2441.569150390625,2445.433546142578,2399.162548645421,37.24019628730335,-31.75766250264178,-23.843968116480212,-7.913694386161566,2545.018151687016,2414.0980224609375,2283.177893234859,0.10846297706885849,46.659112383832785,0.02006270726469321,28.64154690460747,16.206872099942526,31.367952818792233,-37752930.0,1821238.8,2527.903634441405,2273.710074159049,2642.850296475034,2264.945642108792
2024-02-06,2330.902202799705,2346.666296218703,2324.2699019704123,2332.248046875,1557511,2404.7886352539062,2439.732265625,2445.0183093261717,2392.789738953,38.45956041484196,-33.01016674965649,-25.677207843115468,-7.332958906541023,2531.105820098966,2404.7886352539062,2278.4714504088465,0.10505470875341417,44.92606108843691,0.019262985834047,28.871998158063366,15.62977229212494,30.250992097949602,-36195419.0,1818168.85,2524.1549311245517,2273.710074159049,2642.850296475034,2264.945642108792
2024-02-07,2345.272345774969,2345.272345774969,2318.021995302354,2331.3828125,1149076,2397.444934082031,2437.9165283203124,2444.6498571777342,2386.9414602431907,38.354102975703384,-33.68431080501341,-27.278628435495058,-6.4056823695183525,2522.8980291417884,2397.444934082031,2271.991839022274,0.10465566343261404,43.66351033016392,0.018728588928449058,29.19687447785824,14.933020556036544,29.924535343788047,-37344495.0,1838507.5,2493.684399436957,2273.710074159049,2642.850296475034,2264.945642108792
2024-02-08,2347.099197510304,2347.099197510304,2305.9590720909005,2323.30908203125,1758661,2389.625451660156,2436.02966796875,2444.2857580566406,2380.8812337468153,37.325601578462546,-34.47267782817062,-28.71743831403017,-5.755239514140449,2513.075803407496,2389.625451660156,2266.175099912816,0.10332192575332227,43.48326855082389,0.018716092872501845,29.713658273003908,13.923853518033319,29.883785982281204,-39103156.0,1836469.9,2493.684399436957,2273.710074159049,2642.850296475034,2264.945642108792
2024-02-09,2323.3088032155542,2334.266579403876,2312.7835275950797,2330.13330078125,886474,2382.2601318359375,2434.368681640625,2444.1403454589845,2376.048097273904,38.818990988698346,-34.15311114741735,-29.804572880707607,-4.348538266709742,2501.3760101187177,2382.2601318359375,2263.1442535531573,0.10000241089622826,41.91182449782193,0.017986878469042816,30.193528939924885,13.414064096875117,28.789660858213207,-38216682.0,1873542.7,2488.589683850302,2273.710074159049,2642.850296475034,2264.945642108792
2024-02-12,2330.085433702878,2335.6124295793047,2289.6181178518773,2293.12646484375,1292460,2375.0245849609373,2431.6888037109375,2443.784581298828,2368.150798947223,34.07702663026342,-36.465641416515155,-31.136786587869118,-5.328854828646037,2497.296312779072,2375.0245849609373,2252.7528571428024,0.10296459968657201,42.20343072850804,0.018404318896290666,31.054684736735144,12.369852025294799,30.469247295941095,-39509142.0,1873802.5,2484.3605272761324,2273.710074159049,2642.850296475034,2264.945642108792
2024-02-13,2297.307721411276,2307.8329964640893,2287.7917707436964,2301.152587890625,957865,2367.8154541015624,2428.7753515625,2443.460427246094,2361.7700169418326,35.905723962263735,-37.22162948780624,-32.35375516785654,-4.867874319949699,2489.656280110829,2367.8154541015624,2245.974628092296,0.1029141234788481,40.62041608507125,0.017652204507788146,31.88613593953394,11.933922403726454,29.716623733314776,-38551277.0,1818445.5,2484.3605272761324,2273.710074159049,2642.850296475034,2264.945642108792
2024-02-14,2292.501859975465,2301.1528103904666,2278.083609283795,2295.33740234375,1397975,2358.9121948242187,2425.3976416015626,2443.151209716797,2355.4431012658247,35.1450275323747,-37.85363916577262,-33.45373196743976,-4.399907198332862,2474.4500665916426,2358.9121948242187,2243.3743230567948,0.09795860313998125,39.36675787232842,0.01715074996474651,32.83123297294475,11.43439642437128,30.234242063916394,-39949252.0,1717346.7,2484.3605272761324,2273.710074159049,2642.850296475034,2264.945642108792
2024-02-15,2276.4975610105416,2292.213312532259,2255.735187373002,2259.67626953125,2553695,2348.4229248046877,2420.5636865234374,2442.5673828125,2346.3224506244364,30.831273346591104,-40.76218567154956,-34.91542270826172,-5.846762963287837,2459.9317457797665,2348.4229248046877,2236.914103829609,0.09496485475192058,39.383576236501234,0.01742885773840118,34.08068907277648,10.613119659263045,32.11591700221367,-42502947.0,1717685.25,2474.1237233073075,2255.735187373002,2642.850296475034,2255.735187373002
2024-02-16,2278.0353875552187,2289.618095299179,2266.1645025494804,2283.1298828125,2363302,2339.4043212890624,2416.9495068359374,2442.298876953125,2340.3041108328234,36.36346642426429,-40.70549158188442,-36.07343648298627,-4.6320550988981495,2440.956652785948,2339.4043212890624,2237.851989792177,0.08681896547145637,38.70916548874607,0.016954429872847065,35.24089830833452,10.026739191928613,30.34149562327488,-40139645.0,1765399.7,2474.1237233073075,2255.735187373002,2642.850296475034,2255.735187373002
2024-02-19,2296.8270681155595,2302.0656516566646,2281.7360144140926,2294.568115234375,576683,2331.67373046875,2413.47951171875,2442.142692871094,2335.948301728209,38.928879346801004,-39.28474130040877,-36.71569744647077,-2.5690438539379983,2421.4832402313195,2331.67373046875,2241.8642207061803,0.07703437113777896,37.39634204259079,0.016297769412162776,35.69828325017596,12.014931482549043,29.163321567955023,-39562962.0,1731182.2,2474.1237233073075,2255.735187373002,2642.850296475034,2255.735187373002
2024-02-20,2278.179717292503,2315.042235684377,2276.3532648212054,2310.861083984375,1032995,2323.921520996094,2411.2850537109375,2442.0944763183593,2333.559042895463,42.48562769631715,-36.42420449810834,-36.65739885679829,0.23319435868994987,2389.559717666507,2323.921520996094,2258.283324325681,0.056489168052696305,37.48867267263227,0.016222815353311715,35.50709224179074,13.601721398670378,27.01353143902591,-38529967.0,1696361.6,2414.143651172756,2255.735187373002,2642.850296475034,2255.735187373002
2024-02-21,2310.8609790349888,2328.835682964777,2301.2488127974525,2313.74462890625,1127778,2325.4378295898437,2409.07041015625,2441.8983544921875,2331.671955848871,43.11703651583342,-33.53792616067949,-36.033504317574526,2.4955781568950357,2388.6184459492265,2325.4378295898437,2262.257213230461,0.05433868457410149,36.78140106511027,0.015896914726711876,34.71057514045508,15.5516894661597,25.56633498532647,-37402189.0,1681858.15,2414.143651172756,2255.735187373002,2642.850296475034,2255.735187373002
2024-02-22,2326.4328201820526,2326.4328201820526,2273.9984023925185,2295.481689453125,2258516,2322.8641845703123,2406.84904296875,2441.5127197265624,2328.225263811181,40.1133678327004,-32.3512710531345,-35.29705766468652,2.9457866115520233,2386.5208854023426,2322.8641845703123,2259.207483738282,0.054808801353838636,37.89947368828341,0.016510466566741627,34.62867746233479,14.014834760342415,28.17565344920495,-39660705.0,1519780.45,2414.143651172756,2255.735187373002,2642.850296475034,2255.735187373002
2024-02-23,2295.914223752952,2312.2068000824784,2291.492533010144,2301.2490234375,1210775,2321.2205078125,2404.760322265625,2441.18431640625,2325.6560980613062,41.499335279369916,-30.59280783276472,-34.35620769830216,3.763399865537437,2385.3255911422257,2321.2205078125,2257.115424482774,0.05523394534381224,36.671958930001324,0.015935676042231377,34.552629618365955,13.449383198770146,27.038860364333598,-38449930.0,1555132.8,2414.143651172756,2255.735187373002,2642.850296475034,2255.735187373002
2024-02-26,2298.365464700586,2313.216216553072,2287.6958649071958,2311.00537109375,831596,2319.2908935546875,2402.690830078125,2440.831104736328,2324.2607907310626,43.86604832486462,-28.088174353255454,-33.10260102929281,5.01442667603736,2382.174797353061,2319.2908935546875,2256.406989756314,0.054226836291323285,35.87541555256383,0.015523726600247905,34.5735540229981,12.766000395560406,26.42089954965188,-37618334.0,1497433.3,2414.143651172756,2255.735187373002,2642.850296475034,2255.735187373002
2024-02-27,2310.8128835108178,2315.52275112335,2296.4906149378007,2312.014404296875,1120424,2316.726843261719,2400.5559619140627,2440.4853051757814,2323.094468213521,44.11785125180115,-25.72526884338231,-31.627134592110714,5.9018657487284045,2376.320449497791,2316.726843261719,2257.133237025647,0.05144638126795317,34.67232416920566,0.01499658657176495,34.472939766895124,12.740638872995188,25.384984490548963,-36497910.0,1459658.55,2414.143651172756,2255.735187373002,2642.850296475034,2255.735187373002
2024-02-28,2317.5896100629743,2330.9504279253597,2307.8812278139335,2327.63427734375,629152,2313.8432006835938,2398.607578125,2440.184951171875,2323.5268309878284,48.006018675079275,-22.334794382125438,-29.76866655011366,7.433872167988223,2364.845942119523,2313.8432006835938,2262.8404592476645,0.0440848726662733,33.84352959364998,0.014539882799918013,33.595934327463475,15.376406113517813,24.14902068453346,-35868758.0,1425994.2,2414.143651172756,2255.735187373002,2642.850296475034,2255.735187373002
2024-02-29,2330.950324169719,2334.6029942925143,2304.276562728189,2318.742919921875,2848084,2310.8970703125,2396.239140625,2439.5102880859376,2323.0712204101183,46.04219221996216,-20.133194249471217,-27.841572089985174,7.708377840513958,2352.810128790569,2310.8970703125,2268.9840118344314,0.036274275489388934,33.59230830584106,0.014487293100596455,32.60201609891622,15.161529349656627,22.591790005271868,-38716842.0,1385201.6,2390.4497704134455,2255.735187373002,2642.850296475034,2255.735187373002
2024-03-01,2323.2124728690296,2344.2151499760976,2310.764764520349,2316.24365234375,2326244,2308.835241699219,2393.3362646484375,2438.67642578125,2322.420975832369,45.479011468783675,-18.378227522148336,-25.948903176417808,7.570675654269472,2345.048762062447,2308.835241699219,2272.6217213359905,0.03136951455797815,33.582170959405865,0.014498548512124315,31.208146852625763,16.12729812036734,20.984423310764406,-41043086.0,1441229.1,2369.1588742720683,2255.735187373002,2642.850296475034,2255.735187373002
2024-03-04,2322.491547068001,2333.737734571899,2311.1491440334266,2328.066650390625,1501261,2308.9553833007812,2390.7313623046875,2437.717821044922,2322.9586591236316,48.67718360864362,-15.850669956863385,-23.929256532506923,8.078586575643538,2345.406590944014,2308.9553833007812,2272.5041756575483,0.03157376526793157,32.79691521505349,0.01408761867257989,29.91383969535605,15.333902654134045,19.952077644923794,-39541825.0,1459735.55,2347.099197510304,2255.735187373002,2642.850296475034,2255.735187373002
2024-03-05,2311.726050801106,2326.1443005982023,2298.365233191277,2306.77587890625,1587199,2307.681774902344,2387.7833154296877,2436.588165283203,2321.4174419600713,43.70530276784711,-15.388164518919439,-22.221038129789427,6.832873610869989,2342.5334985016816,2307.681774902344,2272.8300513030063,0.030204964981198523,32.57580821393165,0.014121791593111924,29.198186915266646,14.33526798583386,21.455792341919604,-41129024.0,1469026.35,2347.099197510304,2255.735187373002,2642.850296475034,2255.735187373002
2024-03-06,2310.7650556348353,2315.427050718229,2283.178181979929,2307.689208984375,1354111,2306.4970947265624,2384.4229052734377,2435.530040283203,2320.109991200481,43.969689309780776,-14.777580770493387,-20.732346657930222,5.954765887436835,2339.613268173703,2306.4970947265624,2273.3809212794217,0.028715556176381517,32.55245539424369,0.01410608294544575,29.054754003449286,13.320869686217724,23.269963347303463,-39774913.0,1470510.75,2347.099197510304,2255.735187373002,2642.850296475034,2255.735187373002
2024-03-07,2311.678299037228,2331.9119596362516,2309.803973209362,2325.712158203125,1820704,2306.6172485351562,2381.24705078125,2434.7238781738283,2320.643530915019,49.054347548579806,-12.693069568145347,-19.12449123997325,6.431421671827902,2339.9929634411365,2306.6172485351562,2273.241533629176,0.028939101124970633,31.957476484074608,0.01374094226207484,28.04743488497429,16.284233445081014,22.010113916449107,-37954209.0,1480762.5,2344.2151499760976,2255.735187373002,2642.850296475034,2255.735187373002
2024-03-11,2315.571024247443,2319.415891037393,2291.1081062307944,2297.163818359375,2040761,2304.9687744140624,2377.0474951171873,2433.7091943359374,2318.407367814481,42.47855434040941,-13.192615598648445,-17.93811611170829,4.745500513059845,2336.7546361066943,2304.9687744140624,2273.1829127214305,0.02758029700485818,32.14651759037861,0.013994003097845029,27.750883688342096,15.032152787290833,24.471939277825665,-39994970.0,1483864.65,2344.2151499760976,2255.735187373002,2642.850296475034,2255.735187373002
2024-03-12,2287.695580963652,2292.5016641169373,2269.2402685894435,2285.917236328125,1012157,2304.6083129882813,2372.13279296875,2432.654132080078,2315.3130695776854,40.19273160891401,-14.33081785753393,-17.21665646087342,2.88583860333949,2337.0793067408813,2304.6083129882813,2272.1373192356814,0.028179186519115072,31.84487703177524,0.013930896764629918,28.11134975628914,14.090644393141156,27.844180166152245,-41007127.0,1541579.0,2344.2151499760976,2255.735187373002,2642.850296475034,2255.735187373002
2024-03-13,2282.889491692188,2282.889491692188,2214.499022473042,2222.90966796875,2322669,2300.6961669921875,2365.3783203125,2431.330408935547,2306.5127456149294,30.341907809201288,-20.085502369858204,-17.790425642670378,-2.2950767271878263,2348.9215877007496,2300.6961669921875,2252.4707462836254,0.04192245929770859,34.67154394772581,0.015597369721014335,29.59682143340502,12.017456700781839,35.02492058455577,-43329796.0,1527563.85,2344.2151499760976,2214.499022473042,2642.850296475034,2214.499022473042
2024-03-14,2215.460202274312,2250.880893627091,2212.576552438003,2244.056396484375,2292515,2298.132116699219,2359.22365234375,2430.1755993652346,2300.56452188821,36.01042427441086,-22.67834519883945,-18.768009553904193,-3.910335644935259,2352.310186393722,2298.132116699219,2243.954047004716,0.047149656280264934,34.93102946496597,0.015566021210380568,31.00897932851943,11.076171691144863,32.674657545213364,-41037281.0,1595804.05,2344.2151499760976,2212.576552438003,2642.850296475034,2212.576552438003
2024-03-15,2239.6830253861167,2246.315326766892,2226.0816682377067,2237.424072265625,2751403,2297.0195068359376,2353.7235693359376,2429.0713916015625,2294.551145733678,35.04713311023616,-24.980406382028832,-20.010488919529124,-4.9699174624997084,2355.0852844377223,2297.0195068359376,2238.953729234153,0.05055749629376743,33.88121725526736,0.01514295732992588,32.32026880255424,10.603698626284265,31.28086409165037,-43788684.0,1640531.05,2344.2151499760976,2212.576552438003,2642.850296475034,2212.576552438003
2024-03-18,2230.7914593239598,2234.828521977646,2207.9144580570546,2210.75,2487402,2293.4005126953125,2347.8293798828126,2427.573054199219,2286.5700842352326,31.408150650447965,-28.627184795949688,-21.733828094813237,-6.893356701136451,2362.45952575647,2293.4005126953125,2224.341499634155,0.06022411931878069,33.568959894789,0.015184421528797468,33.86211977412101,9.937881461885294,33.18235452765071,-46276086.0,1650416.45,2344.2151499760976,2207.9144580570546,2642.850296475034,2207.9144580570546
2024-03-19,2194.6979075652634,2214.546937441648,2159.709715510338,2179.030029296875,4220638,2287.6236083984377,2341.569931640625,2425.9258203125,2276.3281742411036,27.721946957314714,-33.6884796800864,-24.124758411867873,-9.56372126821853,2372.7793811175015,2287.6236083984377,2202.467835679374,0.07444911165144104,35.08812146882622,0.01610263328043643,35.96525780710205,8.828499490275354,39.29114981549998,-50496724.0,1656621.45,2344.2151499760976,2159.709715510338,2642.850296475034,2159.709715510338
2024-03-20,2162.7375973086,2177.588348542376,2153.1254302094503,2154.999755859375,2995013,2279.8305419921876,2334.3012109375,2424.1288549804685,2264.7730867761775,25.299473301325364,-39.18691224609029,-27.137189178712358,-12.04972306737793,2381.9011023387993,2279.8305419921876,2177.759981645576,0.08954223436047072,34.4321555844404,0.015977800225183542,37.99450481552513,8.354070166959781,38.54559889604799,-53491737.0,1838819.2,2344.2151499760976,2153.1254302094503,2642.850296475034,2153.1254302094503
2024-03-21,2147.358024341876,2171.5325295385032,2147.358024341876,2155.38427734375,3504486,2271.9125244140623,2327.843759765625,2422.2817565917967,2254.35510492547,25.41179200664527,-43.01755243157231,-30.31326182928435,-12.704290602287962,2386.0832771432456,2271.9125244140623,2157.741771684879,0.10050629282800269,33.69946627102517,0.015635015354457202,39.94684542535986,7.926010160142152,37.79297952811904,-49987251.0,1936920.1,2344.2151499760976,2147.358024341876,2642.850296475034,2147.358024341876
2024-03-22,2152.2123983800566,2178.117142705983,2145.483881169579,2169.03369140625,3507809,2265.590124511719,2321.630458984375,2420.3592749023437,2246.2292560188775,29.46599112348514,-44.439695586931975,-33.138548580813875,-11.3011470061181,2387.5769252924997,2265.590124511719,2143.603323730938,0.10768655765311612,33.623308789980804,0.015501515224589157,41.38386464344804,8.775356658661916,35.17296844149754,-46479442.0,2055755.5,2344.2151499760976,2145.483881169579,2642.850296475034,2145.483881169579
2024-03-26,2145.531969936937,2171.5326949037612,2145.435754394531,2153.12548828125,3027027,2258.183947753906,2315.1441748046873,2418.2682849121093,2237.362230520056,27.58413639099345,-46.31650548116613,-35.77413996088433,-10.542365520281805,2388.3251065547583,2258.183947753906,2128.042788953054,0.11526178718106352,33.08571105564147,0.0153663644946456,42.71895408892448,8.280948232439917,33.20169409652985,-49506469.0,2118220.15,2344.2151499760976,2145.435754394531,2642.850296475034,2145.435754394531
2024-03-27,2162.7374926298353,2175.233309253919,2149.2804593423607,2152.8369140625,2168861,2250.275524902344,2309.4441650390627,2416.274757080078,2229.3122003812414,27.549764453274932,-47.28213732479753,-38.07573943366697,-9.206397891130564,2385.730785246188,2250.275524902344,2114.8202645584997,0.12038993345023614,32.57622097392123,0.015131764399398204,43.726350721698566,8.621133329280221,31.312326072125703,-51675330.0,2209032.75,2344.2151499760976,2145.435754394531,2642.850296475034,2145.435754394531
2024-03-28,2157.9313698937053,2199.1674701311017,2153.2215021979396,2176.531005859375,3186360,2243.501354980469,2304.0680810546874,2414.421708984375,2224.2854199505873,34.7402355966735,-45.6097317333074,-39.58253789359505,-6.027193839712346,2379.4788642027447,2243.501354980469,2107.523845758193,0.12121901234462107,33.55867348068412,0.015418421970714778,43.27301623975849,12.865286670738158,28.224519961098,-48488970.0,2275896.0,2344.2151499760976,2145.435754394531,2642.850296475034,2145.435754394531
2024-04-01,2181.9616233862357,2205.9920377407097,2174.271890792804,2197.244873046875,1427873,2236.981884765625,2298.5449267578124,2412.553681640625,2221.710129769281,40.31690249810158,-42.12728516395464,-40.09148734766697,-2.035797816287669,2368.633439051409,2236.981884765625,2105.3303304798415,0.11770462262780212,33.42735015691425,0.015213302152600416,42.49218062762886,13.451564451294068,26.311445965237265,-47061097.0,2379192.8,2344.2151499760976,2145.435754394531,2642.850296475034,2145.435754394531
2024-04-02,2208.8759556978766,2208.8759556978766,2188.738512957842,2198.01416015625,1221495,2230.945446777344,2293.1159765625,2410.861287841797,2219.453370758516,40.5201900222428,-38.85742195515013,-39.844674269163605,0.9872523140134746,2358.040296200125,2230.945446777344,2103.850597354563,0.11393810602260367,32.47807105570857,0.014776097281102048,41.61193847766609,13.49007766134109,25.146164681788115,-45839602.0,2419128.85,2344.2151499760976,2145.435754394531,2642.850296475034,2145.435754394531
2024-04-03,2193.352052420509,2193.352052420509,2173.3587014837085,2177.34765625,1175309,2224.0006469726563,2287.392890625,2409.2723681640623,2215.443302710086,36.885416875795805,-37.501353690571705,-39.37601015344522,1.8746564628735172,2346.799537960334,2224.0006469726563,2101.2017559849787,0.11043062523820157,31.91931302833949,0.01465972277634039,41.22432024777381,12.745781182159192,27.20043133156031,-47014911.0,2337799.4,2333.737734571899,2145.435754394531,2642.850296475034,2145.435754394531
2024-04-04,2181.961857169728,2193.496457295735,2162.0166111185067,2177.107666015625,1890255,2216.4526977539062,2281.9514453125,2407.647940673828,2211.7922896915657,36.84408502508073,-36.03068571063204,-38.70694526488259,2.6762595542505494,2331.0193822537985,2216.4526977539062,2101.886013254014,0.10337841598513796,31.887922538974415,0.014646920332301819,41.15631249845108,11.847018983908248,27.823021821084726,-48905166.0,2280252.65,2331.9119596362516,2145.435754394531,2642.850296475034,2145.435754394531
2024-04-05,2177.1075960043618,2192.0545617880575,2170.523402780724,2179.030029296875,1153449,2210.0654052734376,2276.2139404296877,2405.8795556640625,2208.672074415881,37.448719542076326,-34.3144959408296,-37.828455400071995,3.5139594592423933,2317.8186928732457,2210.0654052734376,2102.3121176736295,0.0975114015564408,31.14815371528577,0.014294504112610414,41.09316244550855,11.26207248265991,26.44926026212159,-47751717.0,2299702.35,2331.9119596362516,2145.435754394531,2642.850296475034,2145.435754394531
2024-04-08,2188.6902332665027,2200.176724886131,2179.2702635011747,2180.952392578125,1127294,2203.728564453125,2274.164619140625,2404.012647705078,2206.0321047170473,38.08704929959697,-32.425503512527484,-36.7478650225631,4.322361510035613,2302.2860647952107,2203.728564453125,2105.171064111039,0.08944613409459871,30.43376384914079,0.0139543457953086,40.528510500086504,12.609402878499235,25.136539537823882,-46624423.0,2278014.85,2331.9119596362516,2145.435754394531,2642.850296475034,2145.435754394531
2024-04-09,2182.9228062063685,2186.38327968871,2168.264253676801,2176.33837890625,1189343,2196.259875488281,2270.752294921875,2402.165496826172,2203.2041308303046,37.10821967878467,-30.94407174893513,-35.58710636783751,4.643034618902377,2277.896268342764,2196.259875488281,2114.623482633798,0.07434128699030498,29.55413971790993,0.013579753959383276,40.331760995613436,12.057219904349614,26.6957877873561,-47813766.0,2266674.0,2319.415891037393,2145.435754394531,2642.850296475034,2145.435754394531
2024-04-10,2188.5940657934834,2188.5940657934834,2170.1387533069596,2173.214599609375,2308993,2190.0624145507813,2267.5341357421876,2400.179920654297,2200.3479849997398,36.4256866520496,-29.679957214259503,-34.405676537121906,4.725719322862403,2257.743744034506,2190.0624145507813,2122.3810850670566,0.0618076718125016,28.76136634423949,0.013234480547576484,40.00507986063634,12.053640821018288,25.4722240570759,-50122759.0,2235105.95,2292.5016641169373,2145.435754394531,2642.850296475034,2145.435754394531
2024-04-12,2173.214283818698,2177.011276718781,2142.1671787086207,2145.7236328125,3388551,2183.052734375,2263.4566552734377,2398.1065087890624,2195.145665743812,31.018528228985275,-30.544332554487028,-33.63340774059493,3.0890751861079053,2237.2724359384665,2183.052734375,2128.8330328115335,0.04967328613707485,29.19584717751956,0.013606527295060455,40.46446875395957,11.026101724219654,30.144123299265647,-53511310.0,2248517.55,2282.889491692188,2142.1671787086207,2642.850296475034,2142.1671787086207
2024-04-15,2141.302119302431,2141.3502270656313,2105.064301323637,2108.957275390625,4909564,2177.355114746094,2258.369892578125,2395.8833776855467,2186.9372476149374,25.554903448475343,-33.8063949367006,-33.66800517981606,-0.1383897568845356,2237.27370065406,2177.355114746094,2117.4365288381277,0.05503795453683119,30.01466748547265,0.014231994092869082,41.625178128677994,9.959209237994957,36.05706055149155,-58420874.0,2367337.25,2250.880893627091,2105.064301323637,2642.850296475034,2105.064301323637
2024-04-16,2098.335886615327,2144.714588644273,2087.8106115348733,2134.669921875,2821129,2171.885791015625,2253.3571484375,2393.786424560547,2181.9594070682765,34.27411081093767,-33.925732468892875,-33.71955063763143,-0.2061818312614463,2226.1552655839146,2171.885791015625,2117.616316447335,0.049974519648118394,31.935332458610308,0.014960314066054633,42.97403724709671,8.691650771564435,35.32696645139327,-55599745.0,2496682.0,2246.315326766892,2087.8106115348733,2642.850296475034,2087.8106115348733
2024-04-18,2129.142892042349,2150.9143543197647,2123.375592400965,2128.902587890625,3392171,2166.459716796875,2248.3818896484377,2391.7667919921873,2176.906376670405,33.3311276825263,-34.09268472826534,-33.794177455758216,-0.2985072725071234,2214.8111866043682,2166.459716796875,2118.1082469893818,0.044636389435369885,31.62129170576668,0.014853329544353611,43.85035965497576,9.551422431141429,33.12939444048654,-58991916.0,2523112.7,2234.828521977646,2087.8106115348733,2642.850296475034,2087.8106115348733
2024-04-19,2133.9008191335524,2156.7297130319407,2110.831621088865,2145.051025390625,2337694,2163.174768066406,2244.1333056640624,2389.888731689453,2173.872533691378,38.438385864248815,-32.54677271235141,-33.54469650707686,0.9979237947254447,2207.8294616181565,2163.174768066406,2118.520074514656,0.04128625593360244,32.64106315128874,0.015216916877464317,44.87740499692933,8.592087290047676,32.54691415527001,-56654222.0,2555151.1,2214.546937441648,2087.8106115348733,2642.850296475034,2087.8106115348733
2024-04-22,2162.7374802639833,2166.149846333918,2142.600038215488,2154.567138671875,1804108,2161.951623535156,2240.7113720703123,2388.008155517578,2172.0339246419016,41.292504597254506,-30.20556454397365,-32.87687011445622,2.6713055704825663,2206.1398314762446,2161.951623535156,2117.7634155940677,0.04087807281166934,31.991687791798835,0.014848313249370011,45.25242345340542,10.243568333664095,30.835591094033834,-54850114.0,2547665.7,2208.8759556978766,2087.8106115348733,2642.850296475034,2087.8106115348733
2024-04-23,2165.6210578207865,2185.3259986487164,2161.4877793956443,2174.992919921875,1991778,2162.951281738281,2237.56626953125,2386.2332861328123,2172.3157337161847,46.97508719749595,-26.3976546309259,-31.581027017750156,5.1833723868242565,2207.3691817832573,2162.951281738281,2118.533381693305,0.04107156774171935,31.903628662159022,0.014668382765726424,44.5184925519866,13.831460133889294,28.712080678140286,-52858336.0,2426839.2,2208.8759556978766,2087.8106115348733,2642.850296475034,2087.8106115348733
2024-04-24,2178.165191792081,2180.3760371789404,2158.556229932344,2172.590087890625,1404398,2163.811572265625,2234.3904150390626,2384.399169921875,2172.341862685179,46.40602984497561,-23.305100363869315,-29.92584168697399,6.620741323104674,2208.2763768974555,2163.811572265625,2119.346767633794,0.04109859213413274,31.18335570390453,0.01435307832697541,43.912888529622094,13.140157749634499,27.948538919149044,-54262734.0,2376677.45,2208.8759556978766,2087.8106115348733,2642.850296475034,2087.8106115348733
2024-04-25,2151.2512803487534,2152.981517502396,2129.191401987995,2144.33056640625,4951866,2162.576416015625,2230.8108447265627,2382.343126220703,2169.674120182424,40.233017757578,-22.870894599386247,-28.51485226945644,5.6439576700701934,2207.7589814506914,2162.576416015625,2117.3938505805586,0.041785867172556786,32.05587928952777,0.014949131347435491,44.03524612075307,11.86946243452826,31.789048880961705,-59214600.0,2271673.05,2208.8759556978766,2087.8106115348733,2642.850296475034,2087.8106115348733
2024-04-26,2157.931283085826,2167.543449157478,2132.5552585254745,2136.447998046875,2307512,2161.742541503906,2226.937138671875,2380.138410644531,2166.509727598086,38.68713378994357,-22.89887679434969,-27.391657174435093,4.492780380085403,2208.1899060210744,2161.742541503906,2115.2951769867377,0.04297215197962965,32.2653300997046,0.01510232410487001,43.37801304817043,14.17379818512446,29.326783438191285,-61522112.0,2343875.9,2208.8759556978766,2087.8106115348733,2642.850296475034,2087.8106115348733
2024-04-29,2147.357921699967,2147.357921699967,2133.900889066216,2139.764404296875,1395292,2161.088916015625,2223.8698974609374,2377.955285644531,2163.962553950352,39.736277310410664,-22.39528768163609,-26.392383275875293,3.9970955942392017,2208.379448138537,2161.088916015625,2113.7983838927125,0.04376546635582334,30.921880280707892,0.014451067705684542,42.76772519505798,13.733201099385656,28.415150921049825,-60126820.0,2307900.15,2208.8759556978766,2087.8106115348733,2642.850296475034,2087.8106115348733
2024-04-30,2145.4835970967697,2153.3655264224535,2138.706973011922,2143.945556640625,2119102,2159.4596435546873,2220.7257568359373,2375.5266015625,2162.0561732541873,41.104566380632534,-21.411981635061238,-25.39630294771248,3.984321312651243,2206.7551363615494,2159.4596435546873,2112.1641507478253,0.043803080967985984,29.7602140756953,0.013881049350118269,41.87122949279823,14.691939427533946,27.415434112213585,-58007718.0,2269221.7,2208.8759556978766,2087.8106115348733,2642.850296475034,2087.8106115348733
2024-05-02,2119.530690414858,2156.201009483979,2119.530690414858,2139.95654296875,2140383,2156.5952270507814,2217.6181396484376,2373.0720092773436,2159.951446560336,40.16754097999432,-20.715785889944982,-24.46019953615898,3.7444136462139994,2201.255876230458,2156.5952270507814,2111.934577871105,0.04141773905412143,30.25379300379713,0.014137573542416992,41.56372077184913,13.419942825596065,29.569344776474455,-60148101.0,2215858.8,2208.8759556978766,2087.8106115348733,2642.850296475034,2087.8106115348733
2024-05-03,2145.4355717304093,2148.9439186486993,2118.521505418379,2131.0654296875,2595307,2153.2477905273436,2215.0459228515624,2370.854455566406,2157.2003973343517,38.08364924840724,-20.643518648942973,-23.69686335871578,3.0533447097728086,2194.92513169493,2153.2477905273436,2111.5704493597573,0.03871114262922732,30.265837305691637,0.0142022093193684,41.30463728718667,12.456416471622472,27.684493743124133,-62743408.0,2251484.3,2200.176724886131,2087.8106115348733,2642.850296475034,2087.8106115348733
2024-05-06,2138.706867307371,2173.7912720969075,2126.2110519028784,2168.69677734375,1619256,2152.8152465820312,2212.7572607421876,2369.0232958984375,2158.29529066858,49.92495435082121,-17.349714374736777,-22.427433561919983,5.077719187183206,2193.654271091703,2152.8152465820312,2111.9762220723596,0.03794011081490683,31.50257894057289,0.014526041293406488,39.72471313650138,16.74644235408776,24.69781239703288,-61124152.0,2320174.9,2200.176724886131,2087.8106115348733,2642.850296475034,2087.8106115348733
2024-05-07,2178.1167852894237,2296.9232492649267,2171.3882691830577,2287.11865234375,8277810,2158.3157958984375,2212.608271484375,2367.6508972167967,2170.5641822566913,69.61702432262838,-5.124621688396019,-18.96687118721519,13.842249498819172,2229.282396375172,2158.3157958984375,2087.349195421703,0.06576109076493458,38.411428439187446,0.016794681115395966,39.09619796971374,35.65052694852475,18.808729239591766,-52846342.0,2342372.25,2296.9232492649267,2087.8106115348733,2642.850296475034,2087.8106115348733
2024-05-08,2274.623049604483,2280.246261031328,2234.8287730626357,2250.25634765625,1813439,2161.8771118164063,2211.3961767578126,2366.1459509277342,2178.1539122947447,61.50852369678873,1.5712599191465415,-14.859244965942844,16.430504885089384,2243.0579200003813,2161.8771118164063,2080.6963036324314,0.07510214872090201,39.40274635646794,0.017510336721195247,38.51257674341093,32.27120892988823,17.02584738433105,-54659781.0,2661750.0,2296.9232492649267,2087.8106115348733,2642.850296475034,2087.8106115348733
2024-05-09,2249.823745544639,2270.489903158512,2229.49387294917,2235.453369140625,1558987,2164.602160644531,2209.8303515625,2364.65740234375,2183.6110034229237,58.558882524330635,5.61855052871897,-10.763685867010484,16.382236395729453,2251.611010275364,2164.602160644531,2077.593311013698,0.08039246307037351,39.51655234595893,0.017677198232567148,37.7771556732891,29.87982141966363,16.728499758381204,-56218768.0,2694749.5,2296.9232492649267,2087.8106115348733,2642.850296475034,2087.8106115348733
2024-05-10,2230.983765948245,2279.0445967528176,2230.983765948245,2270.92236328125,2610266,2169.3313598632812,2209.3391650390627,2363.2402807617186,2191.9263710284786,63.12222478690293,11.554911074174925,-6.299966478773403,17.854877552948327,2267.8926501703972,2169.3313598632812,2070.7700695561653,0.09086789794374951,40.12685795014561,0.01766985018905112,37.27114032408571,28.8463495899479,15.297350011280965,-53608502.0,2716334.15,2296.9232492649267,2087.8106115348733,2642.850296475034,2087.8106115348733
2024-05-13,2281.928283164871,2289.2814965269827,2256.840435214087,2269.095947265625,1170617,2174.1254272460938,2208.696103515625,2361.7911267089844,2199.275854479635,62.73911303192826,15.928528901144546,-1.8542674027898132,17.782796303934358,2281.875017910962,2174.1254272460938,2066.3758365812255,0.09911993973719517,39.577872476056335,0.017442132636017293,37.011976864736035,29.004958746705793,14.401715588390068,-54779119.0,2787380.3,2296.9232492649267,2087.8106115348733,2642.850296475034,2087.8106115348733
2024-05-14,2269.0482372218366,2280.294425684034,2255.735292050197,2258.474853515625,689430,2179.76298828125,2207.6454931640624,2360.2836181640623,2204.913854387825,60.44172553392732,18.326364119981918,2.1818589017645333,16.144505218217382,2292.6544346699657,2179.76298828125,2066.871541892534,0.10358139577159362,38.505105415897816,0.017049162781670717,36.72432050279504,27.683544630298826,13.950607799888111,-55468549.0,2730461.5,2296.9232492649267,2087.8106115348733,2642.850296475034,2087.8106115348733
2024-05-15,2258.4267627990944,2264.4343672229857,2227.763809016323,2233.19482421875,812282,2185.9748657226564,2206.0691015625,2358.7031433105467,2207.6072800860084,55.25535800149517,17.979521978636512,5.341391517138929,12.638130461497584,2296.2401431452818,2185.9748657226564,2075.709588300031,0.10088430489448742,38.37406632952386,0.017183483462061337,35.33316969742096,25.793929489075428,18.2049164788216,-56280831.0,2595505.45,2296.9232492649267,2087.8106115348733,2642.850296475034,2087.8106115348733
2024-05-16,2246.363269783034,2257.032868270841,2212.095990708857,2252.274658203125,1880021,2191.8551025390625,2204.5619091796875,2357.0670642089844,2211.861316097162,58.17257833485112,19.024922761479957,8.078097766007135,10.946824995472822,2303.0882617541492,2191.8551025390625,2080.6219433239758,0.10149681800246135,38.84283856041388,0.01724604875295399,33.48340494707715,23.662448786966742,19.581727964836652,-54400810.0,2390641.35,2296.9232492649267,2110.831621088865,2642.850296475034,2087.8106115348733
2024-05-17,2260.6853282003162,2260.6853282003162,2225.3127434849703,2230.359130859375,1264582,2196.9279296875,2202.7942333984374,2355.794938964844,2213.6230127411827,53.83123109898301,17.878913526753422,10.038260918156393,7.840652608597029,2305.435024511401,2196.9279296875,2088.4208348635993,0.09878075048127348,38.59496328576617,0.017304371637627356,31.872186613292698,22.789359322918223,18.299813227153596,-55665392.0,2343585.95,2296.9232492649267,2110.831621088865,2642.850296475034,2087.8106115348733
2024-05-21,2217.5267973053774,2234.636500499877,2212.4804099252933,2221.083251953125,1663959,2200.729541015625,2200.891025390625,2354.5897473144532,2214.3335117137485,52.06030378272162,16.037338589340834,11.238076452393283,4.799262136947551,2307.004815238881,2200.729541015625,2094.454266792369,0.09658185819072575,37.420758092110276,0.016847976346318433,29.91176858807956,21.825564407554378,19.975317644186898,-57329351.0,2237206.5,2296.9232492649267,2118.521505418379,2642.850296475034,2087.8106115348733
2024-05-22,2221.3716006338227,2281.92824747066,2221.0831887144805,2275.103515625,1914851,2206.7563598632814,2199.8317626953126,2353.7123876953124,2220.1211311338675,60.2597313873814,18.7210563120384,12.734672424322307,5.986383887716093,2315.5187056974364,2206.7563598632814,2097.9940140291264,0.0985721376517463,39.09392242525809,0.017183359858911076,29.379465133591772,28.039897073450174,17.75465940018934,-55414500.0,2203519.75,2296.9232492649267,2118.521505418379,2642.850296475034,2087.8106115348733
2024-05-23,2275.103801980224,2294.232155858532,2263.6654166734984,2290.098876953125,1614718,2212.5116577148438,2199.49822265625,2352.8377233886717,2226.785678354749,62.19280178795607,21.80654994645738,14.549047928749324,7.257502017708056,2326.0200973371884,2212.5116577148438,2099.003218092499,0.1026059584604223,38.484837908099216,0.016804880477170308,29.163285263547067,28.732753641794048,16.747394363760016,-53799782.0,2209056.9,2296.9232492649267,2118.521505418379,2642.850296475034,2087.8106115348733
2024-05-24,2286.253860797852,2290.819640002725,2272.9890237524455,2277.17041015625,974100,2217.740673828125,2198.8878466796873,2351.962587890625,2231.5842242406065,59.5053086879093,22.944121112744597,16.22806256554838,6.716058547196216,2333.03247723781,2217.740673828125,2102.4488704184405,0.10397230367847761,37.00953636111209,0.016252422829687415,28.962546812791267,27.743968521652935,16.17106344349855,-54773882.0,2190203.9,2296.9232492649267,2118.521505418379,2642.850296475034,2087.8106115348733
2024-05-27,2277.1702464713717,2306.871745716128,2270.874230770176,2292.02099609375,1116934,2225.1251953125,2198.2140234375,2351.091330566406,2237.3401072742395,61.560113529168206,24.758571233907332,17.93416429922017,6.824406934687161,2339.579464713355,2225.1251953125,2110.6709259116456,0.10287445366397056,36.93724911717208,0.016115580607735953,29.147585904077186,28.916800562706705,15.045374196556903,-53656948.0,2168689.0,2306.871745716128,2118.521505418379,2642.850296475034,2087.8106115348733
2024-05-28,2297.30790719324,2315.571024447078,2286.3020229404683,2303.027099609375,1631747,2233.454150390625,2198.3312890625,2350.388654785156,2243.596011306157,63.056306093442636,26.775979771860875,19.702527393748312,7.073452378112563,2345.093328500051,2233.454150390625,2121.8149722811986,0.09996997528684512,36.38951714498904,0.015800733370076803,29.51290921720722,28.963050133830116,14.180990489819207,-52025201.0,1976942.4,2315.571024447078,2118.521505418379,2642.850296475034,2087.8106115348733
2024-05-29,2288.8490994991575,2302.1139365481226,2277.5066958001285,2281.3515625,1592495,2240.5335083007812,2198.2399755859374,2349.623883056641,2247.191778086523,58.247843877073834,26.32232846071338,21.026487607141327,5.295840853572052,2345.252730834185,2240.5335083007812,2135.8142857673774,0.09347704209326714,35.61315190672172,0.015610549681214125,29.45593866919654,27.48055461223425,15.219186618827331,-53617696.0,1943154.15,2315.571024447078,2118.521505418379,2642.850296475034,2087.8106115348733
2024-05-30,2276.160879064105,2280.4382459438207,2243.527622854832,2260.20458984375,1837380,2246.3464599609374,2198.9858740234376,2348.6682116699217,2248.431093491973,53.92719906844933,23.979996099506934,21.61718930561445,2.362806793892485,2341.4385087800706,2246.3464599609374,2151.254411141804,0.08466374222682176,35.771065316610745,0.01582647229252978,28.054538740317476,25.405008696903494,20.85474244632306,-55455076.0,1953014.3,2315.571024447078,2118.521505418379,2642.850296475034,2087.8106115348733
2024-05-31,2261.74277145962,2285.2444715554675,2227.7157960085565,2238.7216796875,5529186,2251.284716796875,2198.8791796875,2347.6893359375,2247.5063874153566,49.879395019464226,20.157822686102918,21.325315981712144,-1.1674932956092263,2333.094354332023,2251.284716796875,2169.4750792617265,0.07267817964095363,37.325180333060764,0.016672541598949868,26.216060594256795,22.608129084593557,21.584691982141926,-60984262.0,1938928.2,2315.571024447078,2118.521505418379,2642.850296475034,2087.8106115348733
2024-06-03,2288.6569058773034,2294.8567065039656,2253.380300797559,2264.5302734375,1207445,2257.957958984375,2199.4213037109375,2346.8647888183596,2249.127709893656,54.315822059156595,18.992328798836752,20.858718545137066,-1.8663897463003138,2318.449625385516,2257.957958984375,2197.4662925832345,0.053580861557183064,38.66874079616111,0.017075833010376556,24.808252558680806,22.039407551672706,19.34652891831985,-59776817.0,2108368.35,2315.571024447078,2126.2110519028784,2642.850296475034,2087.8106115348733
2024-06-04,2281.9284994540258,2412.7020814982593,2251.2657798718847,2399.4853515625,7826048,2269.4973876953127,2203.1960107421874,2346.6043286132813,2263.4474852906887,69.51249452592916,28.628403024781164,22.412655441065887,6.215747583715277,2343.922497063751,2269.4973876953127,2195.0722783268743,0.06558730560515647,47.437852284033504,0.0197700112039204,25.915873315839804,34.42640692959325,14.643786386317963,-51950769.0,2038975.25,2412.7020814982593,2171.3882691830577,2642.850296475034,2087.8106115348733
2024-06-05,2435.2902576011925,2618.3057963865517,2427.071809095398,2501.806396484375,11061076,2280.2317749023437,2209.6515380859373,2346.8714575195313,2286.1483339758015,76.02445311438125,44.01414677933417,26.732953708719545,17.281193070614624,2405.9679349717976,2280.2317749023437,2154.4956148328897,0.11028366629514133,59.679466036891945,0.023854550104578674,28.669105641991973,50.01823760662669,10.808583732932414,-40889693.0,2349314.85,2618.3057963865517,2212.095990708857,2642.850296475034,2087.8106115348733
2024-06-06,2499.1632419376433,2499.1632419376433,2420.343478153456,2450.718017578125,4102547,2290.2548583984376,2215.5659033203124,2346.9482690429686,2301.821637176023,68.19253055232693,51.49149246597153,31.68466146016995,19.806831005801584,2435.31050178592,2290.2548583984376,2145.199215010955,0.12667205385947242,61.235426915036726,0.024986728981391117,31.060546634723796,45.265349787924464,10.56635037907113,-44992240.0,2488478.15,2618.3057963865517,2212.095990708857,2642.850296475034,2087.8106115348733
2024-06-07,2456.1968450725035,2495.7989223831146,2427.07193491907,2477.82421875,3974253,2302.373400878906,2222.0147021484377,2347.234562988281,2318.583787802116,69.9607470039047,58.925332143389824,37.13279559681392,21.792536546575903,2466.3536305857733,2302.373400878906,2138.393171172039,0.1424445136868499,61.770538382823005,0.024929346446530692,33.28117041368906,41.6679909072345,9.72661414482748,-41017987.0,2602933.55,2618.3057963865517,2212.095990708857,2642.850296475034,2087.8106115348733
2024-06-10,2478.977690876211,2493.0594206488636,2447.2575420592607,2465.857177734375,1449122,2312.1201416015624,2227.951171875,2347.6275341796877,2332.609824938522,68.15924849353901,63.12341600173431,42.330919677798,20.792496323936312,2490.044494689188,2312.1201416015624,2134.195788513937,0.1539058026321943,60.629919826164425,0.024587766223294037,35.34317820844252,39.41960516671265,9.201770492166723,-42467109.0,2723696.85,2618.3057963865517,2212.095990708857,2642.850296475034,2087.8106115348733
2024-06-11,2466.481700651621,2476.766670941292,2452.35186410996,2457.2060546875,1402423,2321.5256469726564,2234.032783203125,2347.8279138183593,2344.4761325336626,66.81971226606814,65.0030397958235,46.865343701403106,18.13769609442039,2508.9902822296885,2321.5256469726564,2134.0610117156243,0.16150123992943347,58.04312604081925,0.023621594912682647,37.25789973214216,38.23523698202894,8.92530186272224,-43869532.0,2665639.65,2618.3057963865517,2212.095990708857,2642.850296475034,2087.8106115348733
2024-06-12,2468.4045259716218,2468.4045259716218,2419.3824734698487,2430.628662109375,1754677,2330.133337402344,2239.5886181640626,2347.8023706054687,2352.681135350397,62.740271517092104,63.614770257372584,50.215229012597,13.399541244775584,2521.0056329436065,2330.133337402344,2139.261041861081,0.1638295049278588,57.39876364517309,0.02361478103996382,38.053780646901956,35.90272059551666,12.483619481322124,-45624209.0,2677229.95,2618.3057963865517,2212.095990708857,2642.850296475034,2087.8106115348733
2024-06-13,2391.4588918675045,2408.6167027553947,2351.568401318949,2390.93017578125,3123098,2338.0201049804687,2243.8766015625,2347.622943115234,2356.3239011057162,57.12973377245535,58.63530922805376,51.899245055688354,6.736064172365403,2525.2185687497818,2338.0201049804687,2150.8216412111556,0.16013417794871948,58.94601344126259,0.024654008736161293,37.116691033696796,32.46315871306906,19.505115768480056,-48747307.0,2730492.3,2618.3057963865517,2212.095990708857,2642.850296475034,2087.8106115348733
2024-06-14,2400.2478917119292,2436.5475426423045,2397.724285194477,2406.79931640625,1729552,2345.746337890625,2248.0676904296874,2347.4679931640626,2361.131083515291,58.71891470414579,55.33172779650113,52.58574160385091,2.7459861926502143,2530.8953205881385,2345.746337890625,2160.5973551931115,0.15785933858816614,57.993967256962016,0.02409588820373965,36.59795170015945,34.079336875672624,18.409223429817043,-47017755.0,2846033.1,2618.3057963865517,2212.4804099252933,2642.850296475034,2087.8106115348733
2024-06-18,2406.944623727065,2424.512241154475,2400.3931995365956,2413.10791015625,1820933,2354.8837768554686,2252.3695654296876,2347.3064196777345,2366.0812574810966,59.36381697856954,52.61614038948392,52.59182136097751,0.02431902850640455,2534.3018623566354,2354.8837768554686,2175.4656913543017,0.15237956731839056,55.57432971131325,0.023030188363070254,36.11626517616048,33.02288695833561,17.83854264921324,-45196822.0,2838509.65,2618.3057963865517,2212.4804099252933,2642.850296475034,2087.8106115348733
2024-06-19,2421.600599153089,2421.600599153089,2379.380308145811,2384.718505859375,986976,2363.065539550781,2256.516982421875,2346.9883471679686,2367.856233517123,55.18572536046543,47.624247458429636,51.59830658046794,-3.9740591220383052,2531.9459426762273,2363.065539550781,2194.185136425335,0.14293332139873738,54.62046980388218,0.02290436781937864,35.16726965129928,31.199609371474512,19.60154034968749,-46183798.0,2866327.2,2618.3057963865517,2221.0831887144805,2642.850296475034,2087.8106115348733
2024-06-20,2384.7186407596823,2416.7478288529137,2374.6730278925506,2409.17724609375,2163310,2369.7692260742188,2261.1583740234373,2346.7532067871093,2371.7915680482306,57.93275117254265,45.12161834358312,50.30296893309098,-5.181350589507858,2534.7499136507718,2369.7692260742188,2204.7885384976657,0.13923776691949158,53.724350600773676,0.02229987465134936,34.17304230909551,29.454301624393636,19.130880026010157,-44020488.0,2832478.05,2618.3057963865517,2227.7157960085565,2642.850296475034,2087.8106115348733
2024-06-21,2402.189015222162,2405.1007594830376,2355.1643928006965,2369.48046875,3646215,2373.7383056640624,2264.9673828125,2346.2852307128906,2371.5714633531607,52.32648420654373,39.47996807126947,48.138368760726685,-8.658400689457217,2534.6300601837183,2373.7383056640624,2212.8465511444065,0.13555980803422712,53.74495793593652,0.022682169633704233,32.77898590990367,27.339936012135954,20.350330089276994,-47666703.0,2844901.0,2618.3057963865517,2227.7157960085565,2642.850296475034,2087.8106115348733
2024-06-24,2363.3658647573675,2395.2495606319985,2355.6497895105103,2370.35400390625,1945519,2378.3974853515624,2268.7554150390624,2345.9060705566408,2371.4555148344075,52.435563370064976,34.67964125418621,45.446623259418594,-10.766982005232386,2533.111879840529,2378.3974853515624,2223.6830908625957,0.13009969564956686,52.73458744919021,0.022247557690659576,31.484504967796955,25.873488304141308,19.25878785219539,-45721184.0,2946475.85,2618.3057963865517,2227.7157960085565,2642.850296475034,2087.8106115348733
2024-06-25,2367.5879930137835,2374.7216246112826,2356.474645665412,2360.648193359375,833789,2381.8288452148436,2272.441611328125,2345.5158349609374,2370.4262461225,51.038241597811265,29.749239160091292,42.30714643955314,-12.557907279461844,2531.6963694954093,2381.8288452148436,2231.961320934278,0.12584239592332883,50.271186841810234,0.021295501372557618,30.282486950126437,25.202679457163434,18.759474998765615,-46554973.0,2995046.8,2618.3057963865517,2227.7157960085565,2642.850296475034,2087.8106115348733
2024-06-26,2365.3072008903105,2394.424646941484,2360.8424310457776,2373.654296875,1738656,2385.360205078125,2276.4504052734374,2345.3316162109377,2370.7336795275,52.85141456228914,26.584889775251213,39.16269510669275,-12.577805331441539,2530.899940030709,2385.360205078125,2239.8204701255413,0.12202746959788162,49.09299160897442,0.02068245223139995,29.5575539958402,26.830850612578143,17.8375678243052,-44816317.0,2980889.55,2618.3057963865517,2227.7157960085565,2642.850296475034,2087.8106115348733
2024-06-27,2377.8759946247305,2410.147828089514,2364.3364306830586,2389.717041015625,3402726,2390.7784790039063,2281.3302734375,2345.200037841797,2372.5416187168453,55.06464980760566,25.084095461875677,36.34697517772934,-11.262879715853664,2528.272553561385,2390.7784790039063,2253.2844044464277,0.1150203381576064,48.858592023080206,0.020445346116088874,29.18259546192113,27.3325306950187,16.64291918257101,-41413591.0,2986235.0,2618.3057963865517,2227.7157960085565,2642.850296475034,2087.8106115348733
2024-06-28,2390.5419962243377,2417.232984813931,2390.396503797189,2400.29638671875,2129791,2397.783068847656,2287.1570556640627,2345.249697265625,2375.184929955122,56.51257573915648,24.466337232992373,33.97084758878195,-9.504510355789577,2521.5432136046525,2397.783068847656,2274.0229240906597,0.103228808614846,47.334117149882054,0.019720113487563373,28.96817068716439,27.266790275557092,15.951865793777918,-39283800.0,3076746.55,2618.3057963865517,2227.7157960085565,2642.850296475034,2087.8106115348733
2024-07-01,2388.6494063118025,2448.776876762152,2378.0215873536727,2431.403564453125,3312865,2407.4171630859373,2293.091728515625,2345.4560864257815,2380.539085621598,60.53894324065112,26.18500422640409,32.41367891630638,-6.228674689902292,2507.9719878520523,2407.4171630859373,2306.8623383198224,0.08353751589709463,49.00705802549614,0.020155871588729404,29.328161769364034,29.052421638809406,14.306798260478097,-35970935.0,3091367.1,2618.3057963865517,2251.2657798718847,2642.850296475034,2087.8106115348733
2024-07-02,2441.0122329179167,2441.0122329179167,2406.411100622321,2412.040283203125,1305210,2414.7926635742188,2298.754482421875,2345.5818798828127,2383.5391996769818,57.00111991143489,25.68848437250881,31.06864000754687,-5.380155635038058,2491.0463372901527,2414.7926635742188,2338.538989858285,0.06315546246779483,47.97806333050325,0.019891070503511517,29.66243920283513,27.55583487327168,13.569807547619673,-37276145.0,2980551.05,2618.3057963865517,2251.2657798718847,2642.850296475034,2087.8106115348733
2024-07-03,2413.496297365214,2445.71979146585,2401.5097584861905,2436.499267578125,1406405,2416.643359375,2304.583447265625,2345.8030126953126,2388.5830156675665,60.16763490698503,26.957870883017677,30.24648618264103,-3.288615299623352,2493.117505507269,2416.643359375,2340.1692132427306,0.063289558912861,47.70891830544298,0.019580928646395834,29.79336678231159,25.73191058436092,13.405436623909893,-35869740.0,2985439.3,2618.3057963865517,2351.568401318949,2642.850296475034,2087.8106115348733
2024-07-04,2441.0606594124497,2462.219380127531,2419.562140443245,2422.5224609375,1977010,2412.679162597656,2309.9425537109373,2345.8757763671874,2391.8153437885126,57.559123171827,26.53023333578267,29.503235613269357,-2.973002277486689,2478.571497443217,2412.679162597656,2346.786827752095,0.0546217133774362,47.34808411821749,0.019544951546040197,30.226379188920273,26.56511157582392,12.542769461600582,-37846750.0,2664457.15,2499.1632419376433,2351.568401318949,2642.850296475034,2087.8106115348733
2024-07-05,2422.522573421036,2478.86487051249,2422.522573421036,2472.07080078125,1754286,2413.7468017578126,2315.884111328125,2346.272858886719,2399.458720644964,63.58614003024959,29.845424950574852,29.57167348073046,0.2737514698443917,2482.6911475555316,2413.7468017578126,2344.8024559600935,0.05712641089571639,47.990535936558395,0.019413091211381128,30.924794706086544,26.81487308521127,11.49094026769393,-36092464.0,2210253.85,2495.7989223831146,2351.568401318949,2642.850296475034,2087.8106115348733
2024-07-08,2484.6886023792094,2518.6589543648624,2461.6372921032303,2511.039794921875,2818809,2415.407580566406,2322.65310546875,2346.834489746094,2410.0854896237174,67.49574635372076,35.21131620471442,30.699602025527252,4.5117141791871695,2491.6590874535327,2415.407580566406,2339.1560736792794,0.06313759011160004,48.635616388349376,0.019368715894788342,32.1850497196905,30.413616925553946,10.528634739843309,-33273655.0,2092840.8,2518.6589543648624,2351.568401318949,2642.850296475034,2087.8106115348733
2024-07-09,2511.039671702594,2537.099878087564,2492.453131954424,2513.951416015625,1479529,2417.812292480469,2330.0455224609377,2347.3035668945313,2419.977482613423,67.77414753237272,39.24635956851671,32.408953534125146,6.837406034391563,2502.808215177534,2417.812292480469,2332.816369783404,0.07030812355566812,48.350697084405844,0.019232948089759477,33.599589855836015,31.131915534503186,9.834200546832692,-31794126.0,2035068.6,2537.099878087564,2351.568401318949,2642.850296475034,2087.8106115348733
2024-07-10,2505.0707205854474,2548.746885802939,2497.3060689912268,2533.654296875,1764036,2421.6347045898438,2337.9896484375,2348.0495959472655,2430.8038458764304,69.66744733298108,43.53220615208966,34.63360405771805,8.898602094371604,2519.304371498529,2421.6347045898438,2323.9650376811587,0.08066424446558094,48.57141992207057,0.019170500088342115,35.061495925077935,30.489635431201826,9.09026025432719,-30030090.0,2036588.95,2548.746885802939,2351.568401318949,2642.850296475034,2087.8106115348733
2024-07-11,2540.0117066962384,2540.060283161406,2513.854583474437,2532.1015625,1432671,2426.708349609375,2345.8363916015624,2348.7511242675782,2440.451247459627,69.32179705775215,46.27010479418141,36.96090420501072,9.309200589170686,2535.615665359294,2426.708349609375,2317.8010338594563,0.08975723495363544,46.97386847670619,0.018551336633720113,36.41898013223114,29.274670820351268,8.728027503550294,-31462761.0,2054669.6,2548.746885802939,2351.568401318949,2642.850296475034,2087.8106115348733
2024-07-12,2524.4823221611628,2561.8497075526293,2524.4823221611628,2545.107177734375,1912642,2434.417199707031,2353.8596240234374,2349.5451171875,2450.418478914365,70.635936877912,48.92537241230366,39.353797846469305,9.571574565834354,2553.4581124232877,2434.417199707031,2315.3762869907746,0.09779828431263343,46.287691113474786,0.01818693197615338,37.96111928390783,30.94901988481729,8.224741024101364,-29550119.0,2038569.3,2561.8497075526293,2355.1643928006965,2642.850296475034,2087.8106115348733
2024-07-15,2550.688029320354,2551.9012561227323,2536.760090845706,2543.214599609375,920101,2441.2379638671873,2361.92478515625,2350.47802734375,2459.2562046948424,70.16491695971942,50.297181295023165,41.54247453618008,8.754706758843085,2568.5151140352536,2441.2379638671873,2313.960813699121,0.10427262892999209,44.06293926801417,0.017325686662376827,39.39310563903618,30.18938534998635,8.022867189479118,-30470220.0,1978046.5,2561.8497075526293,2355.1643928006965,2642.850296475034,2087.8106115348733
2024-07-16,2548.698279276291,2644.834418084959,2547.3395600466733,2609.359619140625,3298003,2451.0505493164064,2371.4906689453123,2351.651251220703,2473.551767975393,76.15065862261578,56.0752988575382,44.4490394004517,11.626259457086498,2597.0267248798577,2451.0505493164064,2305.074373752955,0.11911314975055394,48.17414492569773,0.018462056579829945,41.61672139076034,39.41999820061337,6.81403513606414,-27172217.0,1937573.95,2644.834418084959,2355.1643928006965,2644.834418084959,2087.8106115348733
2024-07-18,2620.5698558354193,2670.2635775618123,2576.8936915714958,2657.840087890625,5569762,2464.7066284179687,2381.27353515625,2353.1708850097657,2491.1030365387483,79.41111173877728,63.83066711754191,48.325364943869744,15.505302173672163,2632.7408050051426,2464.7066284179687,2296.6724518307947,0.13635227385665025,51.402412144599076,0.019339919048852263,43.85148782601029,37.839020712569884,5.929938654923797,-21602455.0,2011427.45,2670.2635775618123,2355.1643928006965,2670.2635775618123,2087.8106115348733
2024-07-19,2658.4223670413917,2662.3046925135222,2636.050419116571,2646.775390625,1668862,2476.586535644531,2388.466669921875,2354.6041833496092,2505.9289750231533,76.82952266939294,68.29674141837813,52.31964023877143,15.977101179606706,2660.1187129120085,2476.586535644531,2293.0543583770536,0.14821382142394085,49.606116519767085,0.018742095266366096,45.926628087313816,36.40855771935521,5.705763778350317,-23271317.0,2240566.75,2670.2635775618123,2355.1643928006965,2670.2635775618123,2087.8106115348733
2024-07-22,2626.101995167326,2669.050221276368,2626.0534187066073,2654.831298828125,1911629,2490.8540771484377,2396.5581689453124,2356.034344482422,2520.1101487188653,77.40545194161577,71.66012858858903,56.18773790873495,15.47239067985408,2683.025111223893,2490.8540771484377,2298.6830430729824,0.1543013184421106,49.13402266619521,0.01850739920381516,47.41507601766611,34.13278294898281,6.802429593566383,-21359688.0,2215844.35,2670.2635775618123,2355.6497895105103,2670.2635775618123,2087.8106115348733
2024-07-23,2665.2168331572675,2728.595853311204,2651.6286919831223,2684.96826171875,3906259,2506.5847900390627,2405.548466796875,2357.6466772460935,2535.810921385521,79.46209950419026,75.8827095526658,60.126732237521125,15.755977315144676,2708.009452941711,2506.5847900390627,2305.1601271364143,0.16071641677799328,51.12210399918709,0.01904011482298189,49.23755015035908,38.78195973969122,6.070898535020098,-17453429.0,2129115.05,2728.595853311204,2356.474645665412,2728.595853311204,2087.8106115348733
2024-07-24,2667.1576101328446,2676.3295567061523,2596.402322900649,2637.1181640625,3611927,2520.4082885742187,2412.8723828125,2359.004973144531,2545.4592302119,68.76018917642317,74.50913745162734,63.00321328034237,11.505924171284967,2717.7806085057077,2520.4082885742187,2323.0359686427296,0.156619323009084,53.796663629109524,0.020399792607789468,48.99908567691283,34.22145298034506,12.689686689924072,-21065356.0,2227152.05,2728.595853311204,2360.8424310457776,2728.595853311204,2087.8106115348733
2024-07-25,2637.118182692761,2644.688764839163,2591.452281427988,2627.557861328125,2166670,2533.103466796875,2420.04162109375,2360.206685791016,2553.2781474610642,66.82374239486748,71.82122476172799,64.76681557661949,7.054409185108497,2723.629112963096,2533.103466796875,2342.5778206306545,0.15042863322684683,53.756650756399914,0.020458788576106973,48.62275315619178,31.800716212681614,12.449782623364625,-23232026.0,2366058.95,2728.595853311204,2364.3364306830586,2728.595853311204,2087.8106115348733
2024-07-26,2643.863904425438,2646.7756488135715,2608.1950356707994,2631.294921875,2135309,2545.1823608398436,2427.4980224609376,2361.6246057128906,2560.7083164528676,67.21244788069623,69.1949478572933,65.65244203275427,3.5425058245390346,2728.3019995252075,2545.1823608398436,2362.0627221544796,0.14389510276579104,52.67264806971221,0.020017766777803415,48.30024348829396,30.41994707980193,11.798427691798933,-21096717.0,2387459.65,2728.595853311204,2378.0215873536727,2728.595853311204,2087.8106115348733
2024-07-29,2631.440482651685,2639.981647137038,2613.581878057342,2631.828857421875,957011,2556.758984375,2435.470703125,2363.020146484375,2567.4817013070588,67.27144943219022,66.39137023667718,65.80022767353884,0.5911425631383338,2730.8275432733367,2556.758984375,2382.6904254766637,0.1361634475225185,50.79601385613965,0.019300652363048846,48.00077022524599,29.290668959956637,11.360435271694694,-20139706.0,2324088.8,2728.595853311204,2378.0215873536727,2728.595853311204,2087.8106115348733
2024-07-30,2635.711161772439,2673.3211941210275,2606.3994115108435,2612.222900390625,1560399,2565.799951171875,2442.66966796875,2364.3019140625,2571.742767886446,62.80240561992944,61.87423028371086,65.01502819557325,-3.1407979118623928,2731.466362401353,2565.799951171875,2400.133539942397,0.1291343163007025,51.947854481428536,0.01988645550640429,48.16374637755152,31.17961115217663,10.315073001066704,-21700105.0,2265449.8,2728.595853311204,2401.5097584861905,2728.595853311204,2087.8106115348733
2024-07-31,2625.4229277529967,2629.9360368935118,2596.3540595490326,2626.0537109375,1751085,2576.500622558594,2450.5835595703124,2365.467001953125,2576.9152386532132,64.58954961840544,58.73335360881629,63.75869327822186,-5.025339669405575,2728.1087963209443,2576.500622558594,2424.8924487962436,0.11768533834996389,50.63600611450358,0.019282166965437483,47.94359234277988,29.702580596722374,11.243456207932772,-19949020.0,2177826.5,2728.595853311204,2401.5097584861905,2728.595853311204,2087.8106115348733
2024-08-01,2634.157904962315,2644.7857238415877,2615.910927352041,2635.662353515625,1886392,2586.458776855469,2458.8751416015625,2366.6243115234374,2582.510201973443,65.81822837805268,56.36972823034421,62.280900268646334,-5.9111720383021265,2725.628907293887,2586.458776855469,2447.2886464170506,0.10761441990397133,49.081633998435215,0.018622125073405858,47.94399733121546,30.615509693120195,10.770988950841486,-18062628.0,2200120.25,2728.595853311204,2419.562140443245,2728.595853311204,2087.8106115348733
2024-08-02,2632.2168729998184,2678.319491535029,2602.2743407046587,2613.339111328125,1738872,2595.999609375,2465.639853515625,2367.766142578125,2585.446288578651,60.56074370323272,52.09472346324628,60.24366490756633,-8.148941444320045,2713.361028105793,2595.999609375,2478.638190644207,0.09041713127148612,51.007599486430586,0.019518170935155833,48.363302964709405,32.051172120042175,9.623986924804601,-19801500.0,2224119.6,2728.595853311204,2422.522573421036,2728.595853311204,2087.8106115348733
2024-08-05,2597.227273238811,2661.334222675603,2587.764104503914,2636.001953125,3118731,2604.1961669921875,2472.5579150390627,2368.964510498047,2590.2611137735416,63.728415208947354,49.95955071540493,58.18684206913405,-8.227291353729122,2707.894459941601,2604.1961669921875,2500.497874042774,0.07963938682022065,52.619207963949044,0.019961748473504952,48.204554781226484,28.85026533055058,10.632561812572964,-16682769.0,2212212.7,2728.595853311204,2461.6372921032303,2728.595853311204,2087.8106115348733
2024-08-06,2640.0785950237046,2690.20903019787,2628.96524828348,2669.1474609375,2296031,2612.1015502929686,2480.3974560546876,2370.3052282714843,2597.7740992177282,67.8016548854659,50.36144105794574,56.62176186689639,-6.260320808950652,2710.139643938586,2612.1015502929686,2514.0634566473514,0.0750645346346672,53.23524896040912,0.01994466388219368,48.428716957168156,30.35380912374502,9.75884117827673,-14386738.0,2280434.95,2728.595853311204,2492.453131954424,2728.595853311204,2087.8106115348733
2024-08-07,2699.866517527861,2700.012246928229,2655.0256995137474,2663.32421875,1713875,2619.5701904296875,2487.8235205078126,2371.4250329589845,2604.016967744611,66.39104221831295,49.6378607124102,55.22498163599916,-5.587120923588955,2708.936895889491,2619.5701904296875,2530.203484969884,0.06823005223245787,52.64605599284288,0.019767047369678367,48.75541478975358,29.831193118946125,9.163196814505444,-16100613.0,2254296.05,2728.595853311204,2497.3060689912268,2728.595853311204,2087.8106115348733
2024-08-08,2672.9813547553963,2678.076907446923,2640.3697227462762,2652.793212890625,1464161,2625.527136230469,2494.8188427734376,2372.4893212890624,2608.6623244251837,63.80570795385253,47.66519916843754,53.71302514248684,-6.047825974049303,2706.699255353191,2625.527136230469,2544.355017107747,0.06183300717223801,51.57899375768602,0.01944327718687232,48.48985106313881,28.273457211875638,10.714325675879056,-17564774.0,2266013.35,2728.595853311204,2513.854583474437,2728.595853311204,2087.8106115348733
2024-08-09,2674.9225119219846,2676.8636748479075,2638.622859990569,2666.38134765625,1284031,2632.2411254882813,2502.5194384765623,2373.5621484375,2614.159374256714,65.66366564257802,46.66042723730152,52.30250556144978,-5.642078324148258,2702.928805240331,2632.2411254882813,2561.553445736232,0.053709121909518744,50.62626669337549,0.018986881504356456,48.17449013457835,26.74799267505067,10.382710313407054,-16280743.0,2251019.6,2728.595853311204,2524.4823221611628,2728.595853311204,2087.8106115348733
2024-08-12,2657.451984181087,2682.1046579872973,2642.3108189254185,2667.837158203125,1297178,2638.3776245117188,2510.67208984375,2374.695450439453,2619.271544156372,65.86583471551302,45.4576030358794,50.933525056335704,-5.475922020456302,2698.219684356287,2638.3776245117188,2578.5355646671505,0.045362770885114,49.8525218625543,0.018686493555000783,47.96552836846559,25.97384212399422,9.790724351898781,-14983565.0,2243587.6,2728.595853311204,2536.760090845706,2728.595853311204,2087.8106115348733
2024-08-13,2661.334152597603,2676.5236564605643,2649.784328921455,2660.751708984375,1051237,2644.2544799804687,2519.1126904296875,2375.803585205078,2623.222036044753,63.89401069791946,43.431963019755585,49.43321264901969,-6.001249629264102,2685.86988668428,2644.2544799804687,2602.639073276657,0.03147609809787963,48.201579410879646,0.018115775045120044,47.77149244278946,24.94464782240395,9.402774134009887,-16034802.0,2212814.4,2728.595853311204,2547.3395600466733,2728.595853311204,2087.8106115348733
2024-08-14,2660.363907692145,2661.8683564179764,2626.9759986722806,2641.971435546875,946995,2645.8850708007812,2526.661513671875,2376.8555102539062,2625.007693140193,58.863914437305446,39.85183050476144,47.51693622016804,-7.665105715406604,2684.339185862777,2645.8850708007812,2607.4309557387855,0.029067109139670613,47.25092072050937,0.017884720510132488,46.5972039408028,23.62890993021402,12.35471671183993,-16981797.0,2219371.2,2728.595853311204,2576.8936915714958,2728.595853311204,2087.8106115348733
2024-08-16,2657.3547781329457,2672.593096011396,2630.9550108698363,2667.400390625,1727926,2646.3630859375,2532.019814453125,2378.035294189453,2629.045092900651,63.099904415420816,38.621252096057106,45.73779939534586,-7.116547299288754,2685.6288761628534,2646.3630859375,2607.097295712146,0.029675285628043988,46.85000389344154,0.017563918809528286,45.73376972006126,23.764008860693465,11.570410104740807,-15253871.0,2101820.8,2728.595853311204,2587.764104503914,2728.595853311204,2087.8106115348733
2024-08-19,2669.1475248307747,2678.562117366071,2656.5299661657655,2661.8681640625,1130327,2647.117724609375,2535.2210498046875,2379.4400463867187,2632.1710996779702,61.61340982879097,36.77567826549375,43.94537516937544,-7.169696903881686,2686.9620699349352,2647.117724609375,2607.2733792838144,0.030103946609658327,45.07730012964612,0.016934460067642824,45.05825698006288,23.88020592489905,11.166467442209651,-16384198.0,1909729.0,2728.595853311204,2587.764104503914,2728.595853311204,2087.8106115348733
2024-08-20,2661.8682216798816,2675.165140246076,2654.588860754042,2670.1181640625,1097889,2647.8820678710936,2539.609052734375,2380.941633300781,2635.78510580983,63.01275635210475,35.56873947214035,42.270048029928425,-6.701308557788074,2688.859368532525,2647.8820678710936,2606.904767209662,0.030951001299221223,43.32722722695956,0.016226707795223023,44.3398551894976,23.070148167280745,11.107689136908386,-15286309.0,1882802.25,2728.595853311204,2587.764104503914,2728.595853311204,2087.8106115348733
2024-08-21,2668.613714717056,2712.8723239179676,2662.2563587851414,2709.0869140625,1417729,2649.088000488281,2544.234306640625,2382.6676440429687,2642.7662304053224,68.79860376241803,37.32640862866219,41.28132014967518,-3.9549115210129884,2695.428604284845,2649.088000488281,2602.7473966917173,0.03498608108754578,43.847851363092886,0.016185472358042366,44.433218739718036,27.31046109193427,10.191816916129744,-13868580.0,1842115.25,2712.8723239179676,2587.764104503914,2728.595853311204,2087.8106115348733
2024-08-22,2720.490954381254,2727.333600307501,2700.2544753582456,2710.6396484375,1552947,2652.7640747070313,2549.1299560546877,2384.405712890625,2649.230365456006,69.00664478382751,38.40199252048296,40.705454623836744,-2.3034621033537803,2705.8909337316713,2652.7640747070313,2599.6372156823913,0.04005396449023253,42.650085190675924,0.015734325001576954,44.76590773621833,28.493818719247223,9.72960801901138,-12315633.0,1717688.75,2727.333600307501,2587.764104503914,2728.595853311204,2087.8106115348733
2024-08-23,2716.851608794936,2738.010332274373,2689.821056977102,2732.769287109375,2111401,2658.0246459960936,2554.641220703125,2386.227471923828,2657.186453232517,71.88398101931183,40.572384209888696,40.67884054104714,-0.10645633115844078,2720.1926833818993,2658.0246459960936,2595.856608610288,0.046777622983633624,43.04574162686127,0.01575169255228037,45.249241600008595,27.987010203630994,8.951593845445943,-10204232.0,1614739.75,2738.010332274373,2587.764104503914,2738.010332274373,2087.8106115348733
2024-08-26,2732.7692242402322,2751.549833114722,2721.1222468451892,2738.15576171875,1152244,2663.3676879882814,2560.7917626953126,2388.091193847656,2664.897815945492,72.55193828800354,42.2401604686047,40.99110452655865,1.2490559420460485,2733.31035016635,2663.3676879882814,2593.425025810213,0.0525219724587845,42.144444815623515,0.015391543974536095,45.910873642397924,28.838457646272992,8.489958026785805,-9051988.0,1611976.3,2751.549833114722,2587.764104503914,2751.549833114722,2087.8106115348733
2024-08-27,2726.3632826569533,2741.019157279429,2678.368077529086,2685.501708984375,1357212,2666.0513305664062,2566.683193359375,2389.667312011719,2666.8600914730046,58.03709399575003,38.86513013444437,40.5659096481358,-1.7007795136914297,2735.0601101020475,2666.0513305664062,2597.042551030765,0.05176853029381112,43.60920445381775,0.016238755055683892,44.61695560283774,25.879120878951483,14.621546760800337,-10409200.0,1562823.05,2751.549833114722,2587.764104503914,2751.549833114722,2087.8106115348733
2024-08-28,2678.804731489039,2699.9148774708824,2664.9739461905906,2683.02685546875,1723549,2669.5915283203126,2572.207744140625,2391.2871166992186,2668.3997832821233,57.455264720153544,35.58054392114218,39.56883650273708,-3.988292581594898,2734.3233857211003,2669.5915283203126,2604.859670919525,0.04849570184358243,42.990042084280184,0.01602296376447168,42.91231094765554,24.376712180854305,15.998149063997746,-12132749.0,1582833.1,2751.549833114722,2587.764104503914,2751.549833114722,2087.8106115348733
2024-08-29,2688.462067987683,2727.333902856005,2664.246107950083,2703.31201171875,2129934,2673.454443359375,2578.011826171875,2392.851907958984,2671.724757418945,60.91405382912476,34.219862982844006,38.49904179875847,-4.279178815914463,2736.5324173581716,2673.454443359375,2610.3764693605785,0.0471883664638286,44.425595857254585,0.016433765567818805,41.942744092055946,26.31258061231719,14.375390948436822,-10002815.0,1590990.6,2751.549833114722,2587.764104503914,2751.549833114722,2087.8106115348733
2024-08-30,2713.4546356789924,2733.448709240914,2678.902076663861,2696.275390625,4029712,2676.4850952148436,2584.2429638671874,2394.2736206054688,2674.062912962379,59.11860542319239,32.20250657091128,37.23973475318903,-5.037228182277751,2737.8088436079834,2676.4850952148436,2615.161346821704,0.04582409108332231,45.1485270515259,0.016744775852091436,41.1704405638772,25.009291727953208,13.134836051989959,-14032527.0,1609933.05,2751.549833114722,2587.764104503914,2751.549833114722,2087.8106115348733
2024-09-02,2711.804330358968,2726.2658978957274,2697.2456099024953,2707.0,957950,2681.1681396484373,2590.1994189453126,2395.8059094238283,2677.1997783945335,61.005140096274424,31.110500938246787,36.01388799020059,-4.9033870519538,2736.50011343324,2681.1681396484373,2625.8361658636345,0.041274527297686076,44.06581135289744,0.01627846743734667,40.453301573425506,23.79351060037,12.496309940990178,-13074577.0,1717099.05,2751.549833114722,2587.764104503914,2751.549833114722,2087.8106115348733
2024-09-03,2698.216341458918,2744.7556730503247,2693.363434369963,2712.095703125,2022116,2684.9728271484373,2597.0517236328124,2397.3682421875,2680.523199797435,61.90467514471914,30.30690018258929,34.87249042867833,-4.5655902460890445,2737.765162676777,2684.9728271484373,2632.1804916200977,0.039324297806326416,44.58912759057345,0.01644083855123395,40.1891741754427,24.796599042838178,11.467530412670955,-11052461.0,1678052.95,2751.549833114722,2626.9759986722806,2751.549833114722,2087.8106115348733
2024-09-04,2698.216436840079,2760.188157340057,2690.111986931693,2757.66455078125,1640986,2689.398681640625,2604.7979345703125,2399.048359375,2687.869995129227,68.8294257874808,32.96704242144642,34.491400827231956,-1.5243584057855344,2750.3528187634856,2689.398681640625,2628.4445445177644,0.04532919387442885,46.40963064898705,0.01682932415976379,40.25288073750271,24.497396564537752,10.230717209210558,-9411475.0,1623222.2,2760.188157340057,2626.9759986722806,2760.188157340057,2087.8106115348733
2024-09-05,2756.4998023952226,2771.0099471964018,2740.582124971867,2754.94677734375,1945173,2693.9798095703127,2612.68390625,2400.9198669433595,2694.2582601020385,68.03510594763658,34.45870421560585,34.48486150490673,-0.026157289300883235,2759.9706797495587,2693.9798095703127,2627.9889393910667,0.04899136210658647,45.26807290438332,0.016431559867748025,40.51872815417493,25.028796884576224,9.73951884908837,-11356648.0,1590469.95,2771.0099471964018,2626.9759986722806,2771.0099471964018,2087.8106115348733
2024-09-06,2744.9014624679285,2782.123118479223,2744.9014624679285,2755.43212890625,1672730,2699.1117553710938,2620.319462890625,2402.746461181641,2700.084342845297,68.10589393482299,35.27341082609382,34.64257136914415,0.6308394569496727,2767.4159121797948,2699.1117553710938,2630.8075985623927,0.050612322126180394,44.69332884059128,0.01622007973694202,40.97174649596053,25.315998360772294,9.160140242353153,-9683918.0,1602034.85,2782.123118479223,2626.9759986722806,2782.123118479223,2087.8106115348733
2024-09-09,2769.166071475763,2851.7624119394613,2759.5571728010573,2835.844970703125,3342754,2707.5849365234376,2629.242021484375,2405.0154919433594,2713.013926450805,77.13897122563189,41.92443716481921,36.09894452827916,5.825492636540048,2796.4849767886535,2707.5849365234376,2618.6848962582217,0.06566740645216053,48.38168271149271,0.01706076432644231,42.37157190131286,31.996850353054096,7.857405622973001,-6341164.0,1612463.3,2851.7624119394613,2626.9759986722806,2851.7624119394613,2087.8106115348733
2024-09-10,2847.6858799868537,2851.180067874474,2802.553844056592,2813.327392578125,1536584,2714.8594482421877,2637.5026416015626,2407.13228515625,2722.567589891502,71.06900237509026,44.86130983430667,37.85141758948466,7.009892244822005,2812.8995385236,2714.8594482421877,2616.8193579607755,0.07222479995779597,48.39914993337766,0.017203525640513816,43.67140977771145,29.700638231152027,7.293529183914368,-7877748.0,1715399.45,2851.7624119394613,2626.9759986722806,2851.7624119394613,2087.8106115348733
2024-09-11,2825.9451329233075,2863.2153669847785,2812.8422829388005,2818.714111328125,1913665,2722.757568359375,2645.2488525390627,2409.2529418945314,2731.724401456895,71.64384279930556,47.08074820972479,39.697283713532684,7.383464496192104,2827.323178462629,2722.757568359375,2618.191958256121,0.07680860853598596,48.54014522713482,0.017220669890591928,45.01687172459248,29.27009205505466,6.752890448030404,-5964083.0,1727369.75,2863.2153669847785,2626.9759986722806,2863.2153669847785,2087.8106115348733
2024-09-12,2825.362457010719,2876.2208276163733,2809.056642089753,2869.4267578125,2454564,2734.130334472656,2654.39658203125,2411.4464526367187,2744.8389115860004,76.39832635883197,52.328544967455855,42.22353596431732,10.105009003138534,2849.9478545462775,2734.130334472656,2618.312814399035,0.08471982378701022,49.87043381995521,0.017379929173718937,46.411156738249915,28.317114252601943,6.103275103180854,-3509519.0,1770491.15,2876.2208276163733,2630.9550108698363,2876.2208276163733,2087.8106115348733
2024-09-13,2869.426835111309,2869.426835111309,2832.641893822737,2846.666748046875,1902001,2743.09365234375,2662.599931640625,2413.6335791015626,2754.53680077275,70.67116916802564,54.028116634318394,44.58445209831754,9.443664536000853,2864.480000348037,2743.09365234375,2621.707304339463,0.08850324734671174,48.935755781999276,0.017190546036192876,47.70584996521753,26.79669022405652,5.7755734158930485,-5411520.0,1845869.6,2876.2208276163733,2654.588860754042,2876.2208276163733,2087.8106115348733
2024-09-16,2824.3919995176966,2824.3919995176966,2724.810248668883,2782.754150390625,1489057,2749.1379516601564,2669.8045654296875,2415.5069104003906,2757.224167403024,57.610740670660576,49.645544006041746,45.59667047986238,4.048873526179364,2865.68659513863,2749.1379516601564,2632.589308181683,0.08478922886215422,54.14438032457018,0.019457119601086478,44.88544600103126,22.488960665677162,19.07252566599989,-6900577.0,1854573.35,2876.2208276163733,2654.588860754042,2876.2208276163733,2087.8106115348733
2024-09-17,2782.7541937629762,2828.177216442892,2775.9601235551504,2788.9658203125,1098661,2755.0803344726564,2676.1424658203123,2417.3312780761717,2760.247181965831,58.41511324895398,46.14166112573503,45.70566860903691,0.43599251669811423,2866.9318659802448,2755.0803344726564,2643.228802965068,0.0811965662910498,54.00671693622529,0.019364424096876852,42.350240577834604,21.436463996673407,17.75534579758597,-5801916.0,1872509.85,2876.2208276163733,2662.2563587851414,2876.2208276163733,2087.8106115348733
2024-09-18,2789.451155662023,2808.42607086622,2777.512956142777,2791.246826171875,464796,2759.188330078125,2681.7466064453124,2419.1766638183594,2763.1995290330733,58.72485004567566,43.05258342623438,45.17505157247641,-2.122468146242035,2870.0115526859145,2759.188330078125,2648.3651074703357,0.0803303068512554,52.35717392102655,0.01875762954035602,39.996121256294856,20.532415596088743,17.006542638043136,-5337120.0,1872548.45,2876.2208276163733,2664.246107950083,2876.2208276163733,2087.8106115348733
2024-09-19,2791.6349342197495,2847.9772355641235,2788.8203427591193,2826.090576171875,1713010,2764.9608764648438,2687.9893896484373,2421.218856201172,2769.189152570102,63.23022946338605,42.921296528605126,44.72430056370216,-1.8030040350970324,2877.087076394644,2764.9608764648438,2652.8346765350434,0.08110508968442254,52.84286812702496,0.018698221696278428,38.67769093186419,24.236770816006416,15.64664265061508,-3624110.0,1824901.8,2876.2208276163733,2664.246107950083,2876.2208276163733,2087.8106115348733
2024-09-20,2838.7566700584757,2901.4077499970376,2810.2214332765097,2890.00341796875,3641632,2772.8225830078127,2695.1163720703125,2423.602960205078,2780.695273084259,69.75226910450303,47.42776515353444,45.26499348166862,2.162771671865819,2896.29293063724,2772.8225830078127,2649.3522353783856,0.08905751733707604,55.581685883703734,0.019232394514872075,38.36802086576021,28.263006556852414,13.813099705581527,17522.0,1832904.95,2901.4077499970376,2664.246107950083,2901.4077499970376,2087.8106115348733
2024-09-23,2892.33281157887,2945.7147930006277,2882.5784203092207,2939.45458984375,1300470,2782.8875244140627,2703.2634326171874,2426.1646313476563,2795.8152080137347,73.64714270076871,54.36280966561844,47.084556718458586,7.2782529471598565,2924.847384946762,2782.8875244140627,2640.9276638813635,0.10202342659363413,56.121306369968245,0.01909242162266281,38.677004851936005,31.631068599814476,12.703120184121914,1317992.0,1909416.5,2945.7147930006277,2664.246107950083,2945.7147930006277,2087.8106115348733
2024-09-24,2931.156104781509,2931.156104781509,2859.430227331959,2863.749267578125,1929308,2791.79990234375,2709.6362744140624,2428.2492517089845,2802.285118448439,60.75029756937388,53.137558892749894,48.29515715331685,4.842401739433043,2930.5291529477313,2791.79990234375,2653.070651739769,0.09938337664351682,57.828667522955584,0.020193341706853173,38.28320357699045,28.50452228798482,14.306699786087368,-611316.0,1916827.8,2945.7147930006277,2664.246107950083,2945.7147930006277,2087.8106115348733
2024-09-25,2863.749069984707,2873.260815338254,2819.636191624619,2862.196044921875,1055354,2800.7583618164062,2716.0159033203126,2430.239117431641,2807.990920969719,60.51614935168831,51.44814455518599,48.92575463369068,2.5223899214953107,2933.2332546124794,2800.7583618164062,2668.283469020333,0.09459930181920999,57.52837867943266,0.02009938445044666,36.87087705124448,26.60664619756286,18.295057050372318,-1666670.0,1945432.6,2945.7147930006277,2664.246107950083,2945.7147930006277,2087.8106115348733
2024-09-26,2864.2830665701063,2904.8048428813454,2854.674167856613,2898.25341796875,1902889,2810.5054321289062,2721.793779296875,2432.223514404297,2816.5873492553405,63.986350359978964,52.41459733086003,49.62352317312455,2.79107415773548,2941.5454056788976,2810.5054321289062,2679.465458578915,0.09325011227658862,56.99997127552549,0.019667007350749232,36.059246947194005,28.888092986720928,17.145753764990097,236219.0,1912022.85,2945.7147930006277,2678.902076663861,2945.7147930006277,2087.8106115348733
2024-09-27,2898.253441779502,2940.8618738147916,2865.884454754662,2878.9873046875,2977081,2819.6410278320313,2726.2167236328123,2434.299256591797,2822.5302021536418,60.90613635327875,51.03757440240406,49.90633341898046,1.1312409834236021,2942.7909004669964,2819.6410278320313,2696.4911551970663,0.08735145461381845,58.284074688711506,0.020244644564362868,35.814261196285706,30.65254021881009,15.570287430483013,-2740862.0,1900670.6,2945.7147930006277,2690.111986931693,2945.7147930006277,2087.8106115348733
2024-09-30,2876.9975761841415,2909.706124674832,2856.0331583870834,2871.271240234375,1627702,2827.85458984375,2730.706640625,2436.3152734375,2827.1722057803786,59.66729324506033,48.76155899607238,49.67737853439885,-0.9158195383264669,2941.395667267992,2827.85458984375,2714.3135124195082,0.08030192063766294,57.95470980292845,0.020184338209091574,35.327590408067884,28.624832766125415,15.754453560156993,-4368564.0,1848039.05,2945.7147930006277,2690.111986931693,2945.7147930006277,2087.8106115348733
2024-10-01,2875.541649372102,2875.541649372102,2806.339143756762,2837.737548828125,1184642,2834.136682128906,2734.364765625,2438.4010412597654,2828.178428927783,54.48085323019454,43.74761645447552,48.49142611841419,-4.74380966393867,2934.5021549446374,2834.136682128906,2733.771209313175,0.07082613442647383,58.75812378952926,0.020705975368932223,33.68340240527419,26.216764348785556,20.47009790962581,-5553206.0,1881526.65,2945.7147930006277,2690.111986931693,2945.7147930006277,2087.8106115348733
2024-10-03,2823.1787931428157,2837.106731735907,2776.9306818262016,2808.23193359375,1233447,2836.6650512695314,2736.8300390625,2440.3198168945314,2826.278762705494,50.335024988652016,36.9670412655305,46.186549147837454,-9.219507882306957,2931.5980347697014,2836.6650512695314,2741.7320677693615,0.06693281144186078,58.90446259041455,0.020975640183335337,31.545518660442966,24.283659170778716,22.526846847238904,-6786653.0,1839652.95,2945.7147930006277,2724.810248668883,2945.7147930006277,2087.8106115348733
2024-10-04,2805.9511608195753,2828.27453567217,2734.1767051525835,2764.944091796875,2456486,2837.1649169921875,2739.3865576171875,2442.111787109375,2820.437365476102,44.9327537773104,27.780186814435183,42.50527668115701,-14.725089866721824,2930.4626974595417,2837.1649169921875,2743.8671365248333,0.06576831675069743,61.41827458535539,0.022213206685651656,29.813923346158813,21.626190874814924,25.03386039508291,-9243139.0,1819276.0,2945.7147930006277,2724.810248668883,2945.7147930006277,2087.8106115348733
2024-10-07,2761.3042498599384,2782.1231747563133,2741.9411971515387,2750.04541015625,1280975,2836.8955810546877,2741.83630859375,2443.8335888671877,2813.7333697313543,43.213682205825094,19.077426679830296,37.81970668089166,-18.742280001061367,2931.1616812039615,2836.8955810546877,2742.629480905414,0.06645722230934423,59.90139622959962,0.02178196622076731,28.206013411466383,20.589984265638144,23.834377243160727,-10524114.0,1844841.65,2945.7147930006277,2724.810248668883,2945.7147930006277,2087.8106115348733
2024-10-08,2760.333851126015,2801.0982750877915,2716.366460746994,2735.875244140625,1761488,2831.8970947265625,2743.9279150390626,2445.440565185547,2806.318310151285,41.584122614083455,10.911234679336758,32.438012280580686,-21.52677760124393,2935.949769428788,2831.8970947265625,2727.844420024337,0.07348619757122381,61.67499752325661,0.022543059174699155,27.168750951958827,18.56945407380691,24.457393786748856,-12285602.0,1825253.9,2945.7147930006277,2716.366460746994,2945.7147930006277,2087.8106115348733
2024-10-09,2740.339318628453,2742.7174325285027,2679.4839147128605,2687.4912109375,1476282,2825.6052856445312,2745.041162109375,2446.7842321777343,2795.0014435594962,36.520129622979645,0.5291814926117695,26.056246122986906,-25.527064630375136,2947.1382307811973,2825.6052856445312,2704.072340507865,0.08602259187021866,61.78632040128415,0.022990333940378065,26.80107227783975,17.211996980002866,26.933355113468917,-13761884.0,1746190.6,2945.7147930006277,2679.4839147128605,2945.7147930006277,2087.8106115348733
2024-10-10,2688.5105879502285,2705.398610217547,2652.793143577846,2673.66064453125,2065078,2818.3526123046877,2746.2699169921875,2448.027268066406,2783.4451769853777,35.20054418940252,-8.714229366918062,19.102151025005913,-27.816380391923975,2956.8003959894077,2818.3526123046877,2679.9048286199677,0.09824731162471916,61.13054513259963,0.02286398808975143,26.849571293037602,16.154020935258725,28.39654156944767,-15826962.0,1743175.5,2945.7147930006277,2652.793143577846,2945.7147930006277,2087.8106115348733
2024-10-11,2683.463661587022,2707.922266928901,2656.5300261363855,2701.322265625,679307,2809.9473876953125,2747.7752880859375,2449.348055419922,2775.6239473320084,39.879511874775915,-13.650285430388067,12.551663733927118,-26.201949164315185,2955.215086600464,2809.9473876953125,2664.679688790161,0.10339531589899159,60.43495196545077,0.022372359171839887,26.830158758579827,15.471083987888255,26.671709622570763,-15147655.0,1750746.15,2945.7147930006277,2652.793143577846,2945.7147930006277,2087.8106115348733
2024-10-14,2709.475281759991,2722.1897566323278,2683.657720300339,2707.048828125,874010,2802.9664916992188,2749.203017578125,2450.5763623046873,2769.0929835980073,40.83201525360883,-16.90518721310218,6.6602935445212585,-23.56548075762344,2953.8165269559863,2802.9664916992188,2652.116456442451,0.10763598901627898,58.87045799163206,0.02174709867808623,26.43862496623458,16.478885849276104,25.424764429837794,-14273645.0,1661983.3,2945.7147930006277,2652.793143577846,2945.7147930006277,2087.8106115348733
2024-10-15,2710.9311955846492,2716.9487533001934,2683.9004068922713,2699.623779296875,1082666,2798.8099731445313,2750.9287109375,2451.782922363281,2762.4768689026614,39.948260241858655,-19.85498381874777,1.357238071867453,-21.212221890615222,2956.1022553585226,2798.8099731445313,2641.51769093054,0.11239940097631533,57.02602144993848,0.021123692081565188,26.07505787334257,15.796741209592911,24.372304516609884,-15356311.0,1610583.75,2945.7147930006277,2652.793143577846,2945.7147930006277,2087.8106115348733
2024-10-16,2707.09718625598,2715.2502127006615,2674.5343678170534,2699.4296875,1170797,2794.3331665039063,2752.197265625,2453.0091796875,2756.472375435741,39.923935011327316,-21.95529350988727,-3.3052682444834915,-18.650025265403777,2957.479118397471,2794.3331665039063,2631.1872146103415,0.11676914825277103,55.861008838057735,0.020693633583689235,25.908767588095184,14.974320298765994,24.301036990563826,-16527108.0,1590264.2,2945.7147930006277,2652.793143577846,2945.7147930006277,2087.8106115348733
2024-10-17,2697.68253378276,2700.1575638443824,2643.3299731877614,2658.082763671875,1368242,2787.6749633789063,2751.9759716796875,2453.921044921875,2747.101936220135,35.03037827317512,-26.648962621600276,-7.974007119906849,-18.674955501693425,2961.313105210969,2787.6749633789063,2614.036821546844,0.12457560089544863,55.93005039652654,0.021041500724102654,26.29148799084473,13.887561623974378,26.522523686848785,-17895350.0,1593871.0,2945.7147930006277,2643.3299731877614,2945.7147930006277,2087.8106115348733
2024-10-18,2658.0828331824578,2659.3932129429836,2614.212598375217,2637.1669921875,1137277,2778.2287841796874,2751.4528271484373,2454.68435546875,2736.6319415503604,32.837678828127466,-31.69114141589398,-12.717433979104277,-18.973707436789702,2962.697375300819,2778.2287841796874,2593.7601930585556,0.13279582457108466,55.16223355161511,0.02091723190644771,27.089535879978293,13.075089901124633,28.741217594508846,-19032627.0,1639043.3,2945.7147930006277,2614.212598375217,2945.7147930006277,2087.8106115348733
2024-10-21,2635.128493894694,2657.451866034502,2601.5948592234436,2614.3095703125,792345,2764.444091796875,2750.683154296875,2455.2201953125,2724.9821919086594,30.584606101991696,-37.10379786964677,-17.594706757212776,-19.509091112433993,2954.559262462163,2764.444091796875,2574.328921131587,0.13754314744829166,55.211860213003916,0.021119098074679887,28.010945064906085,12.130241945262648,28.296664467140463,-19824972.0,1610256.65,2945.7147930006277,2601.5948592234436,2945.7147930006277,2087.8106115348733
2024-10-22,2606.1084688697565,2630.2758533291735,2595.092274110287,2602.808349609375,1272253,2747.611779785156,2749.4116943359377,2455.575975341797,2713.346587880156,29.488246353990917,-41.839124117484516,-22.443590229267123,-19.395533888217393,2932.3005963161795,2747.611779785156,2562.922963254133,0.13443588929835257,53.78126871342412,0.02066278476534606,28.960493394654005,11.56341511046744,27.83803502653107,-21097225.0,1467792.3,2940.8618738147916,2595.092274110287,2945.7147930006277,2087.8106115348733
2024-10-23,2543.8940646553547,2613.8245078342925,2543.8940646553547,2581.0673828125,1431962,2733.477685546875,2747.676298828125,2455.6781457519533,2700.748568349903,27.48271513929774,-46.806660561922854,-27.316204295798272,-19.490456266124582,2923.637335552622,2733.477685546875,2543.3180355411278,0.1391338594137473,54.93478117524653,0.02128374545393929,30.499289516214855,10.511993346543154,31.96382974291181,-22529187.0,1466381.45,2940.8618738147916,2543.8940646553547,2945.7147930006277,2087.8106115348733
2024-10-24,2569.128970586372,2569.128970586372,2380.448040858193,2431.403564453125,9216267,2711.9380615234377,2743.0893359375,2455.0762145996096,2675.0966632168765,18.27064817514109,-62.10418988965921,-34.27380141457046,-27.830388475088753,2933.8410642000526,2711.9380615234377,2490.0350588468227,0.16364901973606316,65.3408212308937,0.026873704631419446,33.16611244782948,8.20659883633848,42.821229563961566,-31745454.0,1441514.15,2940.8618738147916,2380.448040858193,2945.7147930006277,2087.8106115348733
2024-10-25,2428.6859946148834,2465.276867660535,2426.5507628298415,2453.678466796875,2761166,2689.7093139648437,2739.3234765625,2454.7824658203126,2654.009215938781,22.437726389263986,-71.60477832254719,-41.739996796165805,-29.864781526381385,2921.358607011466,2689.7093139648437,2458.060020918221,0.1722485711328806,63.43977005945084,0.025854964665467158,35.642448027185914,7.848768311707835,40.95410490662444,-28984288.0,1849559.8,2940.8618738147916,2380.448040858193,2945.7147930006277,2087.8106115348733
2024-10-28,2469.1593860637768,2513.417998144498,2445.9625825267967,2500.02392578125,852829,2670.7611450195313,2735.975947265625,2454.7552880859375,2639.3439502094925,30.39016399296885,-74.5351767675379,-48.29903279044023,-26.236143977097676,2899.357164860539,2670.7611450195313,2442.165125178524,0.17118417367071276,63.72660188504016,0.02549039680295291,36.661184992195125,12.651282930073013,37.857644978016495,-28131459.0,1892473.65,2909.706124674832,2380.448040858193,2945.7147930006277,2087.8106115348733
2024-10-29,2509.632330583052,2509.632330583052,2461.394481395327,2472.70166015625,1695654,2650.832666015625,2732.1926171875,2454.6587841796877,2623.4732559187078,28.53283487619035,-78.16122321426792,-54.27147087520577,-23.88975233906215,2875.492888212974,2650.832666015625,2426.172443818276,0.16950162496301813,62.620262406660494,0.025324633139407332,37.60715503113225,11.955170185733676,35.7746001765104,-29827113.0,1786261.05,2875.541649372102,2380.448040858193,2945.7147930006277,2087.8106115348733
2024-10-30,2481.776604467718,2487.8913145923343,2458.870788970481,2479.786865234375,1200637,2632.9351318359377,2728.3859912109374,2454.465539550781,2609.788837758295,29.732148854330788,-79.54621505986961,-59.32641971213854,-20.219795347731072,2852.1509493949334,2632.9351318359377,2413.719314276942,0.16651820617102495,60.22028120774569,0.024284458496014343,38.50864693024058,11.54365087253108,34.84251213148018,-28626476.0,1789658.65,2837.106731735907,2380.448040858193,2945.7147930006277,2087.8106115348733
2024-10-31,2479.7870359976687,2488.0855548126483,2449.8447403470686,2453.87255859375,1901355,2615.2171630859375,2723.2817041015624,2454.3436181640627,2594.9396683140526,27.888718436513685,-81.7920511944526,-63.81954600860136,-17.97250518585124,2832.165904238022,2615.2171630859375,2398.268421933853,0.16591260122817986,58.650319297590976,0.023901126850369905,39.43196835990653,11.006035225179293,34.319069384290685,-30527831.0,1790458.4,2828.27453567217,2380.448040858193,2945.7147930006277,2087.8106115348733
2024-11-01,2469.1107892962864,2471.0519523196854,2437.4699741899085,2462.8505859375,118532,2600.1124877929688,2718.3259228515626,2454.2593774414063,2582.359755706762,29.51913173949073,-81.90331035857616,-67.43629887859632,-14.467011479979845,2815.3185182725865,2600.1124877929688,2384.906457313351,0.16553593853340495,56.85972349988997,0.02308695615745035,40.40926031978494,10.54172912051474,34.425816270673074,-30409299.0,1823853.8,2801.0982750877915,2380.448040858193,2945.7147930006277,2087.8106115348733
2024-11-04,2472.0707851149646,2472.0707851149646,2429.850494909821,2450.52392578125,1097260,2585.1364135742188,2712.681015625,2454.1247985839846,2569.803962380523,28.564214009753258,-82.04043147844686,-70.35712539856644,-11.683306079880424,2798.199492717556,2585.1364135742188,2372.0733344308815,0.16483701055354022,55.814049693122364,0.022776374107560823,41.3917955138173,9.97214024820537,33.540836811084695,-31506559.0,1706956.1,2801.0982750877915,2380.448040858193,2945.7147930006277,2087.8106115348733
2024-11-05,2445.865157420273,2455.813616889939,2433.247599068502,2447.175537109375,702046,2570.7014282226564,2706.8614111328125,2454.1714892578125,2558.125064735652,28.296439462313913,-81.48003679144722,-72.58170767714259,-8.89832911430463,2780.0446921805033,2570.7014282226564,2361.3581642648096,0.16286859427513023,53.43919027371627,0.02183708911083637,42.30414962256163,9.67135578458519,32.52916204934939,-32208605.0,1697770.35,2742.7174325285027,2380.448040858193,2945.7147930006277,2087.8106115348733
2024-11-06,2469.6112066402106,2476.386285924596,2449.77738556988,2455.3740234375,1219166,2559.095568847656,2702.258857421875,2454.2216833496095,2548.339251278685,30.02611832493743,-79.45842339179444,-73.95705082007296,-5.501372571721475,2766.984793356228,2559.095568847656,2351.2063443390844,0.1624708565316948,51.70858731239518,0.021059352595090036,42.42927650558948,12.12295100749607,31.216584844809198,-30989439.0,1644798.25,2722.1897566323278,2380.448040858193,2945.7147930006277,2087.8106115348733
2024-11-07,2455.374054274254,2464.407253718044,2421.401332931118,2430.630859375,1322446,2546.9440795898436,2697.2109375,2454.0078247070314,2537.128928240239,27.843141000123012,-78.94284280854163,-74.9542092177667,-3.988633590774924,2755.0375679664517,2546.9440795898436,2338.8505912132355,0.16340640538140058,51.08696827486169,0.02101798719366129,42.90013420233145,11.393999842260806,33.30700792877446,-32311885.0,1631942.45,2722.1897566323278,2380.448040858193,2945.7147930006277,2087.8106115348733
2024-11-08,2438.927788649835,2469.6605169147483,2422.579669604473,2462.247314453125,1700877,2534.99033203125,2692.3896435546876,2453.9717529296877,2529.9973459747994,34.405501323141806,-75.11715399425066,-74.98679817306349,-0.13035582118716604,2733.4834430507285,2534.99033203125,2336.4972210117717,0.15660265722625366,50.800816777391226,0.02063189041945378,43.152278626001625,11.37837460536036,31.10214721121067,-30611008.0,1594810.85,2722.1897566323278,2380.448040858193,2945.7147930006277,2087.8106115348733
2024-11-11,2463.5237739285594,2469.316739128912,2430.189173754933,2445.899169921875,1175577,2521.9328491210936,2687.382119140625,2453.883739013672,2521.987995874521,32.74707949728548,-72.56790899985708,-74.50302033842222,1.935111338565136,2707.3624732375924,2521.9328491210936,2336.5032250045947,0.14705357772005867,49.96701310571893,0.020428893275807006,43.38641273369536,10.741943161395374,29.362497643800822,-31786585.0,1645889.35,2716.9487533001934,2380.448040858193,2945.7147930006277,2087.8106115348733
2024-11-12,2449.7775706822567,2451.692178555918,2411.484454346943,2416.884765625,1624222,2507.7958984375,2681.579814453125,2453.722263183594,2511.9781644221857,29.98462222684209,-72.05819193676598,-74.01405465809097,1.9558627213249906,2679.4843914629732,2507.7958984375,2336.1074054120268,0.13692381675274687,49.26992104166578,0.020385713767749582,43.860159256636244,10.115787314219482,30.36263368575253,-33410807.0,1660967.7,2715.2502127006615,2380.448040858193,2945.7147930006277,2087.8106115348733
2024-11-13,2417.4740174733843,2427.980029788182,2405.985890652603,2420.272216796875,1262017,2493.838024902344,2675.7433447265626,2453.4940979003904,2503.2442646483464,30.719437992895507,-70.56744095981549,-73.32473191843587,2.7572909586203878,2645.1160036380475,2493.838024902344,2342.5600461666404,0.12132141480329495,47.32165090551674,0.019552201846181123,44.374208749730464,9.77995789787791,30.184606415968958,-32148790.0,1688045.5,2700.1575638443824,2380.448040858193,2945.7147930006277,2087.8106115348733
2024-11-14,2415.804451248359,2420.026560463074,2340.4947086024417,2345.89501953125,2443393,2478.2286376953125,2667.5079541015625,2453.806480712891,2488.258622256242,24.611726005042257,-74.52851002231318,-73.56548753921133,-0.9630224831018523,2622.771277422819,2478.2286376953125,2333.685997967806,0.11664996322690167,49.639926426153636,0.021160335826141335,45.586906712224724,8.657271947976193,36.14332584874656,-34592183.0,1692606.5,2659.3932129429836,2340.4947086024417,2945.7147930006277,2087.8106115348733
2024-11-18,2357.62859793872,2381.0464079817834,2332.6890737165863,2378.984375,1374215,2465.3195068359373,2659.9887060546876,2453.9666296386717,2477.8515510889806,31.16843776871562,-74.14297725585357,-73.68098548253978,-0.46199177331378394,2596.253065143455,2465.3195068359373,2334.3859485284197,0.10622035638338946,49.54831270037103,0.020827506570055145,46.785557059625006,8.053759118639851,34.748970452072136,-33217968.0,1746364.05,2657.451866034502,2332.6890737165863,2945.7147930006277,2087.8106115348733
2024-11-19,2387.8210740176746,2395.970682267616,2361.507022871615,2366.661865234375,1133370,2452.937121582031,2652.21330078125,2454.129326171875,2467.262057198066,30.117921375955888,-73.97897968786947,-73.74058432360573,-0.23839536426373797,2571.416491427966,2452.937121582031,2334.4577517360963,0.09660204397699447,48.47083746434462,0.020480677098984084,47.30302721330018,9.844033555532954,32.98417338959268,-34351338.0,1758210.95,2630.2758533291735,2332.6890737165863,2945.7147930006277,2087.8106115348733
2024-11-21,2380.800928160588,2380.800928160588,2333.0328148891485,2339.611328125,1291829,2439.7772705078123,2642.2886279296877,2454.07939453125,2455.1048449053933,27.895230066375802,-75.16530387338389,-74.02552823356137,-1.139775639822517,2546.645902258928,2439.7772705078123,2332.9086387566967,0.08760523597211156,48.42064287913709,0.020696020017112043,48.0969214760091,9.150364076141855,34.8603346298991,-35643167.0,1775262.2,2613.8245078342925,2332.6890737165863,2945.7147930006277,2087.8106115348733
2024-11-22,2347.613353088314,2407.6551370493976,2334.7509378705845,2400.92919921875,1696471,2430.770361328125,2634.0406640625,2454.2675634765624,2449.9452596019037,38.90236766721821,-70.34672138021506,-73.28976686289212,2.9430454826770642,2516.826518353829,2430.770361328125,2344.714204302421,0.07080566588666544,50.16946832911395,0.020895854965418736,47.83416751881452,12.023940078973759,31.241934743130578,-33946696.0,1776241.0,2569.128970586372,2332.6890737165863,2945.7147930006277,2087.8106115348733
2024-11-25,2425.2306264341637,2460.2835069783887,2413.0554754508216,2426.654296875,4368045,2430.5328979492188,2626.1994677734374,2454.4742993164064,2447.727072675532,42.84443102411199,-63.717662105237196,-71.37534591136114,7.657683806123941,2516.6069638151016,2430.5328979492188,2344.458832083336,0.07082732016382788,50.82552828843714,0.020944692597494957,45.96868442188609,18.417190122185367,28.635899839867516,-29578651.0,1789466.45,2513.417998144498,2332.6890737165863,2945.7147930006277,2087.8106115348733
2024-11-26,2441.186181184411,2449.7284438602323,2415.80462213737,2434.263916015625,982442,2429.5621704101563,2617.4962109375,2454.7572912597657,2446.44486727935,43.99552952123859,-57.19079234746732,-68.53843519858238,11.347642851115054,2515.0058137932074,2429.5621704101563,2344.1185270271053,0.07033665935671572,49.618263533753215,0.020383272005677928,44.2364501175954,17.517778393742642,27.237452845531344,-28596209.0,1547055.35,2513.417998144498,2332.6890737165863,2945.7147930006277,2087.8106115348733
2024-11-27,2430.2871904428803,2447.7646089278323,2413.4481343744396,2441.82421875,948232,2426.6521850585937,2609.3993603515623,2455.179011230469,2446.00480551465,45.17687965136158,-50.822299956187635,-64.99520815010342,14.172908193915788,2506.0489350392277,2426.6521850585937,2347.2554350779596,0.06543727236189549,48.52527860658461,0.01987255193636555,42.67322022407468,16.632895866321636,26.208468422724017,-27647977.0,1458119.15,2509.632330583052,2332.6890737165863,2945.7147930006277,2087.8106115348733
2024-11-28,2440.9404425567004,2493.1269856575846,2408.7349052669156,2417.57177734375,2540530,2423.8956909179688,2602.095712890625,2455.638551025391,2443.2968980698024,42.10838425042584,-47.18823657142502,-61.43381383436774,14.245577262942717,2500.4844028616862,2423.8956909179688,2347.3069789742513,0.06319472593699947,51.08719301973349,0.02113161375331091,39.96557800971795,21.01273691108626,23.116014349446246,-30188507.0,1462889.3,2493.1269856575846,2332.6890737165863,2945.7147930006277,2087.8106115348733
2024-11-29,2410.600728530422,2462.050868133835,2410.600728530422,2450.906494140625,1795164,2422.4516723632814,2595.3345263671877,2456.231843261719,2444.0216215051187,47.39704131588486,-41.144098544621556,-57.37587077641851,16.231772231796953,2495.790898318467,2422.4516723632814,2349.112446408096,0.060549588494896785,51.11311777571059,0.020854780832278413,37.45133881067242,19.501930663280604,21.45398340834201,-28393343.0,1505133.1,2493.1269856575846,2332.6890737165863,2945.7147930006277,2087.8106115348733
2024-12-02,2439.9589072851527,2445.359218749969,2415.9521160801214,2434.21484375,1006993,2421.468786621094,2588.19388671875,2456.746003417969,2443.087642671298,45.1717647865355,-37.27131181923187,-53.35495898498119,16.08364716574932,2493.6144575105523,2421.468786621094,2349.3231157316354,0.059588355041429335,49.958922081767234,0.02052362888593828,35.11668812584442,18.52730444050625,20.38180162420173,-29400336.0,1534859.45,2493.1269856575846,2332.6890737165863,2945.7147930006277,2087.8106115348733
2024-12-03,2435.0494613734018,2446.291879693493,2421.3032144140357,2437.847900390625,1641588,2420.21865234375,2580.429033203125,2457.3186975097656,2442.588619596948,45.76858192771251,-33.52251642693409,-49.388470473371775,15.865954046437686,2490.289408696788,2420.21865234375,2350.1478959907117,0.057904484196236866,48.17533231017365,0.01976141838153822,32.92128067249999,17.979148217462924,19.626652235268633,-27758748.0,1490141.35,2493.1269856575846,2332.6890737165863,2945.7147930006277,2087.8106115348733
2024-12-04,2436.12953900783,2447.8137526509245,2412.024465943355,2419.830322265625,1321495,2418.683972167969,2571.0255712890626,2457.7671826171877,2440.4211627082504,43.25396478663015,-31.640702720126228,-45.83891692272267,14.19821420259644,2487.3632133063556,2418.683972167969,2350.004731029582,0.056790586888312324,47.290614767130485,0.019542946599186962,31.141569612895523,17.00725363771354,19.96717731199812,-29080243.0,1566294.15,2493.1269856575846,2332.6890737165863,2945.7147930006277,2087.8106115348733
2024-12-05,2420.910398823739,2469.414913971408,2405.642199026858,2449.384765625,2071795,2418.79443359375,2561.2241748046877,2458.548474121094,2441.2748391765126,48.27418545052639,-27.448150029769295,-42.160763544131996,14.712613514362701,2487.663463248992,2418.79443359375,2349.925403938508,0.05694492156815399,48.467907636946165,0.019787788475355686,29.01485990435993,18.592275041208985,18.09058784862492,-27008448.0,1577505.9,2493.1269856575846,2332.6890737165863,2945.7147930006277,2087.8106115348733
2024-12-06,2449.777711921342,2450.5632597319986,2430.1402152325936,2438.78076171875,1308086,2417.9647705078123,2552.7248046875,2459.2366149902346,2441.0373079900587,46.67854025710799,-24.696490540902687,-38.66790894348613,13.971418402583446,2485.4367444382265,2417.9647705078123,2350.492796577398,0.055808897427603074,46.4647031271218,0.019052431385581145,27.04005803214831,18.008558746970163,17.52262234272551,-28316534.0,1645993.35,2493.1269856575846,2332.6890737165863,2945.7147930006277,2087.8106115348733
2024-12-09,2420.3212934353196,2432.054648922866,2340.1021731538126,2357.23583984375,3385021,2414.29501953125,2542.6256005859377,2459.5461071777345,2433.0562157856484,36.6469291488341,-28.764198492179275,-36.68716685322476,7.922968361045484,2486.434562221985,2414.29501953125,2342.1554768405153,0.059760337578579,50.19426637268006,0.02129369727214363,27.150773054099375,15.47972814018112,27.87482431554032,-31701555.0,1650439.35,2493.1269856575846,2332.6890737165863,2945.7147930006277,2087.8106115348733
2024-12-10,2365.0418405006158,2369.2639501866993,2345.0116899782884,2353.897705078125,2063838,2408.8775390625,2531.738486328125,2460.0172143554687,2425.5173100039797,36.30298542344978,-31.889641985255366,-35.72766187963088,3.8380198943755133,2482.064968598495,2408.8775390625,2335.6901095265052,0.06076475731886174,48.34126593237512,0.020536689350640534,27.253579860196794,14.925013671865806,26.875932848613253,-33765393.0,1753568.1,2493.1269856575846,2332.6890737165863,2945.7147930006277,2087.8106115348733
2024-12-11,2361.4086980082207,2365.6799489199275,2341.77120363809,2357.824951171875,1718225,2404.473828125,2521.3152392578127,2460.3906896972658,2419.0704186866365,37.05150657450205,-33.6616519625486,-35.31445989621443,1.6528079336658266,2478.810779083258,2404.473828125,2330.1368771667426,0.06183219803746026,46.59608588590815,0.01976231775083608,27.411197275313953,14.378005203198791,26.387661918596073,-32047168.0,1771716.15,2493.1269856575846,2332.6890737165863,2945.7147930006277,2087.8106115348733
2024-12-12,2341.8202926979993,2356.450129788821,2295.623040287186,2302.447021484375,3231056,2398.7519409179686,2509.9387548828126,2460.4300842285156,2407.963428476897,31.44086234907556,-39.083982923105395,-36.068364501592626,-3.0156184215127695,2485.042785656338,2398.7519409179686,2312.4610961795993,0.07194645120774514,47.71078767153535,0.020721774367158496,28.350907789231503,13.0390756085724,30.839265730842733,-35278224.0,1798848.55,2493.1269856575846,2295.623040287186,2945.7147930006277,2087.8106115348733
2024-12-13,2302.447261734775,2351.1483476463695,2291.155701547438,2346.779052734375,2260902,2395.077282714844,2500.1195849609376,2460.6096740722655,2402.1363450728477,39.357641678045475,-39.35038807256569,-36.72476921578724,-2.625618856778452,2483.6194150613724,2395.077282714844,2306.5351503683155,0.0739367643670897,48.58806327349221,0.020704149040737047,29.292055407629476,11.88910379048088,28.776155713372077,-33017322.0,1879190.25,2493.1269856575846,2291.155701547438,2945.7147930006277,2087.8106115348733
2024-12-16,2346.975359470951,2349.626373461965,2320.170129749529,2323.262939453125,1247552,2393.9456787109375,2490.420205078125,2460.657265625,2394.624592156684,36.92206518241792,-40.986601849449926,-37.57713574251978,-3.4094661069301466,2485.500405881269,2393.9456787109375,2302.390951540606,0.076488558603912,47.221504733416765,0.0203255102689893,30.16597819614188,11.359368842764171,27.493995542938034,-34264874.0,1929134.5,2493.1269856575846,2291.155701547438,2945.7147930006277,2087.8106115348733
2024-12-17,2310.6950631027157,2336.861929579234,2310.6950631027157,2320.41552734375,2131569,2391.017236328125,2481.5296337890627,2460.781934814453,2387.5570621745,36.62651058482858,-42.02859592440109,-38.467427778896045,-3.561168145505043,2487.891038144437,2391.017236328125,2294.1434345118128,0.08103145418146868,45.71760200078117,0.019702334113026514,31.137058222391797,10.89496645762805,27.85033680885539,-36396443.0,1869342.45,2493.1269856575846,2291.155701547438,2945.7147930006277,2087.8106115348733
2024-12-18,2307.454906369584,2339.8076328717684,2307.454906369584,2316.43896484375,988403,2388.5060913085936,2472.8575048828125,2460.8578845214843,2380.783910047762,36.19080597160473,-42.68323335150626,-39.310588893418085,-3.3726444580881747,2490.2560641656232,2388.5060913085936,2286.756118451564,0.08519967625561616,44.76296803659569,0.019324043808603034,32.09451457992037,10.332508749018265,26.929584228626712,-37384846.0,1907210.15,2493.1269856575846,2291.155701547438,2945.7147930006277,2087.8106115348733
2024-12-19,2304.459962428923,2343.685809457716,2293.659340534284,2317.0771484375,1655915,2387.3793823242186,2464.48154296875,2460.888243408203,2374.7165994182133,36.3217272970326,-42.658798076357925,-39.980230730006056,-2.678567346351869,2491.735782637974,2387.3793823242186,2283.0229820104632,0.08742339075757603,45.13893238565541,0.019480979481453366,33.22053466448274,9.514559585473908,26.98079845179622,-35728931.0,1899961.8,2493.1269856575846,2291.155701547438,2945.7147930006277,2087.8106115348733
2024-12-20,2309.467724557705,2330.479748587135,2282.515070557055,2291.597412109375,2069691,2381.91279296875,2456.5636669921873,2460.7861584472657,2366.800486341181,33.37722848409817,-44.1860850399371,-40.82140159199227,-3.3646834479448273,2494.023637875886,2381.91279296875,2269.8019480616144,0.09413513814450267,45.340771360257165,0.019785661792365957,34.4503465408705,8.79561853178514,26.697706801577407,-37798622.0,1918166.1,2493.1269856575846,2282.515070557055,2945.7147930006277,2087.8106115348733
2024-12-23,2294.641369734494,2309.124022795506,2273.285593186901,2296.5068359375,1066199,2375.405419921875,2449.0205908203125,2460.6305212402344,2360.105852969402,34.479384657771405,-44.48749731240741,-41.5546207360753,-2.932876576332113,2491.4137514969525,2375.405419921875,2259.3970883467973,0.09767455323806831,44.662032663710555,0.019447811765593213,35.74189383449867,8.29148122573783,26.64356022100184,-36732423.0,1936827.1,2493.1269856575846,2273.285593186901,2945.7147930006277,2087.8106115348733
2024-12-24,2288.848234775878,2314.229552226785,2288.848234775878,2293.217529296875,683646,2368.3531005859377,2440.85849609375,2460.5028942871095,2353.7355364291616,34.07267434596686,-44.47906133410834,-42.13950885568191,-2.3395524784264268,2486.3238491779625,2368.3531005859377,2250.382351993913,0.09962260151397064,43.28483871993886,0.01887515604906895,36.67368121635808,8.786712738127124,25.527615766958274,-37416069.0,1771734.8,2493.1269856575846,2273.285593186901,2945.7147930006277,2087.8106115348733
2024-12-26,2289.9773243568984,2299.403417590653,2282.564122249837,2290.46826171875,1033769,2360.785302734375,2432.526884765625,2460.3740173339843,2347.7100816948364,33.714707826002225,-44.18488285211106,-42.54858365496774,-1.636299197143316,2478.35068816007,2360.785302734375,2243.2199173086797,0.09959854061233384,41.3958713357158,0.018073104101714404,37.654213345015386,8.53140423565029,25.87020374726891,-38449838.0,1756795.0,2493.1269856575846,2273.285593186901,2945.7147930006277,2087.8106115348733
2024-12-27,2300.5324897599107,2303.134361905232,2286.049837508968,2298.814208984375,556816,2354.8474243164064,2424.510693359375,2460.227755126953,2343.0533319128876,35.915761946875875,-42.7850961358854,-42.59588615115128,-0.18920998473411998,2472.3366953255836,2354.8474243164064,2237.3581533072293,0.09978503897617348,39.65934655432639,0.017252088663506235,38.35248204513199,8.940854551565991,25.074174265738712,-37893022.0,1761071.85,2469.414913971408,2273.285593186901,2945.7147930006277,2087.8106115348733
2024-12-30,2299.05968803339,2316.389681190017,2282.8587549338595,2301.0234375,924180,2347.353271484375,2416.542568359375,2460.1989929199217,2339.050484825946,36.51669043563083,-41.02458294516464,-42.28162550995395,1.2570425647893089,2458.3172964107093,2347.353271484375,2236.3892465580407,0.09454394979598874,39.221602247314344,0.017045285853292985,38.26085378014674,10.808879049492814,23.543020440760426,-36968842.0,1661886.15,2469.414913971408,2273.285593186901,2945.7147930006277,2087.8106115348733
2024-12-31,2297.5870951983143,2310.00771587375,2281.1406918459334,2284.675537109375,1878762,2339.8763061523437,2409.074423828125,2460.083924560547,2333.871918376749,33.97764284361216,-40.48185289305229,-41.92167098657362,1.4398180935213318,2446.4882563058413,2339.8763061523437,2233.264355998846,0.0911261419017561,38.481989517350215,0.016843524996130753,38.21943326740851,10.229720971446993,22.600444753634225,-38847604.0,1618336.95,2469.414913971408,2273.285593186901,2945.7147930006277,2087.8106115348733
2025-01-01,2282.8588155253287,2294.7884979654154,2278.1949104183414,2280.011474609375,559893,2331.984484863281,2401.9313134765625,2459.855421142578,2328.742352303666,33.266953946719966,-39.96736734916885,-41.530810259092675,1.5634429099238218,2431.5538451008224,2331.984484863281,2232.4151246257397,0.085394530610163,36.918532233759066,0.016192257207865223,38.2594043501814,9.901299443884929,22.444804152180637,-39407497.0,1661925.4,2469.414913971408,2273.285593186901,2945.7147930006277,2087.8106115348733
2025-01-02,2287.767981935654,2336.517963432763,2273.5307992154535,2327.04296875,1650744,2327.3451171875,2396.1859814453123,2460.0048168945314,2328.5805062509357,45.61908503141188,-35.35701170842185,-40.29605054895851,4.939038840536661,2418.391633073088,2327.3451171875,2236.2986013019117,0.07824066591001692,38.780577375441226,0.016665174599793785,36.19644489315158,16.43861420463805,19.840896547180797,-37756753.0,1607840.65,2469.414913971408,2273.285593186901,2945.7147930006277,2087.8106115348733
2025-01-03,2338.678339641274,2370.834735922727,2321.9373281379058,2362.635986328125,1274239,2323.007678222656,2391.3825341796874,2460.388410644531,2331.8238853059065,52.74740696476424,-28.502651764756138,-37.93737079211804,9.4347190273619,2397.0655507184283,2323.007678222656,2248.949805726884,0.06376033380348899,39.50320811896836,0.01671997224606826,34.175400089059444,21.190256543046782,18.086665768971994,-36482514.0,1624303.1,2450.5632597319986,2273.285593186901,2945.7147930006277,2087.8106115348733
2025-01-06,2374.1730256557257,2375.10575867804,2318.8442903999216,2333.130615234375,900419,2317.7251708984377,2386.423798828125,2460.9395153808596,2331.9483357752847,47.22152323669617,-25.16131500993606,-35.382159635681646,10.220844625745585,2369.809356045066,2317.7251708984377,2265.6409857518092,0.04494422876413656,40.70022670176478,0.01744446986208538,32.43512420038459,19.84752504221122,16.300816866819353,-37382933.0,1584425.3,2432.054648922866,2273.285593186901,2945.7147930006277,2087.8106115348733
2025-01-07,2334.063573808319,2358.708727057057,2332.1981075834215,2347.46630859375,922768,2317.2366943359375,2384.7450537109376,2461.456564941406,2333.426237948472,49.96425480379159,-21.11313187125279,-32.52835408279588,11.415222211543089,2367.995894163761,2317.2366943359375,2266.477494508114,0.04381011223574625,39.686683328326964,0.016906178028216846,30.819153732329372,18.900517597611593,15.523037526921701,-36460165.0,1564041.95,2375.10575867804,2273.285593186901,2945.7147930006277,2087.8106115348733
2025-01-08,2347.662453978323,2365.3361989267164,2325.0793354331527,2357.481201171875,953351,2317.415869140625,2382.8211083984374,2462.0568505859374,2335.7171868268915,51.84687705421242,-16.901964113958,-29.403076089028303,12.501111975070302,2368.7138815493354,2317.415869140625,2266.117856731915,0.04427173654224893,39.727410482986734,0.016851634050459755,29.01632714997141,17.532488486162933,15.679403858743637,-35506814.0,1440929.3,2375.10575867804,2273.285593186901,2945.7147930006277,2087.8106115348733
2025-01-09,2361.458055894267,2428.814523921439,2343.1459468882217,2391.2578125,2425267,2319.087512207031,2380.6457861328126,2462.9593896484375,2341.0067702243305,57.63625174323138,-10.715570647008462,-25.665575000624337,14.950004353615874,2377.2618729909236,2319.087512207031,2260.9131514231385,0.050170043586263056,43.00892237943178,0.017985899368360883,29.164026838083448,25.580401887314817,13.448583994607588,-33081547.0,1385404.95,2428.814523921439,2273.285593186901,2945.7147930006277,2087.8106115348733
2025-01-10,2391.257498926049,2411.4842132129756,2370.049149674973,2397.787109375,1651911,2323.8545166015624,2379.1474951171876,2464.053175048828,2346.4144215720135,58.67068024813087,-5.2257108222243005,-21.57760216494433,16.35189134272003,2390.7626854720866,2323.8545166015624,2256.9463477310383,0.05758378452053152,42.89650389075828,0.017890038578921026,29.301176548473197,23.81548020473971,12.5206979669926,-31429636.0,1420757.05,2428.814523921439,2273.285593186901,2945.7147930006277,2087.8106115348733
2025-01-13,2373.2405929574184,2415.903006147045,2365.3855943599074,2406.5751953125,2595013,2326.8443237304687,2377.68326171875,2465.311052246094,2352.1440190711073,60.08345086091602,-0.16394244229650212,-17.294870220414765,17.130927778118263,2402.3716865921033,2326.8443237304687,2251.316960868834,0.06491827759284458,43.44085445478537,0.018050902601921177,29.217884124353585,21.837262702359585,12.247489509786325,-28834623.0,1341799.8,2428.814523921439,2273.285593186901,2945.7147930006277,2087.8106115348733
2025-01-14,2420.3212661598373,2423.2668904188554,2321.2501994677364,2325.0302734375,2052741,2326.9326904296877,2375.106416015625,2466.1592822265625,2349.5617575821925,44.78537212929994,-2.7013092179395244,-14.376158019919718,11.674848801980193,2402.4472201518784,2326.9326904296877,2251.418160707497,0.06490478219053795,47.624842775952054,0.02048353663177895,27.43339453423226,18.496021405241084,16.99304868878069,-30887364.0,1358505.35,2428.814523921439,2273.285593186901,2945.7147930006277,2087.8106115348733
2025-01-15,2330.8726051486196,2341.6732284736895,2307.5041755449906,2329.989013671875,1215150,2327.4113647460936,2372.4491845703124,2466.9640588378907,2347.697686733591,45.690924463289434,-4.262921468274726,-12.35351070959072,8.090589241315994,2402.8759340629144,2327.4113647460936,2251.9467954292727,0.0648485011802403,46.66371492971968,0.020027439896028277,25.60973060627228,17.528626234867158,18.208379660612817,-29672214.0,1398764.8,2428.814523921439,2273.285593186901,2945.7147930006277,2087.8106115348733
2025-01-16,2333.867188879549,2336.861954874067,2283.8898589241226,2302.496337890625,2762596,2326.7142333984375,2369.4886328125,2467.7109130859376,2343.392796367594,41.61573922971667,-7.630974473528113,-11.409003462378198,3.7780289888500853,2402.826192080553,2326.7142333984375,2250.602274716322,0.06542441490199262,47.11431357402146,0.02046227513967908,24.60460556892181,16.120913194047098,20.326170445325555,-32434810.0,1352943.85,2428.814523921439,2273.285593186901,2945.7147930006277,2087.8106115348733
2025-01-17,2307.405509073651,2336.1744852788183,2300.532386280666,2311.3330078125,1333005,2326.4270263671874,2366.7717822265627,2468.5033935546876,2340.339483171871,43.3642346079104,-9.477880230617302,-11.022778816026019,1.544898585408717,2402.7254014593814,2326.4270263671874,2250.1286512749934,0.06559275165517403,46.294869675745105,0.02002951090096691,23.671275177096373,15.234386106107026,19.208386329936722,-31101805.0,1441653.5,2428.814523921439,2273.285593186901,2945.7147930006277,2087.8106115348733
2025-01-20,2313.7387179443335,2325.079419305078,2293.315675101929,2302.692626953125,1382273,2326.981787109375,2363.718154296875,2469.134201660156,2336.754068293895,42.038534749932204,-11.506137285715795,-11.119450509963976,-0.3866867757518193,2402.415565624205,2326.981787109375,2251.548008594545,0.06483400852787542,45.256932141988216,0.019653918031548676,23.017195524431404,14.470649685024137,19.384430154535405,-32484078.0,1425508.0,2428.814523921439,2273.285593186901,2945.7147930006277,2087.8106115348733
2025-01-21,2310.8422527675875,2334.2109200503423,2290.173741080801,2298.077880859375,1842885,2327.060339355469,2361.0670947265626,2469.6383666992188,2333.07062187156,41.312110202407744,-13.332231392935682,-11.562006686558316,-1.7702247063773662,2402.3701852504055,2327.060339355469,2251.750493460532,0.06472530567539592,45.169806915384875,0.01965547264155097,22.051282502116255,14.906945367887728,18.034546747530268,-34326963.0,1391137.1,2428.814523921439,2273.5307992154535,2945.7147930006277,2087.8106115348733
2025-01-22,2300.0907444235577,2319.1881603751613,2289.928244871017,2300.4833984375,2658047,2327.4236328125,2357.83181640625,2470.150712890625,2329.967076782602,41.87593520015101,-14.41910450326668,-12.13342624989999,-2.28567825336669,2402.144744684276,2327.4236328125,2252.702520940724,0.06420929204150227,44.03338610029627,0.019140927567746834,21.162557465211172,14.19940437210168,17.218380817913893,-31668916.0,1429971.4,2428.814523921439,2273.5307992154535,2945.7147930006277,2087.8106115348733
2025-01-23,2273.0398957567777,2298.8632479151706,2212.9983546557087,2279.618408203125,3408925,2326.881140136719,2354.506201171875,2470.6620666503904,2325.171965489318,38.42742546828805,-16.770766651102804,-13.060894330140554,-3.7098723209622495,2402.8152917129137,2326.881140136719,2250.946988560524,0.065266893324627,47.137075934688774,0.02067761681738825,22.271672495157958,12.316998509539927,26.59322474634452,-35077841.0,1528691.45,2428.814523921439,2212.9983546557087,2945.7147930006277,2087.8106115348733
2025-01-24,2290.5664082907183,2337.6472505376432,2280.894846953598,2325.177490234375,1688664,2328.1993041992187,2352.6720556640626,2471.4024157714844,2325.172491655514,48.416383459457194,-14.787774420833557,-13.406270348279156,-1.3815040725544012,2403.046315558055,2328.1993041992187,2253.3522928403822,0.06429605165145427,47.91505924896231,0.02060705449377653,21.935601431204688,17.033170280543192,24.292763903821026,-33389177.0,1647449.25,2428.814523921439,2212.9983546557087,2945.7147930006277,2087.8106115348733
2025-01-27,2322.1336972511494,2366.023448998165,2318.353383718259,2349.47900390625,2477358,2330.6220825195314,2351.25619140625,2472.254660644531,2327.4873975841556,52.81373809103411,-11.12704409656044,-12.950425097935414,1.8233810013749743,2404.9285779822153,2330.6220825195314,2256.3155870568476,0.06376537493573771,47.89755967974399,0.020386459976918025,20.78974333575124,20.053973607475186,22.56580798124161,-30911819.0,1704041.65,2428.814523921439,2212.9983546557087,2945.7147930006277,2087.8106115348733
2025-01-28,2357.48119559763,2363.3724438998315,2336.321747502455,2345.551513671875,1892156,2333.665881347656,2351.2493212890627,2473.07765625,2329.20778959251,52.04159677889206,-8.445450680609156,-12.049430214470163,3.6039795338610077,2405.1274584265484,2333.665881347656,2262.2043042687637,0.061244051815698974,46.40849801671776,0.019785750918796474,19.725732247115896,19.219037312246606,21.62629282661538,-32803975.0,1781700.55,2428.814523921439,2212.9983546557087,2945.7147930006277,2087.8106115348733
2025-01-29,2341.9184361178313,2352.5718729143537,2321.151881289454,2340.740234375,699576,2336.7023193359373,2350.4844384765624,2473.8996655273436,2330.306117667033,51.05682893720366,-6.632048481758829,-10.965953867927897,4.333905386169068,2403.815115415668,2336.7023193359373,2269.5895232562066,0.057442315629492244,45.33789041730216,0.019369039653136827,19.12752489567322,18.267669725710252,22.945732694211642,-33503551.0,1782370.25,2428.814523921439,2212.9983546557087,2945.7147930006277,2087.8106115348733
2025-01-30,2340.7894200830306,2381.0462851096263,2340.7894200830306,2365.0908203125,1419960,2338.6047119140626,2350.453017578125,2474.859046630859,2333.6189464904105,55.632757277918365,-3.1932159892776326,-9.411406292197844,6.2181903029202115,2406.664772113457,2338.6047119140626,2270.5446517146684,0.05820569834026337,44.97847329711103,0.019017651631309453,17.785020680800763,21.620295107212133,21.477011265110534,-32083591.0,1789354.4,2428.814523921439,2212.9983546557087,2945.7147930006277,2087.8106115348733
2025-01-31,2357.9722699945264,2434.0675649870627,2357.9722699945264,2424.052490234375,2116148,2341.675537109375,2352.1418408203126,2476.2506909179688,2342.231664942217,64.32925412362643,4.240910954317769,-6.680942842894722,10.921853797212492,2418.741846601962,2341.675537109375,2264.609227616788,0.06582150965946358,47.20110341821284,0.019471980746443775,17.775916692406994,27.154253590787388,19.003855540495465,-29967443.0,1777815.2,2434.0675649870627,2212.9983546557087,2945.7147930006277,2087.8106115348733
2025-02-01,2430.139939176491,2554.838028984739,2391.0121355827387,2460.627197265625,2970999,2348.0503662109377,2353.33580078125,2478.0090405273436,2353.5074299253984,68.45925055912257,12.934680363282041,-2.7578182016593695,15.69249856494141,2440.74318485039,2348.0503662109377,2255.357547571485,0.07895300711886472,55.53144555991196,0.022568004459034407,19.52567626336428,36.966553204708944,14.999272988067947,-26996444.0,1819910.65,2554.838028984739,2212.9983546557087,2945.7147930006277,2087.8106115348733
2025-02-03,2459.5962149229367,2474.3243359703793,2372.7003007430244,2397.68896484375,2528480,2350.5614990234376,2352.756494140625,2479.3241357421875,2357.715195155718,56.365311705167684,14.577920700032792,0.7093295786790628,13.86859112135373,2445.7427227259323,2350.5614990234376,2255.380275320943,0.08098594632987784,58.82377339330073,0.02453352968454526,20.67749030709302,32.40487675462123,15.371931887867524,-29524924.0,1923439.65,2554.838028984739,2212.9983546557087,2945.7147930006277,2087.8106115348733
2025-02-04,2405.5932189981568,2405.5932189981568,2359.2979188534423,2393.85986328125,1992474,2352.3804321289062,2351.9484130859373,2480.6489221191405,2361.157544501007,55.72037560015078,15.393774164580464,3.646218495859343,11.74755566872112,2449.3938564002488,2352.3804321289062,2255.3670078575637,0.08248106721712974,57.92888244697314,0.024198944698279184,21.404171219823226,30.555079663357866,16.147007860154595,-31517398.0,2003725.25,2554.838028984739,2212.9983546557087,2945.7147930006277,2087.8106115348733
2025-02-05,2408.538762766955,2408.538762766955,2343.735029239593,2347.711669921875,1357416,2350.203125,2350.066162109375,2481.662225341797,2359.8769850172803,48.51548116893823,12.176210609110058,5.3522169185094866,6.823993690600571,2445.5693200101946,2350.203125,2254.8369299898054,0.08115570436933581,58.41994323842949,0.0248837810821861,21.682887293161365,28.134082494719454,16.77045269580182,-32874814.0,2055681.4,2554.838028984739,2212.9983546557087,2945.7147930006277,2087.8106115348733
2025-02-06,2356.499319499281,2365.2870502684787,2317.518941198998,2329.694091796875,1132113,2346.798474121094,2348.3086083984376,2482.5378601074217,2357.002423758194,46.01382119156779,8.07926756725601,5.897627048258792,2.1816405189972192,2439.962960568875,2346.798474121094,2253.6339876733127,0.07939709137800807,57.65909794064742,0.024749643373210173,21.302765095632935,26.46923319800742,19.025723088708983,-34006927.0,2002288.85,2554.838028984739,2212.9983546557087,2945.7147930006277,2087.8106115348733
2025-02-07,2336.8620652260356,2338.776673176707,2293.7578566318184,2321.0048828125,855602,2342.5199584960938,2345.710576171875,2483.267919921875,2353.5740865252706,44.81369422000897,4.084184210158128,5.53493848063866,-1.450754270480532,2432.101258679252,2342.5199584960938,2252.9386583129353,0.07648284904319017,56.756220698093216,0.024453296552016866,20.408393465791306,24.969569323824746,20.938154009008827,-34862529.0,1976298.95,2554.838028984739,2212.9983546557087,2945.7147930006277,2087.8106115348733
2025-02-10,2327.9268622556306,2354.535765162653,2309.418666146116,2318.648193359375,1326354,2342.2008544921873,2343.3992431640627,2483.9982104492187,2350.2478109856615,44.47488089016293,0.7195917180497418,4.571869128120877,-3.852277410071135,2432.074078816803,2342.2008544921873,2252.3276301675714,0.07674254251273535,55.924854863696375,0.02411959478107354,19.867568841918953,25.543495926005637,19.731600309213974,-36188883.0,1889328.4,2554.838028984739,2212.9983546557087,2945.7147930006277,2087.8106115348733
2025-02-11,2328.024914944897,2334.848896170445,2254.924391433907,2273.285400390625,1389260,2339.365673828125,2340.1079931640625,2484.6429846191404,2342.918057595658,38.44904367439861,-5.543369835588692,2.5488213353789635,-8.092191170967656,2434.049809798582,2339.365673828125,2244.6815378576684,0.08094855543940348,57.63911556889935,0.025354984270340653,18.67634865985936,23.01352840930946,24.530411288562494,-37578143.0,1853009.05,2554.838028984739,2212.9983546557087,2945.7147930006277,2087.8106115348733
2025-02-12,2283.5461040133705,2297.4886778004043,2263.319627586285,2290.222900390625,1341909,2338.752001953125,2337.5158447265626,2485.4118591308593,2337.899471195178,41.629088781554216,-9.03593663874608,0.2318697405539547,-9.267806379300033,2434.536719322456,2338.752001953125,2242.9672845837936,0.08191096558278951,55.96268232927219,0.024435474084084603,17.570215633661167,22.00986160966424,23.460590140145598,-36236234.0,1861714.55,2554.838028984739,2212.9983546557087,2945.7147930006277,2087.8106115348733
2025-02-13,2287.8665825033304,2303.0856420040236,2271.4201794945166,2279.42236328125,1334967,2337.1564697265626,2334.1165966796875,2486.1101489257812,2332.3302228224234,40.20271106817811,-12.530885822152868,-2.3206813719874098,-10.210204450165458,2435.7372495278455,2337.1564697265626,2238.5756899252797,0.08435958916590335,54.2271666278604,0.0237898721629632,16.420459339926698,21.829066584622034,22.48204735466074,-37571201.0,1790680.2,2554.838028984739,2212.9983546557087,2945.7147930006277,2087.8106115348733
2025-02-14,2279.9130925334366,2323.1155800749834,2271.4688740822953,2276.329345703125,1135380,2335.8383056640623,2330.867568359375,2486.772067871094,2326.9968059539187,39.782323846651146,-15.373028199177952,-4.931150737425519,-10.441877461752433,2436.900941845276,2335.8383056640623,2234.7756694828486,0.0865322192346549,54.042848011062375,0.02374122536928826,15.57906783205105,22.986341989138577,20.94738718278831,-38706581.0,1790778.3,2554.838028984739,2212.9983546557087,2945.7147930006277,2087.8106115348733
2025-02-17,2276.3294308235972,2293.659424337889,2258.311933209394,2287.178955078125,1409168,2335.293359375,2329.4664306640625,2487.508179931641,2323.2046296800336,42.07060587339219,-16.559090815660056,-7.256738753072426,-9.30235206258763,2437.2778930537274,2335.293359375,2233.3088256962724,0.08734194637201545,52.70746537659329,0.023044749191823918,14.492198867064282,21.88523811631867,21.726968406070434,-37297413.0,1778433.65,2554.838028984739,2212.9983546557087,2945.7147930006277,2087.8106115348733
2025-02-18,2287.17904363718,2296.1633418095184,2246.5295231516766,2254.384521484375,1035705,2332.988415527344,2327.4761669921877,2488.124775390625,2316.650333661399,37.43948478148885,-19.9157147384376,-9.788533950145462,-10.127180788292138,2439.9767110496687,2332.988415527344,2226.000120005019,0.09171781120751199,52.48791918239676,0.02328259384421104,13.70305272096077,20.407009606284483,21.86284810328118,-38333118.0,1756747.8,2554.838028984739,2212.9983546557087,2945.7147930006277,2087.8106115348733
2025-02-19,2257.084829242589,2263.9088115608124,2207.2546802120023,2209.611083984375,1521343,2329.4880493164064,2324.5118896484373,2488.3293469238283,2306.4561194064445,32.22402972183498,-25.890258811969943,-13.008878922510359,-12.881379889459584,2447.2683820367074,2329.4880493164064,2211.7077165961055,0.10112121653069986,52.785505765711996,0.023889048234917915,13.796860536543887,18.84253603415007,25.501378885088094,-39854461.0,1675630.7,2554.838028984739,2207.2546802120023,2945.7147930006277,2087.8106115348733
2025-02-20,2209.6109729078917,2213.587613824965,2186.1442608736543,2207.3037109375,2206196,2323.5943603515625,2322.6090234375,2487.9302722167968,2297.0130328855926,31.97681201847341,-30.46018767318401,-16.49914067264509,-13.961047000538919,2452.882220656951,2323.5943603515625,2194.306500046174,0.11128264253992015,50.97535199325476,0.02309394567710131,14.277773430022876,18.117952840420067,27.478803179610676,-42060657.0,1581251.6,2554.838028984739,2186.1442608736543,2945.7147930006277,2087.8106115348733
2025-02-21,2207.303428909442,2212.7037396655705,2186.045698194655,2201.019287109375,1781509,2316.1713745117186,2319.693828125,2487.6840869140624,2287.870771383096,31.273087293473694,-34.19481318124281,-20.038275174364635,-14.156538006878172,2455.332700708713,2316.1713745117186,2177.010048314724,0.1201649651043907,49.238401241659105,0.022370726840074396,14.726186419788915,17.417295969231937,26.43044198676503,-43842166.0,1607128.2,2554.838028984739,2186.045698194655,2945.7147930006277,2087.8106115348733
2025-02-24,2189.5805806766357,2210.1999493735907,2178.5836319813607,2200.822998046875,1627949,2308.934948730469,2317.245029296875,2487.5109350585935,2279.5805072558364,31.249954272592902,-36.74677573321196,-23.3799752861341,-13.36680044707786,2456.056743009077,2308.934948730469,2161.813154451861,0.1274369330842348,47.97968096669989,0.02180079043579586,15.289531712641734,16.597498406146492,26.29731030098936,-45470115.0,1572335.75,2554.838028984739,2178.5836319813607,2945.7147930006277,2087.8106115348733
2025-02-25,2202.345003448744,2228.4629669638985,2197.3864881550335,2218.349609375,1988040,2302.8154174804686,2315.2037109375,2487.2480712890624,2273.7489931719474,35.81535864073085,-36.929275680993214,-26.089835365105923,-10.839440315887291,2454.254689808095,2302.8154174804686,2151.376145152842,0.13152532432957004,46.772309383997396,0.021084282290912238,15.253011093105014,18.598850379433568,25.049276678009786,-43482075.0,1559125.4,2554.838028984739,2178.5836319813607,2945.7147930006277,2087.8106115348733
2025-02-27,2228.512025036238,2228.512025036238,2192.6246931729806,2204.259765625,1699658,2294.7738647460938,2312.960126953125,2486.9238903808596,2267.1309715008097,33.86824263982139,-37.77538966365955,-28.426946224816653,-9.3484434388429,2449.183013000188,2294.7738647460938,2140.3647164919994,0.13457460939941376,45.994810989658816,0.020866329688968108,15.326392312420548,17.56230004212351,24.392724033768403,-45181733.0,1623548.6,2554.838028984739,2178.5836319813607,2945.7147930006277,2087.8106115348733
2025-02-28,2204.3578059858905,2208.8253837386137,2146.230872669716,2150.551025390625,3683249,2281.0987915039063,2309.6296044921874,2486.3842712402343,2256.028119490316,27.68879043030728,-42.292268618477465,-31.20001070354882,-11.092257914928645,2435.7325763911704,2281.0987915039063,2126.4650066166423,0.13557833221709392,47.18050385246159,0.02193879768274354,16.32784662557086,15.898017590959785,29.104917724025643,-48864982.0,1637533.5,2554.838028984739,2146.230872669716,2945.7147930006277,2087.8106115348733
2025-03-03,2159.1427183773503,2159.1427183773503,2119.3767883663077,2137.394287109375,1306470,2264.937145996094,2306.5455419921873,2485.9052685546876,2244.72965926356,26.417242455286924,-46.398711097041996,-34.239750782247455,-12.158960314794541,2408.293064981207,2264.937145996094,2121.581227010981,0.12658710572921147,46.65089143521738,0.021826057885795294,17.705220700283743,14.93003814774601,31.444521323289887,-50171452.0,1715888.55,2474.3243359703793,2119.3767883663077,2945.7147930006277,2087.8106115348733
2025-03-04,2140.437783808497,2140.4869254884225,2097.284437084069,2118.24755859375,1800330,2250.9650756835936,2302.9803564453123,2485.2351330566407,2232.6837449140544,24.643608120043183,-50.614623449333976,-37.51472531566476,-13.099898133669214,2394.3143081258295,2250.9650756835936,2107.6158432413577,0.127366909412135,46.40457693301282,0.021907060270056265,19.319176906435658,13.937194580234399,32.75404972483111,-51971782.0,1632662.1,2408.538762766955,2097.284437084069,2945.7147930006277,2087.8106115348733
2025-03-05,2112.9943232761875,2152.1710273429244,2111.0305739051128,2131.10986328125,1145673,2237.8275756835938,2299.738203125,2484.73888671875,2223.010041901406,28.134266632366987,-52.31483106139376,-40.474746464810565,-11.840084596583196,2374.384879187523,2237.8275756835938,2101.2702721796645,0.12204452656475537,46.02856811192702,0.02159840227150808,20.418700996371854,14.860577143306685,30.662931545592883,-50826109.0,1596254.6,2408.538762766955,2097.284437084069,2945.7147930006277,2087.8106115348733
2025-03-06,2135.5776091481193,2189.3843940941274,2124.5315180663188,2178.73095703125,1856868,2229.3785400390625,2297.50345703125,2484.5271252441407,2218.7929861994867,39.33814120725616,-49.25188845190905,-42.230174862230264,-7.0217135896787894,2358.397653200208,2229.3785400390625,2100.359426877917,0.1157444649654561,47.373161534489995,0.021743465562650704,20.283150312748866,19.018424900230173,27.664580288463984,-48969241.0,1553914.55,2365.2870502684787,2097.284437084069,2945.7147930006277,2087.8106115348733
2025-03-07,2186.340470972133,2186.340470972133,2149.5201676266793,2164.592041015625,1738356,2221.1234375,2294.819013671875,2483.9745678710938,2213.630991420071,37.47032037390979,-47.41876274541755,-43.267892438867726,-4.150870306549827,2344.4123696691713,2221.1234375,2097.8345053308285,0.11101493063162673,46.61938594955884,0.021537262018059097,20.157281820813235,17.94550494319636,26.103889513588197,-50707597.0,1578887.15,2354.535765162653,2097.284437084069,2945.7147930006277,2087.8106115348733
2025-03-10,2167.9792709376043,2226.0570617705903,2154.87114820946,2207.0087890625,1242387,2215.4236328125,2292.938720703125,2483.5591174316405,2213.0003054812546,45.78668101348387,-42.05849617681588,-43.02601318645736,0.9675170096414831,2329.9434727445914,2215.4236328125,2100.903792880408,0.10338414580032954,48.37413792181394,0.021918416528990108,18.944038341155757,21.92371081915293,23.360054388997153,-49465210.0,1609199.3,2354.535765162653,2097.284437084069,2945.7147930006277,2087.8106115348733
2025-03-11,2199.399349846657,2221.44238913751,2171.170451941259,2176.76708984375,1325891,2208.3295776367186,2290.7805517578126,2483.057100830078,2209.5495230395877,41.54427882125013,-39.792001268132935,-42.37921080279248,2.587209534659543,2313.5973074762264,2208.3295776367186,2103.0618477972107,0.09533697406902635,48.50969501284514,0.022285202325586062,17.81745511004524,20.300843158932228,21.6308636912353,-50791101.0,1628538.55,2334.848896170445,2097.284437084069,2945.7147930006277,2087.8106115348733
2025-03-12,2177.160105947309,2189.5315841563634,2145.39636141498,2153.153076171875,1526212,2202.322961425781,2288.2433837890626,2482.3627612304685,2204.1784328617105,38.54133163035137,-39.44652627625874,-41.792673897485734,2.346147621226997,2305.7735035857627,2202.322961425781,2098.8724192657996,0.09394674983818702,48.19723270774071,0.02238448963110014,17.385598852070405,18.972992420384006,24.035752896873564,-52317313.0,1628515.4,2323.1155800749834,2097.284437084069,2945.7147930006277,2087.8106115348733
2025-03-13,2145.3964226012604,2169.894150742321,2125.2188476629813,2135.38134765625,1845629,2194.5808837890627,2284.4101513671876,2481.524532470703,2197.6263295088092,36.40837367999944,-40.144009668187664,-41.46294105162612,1.3189313834384535,2293.6425397689186,2194.5808837890627,2095.5192278092068,0.09027842784160281,47.94566630571207,0.02245297607302613,17.423592868707715,17.710217503910197,25.442027514618008,-54162942.0,1635363.0,2323.1155800749834,2097.284437084069,2945.7147930006277,2087.8106115348733
2025-03-17,2121.8312918285837,2155.656828338742,2117.412855542962,2131.8955078125,1111886,2187.204541015625,2279.795341796875,2480.7772521972656,2191.366251252018,35.987674366930264,-40.511062117568144,-41.272565264814524,0.7615031472463798,2281.7658750713913,2187.204541015625,2092.643206959859,0.08646775578826907,47.252688197859776,0.022164636130006632,17.6242327252816,16.686376922773295,25.151182389527744,-55274828.0,1660549.0,2323.1155800749834,2097.284437084069,2945.7147930006277,2087.8106115348733
2025-03-18,2131.8955078125,2131.8955078125,2131.8955078125,2131.8955078125,0,2179.9828491210938,2275.7706396484373,2480.1357067871095,2185.702370924445,35.987674366930264,-40.33697429736685,-41.08544707132499,0.7484727739581416,2268.0533108649943,2179.9828491210938,2091.912387377193,0.08079922443372249,43.87749618372693,0.020581447835006157,17.81054116352878,16.686376922773295,25.151182389527744,-55274828.0,1649394.95,2296.1633418095184,2097.284437084069,2945.7147930006277,2087.8106115348733
2025-03-19,2166.9975655294597,2172.7416286827006,2153.6931147712576,2160.173583984375,1341405,2173.6325805664064,2272.02478515625,2479.7429663085936,2183.2710578825336,42.26430690352675,-37.485099139084014,-40.3653774848768,2.8802783457927887,2246.949583775064,2173.6325805664064,2100.3155773577487,0.06746034620952614,43.66096937561791,0.020211787468989675,16.72844419810965,22.25368724758569,23.470491618599883,-53933423.0,1592625.95,2296.1633418095184,2097.284437084069,2945.7147930006277,2087.8106115348733
2025-03-20,2163.9536812276774,2208.1380452959766,2148.783764173998,2201.755859375,1426689,2171.0011474609373,2268.9102783203125,2479.4290942382813,2185.0315151675304,50.02435757641079,-31.50643880853795,-38.59358974960904,7.087150941071087,2235.821620835709,2171.0011474609373,2106.1806740861657,0.05971482184666871,44.78192021464368,0.020339185211640888,16.223563016939334,25.79272717677227,21.248494515871982,-52506734.0,1589237.8,2263.9088115608124,2097.284437084069,2945.7147930006277,2087.8106115348733
2025-03-21,2204.308858765917,2214.32393347734,2185.45691112403,2205.487060546875,2152415,2170.7949462890624,2265.19486328125,2478.459102783203,2186.9796623465154,50.66512336809316,-26.165609808689624,-36.107993761425156,9.942383952735533,2235.1473657730394,2170.7949462890624,2106.4425268050854,0.05928926598432188,43.64514179597698,0.019789343849133573,15.897281988714248,25.586567078952243,20.24465055830955,-50354319.0,1608787.0,2228.512025036238,2097.284437084069,2945.7147930006277,2087.8106115348733
2025-03-24,2209.4635575040347,2224.9280841258274,2200.3812164721885,2215.3056640625,1454404,2171.1950439453126,2261.545234375,2477.0265991210936,2189.677376795657,52.3948620669421,-20.89976561316098,-33.06634813177232,12.166582518611342,2236.5422428218817,2171.1950439453126,2105.8478450687435,0.060194683161974884,42.28097935723854,0.019085844469743422,15.841551802488125,26.31696134610657,19.40512621848383,-48899915.0,1640340.6,2228.512025036238,2097.284437084069,2945.7147930006277,2087.8106115348733
2025-03-25,2209.9547487462705,2250.4570850278583,2202.6889709722714,2230.13232421875,2229340,2172.6506958007812,2258.016376953125,2475.923670654297,2193.5302289311894,54.96275305754589,-15.35317672256815,-29.52371384993149,14.170537127363339,2241.778144884779,2172.6506958007812,2103.5232467167834,0.06363420426265924,42.67291754997771,0.01913470204729968,16.348909029575957,28.48593232921346,17.85354614031971,-46670575.0,1602751.0,2250.4570850278583,2097.284437084069,2945.7147930006277,2087.8106115348733
2025-03-26,2230.8193391946506,2238.576053510754,2197.239272084734,2205.241455078125,1416907,2172.871618652344,2255.6206005859376,2474.5607568359374,2194.645583802326,50.07893729872904,-12.818190067680462,-26.182609093481286,13.364419025800824,2242.384961145142,2172.871618652344,2103.3582761595458,0.06398292646107787,42.57747925540931,0.019307400174871515,16.637722395832377,26.51051383668543,17.52970249422887,-48087482.0,1625142.55,2250.4570850278583,2097.284437084069,2945.7147930006277,2087.8106115348733
2025-03-27,2203.5232921909783,2219.920552767721,2160.124475668381,2203.965087890625,3752627,2172.152392578125,2253.1001220703124,2473.251296386719,2195.5331556202595,49.834402706484155,-10.787831637153886,-23.103653602215807,12.315821965061922,2240.0475093226896,2172.152392578125,2104.25727583356,0.06251413756838688,43.80737910140436,0.019876621159789606,15.76959831437872,23.925781763429463,21.87220671284628,-51840109.0,1614590.45,2250.4570850278583,2097.284437084069,2945.7147930006277,2087.8106115348733
2025-03-28,2206.2724040098356,2254.3842632873084,2199.6938916027498,2217.90771484375,2280152,2172.8347900390627,2251.408349609375,2472.0548046875,2197.6640660224966,52.55953622497964,-7.961924373247712,-20.07530775642219,12.11338338317448,2242.2640161251375,2172.8347900390627,2103.405563952988,0.06390658544713985,44.584735714486804,0.020102159984428283,15.759778327683751,27.35081873470473,19.95579311216061,-49559957.0,1702819.8,2254.3842632873084,2097.284437084069,2945.7147930006277,2087.8106115348733
2025-04-01,2218.0551389367038,2243.240131281449,2179.7620223282347,2193.361083984375,2495962,2174.97529296875,2249.0489111328125,2470.868466796875,2197.254258209342,47.65167845961737,-7.615296079787186,-17.583305421095194,9.968009341308008,2244.163752548277,2174.97529296875,2105.7868333892234,0.0636222947480819,45.934262374395914,0.020942407846023012,15.190939076058912,24.651031563933607,21.08540573755784,-52055919.0,1731844.5,2254.3842632873084,2097.284437084069,2945.7147930006277,2087.8106115348733
2025-04-02,2203.0323238244255,2203.0323238244255,2150.3548394880845,2197.33740234375,1351493,2177.972448730469,2246.941806640625,2469.9005029296877,2197.262176698333,48.49075117702441,-6.9397380197206076,-15.454591940820277,8.51485392109967,2245.5642940611538,2177.972448730469,2110.380603399784,0.06206859537647864,46.41592108596342,0.02112371137744013,14.297481667672521,22.652711192846766,23.9015455920583,-50704426.0,1672480.15,2254.3842632873084,2097.284437084069,2945.7147930006277,2087.8106115348733
2025-04-03,2185.1130403837997,2212.0654534146915,2180.3510918370066,2203.866943359375,1310088,2182.25341796875,2245.057587890625,2468.885841064453,2197.8912020946227,49.91055788184048,-5.810494238995034,-13.52577240045523,7.715278161460196,2244.831714803831,2182.25341796875,2119.675121133669,0.05735199800335656,45.36580969251496,0.020584640932706868,13.313126106133328,22.943831448379367,22.708037806113243,-49394338.0,1674731.3,2254.3842632873084,2111.0305739051128,2945.7147930006277,2087.8106115348733
2025-04-04,2189.580618287982,2225.959124485599,2181.7256205542135,2203.866943359375,1120226,2185.8912719726563,2243.1252587890626,2467.839636230469,2198.4603203103134,49.91055788184048,-4.859542624591995,-11.792526445282585,6.932983820690589,2244.486524054307,2185.8912719726563,2127.2960198910055,0.05361222932993517,45.284930709577154,0.02054794226395034,12.74778575575294,23.534505783165198,21.123694809397342,-49394338.0,1650219.2,2254.3842632873084,2117.412855542962,2945.7147930006277,2087.8106115348733
2025-04-07,2111.0306546602815,2220.6079696442002,2111.0306546602815,2208.62890625,3435185,2187.3861694335938,2241.70546875,2466.959188232422,2199.428757066474,51.051737498520176,-3.6792439767386895,-10.169869951573807,6.490625974835117,2246.69561786579,2187.3861694335938,2128.0767210013973,0.05422860330835329,49.87724387203013,0.022582899160147277,13.047029361596708,19.84137017806513,27.93301084286188,-45959153.0,1648946.85,2254.3842632873084,2111.0306546602815,2945.7147930006277,2087.8106115348733
2025-04-08,2227.18636537145,2264.399319536186,2211.5255123036677,2247.756591796875,2774874,2191.544396972656,2240.15705078125,2466.1520849609374,2204.031407993179,59.264097671124446,0.4087169901536072,-8.054152563228325,8.462869553381932,2255.3679848494135,2191.544396972656,2127.720809095899,0.058245306793621505,50.29818454446983,0.022377060188826337,12.290359429285008,24.488759689581062,25.720724862558896,-43184279.0,1727862.7,2264.399319536186,2111.0306546602815,2945.7147930006277,2087.8106115348733
2025-04-09,2252.3716316716723,2311.480446220256,2248.002336789395,2307.40576171875,2989089,2196.564245605469,2239.3155859375,2465.8417114257813,2213.8765845384714,68.06143166844373,8.365216009377036,-4.770278848707253,13.13549485808429,2277.863670768877,2196.564245605469,2115.2648204420607,0.07402417236469083,51.25716096439206,0.022214194752730187,12.155050833343111,28.875038116296327,23.43669037565895,-40195190.0,1779688.6,2311.480446220256,2111.0306546602815,2945.7147930006277,2087.8106115348733
2025-04-11,2351.1974690128386,2351.442937710442,2301.858260794508,2323.262939453125,3836083,2203.8890380859375,2238.869814453125,2465.6062561035155,2224.2943326255813,69.92112567736146,15.768570262401227,-0.6625090264855573,16.431079288886785,2301.495966741964,2203.8890380859375,2106.282109429911,0.08857699001107366,51.13769781807361,0.022011153774144462,12.68769847174893,32.45708901934489,21.81348092654976,-36359107.0,1867023.7,2351.442937710442,2111.0306546602815,2945.7147930006277,2087.8106115348733
2025-04-15,2356.4994442091893,2356.4994442091893,2302.692658956642,2318.697265625,3042779,2212.1662475585936,2238.428955078125,2465.396501464844,2233.2850881493355,68.68111042501741,21.025006932898123,3.674994165391179,17.350012767506943,2318.8171828142636,2212.1662475585936,2105.5153123029236,0.09642217023550816,51.32834692053602,0.022136717751595127,13.261663150024805,30.73044499492465,20.18014051798026,-39401886.0,1992533.3,2356.4994442091893,2111.0306546602815,2945.7147930006277,2087.8106115348733
2025-04-16,2308.3874922964587,2332.934360568433,2308.3874922964587,2323.704833984375,1131979,2221.582421875,2237.6012353515625,2465.1467541503907,2241.8964925145774,69.32369218005601,25.303160695626048,8.000627471438154,17.302533224187894,2332.6173340317227,2221.582421875,2110.547509718277,0.09996020049799471,49.41538415992447,0.021265774997418087,13.794630351280976,29.640072897169645,19.464112417729346,-38269907.0,2068361.65,2356.4994442091893,2111.0306546602815,2945.7147930006277,2087.8106115348733
2025-04-17,2314.3769314844735,2336.763482680823,2300.630685801908,2331.952392578125,1962402,2231.5852661132812,2235.7592333984376,2464.8579309082033,2250.473244901582,70.40086230582196,29.024560361132444,12.205414049377012,16.819146311755432,2344.5280911267405,2231.5852661132812,2118.642441099822,0.10122205656086812,48.466627925566655,0.020783712429044764,14.082575567822193,28.061698575778795,19.57079529289991,-36307505.0,2032679.15,2356.4994442091893,2111.0306546602815,2945.7147930006277,2087.8106115348733
2025-04-21,2325.177604656988,2329.3994741521456,2306.2273747455256,2308.387451171875,1478430,2240.40986328125,2232.7144384765625,2464.3983862304685,2255.9888835939905,63.53607289387115,29.72959827336763,15.710250894175136,14.019347379192492,2348.283368857247,2240.40986328125,2132.5363577052535,0.09629800988110963,46.84222720464042,0.02029218586371214,14.349953268896181,26.96090960920137,18.803082837169782,-37785935.0,2075204.95,2356.4994442091893,2111.0306546602815,2945.7147930006277,2087.8106115348733
2025-04-22,2327.043143182113,2362.3906339646264,2312.413305383334,2355.222900390625,2352346,2250.1623291015626,2231.8651171875,2464.017482910156,2265.439742336527,69.83234876429185,33.67934075455378,19.304068866250866,14.375271888302912,2362.434700778319,2250.1623291015626,2137.889957424806,0.09979046420316186,47.353724032362635,0.020105835428361703,15.219543475761487,29.741111904384695,17.271409185802348,-35433589.0,2149126.45,2362.3906339646264,2111.0306546602815,2945.7147930006277,2087.8106115348733
2025-04-23,2366.3180012661305,2393.810492567148,2350.0187855371846,2379.867919921875,2226066,2259.0679321289062,2231.5852783203127,2463.85662109375,2276.3376640113224,72.52114618185125,38.35604265251095,23.114463623502886,15.241579029008065,2382.2909704640037,2259.0679321289062,2135.8448937938088,0.10909192820861678,47.09929424647696,0.019790717733622423,16.541002078022046,32.530919859836736,16.124372752060566,-33207523.0,2199673.5,2393.810492567148,2111.0306546602815,2945.7147930006277,2087.8106115348733
2025-04-24,2379.8682341199365,2442.31532877599,2275.102238880822,2283.153564453125,7065430,2262.9512573242187,2230.2941162109373,2463.089892578125,2276.986797386732,52.67860441058441,33.86791415736343,25.265153730274996,8.602760427088434,2384.0521982587807,2262.9512573242187,2141.8503163896567,0.10702920846625338,55.678851078526336,0.024386818278630713,15.848796991831538,25.552641083389574,22.276296279643436,-40272953.0,2239642.35,2442.31532877599,2111.0306546602815,2945.7147930006277,2097.284437084069
2025-04-25,2289.633612290894,2299.4523596993467,2252.8133095091957,2289.92822265625,2859858,2266.6823852539064,2229.498798828125,2462.4269213867187,2278.2193140790673,53.63557513293878,30.5060436071999,26.31333170565998,4.192711901539919,2386.270358951007,2266.6823852539064,2147.094411556806,0.10551806858789763,55.033151015070956,0.024032696951188325,14.744383535812817,24.005844953631403,23.820751907072935,-37413095.0,2485293.1,2442.31532877599,2111.0306546602815,2945.7147930006277,2097.284437084069
2025-04-28,2302.4961024476606,2306.423601129874,2273.0398623310593,2276.57470703125,1555660,2269.004504394531,2228.6101953125,2461.449440917969,2278.0626848364177,51.427911477655016,26.459214509695812,26.34250826646715,0.11670624322866274,2387.4616895605645,2269.004504394531,2150.5473192284976,0.10441335390618185,53.48676442819551,0.023494403352106338,13.860926481099222,23.866583913154557,22.758772544837232,-38968755.0,2555565.8,2442.31532877599,2111.0306546602815,2945.7147930006277,2097.284437084069
2025-04-29,2285.8042666616752,2290.22270274414,2270.6834923989963,2279.618408203125,1896387,2272.723352050781,2227.829599609375,2460.292333984375,2278.21084896658,51.91375000524288,23.22989477453939,25.7199855680816,-2.490090793542212,2387.5544066705347,2272.723352050781,2157.8922974310276,0.10105150238909306,51.06193913654894,0.022399336201534604,12.987807215716007,23.214247035370434,22.466338557130214,-37072368.0,2521881.8,2442.31532877599,2111.0306546602815,2945.7147930006277,2097.284437084069
2025-04-30,2277.949398128391,2309.8603271969996,2274.0218991661004,2299.64892578125,2083807,2277.5075439453126,2228.3568701171876,2459.220821533203,2280.2525705679773,55.09689478654761,22.032948865483377,24.98257822756196,-2.949629362078582,2388.386192308419,2277.5075439453126,2166.628895582206,0.09736841369230517,49.97454548614539,0.021731380353706708,12.604387078152438,24.831928186283406,21.315526607816732,-34988561.0,2545855.8,2442.31532877599,2111.0306546602815,2945.7147930006277,2097.284437084069
2025-05-02,2291.7937644248273,2302.4961024476606,2268.1304889782928,2276.57470703125,1424284,2280.4408935546876,2228.08390625,2457.935423583984,2279.9022978501935,50.91564378255346,19.003404576445973,23.786743497338765,-4.783338920892792,2387.9090405297834,2280.4408935546876,2172.972746579592,0.09425207842820031,48.85962177066128,0.021461901346684246,12.100207214043769,23.58438264542986,21.105917170582604,-36412845.0,2462414.8,2442.31532877599,2111.0306546602815,2945.7147930006277,2097.284437084069
2025-05-05,2281.9753174121656,2312.21686946445,2277.0659434146482,2306.03125,2074103,2286.0744018554688,2228.616083984375,2456.805072021484,2282.3907694835084,55.552908786162995,18.763076671414183,22.78201013215385,-4.018933460739667,2386.2584902767358,2286.0744018554688,2185.8903134342017,0.08764726847031193,47.915517532271195,0.020778347011676964,11.8554300364892,23.780379849489872,19.98450812334065,-34338742.0,2419621.4,2442.31532877599,2111.0306546602815,2945.7147930006277,2097.284437084069
2025-05-06,2297.7830679976596,2346.778758141565,2297.7830679976596,2338.629150390625,1888125,2293.1389892578127,2229.862080078125,2455.7726818847655,2287.7468057603764,60.050897653222705,20.961363652519594,22.417880836227,-1.4565171837074047,2387.0259814046967,2293.1389892578127,2199.2519971109286,0.08188513002194524,47.9926727188165,0.02052171149530066,12.362113906692432,27.19020504528371,18.52721011717816,-32450617.0,2398528.45,2442.31532877599,2111.0306546602815,2945.7147930006277,2097.284437084069
2025-05-07,2326.06119085797,2343.6366523024376,2312.609555257485,2327.82861328125,1610400,2299.3370727539063,2230.6750732421874,2454.695751953125,2291.5641207623644,57.95808911453718,21.583211020415547,22.25094687306471,-0.6677358526491624,2384.823192712002,2299.3370727539063,2213.850952795811,0.07435718840101085,46.78084588496906,0.020096344558213814,12.832606071881148,25.902081494084687,17.649491995883974,-34061017.0,2425360.05,2442.31532877599,2111.0306546602815,2945.7147930006277,2097.284437084069
2025-05-08,2318.8935932451186,2328.9086679425363,2298.5688334765755,2312.216796875,2323073,2304.7545654296873,2231.83171875,2453.2100378417967,2293.531042296901,54.97563992542066,20.57906379168253,21.916570256788276,-1.337506465105747,2378.2443479527483,2304.7545654296873,2231.2647829066264,0.06377232840787096,45.606487926468475,0.01972414004954311,12.841757807808145,24.671265283834995,19.009870987086128,-36384090.0,2440375.65,2442.31532877599,2111.0306546602815,2945.7147930006277,2097.284437084069
2025-05-09,2287.768137663965,2300.2378988832365,2260.57025538677,2290.615478515625,1805685,2308.853894042969,2233.451806640625,2451.373914794922,2293.2533695558272,51.060430706376515,17.83463741809055,21.100183689048734,-3.2655462709581826,2368.22968406024,2308.853894042969,2249.478104025698,0.0514331289393974,46.037920323737154,0.020098493507767115,12.031112724114484,22.69434601335926,23.38214202325987,-38189775.0,2500518.0,2442.31532877599,2211.5255123036677,2945.7147930006277,2097.284437084069
2025-05-12,2317.2244679630116,2343.7350868761478,2303.5765044828277,2339.316650390625,1274873,2313.4318969726564,2236.0920654296874,2449.83662109375,2297.640348682951,58.27520473202716,19.366195851394878,20.753386121517963,-1.3871902701230852,2367.1037875056663,2313.4318969726564,2259.7600064396465,0.046400233871802865,46.54375518350756,0.01989630398079523,12.052815450781615,27.519612067798125,21.47602437115769,-36914902.0,2419043.0,2442.31532877599,2248.002336789395,2945.7147930006277,2097.284437084069
2025-05-13,2332.5419526791165,2354.5358530852754,2310.155158509844,2317.224609375,1929665,2313.9228393554686,2238.416171875,2448.1485876464844,2299.505516367908,54.36026342531607,18.583109348020116,20.319330766818393,-1.7362214187982765,2367.5448666199068,2313.9228393554686,2260.3008120910304,0.04634729071551439,46.389250854359254,0.02001931563590261,12.293083009485057,27.302100352875147,20.008441655708577,-38844567.0,2344042.95,2442.31532877599,2252.8133095091957,2945.7147930006277,2097.284437084069
2025-05-14,2327.0432872078413,2327.0432872078413,2296.1142308588765,2307.896728515625,1568111,2313.1545288085936,2240.557646484375,2446.2632299804686,2300.3046794295956,52.748924532033186,17.01370225433766,19.65820506432225,-2.6445028099845906,2366.659443647946,2313.1545288085936,2259.6496139692413,0.0462614271316412,45.284951246831085,0.019621740733588675,12.129506806309385,25.970172231991217,21.247028054646332,-40412678.0,2291071.75,2442.31532877599,2252.8133095091957,2945.7147930006277,2097.284437084069
2025-05-15,2308.976625401022,2326.9447405218516,2297.586783068839,2312.51123046875,3236681,2312.8452270507814,2242.44087890625,2444.6401953125,2301.4672080999912,53.4835041194702,15.958329875156778,18.918230026489155,-2.959900151332377,2366.2898864839226,2312.8452270507814,2259.4005676176403,0.04621550876648239,44.14730883298691,0.019090635431871252,11.97761461764626,24.736589173705035,20.237794322462747,-37175997.0,2177673.15,2442.31532877599,2252.8133095091957,2945.7147930006277,2097.284437084069
2025-05-16,2317.2245472572163,2343.735167077532,2306.423924367458,2338.236572265625,1473000,2313.571813964844,2245.1204150390627,2443.1935888671874,2304.969052306242,57.454519706910474,17.001773882384896,18.534938797668303,-1.5331649152834075,2367.973815560035,2313.571813964844,2259.169812369653,0.04702858261569197,43.659018395636,0.01867177124568399,12.22919759196389,25.973593906016315,19.00241340325558,-35702997.0,2187368.25,2442.31532877599,2252.8133095091957,2945.7147930006277,2097.284437084069
2025-05-19,2331.95255175475,2361.408794513757,2331.95255175475,2339.512939453125,936655,2313.949841308594,2248.8996533203126,2441.734678955078,2308.2589463202303,57.647703516032905,17.727353049644535,18.373421648063548,-0.6460685984190135,2368.9591625474586,2313.949841308594,2258.9405200697292,0.04754581992819309,42.64453442159108,0.01822795407644101,12.853636867913595,27.65238592439641,18.06486283919765,-34766342.0,2204419.3,2442.31532877599,2252.8133095091957,2945.7147930006277,2097.284437084069
2025-05-20,2351.1972894631904,2351.1972894631904,2296.1140220411703,2298.6669921875,1617408,2313.463818359375,2252.125107421875,2440.068869628906,2307.3454268790183,49.84730172054231,14.83543947517228,17.665825213485295,-2.8303857383130158,2368.8317297212548,2313.463818359375,2258.0959069974956,0.047865811362586594,43.53301535019315,0.01893837406555591,12.362994090023442,25.15315999785788,22.3125114010656,-36383750.0,2153131.95,2442.31532877599,2252.8133095091957,2945.7147930006277,2097.284437084069
2025-05-21,2303.478005860862,2332.6396359970754,2302.496131178057,2321.053466796875,1570754,2311.7553466796876,2256.1812255859377,2438.6130224609374,2308.650954490243,53.55651005703401,14.186446022699329,16.969949375328103,-2.783503352628774,2363.87718924994,2311.7553466796876,2259.6335041094353,0.04509287078765795,42.85013166872046,0.018461501331916732,11.907397224839729,23.728728059953802,21.048946351694724,-34812996.0,2160080.85,2442.31532877599,2252.8133095091957,2945.7147930006277,2097.284437084069
2025-05-22,2312.3151721769136,2320.268454005645,2271.174713619723,2288.45556640625,2423653,2307.1847290039063,2259.3281396484376,2436.925031738281,2306.7275841965293,47.99065140090807,10.915904158146077,15.759140331891698,-4.8432361737456215,2349.773879201921,2307.1847290039063,2264.595578805892,0.03691871713835569,43.352176062179836,0.018943857463773844,11.473947710051359,21.77865397632267,24.479729079930863,-37236649.0,2121001.25,2442.31532877599,2252.8133095091957,2945.7147930006277,2097.284437084069
2025-05-23,2294.5431090059574,2321.642949192319,2287.3756147859463,2316.43896484375,844118,2308.8489990234375,2262.0822998046874,2435.3289147949217,2307.6524775915027,52.549509952374464,10.461409932690913,14.699594252051542,-4.238184319360629,2350.133201063201,2308.8489990234375,2267.564796983674,0.035761716818401866,42.703258801050765,0.018434873290059346,11.0318098115017,20.760252441849545,23.07659919156814,-36392531.0,2130880.6,2361.408794513757,2252.8133095091957,2945.7147930006277,2097.284437084069
2025-05-26,2325.07927344993,2353.8482499032,2321.250058032729,2350.706298828125,892618,2311.887902832031,2265.8045849609375,2434.015750732422,2311.7528415188003,57.46620610381622,12.719682866684252,14.303611974978084,-1.583929108293832,2356.0042620012664,2311.887902832031,2267.771543662796,0.038164790875191916,42.32511781950787,0.018005276899376074,10.745298876455912,24.884625180931295,21.619715090194582,-35499913.0,1819815.0,2361.408794513757,2260.57025538677,2945.7147930006277,2097.284437084069
2025-05-27,2350.706553150472,2365.8273291751543,2317.5191369873537,2337.058349609375,1865258,2314.9120849609376,2268.405576171875,2432.521032714844,2314.162889908379,55.02090598386188,13.255306078240665,14.093950795630601,-0.8386447173899363,2357.1847280627735,2314.9120849609376,2272.6394418591017,0.03652202895864983,42.75248027438592,0.01829328749174437,10.776266907201517,24.877569068064034,19.874771463666818,-37365171.0,1721453.0,2365.8273291751543,2260.57025538677,2945.7147930006277,2097.284437084069
2025-05-28,2344.716729896539,2344.716729896539,2309.3692415061387,2319.18798828125,897517,2316.8905639648438,2271.253994140625,2430.7712353515626,2314.641470705795,51.90638645672496,12.098340385014126,13.694828713507306,-1.5964883284931801,2355.9526527999737,2316.8905639648438,2277.8284751297138,0.033719407763726145,42.22355228267267,0.018206179273101763,10.553067592473427,23.389977535655497,20.0650279986837,-38262688.0,1736932.9,2365.8273291751543,2260.57025538677,2945.7147930006277,2097.284437084069
2025-05-29,2326.0613384377953,2332.9344618523432,2312.8060289954524,2323.802978515625,1111275,2318.0982666015625,2274.6669921875,2429.073629150391,2315.513995259112,52.65178589239322,11.42216032628221,13.240295036062289,-1.8181347097800789,2356.440333304627,2318.0982666015625,2279.756199898498,0.03308062238386105,40.6453294665454,0.017490867273312647,10.3458110859402,22.56260503144873,19.355268767964343,-37151413.0,1686989.4,2365.8273291751543,2260.57025538677,2945.7147930006277,2097.284437084069
2025-05-30,2317.224213784136,2331.8540504341177,2301.0232817809842,2305.736328125,3288892,2319.55634765625,2278.074091796875,2427.3383447265624,2314.582788865387,49.42242041233395,9.32100827957629,12.45643768476509,-3.1354294051888,2353.4286428592022,2319.55634765625,2285.684052453298,0.0292058395021769,39.94428940844454,0.017323875640597123,9.764962083003127,21.318689592795742,20.395175877975326,-40440305.0,1638362.8,2365.8273291751543,2260.57025538677,2945.7147930006277,2097.284437084069
2025-06-02,2305.343634416857,2340.789408851528,2301.121764755519,2328.6142578125,1178205,2320.685498046875,2282.008466796875,2425.649509277344,2315.9191192413027,53.326330463892475,9.393604249056352,11.843870997623345,-2.4502667485669924,2354.182601710548,2320.685498046875,2287.188394383202,0.02886828369623085,39.924529028984864,0.0171451879138153,9.502313710059706,21.40433985690492,18.947751024705497,-39262100.0,1731593.2,2365.8273291751543,2260.57025538677,2945.7147930006277,2097.284437084069
2025-06-03,2322.2321074614806,2336.3710082209473,2300.139925202615,2309.6640625,1643913,2319.2372436523438,2285.563837890625,2423.8586437988283,2315.323399551655,49.891169456464105,7.831735319884956,11.041443862075667,-3.209708542190711,2352.0025556011997,2319.2372436523438,2286.471931703488,0.028255248175695028,39.6607114567954,0.01717163638675068,9.223067108199082,20.00766724164485,17.888203744994364,-40906013.0,1686798.3,2365.8273291751543,2260.57025538677,2945.7147930006277,2097.284437084069
2025-06-04,2316.733448566607,2324.686729845221,2299.6489239802295,2321.642822265625,3287896,2318.9279541015626,2288.79322265625,2422.1630993652343,2315.9252493339377,51.99622536158685,7.474368871554361,10.328028863971408,-2.8536599924170467,2351.479114791679,2318.9279541015626,2286.376793411446,0.028074318249122047,38.61621820023799,0.016633143492138694,8.944860531224336,19.081061582980784,17.15057649001521,-37618117.0,1674587.7,2365.8273291751543,2260.57025538677,2945.7147930006277,2097.284437084069
2025-06-05,2321.642934355921,2336.861993557662,2306.3255917892498,2333.3271484375,1787978,2319.9834716796877,2291.4246484375,2420.6198779296874,2317.5825730580864,54.025061732401355,8.04128592008783,9.870680275194692,-1.8293943551068619,2352.961965066799,2319.9834716796877,2287.004978292576,0.02842993822127084,38.03908845510759,0.01630250969332794,9.110784358070402,20.273180070947657,16.167157824920857,-35830139.0,1758462.5,2365.8273291751543,2260.57025538677,2945.7147930006277,2097.284437084069
2025-06-06,2330.283198828193,2353.0626431956043,2327.141247831911,2346.484130859375,997488,2322.776904296875,2294.24458984375,2419.015296630859,2320.335102372495,56.266482289784754,9.443372964186892,9.785218812993133,-0.3418458488062406,2354.782046787285,2322.776904296875,2290.771761806465,0.02755765517661561,37.173538948577985,0.01584222900112415,9.787663945311989,22.376357835973966,15.36190898060043,-34832651.0,1731707.75,2365.8273291751543,2271.174713619723,2945.7147930006277,2097.284437084069
2025-06-09,2350.608301699548,2355.517675763248,2335.1929150826363,2349.82275390625,1293622,2323.302209472656,2296.934931640625,2417.455069580078,2323.1434501376143,56.84147790962123,10.700586327671772,9.96829231592886,0.732294011742912,2356.690954878408,2323.302209472656,2289.9134640669045,0.028742490124287614,35.97005478658039,0.015307560847636372,10.49343742048536,21.960752485520832,14.7418949846717,-33539029.0,1691297.9,2365.8273291751543,2271.174713619723,2945.7147930006277,2097.284437084069
2025-06-10,2350.0189544422137,2356.695750752591,2335.2908330438154,2351.786376953125,1778782,2325.0302978515624,2299.3680126953127,2415.863410644531,2325.8713479295675,57.19792116771301,11.720280843227556,10.3186900213886,1.4015908218389566,2360.495002514235,2325.0302978515624,2289.56559318889,0.030506875282824,34.929687852451465,0.014852406746953307,11.187916632763642,21.240406183116566,14.096621030829592,-31760247.0,1692235.35,2365.8273291751543,2271.174713619723,2945.7147930006277,2097.284437084069
2025-06-11,2351.7864423801357,2359.346830298541,2328.319730852048,2333.3271484375,1977707,2326.3018188476562,2301.9297265625,2413.9846118164064,2326.5814241684184,52.78454700728699,10.91309129897536,10.437570276905952,0.47552102206940816,2361.0341369466223,2326.3018188476562,2291.56950074869,0.02986054330316508,34.650931537740156,0.014850438594066831,11.47527141256089,19.881901796487057,14.632028109920613,-33737954.0,1684691.2,2365.8273291751543,2271.174713619723,2945.7147930006277,2097.284437084069
2025-06-12,2343.6367531475557,2344.7169112625684,2281.9752104026784,2290.419189453125,3339584,2325.197216796875,2303.65880859375,2411.8835095214845,2323.137401814581,44.2395783159402,6.733454998611251,9.696747221247012,-2.9632922226357614,2362.8924405082576,2325.197216796875,2287.501993085493,0.032423248607969885,36.65741506075086,0.0160046751396208,11.458877996674001,17.451241094701555,21.873622259682985,-37077538.0,1705171.0,2365.8273291751543,2271.174713619723,2945.7147930006277,2097.284437084069
2025-06-13,2263.221282893185,2282.760494395082,2260.2756586638234,2276.967529296875,1740682,2322.1337646484376,2304.8400048828125,2409.604500732422,2318.740271098609,41.946984403687146,2.30900973658936,8.219199724315482,-5.910189987726122,2364.7319632893364,2322.1337646484376,2279.535566007539,0.036688841348765266,36.1921376127902,0.015894885257308124,12.101549932190995,16.413047920423832,24.854946514589958,-38818220.0,1710316.15,2365.8273291751543,2260.2756586638234,2945.7147930006277,2097.284437084069
2025-06-16,2277.94931097458,2294.248526930686,2271.1744714100378,2285.215087890625,1105297,2319.4188720703123,2306.6770849609375,2407.3397973632814,2315.5473965073725,43.86770058655157,-0.5258245807249295,6.4701948633074,-6.99601944403233,2364.1101973576383,2319.4188720703123,2274.7275467829863,0.03853665745802484,35.255131749065754,0.015427489489231455,12.217685522608129,17.97328212580481,23.6929993284887,-37712923.0,1723700.25,2365.8273291751543,2260.2756586638234,2945.7147930006277,2097.284437084069
2025-06-17,2277.949336261707,2290.8119909000766,2271.1744966219585,2286.3935546875,1119284,2318.8052001953124,2308.4582080078126,2405.3442565917967,2312.7708401435752,44.15203041581879,-2.646847568263638,4.646786376993193,-7.293633945256831,2364.9334388043235,2318.8052001953124,2272.6769615863013,0.039786212835063256,34.13958621542663,0.014931631584350213,12.325525713709753,17.23482178855184,22.719535486315422,-36593639.0,1732132.35,2365.8273291751543,2260.2756586638234,2945.7147930006277,2097.284437084069
2025-06-18,2285.5097848886408,2289.1426734843863,2244.0747187940665,2255.660888671875,2056563,2315.5355712890623,2309.4940869140623,2403.2074267578123,2307.33179714627,38.653285487830885,-6.73006289515115,2.3714165225643242,-9.101479417715474,2369.2150122273106,2315.5355712890623,2261.856130350814,0.04636460057347755,34.920183963633285,0.015481131999497568,13.242584785862649,15.646018655852128,26.168328450993965,-38650202.0,1707226.15,2365.8273291751543,2244.0747187940665,2945.7147930006277,2097.284437084069
2025-06-19,2258.410148058999,2265.9705354890243,2248.7877278228257,2252.616943359375,1214549,2313.7436401367186,2310.4690869140627,2400.9539514160156,2302.120858690376,38.14654063468187,-10.09528919732611,-0.12192462141376281,-9.973364575912347,2373.020311143483,2313.7436401367186,2254.466969129954,0.051238754353323084,33.65322851381652,0.014939614395170426,14.094139638576051,15.075403631512492,25.213961611452557,-39864751.0,1731516.6,2365.8273291751543,2244.0747187940665,2945.7147930006277,2097.284437084069
2025-06-20,2253.402465225416,2271.0762100507136,2250.849495086671,2264.3994140625,2685864,2311.1416625976562,2311.5844970703124,2398.794571533203,2298.528340154388,41.351650583608816,-11.67690428741571,-2.432920554614152,-9.243983732801556,2374.166738174814,2311.1416625976562,2248.1165870204986,0.054540209799445405,32.69419183168981,0.014438350243623324,14.633191813745585,15.524678634688854,24.099749693466315,-37178887.0,1671061.4,2365.8273291751543,2244.0747187940665,2945.7147930006277,2097.284437084069
2025-06-23,2265.590049100476,2268.169866753373,2241.082750343553,2257.35498046875,842856,2306.4740966796876,2311.77646484375,2396.546346435547,2294.607067803375,40.01655300386276,-13.344940393541037,-4.615324522399529,-8.729615871141508,2370.8988187356604,2306.4740966796876,2242.049374623715,0.05586424937415613,32.29368644441338,0.014305984979689572,15.44053774521588,14.594557027777297,24.816125344068357,-38021743.0,1763148.7,2365.8273291751543,2241.082750343553,2945.7147930006277,2097.284437084069
2025-06-24,2277.099825042089,2283.053027199062,2242.6705210148793,2245.44873046875,2440747,2301.8936157226562,2310.53732421875,2394.2131115722655,2289.925321390553,37.795427869570034,-15.449513520635264,-6.782162322046677,-8.667351198588587,2369.896272638256,2301.8936157226562,2233.8909588070564,0.05908410054323997,32.871459282968324,0.01463914933212758,15.44782277709248,16.547947760624684,22.638514742405068,-40462490.0,1760660.6,2359.346830298541,2241.082750343553,2945.7147930006277,2097.284437084069
2025-06-25,2261.2244663474958,2272.6347697099336,2253.683647230803,2260.9267578125,1047270,2298.9805541992187,2309.2906005859377,2391.729422607422,2287.1635534307384,42.28061283226727,-15.687618336143714,-8.563253524866084,-7.12436481127763,2368.739103946117,2298.9805541992187,2229.22200445232,0.06068650699935726,32.46535785141227,0.014359314267580818,15.454587449549322,15.558160520681152,21.284430637992823,-39415220.0,1789435.05,2359.346830298541,2241.082750343553,2945.7147930006277,2097.284437084069
2025-06-26,2271.0471751540676,2273.130892683563,2253.8823037125367,2263.010498046875,1874722,2295.9409301757814,2308.176865234375,2389.2697412109374,2284.863262441799,42.877752589872415,-15.529167123487241,-9.956436244590316,-5.572730878896925,2366.4025257020453,2295.9409301757814,2225.4793346495176,0.06137927557297321,31.521302931384717,0.013928924748068843,15.43462034042771,14.99196669435546,20.35604430255651,-37540498.0,1796922.7,2359.346830298541,2241.082750343553,2945.7147930006277,2097.284437084069
2025-06-27,2263.0104562105053,2292.4787561982344,2261.5221557844948,2288.90673828125,1050745,2295.0994506835937,2307.4809033203123,2386.9371142578125,2285.2483553788898,49.82509432472635,-13.162256928225815,-10.597600381317417,-2.564656546908399,2365.4749442881775,2295.0994506835937,2224.72395707901,0.06132674868064875,31.480967037267206,0.013753713294979594,14.446683557824224,18.328871877534112,18.92625992174398,-36489753.0,1835095.05,2359.346830298541,2241.082750343553,2945.7147930006277,2097.284437084069
2025-06-30,2291.8833514974594,2298.928070446473,2270.1542620550413,2276.702880859375,1403754,2292.5038818359376,2306.3759130859376,2384.1414038085936,2284.4345006627454,46.928453094205,-12.131369966410603,-10.904354298336056,-1.2270156680745465,2361.5603839657083,2292.5038818359376,2223.447379706167,0.06024548326999318,31.287598562564682,0.013742504050750231,13.59476781147983,18.59721182870762,17.68300015115898,-37893507.0,1723187.7,2359.346830298541,2241.082750343553,2945.7147930006277,2097.284437084069
2025-07-01,2282.060604307341,2284.6404218850275,2268.7652176811503,2277.595703125,759914,2290.9004638671877,2305.760078125,2381.462745361328,2283.7831866115316,47.17043127896538,-11.114223476944517,-10.94632813405775,-0.16789534288676755,2359.7776958678983,2290.9004638671877,2222.023231866477,0.06013114326620842,30.186713251229868,0.013253762820948362,12.735415600125183,17.898620335001677,17.34742961679964,-37133593.0,1734465.15,2359.346830298541,2241.082750343553,2945.7147930006277,2097.284437084069
2025-07-02,2277.099747912196,2290.9905524746237,2269.7575623951902,2289.10546875,1128034,2289.2735961914063,2304.4377294921874,2378.8147021484374,2284.290070624719,50.315441452023755,-9.272498075204112,-10.611562122287022,1.3390640470829105,2356.69104330902,2289.2735961914063,2221.8561490737925,0.05889854950476358,29.54716159610155,0.012907732736419618,12.246080634731896,18.515000137850773,16.45699407225705,-36005559.0,1690265.2,2359.346830298541,2241.082750343553,2945.7147930006277,2097.284437084069
2025-07-03,2291.9828168641297,2308.750905945756,2286.029614742405,2295.356201171875,1060039,2287.375048828125,2302.7474951171876,2375.9443493652343,2285.3439878196864,51.98711661083181,-7.225247404001948,-9.93429917863001,2.709051774628062,2351.7951603699685,2287.375048828125,2222.954937286281,0.05632667154854869,29.059599425190797,0.012660169872699785,12.576710115591764,21.846455551061588,15.537887521670557,-34945520.0,1582272.1,2359.346830298541,2241.082750343553,2945.7147930006277,2097.284437084069
2025-07-04,2299.920284481797,2323.1376744970185,2292.2803906553454,2321.05419921875,1242346,2286.103552246094,2303.5055078125,2373.3162866210937,2288.744960333883,58.21204848018099,-3.4889543284775755,-8.645230208599523,5.156275880121948,2346.696986505282,2286.103552246094,2225.5101179869057,0.05301022711736323,29.18800545493953,0.01257532265500909,13.432650571257904,23.717465242826314,14.364565520577715,-33703174.0,1545875.15,2359.346830298541,2241.082750343553,2945.7147930006277,2097.284437084069
2025-07-07,2322.7410024796927,2396.858319639088,2322.7410024796927,2391.599609375,2701583,2288.1923950195314,2305.538935546875,2371.3605139160154,2298.5406411949416,69.7909630418196,5.1056550659900495,-5.895053153681609,11.000708219671658,2359.3820536835647,2288.1923950195314,2217.002736355498,0.06222349031400008,32.51772795246801,0.013596643779752879,16.047855794822524,35.96173777147484,11.972698237556468,-31001591.0,1558118.05,2396.858319639088,2241.082750343553,2945.7147930006277,2097.284437084069
2025-07-08,2386.6384929568344,2399.6364137173014,2367.3899041263103,2374.03759765625,1471046,2289.3049560546874,2307.488193359375,2369.2858728027345,2305.73082752459,64.9649751597803,10.380181091886243,-2.6400063045680384,13.020187396454281,2364.988885577325,2289.3049560546874,2213.6210265320497,0.06611956989170105,32.49835521236251,0.013689065095028933,18.524518548457266,34.023549321248716,11.124132812311851,-32472637.0,1628516.1,2399.6364137173014,2241.082750343553,2945.7147930006277,2097.284437084069
2025-07-09,2380.2884570863953,2420.670959786851,2378.4033734605428,2404.498046875,1741690,2292.8635009765626,2309.9857861328123,2367.35212890625,2315.1372293674863,68.97253531877244,16.82424522544443,1.2528440014344553,15.571401224009973,2381.990955614587,2292.8635009765626,2203.736046338538,0.07774335855585293,33.507998563665275,0.013935548255992082,21.173894574773684,35.12525239565872,10.01830790043126,-30730947.0,1613129.3,2420.670959786851,2241.082750343553,2945.7147930006277,2097.284437084069
2025-07-10,2404.4982396768783,2415.0156603181044,2378.8996643467794,2389.615234375,1053695,2297.8233032226562,2311.7851123046876,2365.1697521972656,2322.2303727015355,65.05688181404697,20.494051224950454,5.101085446137655,15.392965778812798,2396.394542782314,2297.8233032226562,2199.2520636629984,0.08579531717814289,33.694284092783825,0.014100296821047222,23.634029456353215,32.43598008356123,9.25128257781672,-31784642.0,1601328.45,2420.670959786851,2241.082750343553,2945.7147930006277,2097.284437084069
2025-07-11,2480.50077507572,2510.2667843766285,2441.8049629845386,2499.947998046875,7242235,2308.9723266601563,2316.252578125,2363.2194750976564,2339.155860829663,75.95509500240247,31.93717893941448,10.46830414479302,21.46887479462146,2440.513089027705,2308.9723266601563,2177.4315642926076,0.1139387950637049,39.90551737198702,0.015962538982076366,27.00525896001813,42.48052942072002,7.2533820080570734,-24542407.0,1487034.0,2510.2667843766285,2241.082750343553,2945.7147930006277,2097.284437084069
2025-07-14,2480.5008132523167,2512.7473238245966,2470.5788099993074,2496.971435546875,2427712,2319.5601440429687,2320.0713818359377,2361.0070593261717,2354.1859155646357,75.27302616017556,40.30118935457131,16.43488118674868,23.866308167822627,2473.8663861920095,2319.5601440429687,2165.253901893928,0.13304784749412593,40.06715997579432,0.016046302895338888,30.15552681131919,39.729279397511185,6.708111196906781,-26970119.0,1762111.65,2512.7473238245966,2241.082750343553,2945.7147930006277,2097.284437084069
2025-07-15,2501.0393243676117,2510.167518959921,2490.422829279717,2507.19091796875,1700294,2330.6000122070313,2323.4426171875,2359.224267578125,2368.7578205555037,76.0676387250583,47.2101455214156,22.589934053682065,24.620211467733533,2504.2201681358342,2330.6000122070313,2156.9798562782285,0.1489918089929023,38.61555495468072,0.015401920403399463,33.080775530384464,38.27826846636366,6.463114488643439,-25269825.0,1828232.4,2512.7473238245966,2241.082750343553,2945.7147930006277,2097.284437084069
2025-07-16,2506.5957173853917,2513.144094156912,2487.9423029182253,2497.963623046875,1284379,2342.7151489257812,2326.8453173828125,2357.40310546875,2381.0631350784915,73.76274084481402,51.34905750427606,28.341758743800863,23.007298760475198,2527.2030715475958,2342.7151489257812,2158.2272263039667,0.15749923562530324,37.65742897496687,0.015075251147586554,35.82406888224641,37.01305916593965,6.154159965633229,-26554204.0,1857282.9,2513.144094156912,2241.082750343553,2945.7147930006277,2097.284437084069
2025-07-17,2493.3993577519996,2505.702544596446,2486.652347254296,2490.224365234375,807474,2354.5955200195312,2330.40546875,2355.3629602050783,2391.459442712385,71.79769868155674,53.38924367669597,33.35125573037989,20.03798794631608,2544.8571219626183,2354.5955200195312,2164.333918076444,0.16160873519500185,36.32834100119425,0.01458838067299012,38.29709597524545,35.62668371613263,6.177277698920485,-27361678.0,1818673.7,2513.144094156912,2241.082750343553,2945.7147930006277,2097.284437084069
2025-07-18,2495.2843577635995,2495.2843577635995,2462.144965698126,2470.181884765625,771112,2364.8846435546875,2333.996796875,2353.3189331054687,2398.956818146027,66.83225797618076,52.7804253564218,37.23708965558828,15.543335700833524,2556.7725977324944,2364.8846435546875,2172.9966893768806,0.1622810268575111,36.10055893435706,0.014614534725965064,39.24906617048166,33.29065609433566,10.621266922267413,-28132790.0,1798319.95,2513.144094156912,2241.082750343553,2945.7147930006277,2097.284437084069
2025-07-21,2471.471769802211,2474.150904552474,2436.2486571651175,2445.674560546875,1169960,2374.3006225585937,2336.123955078125,2351.1909497070315,2403.406126946108,61.253855837040135,49.74694439452378,39.73906060337538,10.007883791148402,2562.606811423915,2374.3006225585937,2185.994433693272,0.15862034240836695,36.22925096671416,0.014813602574584974,38.92402087375278,30.802945100542686,14.933214763323253,-29302750.0,1702582.35,2513.144094156912,2242.6705210148793,2945.7147930006277,2097.284437084069
2025-07-22,2450.734836023488,2465.6178411005535,2433.470647028656,2460.359130859375,861632,2385.046142578125,2338.9866455078127,2349.3040576171875,2408.8302225568955,63.23410075442706,47.97478749039328,41.38620598077896,6.588581509614322,2567.1395452982297,2385.046142578125,2202.9527398580203,0.15269591599873208,35.937675474227255,0.014606678766312721,38.49969175207238,28.834799174363802,14.531209393115882,-28441118.0,1718937.55,2513.144094156912,2253.683647230803,2945.7147930006277,2097.284437084069
2025-07-23,2461.6490247227266,2467.6022267172193,2422.953211758524,2431.28759765625,1320795,2393.5641845703126,2341.454462890625,2347.4193359375,2410.9690201854055,57.02089386364466,43.72052758074915,41.853070300773,1.8674572799761506,2567.3868219202636,2393.5641845703126,2219.7415472203616,0.14524167638408686,36.55991400883211,0.015037264223317593,37.63690475021301,26.319465461059032,15.318448157554306,-29761913.0,1639981.8,2513.144094156912,2253.8823037125367,2945.7147930006277,2097.284437084069
2025-07-24,2436.744568380519,2446.7658880933027,2402.1168755368553,2418.785888671875,693984,2401.3529541015623,2343.5799560546875,2345.688544921875,2411.713483850783,54.539139021281024,38.891891007991944,41.26083444221679,-2.368943434224846,2564.7237697040878,2401.3529541015623,2237.982138499037,0.13606564193196555,37.1377067622332,0.015353862835137115,35.975548215771,24.059271007378463,18.01051383123761,-30455897.0,1653658.05,2513.144094156912,2261.5221557844948,2945.7147930006277,2097.284437084069
2025-07-25,2407.1772840475533,2409.657784838074,2386.638543712917,2396.560546875,769388,2406.73564453125,2344.746435546875,2343.921120605469,2410.2703469959465,50.34408947691022,32.892597014109924,39.58718695659542,-6.694589942485493,2561.8159240916457,2406.73564453125,2251.655364970854,0.12887188496400087,36.78125234771355,0.015347516421262353,33.85434622558192,22.55726030672609,19.89199055323318,-31225285.0,1594621.15,2513.144094156912,2268.7652176811503,2945.7147930006277,2097.284437084069
2025-07-28,2396.5605543297306,2429.204090176368,2393.4848786817606,2422.556396484375,987995,2414.0283203125,2346.4073046875,2342.3545263671876,2411.4404469472256,54.73018224846798,29.891194030316,37.64798837133954,-7.756794341023536,2557.2257921518176,2414.0283203125,2270.8308484731824,0.11863777291625181,36.705392286777396,0.015151511989584403,32.47269704788242,24.793021692601393,18.50930889462026,-30237290.0,1580553.3,2513.144094156912,2268.7652176811503,2945.7147930006277,2097.284437084069
2025-07-29,2425.7314790440246,2438.3323751192297,2410.7491567723273,2434.462890625,732282,2421.8716796875,2349.12322265625,2341.089384765625,2413.633060630823,56.62017120825966,28.148832888643938,35.74815727480042,-7.599324386156482,2550.790977398416,2421.8716796875,2292.952381976584,0.1064625337437785,36.053808433929184,0.01480975888881719,31.44808866734002,25.24662378942928,17.4978320198616,-29505008.0,1559765.35,2513.144094156912,2269.7575623951902,2945.7147930006277,2097.284437084069
2025-07-30,2422.9531342933756,2433.768020676373,2379.7924212132107,2418.388916015625,1224146,2428.3358520507813,2351.069931640625,2339.8130261230467,2414.085999238899,53.380104163714584,25.180696322897347,33.63466508441981,-8.45396876152246,2542.0464311545998,2428.3358520507813,2314.625272946963,0.09365309086697164,37.38356993234777,0.015458047167177075,29.367376828684808,22.609398062174638,21.584919455729054,-30729154.0,1558383.75,2513.144094156912,2286.029614742405,2945.7147930006277,2097.284437084069
2025-07-31,2401.224093298107,2529.1186177565537,2401.224093298107,2501.535400390625,5505507,2438.644812011719,2355.3315283203124,2338.814091796875,2422.4145136343013,64.6491663377268,29.201041683661515,32.74794040426815,-3.5468987206066345,2538.8441854831995,2438.644812011719,2338.4454385402382,0.08217627509995835,43.84863811278339,0.017528689822233275,29.580483546397048,33.431433950849026,17.08796759053609,-25223647.0,1563189.35,2529.1186177565537,2292.2803906553454,2945.7147930006277,2097.284437084069
2025-08-01,2530.110889578397,2706.2264515000306,2517.112968113841,2533.781982421875,4259653,2449.281201171875,2359.678388671875,2337.9477575683595,2433.020939233118,67.89084412739393,34.590486425401195,33.11644960849476,1.474036816906434,2542.1902380947563,2449.281201171875,2356.372164248994,0.07586637000147485,55.33738189825641,0.021839835582603308,31.618461712366642,47.4592389303823,12.57312488843996,-20963994.0,1785462.75,2706.2264515000306,2322.7410024796927,2945.7147930006277,2097.284437084069
2025-08-04,2527.1341727297113,2563.0517752650835,2515.327086013953,2523.85986328125,1293028,2455.8942138671873,2363.1414599609375,2337.068937988281,2441.6722653329402,65.88873928639757,37.62728420984331,34.01861652876447,3.608667681078842,2550.255877461385,2455.8942138671873,2361.5325502729897,0.07684505550881238,54.79361813774743,0.021710245855929056,33.464359570567886,44.506630439744804,12.023712276231675,-22257022.0,1936328.1,2706.2264515000306,2367.3899041263103,2945.7147930006277,2097.284437084069
2025-08-05,2517.7083852053106,2533.0874906124764,2497.6659866058358,2514.93017578125,756361,2462.9388427734375,2366.698896484375,2336.1464404296876,2448.64920918516,64.05784021021054,38.865401030021076,34.98797342901579,3.8774276010052873,2552.73062528654,2462.9388427734375,2373.147060260335,0.0729143419671687,53.40989569981123,0.021237128654365015,34.70583792555732,42.39828413346676,13.816066016093307,-23013383.0,1865900.35,2706.2264515000306,2378.4033734605428,2945.7147930006277,2097.284437084069
2025-08-06,2518.898917854651,2543.1087511382634,2506.893439258159,2515.8232421875,885487,2468.5051025390626,2370.6316015625,2335.435142822266,2455.0467361377637,64.1650888309603,39.46376678729621,35.88313210067187,3.580634686624336,2556.9071264468635,2468.5051025390626,2380.1030786312617,0.07162393451556737,52.181711141260735,0.02074140594070071,35.94652925846702,41.668223982900834,13.131161109776846,-22127896.0,1830166.1,2706.2264515000306,2378.8996643467794,2945.7147930006277,2097.284437084069
2025-08-07,2515.922254843745,2524.1575657894737,2475.539751039598,2497.8642578125,847151,2473.9175537109377,2374.1128271484376,2334.738629150391,2459.124595344881,60.27038688811274,38.050216797556914,36.31654904004888,1.7336677575080301,2555.314169489047,2473.9175537109377,2392.5209379328285,0.06580382248875859,51.92714711330467,0.020788618497139543,36.25367958424637,38.88160285369142,16.565863933663483,-22975047.0,1787355.95,2706.2264515000306,2379.7924212132107,2945.7147930006277,2097.284437084069
2025-08-08,2496.3760050794067,2510.16749263262,2467.2054125664436,2479.11181640625,839794,2472.8757446289064,2377.5803369140626,2334.062640380859,2461.0281402078685,56.41946160176713,35.01319265583743,36.055877763206595,-1.0426851073691665,2553.4421573701957,2472.8757446289064,2392.309331887617,0.06516009784663038,51.28678518136694,0.02068756432927373,36.32069203195717,36.55514093818969,16.735400608937514,-23814841.0,1777028.75,2706.2264515000306,2379.7924212132107,2945.7147930006277,2097.284437084069
2025-08-11,2470.678006035155,2504.8095986608714,2459.168385930271,2498.757080078125,992436,2472.9650268554688,2380.983193359375,2333.5423840332032,2464.6213725764646,59.34974179987192,33.80189058522865,35.605080327611006,-1.803189742382358,2553.641933201089,2472.9650268554688,2392.2881205098483,0.0652471065862231,50.88353000631218,0.020363536100404478,36.16615626704492,34.213068248222136,16.79138095167592,-22822405.0,1456906.7,2706.2264515000306,2379.7924212132107,2945.7147930006277,2097.284437084069
2025-08-12,2498.3604491802103,2516.815472347512,2460.7561532932295,2464.42724609375,1406211,2470.8268432617188,2384.07845703125,2332.9591833496092,2464.602884340016,52.68338226956511,29.729095760952987,34.4298834142794,-4.700787653326415,2550.015051454259,2470.8268432617188,2391.6386350691787,0.06409854936496022,51.253229224024324,0.020797217408330255,36.18426561467102,33.21330693568765,15.479528583147125,-24228616.0,1385142.9,2706.2264515000306,2379.7924212132107,2945.7147930006277,2097.284437084069
2025-08-13,2465.6178398482184,2481.9891454246754,2454.108219033236,2475.63916015625,969803,2469.7106201171873,2387.1583837890626,2333.180361328125,2465.6539582272762,54.48162928196672,27.093764233973616,32.96265957821824,-5.868895344244628,2547.961110311617,2469.7106201171873,2391.4601299227575,0.0633681448806475,49.583779021696834,0.02002867777328557,36.00542370240919,31.879319743907242,15.815482099743193,-23258813.0,1370438.75,2706.2264515000306,2379.7924212132107,2945.7147930006277,2097.284437084069
2025-08-14,2479.4092692334916,2489.430589305409,2453.909769595819,2461.252197265625,1104362,2468.26201171875,2389.716884765625,2333.2182299804685,2465.234742897595,51.76312400780714,23.57260700379493,31.084649063333583,-7.512042059538654,2546.0109125867425,2468.26201171875,2390.513110850757,0.06299890408624245,48.57928192797491,0.019737628668019064,35.951307652885134,31.308477951735775,14.989470230970861,-24363175.0,1354709.95,2706.2264515000306,2379.7924212132107,2945.7147930006277,2097.284437084069
2025-08-18,2519.1966970429903,2576.744317534717,2501.6347992367637,2548.06982421875,3089136,2472.1564086914063,2393.7485986328124,2333.458459472656,2473.1237982615144,63.574676439975825,27.470854549017986,30.361890160470463,-2.8910356114524767,2557.3464696126334,2472.1564086914063,2386.9663477701793,0.06891963681725218,53.35877038091185,0.020940858791917878,36.96463429508312,38.15631502220481,12.67205002281201,-21274039.0,1369554.35,2706.2264515000306,2379.7924212132107,2945.7147930006277,2097.284437084069
2025-08-19,2552.13757165593,2594.603793083701,2538.445159023351,2584.4833984375,1400717,2479.0968505859373,2398.4418115234375,2334.0173681640626,2483.729474468751,67.20221776788304,33.11676547456,30.91286522328837,2.2039002512716266,2576.297058475894,2479.0968505859373,2381.8966426959805,0.07841582136412575,53.55876064372885,0.020723197787267215,38.077290780936,37.68039051126191,11.72296556802387,-19873322.0,1485455.55,2706.2264515000306,2379.7924212132107,2945.7147930006277,2097.284437084069
2025-08-20,2578.7287287523454,2659.096957697686,2568.3106250001715,2648.9765625,3156954,2488.527722167969,2404.385615234375,2334.8633166503905,2499.4672923764892,72.43772810224937,42.307554751983844,33.19180312902747,9.115751622956374,2610.157150903595,2488.527722167969,2366.898293432343,0.09775211877460148,56.21787293328496,0.021222487857812052,39.64569579227541,41.52824152662537,10.37072015372408,-16716368.0,1496993.4,2706.2264515000306,2379.7924212132107,2945.7147930006277,2097.284437084069
2025-08-21,2646.2975584682295,2646.2975584682295,2606.807937462502,2627.346435546875,2235686,2498.3306640625,2410.2660009765623,2335.7306860351564,2511.646258392717,68.48892945924551,47.300697992998266,36.013582101821626,11.28711589117664,2631.0264361180416,2498.3306640625,2365.6348920069586,0.10622754943076014,55.21435522644302,0.02101525496577702,41.10207187423343,39.262799559300284,9.804978292187092,-18952054.0,1611759.5,2706.2264515000306,2379.7924212132107,2945.7147930006277,2097.284437084069
2025-08-22,2626.3541730605166,2637.76447641911,2598.5725648830726,2609.387451171875,1223445,2507.8607421875,2416.6453662109375,2336.463370361328,2520.9549434193036,65.30576500379468,49.24103997820339,38.65907367709798,10.58196630110541,2643.677258485646,2507.8607421875,2372.044225889354,0.10831264592441359,54.06989496284262,0.020721297996033453,42.1932408404465,37.23000192098056,10.385260822002916,-20175499.0,1657504.05,2706.2264515000306,2379.7924212132107,2945.7147930006277,2097.284437084069
2025-08-25,2622.385449660888,2622.385449660888,2594.8022322765755,2611.074462890625,667598,2518.5864379882814,2423.3275048828127,2337.266123046875,2529.537754797525,65.46812531130956,50.33467591593444,40.994194124865274,9.340481791069166,2651.3984541264213,2518.5864379882814,2385.7744218501416,0.10546552155996147,52.17798942151902,0.019983340254400357,43.08204108051637,35.824204945241576,10.509251737942467,-19507901.0,1683977.1,2706.2264515000306,2379.7924212132107,2945.7147930006277,2097.284437084069
2025-08-26,2604.1290122069813,2683.901819675416,2604.1290122069813,2671.5986328125,4348648,2531.0385498046876,2431.05517578125,2338.3882385253905,2543.0673622275226,70.75572774360478,55.4460375598801,43.88456281186824,11.561474748011854,2671.9534313987233,2531.0385498046876,2390.123668210652,0.11134945503292289,54.149047853441566,0.020268406784007324,44.437763434619164,40.16914296911087,9.403372227377401,-15159253.0,1678887.6,2706.2264515000306,2379.7924212132107,2945.7147930006277,2097.284437084069
2025-08-28,2726.5665836002318,2726.5665836002318,2626.1559558246827,2633.696533203125,3198743,2541.0002319335936,2438.0012353515626,2339.2798510742186,2551.6987118442466,64.13296680674632,55.79527263903401,46.2667047773014,9.528567861732611,2681.3655557610987,2541.0002319335936,2400.6349081060885,0.11048037073234979,57.45344641930639,0.021814755684638806,45.9918674707415,40.45890244802434,8.229504429802915,-18357996.0,1846920.25,2726.5665836002318,2379.7924212132107,2945.7147930006277,2097.284437084069
2025-08-29,2644.0154449288766,2701.7614547505946,2620.797812241766,2639.054443359375,1972773,2552.0335083007812,2445.6691064453125,2340.3219689941407,2560.018305321878,64.63686760340468,55.86045793984931,48.185455409810984,7.675002530038327,2686.687546862797,2552.0335083007812,2417.3794697387657,0.105526857797155,59.13274613998653,0.02240679281504845,47.26259176650016,36.50206643325906,8.071897417366793,-16385223.0,1970243.3,2726.5665836002318,2401.224093298107,2945.7147930006277,2097.284437084069
2025-09-01,2639.054428419475,2652.4491325813005,2618.714322099665,2628.834716796875,1096729,2558.398474121094,2453.1934619140625,2341.154906005859,2566.572249271878,62.82384736500319,54.459693786614935,49.44030308517178,5.019390701443157,2694.9244140968976,2558.398474121094,2421.87253414529,0.1067276590076185,57.31860787867575,0.021803808171141345,48.37184600290108,34.96754818905104,7.992198896915087,-17481952.0,2007674.65,2726.5665836002318,2453.909769595819,2945.7147930006277,2097.284437084069
2025-09-02,2628.338751273143,2671.400149963799,2624.469266767194,2656.120361328125,1525106,2564.5153930664064,2461.027880859375,2342.2060119628904,2575.100640896282,65.59832698036107,54.91823831535885,50.53589013120919,4.382348184149656,2706.917586209237,2564.5153930664064,2422.113199923576,0.11105583029670134,56.57662754424212,0.02130047582480503,49.550413402452115,35.288281110482195,7.518655354295012,-15956846.0,1787235.75,2726.5665836002318,2453.909769595819,2945.7147930006277,2097.284437084069
2025-09-03,2660.0889285014373,2665.9428132100716,2637.5660307805015,2643.916015625,1010692,2570.518200683594,2468.7591015625,2343.341168212891,2581.6544861085413,63.32198967494824,53.67808194058898,51.16432849308516,2.5137534475038237,2715.654575059036,2570.518200683594,2425.381826308152,0.11292382550479108,54.56235289319412,0.020636946321570666,50.644797416320934,33.97737215915318,7.239348108497328,-16967538.0,1650508.4,2726.5665836002318,2453.909769595819,2945.7147930006277,2097.284437084069
2025-09-04,2728.5509248247226,2728.5509248247226,2634.787993044382,2645.801513671875,2494678,2577.061767578125,2476.7661572265624,2344.4688146972658,2587.7637268288586,63.5325350451835,52.24514352032793,51.380491498533715,0.864652021794214,2723.3792437606553,2577.061767578125,2430.7442913955947,0.1135537207709513,57.36239424227602,0.021680535726456594,52.10357496561131,37.806402826183195,6.394117271667857,-14472860.0,1636391.6,2728.5509248247226,2453.909769595819,2945.7147930006277,2097.284437084069
2025-09-05,2646.793550617698,2652.0520182863465,2603.335130123233,2612.860107421875,944879,2581.913610839844,2483.80482421875,2345.803640136719,2590.1538583139077,57.33961553191076,47.89928023071752,50.68424924497048,-2.784969014252958,2726.2081538170137,2581.913610839844,2437.619067862674,0.11177333150990576,56.74485809376442,0.02171752629717131,52.393718328141944,35.48799226226994,9.96119288909551,-15417739.0,1723307.45,2728.5509248247226,2453.909769595819,2945.7147930006277,2097.284437084069
2025-09-08,2609.486845026385,2623.9730666119685,2598.3742498750744,2603.434326171875,903410,2587.1921142578126,2490.61330078125,2346.925889892578,2591.4186647765714,55.66752021151718,43.19662666785234,49.18672472954685,-5.9900980616945105,2726.4373447990192,2587.1921142578126,2447.946883716606,0.10764197198486893,54.520140853987975,0.02094162326504895,52.50049204055277,34.29780220975978,10.277056858670552,-16321149.0,1726277.05,2728.5509248247226,2453.909769595819,2945.7147930006277,2097.284437084069
2025-09-09,2616.4323088236597,2625.560503547093,2590.9328084136164,2621.393310546875,1610956,2594.306188964844,2497.2630322265627,2348.199547119141,2594.2733929451715,58.17039496760124,40.45256776768338,47.43989333717416,-6.987325569490785,2725.013756463857,2594.306188964844,2463.5986214658305,0.1007649506099101,53.09925187395145,0.020256117866904105,52.34668932111512,32.70018239302337,10.799358210346364,-14710193.0,1729090.0,2728.5509248247226,2453.909769595819,2945.7147930006277,2097.284437084069
2025-09-10,2621.393291290843,2632.2081780734443,2598.5726835316877,2622.881591796875,1031486,2600.512414550781,2504.1866064453125,2349.6158984375,2596.9979833120005,58.38009865200713,37.960389438289894,45.54399255739731,-7.583603119107416,2724.075287392943,2600.512414550781,2476.949541708619,0.09502963504483528,51.70898349308039,0.019714570285902906,52.28068975061582,32.09912718480894,10.297591634625551,-13678707.0,1767648.1,2728.5509248247226,2453.909769595819,2945.7147930006277,2097.284437084069
2025-09-11,2623.1793324727764,2636.9708204363524,2593.6117136101975,2601.54931640625,1212707,2607.368518066406,2510.6656787109373,2350.6189990234375,2597.431443606691,54.18682812530959,33.87351106428969,43.209896258775785,-9.336385194486098,2714.027504287148,2607.368518066406,2500.709531845664,0.08181351081115228,51.11256373115714,0.019646970906461017,52.034352687279835,30.15413504668216,10.36691009119927,-14891414.0,1769600.6,2728.5509248247226,2453.909769595819,2945.7147930006277,2097.284437084069
2025-09-12,2604.5257148528326,2608.395199020342,2548.9624996026387,2560.372802734375,1368380,2611.6052001953126,2516.091025390625,2351.2875915527343,2593.9020492378995,47.14732241941413,27.000781776769145,39.96807336237446,-12.967291585605317,2702.5751740582327,2611.6052001953126,2520.6352263323924,0.06966594633531654,51.706859137338995,0.0201950509246615,50.293459762019246,27.678445755261507,15.683679075910463,-16259794.0,1759925.4,2728.5509248247226,2453.909769595819,2945.7147930006277,2097.284437084069
2025-09-15,2560.37279634945,2573.1720829359647,2548.3670761897,2560.868896484375,752745,2616.58603515625,2521.401279296875,2351.9206164550783,2590.7560346899445,47.236259501574445,21.348038026982067,36.24406629529599,-14.89602826831392,2681.1610355963803,2616.58603515625,2552.01103471612,0.049358209187472114,49.78529825226225,0.019440783681120403,48.65832670431148,26.693410215815767,15.210947114070159,-15507049.0,1779854.25,2728.5509248247226,2501.6347992367637,2945.7147930006277,2097.284437084069
2025-09-16,2568.01288636171,2569.7988954313,2552.534706310226,2560.769775390625,1040928,2617.2210327148437,2526.1955908203126,2352.515344238281,2587.900200470962,47.21916245180861,16.66806060839417,32.32886515791562,-15.660804549521451,2679.2896603204504,2617.2210327148437,2555.152405109237,0.04743094055088111,47.46236188574882,0.01853441193420397,47.13998886501141,25.999868061054443,14.815739721977474,-16547977.0,1762273.4,2728.5509248247226,2538.445159023351,2945.7147930006277,2097.284437084069
2025-09-17,2566.8220955202946,2570.8902135171456,2546.4819900088273,2549.656982421875,970247,2615.4797119140626,2529.35673828125,2353.175770263672,2584.257989228192,45.24205697293138,11.924971617880601,28.24808644990862,-16.32311483202802,2682.8519271003042,2615.4797119140626,2548.107496727821,0.0515180560409985,45.815637715932354,0.017969333926798607,45.51652220141579,25.010482554803534,15.195594030792005,-17518224.0,1659863.0,2728.5509248247226,2546.4819900088273,2945.7147930006277,2097.284437084069
2025-09-18,2550.847649216938,2589.5434608386845,2550.847649216938,2566.623779296875,1550153,2611.3620727539064,2533.2084619140624,2353.7543566894533,2582.578540663305,48.769055232742524,9.426455816277667,24.48376032318243,-15.057304506904764,2680.09465746183,2611.3620727539064,2542.6294880459827,0.05264117559572217,45.392126337423576,0.017685539541700466,44.39919064379421,26.37595640228996,14.241843454198403,-15968071.0,1638339.5,2728.5509248247226,2546.4819900088273,2945.7147930006277,2097.284437084069
2025-09-19,2579.7207815780857,2584.384074543658,2534.8733764379313,2539.635986328125,2214708,2606.9765502929686,2535.911220703125,2354.2814624023435,2578.488773583764,43.922859823233,5.208632819607828,20.62873482246751,-15.420102002859682,2681.976972262599,2606.9765502929686,2531.9761283233383,0.057538240580799836,45.6863100351595,0.01798931432737099,42.782034455894454,24.334250670812807,15.63692167579278,-18182779.0,1557999.45,2728.5509248247226,2534.8733764379313,2945.7147930006277,2097.284437084069
2025-09-22,2548.962702635441,2567.0207005828506,2540.231291096219,2552.1376953125,1174161,2604.1140625,2539.161669921875,2354.852911376953,2575.979147081739,46.57146105244209,2.8420003301489487,17.071387924003798,-14.229387593854849,2682.8070448088893,2604.1140625,2525.4210801911104,0.060437431249338334,44.37905319369994,0.017388972889358888,41.28038942427325,23.261694309731965,14.947708761946588,-17008618.0,1556950.55,2728.5509248247226,2534.8733764379313,2945.7147930006277,2097.284437084069
2025-09-23,2548.8632941880032,2555.2135215505277,2498.558786627699,2502.527587890625,1430474,2598.68671875,2539.21326171875,2355.266397705078,2568.983760492109,38.74999993475846,-3.002087828638196,13.0566927734754,-16.058780602113593,2688.8478753194295,2598.68671875,2508.525562180571,0.06938978517025546,45.25588760292341,0.01808407140920652,38.50328593224928,21.181641154885494,20.188371745438992,-18439092.0,1554486.35,2728.5509248247226,2498.558786627699,2945.7147930006277,2097.284437084069
2025-09-24,2502.5276285865116,2555.9080548882134,2490.4228329850216,2529.61474609375,1882881,2591.5875244140625,2539.8661279296875,2355.667547607422,2565.2343305494082,44.254937464119834,-5.385778605460018,9.368198497688317,-14.753977103148335,2680.0092296223033,2591.5875244140625,2503.1658192058217,0.06823748329953262,46.70084005294258,0.018461641293425556,35.81814757624096,19.060106250513346,19.410709626345202,-16556211.0,1592630.15,2728.5509248247226,2490.4228329850216,2945.7147930006277,2097.284437084069
2025-09-25,2526.142091514596,2547.474399043097,2512.0528949895665,2518.502197265625,1624258,2585.8278076171873,2540.092353515625,2356.0661547851564,2560.783651189048,42.56476335011908,-8.078437341618155,5.878871329827023,-13.957308671445178,2677.475829342981,2585.8278076171873,2494.1797858913937,0.07088486051222896,45.89517319584172,0.01822320157023122,33.324804817090374,18.009361408983207,18.340636734712064,-18180469.0,1469341.8,2728.5509248247226,2490.4228329850216,2945.7147930006277,2097.284437084069
2025-09-26,2515.2277385461766,2525.54652468155,2479.905311279923,2492.208740234375,885612,2578.4855224609373,2539.977255859375,2356.7410192871093,2554.252707288603,38.78985381008534,-12.193492042336402,2.2643986553943383,-14.45789069773074,2675.2843565759613,2578.4855224609373,2481.6866883459134,0.0750819295061529,45.87703321054069,0.0184081824567497,31.923252226173126,16.72959079210361,22.042566015538473,-19066081.0,1390617.55,2728.5509248247226,2479.905311279923,2940.8618738147916,2097.284437084069
2025-09-29,2475.5397082588324,2497.7648977229896,2423.945293497526,2478.4169921875,2403556,2570.964636230469,2539.7411083984375,2357.363615722656,2547.0302582313548,36.93930171739928,-16.378776999147703,-1.46423647551407,-14.914540523633633,2674.112555469893,2570.964636230469,2467.816716991045,0.08024063636336812,47.87293114017803,0.019315930810305023,31.82286908569696,14.886957235617988,27.964236726991768,-21469637.0,1336259.5,2728.5509248247226,2423.945293497526,2940.8618738147916,2097.284437084069
2025-09-30,2478.4170251763394,2506.5956589551924,2472.1663570938695,2494.788330078125,1678088,2562.8980346679687,2540.2332373046875,2358.0484326171877,2542.054836502476,40.56408200698965,-18.16521800823284,-4.804432782057824,-13.360785226175018,2663.3444354037424,2562.8980346679687,2462.451633932195,0.07838501522655145,46.9126719059741,0.018804269420526355,31.43084562848969,15.451118814545536,26.498307573830655,-19791549.0,1401600.85,2728.5509248247226,2423.945293497526,2940.8618738147916,2097.284437084069
2025-10-01,2495.780641485965,2530.110870187784,2478.4171355140884,2516.41845703125,1483899,2556.523156738281,2541.648115234375,2359.118289794922,2539.6132765528355,45.057634750365054,-17.632360033241184,-7.3700182322944965,-10.262341800946688,2651.6347266237826,2556.523156738281,2461.4115868527797,0.07440696919549813,47.25417638938276,0.01877834596918788,30.307207457336187,17.7982962123892,24.427747609328094,-18307650.0,1409249.95,2728.5509248247226,2423.945293497526,2940.8618738147916,2097.284437084069
2025-10-03,2516.4184426371576,2528.721872140129,2488.7361501691885,2525.050537109375,1242611,2550.4856079101564,2542.941943359375,2360.009647216797,2538.2263489867914,46.78666434798374,-16.32534115733506,-9.16108281730261,-7.16425834003245,2637.113449257989,2550.4856079101564,2463.857766562324,0.06793046867558263,46.735001073779756,0.018508540873514955,29.263829155550795,16.710586316848097,22.934891075007048,-17065039.0,1432910.3,2652.0520182863465,2423.945293497526,2909.706124674832,2097.284437084069
2025-10-06,2515.4262344267695,2529.714064556161,2500.5432294397424,2521.974853515625,818923,2545.9413452148438,2544.7556884765627,2361.0032067871093,2536.678587513347,46.22843184911451,-15.36063342263833,-10.400992938369754,-4.959640484268576,2628.441276052213,2545.9413452148438,2463.4414143774743,0.0648089799809646,45.48041779111109,0.01803365236878216,28.261075014618676,16.100837997209492,21.884156403353003,-17883962.0,1370306.95,2636.9708204363524,2423.945293497526,2875.541649372102,2097.284437084069
2025-10-07,2520.188866616989,2539.4374563414676,2488.736164248618,2497.566650390625,1291750,2540.6479614257814,2546.3313037109374,2361.8889624023436,2532.9536411207064,41.950722131072105,-16.37685144761781,-11.596164640219367,-4.7806868073984425,2621.2773145697793,2540.6479614257814,2460.0186082817836,0.0634714878788241,45.85333738409241,0.018359204699070132,27.632392470716955,14.829185287555603,21.99499350323896,-19175712.0,1364009.15,2636.9708204363524,2423.945293497526,2837.106731735907,2097.284437084069
2025-10-08,2491.414984165673,2505.305788537764,2466.7092932841597,2480.60009765625,1225128,2533.60830078125,2548.0120947265623,2362.7097680664065,2527.9675893621866,39.23305207499297,-18.339860073376713,-12.944903726850837,-5.394956346525875,2609.2393275373247,2533.60830078125,2457.977274025175,0.05970222526722352,45.33499151762897,0.018275816227074616,27.573256375130452,13.927399082233398,24.127936652475324,-20400840.0,1383426.15,2636.9708204363524,2423.945293497526,2828.27453567217,2097.284437084069
2025-10-09,2481.493000836882,2503.3214078814285,2478.814108419605,2497.963623046875,1259173,2527.36240234375,2549.5202392578126,2363.6142004394533,2525.1100687607286,43.28256551555364,-18.28370400743006,-14.012663782966683,-4.271040224463377,2592.356030734671,2527.36240234375,2462.368773952829,0.051431981682285965,43.84729922792859,0.017553217678344783,27.51834428637156,13.371373729894225,23.164673921279253,-19141667.0,1364134.75,2636.9708204363524,2423.945293497526,2801.0982750877915,2097.284437084069
2025-10-10,2490.422803810714,2515.12849489021,2486.9501026898624,2509.17529296875,1018875,2522.743701171875,2551.0144873046875,2364.70208984375,2523.592471066255,45.79443116736059,-17.136967563048984,-14.637524538983143,-2.4994430240658403,2578.4595577588198,2522.743701171875,2467.02784458493,0.04417084189809975,42.72809158310136,0.01702873916494981,26.98140351715095,14.715295354611046,22.073482685252223,-18122792.0,1375519.1,2608.395199020342,2423.945293497526,2801.0982750877915,2097.284437084069
2025-10-13,2499.5509243788547,2511.854353327809,2466.0145060992772,2473.35693359375,1114750,2518.3929077148437,2552.11384765625,2365.5863403320313,2518.8081341641114,39.7393416661481,-18.900539272574406,-15.490127485701397,-3.4104117868730093,2575.253788519461,2518.3929077148437,2461.5320269102263,0.04515648104823502,42.95035984348924,0.017365208902979896,27.013834220052555,13.593490532492583,23.872427508509784,-19237542.0,1365827.5,2589.5434608386845,2423.945293497526,2742.7174325285027,2097.284437084069
2025-10-14,2473.555447376003,2489.6290444351353,2462.9389521863327,2482.782958984375,1461017,2514.4886108398437,2551.738798828125,2366.5341674804686,2515.3771650993745,41.91591183752825,-19.31493058907472,-16.25508810637606,-3.0598424826986594,2569.8506681973136,2514.4886108398437,2459.1265534823738,0.04403444670125499,41.788912158154474,0.016831480177086824,27.119047565361384,12.973347366077066,23.309048570877593,-17776525.0,1353146.0,2589.5434608386845,2423.945293497526,2728.5509248247226,2097.284437084069
2025-10-15,2483.0805511453786,2512.0527512652384,2483.0805511453786,2499.3525390625,881070,2511.4177490234374,2551.0502099609375,2367.5785888671876,2513.85101023872,45.63331155699508,-18.097693117546896,-16.62360910861023,-1.4740840089366678,2562.8440800320204,2511.4177490234374,2459.9914180148544,0.04095402370121825,40.89468930977654,0.016362113255585793,26.279304161389447,16.22672736629501,22.11739714088016,-16895455.0,1388559.6,2589.5434608386845,2423.945293497526,2728.5509248247226,2097.284437084069
2025-10-16,2498.1618926654496,2548.466397996017,2487.545398204978,2541.52099609375,1446646,2511.010949707031,2551.4034326171877,2368.7921228027344,2516.486246986818,53.746436668321145,-13.573910000694468,-16.013669287027078,2.4397592863326096,2561.3378697491344,2511.010949707031,2460.684029664928,0.04008498652542717,42.32514005843813,0.01665346858180229,24.553742122334366,20.70366170117396,19.84348019233524,-15448809.0,1380566.7,2589.5434608386845,2423.945293497526,2728.5509248247226,2097.284437084069
2025-10-17,2545.4898430859407,2594.603757423401,2540.0327414928897,2583.391845703125,2050690,2511.8493530273436,2552.772666015625,2370.20396484375,2522.8582087693235,60.11161394729427,-6.534822290723241,-14.117899887766312,7.58307759704307,2566.2481458306393,2511.8493530273436,2457.450560224048,0.04331373833206431,43.199845477871925,0.016722142074468833,24.14948453722847,26.46412557665618,18.05299945976709,-13398119.0,1404386.65,2594.603757423401,2423.945293497526,2728.5509248247226,2097.284437084069
2025-10-20,2588.6505276068815,2604.228023538072,2565.4331379755677,2574.164306640625,1011485,2513.5757690429687,2553.9394873046876,2371.6514086914062,2527.744503804686,58.21042669764627,-1.6814966050969815,-11.630619231232446,9.949122626135464,2573.3212115482056,2513.5757690429687,2453.8303265377317,0.04753820691706041,42.88520548391711,0.01665985553963485,23.98885309257145,26.357118791139136,16.88648987047316,-14409604.0,1429413.5,2604.228023538072,2423.945293497526,2728.5509248247226,2097.284437084069
2025-10-21,2573.7677049527942,2586.3686009360827,2564.9372187424715,2571.485595703125,82020,2514.5431640625,2555.4119140625,2373.108779296875,2531.9103220807274,57.64050015031382,1.9264425507935812,-8.91920687482724,10.845649425620822,2577.3052518296377,2514.5431640625,2451.7810762953627,0.04991927652237151,41.35278953460954,0.01608128375430483,23.821821242143386,25.38142111979452,16.347039485958067,-14491624.0,1369252.35,2604.228023538072,2423.945293497526,2728.5509248247226,2097.284437084069
2025-10-23,2580.7129325458322,2646.396542743126,2575.8512480603545,2581.308349609375,3386744,2518.4822021484374,2557.4558447265626,2374.3801062011717,2536.6148961310746,59.21733357532234,5.514803254616254,-6.032404848938542,11.547208103554796,2587.3273818111657,2518.4822021484374,2449.637022485709,0.054671960440299004,43.74980078499463,0.01694869223648357,24.848134438063596,32.07769305998936,14.347728816095195,-11104880.0,1314645.3,2646.396542743126,2423.945293497526,2728.5509248247226,2097.284437084069
2025-10-24,2563.845541367595,2563.845541367595,2455.1996099512826,2496.772705078125,3110800,2516.8401000976564,2557.4161572265625,2375.050789794922,2532.82040174508,44.02757042360595,1.5197660285703023,-4.5219706734367735,6.041736702007076,2586.110198349954,2516.8401000976564,2447.570001845359,0.05504529131557437,49.63258213307304,0.01987869461730599,23.44114585333559,26.25594499928378,29.107315839934678,-14215680.0,1412458.8,2646.396542743126,2423.945293497526,2728.5509248247226,2097.284437084069
2025-10-27,2496.7727162326983,2505.3057356327795,2486.453930097325,2492.208740234375,2127832,2515.525427246094,2557.971787109375,2375.846180419922,2528.952624458346,43.38059943240692,-1.991645130694451,-4.0159055648883095,2.0242604341938586,2585.61266800645,2515.525427246094,2445.438186485738,0.05572373866805634,47.43395523324313,0.019032898194868822,22.134656453231013,25.51058989472359,28.281015874653182,-16343512.0,1473854.75,2646.396542743126,2423.945293497526,2728.5509248247226,2097.284437084069
2025-10-28,2499.3526254379835,2506.298027731777,2462.541896386315,2477.62353515625,2294976,2514.7961669921874,2558.011474609375,2376.496966552734,2524.0641397629083,41.292339708306045,-5.88354607218298,-4.3894336663472435,-1.494112405835737,2586.1310893057776,2514.7961669921874,2443.4612446785973,0.056732170384138934,47.17125352697306,0.019038910818224137,21.377048585384827,23.82032813771719,30.028047684498503,-18638488.0,1499033.45,2646.396542743126,2423.945293497526,2728.5509248247226,2097.284437084069
2025-10-29,2493.002510276694,2493.994710552656,2464.6254854896224,2468.693603515625,1870143,2514.3099975585938,2558.160302734375,2377.053028564453,2518.7907553584055,40.02203357970245,-9.578066472633509,-5.427160227604497,-4.150906245029012,2586.7539489868623,2514.3099975585938,2441.8660461303252,0.05762531390211384,45.89968006526311,0.018592700203823653,20.67355556524194,22.73164240091464,28.655643953150356,-20508631.0,1569501.65,2646.396542743126,2455.1996099512826,2728.5509248247226,2097.284437084069
2025-10-30,2471.5708795685664,2477.5240812054235,2435.752352825584,2450.337890625,1195631,2512.0874755859377,2556.2056640625,2377.348428955078,2512.271434907605,37.470307985608024,-13.827755376254117,-7.1072792573344215,-6.720476118919696,2589.3573576599165,2512.0874755859377,2434.817593511959,0.06151846448416834,45.60482637344715,0.01861164802941315,20.564162949747594,21.244425136071573,31.303104172134727,-21704262.0,1542831.0,2646.396542743126,2435.752352825584,2728.5509248247226,2097.284437084069
2025-10-31,2449.742476349403,2460.160579225737,2433.7679550444664,2446.269775390625,1401937,2508.580041503906,2553.4413916015624,2377.590842285156,2505.9855625726545,36.90865291254439,-17.32422447469662,-9.150668300806862,-8.173556173889759,2590.9454999929562,2508.580041503906,2426.214583014856,0.06566699656884105,44.23252621686311,0.018081622338566472,20.499140149189454,20.338989093995572,30.28941689637472,-23106199.0,1518708.15,2646.396542743126,2433.7679550444664,2728.5509248247226,2097.284437084069
2025-11-03,2436.943259855451,2455.5964317532575,2421.2664466287306,2440.812744140625,1049185,2504.3681518554686,2549.278115234375,2377.762030029297,2499.77862748389,36.12638625109093,-20.30151501365026,-11.380837643375543,-8.920677370274717,2591.416038491249,2504.3681518554686,2417.3202652196883,0.06951684525399121,43.52520185312481,0.01783225770088701,20.675059780556573,19.193122260665678,30.63456276447619,-24155384.0,1514610.05,2646.396542743126,2421.2664466287306,2728.5509248247226,2097.284437084069
2025-11-04,2440.812780562824,2444.0870900572017,2422.2586830765586,2426.624267578125,1251588,2499.600622558594,2545.263671875,2378.27,2492.811545588103,34.102540671657636,-23.534638039027868,-13.811597722506008,-9.72304031652186,2592.5158545994445,2499.600622558594,2406.685390517743,0.07434406216921371,41.975430790804694,0.01729786986458269,20.8384137239689,18.4801962260748,29.49664590777682,-25406972.0,1504938.75,2646.396542743126,2421.2664466287306,2728.5509248247226,2097.284437084069
2025-11-06,2444.682292267998,2444.682292267998,2413.6266157779787,2417.0,1329256,2495.5722900390624,2541.4159228515623,2378.7050549316405,2485.591398389236,32.761822458224444,-26.567258472106005,-16.36272987242601,-10.204528599679996,2595.2320896300253,2495.5722900390624,2395.9124904480996,0.07986929490181421,41.1954483407486,0.017044041514583615,21.165743397429374,17.485088030899743,29.405041538288526,-26736228.0,1526572.0,2646.396542743126,2413.6266157779787,2728.5509248247226,2097.284437084069
2025-11-07,2417.0,2425.0,2400.60009765625,2414.0,817896,2492.24228515625,2537.47443359375,2379.2625732421875,2478.7731699712135,32.33508280469543,-28.879798600903996,-18.86614361812161,-10.013654982782388,2597.947981861425,2492.24228515625,2386.536588451075,0.08482778527172587,39.99576648382013,0.016568254550049764,21.732403667273903,16.72316017500598,30.45010155636648,-27554124.0,1528447.3,2646.396542743126,2400.60009765625,2728.5509248247226,2097.284437084069
2025-11-10,2405.0,2429.300048828125,2404.0,2408.800048828125,780558,2487.7841064453123,2532.2184619140626,2379.7499084472656,2472.1090631956813,31.56754728675648,-30.777314195856434,-21.248377733668576,-9.528936462187858,2599.4987765002684,2487.7841064453123,2376.0694363903563,0.0898105826510648,38.94607236555619,0.016168246253774096,22.099709011092553,16.7358299173385,29.037178856180287,-28334682.0,1508085.7,2646.396542743126,2400.60009765625,2728.5509248247226,2097.284437084069
2025-11-11,2422.199951171875,2433.699951171875,2403.10009765625,2427.5,1422399,2483.700341796875,2528.09453125,2380.3739453125,2467.860580986569,37.32881797322068,-30.421499093337843,-23.08300200560243,-7.338497087735412,2597.931585756127,2483.700341796875,2369.469097837623,0.09198472298522893,38.349913876275394,0.01579811076262632,22.271926577889886,16.601496016186186,27.382242341156495,-26912283.0,1484154.95,2646.396542743126,2400.60009765625,2728.5509248247226,2097.284437084069
2025-11-12,2430.60009765625,2434.800048828125,2416.199951171875,2424.5,1680827,2481.2574951171873,2523.8034423828126,2381.006055908203,2463.731001844991,36.7936446588477,-30.03535906608431,-24.473473417698806,-5.5618856483855055,2598.323484934889,2481.2574951171873,2364.1915052994855,0.09436021053685356,36.939212717702155,0.015235806441617717,22.387447605619215,16.217119966046294,26.397395801354364,-28593110.0,1504331.15,2646.396542743126,2400.60009765625,2728.5509248247226,2097.284437084069
2025-11-13,2429.0,2431.0,2405.0,2407.60009765625,1256059,2477.4983520507812,2519.37875,2381.541639404297,2458.3852014460635,33.849556451300614,-30.738684769406063,-25.72651568804026,-5.012169081365805,2598.8760204159507,2477.4983520507812,2356.1206836856118,0.09798405578328442,36.15784038072343,0.015018208553788628,22.776817923548847,15.384174519325752,27.25408181583587,-29849169.0,1532635.0,2646.396542743126,2400.60009765625,2728.5509248247226,2097.284437084069
2025-11-14,2405.10009765625,2430.199951171875,2392.0,2427.699951171875,975973,2473.91572265625,2514.810341796875,2382.2820471191408,2455.4627966580456,39.9989236870801,-29.33601790586863,-26.448416131605935,-2.887601774262695,2596.7231022890774,2473.91572265625,2351.108343023423,0.0992817811117418,36.30370543723426,0.014953950721838626,23.452340905644025,14.2279078274196,27.76346587827464,-28873196.0,1522387.1,2646.396542743126,2392.0,2728.5509248247226,2097.284437084069
2025-11-17,2431.39990234375,2438.39990234375,2416.0,2425.0,920038,2468.0896728515627,2510.432021484375,2382.781159667969,2452.5615779287077,39.468170795347866,-28.118129511898132,-26.782358807664377,-1.3357707042337559,2588.5485291148498,2468.0896728515627,2347.6308165882756,0.09761303050558309,35.31057664484253,0.014561062533955681,23.704324367056536,15.241953190693906,26.50544757431248,-29793234.0,1527132.25,2646.396542743126,2392.0,2728.5509248247226,2097.284437084069
2025-11-18,2415.800048828125,2422.89990234375,2401.89990234375,2404.0,1229034,2459.120080566406,2505.5959912109374,2383.0537646484377,2447.936665745021,35.520252335919565,-28.51872259910715,-27.129631565952934,-1.389091033154216,2570.2555867271153,2459.120080566406,2347.984574405697,0.09038640043564806,34.438399574228775,0.01432545739360598,24.295766411070534,14.511683218947226,28.160019522441676,-31022268.0,1500801.85,2646.396542743126,2392.0,2728.5509248247226,2097.284437084069
2025-11-19,2412.0,2450.699951171875,2411.0,2441.60009765625,1465143,2452.4918701171873,2502.170791015625,2383.5340075683594,2447.3331830699,45.945922815178136,-25.50813990455208,-26.805333233672762,1.297193329120681,2550.4190022317944,2452.4918701171873,2354.5647380025803,0.07985929193716577,35.314224688346364,0.014463558025839419,23.64736209427807,18.763935682607745,25.50008058787274,-29557125.0,1459719.05,2646.396542743126,2392.0,2728.5509248247226,2097.284437084069
2025-11-20,2445.10009765625,2459.0,2425.0,2428.39990234375,1396929,2445.3375854492188,2498.6701025390626,2383.972305908203,2445.5300134769336,43.29903835821374,-23.911737249649377,-26.22661403686809,2.3148767872187115,2527.0025796892555,2445.3375854492188,2363.672591209182,0.06679240913481856,35.220351496321626,0.014503522036188932,22.722316250399007,19.153383952967427,23.741757217691596,-30954054.0,1482401.95,2646.396542743126,2392.0,2728.5509248247226,2097.284437084069
2025-11-21,2436.199951171875,2443.199951171875,2413.0,2433.699951171875,1840712,2437.957165527344,2494.9162353515626,2384.3153515625,2444.4033408764517,44.67712630097954,-21.965700080747865,-25.374431245644047,3.4087311648961816,2490.690134876581,2437.957165527344,2385.224196178107,0.04325996378843725,34.86175147314687,0.014324588968479964,22.230643866977193,17.968230687951998,24.731380660661024,-29113342.0,1548147.4,2563.845541367595,2392.0,2728.5509248247226,2097.284437084069
2025-11-24,2441.89990234375,2444.89990234375,2413.0,2424.199951171875,4092327,2434.3285278320313,2490.9426025390626,2384.3160888671873,2442.4792085236345,42.67501327454739,-20.948540474562833,-24.489253091427805,3.5407126168649725,2479.870779216067,2434.3285278320313,2388.7862764479955,0.037416684612076506,34.65019082104709,0.01429345413702238,21.702038623664524,17.1370876934064,23.105067976234015,-33205669.0,1470845.8,2506.298027731777,2392.0,2728.5509248247226,2097.284437084069
2025-11-25,2422.0,2424.199951171875,2406.0,2414.10009765625,1240672,2430.423095703125,2487.1936181640626,2384.0834533691404,2439.776436060074,40.59232879257359,-20.718577069544153,-23.735117887051075,3.0165408175069217,2468.170958432025,2430.423095703125,2392.675232974225,0.03106279132685713,33.475173703249084,0.013866522658173432,21.43737940484197,16.47157496359949,23.701435074787415,-34446341.0,1519922.15,2506.298027731777,2392.0,2728.5509248247226,2097.284437084069
2025-11-26,2412.0,2427.699951171875,2409.0,2425.199951171875,1242683,2427.8019165039063,2484.4901611328123,2384.2210083007812,2438.388199404055,43.83640869518036,-19.416838770125196,-22.871462063665902,3.454623293540706,2458.7421616527,2427.8019165039063,2396.861671355113,0.025488278049758086,32.41980066529379,0.013367887728031784,21.02619948782815,16.564072122732583,22.724924975785825,-33203658.0,1475564.15,2493.994710552656,2392.0,2728.5509248247226,2097.284437084069
2025-11-27,2426.10009765625,2459.699951171875,2425.0,2451.699951171875,1872248,2426.9522338867187,2482.3067822265625,2384.5102087402342,2439.6559852867044,50.75090541176185,-16.061723706248813,-21.509514392182485,5.447790685933672,2454.0485090280185,2426.9522338867187,2399.855958745419,0.02232946719178375,32.58266855862102,0.013289827143426343,19.742483276457182,22.319163977801374,20.996236903419188,-31331410.0,1422949.5,2477.5240812054235,2392.0,2728.5509248247226,2097.284437084069
2025-11-28,2450.0,2470.0,2447.199951171875,2466.60009765625,973225,2427.765344238281,2480.423388671875,2385.1046508789063,2442.222091226661,54.16761092033017,-12.061417042564244,-19.619894922258837,7.558477879694593,2458.3688794072627,2427.765344238281,2397.1618090692996,0.02521127936982191,31.883910006442736,0.012926258308648676,18.918544985316068,23.486628906955733,19.923785477274187,-30358185.0,1423054.75,2470.0,2392.0,2728.5509248247226,2097.284437084069
2025-12-01,2466.60009765625,2488.0,2458.800048828125,2464.5,1924828,2428.67685546875,2478.7202490234376,2385.778680419922,2444.343796824122,53.60315081659413,-8.957350756784763,-17.487386089164023,8.53003533237926,2462.361527743808,2428.67685546875,2394.992183193692,0.027739114159389917,31.69219866111647,0.012859484139223562,18.74971982965952,25.99781829784598,18.61257147943335,-32283013.0,1411934.45,2488.0,2392.0,2728.5509248247226,2097.284437084069
2025-12-02,2471.0,2484.39990234375,2460.0,2477.800048828125,2179406,2430.526220703125,2476.9437744140623,2386.56265625,2447.530106538789,56.681814542826224,-5.362339364181025,-15.062376744167423,9.700037379986398,2470.2016312944584,2430.526220703125,2390.850810111792,0.03264758903103346,31.17132035273315,0.012580240430407457,18.59295361369272,24.544228861787932,17.57190579855115,-30103607.0,1438079.0,2488.0,2392.0,2728.5509248247226,2097.284437084069
2025-12-03,2478.199951171875,2484.89990234375,2403.10009765625,2448.0,3535932,2431.595007324219,2475.1110546875,2387.2094152832033,2447.5748582969995,48.85894209473207,-4.861837588581693,-13.02226891305028,8.160431324468586,2471.938414854699,2431.595007324219,2391.2515997937385,0.03318267014775223,34.78764066235935,0.014210637525473592,18.16403328965428,20.4218429288356,26.303684612389944,-33639539.0,1494590.05,2488.0,2392.0,2728.5509248247226,2097.284437084069
2025-12-04,2440.0,2483.0,2423.199951171875,2462.199951171875,2587753,2433.8550048828124,2473.3122998046874,2388.1539880371092,2448.967724285083,52.24137272476682,-3.2815413736052506,-11.074123405161275,7.792582031556025,2475.710588084291,2433.8550048828124,2391.999421681334,0.03439447552751308,36.57424124562833,0.01485429370925824,17.765750131618585,18.036816975532542,23.231730201288947,-31051786.0,1608807.25,2488.0,2392.0,2728.5509248247226,2097.284437084069
2025-12-05,2422.0,2422.0,2286.699951171875,2338.60009765625,4008271,2430.085009765625,2470.03375,2388.3958740234375,2438.4565217490035,32.24823580919758,-11.86583845002906,-11.232466414134834,-0.6333720358942259,2488.6588402598845,2430.085009765625,2371.511179271365,0.04820722753226563,46.49750972808344,0.019882625411109554,19.957446763318362,13.17409668037585,37.93732780925844,-35060057.0,1671732.1,2488.0,2286.699951171875,2728.5509248247226,2097.284437084069
2025-12-08,2350.10009765625,2355.10009765625,2302.0,2314.0,1898154,2425.345007324219,2465.721455078125,2388.5687622070313,2426.6035196776697,29.803472669676054,-20.41860505000477,-13.069694141308823,-7.348910908695949,2502.452459053782,2425.345007324219,2348.2375555946555,0.06358472835551979,46.96912315152391,0.0202978060291806,21.992593635611012,12.110258242752417,34.87380182160355,-36958211.0,1831250.85,2488.0,2286.699951171875,2728.5509248247226,2097.284437084069
2025-12-09,2318.0,2330.39990234375,2298.10009765625,2306.5,1471488,2419.2950073242187,2461.4814111328124,2388.7196154785156,2415.1650892321773,29.079654979395357,-27.485090505255812,-15.952773414098221,-11.53231709115759,2512.155372748435,2419.2950073242187,2326.434641900002,0.07676646720890948,45.921314689807915,0.01990952295244219,23.93175709122077,11.501827777668028,33.72832261883521,-38429699.0,1887130.65,2488.0,2286.699951171875,2728.5509248247226,2097.284437084069
2025-12-10,2306.5,2316.89990234375,2295.0,2301.699951171875,2857290,2413.1550048828126,2457.6712353515627,2388.7922204589845,2404.3588856073866,28.600902392496963,-33.09120020713817,-19.380458772706213,-13.71074143443196,2519.138730064279,2413.1550048828126,2307.171279701346,0.08783830708513753,44.20549952223235,0.019205587374551494,25.77364450045084,11.09481813305699,33.03571777073349,-41286989.0,1889585.1,2488.0,2286.699951171875,2728.5509248247226,2097.284437084069
2025-12-11,2296.300048828125,2313.0,2292.0,2305.60009765625,1108032,2408.0550048828127,2454.2148974609377,2389.0482983398438,2394.9532867548974,29.614866932368813,-36.795220906928535,-22.863411199550676,-13.931809707377859,2523.9685511929156,2408.0550048828127,2292.14145857271,0.09627151047219853,42.547963842072896,0.018454182008981038,27.525957767201366,10.703677742382666,32.37469894191429,-40178957.0,1948408.25,2488.0,2286.699951171875,2728.5509248247226,2097.284437084069
2025-12-12,2306.89990234375,2309.0,2244.699951171875,2260.60009765625,3203114,2399.7000122070312,2449.5311328125,2389.3032434082033,2382.157744935979,25.172863033378363,-42.867656259677005,-26.864260211575946,-16.00339604810106,2531.7156618771883,2399.7000122070312,2267.6843625368742,0.11002679418144498,44.10168419821947,0.019508839375855694,29.741020737735596,9.588969744283279,36.66399117352235,-43382071.0,1941006.9,2488.0,2244.699951171875,2728.5509248247226,2097.284437084069
2025-12-15,2260.60009765625,2299.0,2252.0,2293.5,1274115,2393.1250122070314,2445.072763671875,2389.7342248535156,2373.7141501801716,33.0762980150886,-44.51224837176278,-30.393857843613315,-14.118390528149465,2532.3474238364934,2393.1250122070314,2253.9026005775695,0.11635197569646868,44.30870675548951,0.019319252999995425,31.79786492466024,8.862441175936127,33.8860663570349,-42107956.0,2052363.95,2488.0,2244.699951171875,2728.5509248247226,2097.284437084069
2025-12-16,2293.39990234375,2302.699951171875,2276.0,2281.10009765625,1256042,2386.980017089844,2440.1937548828123,2390.13462890625,2364.8937642255123,31.716572208596176,-46.28265037450183,-33.57161634979102,-12.711034024710806,2534.3506358172035,2386.980017089844,2239.609398362484,0.12347872011683687,43.050938499517045,0.018872884422630277,33.5401555445128,9.083721187765912,32.38492716061546,-43363998.0,2070067.8,2488.0,2244.699951171875,2728.5509248247226,2097.284437084069
2025-12-17,2281.199951171875,2286.199951171875,2268.300048828125,2275.60009765625,808100,2378.6800170898437,2435.266259765625,2390.508514404297,2356.3896055046303,31.105764607248148,-47.581026298305915,-36.373498339494,-11.207527958811916,2531.411696562294,2378.6800170898437,2225.9483376173935,0.12841717118329116,41.25443591696226,0.018129035923074615,35.25848457947571,8.802196964864088,32.71442953389804,-44172098.0,2071418.2,2488.0,2244.699951171875,2728.5509248247226,2097.284437084069
2025-12-18,2270.0,2278.300048828125,2255.300048828125,2265.5,1057295,2370.535021972656,2430.6249267578123,2390.744266357422,2347.7334525994274,29.964534322069312,-48.86174427046535,-38.87114752568827,-9.99059674477708,2529.0567302286495,2370.535021972656,2212.0133137166627,0.13374340120406958,39.95054763717924,0.01763431809189108,37.021159596946205,8.440230658722522,33.69344010912437,-45229393.0,2038566.05,2488.0,2244.699951171875,2728.5509248247226,2097.284437084069
2025-12-19,2263.699951171875,2284.800048828125,2263.699951171875,2280.0,1237214,2362.8500244140623,2426.6129248046873,2391.122967529297,2341.2826475899583,33.72391549951645,-48.15163163588386,-40.72724434772739,-7.424387288156467,2523.269012140158,2362.8500244140623,2202.4310366879668,0.13578431645561265,38.604086924255725,0.016931617072041983,38.32837759863079,9.313399327894786,32.37800781514316,-43992179.0,2021584.35,2488.0,2244.699951171875,2728.5509248247226,2097.284437084069
2025-12-22,2280.0,2295.0,2280.0,2289.5,790773,2356.115026855469,2422.44365234375,2391.8177124023437,2336.350966867105,36.14244245316376,-46.288704282455456,-41.83953633467301,-4.449167947782449,2516.975504811612,2356.115026855469,2195.2545488993255,0.13654721957342789,36.91808071538031,0.01612495335897808,39.026509451057045,11.016579740564394,31.43834025965646,-43201406.0,1991409.45,2488.0,2244.699951171875,2728.5509248247226,2097.284437084069
2025-12-23,2289.300048828125,2310.0,2280.699951171875,2302.60009765625,1128801,2350.5400268554686,2418.3121484375,2392.6437414550783,2333.1365983708333,39.42507725152472,-43.256617177903536,-42.12295250331911,-1.1336646745844234,2510.702715115138,2350.5400268554686,2190.3773385957993,0.13627735450558012,36.373935580576365,0.01579689656818843,38.949396129551204,13.32830899883808,29.62946080875208,-42072605.0,1826331.75,2488.0,2244.699951171875,2728.5509248247226,2097.284437084069
2025-12-24,2302.60009765625,2305.0,2278.10009765625,2282.199951171875,519380,2343.390026855469,2414.4890087890626,2393.4635034179687,2328.28548911379,36.296025320433856,-42.015459568498954,-42.101453916355084,0.08599434785612914,2502.3455207512934,2343.390026855469,2184.4345329596445,0.1356628577182455,35.69721892080305,0.015641582545154763,38.93380348039039,12.610905752240447,28.554858787068436,-42591985.0,1820738.2,2488.0,2244.699951171875,2728.5509248247226,2097.284437084069
2025-12-26,2282.300048828125,2290.0,2275.0,2285.39990234375,533626,2335.0750244140627,2410.54134765625,2394.234953613281,2324.2011475166432,37.138811786318975,-40.308967221853436,-41.742956577454756,1.4339893556013195,2487.772944977359,2335.0750244140627,2182.377103850766,0.130786307905985,34.21884614074569,0.014972804586914168,38.98920934066705,12.216044841999103,28.307891462825133,-42058359.0,1784573.05,2488.0,2244.699951171875,2728.5509248247226,2097.284437084069
2025-12-29,2288.89990234375,2298.699951171875,2280.0,2293.300048828125,1086695,2326.410021972656,2406.4202978515623,2394.8077990722654,2321.2581857367845,39.27478859965077,-37.88239922818548,-40.9708451076009,3.088445879415424,2467.4971816077023,2326.410021972656,2185.32286233761,0.12129173989322205,33.110353642969216,0.014437863750052501,38.581221769139226,13.600065256292236,27.16591766505255,-40971664.0,1717641.95,2488.0,2244.699951171875,2728.5509248247226,2097.284437084069
2025-12-30,2293.300048828125,2298.0,2283.0,2290.199951171875,1556717,2317.69501953125,2401.393876953125,2395.435838623047,2318.3002586353646,38.71880648144302,-35.796834952412155,-39.93604307656315,4.139208124150997,2444.3845888841806,2317.69501953125,2191.0054501783197,0.10932376200088068,31.8167569541857,0.013892567300905472,38.20237616700625,13.14208336612453,26.251106001584617,-42528381.0,1723315.45,2484.89990234375,2244.699951171875,2728.5509248247226,2097.284437084069
2025-12-31,2290.0,2325.5,2286.800048828125,2315.89990234375,1324220,2309.6000122070313,2396.0440380859377,2395.980294189453,2318.0716532742586,45.594709015923314,-31.704766153381115,-38.28978769192675,6.585021538545632,2412.8572192989677,2309.6000122070313,2206.342805115095,0.08941566205939253,32.30841368402065,0.013950695214125492,36.47588697417899,18.097453367430855,24.00508221169862,-41204161.0,1704909.9,2484.89990234375,2244.699951171875,2728.5509248247226,2097.284437084069
2026-01-01,2322.0,2326.0,2300.0,2323.0,758866,2303.3500122070313,2391.020751953125,2396.7114587402343,2318.5410196290914,47.352224774703494,-27.57103191200804,-36.14603653594301,8.575004623934973,2385.2694935700047,2303.3500122070313,2221.430530844058,0.07113072779110931,31.857812706590604,0.013714082094959364,34.8497530685406,17.154572324120636,22.605712224337235,-40445295.0,1662150.6,2483.0,2244.699951171875,2728.5509248247226,2097.284437084069
2026-01-02,2326.0,2357.699951171875,2322.0,2348.0,973413,2297.6400146484375,2386.5510400390626,2397.685693359375,2321.346636807273,53.09754259425234,-22.023849450396938,-33.321599118833795,11.297749668436857,2341.5996415628847,2297.6400146484375,2253.6803877339903,0.03826502553418793,32.132251168396635,0.013684945131344394,32.69236841013428,22.839954344282972,20.81173622721543,-39471882.0,1523297.3,2422.0,2244.699951171875,2728.5509248247226,2097.284437084069
2026-01-05,2341.5,2394.0,2336.39990234375,2384.10009765625,1344113,2299.9150146484376,2382.606875,2398.929287109375,2327.3231568881283,59.902218304459105,-14.547002415867155,-29.56667977824047,15.019677362373315,2355.334052976431,2299.9150146484376,2244.4959763204442,0.048192248822258886,33.95138306038616,0.014240754024448441,31.819877128634413,27.709146434970545,18.28973074461191,-38127769.0,1442580.3,2394.0,2244.699951171875,2728.5509248247226,2097.284437084069
2026-01-06,2398.800048828125,2428.10009765625,2367.800048828125,2424.699951171875,1584720,2305.4500122070312,2381.165419921875,2400.3933093261717,2336.5971372961044,65.89502587657714,-5.284561268868401,-24.710256076366058,19.425694807497656,2383.059958292994,2305.4500122070312,2227.8400661210685,0.06732737268214802,35.83343061522465,0.014778500984382045,31.826554927208,31.175874995326406,16.0913214499191,-36543049.0,1309372.4,2428.10009765625,2244.699951171875,2728.5509248247226,2097.284437084069
2026-01-07,2416.0,2421.89990234375,2382.0,2399.39990234375,892690,2310.095007324219,2379.3092431640625,2401.730831298828,2342.578353014928,59.88835362185275,0.014322472763069527,-19.765340366540233,19.779662839303302,2397.856591684226,2310.095007324219,2222.333422964212,0.07598093072514894,36.323896369271104,0.015138742122057135,31.832755740169187,28.558140679704838,14.740186819392605,-37435739.0,1293700.7,2428.10009765625,2244.699951171875,2728.5509248247226,2097.284437084069
2026-01-08,2389.0,2418.10009765625,2368.10009765625,2386.699951171875,1163828,2314.345007324219,2377.490771484375,2402.8634631347654,2346.780409982256,57.07581311743434,3.152604826737388,-15.18175132788471,18.3343561546221,2408.096880799894,2314.345007324219,2220.593133848544,0.08101806185247055,37.30076091432317,0.01562859248227177,31.23872119748362,25.823790037243555,15.990603466206577,-38599567.0,1264760.8,2428.10009765625,2244.699951171875,2728.5509248247226,2097.284437084069
2026-01-09,2382.0,2386.0,2361.0,2372.60009765625,1189464,2317.6950073242188,2375.5689013671877,2403.717684326172,2349.23942785597,54.04136342498059,4.450671292830066,-11.255266803741756,15.705938096571822,2414.689647387974,2317.6950073242188,2220.7003672604633,0.0836992268242713,36.47213164700544,0.015372220410440883,30.38863016991257,24.524030245980725,16.57627967554801,-39789031.0,1180087.7,2428.10009765625,2244.699951171875,2728.5509248247226,2097.284437084069
2026-01-12,2362.0,2413.89990234375,2361.0,2406.199951171875,1057665,2324.975,2374.686142578125,2404.7212487792967,2354.664239600342,59.55904578412702,8.09728522856176,-7.384756397281054,15.482041625842813,2425.5266101450225,2324.975,2224.4233898549774,0.0864969388015119,37.64554383963005,0.015645226749047104,30.320842549992424,27.356221706952702,14.912482722211191,-38731366.0,1184159.3,2428.10009765625,2252.0,2728.5509248247226,2097.284437084069
2026-01-13,2415.10009765625,2422.199951171875,2365.0,2389.5,1519683,2329.775,2373.5507470703124,2405.5922204589842,2357.9819310669764,55.96278342985808,9.529852347078759,-4.001834648409091,13.53168699548785,2432.988498646043,2329.775,2226.5615013539573,0.08860383397198683,39.04228722050469,0.016339103251937513,30.4523221326435,26.011947303512148,13.351916064349131,-40251049.0,1076886.85,2428.10009765625,2255.300048828125,2728.5509248247226,2097.284437084069
2026-01-14,2398.89990234375,2398.89990234375,2341.0,2353.5,1027639,2333.3949951171876,2371.8044921875,2406.2090588378906,2357.555080489169,49.08255607066752,7.671836814895414,-1.6671003557481905,9.338937170643604,2434.5845931276954,2333.3949951171876,2232.20539710668,0.08673164913977699,40.38925972930792,0.01716135956205988,29.562026071404127,23.348422363009835,16.229140240627718,-41278688.0,1089165.25,2428.10009765625,2255.300048828125,2728.5509248247226,2097.284437084069
2026-01-15,2353.5,2353.5,2353.5,2353.5,0,2337.289990234375,2370.3420068359374,2406.9503515625,2357.1688823473437,49.08255607066752,6.128698300336964,-0.1079406245311596,6.2366389248681235,2435.225902990831,2337.289990234375,2239.3540774779194,0.08380296254692392,37.50431260578593,0.015935548164769886,28.73532258596757,23.348422363009835,16.229140240627718,-41278688.0,1077745.1,2428.10009765625,2255.300048828125,2728.5509248247226,2097.284437084069
2026-01-16,2370.0,2372.89990234375,2348.89990234375,2360.39990234375,1367606,2342.0349853515627,2369.2100048828124,2407.732525634766,2357.4765985374775,50.43702989622593,5.400263488143537,0.9937001980037798,4.406563290139757,2434.649434336383,2342.0349853515627,2249.4205363667425,0.07908886892303864,36.53971884822979,0.015480308574808792,28.502812185754188,26.045346894040893,15.467739109294293,-39911082.0,1037340.1,2428.10009765625,2263.699951171875,2728.5509248247226,2097.284437084069
2026-01-19,2353.0,2425.39990234375,2353.0,2413.89990234375,1505238,2348.72998046875,2369.2080029296876,2408.712486572266,2362.850246519027,59.44528876353733,9.035817256503378,2.6021236097036997,6.433693646799679,2441.7965679189756,2348.72998046875,2255.6633930185244,0.0792484348768365,39.10116052648123,0.016198335518600577,29.40607712889928,32.191162705174214,13.422014660357572,-38405844.0,1052855.65,2428.10009765625,2275.0,2728.5509248247226,2097.284437084069
2026-01-20,2423.0,2439.0,2368.5,2379.10009765625,1460806,2353.2099853515624,2368.61400390625,2409.641181640625,2364.397851389239,52.73158647015983,9.005160521525795,3.882730992068119,5.122429529457676,2443.009420822846,2353.2099853515624,2263.4105498802787,0.07632080097422153,41.34393477458971,0.017377971954740085,30.477735667568055,30.619905794701708,11.78720579814521,-39866650.0,1066256.85,2439.0,2275.0,2728.5509248247226,2097.284437084069
2026-01-21,2379.10009765625,2400.5,2360.0,2368.0,1020245,2356.47998046875,2367.42400390625,2410.494494628906,2364.7409131616923,50.76224888779426,7.993040924431625,4.70479297854082,3.288247945890805,2443.3859290502446,2356.47998046875,2269.5740318872554,0.07375912318525814,41.28365371926188,0.017433975388201805,31.10200353707742,28.474286276764342,12.43190608092023,-40886895.0,1099758.5,2439.0,2275.0,2728.5509248247226,2097.284437084069
2026-01-22,2368.89990234375,2402.0,2365.699951171875,2390.60009765625,1745964,2361.8999877929687,2366.746005859375,2411.4281604003904,2367.2036926373644,54.48902791426659,8.911837737755377,5.546201930383732,3.3656358073716452,2442.921404160371,2361.8999877929687,2280.8785714255664,0.06860698317976718,40.92768194132353,0.01712025444215832,31.71114365107405,26.93216204292434,11.644316891615457,-39140931.0,1094330.7,2439.0,2275.0,2728.5509248247226,2097.284437084069
2026-01-23,2400.0,2434.300048828125,2376.800048828125,2409.5,1378097,2368.1049926757814,2366.78400390625,2412.4563256835936,2371.2319123861867,57.39336235203927,11.037817903960331,6.644525125099052,4.393292778861279,2443.558032279707,2368.1049926757814,2292.651953071856,0.0637244039747318,42.11141894551471,0.01747724380390733,32.863102946707926,29.784129526612947,10.508642194698123,-37762834.0,1155659.9,2439.0,2280.0,2728.5509248247226,2097.284437084069
2026-01-27,2412.0,2421.60009765625,2380.5,2400.89990234375,2060117,2373.4849853515625,2366.2480029296876,2413.4176806640626,2374.057435239288,55.65296922878842,11.8916371054288,7.693947521165002,4.197689584263797,2441.8467377861048,2373.4849853515625,2305.1232329170202,0.05760453751041233,42.03918171056723,0.017509760265110898,33.93277943551081,27.70421505781007,9.774792413098995,-39822951.0,1197883.45,2439.0,2283.0,2728.5509248247226,2097.284437084069
2026-01-28,2403.10009765625,2420.199951171875,2340.60009765625,2378.39990234375,1797593,2377.894982910156,2365.3160009765625,2414.0708972167968,2374.4710035349513,51.2723757689054,10.630194746403504,8.281196966212704,2.3489977801907997,2434.579096912231,2377.894982910156,2321.2108689080815,0.04767587669721442,44.72208683949992,0.01880343452563607,33.20437568156824,24.182063642557576,14.90475713703908,-41620544.0,1246554.55,2439.0,2286.800048828125,2728.5509248247226,2097.284437084069
2026-01-29,2370.5,2374.699951171875,2312.0,2352.60009765625,1478536,2379.7299926757814,2364.2880029296875,2414.2968688964843,2372.388060117932,46.73022957325089,7.462639307749669,8.117485434520098,-0.6548461267704297,2430.31564259703,2379.7299926757814,2329.1443427545328,0.04251377263549961,46.27050223266064,0.019667814465687168,31.540007184258496,21.703337476614127,17.79202603409971,-43099080.0,1258598.35,2439.0,2300.0,2728.5509248247226,2097.284437084069
2026-01-30,2341.0,2385.0,2340.0,2373.0,2090462,2382.2299926757814,2362.9160009765624,2414.5455541992187,2372.4463401067005,50.46677787161116,6.5232346432599115,7.798635276268062,-1.2754006330081502,2425.8110450315876,2382.2299926757814,2338.6489403199753,0.03658845072876847,46.17975207318488,0.019460493920431893,30.261942520383048,21.78586389932657,16.553633610100235,-41008618.0,1266314.15,2439.0,2312.0,2728.5509248247226,2097.284437084069
2026-02-02,2356.10009765625,2360.0,2303.0,2357.300048828125,1375089,2382.6949951171873,2361.49400390625,2414.7385681152346,2371.0038361754077,47.69404018629897,4.460477224114129,7.131003665837276,-2.6705264417231467,2424.984534671197,2382.6949951171873,2340.405455563178,0.03549723287342497,47.88119835367167,0.020311881119026258,28.249800625635903,19.51087239447674,20.344632007726883,-42383707.0,1332893.95,2439.0,2303.0,2728.5509248247226,2097.284437084069
2026-02-03,2390.0,2399.89990234375,2343.300048828125,2368.60009765625,1553270,2381.9199951171877,2360.1920068359377,2414.963044433594,2370.7749086973927,49.8305705605872,3.6949534862965265,6.443793629929127,-2.7488401436326004,2424.6440049939292,2381.9199951171877,2339.195985240446,0.03587358934332265,48.50395943666834,0.02047790147634606,27.09287544974933,23.760419012349683,18.648889455630762,-40830437.0,1352977.75,2439.0,2303.0,2728.5509248247226,2097.284437084069
2026-02-04,2360.60009765625,2393.5,2356.800048828125,2371.0,1232755,2379.234997558594,2359.1280078125,2415.158282470703,2370.796345964308,50.29493237318594,3.2445216452138084,5.803939232986064,-2.5594175877722556,2417.3706567642894,2379.234997558594,2341.0993383528985,0.032057076534959865,47.6608159891831,0.020101567266631423,26.01858778642608,22.453555982298763,17.623169152954155,-39597682.0,1363435.6,2439.0,2303.0,2728.5509248247226,2097.284437084069
2026-02-05,2362.5,2423.0,2351.60009765625,2354.39990234375,1962066,2376.984997558594,2357.93400390625,2415.3883447265625,2369.2347799052072,47.05088708742458,1.5304202855172662,4.949235443492304,-3.418815157975038,2415.4051773723336,2376.984997558594,2338.5648177448543,0.03232681725227639,49.356465014509304,0.02096350113053271,25.688095641227623,24.402668561569964,15.80217083542529,-41559748.0,1345837.35,2439.0,2303.0,2728.5509248247226,2097.284437084069
2026-02-06,2354.39990234375,2429.0,2337.5,2424.199951171875,1421995,2378.859997558594,2357.91400390625,2415.733229980469,2374.4695581210804,59.02005197251156,5.738117755969597,5.107011905987763,0.631105849981834,2422.3228785160195,2378.859997558594,2335.3971166011684,0.03654093221293493,52.36671751347293,0.021601649438264568,24.931838551872353,21.35705338650442,15.753218169740284,-40137753.0,1399306.15,2439.0,2303.0,2728.5509248247226,2097.284437084069
2026-02-09,2425.0,2439.0,2402.0,2435.0,958484,2381.9799926757814,2357.5800048828123,2416.008890380859,2380.234362109549,60.50760781619473,9.830897529582217,6.0517890307066535,3.779108498875563,2431.7051095530805,2381.9799926757814,2332.2548757984823,0.04175107853986694,51.26909483393915,0.0210550697469976,24.460500482934343,21.649333372804218,14.941159651880035,-39179269.0,1412214.5,2439.0,2303.0,2728.5509248247226,2097.284437084069
2026-02-10,2435.0,2458.10009765625,2430.10009765625,2453.60009765625,792532,2384.35,2357.3200048828126,2416.861123046875,2387.2215750187584,62.99871745319405,14.409226823030167,7.723276589171356,6.685950233858811,2442.3041725777002,2384.35,2326.3958274222996,0.048612135447984,49.607016631514924,0.020218052925128665,24.446510415814316,23.52670090166385,14.338778752304307,-38386737.0,1400665.5,2458.10009765625,2303.0,2728.5509248247226,2097.284437084069
2026-02-11,2460.0,2470.60009765625,2447.0,2462.89990234375,1137856,2388.0199951171876,2357.2880029296875,2417.7259814453123,2394.429034763996,64.21415856088515,18.573894001537155,9.893400071644518,8.680493929892638,2455.35144092201,2388.0199951171876,2320.688549312365,0.05639102347760569,47.74937956185315,0.019387462525949098,24.696952394692197,24.566007691117022,13.83256936437858,-37248881.0,1387408.85,2470.60009765625,2303.0,2728.5509248247226,2097.284437084069
2026-02-12,2475.0,2479.60009765625,2350.10009765625,2409.699951171875,4656164,2390.8299926757813,2355.9260009765626,2418.3916076660157,2395.8834077552224,53.406464119968575,17.38127082567007,11.390974222449628,5.990296603220443,2456.8422440794343,2390.8299926757813,2324.8177412721284,0.0552212006758147,53.588709593149346,0.02223874784372565,23.577870205849443,20.325644882084543,24.36073653356597,-41905045.0,1368317.5,2479.60009765625,2303.0,2728.5509248247226,2097.284437084069
2026-02-13,2400.0,2400.0,2300.300048828125,2305.199951171875,2791519,2388.414990234375,2353.07,2418.5195153808595,2387.246888080618,39.38429793635121,7.912619951977376,10.695303368355178,-2.782683416377802,2462.725713008201,2388.414990234375,2314.104267460549,0.06222597251956946,57.575223361049396,0.02497623832231142,23.434834601020174,17.56698854723614,27.232684556988858,-44696564.0,1549743.75,2479.60009765625,2300.300048828125,2728.5509248247226,2097.284437084069
2026-02-16,2308.10009765625,2327.0,2288.10009765625,2319.0,2036833,2386.3449951171874,2350.2060009765623,2418.616270751953,2380.7471844538923,41.56619601378468,1.5048475790836164,8.857212210500865,-7.352364631417249,2465.790971377609,2386.3449951171874,2306.899018856766,0.06658381451381057,56.24127185981372,0.024252381138341408,23.498672283719316,16.699102592461326,27.43671157696668,-42659731.0,1689319.7,2479.60009765625,2288.10009765625,2728.5509248247226,2097.284437084069
2026-02-17,2309.300048828125,2326.0,2303.39990234375,2312.300048828125,1233244,2381.265002441406,2349.68,2418.7948974609376,2374.2284096323906,40.79836130877417,-4.06710520061597,6.272348728277498,-10.339453928893468,2465.8410869651325,2381.265002441406,2296.6889179176796,0.07103458408620149,53.838330845273454,0.023283453577989912,23.557950131939947,16.19839540453661,26.614047088049396,-43892975.0,1722781.05,2479.60009765625,2288.10009765625,2728.5509248247226,2097.284437084069
2026-02-18,2312.60009765625,2328.89990234375,2306.0,2323.5,830787,2378.484997558594,2349.87,2418.8822412109375,2369.397132524544,42.70374680172926,-7.492803094640749,3.5193183636938485,-11.012121458334597,2466.738168060486,2378.484997558594,2290.231827056702,0.07420956667162476,51.628443095164634,0.022220117536115615,23.527872502781317,16.08639811657833,25.770853128132902,-43062188.0,1709181.35,2479.60009765625,2288.10009765625,2728.5509248247226,2097.284437084069
2026-02-19,2336.0,2337.39990234375,2275.60009765625,2279.300048828125,940180,2374.05,2349.3260009765627,2418.585595703125,2360.8164578867895,37.565357590040655,-13.617288397463199,0.0919970114624391,-13.709285408925638,2472.312348162607,2374.05,2275.7876518373932,0.0827803526990644,52.354968923188586,0.022969757294616068,24.03603232882622,14.730084963477465,27.745500662884155,-44002368.0,1677680.4,2479.60009765625,2275.60009765625,2728.5509248247226,2097.284437084069
2026-02-20,2285.0,2331.199951171875,2278.300048828125,2314.5,1716316,2370.2449951171875,2349.582001953125,2418.518952636719,2356.4053666594764,43.405704307185054,-15.452518231861177,-3.0169060372022845,-12.435612194658892,2471.497334207749,2370.2449951171875,2268.992656026626,0.08543618005661534,52.393892738942974,0.02263724032790796,24.507895024439343,13.66777459627817,25.744539156525093,-42286052.0,1673677.15,2479.60009765625,2275.60009765625,2728.5509248247226,2097.284437084069
2026-02-23,2325.0,2350.0,2320.800048828125,2345.39990234375,1300035,2367.039990234375,2350.377998046875,2418.6848681640627,2355.357227200836,48.00386158343867,-14.24932981564234,-5.263390792890297,-8.985939022752044,2467.1709674164085,2367.039990234375,2266.909013052342,0.08460438150191013,51.18718611473276,0.02182450253518881,24.335306742389495,15.614130692841469,24.46920443560473,-40986017.0,1672194.75,2479.60009765625,2275.60009765625,2728.5509248247226,2097.284437084069
2026-02-24,2331.10009765625,2372.0,2330.300048828125,2358.60009765625,1544803,2364.925,2352.337998046875,2419.0247912597656,2355.666072006113,49.87735876557762,-12.091268270135515,-6.62896628833934,-5.462301981796175,2463.8859391851047,2364.925,2265.9640608148957,0.08369055186536951,50.50952647595721,0.021415044681015964,23.510550950771314,17.80451171115508,23.026245196922382,-39441214.0,1668291.65,2479.60009765625,2275.60009765625,2728.5509248247226,2097.284437084069
2026-02-25,2368.89990234375,2380.0,2349.0,2374.89990234375,1158620,2364.75,2353.96599609375,2419.202707519531,2357.4978653716025,52.169158684150155,-8.962417759181335,-7.09565658250774,-1.8667611766735952,2463.6273488778734,2364.75,2265.8726511221266,0.08362604831620542,49.115988870531694,0.02068128800799559,22.511277626116915,18.165261471436185,21.988157865980423,-38282594.0,1642525.95,2479.60009765625,2275.60009765625,2728.5509248247226,2097.284437084069
2026-02-26,2378.0,2387.300048828125,2355.199951171875,2383.300048828125,1470677,2366.2849975585937,2356.0099951171874,2419.533084716797,2359.9552161769857,53.35289930117089,-5.738806183364886,-6.824286502679169,1.085480319314283,2465.3132868905304,2366.2849975585937,2267.256708226657,0.08369937639304553,47.90056806951157,0.0200984211337823,21.366804004612156,18.384313773122745,20.93564721255061,-36811917.0,1610577.3,2479.60009765625,2275.60009765625,2728.5509248247226,2097.284437084069
2026-02-27,2369.300048828125,2378.89990234375,2330.60009765625,2338.10009765625,3053227,2364.540002441406,2357.2599951171874,2419.6841015625,2357.8737763178683,46.661148719057785,-6.753479188292204,-6.810125039801777,0.056645851509573575,2464.261020893471,2364.540002441406,2264.818983989341,0.08434707668223185,48.243381148251814,0.02063358245295476,20.9138871951891,16.949842474955418,22.94432803854297,-39865144.0,1610184.35,2479.60009765625,2275.60009765625,2728.5509248247226,2097.284437084069
2026-03-02,2303.0,2354.0,2290.199951171875,2320.60009765625,2273224,2362.7050048828123,2358.3619970703126,2419.7245458984376,2354.323902159619,44.34223765741745,-8.867499586018312,-7.221599949045085,-1.645899636973227,2464.225802347165,2362.7050048828123,2261.1842074184597,0.08593607518039517,49.35457169681418,0.021268021037601916,21.337127416357355,15.384781528721236,26.672692157727827,-42138368.0,1658322.6,2479.60009765625,2275.60009765625,2728.5509248247226,2097.284437084069
2026-03-04,2292.89990234375,2311.60009765625,2252.10009765625,2261.300048828125,2648737,2357.3400024414063,2357.987998046875,2419.33986328125,2345.4644875566196,37.535054945934874,-15.153217472679444,-8.807923453771958,-6.345294018907486,2467.9789734766705,2357.3400024414063,2246.701031406142,0.09386763973010226,50.722102289898885,0.022430505105319673,22.37668433022243,13.900703882178355,29.465087032711764,-44787105.0,1703229.35,2479.60009765625,2252.10009765625,2728.5509248247226,2097.284437084069
2026-03-05,2275.5,2277.800048828125,2228.39990234375,2255.0,1751288,2351.540002441406,2357.297998046875,2418.9172985839846,2336.8488220750364,36.88716882930352,-20.40780697731907,-11.127900158481381,-9.279906818837688,2470.5517582683965,2351.540002441406,2232.528246614416,0.10122026901811616,50.627676875218604,0.02245129794909916,23.692475949207193,12.931870725523712,30.7552338627507,-46538393.0,1758002.7,2479.60009765625,2228.39990234375,2728.5509248247226,2097.284437084069
2026-03-06,2245.10009765625,2250.0,2219.5,2225.699951171875,1674258,2345.1050048828124,2355.7599951171874,2418.5524633789064,2326.263215322354,33.951981304922285,-26.62940883787269,-14.228201894359643,-12.401206943513046,2476.1151920665575,2345.1050048828124,2214.0948176990673,0.11173076421820335,49.5471285269887,0.022261369283357875,25.041243903252052,12.270045705293551,30.464283503606826,-48212651.0,1783929.35,2479.60009765625,2219.5,2728.5509248247226,2097.284437084069
2026-03-09,2199.0,2200.0,2170.39990234375,2194.60009765625,1512817,2333.6250122070314,2354.007998046875,2417.920196533203,2313.7238707827246,31.12128825701606,-33.68131417900713,-18.118824351289142,-15.56248982771799,2474.7478364869366,2333.6250122070314,2192.502187927126,0.12094730176588052,49.95805140564129,0.022764079642115482,26.914583059109727,11.299897311456077,35.075771555814526,-49725468.0,1769538.95,2479.60009765625,2170.39990234375,2728.5509248247226,2097.284437084069
2026-03-10,2224.0,2224.0,2175.0,2190.199951171875,1084986,2321.385009765625,2352.1039990234376,2417.428918457031,2301.959687962644,30.730900298445377,-39.173487437292806,-22.329756968489875,-16.84373046880293,2467.587447810471,2321.385009765625,2175.182571720779,0.12596138721478792,49.8896191623812,0.022778568292674634,27.85667878089015,13.943311573834679,32.61503518407006,-50810454.0,1774080.05,2479.60009765625,2170.39990234375,2728.5509248247226,2097.284437084069
2026-03-11,2190.199951171875,2195.0,2156.0,2161.39990234375,1313256,2306.775,2349.46599609375,2416.6537231445313,2288.5730417132254,28.234418163714437,-45.32749046711342,-26.929303668214587,-18.398186798898834,2455.5843558047436,2306.775,2157.9656441952566,0.12901939357305633,49.111789222211115,0.022722213121669863,28.984744781125663,13.15242036712967,33.52842312988451,-52123710.0,1780405.15,2479.60009765625,2156.0,2728.5509248247226,2111.0305739051128
2026-03-12,2165.10009765625,2165.10009765625,2109.300048828125,2136.89990234375,1791973,2290.475,2346.3999951171877,2415.5846911621093,2274.127980820894,26.278665085201695,-51.58686616891464,-31.860816168354603,-19.726050000560036,2438.724712004433,2290.475,2142.2252879955668,0.12944888025796672,49.589522051204966,0.023206291505191805,30.577489558793225,12.095305205445705,37.56024758684428,-53915683.0,1806441.35,2479.60009765625,2109.300048828125,2728.5509248247226,2109.300048828125
2026-03-13,2136.0,2191.89990234375,2120.300048828125,2160.0,2298875,2277.9900024414064,2343.2819970703126,2414.6993994140626,2263.2586493141425,31.123079798930846,-54.06030810323,-36.300714555329684,-17.759593547900316,2426.031563436478,2277.9900024414064,2129.948441446335,0.1299756020319754,51.16168858437783,0.023685966937211957,31.221679369254595,14.627834132021105,33.805613016048554,-51616808.0,1839147.2,2400.0,2109.300048828125,2728.5509248247226,2109.300048828125
2026-03-16,2169.60009765625,2186.699951171875,2154.0,2175.699951171875,1981511,2271.515002441406,2340.33599609375,2413.9819592285157,2254.9197256815455,34.28382557855086,-54.12970031608256,-39.866511707480264,-14.263188608602299,2425.4408805049047,2271.515002441406,2117.5891243779074,0.13552706268552958,49.84299305491334,0.022908946166068037,31.819855621825866,13.942353825978044,32.221435772372594,-49635297.0,1721282.75,2387.300048828125,2109.300048828125,2728.5509248247226,2109.300048828125
2026-03-17,2172.800048828125,2184.800048828125,2145.5,2158.199951171875,1705956,2263.475,2336.5399951171876,2413.153944091797,2245.708318585386,32.493872098157254,-54.9632161487616,-42.88585259573654,-12.077363553025066,2423.3240054732996,2263.475,2103.6259945267,0.14124212149310217,49.08992561014275,0.022745772736899355,32.49452183585837,13.145077661979595,31.61569030482756,-51341253.0,1680782.35,2387.300048828125,2109.300048828125,2728.5509248247226,2109.300048828125
2026-03-18,2165.0,2175.0,2129.699951171875,2135.300048828125,2441148,2254.625,2331.563994140625,2412.3017626953124,2235.1932452751707,30.266967353914794,-56.81666701775475,-45.67201548014018,-11.144651537614571,2422.098583271427,2254.625,2087.151416728573,0.14856003394926148,48.81922012571291,0.022862932145065705,33.34089069473637,12.273827336502125,31.831958417334285,-53782401.0,1664238.5,2387.300048828125,2109.300048828125,2728.5509248247226,2109.300048828125
2026-03-19,2112.0,2133.60009765625,2070.10009765625,2077.300048828125,2098905,2242.3150024414062,2324.61599609375,2411.0451916503907,2220.1557979944996,25.500210627204567,-62.248098131435654,-48.987232010399275,-13.26086612103638,2423.371158014263,2242.3150024414062,2061.2588468685494,0.16149038415719916,49.989272343295916,0.02406454107171304,34.82466714261802,11.13036351270936,37.38249675565511,-55881306.0,1724633.7,2387.300048828125,2070.10009765625,2728.5509248247226,2070.10009765625
2026-03-20,2099.699951171875,2099.800048828125,2069.0,2082.699951171875,2429744,2232.484997558594,2318.2819970703126,2409.91037109375,2207.0647649637735,26.658314625697813,-65.36335140240863,-52.26245588880115,-13.100895513607476,2425.401118383027,2232.484997558594,2039.5688767341608,0.1728263536242374,48.61861352078371,0.023344031622715228,36.21385669678124,10.626711993788112,35.85255220450785,-53451562.0,1788039.6,2387.300048828125,2069.0,2728.5509248247226,2069.0
2026-03-23,2062.300048828125,2097.0,2033.300048828125,2052.199951171875,2599535,2219.3699951171875,2311.5919970703126,2408.563156738281,2192.315735078831,24.355358521645158,-69.49224383519459,-55.708413478079834,-13.783830357114752,2423.5362606529857,2219.3699951171875,2015.203729581389,0.1839857851417135,49.695851924433086,0.024215891778018556,37.857730571245696,9.653763535590263,37.70121079840104,-56051097.0,1862517.8,2387.300048828125,2033.300048828125,2728.5509248247226,2033.300048828125
2026-03-24,2070.0,2115.0,2066.0,2085.0,1702418,2206.35,2305.8399951171873,2407.3215209960936,2182.095188880847,31.235200830965994,-69.31866855453336,-58.43046449337054,-10.888204061162817,2409.9185007703277,2206.35,2002.7814992296721,0.18452965374516989,50.63186598898251,0.02428386857984773,38.75220050087425,11.337828861522011,34.36108125635925,-54348679.0,1906678.75,2387.300048828125,2033.300048828125,2728.5509248247226,2033.300048828125
2026-03-25,2098.0,2154.699951171875,2086.0,2134.800048828125,2069217,2195.1599975585937,2300.4119970703123,2406.2631005859375,2177.590889828207,40.137374052294774,-64.42006672095113,-59.62838493888667,-4.791681782064458,2388.3623022617103,2195.1599975585937,2001.957692855477,0.1760257155906556,51.99387207347483,0.024355382651418008,38.33038850526893,15.706130729660428,31.070905496530365,-52279462.0,1926797.9,2387.300048828125,2033.300048828125,2728.5509248247226,2033.300048828125
2026-03-27,2123.300048828125,2127.0,2069.5,2074.39990234375,2789151,2180.1349975585936,2294.1099951171873,2404.885986328125,2167.763176734449,34.332095303764305,-64.66624430056208,-60.63595681122176,-4.030287489340324,2361.461888800405,2180.1349975585936,1998.8081063167817,0.1663446451204803,52.94431327023556,0.025522712959259543,38.17660985411339,14.32245170083298,30.55967880427331,-55068613.0,1953018.6,2387.300048828125,2033.300048828125,2728.5509248247226,2033.300048828125
2026-03-30,2064.0,2082.39990234375,2046.199951171875,2055.199951171875,2482193,2163.7299926757814,2288.143994140625,2403.403054199219,2157.0428695380133,32.71239991894171,-65.65380125213824,-61.63952569940506,-4.014275552733174,2327.037954203256,2163.7299926757814,2000.4220311483066,0.15095040701036785,51.74828740606695,0.02517919844079408,38.35354735383848,13.606800616074423,32.248825114520024,-57550806.0,2034545.15,2378.89990234375,2033.300048828125,2728.5509248247226,2033.300048828125
2026-04-01,2119.89990234375,2119.89990234375,2052.0,2064.699951171875,2028470,2150.0599853515623,2282.3679931640627,2402.059918212891,2148.2483058840953,34.36243679126896,-64.92150198340596,-62.295920956205244,-2.6255810272007167,2297.7164007867045,2150.0599853515623,2002.40356991642,0.1373509729413419,52.901974187330026,0.02562211238359555,37.428918632064715,17.422617660403873,29.29228938483965,-55522336.0,2085120.95,2354.0,2033.300048828125,2728.5509248247226,2033.300048828125
2026-04-02,2055.0,2069.89990234375,2022.5,2065.300048828125,1431905,2137.2949829101562,2276.46599609375,2400.9343225097655,2140.348471878765,34.47174938344264,-63.56004602554276,-62.54874597007275,-1.0113000554700093,2266.7967174805895,2137.2949829101562,2007.793248339723,0.12118283681563011,52.508969055645736,0.025424377966504156,37.01841831598014,16.29923083644396,31.416482059263526,-54090431.0,2033883.1,2311.60009765625,2022.5,2728.5509248247226,2022.5
2026-04-06,2065.300048828125,2092.800048828125,2041.9000244140625,2084.800048828125,1661298,2128.4699829101564,2269.8839990234374,2399.9734851074218,2135.058145873942,38.080387542338045,-60.21349168789402,-62.08169511363701,1.8682034257429905,2246.5160294468456,2128.4699829101564,2010.4239363734673,0.11092103481327027,52.39404443838979,0.025131448201874663,36.019380083952456,18.29016513412426,29.23643643308437,-52429133.0,1991817.15,2277.800048828125,2022.5,2728.5509248247226,2022.5
2026-04-07,2064.699951171875,2119.5,2050.800048828125,2110.60009765625,2709707,2121.2499877929686,2264.5139990234375,2399.10041015625,2132.728807948448,42.58551263738028,-54.84723021555146,-60.63480213401991,5.787571918468444,2224.1492263704213,2121.2499877929686,2018.3507492155159,0.09701755018937028,53.55875206221016,0.025376077695478807,34.42209747586574,20.175226746871445,26.55774690582128,-49719426.0,1942445.2,2250.0,2022.5,2728.5509248247226,2022.5
2026-04-08,2130.0,2192.800048828125,2130.0,2145.60009765625,3794437,2117.2449951171875,2260.0660009765625,2398.3964428710938,2133.9546450634766,48.10198644071194,-47.22583185157282,-57.9530080775305,10.727176225957678,2209.227167490898,2117.2449951171875,2025.262822743477,0.08688854864301553,55.604551998614795,0.02591561776090266,32.48044907277082,27.460861292813256,23.753447334206676,-45924989.0,1990366.15,2224.0,2022.5,2728.5509248247226,2022.5
2026-04-09,2145.5,2162.89990234375,2115.0,2133.199951171875,2506245,2114.1749877929688,2254.917998046875,2397.7841381835938,2133.8827694547526,46.4009621733489,-41.70565015374359,-54.703536492773125,12.997886339029534,2199.481318164633,2114.1749877929688,2028.8686574213045,0.08069940365789435,55.054219880410166,0.025808279177095467,30.37921163872339,25.75426760979327,24.223389502323453,-48431234.0,2096375.1,2224.0,2022.5,2728.5509248247226,2022.5
2026-04-10,2133.199951171875,2170.0,2121.39990234375,2155.300048828125,2144484,2112.4299926757812,2249.8339990234376,2397.2975537109373,2135.922510347455,49.80768488892119,-35.142472655473284,-50.79132372531316,15.648851069839878,2192.724980609772,2112.4299926757812,2032.1350047417907,0.07602144280510079,54.593211150113014,0.02532974987858248,28.56282825840468,25.045584314006607,22.68308927794308,-46286750.0,2146046.5,2195.0,2022.5,2728.5509248247226,2022.5
2026-04-13,2131.0,2140.699951171875,2113.5,2127.199951171875,1994541,2110.7199951171874,2244.36,2396.6115563964845,2135.0917904259713,45.81989555476591,-31.84150123589734,-47.00135922743,15.159857991532661,2188.1771358140627,2110.7199951171874,2033.2628544203121,0.07339404646382275,53.67941384139959,0.025234775796148162,26.705341678849127,23.652516825352613,22.472628169647916,-48281291.0,2199021.4,2192.800048828125,2022.5,2728.5509248247226,2022.5
2026-04-15,2140.89990234375,2168.0,2140.89990234375,2157.60009765625,1552971,2111.7550048828125,2239.94400390625,2396.112781982422,2137.235438733617,50.44260747654295,-26.4673210453293,-42.894551591009865,16.427230545680565,2191.113652542738,2111.7550048828125,2032.3963572228874,0.07515895307593128,52.75945919759426,0.02445284427587189,25.52470549191588,26.042042349405186,21.231301237726804,-46728320.0,2233085.65,2192.800048828125,2022.5,2728.5509248247226,2022.5
2026-04-16,2158.0,2163.699951171875,2129.10009765625,2139.10009765625,1845734,2110.710009765625,2235.67400390625,2395.5810388183595,2137.413025297677,47.77141121364577,-23.430942593512555,-39.0018297915104,15.570887197997848,2188.024056407994,2110.710009765625,2033.3959631232558,0.07325880512686266,51.462344506025026,0.024057941263436352,24.15205576924163,24.79140412730027,21.849479386448458,-48574054.0,2221135.55,2192.800048828125,2022.5,2728.5509248247226,2022.5
2026-04-17,2142.0,2245.0,2133.0,2240.800048828125,4882697,2113.9650146484373,2233.0300048828126,2395.4804052734376,2147.259408491053,60.237181740456904,-12.672177700531847,-33.735899373314695,21.063721672782847,2206.0249230609975,2113.9650146484373,2021.9051062358772,0.08709690820296775,55.78646275559467,0.024895778980712453,24.260723599469074,31.64581615810889,18.71617739063303,-43691357.0,2198478.5,2245.0,2022.5,2728.5509248247226,2022.5
2026-04-20,2240.800048828125,2253.39990234375,2223.199951171875,2231.5,1460822,2117.630017089844,2230.51400390625,2395.322852783203,2155.2823219680954,58.8538234210368,-4.840417902285935,-27.956803079108944,23.11638517682301,2221.518642067841,2117.630017089844,2013.7413921118468,0.0981178243031955,53.95885478532898,0.024180530936737162,24.480984370502867,31.49264141988292,17.96795166836745,-45152179.0,2343537.8,2253.39990234375,2022.5,2728.5509248247226,2022.5
2026-04-21,2238.699951171875,2335.699951171875,2227.199951171875,2310.699951171875,3217281,2126.400012207031,2229.3560009765624,2395.4318188476564,2170.084000939884,66.01223979039872,7.668682522042218,-20.83170595887871,28.50038848092093,2260.1084600604063,2126.400012207031,1992.6915643536558,0.1257603904117708,57.8546508720912,0.025037716750177852,25.680533030423017,37.434938459846805,15.561029781694689,-41934898.0,2331281.1,2335.699951171875,2022.5,2728.5509248247226,2022.5
2026-04-22,2310.39990234375,2408.0,2310.39990234375,2368.800048828125,5558325,2140.9750122070313,2229.312001953125,2395.8923046875,2189.009338834002,70.11916530931515,22.01663300915652,-12.262038165271663,34.27867117442818,2309.1939790252195,2140.9750122070313,1972.7560453888432,0.15714239153569481,60.69361135667397,0.02562209139884975,27.438447561917968,41.643843710609225,13.77364699557946,-36376573.0,2370087.75,2408.0,2022.5,2728.5509248247226,2022.5
2026-04-23,2336.0,2400.0,2336.0,2366.39990234375,2063531,2155.160009765625,2229.552001953125,2396.3363256835937,2205.903678215883,69.7442370477786,32.81553828082997,-3.246522876051338,36.062061156881306,2347.4536494038875,2155.160009765625,1962.8663701273626,0.1784495246449701,60.9297819740544,0.02574788053097357,29.07079676973471,38.519396998427474,12.740240320414012,-38440104.0,2543058.75,2408.0,2022.5,2728.5509248247226,2022.5
2026-04-24,2388.60009765625,2388.60009765625,2299.0,2327.300048828125,1676706,2168.9150146484376,2227.61400390625,2396.5272985839842,2217.4652373218105,63.762858555505176,37.783176167295096,4.959416932617948,32.82375923467715,2368.980821533541,2168.9150146484376,1968.8492077633339,0.1844846898416004,62.9776616656398,0.027060396315185573,29.6899814415259,34.60492315230772,15.642032519947309,-40116810.0,2524748.1,2408.0,2022.5,2728.5509248247226,2022.5
2026-04-27,2334.89990234375,2362.800048828125,2325.0,2328.300048828125,1099681,2181.0800170898438,2225.4800048828124,2396.692017822266,2228.020933655745,63.848253427898285,41.32439472600936,12.23241249129623,29.09198223471313,2388.7016677778024,2181.0800170898438,1973.458366401885,0.19038425831344108,61.17926074867446,0.026276364500128355,30.26493863676058,33.07771585917858,14.951708023670149,-39017129.0,2478606.65,2408.0,2022.5,2728.5509248247226,2022.5
2026-04-28,2321.0,2334.39990234375,2281.10009765625,2289.5,1629120,2188.8150146484377,2222.1980029296874,2396.534246826172,2233.8760828313884,58.12482235720068,40.5327598472486,17.892481962486706,22.640277884761893,2400.45159119383,2188.8150146484377,1977.1784381030454,0.19338004822612653,60.61644245859057,0.026475842960729665,29.784697413986994,31.000208122128008,19.18566898875626,-40646249.0,2448469.8,2408.0,2022.5,2728.5509248247226,2022.5
2026-04-29,2305.0,2349.699951171875,2291.0,2314.39990234375,1778765,2200.8150146484377,2219.2280029296876,2396.1482482910155,2241.545018023042,60.56774176370004,41.43693829333597,22.60137322865656,18.83556506467941,2412.3574211550385,2200.8150146484377,1989.2726081418368,0.1922400611578825,60.586693080968026,0.026178143638708677,29.542177299659556,30.603838514780797,17.82401174123001,-38867484.0,2426464.95,2408.0,2022.5,2728.5509248247226,2022.5
2026-04-30,2312.0,2368.800048828125,2211.60009765625,2250.89990234375,4434979,2210.6000122070313,2216.052001953125,2395.532559814453,2242.435959386919,52.20372764565111,36.607597323252776,25.402618047575803,11.204979275676973,2412.1642820927214,2210.6000122070313,2009.0357423213416,0.1823615930269095,67.48764008746139,0.029982515000862485,27.761511602929268,25.511983479271734,23.262104291328274,-43302463.0,2375945.65,2408.0,2022.5,2728.5509248247226,2022.5
2026-05-01,2250.89990234375,2250.89990234375,2250.89990234375,2250.89990234375,0,2219.910009765625,2214.9660009765626,2394.764569091797,2243.2420491923317,52.20372764565111,32.406745026768476,26.80344344341434,5.603301583354135,2410.5638881509894,2219.910009765625,2029.256131380261,0.17176721357771904,62.66709436692843,0.027840906786515164,26.108036313108286,25.511983479271734,23.262104291328274,-43302463.0,2473584.95,2408.0,2022.5,2728.5509248247226,2022.5
2026-05-04,2268.800048828125,2365.800048828125,2268.800048828125,2309.300048828125,2554255,2232.110009765625,2214.772001953125,2394.3629931640626,2249.5332872528834,58.33997034431788,33.40487249093485,28.123729252918444,5.281143238016405,2412.583855948061,2232.110009765625,2051.636163583189,0.1617069457982368,66.39802666103176,0.02875244674018261,26.10094026823949,34.7191030708299,20.386783049528827,-40748208.0,2372161.45,2408.0,2041.9000244140625,2728.5509248247226,2022.5
2026-05-05,2301.5,2335.39990234375,2288.10009765625,2327.39990234375,1741424,2244.2400024414064,2215.0739990234374,2393.500252685547,2256.9491553567755,60.051765899662065,35.250061838853526,29.548995770105464,5.701066068748062,2415.874061048235,2244.2400024414064,2072.605943834578,0.15295517272672773,65.03386794863664,0.02794271318957516,26.094351083718465,32.91542002077837,19.32767461125793,-39006784.0,2428278.95,2408.0,2050.800048828125,2728.5509248247226,2022.5
2026-05-06,2330.0,2339.39990234375,2288.300048828125,2317.10009765625,1196175,2254.5650024414062,2214.9460009765626,2392.6008959960936,2262.677816528154,58.57675164746851,35.472376061281466,30.73367182834067,4.738704232940798,2417.419604582699,2254.5650024414062,2091.7104003001136,0.14446653963397982,64.03858120342153,0.02763738229012922,26.13566608632324,31.485508420864655,18.22606041592994,-40202959.0,2432285.25,2408.0,2113.5,2728.5509248247226,2022.5
2026-05-07,2310.0,2327.89990234375,2268.10009765625,2272.199951171875,1859012,2260.8949951171876,2214.8039990234374,2391.425941162109,2263.5846864942228,52.5205146907521,31.660532201908154,30.919043903054167,0.7414882988539873,2415.971990180526,2260.8949951171876,2105.818000053849,0.13718195263225877,63.735811452284274,0.02805026530319784,25.75294845491238,29.37542842126246,19.268399143001115,-42061971.0,2356608.65,2408.0,2113.5,2728.5509248247226,2022.5
2026-05-08,2272.199951171875,2297.300048828125,2256.0,2287.699951171875,1104526,2268.6199951171875,2214.267998046875,2390.3746228027344,2265.881378368285,54.277920948721764,29.54970829838885,30.645176782121105,-1.0954684837322546,2412.469458731254,2268.6199951171875,2124.770531503121,0.12681671141370296,62.13325697913004,0.027159705514397663,25.146120861315577,27.98072258240397,19.74459217934003,-40957445.0,2259837.4,2408.0,2113.5,2728.5509248247226,2022.5
2026-05-11,2277.10009765625,2317.10009765625,2259.199951171875,2307.199951171875,1903862,2276.214990234375,2213.5039990234377,2389.459500732422,2269.8164805400556,56.46130038828475,29.114735629837924,30.33908855166447,-1.2243529218265472,2411.09023976215,2276.214990234375,2141.3397407066,0.11850835716874639,61.83089194379039,0.0267991042182474,24.871372572674794,28.396507516390695,18.423922268788665,-39053583.0,2189751.45,2408.0,2113.5,2728.5509248247226,2022.5
2026-05-12,2285.300048828125,2307.0,2256.0,2262.0,983506,2282.9549926757813,2211.5719970703126,2388.418591308594,2269.0720538219553,50.447723639295916,24.83645910794803,29.238562662921183,-4.402103554973152,2399.6123508648475,2282.9549926757813,2166.297634486715,0.10219856156895642,61.07153903151072,0.02699891203868732,24.543200291968937,26.69604299168582,17.694907443068935,-40037089.0,2177720.35,2408.0,2129.10009765625,2728.5509248247226,2022.5
2026-05-13,2265.0,2295.800048828125,2250.0,2267.300048828125,1308559,2288.439990234375,2209.42,2387.52671875,2268.90329144159,51.10533610215592,21.624292404917014,27.715708611320352,-6.091416206403338,2390.3950977037125,2288.439990234375,2186.484882765037,0.08910446234501938,59.980718302697454,0.026454689282831817,24.094656075723634,25.24000356156836,17.444317835922458,-38728530.0,2127168.6,2408.0,2129.10009765625,2728.5509248247226,2022.5
2026-05-14,2268.0,2285.89990234375,2245.0,2248.699951171875,1380764,2293.9199829101562,2206.727998046875,2386.4684228515625,2266.9791637968556,48.6644994140146,17.377438423925014,25.648054573841286,-8.270616149916272,2372.2149131295932,2293.9199829101562,2215.6250526907193,0.06826300028138645,58.61780287705835,0.026067418575124082,23.553126595358982,23.982080407367526,17.1841934301897,-40109294.0,2114948.0,2408.0,2133.0,2728.5509248247226,2022.5
2026-05-15,2248.699951171875,2298.89990234375,2246.199951171875,2272.199951171875,1038522,2295.4899780273436,2205.4099951171875,2385.6729846191406,2267.4763816420955,51.79695057453313,15.726741562191364,23.6637919715113,-7.937050409319937,2370.6580765516587,2295.4899780273436,2220.3218795030284,0.06549198580157753,58.19509918383097,0.025611786125519963,23.287570198556903,24.026445377268875,16.0726538879554,-39070772.0,2091699.5,2408.0,2211.60009765625,2728.5509248247226,2022.5
2026-05-18,2263.10009765625,2265.0,2224.699951171875,2254.199951171875,1118204,2296.6249755859376,2204.0819921875,2384.8500549316404,2266.2119596925504,49.31477286892883,12.81834098320087,21.494701773849215,-8.676360790648346,2368.5076575328862,2296.6249755859376,2224.742293638989,0.06259853716744436,57.43116352784304,0.025477404299466294,22.47449058583768,22.607036613658973,17.79713941008823,-40188976.0,1899490.75,2408.0,2211.60009765625,2728.5509248247226,2022.5
2026-05-19,2242.0,2282.0,2229.5,2232.89990234375,1145022,2292.734973144531,2203.5139892578127,2384.0317517089843,2263.0393828021884,46.476495535319394,8.694452406725759,18.934651900424523,-10.240199493698764,2369.410572211672,2292.734973144531,2216.05937407739,0.06688570634221955,57.07893756156854,0.025562694280050785,22.05518531663187,23.249168119484835,16.627894227207207,-41333998.0,1882359.85,2408.0,2211.60009765625,2728.5509248247226,2022.5
2026-05-20,2224.89990234375,2226.89990234375,2201.0,2209.300048828125,1071994,2284.759973144531,2202.599990234375,2382.965469970703,2257.9213509951346,43.48987953070816,3.4817940973384793,15.844080339807315,-12.362286242468835,2361.3095855778506,2284.759973144531,2208.2103607112117,0.06700888787714859,55.28043504601007,0.025021696385392454,20.93409752120691,22.29087739695897,19.62504321340988,-42405992.0,1778746.9,2400.0,2201.0,2728.5509248247226,2022.5
2026-05-21,2224.0,2229.0,2176.0,2179.0,1581812,2275.3899780273437,2201.6659912109376,2381.6881555175783,2250.4050318527406,39.94105706694854,-3.0589739330275734,12.063469485240338,-15.122443418267911,2355.469155755904,2275.3899780273437,2195.3108002987833,0.07038721142472926,55.11754682843792,0.025294881518328555,19.56671970418756,20.759842402505374,21.516938410509997,-43987804.0,1554430.35,2388.60009765625,2176.0,2728.5509248247226,2022.5
2026-05-22,2180.0,2224.5,2175.39990234375,2203.60009765625,1382889,2269.20498046875,2201.8459912109374,2380.6142114257814,2245.9474190721226,43.94070605180708,-6.186246235715771,8.413526341049117,-14.599772576764888,2351.37239628009,2269.20498046875,2187.03756465741,0.0724195623741023,54.6877290304245,0.024817447180452746,18.3108809308676,19.42850392681147,20.21542678485264,-42604915.0,1530344.4,2368.800048828125,2175.39990234375,2728.5509248247226,2022.5
2026-05-25,2215.0,2238.10009765625,2192.89990234375,2196.5,780722,2262.6149780273436,2201.9719921875,2379.0890344238283,2241.238141065254,43.04960784734005,-9.132279377229679,4.904365197393359,-14.036644574623038,2345.9008058044324,2262.6149780273436,2179.3291502502548,0.07361908993433906,54.01004805057275,0.02458914092901104,17.196507854111935,20.065736667880415,19.006999210485507,-43385637.0,1515653.55,2368.800048828125,2175.39990234375,2728.5509248247226,2022.5
2026-05-26,2199.60009765625,2220.0,2190.0,2209.39990234375,2302703,2258.609973144531,2202.9319921875,2377.4671240234375,2238.205927853682,45.22312260189294,-10.307301402250687,1.8620318774645495,-12.169333279715236,2344.015926255409,2258.609973144531,2173.2040200336533,0.07562700433131629,52.29504461838898,0.02366934322886226,16.084995237624064,19.243517135241596,18.624253655932755,-41082934.0,1499705.6,2368.800048828125,2175.39990234375,2728.5509248247226,2022.5
2026-05-27,2205.10009765625,2214.60009765625,2187.0,2198.39990234375,616538,2252.8099731445313,2204.1619921875,2375.83982421875,2234.414877805117,43.69183384739478,-11.987933457156032,-0.9079611894595669,-11.079972267696466,2338.0283051625515,2252.8099731445313,2167.591641126511,0.07565514449411834,50.53111983537905,0.02298540851530561,14.9692520576906,18.492745059520608,18.321708525079604,-41699472.0,1533384.75,2368.800048828125,2175.39990234375,2728.5509248247226,2022.5
2026-05-28,2198.39990234375,2198.39990234375,2198.39990234375,2198.39990234375,0,2250.1849731445313,2204.929990234375,2374.2571728515627,2230.98488014213,43.69183384739478,-13.168053346815213,-3.3599796209306962,-9.808073725884517,2338.6494467978,2250.1849731445313,2161.7204994912627,0.07862862361012356,46.92175413285197,0.021343593621355208,13.933204819180956,18.492745059520608,18.321708525079604,-41699472.0,1475273.4,2365.800048828125,2175.39990234375,2728.5509248247226,2022.5
2026-05-29,2133.5,2207.800048828125,2118.10009765625,2153.5,17701621,2245.314978027344,2204.4859912109373,2372.445556640625,2223.605367747641,37.655813933026955,-17.52434400748234,-6.192852498241026,-11.331491509241316,2343.297579904533,2245.314978027344,2147.3323761501547,0.08727737786105474,49.97733963563933,0.023207494606751488,14.79494267659807,16.12195870347772,27.449451154076353,-59401093.0,1253524.45,2365.800048828125,2118.10009765625,2728.5509248247226,2022.5
2026-06-01,2158.5,2167.5,2080.300048828125,2084.300048828125,1470488,2234.064978027344,2203.0079931640626,2370.377735595703,2210.338194517211,30.632028672555847,-26.25790864698638,-10.205863727990097,-16.05204491899628,2350.0851654886346,2234.064978027344,2118.044790566053,0.10386464906113466,52.63609760251331,0.02525360858294245,16.21780068689715,14.21420490526747,29.33085159656345,-60871581.0,2138605.5,2339.39990234375,2080.300048828125,2728.5509248247226,2022.5
2026-06-02,2079.0,2097.0,2065.699951171875,2093.699951171875,2148903,2222.37998046875,2202.1759912109374,2368.4506762695314,2199.2297903890835,32.4745350769561,-32.05135985966626,-14.574962954325333,-17.47639690534093,2345.313758415142,2222.37998046875,2099.4462025223584,0.11063254621332777,51.112094118628434,0.02441232999505026,17.75684728021959,13.592454787414116,30.08822431379191,-58722678.0,2084417.15,2339.39990234375,2065.699951171875,2728.5509248247226,2022.5
2026-06-03,2092.0,2099.60009765625,2072.199951171875,2090.60009765625,1544973,2211.05498046875,2202.4419921875,2366.4098913574217,2188.884105366909,32.1710635538968,-36.47241268726111,-18.95445290091249,-17.517959786348623,2338.642200216595,2211.05498046875,2083.4677607209046,0.11540845512651736,49.41838357332462,0.023638372364340292,19.098590612750773,13.429956718443517,28.89661779289729,-60267651.0,2104791.1,2327.89990234375,2065.699951171875,2728.5509248247226,2022.5
2026-06-04,2089.0,2110.89990234375,2073.5,2079.39990234375,2142735,2201.4149780273438,2202.3759912109376,2364.484754638672,2178.4570384123226,31.042312480561904,-40.414023358456234,-23.24636699242124,-17.167656366034993,2337.8908018404504,2201.4149780273438,2064.939154214237,0.1239891843884888,48.559920628355,0.023352853183085057,19.95537879965252,14.353265769077838,27.30693132257567,-62410386.0,2122231.0,2317.10009765625,2065.699951171875,2728.5509248247226,2022.5
2026-06-05,2086.699951171875,2127.5,2077.199951171875,2121.5,1822999,2193.10498046875,2203.7619921875,2362.7140588378907,2173.03255856353,39.61823332467476,-39.68320884782952,-26.5337353635029,-13.14947348432662,2327.7812132356426,2193.10498046875,2058.4287477018574,0.12281786231510643,48.68421549976714,0.022948015790604355,20.195013405012812,15.729540233527523,25.291699127012965,-60587387.0,2136417.15,2317.10009765625,2065.699951171875,2728.5509248247226,2022.5
2026-06-08,2105.300048828125,2125.0,2091.5,2110.10009765625,1601497,2183.2499877929686,2204.263994140625,2360.9582983398436,2167.0389908580746,38.2317182281005,-39.567796995439494,-29.14054768989022,-10.427249305549275,2311.794275086948,2183.2499877929686,2054.7057004989892,0.11775498730122408,47.5996286783552,0.022557995580980022,20.417531252847365,14.938808378117686,24.020272761063467,-62188884.0,2172340.8,2307.0,2065.699951171875,2728.5509248247226,2022.5
2026-06-09,2119.699951171875,2138.60009765625,2110.10009765625,2132.800048828125,1460636,2176.789990234375,2204.223994140625,2358.8819494628906,2163.778139236175,42.54368810205003,-37.21563722278597,-30.75556559646937,-6.460071626316601,2301.7917258458397,2176.789990234375,2051.7882546229107,0.11484960531080496,46.23536948704412,0.02167824851300445,20.153802452332858,16.382127849790063,22.962675234560454,-60728248.0,2157222.55,2298.89990234375,2065.699951171875,2728.5509248247226,2022.5
2026-06-10,2134.89990234375,2204.89990234375,2133.5,2169.5,2325534,2171.8999877929687,2206.12599609375,2356.8070324707032,2164.323078356539,48.770369793775316,-32.02103574363127,-31.008659625901753,-1.01237611772952,2289.8067308595346,2171.8999877929687,2053.9932447264027,0.10857474444426868,48.08283263194275,0.022163094091699816,19.345214456076096,24.476539621324275,20.50322077394579,-58402714.0,2181079.05,2298.89990234375,2065.699951171875,2728.5509248247226,2022.5
2026-06-11,2164.0,2165.0,2135.300048828125,2139.800048828125,1178896,2166.4549926757813,2207.817998046875,2354.2611499023437,2161.9875517347855,44.561604815929336,-29.955506065768986,-30.7980289138752,0.8425228481062135,2279.6355674868737,2166.4549926757813,2053.274417864689,0.10448458444207365,47.09119824193791,0.022007289077186302,18.594382745266245,23.206820299853856,19.43961717753006,-59581610.0,2231927.8,2298.89990234375,2065.699951171875,2728.5509248247226,2022.5
2026-06-12,2151.199951171875,2179.39990234375,2145.0,2168.800048828125,1156153,2161.2849975585937,2209.9,2351.96841796875,2162.6363609817704,49.17385389545498,-25.68244998122418,-29.774913127345,4.092463146120817,2263.596422750141,2161.2849975585937,2058.9735723670465,0.09467647747253978,46.55610219005842,0.021466295251705767,18.23757742918841,24.006168559923324,18.25854445571493,-58425457.0,2221834.4,2282.0,2065.699951171875,2728.5509248247226,2022.5
2026-06-15,2200.0,2211.0,2150.0,2156.10009765625,1439449,2156.3800048828125,2211.7160009765626,2349.7019812011717,2162.0138597126734,47.31728669909664,-23.055038042870365,-28.430938110450075,5.37590006757971,2249.386084407408,2156.3800048828125,2063.373925358217,0.08626130766747653,47.587809176482814,0.022071242994799865,18.58482727924625,26.551288402308195,16.586790955527356,-59864906.0,2227715.95,2282.0,2065.699951171875,2728.5509248247226,2022.5
2026-06-16,2161.0,2209.0,2160.10009765625,2199.89990234375,1337309,2154.7300048828124,2214.017998046875,2347.6461083984377,2165.6220542489664,53.796288433833,-17.239787426150087,-26.19270797359008,8.95292054743999,2243.3131758694676,2154.7300048828124,2066.146833896157,0.08222206103402074,47.96724440271618,0.021804284982063226,18.907273568585676,24.45974122692051,15.280185594381742,-58527597.0,2243778.2,2238.10009765625,2065.699951171875,2728.5509248247226,2022.5
2026-06-17,2201.10009765625,2224.60009765625,2183.0,2197.60009765625,1511401,2154.1450073242186,2215.757998046875,2345.2761157226564,2168.6675821925173,53.42476514038194,-12.670674782125388,-23.48830133529714,10.817626553171753,2241.423872607394,2154.1450073242186,2066.866142041043,0.08103341695793205,47.51244820654003,0.021620152027301172,19.532001303527394,25.275290117513034,14.3245605244923,-60038998.0,2253392.55,2238.10009765625,2065.699951171875,2728.5509248247226,2022.5
2026-06-18,2208.699951171875,2221.60009765625,2196.800048828125,2218.5,1120482,2156.120007324219,2217.21599609375,2343.2001330566404,2173.413526745611,56.37341330634479,-7.279261842352753,-20.246493436708267,12.967231594355514,2247.2614178322647,2156.120007324219,2064.978596816173,0.08454205721244037,45.89013396522467,0.020685208007764105,20.11210562883042,24.299623773796238,13.771609736299467,-58918516.0,2275362.9,2238.10009765625,2065.699951171875,2728.5509248247226,2022.5
2026-06-19,2209.60009765625,2210.60009765625,2179.89990234375,2194.60009765625,1508994,2155.6700073242187,2218.4439990234373,2340.977861328125,2175.431295403767,52.29610285047657,-4.878810730723217,-17.172956895511255,12.294146164788039,2245.9541055043564,2155.6700073242187,2065.385909144081,0.08376430332414864,45.36941708601219,0.02067320471482026,20.019285506051315,22.822908666505146,15.595414093218084,-60427510.0,2252296.4,2238.10009765625,2065.699951171875,2728.5509248247226,2022.5
2026-06-22,2203.699951171875,2208.199951171875,2193.5,2194.300048828125,200781,2155.560009765625,2219.2239990234375,2338.8051879882814,2177.22831953942,52.245014157434895,-2.9664519517104964,-14.331655906751104,11.365203955040608,2245.650011138069,2155.560009765625,2065.470008393181,0.08358848834112444,43.178740949288105,0.01967768308274335,19.933095392042144,22.267913917399632,15.216173521460252,-60628291.0,2258601.65,2224.60009765625,2065.699951171875,2728.5509248247226,2022.5
