Date,open,high,low,close,volume,sma_20,sma_50,sma_200,ema_20,rsi_14,macd,macd_signal,macd_hist,bb_upper,bb_mid,bb_lower,bb_width,atr_14,atr_pct,adx_14,plus_di,minus_di,obv,avg_volume_20,recent_high_20,recent_low_20,recent_high_52w,recent_low_52w
2021-06-22,386.93807938477613,389.17922127096506,381.72400899267575,382.95892333984375,28442965,,,,382.95892333984375,,0.0,0.0,0.0,,,,,,,,,,0.0,,,,,
2021-06-23,385.2000267709772,388.5388482534306,379.6200636260711,383.141845703125,27564829,,,,382.9763445172991,,0.014592097355773603,0.002918419471154721,0.011673677884618882,,,,,,,,,,27564829.0,,,,,
2021-06-24,384.513985899629,386.70937356674546,380.809243040243,381.6325378417969,19214547,,,,382.848362929156,,-0.09454226655816456,-0.016573717734709136,-0.07796854882345541,,,,,,,,,,8350282.0,,,,,
2021-06-25,385.1086042207349,394.25607700507544,383.3248358614399,392.2436218261719,29886797,,,,383.74314949077655,,0.6674992449871979,0.12024087480967227,0.5472583701775257,,,,,,,,,,38237079.0,,,,,
2021-06-28,393.9816403852467,396.22275433362654,388.3559226272055,390.3683776855469,29370660,,,,384.3741236045642,,1.1073413611055116,0.31766097206884014,0.7896803890366715,,,,,,,,,,8866419.0,,,,,
2021-06-29,391.0544317388026,392.38082635783167,384.6969274716719,385.5659484863281,22275961,,,,384.4876307361608,,1.0562279676866524,0.46537437119240266,0.5908535964942497,,,,,,,,,,-13409542.0,,,,,
2021-06-30,386.93806431492044,388.6760784059744,382.63874132285144,383.4620361328125,18337773,,,,384.3899550596514,,0.836311611677047,0.5395618192893316,0.2967497923877155,,,,,,,,,,-31747315.0,,,,,
2021-07-01,384.4682425958838,387.5784054538985,381.58679445707094,384.5597229003906,16161469,,,,384.40612342543614,,0.7420466120840388,0.5800587778482731,0.16198783423576568,,,,,,,,,,-15585846.0,,,,,
2021-07-02,384.4682200271771,389.13343612447625,383.279059886002,388.21868896484375,16423811,,,,384.7692249053797,,0.9516192288027128,0.6543708680391611,0.29724836076355166,,,,,,,,,,837965.0,,,,,
2021-07-05,390.1396910152482,397.457668806859,388.08150976135767,395.765380859375,16483761,,,,385.8164778533793,,1.7069849431312036,0.8648936830575698,0.8420912600736339,,,,,,,,,,17321726.0,,,,,
2021-07-06,394.8963780726386,399.2871534736993,391.6947628672366,393.11260986328125,20195278,,,,386.511347568608,,2.067725808593309,1.1054601081647177,0.9622657004285913,,,,,,,,,,-2873552.0,,,,,
2021-07-07,392.7467185189113,397.00028744406666,391.1001567984235,395.9483337402344,14473774,,,,387.41010815638197,,2.553005305238287,1.3949691475794315,1.1580361576588554,,,,,,,,,,11600222.0,,,,,
2021-07-08,395.90258222017076,398.2809305547424,386.1148038004786,388.26446533203125,21433043,,,,387.49147550644386,,2.291157797907033,1.5742068776449518,0.7169509202620812,,,,,,,,,,-9832821.0,,,,,
2021-07-09,388.76757956535766,391.054447680448,385.1543167771667,387.6241455078125,16844494,,,,387.50411074466945,,2.0088169124772435,1.6611288846114103,0.3476880278658332,,,,,7.8047613901134,0.020134868997617943,,19.422327809099407,14.106333718592058,-26677315.0,,,,,
2021-07-12,390.13970696271963,393.57000919275526,388.4016927493425,391.00872802734375,12886781,,,,387.8378838192099,57.95663090783827,2.034712352374072,1.7358455781639426,0.2988667742101294,,,,,7.671982982601212,0.019621001866906407,,20.689216117806012,13.325437291616202,-13790534.0,,,,,
2021-07-13,393.3413333813156,394.9878673314468,391.7862518271803,392.51806640625,12831125,,,,388.2836154941661,59.26553311604724,2.1522162588456126,1.8191197143002766,0.333096544545336,,,,,7.408208434137058,0.01887354766103856,,21.26252362212317,12.814191925432766,-959409.0,,,,,
2021-07-14,392.4265372739253,395.4451917789159,390.04818904060664,394.3017578125,12767351,,,,388.856771905436,60.81797157594466,2.3620398161655203,1.9277037346733255,0.4343360814921948,,,,,7.264550884435072,0.018423835908663488,,20.134207894759705,13.84314207184859,11807942.0,,,,,
2021-07-15,395.8111400579754,396.0398268669029,393.02114423953844,394.8963928222656,11030732,,,,389.43197389751504,61.34684620040001,2.546948930899873,2.051552773918635,0.4953961569812382,,,,,6.961274580358599,0.017628103742876475,,20.12071206175864,13.414361270717581,22838674.0,,,,,
2021-07-16,395.1708030523256,395.62817666696947,391.0087143254142,393.34130859375,8713863,,,,389.8042914876326,59.10015911044649,2.538743382267114,2.148990895588331,0.38975248667878315,,,,,6.794002277586933,0.017272536926966654,,19.14351747309288,14.87863445289719,14124811.0,,,,,
2021-07-19,387.3039562318398,392.8381935032809,383.1418676668262,391.4203186035156,14426686,389.5176605224609,,,389.95819883200244,56.35457112132794,2.350141618364944,2.1892210401436536,0.16092057822129036,398.5984585429075,389.5176605224609,380.4368625020143,0.046625860343618306,7.037247895396708,0.017978749597117878,,17.161683721130334,21.323228806105192,-301875.0,,399.2871534736993,379.6200636260711,,
2021-07-20,390.59705333166187,390.59705333166187,383.18759544875394,385.01708984375,14623321,389.6205688476563,,,389.4876170235974,48.29984063978516,1.6647955875387765,2.0843359496226785,-0.419540362083902,398.4447488546175,389.6205688476563,380.79638884069504,0.04529627392650068,7.122638985351349,0.018499539821055483,,15.744799260627275,19.56276333930939,-14925196.0,18488285.0,399.2871534736993,379.6200636260711,,
2021-07-22,389.2706766176685,390.3226582758298,385.0171075370059,386.0690612792969,11799761,389.76692962646484,,,389.162040286045,49.57497972807071,1.1927894888719948,1.906026657472542,-0.7132371686005472,398.2468080082511,389.76692962646484,381.2870512446786,0.04351255962076098,6.992848231546237,0.018112946446354444,,14.891528408949208,18.502582421191796,-3125435.0,17797302.8,399.2871534736993,380.809243040243,,
2021-07-23,386.84662969547367,393.2956149451495,383.7364944416952,392.3351135253906,17704661,390.3020584106445,,,389.4642377374112,56.46306173092238,1.3092471179368772,1.786670749565409,-0.47742363162853185,397.97332518176523,390.3020584106445,382.6307916395238,0.039309384133709185,7.176153393825386,0.018290877228252397,,16.43379668761798,16.742104694449026,14579226.0,17009049.4,399.2871534736993,381.58679445707094,,
2021-07-26,391.3288564591651,391.3288564591651,386.29774666033313,387.2124938964844,14037519,390.05050201416014,,,389.24978594303724,50.40157553060457,0.9769266333549353,1.6247219263233144,-0.647795292968379,397.7803376831366,390.05050201416014,382.32066634518367,0.03963505048223657,7.094811498913393,0.01832278557832405,,15.434909184665878,15.724477455272998,541707.0,16933555.1,399.2871534736993,381.58679445707094,,
2021-07-27,387.98998222399166,396.31418653177934,387.8527757402757,393.2955322265625,24119619,390.1968597412109,,,389.6350951128968,56.38880387546162,1.1906851332088308,1.5379145677004178,-0.34722943449158694,398.05500916456117,390.1968597412109,382.33871031786066,0.04027787116770746,7.238160151512077,0.018403870775075194,,18.968257838724725,14.312128009984928,24661326.0,16141091.2,399.2871534736993,381.58679445707094,,
2021-07-28,393.34130758964636,393.7986812031227,385.15430874207203,389.2249450683594,17636515,390.3798095703125,,,389.5960332038932,51.876008113505144,1.0198714765060117,1.4343059494615367,-0.41443447295552494,397.9637719657867,390.3798095703125,382.7958471748383,0.0388542758080742,7.338603887907693,0.01885440278402202,,17.37230727958282,15.734423982895741,7024811.0,15878539.15,399.2871534736993,381.58679445707094,,
2021-07-29,389.6823083744162,405.78186472611054,389.22493477303783,403.9066162109375,35263606,391.40203857421875,,,390.95894587123075,63.288050197858176,2.045608087596804,1.5565663770885902,0.4890417105082139,400.3664380957881,391.40203857421875,382.4376390526494,0.04580660619052707,7.997055749705194,0.01979926901105474,14.119521523140563,25.506428368737105,13.407551944964284,42288417.0,15646566.85,405.78186472611054,381.58679445707094,,
2021-07-30,403.8609135541163,406.5136750135399,393.9816543549279,394.98785400390625,35196813,391.9234451293945,,,391.34265140767604,54.78834813906795,2.1144678992855006,1.6681466815279724,0.4463212177575282,400.4370317591462,391.9234451293945,383.40985849964284,0.043445151013820515,8.320981814627109,0.021066424524904044,15.419247927913288,23.39072629696415,11.965210835818246,7091604.0,16492858.5,406.5136750135399,383.1418676668262,,
2021-08-02,397.6863408679497,399.4701090548665,394.9878254909973,397.82354736328125,16926025,392.40368804931643,,,391.95987959392414,56.77602619287731,2.370530550794797,1.8086234553813374,0.5619070954134595,401.1086189439332,392.40368804931643,383.69875715469965,0.04436722263182584,8.046789082430115,0.020227030641507035,16.626136732345103,22.460063440070545,11.489142792508186,24017629.0,17444625.7,406.5136750135399,383.1418676668262,,
2021-08-03,397.86928245647573,409.715241251747,396.6343682257757,408.4346008300781,40922962,393.0371490478516,,,393.52890066403404,63.28131659394633,3.390600647752592,2.1250188938555885,1.2655817538970036,404.14158814851896,393.0371490478516,381.9327099471842,0.05650579914681516,8.406366506968771,0.020581915660142832,18.82925674594634,28.668928905034104,10.212151309569407,64940591.0,17469736.4,409.715241251747,383.1418676668262,,
2021-08-04,410.4013553558495,427.5986207081888,403.8609179863568,417.9937744140625,129761158,394.2812072753906,,,395.8588886402272,67.95959931911399,4.9137167002423325,2.6827584551329373,2.230958245109395,409.82737514124574,394.2812072753906,378.7350394095355,0.0788582746476005,9.50146195088757,0.022731108768800634,21.986442506386375,36.9969964297199,8.389777528791983,194701749.0,18691696.45,427.5986207081888,383.1418676668262,,
2021-08-05,421.69843245945845,423.0705531724502,401.0251414672096,404.1810302734375,58595639,394.6928421020508,,,396.6514735576758,56.715051471538175,4.949173143821383,3.1360413928706268,1.8131317509507565,410.81893894350145,394.6928421020508,378.56674526060016,0.08171466579209523,10.397458361912788,0.025724755946311174,24.357431934622287,31.3938824641941,9.067288930028738,136106110.0,24169990.45,427.5986207081888,383.1418676668262,,
2021-08-06,405.87337584549294,408.8920306774342,397.00031613871687,398.5096435546875,38236066,395.2051010131836,,,396.82844212881974,52.84854949077487,4.468133261439505,3.4024597665844025,1.065673494855102,411.13149896306567,395.2051010131836,379.2787030633015,0.08059813959410805,10.504190945970256,0.026358686962436748,25.799251829783973,28.855255667882172,11.07095804218807,97870044.0,26376083.7,427.5986207081888,383.1418676668262,,
2021-08-09,400.5678090955559,404.1353177330876,394.256058749789,396.4514465332031,22196404,395.64646606445314,,,396.7925377863801,51.476987636673215,3.8761446081564372,3.4971967348988096,0.3789478732576277,411.19276586151904,395.64646606445314,380.10016626738724,0.07858682500924102,10.459552948636567,0.026382935514804765,26.64331599658629,26.9085148328895,12.198108627544942,75673640.0,27216234.85,427.5986207081888,383.1418676668262,,
2021-08-10,397.3661872816168,399.19568172390404,385.74891432261467,390.0939636230469,27794251,395.6007278442383,,,396.1545783422531,47.386111436568115,2.861013612230977,3.369960110365243,-0.5089464981342662,411.2066050478207,395.6007278442383,379.9948506406559,0.07889711067329971,10.672925409540339,0.027359883527584478,26.071381371079852,24.486949943977937,16.793778022750963,47879389.0,27483830.35,427.5986207081888,383.1418676668262,,
2021-08-11,393.15833322593943,395.9940551134782,387.0752699626527,391.5575256347656,23827946,395.5527008056641,,,395.71676379868285,48.4026898521261,2.1498303016887803,3.1259341486299506,-0.9761038469411703,411.20208141387474,395.5527008056641,379.9033201974534,0.07912665278905143,10.547629676774992,0.02693762470706166,25.540299218823876,23.007986340360755,15.77946686845455,71707335.0,28229203.85,427.5986207081888,383.1418676668262,,
2021-08-12,393.34131870089925,393.75296613100426,388.7675824369353,390.7342834472656,16847144,395.3743270874023,,,395.2422418604526,47.8427290825582,1.5024641681962976,2.8012401525432202,-1.2987759843469227,411.15742887953076,395.3743270874023,379.5912252952739,0.07983877915593335,10.15032639229599,0.025977567933748766,25.047151506014757,22.200808637739893,15.225883707066881,54860191.0,28779044.9,427.5986207081888,383.1418676668262,,
2021-08-13,391.1458999286601,395.39946873441653,388.76755167640727,394.4389953613281,20908992,395.3514572143555,,,395.16574219386933,50.611731968839514,1.2736789551208858,2.495727913058753,-1.2220489579378673,411.1385878881517,395.3514572143555,379.5643265405593,0.07986377885151724,9.899011439846937,0.025096432037047683,24.77673570189017,22.326480196971797,14.49726262567503,75769183.0,28983034.55,427.5986207081888,383.1418676668262,,
2021-08-16,393.34131380380757,397.00030276942437,387.8528303553823,388.63037109375,17608693,395.1159103393555,,,394.54332589861986,46.44803229968059,0.6165503827322709,2.119892406993457,-1.503342024261186,411.1545519845498,395.1159103393555,379.07726869416115,0.08118448903471961,9.845330080860874,0.02533340369964515,24.709422124141103,22.006187241246426,13.53514361045,58160490.0,29476947.55,427.5986207081888,383.1418676668262,,
2021-08-17,388.63035721880027,389.545104427546,379.8487784316673,385.5659484863281,22957877,394.8231918334961,,,393.6883375736397,44.373993995298285,-0.1497755202466351,1.6659588215454384,-1.8157343417920735,411.32786280723946,394.8231918334961,378.3185208597527,0.08360537736954259,9.834686931933575,0.02550714597734324,23.32341403038573,20.456430846978133,18.395230247493416,35202613.0,29921689.05,427.5986207081888,379.8487784316673,,
2021-08-18,386.1605476160816,388.1730027408294,382.36435209591116,383.91943359375,17668574,394.76830902099607,,,392.75796576603113,43.25635621443132,-0.8798123813019174,1.1568045809759673,-2.0366169622778845,411.40978061946356,394.76830902099607,378.1268374225286,0.08431006855508455,9.547112911432482,0.024867490614020077,22.036406514755743,19.56742416630226,17.59580034181129,17534039.0,30348248.6,427.5986207081888,379.8487784316673,,
2021-08-20,379.6201319511905,381.7697937032452,370.60986540483714,372.0277404785156,25541790,394.06624298095704,,,390.78365859579156,36.17053487122549,-2.3903773228732916,0.44736820020611556,-2.8377455230794073,413.12557925841054,394.06624298095704,375.00690670350355,0.09673163645420156,9.815859716966795,0.026384752127196962,21.611018470632626,17.67228439300093,24.445183393904017,-8007751.0,30500511.25,427.5986207081888,370.60986540483714,,
2021-08-23,376.0525904034102,377.7906045506143,367.0423246390654,374.5889892578125,26559937,393.17893676757814,,,389.24130913503166,38.50699687662873,-3.342311464811587,-0.31056773279742494,-3.0317437320141623,414.0447550058504,393.17893676757814,372.3131185293059,0.1061390440180511,9.882461159436948,0.026382145345535773,21.5891413148328,16.299385647955823,25.124672913292,18552186.0,31187612.7,427.5986207081888,367.0423246390654,,
2021-08-24,374.5890154843821,383.05042792206353,373.39985517300266,381.99847412109375,19012313,392.9182357788086,,,388.5515153241804,44.80181582215909,-3.458969775358298,-0.9402481413095995,-2.5187216340486986,414.2018297333435,392.9182357788086,371.6346418242737,0.10833599470051788,9.865897701552942,0.025827060498742848,20.78948611648628,18.96863757397086,23.369221305564807,37564499.0,31630376.5,427.5986207081888,367.0423246390654,,
2021-08-25,383.2790740691864,385.38298144784864,378.97975109347084,380.7635192871094,16410980,392.29163513183596,,,387.80980141588793,43.993476756699145,-3.6094651931659314,-1.474091551680866,-2.1353736414850655,414.22197517058567,392.29163513183596,370.36129509308626,0.11180630976941254,9.61856431961186,0.025261254905985665,19.722180470823904,19.798838667909617,22.257988438953355,21153519.0,31879116.2,427.5986207081888,367.0423246390654,,
2021-08-26,379.16272396150333,380.3518841851432,375.04636145769933,375.732421875,15897679,391.617008972168,,,386.6595747929462,40.766487081459694,-4.087582306167349,-1.9967897025781625,-2.090792603589186,414.68386665894326,391.617008972168,368.5501512853927,0.1178031452071819,9.339892427454586,0.024857829358579588,19.199121978361493,18.93317340935287,24.292934870336147,5255840.0,31493684.25,427.5986207081888,367.0423246390654,,
2021-08-27,375.36653133773024,379.02552025699,372.7594961495837,377.2875061035156,15090541,390.2860534667969,,,385.7669968225242,42.17829641188857,-4.291541048196677,-2.4557399717018655,-1.8358010764948118,413.43457814092534,390.2860534667969,367.13752879266843,0.11862337620576947,9.120330404593993,0.024173422806350937,18.974680623216987,18.00404258882164,24.89180427122563,20346381.0,31406742.45,427.5986207081888,367.0423246390654,,
2021-08-30,379.07124700345594,387.2124917774755,378.2479800785992,386.6636657714844,20308691,389.8698440551758,,,385.85239386528235,49.92760079692595,-3.6544755757241205,-2.695487092506317,-0.9589884832178037,412.9645236666431,389.8698440551758,366.7751644437085,0.1184737930548887,9.177805780977272,0.023735888818685366,17.621831689037247,22.985059547049215,22.969069557514842,40655072.0,30398089.2,427.5986207081888,367.0423246390654,,
2021-08-31,387.7156306445066,390.5970789222341,383.00468785192083,389.7280578613281,26262421,389.46506958007814,,,386.2215047220486,52.18317239824086,-2.869250830002045,-2.7302398400054626,-0.13901098999658235,412.269906748009,389.46506958007814,366.66023241214725,0.1171085108737433,9.064561873072702,0.023258684331878478,16.780765282241447,24.276959931960317,21.59487849626371,66917493.0,29653683.1,427.5986207081888,367.0423246390654,,
2021-09-01,391.0544291910187,395.67389139874035,388.9047676812977,393.24981689453125,18776721,388.7058303833008,390.05553344726565,,386.89086778609453,54.70826419117035,-1.9404101994513212,-2.5722739118946345,0.6318637124433133,409.88721515630505,388.7058303833008,367.52444561029654,0.10898413719247484,8.900602004813413,0.022633454924660613,16.577174149041078,27.03237148568046,20.42177643188891,85694214.0,30120502.9,427.5986207081888,367.0423246390654,,
2021-09-02,394.62193716265404,396.54291186906903,391.2831154601944,393.11260986328125,14372717,387.4617721557617,390.25860717773435,,387.4834146505885,54.58731872653838,-1.2015184122028018,-2.298122811956268,1.0966043997534665,404.0384891218939,387.4617721557617,370.8850551896295,0.08556569012680962,8.640544462246359,0.021979820146831242,16.48390962673883,26.575367187328414,19.53381662789555,71321497.0,29013190.85,423.0705531724502,367.0423246390654,,
2021-09-03,394.48474174127756,397.27470961796934,391.6947738645858,394.6219482421875,14233624,386.9838180541992,390.48820922851564,,388.1632749926455,55.74631235634319,-0.4885190112012765,-1.9362020518052698,1.4476830406039933,402.090792959821,386.9838180541992,371.87684314857745,0.07807548636830057,8.421929554470443,0.021341766700978666,16.481626253518595,25.938347690005923,18.609381021193595,85555121.0,23243768.8,408.8920306774342,367.0423246390654,,
2021-09-06,395.1707787933234,396.86306664679256,393.3870106393673,394.3017578125,10694099,386.77342376708987,390.74159362792966,,388.7478924040602,55.42316423415779,0.05012366483566666,-1.5389369084770828,1.5890605733127494,401.3400000821536,386.77342376708987,372.2068474520261,0.07532356371949461,8.068652872538644,0.020463142029347695,16.47950597838552,25.140169226699957,18.03673054537726,74861022.0,21025668.05,404.1353177330876,367.0423246390654,,
2021-09-07,394.30180686624686,394.89641493545093,388.85907725851683,392.51806640625,14928735,386.5767547607422,390.74708251953126,,389.106956594745,53.56053483240963,0.3292771744533525,-1.1652940918909958,1.4945712663443482,400.7152762403168,386.5767547607422,372.4382332811675,0.07314729251284227,7.923558929995463,0.020186482121805585,15.721507351438603,23.7719196071808,21.136884224813123,59932287.0,19648569.7,399.19568172390404,367.0423246390654,,
2021-09-08,392.426571283819,398.28094811606775,390.9172439005169,394.57623291015625,22817464,386.80086822509764,390.83123962402345,,389.62784005335556,55.42219039105892,0.7084189652123882,-0.790551480470319,1.498970445682707,401.2929716178129,386.80086822509764,372.3087648323824,0.07493314820731795,7.883569307535134,0.01997983824162617,15.476055660836897,25.252430410855602,19.726665819942156,82749751.0,19285186.25,398.28094811606775,367.0423246390654,,
2021-09-09,393.5700002703732,396.8173418081734,393.3413134602219,395.4452209472656,9662128,386.99525299072263,391.02882507324216,,390.18187632896604,56.220192330006896,1.0667152091923526,-0.41909814253778466,1.4858133517301373,401.83741347534146,386.99525299072263,372.1530925061038,0.07670461262724915,7.568744953279161,0.01913980635585551,15.248136233849596,24.424040909929193,19.079545420533034,92411879.0,19036346.9,398.28094811606775,367.0423246390654,,
2021-09-13,393.4327789234805,396.81732683650046,392.24359080603887,395.9483337402344,9567921,387.2559555053711,391.27855102539064,,390.73106274908685,56.70344560246448,1.3754096948358097,-0.060196575063065805,1.4356062698988754,402.5285887386112,387.2559555053711,371.98332227213103,0.07887616970697947,7.354815744506477,0.018575190543248184,14.835958270107323,23.33914322617446,19.298133601057515,101979800.0,18328056.0,398.28094811606775,367.0423246390654,,
2021-09-14,397.91506584467015,399.5158735808269,395.39951083070963,396.0855712890625,9981562,387.3382843017578,391.5090679931641,,391.2410159433702,56.843385193743615,1.6125378889663011,0.2743503177428076,1.3381875712234934,402.78171087804844,387.3382843017578,371.8948577254672,0.07974128663336227,7.123497673478677,0.0179847441811506,14.854657754675372,25.08168903926542,18.501593535013296,111961362.0,17964094.85,399.5158735808269,367.0423246390654,,
2021-09-15,396.0855461642564,407.062512801603,394.66769913994705,406.01055908203125,22181568,388.20729370117186,391.86490539550783,,392.64763909943315,65.52232935009926,2.5716825044453344,0.733816755083313,1.8378657493620214,405.6679805865896,388.20729370117186,370.74660681575415,0.08995548084090521,7.500020244062769,0.018472475841564133,15.827331898457366,29.30816391795113,16.317563198640652,134142930.0,17417723.35,407.062512801603,367.0423246390654,,
2021-09-16,406.92531346386943,426.36369222629446,405.00433868534986,424.1683044433594,42637448,390.1374114990234,392.4329638671875,,395.64960722742615,75.30641573100564,4.7423232718417125,1.535518058434993,3.2068052134067195,413.53009594240046,390.1374114990234,366.74472705564636,0.11992023196901538,8.489972622411472,0.020015575264523723,18.276507403391328,40.28005280473979,13.385258594917978,176780378.0,17646367.1,426.36369222629446,367.0423246390654,,
2021-09-17,428.10166809039464,431.6691764079744,411.9563864047745,415.3866882324219,41529478,391.71077423095704,392.8784454345703,,397.52932922790194,65.60925327498016,5.688396388765909,2.3660937245011766,3.3223026642647326,417.3445088318364,391.71077423095704,366.0770396300777,0.13088092688390235,9.291602435324933,0.022368560906135707,20.843669262814544,38.254538707285754,11.356846429533984,135250900.0,18630345.65,431.6691764079744,367.0423246390654,,
2021-09-20,411.08740166941243,414.83787091465945,398.50962719294813,400.15618896484375,18376916,393.11719665527346,392.9626025390625,,397.7795063457059,52.888842718357374,5.149828132660161,2.922840606132974,2.2269875265271875,417.3237432059766,393.11719665527346,368.9106501045703,0.12315180692504778,9.833420907049847,0.024573956815431824,21.20869481840466,33.564816418786755,19.732116132390175,116873984.0,19823390.85,431.6691764079744,367.0423246390654,,
2021-09-21,402.6259971362843,403.7237050043555,395.76539275051596,401.3910827636719,17279588,394.4573013305664,393.22513488769533,,398.1234660045598,53.67311929747816,4.76769549279544,3.2918115834654675,1.4758839093299723,417.344107969822,394.4573013305664,371.5704946913108,0.11604199776277341,9.699484574677683,0.024164673783718497,21.19930539182072,31.59770681365467,20.59658844922042,134153572.0,19465147.15,431.6691764079744,372.7594961495837,,
2021-09-22,401.4825853296179,405.05009422482095,398.9213040499522,401.4368591308594,14321143,395.42922058105466,393.50138916015624,,398.43902725468354,53.70388638634367,4.417622787232062,3.5169738242187867,0.9006489630132757,417.76138976264616,395.42922058105466,373.09705139946317,0.11295153731318079,9.444434974691331,0.023526576496087664,21.30195568935229,31.136234807086964,19.6418904160728,148474715.0,19001129.7,431.6691764079744,372.7594961495837,,
2021-09-23,404.68415392077236,412.6881918856447,404.3639868190037,411.4532775878906,20516770,396.9637084960938,393.9102801513672,,399.6784796673699,59.968708794339626,4.89203655252561,3.791986369880152,1.1000501826454583,419.27165975596165,396.9637084960938,374.6557572362259,0.11239290032019335,9.573499101840902,0.023267524220404113,22.000396482723612,34.22128107564663,17.99301244386059,168991485.0,18766571.2,431.6691764079744,372.7594961495837,,
2021-09-24,412.64244323383997,413.3742297844527,402.48874432785027,403.1748046875,10731274,398.33582763671876,394.1234149169922,,400.01146300262036,53.522252179492035,4.54758754407743,3.943106604719608,0.6044809393578223,418.5268128165146,398.33582763671876,378.1448424569229,0.10137669664105628,9.667212412895298,0.023977719590856712,22.386340801836347,31.46886067368234,17.93140193575023,158260211.0,18971860.7,431.6691764079744,372.7594961495837,,
2021-09-27,406.9710111708125,412.13932710856494,404.546936748596,408.5260925292969,11746892,399.8977569580078,394.4079016113281,,400.8223801003991,56.758140270708495,4.6527790884384785,4.085041101463382,0.5677379869750965,418.0658422053608,399.8977569580078,381.72967171065477,0.09086365167715008,9.617020270621701,0.023540773640871007,22.744717669583885,29.373592529019145,16.737488509562848,170007103.0,18713540.45,431.6691764079744,378.2479800785992,,
2021-09-28,410.9044994865671,416.9418093509161,402.12291979859725,406.9710693359375,19241170,400.91312713623046,394.6493951416016,,401.40796955140274,55.54787898387691,4.558123558328816,4.179657592836469,0.3784659654923468,418.26056299437107,400.91312713623046,383.56569127808984,0.0865396250906294,9.988582362171499,0.024543716039742237,23.476256895669433,29.695132514534805,14.963813437271204,150765933.0,18546358.0,431.6691764079744,383.00468785192083,,
2021-09-29,404.18106543544235,422.88762936709935,401.6655105761151,420.7837219238281,38635938,402.46591033935545,395.1982434082031,,403.25327930115753,63.078851861072614,5.53388283880588,4.450502642030352,1.0833801967755283,421.0464361837545,402.46591033935545,383.8853844949564,0.09233341441878712,10.790977821372412,0.025644950741050377,24.600687774013785,29.459408953157563,12.861767558967895,189401871.0,18492981.95,431.6691764079744,388.85907725851683,,
2021-09-30,420.73799754782823,425.26597956466856,412.91689202004414,414.3804931640625,26530369,403.522444152832,395.6574468994141,,404.3130139547675,58.159729916473545,5.724503538243312,4.7053028212729435,1.019200716970368,422.2887721622994,403.522444152832,384.75611614336464,0.0930125611667822,10.902271373033269,0.02630980838356408,25.81202681012126,28.63414317590678,11.821151551206606,162871502.0,19111657.8,431.6691764079744,388.85907725851683,,
2021-10-01,410.26412074001394,416.71307735787383,405.96479771752786,413.14556884765625,14777309,404.52409210205076,396.2200164794922,,405.1542096588521,57.2327413756418,5.710101251442552,4.906262507306865,0.8038387441356871,423.0985328283141,404.52409210205076,385.9496513757874,0.09183354509119072,10.891271963555605,0.026361826883278674,25.84341797145957,26.61570007796951,15.547283222836507,148094193.0,19499340.2,431.6691764079744,388.85907725851683,,
2021-10-04,415.11226920872434,424.8085951356085,413.0998421133248,423.6651611328125,16246765,405.976252746582,396.9719384765625,,406.9171574182769,62.68831143527032,6.4729147845149555,5.219592962748483,1.2533218217664723,425.7307555311919,405.976252746582,386.22174996197214,0.09731851383406415,10.949663467750469,0.025845088225977395,26.50162002200236,29.86377850073066,14.359775758338762,164340958.0,19519569.8,431.6691764079744,388.85907725851683,,
2021-10-05,422.6132400446829,429.0164709544509,419.5945852107123,425.08306884765625,16487568,407.5153182983398,397.6268975830078,,408.64724422107486,63.36663864038331,7.109904751672957,5.597655320533379,1.512249431139578,428.1676984780576,407.5153182983398,386.862938118622,0.10135756499145043,10.840536487463906,0.02550216012331698,27.4034507500193,30.7823840192415,13.46830586622705,180828526.0,19620226.85,431.6691764079744,388.85907725851683,,
2021-10-06,425.35745981885697,430.84594317135833,414.9750732272012,418.2224426269531,19056690,408.800537109375,398.24709655761717,,409.55916787877754,57.883265133002254,6.980659987519346,5.8742562539305725,1.106403733588773,428.7469314435238,408.800537109375,388.8541427752262,0.09758497126833338,11.199846020084848,0.026779638963743774,27.555486027978155,27.66663191448443,15.051219641080953,161771836.0,19909900.3,431.6691764079744,390.9172439005169,,
2021-10-07,422.70471208824364,424.44272628944435,418.1309758135729,418.8627624511719,9984651,410.0148635864258,398.75844116210936,,410.4452245047198,58.24642570432344,6.850927807991695,6.069590564742798,0.7813372432488972,429.29552232873374,410.0148635864258,390.73420484411787,0.09404858435452218,10.850696338355322,0.025905134834276946,27.696661643225664,26.517101495246074,14.425851331792742,171756487.0,20116298.05,431.6691764079744,392.24359080603887,,
2021-10-08,422.5217014035661,424.44267599447323,415.52389131571005,418.9541931152344,16521128,411.19031219482423,399.3530261230469,,411.255602467626,58.30171509425487,6.678506149848374,6.191373681763913,0.48713246808446087,429.6224718342086,411.19031219482423,392.75815255543984,0.08965269410652427,10.712702648384456,0.025570104857353462,27.428131842162433,24.94019971329155,15.306297339838881,188277615.0,19474657.4,431.6691764079744,392.24359080603887,,
2021-10-11,420.7837356299114,434.45921820423183,419.5488212573886,429.2451477050781,20686981,412.8551528930664,399.8597967529297,,412.9688924902405,64.06893715671575,7.288240474426175,6.410747040296366,0.8774934341298088,431.4935424798329,412.8551528930664,394.2167633062999,0.0902902117421023,11.055011394142527,0.02575454015787292,28.00251223747688,28.91354832656325,13.772897587503143,208964596.0,19817607.4,434.45921820423183,394.66769913994705,,
2021-10-12,429.93119265475383,443.1035470167468,428.19317852294046,441.8229064941406,33763609,415.1420196533203,400.7964978027344,,415.71689382394527,69.60264859900116,8.6862496580585,6.865847563848793,1.8204020942097072,436.07173308602904,415.1420196533203,394.21230622061154,0.1008315826482074,11.330394044118513,0.025644650554732557,29.105144259938726,31.645272896976543,12.478282555596817,242728205.0,20373560.4,443.1035470167468,394.66769913994705,,
2021-10-13,444.70433623117833,444.70433623117833,437.2491522930377,440.63372802734375,17638983,416.87317810058596,401.65270141601565,,418.08992565284035,68.52805729102144,9.587704158902739,7.410218882859583,2.1774852760431553,440.09717411396406,416.87317810058596,393.64918208720786,0.11141995807547232,11.05359332226295,0.025085672337767602,30.226133622118365,31.15517752665985,11.877134203900056,225089222.0,21562662.75,444.70433623117833,395.76539275051596,,
2021-10-14,440.908162183073,451.7936485708089,440.908162183073,448.7749938964844,23431826,418.1035125732422,402.4595092773437,,421.012313104616,71.7443292410824,10.83415605472186,8.09500631723204,2.7391497374898197,445.0516200339649,418.1035125732422,391.1554051125195,0.1289063911224713,11.061188123777393,0.024647514398560263,31.67260212691669,33.487928275143105,11.021194934109184,248521048.0,21335533.5,451.7936485708089,395.76539275051596,,
2021-10-18,451.8851502124249,458.2883810858803,449.78124266320947,455.4984130859375,20084248,420.10909881591795,403.20960205078126,,424.29670357902756,74.09849553112882,12.223595896420022,8.920724233069636,3.302871663350386,451.5465045768665,420.10909881591795,388.6716930549694,0.14966305585646777,10.950630914178717,0.02404098587301268,33.34164316717866,35.64624895122497,10.337288516037399,268605296.0,20375252.4,458.2883810858803,395.76539275051596,,
2021-10-19,457.69373135492367,461.2155133830281,442.0515498734852,446.5795593261719,20645100,422.4302673339844,404.0575726318359,,426.41888031685085,66.21706617634476,12.461412613251582,9.628861909106027,2.8325507041455555,454.4813596935505,422.4302673339844,390.3791749744183,0.1517461926288803,11.537297528133301,0.025834808797656397,33.721919683754145,31.416963066606076,13.89634096968472,247960196.0,19302990.9,461.2155133830281,395.76539275051596,,
2021-10-20,447.1284053266244,464.2341885642044,441.9143632095128,457.2821044921875,34080545,425.22481842041014,405.23302185058594,,429.3582350002162,70.29952407830709,13.359490138391493,10.37498755496312,2.984502583428373,459.1428830987863,425.22481842041014,391.306753742034,0.15953003309812513,12.307478087173175,0.026914410090114173,34.26134790707876,29.099245520787786,12.096251269772576,282040741.0,19416400.1,464.2341885642044,398.9213040499522,,
2021-10-21,461.8558839542996,463.31948514702015,449.8269631215146,460.0721435546875,20808243,428.1565826416016,406.5054357910156,,432.2833691482611,71.27407876788926,14.1334344478214,11.126676933534776,3.0067575142866243,463.4517375230073,428.1565826416016,392.86142776019585,0.1648703129291853,12.392124082768344,0.026935175833559952,34.762245543023035,26.836159429674844,11.155510109192532,302848984.0,20256447.95,464.2341885642044,401.6655105761151,,
2021-10-22,461.581470943858,465.3319402764947,457.37362798323807,460.0721435546875,24080485,430.58752593994143,407.9049993896484,,434.9299190917303,71.27407876788925,14.578736291986445,11.81708880522511,2.761647486761335,467.6014495709125,430.58752593994143,393.57360230897035,0.171922879327135,12.075423240660367,0.02624680370204808,35.36090168863878,26.76325441603158,10.630364166832758,302848984.0,20580802.95,465.3319402764947,401.6655105761151,,
2021-10-25,463.3194885253906,471.5064876923358,455.40693028675906,463.3194885253906,35619415,433.5947601318359,409.3402386474609,,437.6336876092218,72.492456963389,15.020527520354335,12.457776548250957,2.5627509721033785,470.9824791083394,433.5947601318359,396.20704115533243,0.17245466234479231,12.36286139529725,0.026683231984574174,36.30332273846025,27.841242205354735,9.641549172160708,338468399.0,20758988.7,471.5064876923358,401.6655105761151,,
2021-10-26,464.32574674861684,474.02207395581365,464.32574674861684,468.8537292480469,21107457,436.61114196777345,410.9026275634766,,440.6070249081575,74.47909406466394,15.636964038742178,13.093614046349202,2.543349992392976,475.139036463834,436.61114196777345,398.0832474717129,0.17648608014178574,12.244270254949091,0.026115330840146236,37.325725282175306,27.570476218619252,9.039579542121094,359575856.0,22003395.75,474.02207395581365,401.6655105761151,,
2021-10-27,469.9056384217324,481.93453036245717,469.03661743274023,474.8910217285156,29463032,440.0071395874023,412.5116680908203,,443.8721674624773,76.47510657535628,16.42333547992405,13.759558333064172,2.6637771468598768,479.4486217190964,440.0071395874023,400.5656574557082,0.17927655523352937,12.30402245919632,0.025909149460042327,38.69678625334435,30.07024945507223,8.35313189263717,389038888.0,22471424.0,481.93453036245717,401.6655105761151,,
2021-10-28,475.3026608462709,476.1716819222038,455.1782487507156,458.6085510253906,28140401,441.8983810424805,413.91123168945313,,445.2756325637071,62.318824763886916,15.553391390800982,14.118324944611535,1.4350664461894471,481.09809889787505,441.8983810424805,402.6986631870859,0.17741507793225533,12.924694652931452,0.028182410955996072,37.91279288173937,26.581480809706438,15.042850321178301,360898487.0,22982517.1,481.93453036245717,405.96479771752786,,
2021-10-29,458.74575189412275,468.94520619814455,446.7625571787192,459.34033203125,31355893,444.14637298583983,415.38671936035155,,446.6151277510922,62.653424355355284,14.752940331234072,14.245248021936042,0.5076923092980294,481.90615991630324,444.14637298583983,406.3865860553764,0.17003307570257814,13.585977107681016,0.02957714827174534,36.20493400036223,23.481395360544816,17.713034670861592,392254380.0,22457740.25,481.93453036245717,405.96479771752786,,
2021-11-01,465.14897708418124,472.87860252065997,458.2883727024087,471.73516845703125,20679604,447.0758529663086,417.1430340576172,,449.0075125802292,67.85937075532951,14.946443514185717,14.385487120385978,0.5609563937997386,483.8385032091511,447.0758529663086,410.31320272346613,0.16445822335930496,13.657709444150319,0.028952069630132637,34.93411911941933,23.746764463695285,16.361431504462974,412933984.0,22699016.45,481.93453036245717,413.0998421133248,,
2021-11-02,470.91185470185064,480.2422874529996,468.39629986281113,477.2236328125,26797820,449.75377655029297,419.24695190429685,,451.6947621261598,69.86268117367838,15.365544947827004,14.581498685874184,0.7840462619528203,487.10311364611334,449.75377655029297,412.4044394544726,0.16608793096657343,13.528300740295903,0.02834792707261239,34.300206807943624,26.149476826392362,15.338088354212267,439731804.0,22994131.2,481.93453036245717,414.9750732272012,,
2021-11-03,479.3275322272319,496.0673948008811,471.27776804319853,482.6663818359375,80775924,452.63294219970703,421.4084997558594,,454.64444019375765,71.74357074263975,15.952974255850677,14.855793799869485,1.0971804559811922,490.8001238585366,452.63294219970703,414.46576054087745,0.168645178467765,14.332681170109236,0.02969479895324684,34.65291192319559,30.80554398041536,13.443190747404612,520507728.0,23521683.95,496.0673948008811,414.9750732272012,,
2021-11-04,486.18816509995,490.2130753469266,483.03227590990497,485.2276916503906,9796046,455.9832046508789,423.4730841064453,,457.5571308086751,72.60989576569038,16.435731627610778,15.171781365417743,1.2639502621930347,493.2324162397493,455.9832046508789,418.73399306200855,0.16337975262659082,13.847967765886368,0.02853911267674292,34.98042381592956,29.606399493297445,12.91989766469608,530303774.0,26736101.75,496.0673948008811,415.52389131571005,,
2021-11-08,488.88662827954346,488.88662827954346,472.42117948538584,478.6414489746094,36802110,458.9721389770508,425.43064270019534,,459.56516111019266,66.92753615263129,16.101260276618518,15.357677147657899,0.7435831289606192,493.3067077338326,458.9721389770508,424.637570220269,0.1496150456248001,14.034930696477172,0.029322430655648643,34.07385779848371,27.12543322533421,17.237582627080936,493501664.0,26273069.55,496.0673948008811,415.52389131571005,,
2021-11-09,481.3857239162526,486.64552042460116,477.68100884628535,484.03851318359375,25451967,462.2263549804687,427.59676452636717,,461.89595654575464,69.06402784978047,16.08625496386128,15.503392710898575,0.5828622529627037,492.9164242130267,462.2263549804687,431.53628574791077,0.13279238148960487,13.67275790232279,0.028247252088258464,33.2320464965697,25.855095615987715,16.430312589272027,518953631.0,27613942.5,496.0673948008811,419.5488212573886,,
2021-11-10,480.7453767019264,483.4438920909196,477.04066173209947,479.6934509277344,15805538,464.74877014160154,429.64488342285154,,463.5909560107051,65.40098459185239,15.544564866916062,15.511627142102073,0.03293772481398882,492.31501613224185,464.74877014160154,437.1825241509612,0.11862859145271677,13.195978870120754,0.0275091912232688,32.37657438177115,24.87573819113646,16.154567466544307,503148093.0,28060484.45,496.0673948008811,428.19317852294046,,
2021-11-11,478.27555445162017,478.27555445162017,463.86831386915736,466.1551818847656,23086898,465.9653839111328,431.2347137451172,,463.83516799871086,55.52016996112248,13.86304187736988,15.181910089155636,-1.3188682117857553,491.44584457732776,465.9653839111328,440.4849232449378,0.10936632439226221,13.383775883581915,0.028710988108012512,30.216858527010654,22.77478311510015,21.820204040516266,480061195.0,27816412.3,496.0673948008811,437.2491522930377,,
2021-11-12,468.35056153596366,469.2653087264636,459.8434238306619,467.7559814453125,19836221,467.3214965820313,432.7952722167969,,464.20857880314907,56.35973499664468,12.515325062727811,14.648593083870072,-2.1332680211422606,489.99748386813997,467.3214965820313,444.6455092959226,0.09704662615334352,13.100783670169044,0.02800773093203238,28.265407798146654,21.604834646805017,22.893757882431228,499897416.0,27282576.75,496.0673948008811,440.908162183073,,
2021-11-15,468.71647784739696,471.9180929806941,462.40469996620203,463.36517333984375,13328183,468.0510055541992,434.1975793457031,,464.12825447331045,53.38334918218165,10.966532893979718,13.912181045892002,-2.945648151912284,489.179365935076,468.0510055541992,446.9226451733224,0.0902822988527057,12.844541480477831,0.02772012706068723,26.28812215752614,21.937066616457983,21.682585713386167,486569233.0,27392438.65,496.0673948008811,441.9143632095128,,
2021-11-16,464.142737141441,464.142737141441,451.4277562763057,452.891357421875,19553216,467.92065277099607,435.393154296875,,463.0580738017452,47.00627739909998,8.792598923367791,12.88826462138716,-4.095665698019369,489.3866518336107,467.92065277099607,446.45465370838144,0.09175059461681959,12.835287150810508,0.028340764160032863,25.309685291428906,20.38482029188567,26.257032353446437,467016017.0,26887256.5,496.0673948008811,441.9143632095128,,
2021-11-17,451.7479334539905,462.3132529890859,449.1408982172135,455.68133544921875,20488483,468.37574157714846,436.6143420410156,,462.35552729198076,48.762126209256664,7.211736094746357,11.752958916058999,-4.541222821312642,488.3465306523633,468.37574157714846,448.4049525019336,0.08527678657296708,12.85936340945779,0.02822007927268033,24.579362343981362,18.893321861099682,25.60613843849613,487504500.0,26860704.9,496.0673948008811,441.9143632095128,,
2021-11-18,456.5503446929596,463.04505556100526,450.33004682553235,460.8496398925781,22471070,468.55411834716796,437.9452996826172,,462.2121094444186,51.93891436537717,6.30326971914576,10.663021076676351,-4.359751357530591,488.18623050447604,468.55411834716796,448.92200618985987,0.08379869640911779,12.849052361316012,0.027881224696868736,23.82112676068068,17.96469031349247,23.79620911023676,509975570.0,26852874.05,496.0673948008811,446.7625571787192,,
2021-11-22,462.8621273650888,462.8621273650888,436.79182967752945,444.9330749511719,28800269,467.7971649169922,438.9935998535156,,460.56648711172846,43.080367359341146,4.2499786920057545,9.380412599742233,-5.130433907736478,489.7135942046831,467.7971649169922,445.8807356293013,0.09370056482313159,13.79342702747625,0.031001127594279157,24.115891476860135,15.539390083770067,27.59433006617154,481175301.0,26272400.3,496.0673948008811,436.79182967752945,,
2021-11-23,443.8810659761522,453.16574420474143,439.0786433148955,451.0160827636719,20000371,467.34436187744143,440.1223968505859,,459.65692479286594,46.8139123032435,3.078096274679524,8.119949334729691,-5.041853060050167,490.2331255616061,467.34436187744143,444.4555981932768,0.09795245455498659,13.814403731931229,0.030629514688880494,24.38960157045534,14.407523042649201,25.58439836644986,501175672.0,26672001.6,496.0673948008811,436.79182967752945,,
2021-11-24,453.5316796325042,457.3736292848453,447.3571356371588,451.10760498046875,13963769,466.7337677001953,441.23564453125,,458.8427038583519,46.87037854156064,2.1321776769782446,6.922395003179402,-4.790217326201158,490.64800479441715,466.7337677001953,442.81953060597345,0.10247485289979305,13.543124440199463,0.030021937760915888,24.137943707004816,15.865699140974394,24.23281131023344,515139441.0,26467995.9,496.0673948008811,436.79182967752945,,
2021-11-25,448.22614823051543,453.2115318618765,444.8415722714062,448.729248046875,12894211,465.72754364013673,442.2912628173828,,457.8795175905922,45.51796704702815,1.1770485624016942,5.77332571502386,-4.596277152622166,490.8626681983914,465.72754364013673,440.59241908188204,0.10793917989817824,13.173612665218807,0.029357597532493958,24.09874013758526,15.145670701985667,24.497022840962426,502245230.0,25385213.6,496.0673948008811,436.79182967752945,,
2021-11-26,444.7958494828941,446.3051768594048,427.27844526124056,430.3885803222656,26305817,463.5024215698242,442.9773229980469,,455.26133308884675,36.71912518969592,-1.047758836593232,4.409108804700442,-5.456867641293674,492.57034913937997,463.5024215698242,434.43449400026844,0.12542729537898145,13.76484053096278,0.031982355388370125,25.184088576839848,13.459766705424636,30.884061161276993,475939413.0,24974551.3,496.0673948008811,427.27844526124056,,
2021-11-29,429.9312307940535,437.02052236565754,415.5696870245841,425.448974609375,22407465,461.8444427490234,443.36609130859375,,452.4220608527066,34.76970488897811,-3.1729439059327547,2.892698262573803,-6.065642168506558,495.2924891709186,461.8444427490234,428.39639632712823,0.14484550781992023,14.313840160256401,0.0336440819334413,26.749476151251834,12.018987131775196,33.421000970877856,453531948.0,24816690.55,496.0673948008811,415.5696870245841,,
2021-11-30,428.10171289395703,436.5631249543611,418.95424039622293,421.2868347167969,23026652,459.94176788330077,443.3084619140625,,449.4568012207152,33.17165837949652,-5.133838593787004,1.2873908913016414,-6.421229485088646,497.7838201879052,459.94176788330077,422.09971557869636,0.1645514930238122,14.549200474390814,0.03453514156019443,28.203050327491535,10.979946448102755,30.53175753321813,430505296.0,24530043.75,496.0673948008811,415.5696870245841,,
2021-12-01,424.85437255406663,436.56312621872877,424.4427251241281,434.77935791015625,17156956,458.093977355957,443.69631530761717,,448.05894947685243,42.41188196514277,-5.535320176039647,-0.07715132216661624,-5.4581688538730315,497.04492238949217,458.093977355957,419.14303232242185,0.17005656899640376,14.601135547786605,0.03358286285248118,29.552797607655737,10.159400012660418,28.250075758648165,447662252.0,24113581.7,496.0673948008811,415.5696870245841,,
2021-12-02,434.047573993291,437.3863959023729,430.8002323931985,436.3344421386719,12962679,456.0495178222656,444.41988037109377,,446.94232973035906,43.38353227458705,-5.662738398310012,-1.1942687373952954,-4.4684696609147165,495.0618695953018,456.0495178222656,417.0371660492294,0.17108822725798964,14.028637545028591,0.03215111206043674,30.688812126416636,10.23788996211683,27.302729825853735,460624931.0,23937449.3,496.0673948008811,415.5696870245841,,
2021-12-03,435.19097031838965,440.4507665965415,429.9769002328308,432.8126220703125,16653993,453.55682983398435,445.0483111572266,,445.59664328654515,41.66883902572423,-5.978977769948699,-2.151210543905976,-3.827767226042723,491.81135626012644,453.55682983398435,415.30230340784226,0.1686868057532919,13.774725317791596,0.03182607118041448,31.298568540434452,11.270872852941698,25.81986311079049,443970938.0,23245692.25,490.2130753469266,415.5696870245841,,
2021-12-06,432.81263765039085,436.33441999875384,424.259745637472,425.6318664550781,14353300,450.57703857421876,445.53221130371094,,443.69523596926257,38.34135025929387,-6.731430970368592,-3.0672546291984997,-3.6641763411700925,487.7690294672211,450.57703857421876,413.3850476812164,0.16508604615401906,13.653293106612328,0.03207770419147721,32.208820910711495,10.558893288723322,27.179812467175424,429617638.0,20039595.7,488.88662827954346,415.5696870245841,,
2021-12-07,429.1994236565711,438.8042698440122,429.1994236565711,436.0600280761719,13644942,448.4479675292969,446.02434631347654,,442.96807331277773,45.186949354376296,-6.41237222633265,-3.73627814862533,-2.67609407770732,483.799613955788,448.4479675292969,413.09632110280575,0.15766219934615547,13.618943841063881,0.031231809760570158,32.68817511701876,11.124801356848701,25.30205277118857,443262580.0,20267458.4,486.64552042460116,415.5696870245841,,
2021-12-08,439.9019296864058,450.4215226487684,439.30734958040273,449.64398193359375,20397660,446.7282409667969,446.95372985839845,,443.60387413380784,52.573499631162456,-5.005701709173081,-3.9901628607348805,-1.0155388484382009,478.11068461545995,446.7282409667969,415.3457973181338,0.14049903619590315,13.6719831790305,0.03040624077795322,31.61868319951699,16.359471479827864,23.40361727936831,463660240.0,19109600.0,483.4438920909196,415.5696870245841,,
2021-12-09,450.3300326137153,451.42774041328664,444.65861675824704,446.9912109375,12560970,445.09312896728517,447.7230322265625,,443.92647763892137,51.12457549873379,-4.05818144944385,-4.003766578476674,-0.05441487096717612,472.6037854742659,445.09312896728517,417.5824724603044,0.12361752953055725,13.178921784459721,0.02948362621452628,30.50755092069151,16.304635490902857,22.54498439178005,451099270.0,18856884.65,478.27555445162017,415.5696870245841,,
2021-12-10,446.8539777105093,453.66885506711884,443.1035088548423,452.5254211425781,13261408,444.4116409301758,448.6341192626953,,444.74542463926963,53.974404170285354,-2.8280997315933405,-3.768633209100008,0.9405334775066674,470.4367114669145,444.4116409301758,418.38657039343707,0.11712146190530451,12.992237815018067,0.028710514830778036,29.205739745477647,16.58968121971777,21.23543562867062,464360678.0,18694656.25,471.9180929806941,415.5696870245841,,
2021-12-13,455.31543011455665,457.78525878227936,444.8873173585926,446.21368408203125,14047645,443.3345260620117,449.14271850585936,,444.88525887191355,50.36733002572363,-2.335631829485294,-3.482032933177065,1.1464011036917712,467.0899762950055,443.3345260620117,419.57907582901794,0.10716715634130859,12.9855023584944,0.029101533237844774,27.511431248396065,17.676979684516823,19.72884665801037,450313033.0,18203381.75,471.9180929806941,415.5696870245841,,
2021-12-14,444.5671554768045,448.54631152566594,440.72520592979265,446.8997497558594,11642447,442.5112548828125,449.7931036376953,,445.07711514657507,50.75258840876211,-1.8684493814373013,-3.159316222829113,1.2908668413918116,464.50914368964794,442.5112548828125,420.5133660759771,0.09942295733319137,12.616616875450037,0.02823142524099079,26.355610944193582,16.894261792404848,21.21164029928776,461955480.0,17913952.95,464.142737141441,415.5696870245841,,
2021-12-15,448.22614873064373,449.14089597295117,442.2802916556454,443.4694519042969,8639835,442.04015960693357,450.39958129882814,,444.9240043615962,48.7164337082763,-1.7547723703398788,-2.8784074523312664,1.1236350819913876,463.5262879572013,442.04015960693357,420.55403125666584,0.09721346752464034,12.205473121296876,0.027522691966460146,25.20741040186404,16.56392754632416,20.36000437703609,453315645.0,17829666.15,463.04505556100526,415.5696870245841,,
2021-12-16,446.716775349339,448.72920232560034,437.47782357053063,440.1305847167969,11107781,441.2626220703125,450.7288897705078,,444.4674882049486,46.750404594350144,-1.9120601587069928,-2.6851379936064115,0.7730778348994187,461.8234686623412,441.2626220703125,420.70177547828376,0.09319097319216164,12.137323523709222,0.027576641899401316,24.626736689333182,15.467151131637124,21.838140847803473,442207864.0,17283997.1,463.04505556100526,415.5696870245841,,
2021-12-17,439.1243536433227,440.3592678662067,426.7295410555377,427.918701171875,12648603,439.61607513427737,450.78560241699216,,442.8914132494178,40.33830454162468,-2.987668820883414,-2.745644159061812,-0.24202466182160176,458.8718726219296,439.61607513427737,420.36027764662515,0.08760279060209834,12.243923758492064,0.028612733505129637,25.002086770115568,14.237310526488388,26.372053651180664,429559261.0,16814962.0,462.8621273650888,415.5696870245841,,
2021-12-20,419.86899195387633,424.4427282496702,405.23303580733597,410.90447998046875,22336114,437.9146453857422,450.6392431640625,,439.845038652375,33.453776523087896,-5.153594462405806,-3.227234219730611,-1.926360242675195,460.68355677766743,437.9146453857422,415.1457339938169,0.1039878964169787,12.989762444638277,0.031612608471087274,26.6005764100568,12.461280783992098,34.902853784449,407223147.0,16323838.65,457.78525878227936,405.23303580733597,,
2021-12-21,418.08517885142146,419.1828866111858,406.60511314494727,407.97723388671875,16617447,435.76270294189453,450.4215325927734,,436.8100096270744,32.428330132055336,-7.025326839027059,-3.986852743589901,-3.038474095437158,461.15601091910816,435.76270294189453,410.3693949646809,0.1165464956306718,12.960334660466865,0.0317672987215397,28.084888218573656,11.597462884959777,32.48338259613859,390605700.0,16000630.9,457.78525878227936,405.23303580733597,,
2021-12-22,411.6362717126858,418.31391562078755,410.7215244422132,416.987548828125,13102553,434.0567001342773,450.38219970703125,,434.92215621765064,38.660945242793204,-7.692951562261612,-4.728072507324244,-2.9648790549373683,459.6806417981139,434.0567001342773,408.4327584704407,0.11806725552633897,12.772930880009861,0.03063144431028237,29.463177755053593,10.927075955586233,30.605693024695142,403708253.0,15831484.7,457.78525878227936,405.23303580733597,496.0673948008811,367.0423246390654
2021-12-23,421.69848070301714,425.3574696895943,418.72555215142324,422.4302673339844,14471377,432.7417510986328,450.2459020996094,,433.73245251444433,42.13308028159922,-7.694173426866769,-5.321292691232749,-2.37288073563402,457.9141184487408,432.7417510986328,407.5693837485248,0.11633898178856601,12.458430164399823,0.029492276306398908,29.76747541825151,14.441028457727072,29.136996010781253,418179630.0,15788423.9,457.78525878227936,405.23303580733597,496.0673948008811,367.0423246390654
2021-12-24,423.1620908843943,424.07683815050154,413.64872490005297,417.9937744140625,13221159,432.1220108032227,449.7693194580078,,432.2335307905985,40.13859735486815,-7.961356107256449,-5.84930537443749,-2.1120507328189593,458.09324193674695,432.1220108032227,406.1507796696984,0.12020323188466743,12.31340752768902,0.02945835149087991,30.36771305336285,13.567458733763916,30.319440144487668,404958471.0,15867282.2,457.78525878227936,405.23303580733597,496.0673948008811,367.0423246390654
2021-12-27,415.02084125115795,421.2411114261733,412.13936506180016,418.9999694824219,8856482,431.799560546875,449.3366442871094,,430.9731916183912,40.82280599726346,-7.999693288920469,-6.279382957334086,-1.7203103315863828,458.24990385647584,431.799560546875,405.34921723727416,0.12251213630741739,12.08400315888074,0.028840105105037952,31.017966761966388,12.837523424246504,29.580423749744128,413814953.0,15213049.3,457.78525878227936,405.23303580733597,496.0673948008811,367.0423246390654
2021-12-28,421.8814697265625,423.43652340104677,419.9147406811489,421.8814697265625,8832210,431.8292922973633,448.79877380371096,,430.10731334297896,42.837791053040945,-7.70870167913688,-6.565246701694646,-1.143454977442234,458.2335978083233,431.8292922973633,405.4249867864033,0.12229047904780693,11.537756784576752,0.027348337418220365,31.304019809376975,13.844074819373155,28.767966086044083,422647163.0,14535500.15,457.78525878227936,405.23303580733597,496.0673948008811,367.0423246390654
2021-12-29,421.69847007131534,422.7504237952607,412.9168911417539,415.6611328125,11757303,430.87338104248045,448.0020281982422,,428.7314866257905,39.695551895717664,-7.889077560010776,-6.830012873357872,-1.0590646866529037,458.15109324509933,430.87338104248045,403.59566883986156,0.1266159080731401,11.416026489500325,0.027464743725870478,32.027654109591545,12.992288817855867,31.37641821279037,410889860.0,13825778.05,457.78525878227936,405.23303580733597,496.0673948008811,367.0423246390654
2021-12-30,414.1518186638395,416.11851967398894,410.2641428398278,413.19134521484375,28879190,429.7162261962891,447.33426391601563,,427.2514731580813,38.48837174085236,-8.137513770081,-7.091513052702498,-1.0460007173785018,457.9170026784951,429.7162261962891,401.51544971408305,0.13125302124069324,11.018765799833242,0.02666746515250435,32.86160165315945,12.499222482143272,31.905291641414514,382010670.0,13555795.4,457.78525878227936,405.23303580733597,496.0673948008811,367.0423246390654
2021-12-31,415.5239295385626,422.06436665478475,414.4719758064491,421.19537353515625,10005842,429.13536376953124,446.612529296875,,426.67470176542173,44.39055264402899,-7.6009243390845995,-7.193395309978919,-0.4075290291056808,457.5349701417485,429.13536376953124,400.735757397314,0.13235733416493434,10.865498345555224,0.025796813137711982,32.75850049416416,15.678873031790703,30.044247971819686,392016512.0,14351620.95,457.78525878227936,405.23303580733597,496.0673948008811,367.0423246390654
2022-01-03,422.6132297464202,431.76070225175397,420.8752155535809,430.6629943847656,13124509,429.3869201660156,446.02434631347654,,427.0545391577402,50.44730102065262,-6.3386474881745585,-7.022445745618048,0.6837982574434891,457.74703920644413,429.3869201660156,401.0268011255871,0.1320958683579068,10.866926085027925,0.025233015668207445,31.43742036326195,20.930465863731083,27.89456488037261,405141021.0,14019213.4,457.78525878227936,405.23303580733597,496.0673948008811,367.0423246390654
2022-01-04,432.2180541865951,443.37798124940093,430.8916595735372,442.2802734375,23296671,429.697932434082,445.6685089111328,,428.5046090891459,56.68190094538974,-4.350714333104634,-6.488099463115365,2.137385130010731,458.4772839789704,429.697932434082,400.91858088919366,0.13395154769241652,10.998930426428453,0.02486868867323052,29.349570321811942,26.74659828047108,25.591230359275997,428437692.0,13957773.85,457.78525878227936,405.23303580733597,496.0673948008811,367.0423246390654
2022-01-05,440.81669320318196,452.7998877344807,438.30113827132374,450.4215393066406,24694169,429.7368103027344,445.4105499267578,,430.5919357765263,60.43843190786305,-2.0941903464590723,-5.6093176397841065,3.515127293325034,458.62572907142254,429.7368103027344,400.84789153404625,0.13444935633201596,11.24891750048049,0.02497419976361829,28.191952160741028,30.266926989078197,23.235188814978635,453131861.0,14440360.3,457.78525878227936,405.23303580733597,496.0673948008811,367.0423246390654
2022-01-06,446.1222608697689,452.2510509133829,444.0183253703631,449.78125,18190843,429.8763122558594,445.0291003417969,,432.41948951209525,59.99775370663347,-0.35347024068300925,-4.558148159963888,4.204677919280878,459.1219072873615,429.8763122558594,400.6307172243572,0.1360651619905745,11.03347521780473,0.0245307584916106,27.117021011175176,28.653788672579584,21.99682149139646,434941018.0,14655185.75,457.78525878227936,405.23303580733597,496.0673948008811,367.0423246390654
2022-01-07,451.38205355798243,459.1574053876083,447.7230644616879,449.3695983886719,22746330,429.71852111816406,444.518671875,,434.03378559557876,59.6963874077473,0.9815316537157628,-3.4502121972279576,4.43174385094372,458.5040461394787,429.71852111816406,400.9329960968494,0.13397386245494963,11.062108482670137,0.0246169489932922,26.657446503963,30.99768605040808,20.372750090921137,412194688.0,14936679.4,459.1574053876083,405.23303580733597,496.0673948008811,367.0423246390654
2022-01-10,451.2905476393541,461.90162099966733,450.513006917338,460.7124328613281,15832274,430.4434585571289,444.56074951171877,,436.5746091446978,64.92444856414548,2.921129259354416,-2.175943905911483,5.097073165265899,461.49520160609126,430.4434585571289,399.39171550816656,0.14427791818720892,11.167102348979089,0.024238769246195543,26.4336173031494,30.268233863193586,18.73968951192933,428026962.0,15410925.5,461.90162099966733,405.23303580733597,496.0673948008811,367.0423246390654
2022-01-11,460.11786021688926,464.50863578819735,456.6875580780953,462.8163757324219,16107950,431.23928985595705,444.63027038574216,,439.0738250101953,65.81035589545976,4.575303689279906,-0.8256943868732052,5.400998076153111,464.6625842154034,431.23928985595705,397.8159954965107,0.15501043223872493,10.9281005890593,0.02361217355752641,26.418866930293177,30.42491557867475,17.781709886431184,444134912.0,15500156.95,464.50863578819735,405.23303580733597,496.0673948008811,367.0423246390654
2022-01-12,466.4295887582183,469.72268424064487,465.14894826946045,466.749755859375,14489616,432.40330505371094,444.5305621337891,,441.7096279482124,67.46480663179392,6.13294299704944,0.566033089911324,5.5669099071381165,468.9269980039869,432.40330505371094,395.87961210343497,0.16893345875670024,10.640829726142421,0.022797718890180525,26.777975881924363,32.514447799194755,16.957351680217094,458624528.0,15723432.1,469.72268424064487,405.23303580733597,496.0673948008811,367.0423246390654
2022-01-13,466.5210671549638,469.12807431519354,463.776825583464,467.7559814453125,10450974,433.7845748901367,444.3412091064453,,444.1902330431743,67.89283771035721,7.363693293501399,1.9255651306293389,5.43812816287206,473.33667593032817,433.7845748901367,394.2324738499452,0.18235826412319395,10.263002512255786,0.021940932707144187,26.926883566540624,31.303489885489334,17.280769022349652,469075502.0,16015921.15,469.72268424064487,405.23303580733597,496.0673948008811,367.0423246390654
2022-01-14,465.60632937024053,466.84124368553586,462.084547032498,465.0117492675781,8724574,435.63922729492185,443.9881164550781,,446.1732345883556,65.36708286419521,8.025126505392336,3.1454774055819383,4.879649099810398,477.3376126778995,435.63922729492185,393.94084191194423,0.19143540237136808,9.935033362295695,0.021365123306978755,26.830966832258298,30.027085445164357,17.79281782398615,460350928.0,15983080.8,469.72268424064487,405.23303580733597,496.0673948008811,367.0423246390654
2022-01-17,464.691600755031,474.6623680645578,464.2799533281715,470.1800842285156,17422211,438.6030075073242,443.6871643066406,,448.45960122075184,67.79693021250347,8.864177804978397,4.28921748546123,4.574960319517166,481.26296514393044,438.6030075073242,395.94304987071797,0.19452651671976445,9.966989174730742,0.021198237673305222,27.339353603028066,33.39791843938841,16.468930319379997,477773139.0,15786879.35,474.6623680645578,406.60511314494727,496.0673948008811,367.0423246390654
2022-01-18,470.1800631090042,473.3359521308501,461.9473382685742,463.5938720703125,12592506,441.3838394165039,443.3862127685547,,449.90096034928143,61.842418808389546,8.89514206633612,5.210402401636209,3.6847396646999115,482.9321359095926,441.3838394165039,399.83554292341523,0.18826378667607893,10.068533795269683,0.021718435902324883,27.478053594690284,30.69958260956442,16.793159807554993,465180633.0,15541184.2,474.6623680645578,410.2641428398278,496.0673948008811,367.0423246390654
2022-01-19,461.94734043264435,473.51891495637545,457.6480173850423,471.82659912109375,16079457,444.1257919311523,443.1419744873047,,451.98911642278733,65.87681334758227,9.474774433942684,6.063276808097505,3.41149762584518,486.10798162986873,444.1257919311523,402.1436022324359,0.18905540034578502,10.482988350702788,0.022217883371200828,27.009499030325994,27.37971457480822,17.90659346707537,481260090.0,15339937.15,474.6623680645578,410.2641428398278,496.0673948008811,367.0423246390654
2022-01-20,472.00953933912194,474.89101525499143,464.6915619850271,467.80169677734375,17724642,446.3943634033203,442.90413940429687,,453.4950764565546,62.403054300377406,9.499852889016893,6.750592024281383,2.7492608647355095,488.3453958381674,446.3943634033203,404.4433309684732,0.1879550275456505,10.462735844935757,0.022365750096703114,26.69726649959815,26.40995941165203,16.659736690262303,463535448.0,15488782.35,474.89101525499143,410.2641428398278,496.0673948008811,367.0423246390654
2022-01-21,462.2217652954026,464.23422037272604,455.5441216662415,459.84344482421875,16947941,448.4868469238281,442.77790466308596,,454.0996829677607,56.10357485534718,8.776394509819852,7.155752521389077,1.6206419884307746,488.7016705643844,448.4868469238281,408.27202328327184,0.17933557657884425,10.590938649661936,0.023031618192818782,25.224231404899786,24.226677538898745,21.451811996807237,446587507.0,15651445.6,474.89101525499143,410.2641428398278,496.0673948008811,367.0423246390654
2022-01-24,459.56897250006057,463.59385446379423,446.3966188388103,452.0223083496094,20233933,450.1379638671875,442.4632312011719,,453.90183776603203,50.688041999795374,7.485658174755599,7.221733652062382,0.263924522693217,488.01846018188996,450.1379638671875,412.2574675524851,0.16830616102346355,11.06281700504208,0.02447405094990516,23.950689931561964,21.536637548844933,24.97609142376637,426353574.0,15837784.7,474.89101525499143,410.2641428398278,496.0673948008811,367.0423246390654
2022-01-25,448.2261469544805,473.38169601825234,447.31139971579785,470.7746887207031,21791739,452.5826248168945,442.6114215087891,,455.5087759521912,60.526508753005,7.885007250393585,7.354388371728623,0.5306188786649617,489.14100993883613,452.5826248168945,416.0242396949529,0.1615545233833596,12.13477981200011,0.025776194223558438,22.69089885320962,23.99308116236275,21.143341298079385,448145313.0,16406657.25,474.89101525499143,410.2641428398278,496.0673948008811,367.0423246390654
2022-01-27,460.6209582402638,485.59354654725604,460.3008190412504,483.8555603027344,35409230,455.9923461914062,443.23070556640624,,458.20846969986195,65.67160636553722,9.151518279156448,7.713814353214189,1.4377039259422597,490.8200751976332,455.9923461914062,421.1646171851793,0.1527557613504668,13.07463321871479,0.027021769080289935,22.500770175953598,27.349277955007782,18.22180198126959,483554543.0,17054633.7,485.59354654725604,410.2641428398278,496.0673948008811,367.0423246390654
2022-01-28,488.47497302128386,490.67038849115204,476.9491813838126,478.82440185546875,24715250,459.2739990234375,443.6935668945313,,460.1718918099197,62.307686060642375,9.638162220095865,8.098683926590525,1.53947829350534,489.4032064929594,459.2739990234375,429.14479155391564,0.1312036280459427,13.120817067902268,0.027402147879386343,22.675591667497358,28.07015579280584,16.8606872756402,458839293.0,18237230.05,490.67038849115204,414.4719758064491,496.0673948008811,367.0423246390654
2022-01-31,483.9012787789612,494.78679301613647,482.1175105358289,492.4084167480469,28674232,462.834651184082,444.32474243164063,,463.2420370421223,67.19385125748437,10.993224476136106,8.677592036499641,2.315632439636465,490.8817143330021,462.834651184082,434.78758803516195,0.12119690294219129,13.323786645956943,0.02705840556899821,23.111188444153115,27.874874788050224,15.41784945760288,487513525.0,18029033.05,494.78679301613647,420.8752155535809,496.0673948008811,367.0423246390654
2022-02-01,497.57678023994976,497.57678023994976,475.6685723288404,486.9199523925781,32245356,465.64749908447266,445.16447998046874,,465.4970765993086,63.60610648252491,11.49177781104612,9.240429191408937,2.2513486196371826,491.4158235285412,465.64749908447266,439.87917464040413,0.11067738791567705,13.93695959346783,0.028622691522468536,22.787267503944456,24.745023503787074,16.991857286928067,455268169.0,18962452.55,497.57678023994976,430.8916595735372,497.57678023994976,367.0423246390654
2022-02-02,490.8990974544457,497.8511537035552,486.05089272542926,493.780517578125,21661864,468.2225112915039,446.0197686767578,,468.1907376449102,66.04655464576418,12.298703398087014,9.852084032744553,2.4466193653424604,494.42502438118424,468.2225112915039,442.01999820182357,0.11192333754908804,13.784338263800553,0.027915921696160525,22.50750996548237,23.374107448649898,15.952850207964591,476930033.0,19918494.9,497.8511537035552,438.30113827132374,497.8511537035552,367.0423246390654
2022-02-03,491.35644176289344,498.2627714076758,491.35644176289344,494.0549011230469,22717677,470.40417938232423,446.8787145996094,,470.65399130949464,66.1443358218265,12.812642036553427,10.444195633506329,2.3684464030470984,497.56334987299715,470.40417938232423,443.2450088916513,0.11547163771518755,13.293051933870682,0.02690602178756644,22.281385882326976,22.727864791856728,15.360835012689579,499647710.0,19836754.55,498.2627714076758,444.0183253703631,498.2627714076758,367.0423246390654
2022-02-04,495.9302112821434,499.81788683878847,482.3461820145878,485.0904235839844,25332894,472.1696380615234,447.6059381103516,,472.0288896213508,60.0587893390247,12.354172481961768,10.826191003197419,1.5279814787643495,498.3082928631404,472.1696380615234,446.0309832599064,0.110717219806544,13.591527140322825,0.028018543511753546,21.045008079062082,20.640984062897818,18.685626958982866,474314816.0,19737929.95,499.81788683878847,446.3966188388103,499.81788683878847,367.0423246390654
2022-02-07,486.5541149330737,502.19627155030327,480.47102300873735,487.78900146484375,52289545,474.09060821533205,448.75394653320313,,473.5298526540644,61.21559062458848,12.069455568068634,11.074843916171663,0.994611651896971,498.85536765932983,474.09060821533205,449.3258487713343,0.1044726852414238,14.172507240411617,0.029054585482352388,20.12158484936617,19.579613046740803,16.639664292610252,526604361.0,20095032.5,502.19627155030327,446.3966188388103,502.19627155030327,367.0423246390654
2022-02-08,489.84715729622576,491.8138862361809,474.7538275195913,486.0509338378906,26567546,475.35753326416017,449.96598571777344,,474.7223365763336,60.010060682781834,11.570193838303453,11.173913900598022,0.39627993770543135,499.84605458825644,475.35753326416017,450.8690119400639,0.10303201110936341,14.378760917281472,0.029582827469841103,18.7139614151589,17.9202740191137,18.069580366713588,500036815.0,21572193.25,502.19627155030327,446.3966188388103,502.19627155030327,367.0423246390654
2022-02-09,489.34405622756935,490.7619033093655,482.7578648117757,489.61846923828125,14856155,476.6976379394531,451.33261840820313,,476.14101587747143,61.67825831572609,11.331770021130467,11.205485124704511,0.12628489642595575,501.2276784408907,476.6976379394531,452.1675974380155,0.10291655988676517,13.92342360158921,0.02843729245600238,17.406882511966437,17.184440201837543,17.327615802799247,514892970.0,22108956.85,502.19627155030327,446.3966188388103,502.19627155030327,367.0423246390654
2022-02-10,491.3107245973949,497.5767767456132,488.8409516930406,494.46661376953125,18659370,478.08348083496094,452.52636352539065,,477.88631091481045,63.88320412645851,11.402580326167254,11.24490416499706,0.157676161170194,503.33018108889917,478.08348083496094,452.8367805810227,0.1056162836241298,13.552880848088023,0.027409091879365917,16.839405132496548,19.984936412364537,16.529835917326196,533552340.0,22046367.1,502.19627155030327,446.3966188388103,502.19627155030327,367.0423246390654
2022-02-11,490.5331950851254,491.85958971603907,482.1632357174107,484.4501037597656,14607095,478.9181869506836,453.4886767578125,,478.51143404290144,56.63303596731341,10.529076714506346,11.101738674898918,-0.5726619603925727,503.84576736432183,478.9181869506836,453.9906065370454,0.10409953554845948,13.463630648376059,0.027791573464194263,15.695962853012478,18.680457943928708,18.99360977521634,518945245.0,22254854.8,502.19627155030327,446.3966188388103,502.19627155030327,367.0423246390654
2022-02-14,471.0948345620402,471.6436605802897,457.0992127792638,458.6542663574219,26153332,478.6003128051758,454.00550964355466,,476.62027521571287,43.07481530298159,7.666930710715974,10.41477708206233,-2.7478463713463555,504.37680564543734,478.6003128051758,452.82381996491426,0.10771615542488956,14.455577814956472,0.03151737348866493,16.585107540936175,16.155840925449553,28.81142231275462,492791913.0,22462660.85,502.19627155030327,446.3966188388103,502.19627155030327,367.0423246390654
2022-02-15,459.203130075481,481.93457742879133,454.72087403042843,480.0593566894531,23842951,479.09427642822266,455.0940594482422,,476.9478067846405,53.10695186314728,7.044664771717862,9.740754619993437,-2.696089848275575,504.5834367685534,479.09427642822266,453.60511608789193,0.10640561406977896,15.366872499485503,0.03201035931360092,16.417074577526122,18.89564659588761,25.166915034746914,516634864.0,23334098.75,502.19627155030327,446.3966188388103,502.19627155030327,367.0423246390654
2022-02-16,481.6144139827795,482.9865348203373,470.18007366979805,472.64990234375,19773807,479.54707794189454,455.82585693359374,,476.53848255217474,49.83308789124614,5.885785814478481,8.969760858890446,-3.0839750444119645,504.22765051281226,479.54707794189454,454.8665053709768,0.10293284520402478,15.18398597456077,0.032125228206474316,16.16468273751603,18.252155556243526,23.650754144623278,496861057.0,23655135.75,502.19627155030327,446.3966188388103,502.19627155030327,367.0423246390654
2022-02-17,475.66859225767956,475.66859225767956,467.5730731331966,469.2196350097656,16408356,479.41672973632814,456.21736999511717,,475.8414494528977,48.34713041261693,4.637118173879344,8.103232321888227,-3.4661141480088826,504.2858422389557,479.41672973632814,454.5476172337006,0.10374737033605477,14.677666913840927,0.03128101600764309,16.120454137590624,17.53308120025584,23.987684498844505,480452701.0,24014200.8,502.19627155030327,446.3966188388103,502.19627155030327,367.0423246390654
2022-02-18,466.6125331647754,476.49181926909193,466.6125331647754,471.36920166015625,15111223,479.59510498046876,456.70492980957033,,475.41552109168424,49.36604565748811,3.777448066616273,7.238075470833836,-3.460627404217563,504.1779491864827,479.59510498046876,455.01226077445483,0.10251499212868344,14.334925427446326,0.030411247440348038,16.151646858324668,16.66998275710516,23.28546747543687,495563924.0,24030645.75,502.19627155030327,446.3966188388103,502.19627155030327,367.0423246390654
2022-02-21,467.9389379855899,473.3816952128393,461.6271876325928,468.21337890625,16866932,480.0136016845703,457.01868896484376,,474.72960278830953,47.87297488797673,2.809122970111389,6.352284970689348,-3.5431620005779587,503.4976131219694,480.0136016845703,456.5295902471712,0.09784727497297487,14.150609866932054,0.030222566258119293,16.55463218163313,15.680891420994152,24.420326938753515,478696992.0,23899974.8,502.19627155030327,446.3966188388103,502.19627155030327,367.0423246390654
2022-02-22,458.1968716860123,462.2217538249075,453.2572423375559,455.9100036621094,27108772,480.20798645019534,457.2126153564453,,472.9372600143857,42.47884827721982,1.0369850776463636,5.289224992080751,-4.252239914434387,502.80979696299215,480.20798645019534,457.6061759373985,0.0941334219777328,14.208147488486485,0.03116436878848711,17.498061394631627,14.501861904899858,26.792008323565696,451588220.0,23895924.35,502.19627155030327,447.31139971579785,502.19627155030327,367.0423246390654
2022-02-23,460.117850108577,462.2675116515027,454.8580536113119,456.1844482421875,13899433,479.47847442626954,457.3983093261719,,471.34175413131925,42.63412252463627,-0.34136652490713004,4.1631066886831745,-4.5044732135903045,504.102481892152,479.47847442626954,454.8544669603871,0.10271162848487356,13.72252681360822,0.030081093001931875,18.368545553763003,13.966375588823565,25.758700806755137,465487653.0,24239666.3,502.19627155030327,453.2572423375559,502.19627155030327,367.0423246390654
2022-02-24,439.0786525777233,446.3509039273894,428.1016862632802,432.3552551269531,32356037,476.9034591674805,457.176025390625,,467.62875422614155,34.04159199651316,-3.31828570390752,2.666828210165036,-5.985113914072556,508.84256862000206,476.9034591674805,444.9643497149589,0.13394371057101134,14.748257896843867,0.03411143434006212,20.55341389432745,12.06680788533962,35.21386728334703,433131616.0,23845051.0,502.19627155030327,428.1016862632802,502.19627155030327,367.0423246390654
2022-02-25,439.0786453039202,449.96413113557287,438.43831111317127,441.77716064453125,21792287,475.0510971069336,457.2089569091797,,465.1666976945596,39.25463151327029,-4.861209569768732,1.1612206541782824,-6.022430223947015,510.4405743173883,475.0510971069336,439.66161989647884,0.14899229756957535,14.952587761970715,0.033846448150817984,22.174384695924754,12.77781618950617,32.25175878104337,454923903.0,23692391.35,502.19627155030327,428.1016862632802,502.19627155030327,367.0423246390654
2022-02-28,436.2429352502415,443.92680616738363,432.7669070473986,442.005859375,18069367,472.5309692382813,457.4907000732422,,462.96090356888726,39.37987276171922,-5.996410881391682,-0.2703056529357106,-5.726105228455972,509.74861502168767,472.5309692382813,435.3133234548749,0.1575246839097177,14.681681430400308,0.03321603349593675,23.926248660184434,12.084050091915183,33.259885974497955,472993270.0,23546243.2,502.19627155030327,428.1016862632802,502.19627155030327,367.0423246390654
2022-03-02,437.2491495618081,438.8956833101287,427.1869306388376,433.81884765625,22003848,469.8759140014648,457.9489874267578,,460.18546967244566,36.480269392819295,-7.4705734036017475,-1.710359203068918,-5.760214200532829,510.0663729270654,469.8759140014648,429.68545507586424,0.17106839370989885,14.691484809383313,0.03386548299769717,25.783576473062585,11.213416137817132,33.57650164712376,450989422.0,23015999.95,502.19627155030327,427.1869306388376,502.19627155030327,367.0423246390654
2022-03-03,439.07864596755644,442.18878079331955,424.99154499260436,427.5528259277344,20358590,466.5645294189453,458.34049926757814,,457.07759883961603,34.39296823705614,-9.040262886199457,-3.1763399396950263,-5.863922946504431,509.1717431230223,466.5645294189453,423.95731571486834,0.18264231855404678,14.870467023049876,0.03478042038614266,27.11125895037766,11.868933963153019,30.802916857056033,430630832.0,22503924.55,502.19627155030327,424.99154499260436,502.19627155030327,367.0423246390654
2022-03-04,421.05811917340276,430.7544449425451,418.6340447100843,422.5674743652344,20684268,462.9901580810547,458.4520977783203,,453.7909203182463,32.78565853999211,-10.564745507052976,-4.654021053166616,-5.91072445388636,507.7145831883075,462.9901580810547,418.2657329738019,0.19319816772184162,14.674033680864941,0.03472589484769916,28.628425919445075,11.168687172049147,32.08022825975047,409946564.0,22438760.85,502.19627155030327,418.6340447100843,502.19627155030327,367.0423246390654
2022-03-07,409.34937464261577,415.2495052870526,396.49718756599424,402.76318359375,33720472,458.873796081543,458.05875610351563,,448.9311358682943,27.32297461553341,-13.218574225879308,-6.366931687709155,-6.851642538170154,509.472904777735,458.873796081543,408.274687385351,0.22053605644197824,15.488051760748883,0.038454487380284036,30.8176808472821,9.825850761098458,38.43233662029607,376226092.0,22337090.4,502.19627155030327,396.49718756599424,502.19627155030327,367.0423246390654
2022-03-08,400.65927618651557,404.4097453139011,388.7675625097468,402.76318359375,42510207,454.6225051879883,457.7541442871094,,444.53418803262343,27.32297461553341,-15.147145738055144,-8.122974497778353,-7.024171240276791,508.94044191317994,454.6225051879883,400.3045684627966,0.23895841541206134,15.499061120992126,0.038481821954772726,33.0649013540013,9.11752327591536,39.224075226166455,376226092.0,22756469.3,497.5767767456132,388.7675625097468,502.19627155030327,367.0423246390654
2022-03-09,404.3182856972216,415.56966573918965,401.16239650902844,413.19134521484375,32331325,450.9795257568359,457.6379718017578,,441.5491553833111,34.034999491246566,-15.653641628384264,-9.629107923899536,-6.024533704484728,506.1439348572911,450.9795257568359,395.8151166563808,0.24464263209234602,15.421075985932774,0.037321875602003236,33.960047075753415,13.678227039289359,36.60654519962089,408557417.0,22267502.4,497.5767767456132,388.7675625097468,502.19627155030327,367.0423246390654
2022-03-10,429.83971483102124,436.0142585909613,422.293050235539,428.7420349121094,34553299,447.93570404052736,457.7751831054687,,440.32942962414904,42.554925037062034,-14.631568955459898,-10.629600130211609,-4.001968825248289,500.9107947717482,447.93570404052736,394.9606133093065,0.23652988700551494,15.949778656660255,0.0372013410346618,33.037728467720704,21.435980438748572,32.865033312866785,443110716.0,22555691.35,497.5767767456132,388.7675625097468,502.19627155030327,367.0423246390654
2022-03-11,426.63811049833384,434.32198179141335,422.6132281939466,430.2513732910156,22091309,444.7249420166016,458.0669879150391,,439.3696147352792,43.32012120341099,-13.543655179148118,-11.212411139998911,-2.3312440391492064,493.6600650434606,444.7249420166016,395.78981898974257,0.220069163672103,15.64684829528929,0.036366759681917375,32.181289760261755,20.290206047725924,31.108364722988775,465202025.0,23540548.55,491.85958971603907,388.7675625097468,502.19627155030327,367.0423246390654
2022-03-14,430.8459441310982,444.56715254291663,430.4342967123957,443.78961181640625,27750689,442.6919174194336,458.6789532470703,,439.7905668382437,49.7817471486811,-11.456983988512036,-11.261325709701538,-0.19565827881049813,488.1085529510935,442.6919174194336,397.2752818877737,0.20518393828559275,15.55177193504727,0.035043118452896475,30.61436486208396,23.66164990937939,29.06293642194778,492952714.0,23712145.5,482.9865348203373,388.7675625097468,502.19627155030327,367.0423246390654
2022-03-15,447.3114104460001,448.68353133693876,439.67326523660074,444.4299621582031,27204899,441.98070220947267,459.1436450195313,,440.23241401157316,50.07168172228122,-9.640481643927217,-10.937156896546673,1.2966752526194565,486.81698570727485,441.98070220947267,397.1444187116705,0.20288796897088254,15.084521518282324,0.033941279397613405,28.866576197918445,24.60130809336221,27.822948272972035,520157613.0,24369325.2,482.9865348203373,388.7675625097468,502.19627155030327,367.0423246390654
2022-03-16,450.97038602708017,452.15954626404897,447.6772904039518,450.74169921875,16211288,440.5148193359375,459.54521911621094,,441.2332983170186,52.9548450586903,-7.603932615346423,-10.270512040306624,2.666579424960201,482.0726260131162,440.5148193359375,398.9570126587588,0.18867835928800672,14.559168845965432,0.032300470249813085,26.995655890628896,25.37374039729036,26.767845760773866,536368901.0,24421903.55,482.9865348203373,388.7675625097468,502.19627155030327,367.0423246390654
2022-03-17,456.4589022342406,460.57526508004037,455.8185679585451,459.1116638183594,22947673,439.837907409668,459.8818469238281,,442.93599979333675,56.53895924059099,-5.254001783123783,-9.267209988870057,4.013208205746274,479.68579656017295,439.837907409668,399.99001825916304,0.181193519154275,14.2216257756315,0.030976398328355415,25.452676092352956,28.347368345497742,25.445797924179324,559316574.0,24040320.4,476.49181926909193,388.7675625097468,502.19627155030327,367.0423246390654
2022-03-21,459.20310667199715,459.20310667199715,447.31139275419645,448.7749938964844,19064060,438.81567535400393,459.848916015625,,443.492094469827,51.337302503242455,-4.177590876624549,-8.249286166420957,4.071695289796407,476.59121712205433,438.81567535400393,401.0401335859535,0.17217043004480592,14.055203500072157,0.0313190433763655,23.84255544869166,26.634231617546785,28.23136195851184,540252514.0,24199013.7,476.49181926909193,388.7675625097468,502.19627155030327,367.0423246390654
2022-03-22,448.7749957825625,453.53166462015184,436.56311470170846,451.6107177734375,26157969,437.82775115966797,459.88550537109376,,444.2652966892185,52.624991992894294,-3.060429533751403,-7.211514839887046,4.151085306135643,473.09648782721325,437.82775115966797,402.5590144921227,0.16110781728261625,14.263299672812959,0.0315831735418833,23.018977631950868,24.37095904733956,31.214955938751103,566410483.0,24331798.9,473.3816952128393,388.7675625097468,502.19627155030327,367.0423246390654
2022-03-23,456.0015113556305,459.5690201040249,447.4943729620845,448.82073974609375,15800195,436.85811920166014,459.87452819824216,,444.69914840892085,51.189768085873084,-2.3728463352912854,-6.243781138967894,3.870934803676609,469.71591776593067,436.85811920166014,404.0003206373896,0.15042778018784117,14.106967349179204,0.03143118421211947,21.810315120328145,25.937889009373063,29.30652926670684,550610288.0,24884136.2,462.2675116515027,388.7675625097468,502.19627155030327,367.0423246390654
2022-03-24,443.65238956518124,452.6169009096352,442.28026877271157,445.5733642578125,18174877,436.34128723144534,459.5717468261719,,444.78240706119624,49.49765776515231,-2.066150462796088,-5.408255003733533,3.342104540937445,468.29692373468725,436.34128723144534,404.3856507282034,0.14647083573501915,13.837657691160949,0.031055845795922316,21.01628311496936,24.553930502386805,30.434298614740147,532435411.0,24830799.35,462.2675116515027,388.7675625097468,502.19627155030327,367.0423246390654
2022-03-25,449.82695903940345,451.2448061069364,445.11601629710134,448.8664855957031,11541196,435.9753890991211,459.2927490234375,,445.17136692162546,51.257263340847096,-1.5396166615188918,-4.6345273352906045,3.0949106737717127,467.1723935961482,435.9753890991211,404.77838460209404,0.1431136035522147,13.287024271066242,0.029601283894993106,20.278967681421918,23.744946403182787,29.431572650057696,543976607.0,24384104.6,460.57526508004037,388.7675625097468,502.19627155030327,367.0423246390654
2022-03-28,449.0951780929001,456.09298904295355,440.86245275969105,455.0867614746094,16738684,437.1119644165039,459.0594891357422,,446.11569021238586,54.4832436449798,-0.6133403464001503,-3.830289937512514,3.2169495911123636,469.3379432627518,437.1119644165039,404.88598557025597,0.14744953910957823,13.425846557651688,0.029501729547456317,19.197907293129802,24.400239084541923,27.046734286259497,560715291.0,24266192.75,460.57526508004037,388.7675625097468,502.19627155030327,367.0423246390654
2022-03-29,457.37363256589333,458.6542731539036,449.7812414316479,452.7998962402344,14301429,437.66310119628906,458.76036743164065,,446.7522812626571,53.092020903707805,-0.0630636470247623,-3.0768446794149638,3.0137810323902015,470.55942523729243,437.66310119628906,404.7667771552857,0.1503271532422359,13.100645497980546,0.0289325276060354,17.985781768026413,24.616282504874313,25.73825715084771,546413862.0,23485325.1,460.57526508004037,388.7675625097468,502.19627155030327,367.0423246390654
2022-03-30,456.7332512350694,457.7394787061693,450.33002103917534,452.1595153808594,16461225,438.17078399658203,458.5033227539063,,447.26725594058115,52.68631253109848,0.31769898218840353,-2.3979359470942905,2.715634929282694,471.6281368988995,438.17078399658203,404.71343109426454,0.15271375511233756,12.694132081481502,0.028074455252344036,16.860236637573266,23.589974207646463,24.66517120194911,529952637.0,23110782.2,460.57526508004037,388.7675625097468,502.19627155030327,367.0423246390654
2022-03-31,452.1595100771154,455.13243834748005,450.2385633735741,451.47344970703125,10240982,439.0535140991211,458.1291900634766,,447.66784582310015,52.22586264777299,0.557667894546455,-1.8068151787661415,2.3644830733125968,472.933920332123,439.0535140991211,405.1731078661192,0.15433383469220127,12.13697085951182,0.02688302239564188,15.823099153884254,22.91054847527524,24.00860294331686,519711655.0,23030375.1,460.57526508004037,388.7675625097468,502.19627155030327,367.0423246390654
2022-04-01,449.1409085782977,466.29241985292714,449.1409085782977,464.87457275390625,18527226,440.9196014404297,458.1548040771484,,449.30658172127215,59.64483681492644,1.8083579932153384,-1.0837805443698456,2.892138537585184,476.14523198097993,440.9196014404297,405.69397089987945,0.15978255639110836,12.495152317734508,0.02687854541863521,15.483341178227466,27.04385211677085,21.654639618756455,538238881.0,22442231.8,466.29241985292714,388.7675625097468,502.19627155030327,367.0423246390654
2022-04-04,465.880772188398,471.0033903856303,462.8621173718863,468.7165222167969,16257176,443.2270538330078,458.0926025390625,,451.1551474827507,61.49115535359321,3.074115628890638,-0.2522013097177488,3.326316938608387,479.3756547477873,443.2270538330078,407.0784529182283,0.163115498488497,12.184160938878044,0.02599473319449675,15.524897766596526,28.51488177746335,20.621117877849635,554496057.0,22350663.6,471.0033903856303,388.7675625097468,502.19627155030327,367.0423246390654
2022-04-05,470.54602384395844,472.37551840659944,464.41720589276247,465.9722595214844,13602384,446.3875076293945,458.05601379394534,,452.5663010102491,59.40062138712304,3.8118578848062725,0.5606105291870556,3.251247355619217,478.67947865492874,446.3875076293945,414.0955366038603,0.14468133840494513,11.882314622803682,0.02550004722385374,15.667353667184086,27.975559616568408,19.634601928569786,540893673.0,22129309.0,472.37551840659944,388.7675625097468,502.19627155030327,367.0423246390654
2022-04-06,463.7768642264401,471.2778029798829,462.8621169597213,470.1343688964844,13738275,449.7560668945313,458.26183227539065,,454.2394503327477,61.53645014009129,4.678441221950379,1.3841766677397205,3.294264554210659,476.76623129827556,449.7560668945313,422.745902490787,0.12011028373777656,11.634698294043535,0.024747602097997857,15.62581213289904,26.530169284862545,19.57486834169957,554631948.0,21123404.6,472.37551840659944,401.16239650902844,502.19627155030327,367.0423246390654
2022-04-07,466.5668189709018,475.57711279119303,466.5668189709018,471.0491027832031,19620958,452.6489547729492,458.6423681640625,,455.84036961374346,62.00947966276342,5.377042936067028,2.1827499214051818,3.194293014661846,475.4383532112046,452.6489547729492,429.85955633469376,0.10069347646980296,11.447240831632655,0.02430158716786934,15.939464212025198,27.721263300941033,18.474320446444544,574252906.0,19684808.0,475.57711279119303,422.293050235539,502.19627155030327,367.0423246390654
2022-04-08,475.21117603315696,475.21117603315696,468.6707111429309,472.10101318359375,13572638,454.81690368652346,458.6688946533203,431.3833572387695,457.38900233468155,62.579405350892415,5.947016699168842,2.935603276957914,3.0114134222109277,476.3093447541592,454.81690368652346,433.3244626188877,0.09451030026997033,11.0967568358179,0.023505047703641594,16.230712571213775,26.55419161880717,17.69654722573494,587825544.0,19049289.65,475.57711279119303,422.6132281939466,502.19627155030327,367.0423246390654
2022-04-11,469.7226885173069,477.49803973911236,469.44827552288496,471.00335693359375,12370288,456.85450286865233,458.4118505859375,431.8235794067383,458.68560753457797,61.54190978676784,6.238242747762399,3.596131171118811,2.6421115766435883,476.27163392241886,456.85450286865233,437.4373718148858,0.08500356648273656,10.87911450584715,0.02309774303239411,16.698747093922275,26.652226049193384,16.76124898896907,575455256.0,18000256.6,477.49803973911236,430.4342967123957,502.19627155030327,367.0423246390654
2022-04-12,469.03662988748397,472.6498925176163,461.3527589400779,469.1280822753906,14460680,458.1214263916016,458.2179241943359,432.2535105895996,459.6801289384649,59.72028103312063,6.245725659279458,4.12605006875094,2.1196755905285176,477.2680833362598,458.1214263916016,438.97476944694336,0.08358769462265526,10.908973010967957,0.02325371987551174,16.111694340833527,24.680757519088036,20.82211042649782,560994576.0,17514205.55,477.49803973911236,436.56311470170846,502.19627155030327,367.0423246390654
2022-04-13,470.45447342024204,476.491838434493,469.951373626989,473.56463623046875,15440525,459.57816009521486,457.8410485839844,432.71317108154295,461.0024629662748,62.544933623821265,6.53432511447113,4.607705077894979,1.9266200365761517,478.7696552761024,459.57816009521486,440.3866649143273,0.08351787289853585,10.6557432358347,0.02250113800864322,15.9339045711849,26.0378493642654,19.794301555831744,576435101.0,16849705.1,477.49803973911236,436.56311470170846,502.19627155030327,367.0423246390654
2022-04-18,468.3505581452404,471.0947996968727,461.03258067422104,466.0636901855469,14492183,460.34425964355466,457.4239233398437,433.0822714233398,461.48448460620546,55.4632158719061,6.087604489006765,4.903684960117336,1.1839195288894286,479.2852645047659,460.34425964355466,441.4032547823434,0.08229060953590381,10.78976554443563,0.023150839191399063,14.822397479016535,23.877682110965797,24.056382836405017,561942918.0,16261486.4,477.49803973911236,436.56311470170846,502.19627155030327,367.0423246390654
2022-04-19,469.4940277402288,476.5375927567471,462.0388432092619,468.1676330566406,20362934,460.79705810546875,456.9116656494141,433.4712677001953,462.1209749348183,56.93607979545236,5.836071185393848,5.090162205172638,0.74590898022121,480.02928977998954,460.79705810546875,441.56482643094796,0.08347376067717366,11.054692973224881,0.02361268099857609,14.273939227815797,25.157570168888633,21.80273447568333,582305852.0,16175531.15,477.49803973911236,436.56311470170846,502.19627155030327,367.0423246390654
2022-04-20,468.3505965878075,469.9056780943888,463.7768602930047,465.8807678222656,11881305,461.6523468017578,456.34818298339843,433.872841796875,462.4790504479085,54.814165262379646,5.390065003634334,5.150142764864977,0.23992223876935626,480.17842235742756,461.6523468017578,443.12627124608804,0.08025985650897258,10.702844746664827,0.022973356029901585,13.76465656598654,24.12856361208578,20.91094895819904,570424547.0,16046294.2,477.49803973911236,436.56311470170846,502.19627155030327,367.0423246390654
2022-04-21,469.6312630416218,473.83907808185285,468.5335551692924,472.28399658203125,10035638,462.6860107421875,456.09205444335936,434.31695159912107,463.4128548416345,59.37908509768548,5.4900035941615215,5.218114930724287,0.2718886634372346,481.1625137562593,462.6860107421875,444.2095077281157,0.0798662703652264,10.506806569016426,0.022246797784924506,13.68347127096717,25.49718255775168,19.77960194221198,580460185.0,15687156.45,477.49803973911236,440.86245275969105,502.19627155030327,367.0423246390654
2022-04-22,469.1738621663764,469.7226881547967,456.45885372783556,457.9224548339844,16760456,463.141096496582,455.4947235107422,434.68376525878904,462.8899596028107,47.73178528343993,4.3600888621758145,5.046509717014592,-0.6864208548387776,480.65228995884166,463.141096496582,445.62990303432235,0.07561925985287245,10.886687732243516,0.023774085802781578,13.118233040783556,22.849804098324476,25.648205216557194,563699729.0,14881039.9,477.49803973911236,440.86245275969105,502.19627155030327,367.0423246390654
2022-04-25,452.79988432002824,456.6418338987888,448.2718743104798,452.5711975097656,14057444,463.49098815917966,454.8251287841797,435.00552780151367,461.907220355854,44.24894077565147,2.998259483762979,4.636859670364269,-1.6386001866012903,479.824135727427,463.49098815917966,447.1578405909323,0.07047881398133223,10.798394360190734,0.02386010073024527,13.3106398414496,21.391162146291514,29.4263983504994,549642285.0,14929052.95,477.49803973911236,440.86245275969105,502.19627155030327,367.0423246390654
2022-04-26,456.4588972595396,464.600142549331,455.9557974168849,462.4047546386719,12137213,464.16790161132815,454.2808544921875,435.33872467041016,461.9546045732652,51.28357203750894,2.6815742490358616,4.245802586098588,-1.5642283370627261,479.0809706383841,464.16790161132815,449.2548325842722,0.06425721802514223,10.886290837288923,0.02354277443750679,12.659075663966366,24.924556048460783,27.103893220219515,561779498.0,14723181.3,477.49803973911236,440.86245275969105,502.19627155030327,367.0423246390654
2022-04-27,457.373617641167,459.9348987336095,449.91843325679,454.8580627441406,12367342,464.1564666748047,453.4886834716797,435.64745193481446,461.2787434466819,46.440552204531095,1.8008844781157336,3.7568189645020174,-1.9559344863862838,479.0976949872526,464.1564666748047,449.21523836235673,0.06438013637722732,11.000578733331276,0.024184640516132047,12.572668818763256,22.90377913775648,28.826585017968448,549412156.0,14752982.15,477.49803973911236,448.2718743104798,502.19627155030327,367.0423246390654
2022-04-28,456.5960473905313,466.52105983489844,454.1719729569158,464.23419189453125,12154792,464.72818145751955,453.084365234375,435.98888122558594,461.56021472742947,52.448840167992714,1.8383157923477143,3.373118330071157,-1.5348025377234427,478.73317135928255,464.72818145751955,450.72319155575656,0.06027174791870539,11.096900743663516,0.023903669607741013,11.841647600977815,25.322571300689173,26.535198756128523,561566948.0,14534415.05,477.49803973911236,448.2718743104798,502.19627155030327,367.0423246390654
2022-04-29,464.78307837439434,468.80796064849517,451.88513670313483,453.9890441894531,12894773,464.81965789794924,452.9910607910156,436.31750411987304,460.83915086666985,46.33264831793655,1.0294161128668975,2.904377886630305,-1.8749617737634074,478.5155627915671,464.81965789794924,451.1237530043314,0.05892997277935603,11.51303811521329,0.02535972676558426,11.045620196208443,24.082738856526476,23.749223831678467,548672175.0,14427083.2,477.49803973911236,448.2718743104798,502.19627155030327,367.0423246390654
2022-05-02,450.65022703722053,452.7998886574553,440.2678401686684,449.1408996582031,18590895,464.7030303955078,452.3726916503906,436.625087890625,459.72503170395873,43.73366719942302,-0.002815007314552531,2.3229393078413336,-2.325754315155886,478.88272857038936,464.7030303955078,450.5233322206263,0.06102692363685782,11.670764251325537,0.025984639252864757,11.211074728288141,22.06032158183852,28.86494773995371,530081280.0,14248760.6,477.49803973911236,440.2678401686684,502.19627155030327,367.0423246390654
2022-05-04,450.0556172608926,454.12625342075836,436.79178301235004,438.75848388671875,14645323,463.39722595214846,451.69486328125,436.86383666992185,457.7282176261263,38.724052327573794,-1.6397379122211646,1.530403863828834,-3.1701417760499986,481.5317607602638,463.39722595214846,445.2626911440331,0.07826777456793824,12.075314691117164,0.027521552595743858,11.631138839767852,19.798304273670528,27.961375507120408,515435957.0,14666256.25,477.49803973911236,436.79178301235004,502.19627155030327,367.0423246390654
2022-05-05,443.65241050720215,451.88513565063477,437.8437599617173,439.07867431640625,14130385,461.9153335571289,451.0920440673828,437.09663970947264,455.95207064424824,38.95628536957569,-2.877998639198836,0.6487233632233002,-3.526722002422136,482.7166974693081,461.9153335571289,441.11396964494975,0.09006569992812975,12.215747619531472,0.02782131844264573,12.021198371856155,18.172794568794483,25.665649235807724,529566342.0,14472161.1,477.49803973911236,436.79178301235004,502.19627155030327,367.0423246390654
2022-05-06,430.84590776912756,444.65859532112023,430.84590776912756,442.69189453125,16710020,460.7513153076172,450.5184979248047,437.3385903930664,454.6891967287246,41.64404201924768,-3.5271141359123703,-0.18644413660383397,-3.3406699993085365,483.0648398747134,460.7513153076172,438.43779074052094,0.09685712802446925,12.329814757564414,0.027851909894623203,12.924297044685282,16.718624110201084,27.665874081810696,546276362.0,14365821.55,477.49803973911236,430.84590776912756,502.19627155030327,367.0423246390654
2022-05-09,436.42589383933114,442.4632309305549,433.4072113357847,435.32818603515625,13544947,459.0110061645508,449.8607940673828,437.54074935913087,452.8452909483848,37.9743764822613,-4.582903716947101,-1.0657360526724873,-3.5171676642746137,483.45353951163213,459.0110061645508,434.56847281746946,0.10650085953851371,12.112305360271618,0.027823388764662834,13.762888669455187,15.803220172339266,26.15106939980184,532731415.0,14521203.35,477.49803973911236,430.84590776912756,502.19627155030327,367.0423246390654
2022-05-10,436.3344305832364,441.41126656518384,433.13281526449146,434.6878967285156,10884328,457.1929458618164,449.43635192871096,437.7474822998047,451.11601530839727,37.663591742964805,-5.40893967279527,-1.934376776697044,-3.4745628960982264,483.1458963656249,457.1929458618164,431.2399953580079,0.11353171888899881,11.838458641730243,0.02723438754754185,14.563839723666293,15.013866757398239,25.010412054116404,521847087.0,14511536.95,477.49803973911236,430.84590776912756,502.19627155030327,367.0423246390654
2022-05-11,434.7336607038223,438.1639631291549,424.12258628495215,435.9228210449219,14771351,455.3840362548828,449.03111938476565,437.9699948120117,449.6690444261615,38.705523205907205,-5.895966021250274,-2.7266946256076903,-3.1692713956425838,481.96411472880817,455.3840362548828,428.80395778095743,0.11673697959428794,11.995809941906852,0.027518196714621378,15.991421577065589,13.758575105859606,28.28442594453826,536618438.0,14074705.45,477.49803973911236,424.12258628495215,502.19627155030327,367.0423246390654
2022-05-12,432.6754334647198,432.6754334647198,417.4448978910489,423.2077941894531,18947096,452.99425811767577,448.8481701660156,438.16094833374024,447.1489253559988,32.65363926382901,-7.224653011829275,-3.6262863028520074,-3.598366708977268,482.0102173211465,452.99425811767577,423.978298914205,0.12810740393946968,12.458818028475859,0.029439008920753823,17.749167745244666,12.301030893675366,29.116489456295966,517671342.0,14134641.1,476.5375927567471,417.4448978910489,502.19627155030327,367.0423246390654
2022-05-13,429.4281520147374,436.33448329892656,402.26014471845485,406.7424011230469,61403008,449.8749740600586,448.14747497558596,438.26431503295896,443.30068495286054,26.80811540771795,-9.4967935138842,-4.800387745058446,-4.696405768825754,484.2085284211929,449.8749740600586,415.5414196989243,0.15263598262103262,14.002783782189848,0.03442666351854907,20.164509171365687,10.162938221329878,31.801415771347227,456268334.0,14463481.5,476.5375927567471,402.26014471845485,502.19627155030327,367.0423246390654
2022-05-16,407.0625191154061,422.15584847586496,401.43682920968183,416.2099914550781,27940958,447.0072418212891,447.6315576171875,438.3836894226074,440.7206189054527,34.11194409429966,-10.413485635572783,-5.923007323161313,-4.49047831241147,482.5082783456632,447.0072418212891,411.50620529691497,0.15883875339347286,14.482514888189367,0.03479617305091167,22.444216583250146,9.124414405175344,28.957776884669897,484209292.0,16810597.9,476.5375927567471,401.43682920968183,502.19627155030327,367.0423246390654
2022-05-17,419.2286397659697,429.6110262963001,417.261938826114,427.46136474609375,16880698,445.0771255493164,447.50440795898436,438.58493377685545,439.4578327950376,41.57378766955306,-10.115474065127387,-6.761500671554528,-3.3539733935728586,480.4211606371132,445.0771255493164,409.7330904615196,0.15882206951963662,14.405266313405983,0.033699574982554305,23.53795288859478,12.214758356648964,27.033559089629158,501089990.0,17435619.55,476.5375927567471,401.43682920968183,502.19627155030327,367.0423246390654
2022-05-18,428.010184282805,428.6505184517299,418.13092626652207,418.9541931152344,15644497,442.61645355224607,447.3324353027344,438.71322708129884,437.50510520648487,38.063723460491886,-10.445347932737207,-7.498270123791064,-2.9470778089461422,478.04001071383993,442.61645355224607,407.1928963906522,0.16006434861288996,14.12771816139183,0.03372139101017654,24.553565172129083,11.56510195028061,25.595747195466302,485445493.0,17555045.3,473.83907808185285,401.43682920968183,502.19627155030327,367.0423246390654
2022-05-19,410.76724282787416,411.6362638846456,406.5594277964166,409.3493957519531,14201420,439.78988494873045,447.06807373046877,438.8138493347168,434.82360906795805,34.520043466845536,-11.35095547699251,-8.268807194431353,-3.082148282561157,476.34072905589085,439.78988494873045,403.23904084157004,0.1662195760205872,14.00393581549368,0.034210227157583054,26.14115451644187,10.833946660130303,29.879729409103835,471244073.0,17319123.45,473.83907808185285,401.43682920968183,502.19627155030327,367.0423246390654
2022-05-20,416.0727653345268,424.44269654749434,415.43243113459465,422.9790954589844,13596860,437.32463989257815,447.47239196777343,438.90921173095705,433.69556015281773,42.675795744483594,-10.843851946979328,-8.783816144940948,-2.0600358020383798,471.33936527269304,437.32463989257815,403.30991451246325,0.15555823878787198,14.081747599782789,0.03329182872383411,26.070744708753335,16.5004676178695,27.592149382622612,484840933.0,17435129.2,469.7226881547967,401.43682920968183,502.19627155030327,367.0423246390654
2022-05-23,423.6194190471002,431.2118093744921,420.3263236594132,421.6069641113281,13499415,435.5088653564453,447.849267578125,439.0423072814941,432.54426529172343,42.10719679118029,-10.432429722457528,-9.113538860444264,-1.318890862013264,468.8010335697229,435.5088653564453,402.2166971431677,0.15288859016006198,13.853443179446794,0.03285866780841101,25.313670924088086,19.06453197414412,26.04351969198847,471341518.0,17613190.3,468.80796064849517,401.43682920968183,502.19627155030327,367.0423246390654
2022-05-24,422.9791026522859,427.0039847772349,420.9666755477461,422.658935546875,17175179,434.0132522583008,448.03861938476564,439.1664842224121,431.6028053160236,42.737124231758735,-9.907284335481336,-9.272287955451677,-0.6349963800296585,466.78855597472625,434.0132522583008,401.2379485418753,0.1510336541379129,13.295147897306938,0.031455972603783834,24.6106738383275,18.446162047372894,25.198781967157807,488516697.0,17450138.25,468.80796064849517,401.43682920968183,502.19627155030327,367.0423246390654
2022-05-25,428.27954538016223,431.48468563956214,419.9647793082008,421.8692932128906,12728644,431.9864791870117,447.90116455078123,439.23365768432615,430.67580416334425,42.36449311141456,-9.445933528048727,-9.307017069971089,-0.13891645807763808,462.41786042661886,431.9864791870117,401.55509794740453,0.14089043387134847,13.168344928310827,0.03121427688662232,23.495441985371034,19.72396677289536,23.624185520113247,475788053.0,17606025.0,468.80796064849517,401.43682920968183,502.19627155030327,367.0423246390654
2022-05-26,424.4240910264561,436.7336436826211,420.3828359935606,435.6188049316406,17055257,431.0245162963867,448.0085131835938,439.32178283691405,431.1465661412772,50.4636428478938,-7.880003230951502,-9.02161430216717,1.141611071215669,459.66686893927255,431.0245162963867,402.38216365350087,0.13290358928535012,13.395663696935804,0.030750884822426147,21.945548142146198,20.803170041930855,21.56448639983312,492843310.0,17635596.55,468.80796064849517,401.43682920968183,502.19627155030327,367.0423246390654
2022-05-27,437.9413722079097,441.28586018700094,434.3181887103641,435.665283203125,10977001,429.59607086181643,447.8460266113281,439.4792041015625,431.57692014716747,50.48897071637812,-6.559626489563698,-8.529216739646477,1.9695902500827795,454.00822710232467,429.59607086181643,405.1839146213082,0.11365167372939328,12.936521395485878,0.029693716470527997,20.672214606222145,22.516326519228105,20.73486253218533,503820311.0,17869992.3,468.80796064849517,401.43682920968183,502.19627155030327,367.0423246390654
2022-05-30,439.42783380561843,443.05101746267394,437.66269595746616,440.9142761230469,9365470,428.9423324584961,447.775712890625,439.6912272644043,432.46619214487026,53.3875627245757,-5.031666627461959,-7.829706717209574,2.798040089747615,451.3222520567786,428.9423324584961,406.56241286021356,0.10434931646877255,12.54003660006181,0.028440985649923107,19.652095225342496,22.574517984127226,19.862558262411255,513185781.0,17811102.75,454.12625342075836,401.43682920968183,502.19627155030327,367.0423246390654
2022-05-31,440.3568396046054,442.58648881837377,431.99563378932805,434.8756103515625,15441579,428.22906799316405,447.45839111328127,439.8833480834961,432.6956605455076,49.77708798279229,-4.258923074794552,-7.1155499887265705,2.8566269139320184,448.82688706127465,428.22906799316405,407.63124892505346,0.09620000419233289,12.400809344989232,0.0285157618634077,18.367282690917488,21.197399070415344,21.91510137723756,497744202.0,17634637.6,454.12625342075836,401.43682920968183,502.19627155030327,367.0423246390654
2022-06-01,434.78270584507754,438.4987973480269,431.7169416957556,435.0614013671875,9424008,428.0442138671875,446.9773858642578,440.1081852722168,432.92096919519145,49.88937316576979,-3.590141542828121,-6.4104682995468805,2.8203267567187593,448.32464537704277,428.0442138671875,407.7637823573323,0.0947585826549582,11.999455509795094,0.027581062057186898,17.20229496960767,20.341659642537625,21.19628397107929,507168210.0,17477171.8,451.88513565063477,401.43682920968183,502.19627155030327,367.0423246390654
2022-06-02,433.7607749847262,438.82396099779396,433.0640078279661,436.50140380859375,9370989,427.91535034179685,446.7319140625,440.3329046630859,433.2619629678964,50.80737544119225,-2.9103821245333847,-5.7104510645441815,2.8000689400107968,447.94488922448596,427.91535034179685,407.88581145910774,0.09361449112162272,11.553776771226005,0.026469048370557694,16.084121204188573,19.81832648962123,20.44149303953704,516539199.0,17216106.05,444.65859532112023,401.43682920968183,502.19627155030327,367.0423246390654
2022-06-03,439.66010922533576,441.7504108539824,430.60213550120045,431.5311584472656,11306291,427.35731353759763,446.33032287597655,440.5368890380859,433.09712444212204,47.56823175318538,-2.741127143302606,-5.116586280295866,2.3754591369932605,446.3015044564079,427.35731353759763,408.4131226187874,0.08865738490348123,11.524812384194284,0.026706790827487028,15.159520204327954,20.262739208462982,19.029090790559433,505232908.0,16978136.25,443.05101746267394,401.43682920968183,502.19627155030327,367.0423246390654
2022-06-06,431.25244480314507,432.5530712027392,424.0989570780838,430.7879333496094,10661432,427.1303009033203,445.96966674804685,440.7186337280273,432.87720148093035,47.084826188334866,-2.636570659891504,-4.620583156214994,1.9840124963234897,445.79371697349063,427.1303009033203,408.46688483314995,0.08738980133556365,11.305476794227221,0.026243717428018513,14.585319571784922,19.180435011603365,22.12142095677817,494571476.0,16707949.8,443.05101746267394,401.43682920968183,502.19627155030327,367.0423246390654
2022-06-07,429.069211704857,432.8782110846822,427.8150251789779,430.5091857910156,7672515,426.92136535644534,445.66838317871094,440.9280278015137,432.65167617712893,46.892352200260646,-2.546843070327384,-4.205835139037472,1.6589920687100879,445.3335462387514,426.92136535644534,408.50918447413926,0.08625560759618282,10.859598873618442,0.02522501082913031,14.01136767093031,18.755530340540812,21.384713485180274,486898961.0,16563774.05,443.05101746267394,401.43682920968183,502.19627155030327,367.0423246390654
2022-06-08,433.48208961754125,441.7968275387451,430.32341743653836,437.8484802246094,17168871,427.0176483154297,445.4480230712891,441.1894404602051,433.1466098959366,52.40864221441935,-1.8620490431135295,-3.7370779198526836,1.875028876739154,445.63609213267944,427.0176483154297,408.39920449818,0.08720222169129947,10.90344253280332,0.024902319010471442,13.577622658732901,23.188414411584667,19.777386343215024,504067832.0,16403183.4,443.05101746267394,401.43682920968183,502.19627155030327,367.0423246390654
2022-06-09,435.66529676149,437.47687439087713,429.6266479604756,433.8072509765625,12635601,427.54762115478513,445.0224328613281,441.43887954711914,433.2095280940914,49.3679070264694,-1.626686835959788,-3.3149997030741045,1.6883128671143166,446.30501192485855,427.54762115478513,408.7902303847117,0.08774410073624371,10.711898942184066,0.024692761400529936,13.087648924722059,21.917122853395274,19.15771893255474,491432231.0,16523059.4,443.05101746267394,401.43682920968183,502.19627155030327,367.0423246390654
2022-06-10,429.2085616259813,431.20595510609974,426.0498895700351,429.0692138671875,8621104,428.66396179199216,444.5478192138672,441.7240869140625,432.8152124534339,45.99824309388977,-1.8017115788413207,-3.012342078227548,1.2106304993862271,444.8116073042889,428.66396179199216,412.51631627969545,0.0753394124609538,10.50086054678002,0.024473581901008675,12.184060806515308,20.760625507244892,20.579796190129468,482811127.0,16207484.65,443.05101746267394,401.43682920968183,502.19627155030327,367.0423246390654
2022-06-13,421.77639544593,421.82283525019136,410.72102863648564,414.2048645019531,13426836,428.56370544433594,443.7887261962891,441.9221662902832,431.04279836281665,37.378474990331696,-3.104066964036747,-3.0306870553893877,-0.07337990864735922,445.0409343893931,428.56370544433594,412.0864764992788,0.07689512077544472,11.061383738488722,0.026705103407679953,12.814939753288416,18.300846699161603,28.04001098630287,469384291.0,13568389.45,443.05101746267394,406.5594277964166,502.19627155030327,367.0423246390654
2022-06-14,413.41515905678415,417.36350608148376,411.88227705867666,416.2951354980469,11351101,428.0053939819336,443.08515991210936,442.093649597168,429.6382590423624,39.1065643250132,-3.9223116226748402,-3.2090119688464784,-0.7132996538283618,445.3291567849169,428.0053939819336,410.6816311789503,0.08095114242281984,10.662801258797177,0.025613561988997117,13.400755918149157,17.62887685857326,27.010438856537714,480735392.0,12842683.35,443.05101746267394,406.5594277964166,502.19627155030327,367.0423246390654
2022-06-15,417.0848343951183,423.1234831307332,416.7596707159718,419.3144836425781,9920926,428.0234085083008,442.1739581298828,442.2864044189453,428.655042337621,41.612985772327484,-4.277828108680239,-3.4227751968132307,-0.8550529118670087,445.31019527278835,428.0234085083008,410.73662174381326,0.08077495959734313,10.388911714074972,0.0247759429243337,13.208605828373974,20.761486055629174,25.7423515005185,490656318.0,12566203.5,443.05101746267394,406.5594277964166,502.19627155030327,367.0423246390654
2022-06-16,422.84478009816445,425.26024538178035,408.9094361752225,410.25653076171875,10780703,428.0687652587891,441.00475830078125,442.4590249633789,426.90280313991605,36.72880264362394,-5.230188227998838,-3.784257803050352,-1.4459304249484854,445.1630159352345,428.0687652587891,410.97451458234366,0.07986684413244256,10.814761534966607,0.026360973498427823,13.738783438604631,18.519397801383683,28.147233640971617,479875615.0,12280024.95,443.05101746267394,408.9094361752225,502.19627155030327,367.0423246390654
2022-06-17,408.77004333634494,415.78415433025566,406.2152305654928,409.6990661621094,14326050,427.40476379394534,439.87929443359377,442.6210827636719,425.26435199917256,36.445287434881905,-5.961206144493701,-4.219647471339022,-1.741558673154679,446.1866176868441,427.40476379394534,408.62290990104657,0.08788790151133469,10.725773122809198,0.026179637711366503,14.454710277551467,17.339258392572308,28.14777857720409,465549565.0,12108989.1,443.05101746267394,406.2152305654928,502.19627155030327,367.0423246390654
2022-06-20,410.1635656141952,411.9751714122182,400.13013072913554,403.8462219238281,12368534,426.5167266845703,438.5535314941406,442.7069955444336,423.224530087235,33.51975583951443,-6.932900563667431,-4.7622980898047045,-2.1706024738627265,447.82122571179343,426.5167266845703,405.21222765734717,0.0998999462123268,10.805720805685871,0.02675701843689404,15.596221732628804,15.981616290843927,29.966249196328008,453181031.0,12145448.6,443.05101746267394,400.13013072913554,502.19627155030327,367.0423246390654
2022-06-21,408.30557225587563,422.65898767237655,406.54043438286834,418.757080078125,13801891,426.32163391113284,437.50769104003905,442.8521406555176,422.79905865779597,45.518432793298636,-6.425722030042948,-5.094982877852353,-1.3307391521905947,447.83431265272446,426.32163391113284,404.8089551695412,0.10092229448565103,11.377652587318911,0.027170054259610967,15.33303979283516,20.80136031198561,26.42705551212616,466982922.0,12088904.55,443.05101746267394,400.13013072913554,502.19627155030327,367.0423246390654
2022-06-22,416.8990060056877,419.1751233400902,413.0900066314862,415.8770751953125,11066447,426.0220230102539,436.3832122802734,442.9652769470215,422.13982213755946,43.871417285797925,-6.184876308823107,-5.312961564046504,-0.8719147447766025,447.937528336078,426.0220230102539,404.10651768442983,0.10288437753039167,10.999614310267846,0.0264491960878151,15.088656563026777,19.979391847418643,25.382786968313084,455916475.0,11920240.15,443.05101746267394,400.13013072913554,502.19627155030327,367.0423246390654
2022-06-23,417.1312517514312,424.0524831934855,414.3441832542056,419.36090087890625,12229833,425.20912780761716,435.35036315917966,443.0965184020996,421.8751629700687,46.398031874821115,-5.647784577451603,-5.379926166727524,-0.26785841072407823,446.8447614753598,425.20912780761716,403.5734941398745,0.10176467179477637,10.907377569482994,0.026009524365822042,14.30270389729491,21.903188410203732,23.76904494820237,468146308.0,11837130.3,443.05101746267394,400.13013072913554,502.19627155030327,367.0423246390654
2022-06-24,423.44861057491323,427.67568162206436,421.0331738068587,422.0086364746094,10833364,424.5262954711914,434.40797424316406,443.2334518432617,421.88787473240586,48.30272686839062,-4.9514086198543055,-5.294222657352881,0.34281403749857553,445.65490157830635,424.5262954711914,403.3976893640765,0.09953968144029246,10.722192081888359,0.025407518129154382,13.383182331237407,23.10363345962437,22.45245384904504,478979672.0,11595859.1,443.05101746267394,400.13013072913554,502.19627155030327,367.0423246390654
2022-06-27,427.3041143865337,431.8563211413282,425.5389481119031,428.46539306640625,9509175,423.9038513183594,433.5059893798828,443.4042700195312,422.5143050499297,52.71528057542521,-3.8343197099142685,-5.00224206786516,1.167922357950891,443.75979161691595,423.9038513183594,404.0479110198028,0.09368133946791814,10.659727266519106,0.024878852385791152,12.964249455238908,24.380446178564533,20.970878248983116,488488847.0,11588677.25,442.58648881837377,400.13013072913554,502.19627155030327,367.0423246390654
2022-06-28,426.32858071866406,432.69239291929085,425.49246582294194,431.2988586425781,13261290,423.72501373291016,432.8106927490234,443.5981739807129,423.3509292016105,54.54867995032282,-2.6893802079029,-4.539669695872708,1.8502894879698077,443.24402397985864,423.72501373291016,404.2060034859617,0.09213055455466715,10.41259868293552,0.024142421140892815,12.661967137357555,23.7498209957922,19.93512202481174,501750137.0,11595862.5,441.7968275387451,400.13013072913554,502.19627155030327,367.0423246390654
2022-06-29,427.3505192076278,429.85889229141424,425.4924734719425,426.514404296875,11800876,423.2976638793945,431.9776281738281,443.7578648376465,423.6522125440166,50.955905578251134,-2.143365500765981,-4.060408856851362,1.9170433560853812,442.16866418292983,423.2976638793945,404.4266635758592,0.08916184479067674,10.083583432056956,0.023641835610874906,12.381276413610586,22.772981410338485,19.115182525556715,489949261.0,11486848.05,441.7968275387451,400.13013072913554,502.19627155030327,367.0423246390654
2022-06-30,426.4215043535202,435.9904287315172,426.0499008697052,432.8317565917969,16926328,423.1141815185547,431.31664794921875,443.94479751586914,424.52645483428137,55.15580859145973,-1.187202051411134,-3.4857674957633167,2.2985654443521826,441.5340627476838,423.1141815185547,404.6943002894256,0.08706813448332186,10.073365177039461,0.02327316566686127,12.775474160327558,25.51556176248973,17.767817461212676,506875589.0,11605691.45,441.7968275387451,400.13013072913554,502.19627155030327,367.0423246390654
2022-07-01,430.4627449629893,435.5259025050999,427.86146396152674,433.7143249511719,9405495,423.22333984375,430.5452545166016,444.13362747192383,425.4014900835091,55.72623151722183,-0.3541374621214004,-2.8594414890349333,2.505304026913533,441.86597566517037,423.22333984375,404.58070402232966,0.08809833516413834,9.901298988934727,0.022829079925016146,13.141514925136176,24.104762350846148,16.78540419303529,516281084.0,11983458.4,441.7968275387451,400.13013072913554,502.19627155030327,367.0423246390654
2022-07-04,433.71435975090793,440.4962157869446,433.71435975090793,439.8459167480469,9186358,423.6762390136719,430.1837237548828,444.35242919921876,426.777149765846,59.57361313928887,0.7917140541625827,-2.1292103803954303,2.920924434558013,443.43844530102035,423.6762390136719,403.9140327263234,0.0932891886189103,9.678484120851728,0.02200426047468748,13.987414655610396,26.566448478061062,15.945272785132032,525467442.0,11888418.6,441.7968275387451,400.13013072913554,502.19627155030327,367.0423246390654
2022-07-05,441.425191042522,445.93095742851125,437.56975197672665,438.63812255859375,12003244,424.08268585205076,429.9050622558594,444.51556701660155,427.9067662222982,58.495301860840115,1.5840903318171513,-1.386550237952914,2.9706405697700653,444.7059193697114,424.08268585205076,403.4594523343901,0.09726043625773231,9.584392787346934,0.021850341533108854,15.267110836372051,28.961313885345007,14.95168050369144,513464198.0,11814664.9,445.93095742851125,400.13013072913554,502.19627155030327,367.0423246390654
2022-07-06,441.4252250729725,446.8600147059179,440.26394644847693,445.8845520019531,12059857,424.48448944091797,429.574658203125,444.6241482543945,429.61893629655106,62.8410939245246,2.7649083929048857,-0.5562585117813541,3.3211669046862395,446.43527144999445,424.48448944091797,402.5337074318415,0.10342324657368525,9.487071313059591,0.021276967929173815,16.53661358992183,27.8680134295556,14.026126885463825,525524055.0,12031201.35,446.8600147059179,400.13013072913554,502.19627155030327,367.0423246390654
2022-07-07,449.6470912782486,453.59543867067123,447.4174419504805,452.201904296875,11497832,425.4042221069336,429.5215350341797,444.8082243347168,431.76969515372474,66.16698551839205,4.162490152122359,0.3874912209993886,3.774998931122971,450.1977986708664,425.4042221069336,400.6106455430008,0.11656478838473042,9.360200981320913,0.020699163122444193,18.267015332319573,31.36805505833964,13.200794524769083,537021887.0,11775750.65,453.59543867067123,400.13013072913554,502.19627155030327,367.0423246390654
2022-07-08,454.29218662528615,455.12830154386137,450.71544288032334,453.8741149902344,9057231,426.64446716308595,429.31433349609375,445.0768139648437,433.8748779952971,67.00873852094902,5.343421555513771,1.378677287902265,3.964744267611506,454.35708405271106,426.64446716308595,398.93185027346084,0.12990965088049244,9.006819387193564,0.019844311648808958,19.990124809808048,31.48592997984964,12.738817263985037,546079118.0,11718862.2,455.12830154386137,400.13013072913554,502.19627155030327,367.0423246390654
2022-07-11,450.5760961604987,456.4289289555805,450.5760961604987,453.5489807128906,7704792,428.61167297363284,429.3055322265625,445.33760345458984,435.74860206363934,66.66146213020332,6.18182238156777,2.339306306635366,3.8425160749324037,458.04518052988396,428.61167297363284,399.1781654173817,0.1373434715487173,8.781534630614152,0.019361821995082625,21.690979262851172,31.044914138261326,12.132364791435572,538374326.0,11740668.55,456.4289289555805,400.13013072913554,502.19627155030327,367.0423246390654
2022-07-12,450.57610288995386,456.475403927994,448.810965064402,450.5296630859375,7364457,430.32339935302736,429.3333074951172,445.58306747436524,437.15632216100107,63.376698258532414,6.527383760724092,3.1769217974531117,3.3504619632709804,460.66069615592903,430.32339935302736,399.9861025501257,0.14099766291357846,8.701742075826855,0.019314470919014757,22.91523251489222,29.091759697914412,12.81798564320687,531009869.0,11454566.35,456.475403927994,400.13013072913554,502.19627155030327,367.0423246390654
2022-07-13,453.1309136197599,457.4973325339497,450.15802903756315,451.9696350097656,8208853,431.9561569213867,429.59753051757815,445.7856492614746,438.5671138608834,64.28068558155198,6.838606148451447,3.9092586676527787,2.9293474807986684,463.2476996573507,431.9561569213867,400.6646141854227,0.14488295737689358,8.604425034438261,0.01903761750333592,24.144232705889443,28.167647207407455,12.03703293182128,539218722.0,11255234.15,457.4973325339497,400.13013072913554,502.19627155030327,367.0423246390654
2022-07-14,452.0625027409425,454.1992438525771,442.95806223785206,445.32708740234375,9385630,433.70968475341795,429.72249877929687,445.9964106750488,439.210920864832,57.25939517762401,6.47461868128164,4.422330670378551,2.052288010903089,463.8500697651805,433.70968475341795,403.5692997416554,0.13898875709403907,8.792764790173033,0.019744509235812446,23.90420593029655,25.59542167007987,16.786767682370606,529833092.0,11169630.5,457.4973325339497,400.13013072913554,502.19627155030327,367.0423246390654
2022-07-15,448.2999911595239,450.01868920290036,441.0071840415013,445.0948791503906,6945602,435.479475402832,429.7705584716797,446.1792546081543,439.771297844409,57.02490284500249,6.097134751790179,4.757291486660877,1.3398432651293017,463.8790659306932,435.479475402832,407.07988487497084,0.13042906557922465,8.808389102403462,0.01978991337581137,23.347349747241,23.725019068597113,17.14206027830079,522887490.0,11099876.85,457.4973325339497,400.13013072913554,502.19627155030327,367.0423246390654
2022-07-18,450.1580268670489,456.6147472480962,447.8819378133518,455.4999084472656,9934786,438.0621597290039,430.1739929199219,446.4218988037109,441.26926075896677,64.11626782983106,6.561933044369084,5.118219798202519,1.4437132461665652,463.7504199184273,438.0621597290039,412.37389953958046,0.11728134749330929,9.00206617349647,0.01976304716324364,23.57054736609427,26.790162327209032,15.575163860752788,532822276.0,10730854.45,457.4973325339497,406.54043438286834,502.19627155030327,367.0423246390654
2022-07-19,453.3631749213971,463.1643551697625,453.3631749213971,462.6069641113281,11724183,440.25465393066406,430.7323742675781,446.6310150146484,443.3014229830012,68.00035704608412,7.4182559984301975,5.5782270382480545,1.840028960182143,466.45791427418277,440.25465393066406,414.05139358714536,0.11903683520240753,9.059145750272819,0.019582813172031498,24.39065558966095,29.88400167658278,14.371526338713908,544546459.0,10609167.05,463.1643551697625,413.0900066314862,502.19627155030327,367.0423246390654
2022-07-20,465.4404881732386,474.3591139762054,464.88306874464126,472.5010681152344,19280117,443.08585357666016,431.46393920898436,446.9216178894043,446.08234156702343,72.46819765439533,8.793899019747755,6.221361434547995,2.5725375851997603,470.3560032543056,443.08585357666016,415.8157038990147,0.12309194463112029,9.251503187030279,0.01957985666346474,25.972446069970477,35.81566024714346,13.067519473905378,563826576.0,10505281.65,474.3591139762054,414.3441832542056,502.19627155030327,367.0423246390654
2022-07-21,473.6158751794091,476.9603917266901,470.7823666026297,475.7061767578125,13814893,445.90311737060546,432.51390686035154,447.2344209289551,448.9036592042415,73.74694109490368,10.027144822527077,6.982518112143811,3.044626710383266,474.40146088542963,445.90311737060546,417.4047738557813,0.12782302883582766,9.031969039675289,0.018986444744596133,27.603061223333192,36.12296332355155,12.429061448827202,577641469.0,10915965.15,476.9603917266901,421.0331738068587,502.19627155030327,367.0423246390654
2022-07-22,477.0067884794819,483.27769264870454,474.916487089741,477.2390441894531,14699129,448.66463775634764,433.9238397216797,447.5022903442383,451.6022672980712,74.36029112473699,11.001373610447672,7.7862892118045846,3.2150843986430875,478.05597018934316,448.66463775634764,419.27330532335213,0.13101693318186935,8.984057362481593,0.01882506779750218,29.482033117155456,38.74426202406318,11.602820559107034,592340598.0,10995218.15,483.27769264870454,425.49246582294194,502.19627155030327,367.0423246390654
2022-07-25,476.9603680284706,482.16287346167064,473.0119924472466,481.04803466796875,10229778,451.2937698364258,435.2206005859375,447.78211517333983,454.4066260952043,75.86896183090258,11.943137586615194,8.617658886766707,3.325478699848487,482.3475306731935,451.2937698364258,420.2400089996581,0.13762104824989424,8.99597333762034,0.01870077973362802,30.88190201891172,35.929160212335304,12.271956712095731,602570376.0,11188506.4,483.27769264870454,425.49246582294194,502.19627155030327,367.0423246390654
2022-07-26,480.9551936134014,483.835142083511,476.6816540121658,477.70361328125,8862656,453.6140075683594,436.22544555664064,448.0795210266113,456.62538677958963,71.8701958854584,12.278091273998314,9.349745364213028,2.9283459097852855,485.2737410006306,453.6140075683594,421.9542741360882,0.1395888702907839,8.864367247172119,0.01855620723964084,32.286570268451335,35.20562168761512,11.564571631515731,593707720.0,11224536.55,483.835142083511,425.4924734719425,502.19627155030327,367.0423246390654
2022-07-27,478.7254522151504,492.33565933474154,475.8919439286603,490.7098693847656,15101546,456.8237808227539,437.6605590820312,448.4387565612793,459.8715279800826,76.95672983921598,13.438134207994892,10.167423132969402,3.27071107502549,489.8309169740467,456.8237808227539,423.8166446714611,0.14450708363669645,9.405749258522771,0.019167638242767283,34.072125585770515,37.264700463685884,10.120435713950108,608809266.0,11004604.85,492.33565933474154,426.0499008697052,502.19627155030327,367.0423246390654
2022-07-28,495.35503134884004,499.34981855668167,491.9640750160222,494.65826416015625,12160734,459.91510620117185,439.36673645019533,448.8172769165039,463.1845504734229,78.24293011186816,14.508830286992122,11.035704563773946,3.4731257232181765,494.878115898148,459.91510620117185,424.9520965041957,0.1520411450963863,9.351049252336576,0.018904059488853445,36.059619936886655,40.16315903724632,9.45251945124283,620970000.0,11169638.35,499.34981855668167,427.86146396152674,502.19627155030327,367.0423246390654
2022-07-29,497.07367724099106,498.885283185348,489.3627987297617,490.8492126464844,11921058,462.7718505859375,440.7241387939453,449.12529724121094,465.8192802041907,73.95439065921255,14.878495979850982,11.804262846989355,3.074233132861627,498.0401889908469,462.7718505859375,427.5035121810281,0.1524221421862824,9.363294623997268,0.019075704682327416,37.427030362308805,37.24558817770823,10.750262896081985,609048942.0,10931358.65,499.34981855668167,433.71435975090793,502.19627155030327,367.0423246390654
2022-08-01,491.4994873820828,497.0271842295448,489.0376110521217,495.86590576171875,8295631,465.5728500366211,442.2093176269531,449.3955122375488,468.680863590622,75.83314425849113,15.398756631826302,12.523161603956744,2.875595027869558,501.9925824804482,465.5728500366211,429.153117592794,0.15645127262452013,9.265171663527685,0.01868483304835225,38.635403608987474,34.95146406362429,10.33880460090485,617344573.0,11057136.8,499.34981855668167,437.56975197672665,502.19627155030327,367.0423246390654
2022-08-02,494.14730280546866,506.2246004960406,493.4040391236026,503.623291015625,16845027,468.82210845947264,443.82860473632815,449.71046005249025,472.00871382157464,78.42477512146732,16.24970660298095,13.268470603761585,2.981235999219365,506.6194297000352,468.82210845947264,431.0247872189101,0.1612437662752841,9.51912807130699,0.01890128642007476,40.227969961104314,38.49053547731048,9.34419610682378,634189600.0,11012600.45,506.2246004960406,440.26394644847693,506.2246004960406,367.0423246390654
2022-08-03,503.4374944319357,507.61809716837826,496.70207891211163,502.46197509765625,24262125,471.65097961425784,445.4404583740234,449.9788949584961,474.9090244192967,77.0919241859896,16.638582870651874,13.942493057139643,2.6960898135122306,510.6090246262878,471.65097961425784,432.69293460222787,0.1651986180284922,9.61890594166125,0.019143549996577875,41.7709641960471,36.40525436208379,8.586748698334237,609927475.0,11254689.6,507.61809716837826,441.0071840415013,507.61809716837826,367.0423246390654
2022-08-04,505.06338175462685,505.38851712669947,486.99387288071557,495.4015197753906,18072293,473.8109603881836,446.63611267089846,450.17841049194334,476.8606906436866,69.37253595473874,16.190417323938107,14.392077910499337,1.7983394134387698,513.0057499504878,473.8109603881836,434.6161708258794,0.16544484125142533,10.24574439197001,0.02068169753822175,41.502639786907594,31.736683984708908,14.253703711252022,591855182.0,11864803.0,507.61809716837826,441.0071840415013,507.61809716837826,367.0423246390654
2022-08-05,497.5382080751771,504.3665604850358,491.45311935571334,493.35760498046875,21110734,475.78513488769534,447.78995910644534,450.41230072021483,478.43182534242777,67.27250189297777,15.491736956702027,14.612009719739875,0.879727236962152,514.7410172560143,475.78513488769534,436.82925251937644,0.16375409617416525,10.436294158923756,0.021153609579681886,41.253481406992336,28.93170774344681,12.993921804632079,570744448.0,12193526.05,507.61809716837826,441.0071840415013,507.61809716837826,367.0423246390654
2022-08-08,486.8079911951748,486.8079911951748,477.37838624175544,483.4635314941406,32566317,477.28086242675784,448.6409442138672,450.54320785522464,478.9110354521147,58.10320773761719,13.978522978257843,14.48531237144347,-0.5067893931856275,514.98383594347,477.28086242675784,439.57788891004566,0.15799071986674498,10.832217343194438,0.022405448679277934,39.06666659760198,25.883221706246506,20.90577371422196,538178131.0,12796201.2,507.61809716837826,441.0071840415013,507.61809716837826,367.0423246390654
2022-08-10,484.53187490892833,486.34348087745,476.9603724089837,478.1680908203125,16904151,478.66278381347655,449.50679382324216,450.63368759155276,478.84027882051447,53.8710176652577,12.21122874790916,14.03049564673661,-1.8192668988274487,514.3125732481369,478.66278381347655,443.0129943788162,0.14895576025627358,10.728709566428146,0.022437108984045138,36.98623141705146,24.26629793949748,19.878092145404576,521273980.0,14039277.45,507.61809716837826,441.0071840415013,507.61809716837826,367.0423246390654
2022-08-11,483.0919020217961,488.6660393528168,480.49064927459784,487.5047607421875,13862195,480.43954010009764,450.5556610107422,450.7708506774902,479.6654675749595,59.475747118175725,11.432242791997396,13.510845075788767,-2.078602283791371,514.0759981139491,480.43954010009764,446.80308208624615,0.14002368750433603,10.712226635433588,0.021973583640752695,35.28823950559566,24.11633245698328,18.486630144827636,535136175.0,14516262.15,507.61809716837826,441.0071840415013,507.61809716837826,367.0423246390654
2022-08-12,488.3873259134069,494.05434264419563,487.8763746840825,493.0324401855469,12154012,482.82480773925784,451.68628173828125,450.919415435791,480.9385125854916,62.389330005032846,11.132598676243447,13.035195795879705,-1.9025971196362583,512.721173078508,482.82480773925784,452.92844240000767,0.12383939209434829,10.41489486876034,0.021124157397920548,34.22765822474981,26.728514606644335,17.65622811175437,547290187.0,14798929.25,507.61809716837826,441.0071840415013,507.61809716837826,367.0423246390654
2022-08-16,495.4478629776831,495.95881419262287,487.7369848436232,488.61956787109375,10721167,485.001042175293,452.8280499267578,451.01824462890625,481.67004166031086,58.7573948357555,10.418943544214926,12.51194534554675,-2.0930018013318232,509.4316586625714,485.001042175293,460.57042568801455,0.10074459377532025,10.258247331634578,0.020994344079033857,33.41739843558725,26.524427035111497,16.645428217297127,536569020.0,14937348.35,507.61809716837826,447.8819378133518,507.61809716837826,367.0423246390654
2022-08-17,491.31372279588953,492.89307301767894,487.1331198751237,490.6634521484375,12054183,486.75921936035155,454.0255603027344,451.09710678100583,482.52655694489437,59.92115265904476,9.904122530770223,11.990380782591446,-2.0862582518212225,507.17586631780375,486.75921936035155,466.34257240289935,0.08388807502929946,9.936940603843196,0.02025204966934654,32.57390174894701,25.426219973011186,16.390316715863456,548623203.0,15126126.6,507.61809716837826,453.3631749213971,507.61809716837826,367.0423246390654
2022-08-18,489.45571197812444,496.8414556724269,488.8518810905393,494.5653381347656,9013662,488.3571380615234,455.3066833496094,451.2768907165527,483.6731075344059,62.11872923882316,9.699166800846683,11.532137986242493,-1.8329711853958095,505.73951153652047,488.3571380615234,470.97476458652636,0.0711871379375936,9.797843030846368,0.019811018434487463,32.172053391599434,26.82371112096397,15.435648447042322,557636865.0,15232096.45,507.61809716837826,464.88306874464126,507.61809716837826,367.0423246390654
2022-08-19,494.24013050861817,495.773040812657,481.6983226855611,483.4169921875,11087222,488.9029342651367,456.2180535888672,451.397274017334,483.64871559660537,53.151383509838766,8.538730392140735,10.933456467422142,-2.3947260752814064,504.8889703924502,488.9029342651367,472.91689813782324,0.06539554176062314,10.103334109149904,0.020899832385766003,30.735177835482073,24.154605138780568,18.957141126838945,546549643.0,15096570.4,507.61809716837826,470.7823666026297,507.61809716837826,367.0423246390654
2022-08-22,482.1628561373997,482.9989993783973,473.8016505396413,475.0093688964844,9676954,488.8680938720703,457.04209594726564,451.41364501953126,482.8259206727844,47.57367811306254,6.861555502935175,10.11907627452475,-3.257520771589574,504.97162906285973,488.8680938720703,472.76455868128085,0.06588090076912856,10.06847750477196,0.021196376669711785,28.65827969415951,22.506925319204917,23.266118794322715,536872689.0,14686925.65,507.61809716837826,473.0119924472466,507.61809716837826,367.0423246390654
2022-08-23,472.1758708824076,486.8079809982914,472.1758708824076,484.8570556640625,8597965,489.2489944458008,458.1578527832031,451.4518121337891,483.01936210052514,53.70209128988988,6.254905682276842,9.346242156075169,-3.091336473798327,504.57590642603304,489.2489944458008,473.92208246556856,0.0626548532719781,10.39445126270852,0.02143817676010145,26.92683782891971,22.861333860601146,20.926735958754954,545470654.0,14480028.7,507.61809716837826,472.1758708824076,507.61809716837826,367.0423246390654
2022-08-24,482.16286332109064,485.8789547532378,475.93839883163315,482.4415588378906,11930650,489.31867065429685,459.52258666992185,451.4506880187988,482.9643332183695,52.09352371024933,5.515640056798247,8.580121736219786,-3.0644816794215384,504.5078740372696,489.31867065429685,474.12946727132413,0.06208307303157814,10.362030166915385,0.021478311677533612,25.319070382625608,21.29480157174681,19.49276855424513,533540004.0,14174970.5,507.61809716837826,472.1758708824076,507.61809716837826,367.0423246390654
2022-08-25,484.9035056236676,490.8027782555925,481.6983653333934,483.4635314941406,15473450,489.6066665649414,460.86595458984374,451.4418672180176,483.0118759113001,52.73854300657969,4.955111928995393,7.8551197747749075,-2.9000078457795144,504.1068304327135,489.6066665649414,475.10650269716933,0.05923188901615486,10.272200363721366,0.021247104889122046,24.38765741433106,23.37048485186491,18.258715147750046,549013454.0,14260014.1,507.61809716837826,472.1758708824076,507.61809716837826,367.0423246390654
2022-08-26,486.6221923828125,491.9176343481351,485.13577839745057,486.6221923828125,12855886,489.40228271484375,462.21210876464846,451.4817709350586,483.35571557525367,54.76573296780933,4.711456151277616,7.2263870500754495,-2.514930898797833,503.9496421692583,489.40228271484375,474.8549232604292,0.05944949571430896,10.14233625588373,0.020842321650437656,23.645960865730235,22.764179958487315,17.171609630367627,561869340.0,14590553.8,507.61809716837826,472.1758708824076,507.61809716837826,372.7594961495837
2022-08-29,475.0093533981979,480.3047947779463,472.6403565634046,478.307373046875,9421339,488.58473815917966,463.57312561035155,451.453115234375,482.87492104874144,48.82836431964947,3.80357551058313,6.541824742176987,-2.7382492315938567,503.6859462767888,488.58473815917966,473.48353004157053,0.061816127022327076,10.416586224706883,0.0217780172577144,22.518472887623727,20.581637206291294,24.093616617397146,552448001.0,14478270.8,507.61809716837826,472.1758708824076,507.61809716837826,372.7594961495837
2022-08-30,481.4196887418067,494.70470516429225,481.1874330116826,493.5434265136719,14835308,488.7194488525391,465.2500128173828,451.52236511230467,483.8909691882586,57.846608436421505,4.264339097013419,6.086327613144274,-1.8219885161308547,503.94659723384757,488.7194488525391,473.4923004712306,0.062314476811021986,10.84378235990048,0.021971283128010808,21.82976110341486,27.843910126853423,21.49126269648556,567283309.0,14341301.05,507.61809716837826,472.1758708824076,507.61809716837826,372.7594961495837
2022-09-01,485.18221468066645,502.50851463100315,485.18221468066645,495.4479064941406,16670228,488.6985488891602,467.08204650878906,451.66882873535155,484.99162988405686,58.82346564625224,4.72866408086918,5.814794906689256,-1.0861308258200761,503.88750407931474,488.6985488891602,473.5095936990056,0.062160836060102594,11.306819330645924,0.02282140903703595,21.818079976502997,29.726143439272313,19.138927141266763,583953537.0,14487013.55,507.61809716837826,472.1758708824076,507.61809716837826,372.7594961495837
2022-09-02,498.88529342761575,499.67494020526334,493.5434117940799,498.6065979003906,10017930,488.4477142333984,468.67903686523437,451.8230818176269,486.2882935046601,60.4600925366684,5.290538934464166,5.709943712244239,-0.41940477778007246,502.78427550881906,488.4477142333984,474.11115295797777,0.05870254218681883,10.937155693541463,0.02193544116663783,21.807233215799123,28.53579287020614,18.37252995084533,593971467.0,14905743.4,507.61809716837826,472.1758708824076,507.61809716837826,378.2479800785992
2022-09-05,498.8852246906846,502.41549985626574,498.2348974147237,500.650390625,7819994,488.3571350097656,470.37450317382815,452.0095079040527,487.6561122780258,61.52567062952335,5.8335008298768685,5.7346551357707645,0.098845694106104,502.35732542026403,488.3571350097656,474.3569445992672,0.05733586921062783,10.454544746970074,0.0208819266752571,22.01799939152573,29.593153660597398,17.847753095906793,601791461.0,14564388.55,505.38851712669947,472.1758708824076,507.61809716837826,383.00468785192083
2022-09-06,499.8143559729734,504.1807752561006,496.1911437224278,499.6285400390625,8657868,488.56848602294923,471.97985595703125,452.24319381713866,488.7963434933626,60.64566663832847,6.110904537890349,5.809905016194682,0.3009995216956671,503.1050226616667,488.56848602294923,474.0319493842318,0.059506648728197484,10.278479517448842,0.020572242563735927,21.939922543093765,27.950064654887157,18.27707172493757,593133593.0,13742282.0,504.3665604850358,472.1758708824076,507.61809716837826,388.7675625097468
2022-09-07,496.4698770971638,499.30338569661285,493.8221277215004,495.02984619140625,8445359,488.65209808349607,473.4402801513672,452.43993637084964,489.3900104169858,56.714222989726466,5.891756315148939,5.826275275985534,0.06548103916340509,503.3165324915989,488.65209808349607,473.98766367539326,0.060019938379951836,9.95904614602836,0.020118072117570128,21.54838523957058,26.78608628853445,19.215037238778105,584688234.0,13271560.75,504.1807752561006,472.1758708824076,507.61809716837826,388.7675625097468
2022-09-08,497.95623936941655,507.5251632256435,497.4917279520944,505.9923095703125,12240707,489.7785369873047,474.99081848144533,452.6656497192383,490.97118176492165,62.89012154487549,6.527414970689904,5.966503214926409,0.5609117557634953,506.04883263073316,489.7785369873047,473.5082413438762,0.0664393982778801,10.140208352328994,0.020040242036366195,21.90866662327649,30.219920441525343,17.523764705703933,596928941.0,12638292.0,507.5251632256435,472.1758708824076,507.61809716837826,388.7675625097468
2022-09-09,510.6374895329618,517.4657855661197,509.1045789770801,514.0748291015625,18587927,491.57387390136716,476.646337890625,453.01135848999024,493.171529130316,66.66637215798559,7.595811031276867,6.2923647781965,1.3034462530803665,510.0922715600615,491.57387390136716,473.05547624267285,0.07534329484080748,10.235441755434582,0.019910412212406595,22.958422180166924,34.737379885275374,16.120667377593882,615516868.0,11622011.5,517.4657855661197,472.1758708824076,517.4657855661197,388.7675625097468
2022-09-12,515.5148315429688,518.952170921536,512.1238752658808,515.5148315429688,9677415,492.97437744140626,478.42634643554686,453.3338522338867,495.29946269342577,67.30472013311234,8.461183512461162,6.726128525049433,1.7350549874117283,514.1027414424793,492.97437744140626,471.8460134403332,0.08571789921712243,9.992074176878912,0.019382709411040606,24.03051725192561,34.104316954952594,15.333781684335419,625194283.0,11706200.3,518.952170921536,472.1758708824076,518.952170921536,388.7675625097468
2022-09-13,520.2528824344759,520.2528824344759,514.4464886573053,518.3948364257812,16707275,494.242497253418,480.1376080322266,453.6702883911133,497.49902209650725,68.59987287161937,9.272502130679356,7.2354032461754185,2.037098884503938,518.1007144263373,494.242497253418,470.3842800804986,0.09654458006141976,9.693097005471174,0.018698290037576285,25.113997341883806,33.60357811244328,14.677689043634789,641901558.0,11496961.3,520.2528824344759,472.1758708824076,520.2528824344759,388.7675625097468
2022-09-14,510.96257592164955,534.0487714434327,510.2658087726655,531.1688232421875,21632641,496.36996002197264,482.0866979980469,454.08248626708985,500.70566982466727,73.5959041868337,10.821488576111392,7.952620312162614,2.8688682639487784,524.9618710910477,496.36996002197264,467.77804895289756,0.11520403478006358,10.699515981563746,0.020143343346575294,26.9228478781116,37.478227729727095,12.347283689522179,663534199.0,11724624.45,534.0487714434327,472.1758708824076,534.0487714434327,388.7675625097468
2022-09-15,531.9121025185649,537.4398006593908,527.5921796293119,531.54052734375,12749947,498.41381378173827,483.92059020996095,454.58824600219725,503.6423229217228,73.726900967116,11.941411747145992,8.750378599159289,3.191033147986703,530.6887102268341,498.41381378173827,466.1389173366424,0.1295104411340792,10.638666342171973,0.020014779296954516,28.7676329998573,37.27701788281009,11.530912763381224,676284146.0,12270198.15,537.4398006593908,472.1758708824076,537.4398006593908,388.7675625097468
2022-09-16,528.7068427636351,533.2590770784519,520.5314536194188,521.9249877929688,14739280,499.78179626464845,485.5863275146484,455.07062606811525,505.3835290999367,64.77423098418272,11.915708378553575,9.383444555038146,2.5322638235154287,533.5719774414885,499.78179626464845,465.99161508780844,0.1352197356101668,10.787877564804912,0.020669402341556647,29.447466733001058,34.135609227996596,15.23421956597474,661544866.0,12304986.35,537.4398006593908,472.1758708824076,537.4398006593908,388.7675625097468
2022-09-19,520.903158514852,533.6307837600242,519.8347594839756,531.6333618164062,11194003,502.19261474609374,487.3013037109375,455.62235870361326,507.88351316817193,68.88275023813205,12.534236050288825,10.013602854088283,2.520633196200542,537.7997944165571,502.19261474609374,466.58543507563036,0.1418068630438391,11.002745187036602,0.02069611498692266,29.980339583661017,31.07834822123567,14.322094929115524,672738869.0,12591267.25,537.4398006593908,472.1758708824076,537.4398006593908,388.7675625097468
2022-09-20,536.928815145089,536.928815145089,532.1907641678022,533.3056030273438,8484017,505.10742645263673,488.9233776855469,456.1149899291992,510.30466458333115,69.54172272926206,13.009395364910745,10.612761356252776,2.396634008657969,540.8803851214419,505.10742645263673,469.33446778383154,0.14164495232247223,10.595081482868466,0.019866810741767573,30.692963249677373,32.192269378462775,13.81079308866972,681222886.0,12596606.3,537.4398006593908,472.1758708824076,537.4398006593908,388.7675625097468
2022-09-21,534.1881531589202,536.3248944309445,525.2695562395763,529.2643432617188,9392526,507.32779083251955,490.4311822509766,456.57963943481445,512.1103482669871,65.9091499958688,12.911036266973156,11.072416338396852,1.8386199285763034,543.309457310484,507.32779083251955,471.34612435455506,0.14184780383869355,10.627956962047014,0.020080621521846104,30.370238648074874,29.800354044772213,17.436256749295392,671830360.0,12536959.45,537.4398006593908,472.6403565634046,537.4398006593908,388.7675625097468
2022-09-22,526.5237167258603,533.2591325992832,522.1108580501693,527.03466796875,11869435,509.5574462890625,491.90089599609377,457.05074966430664,513.5317120481074,63.925112336585606,12.508974143885212,11.359727899494525,1.149246244390687,544.6088679638864,509.5574462890625,474.50602461423864,0.13757593743391142,10.665122503980363,0.02023609290274002,29.65450737520039,27.575327505977665,18.249894457129468,659960925.0,12576687.5,537.4398006593908,472.6403565634046,537.4398006593908,388.7675625097468
2022-09-23,524.7121256104904,527.6850102482754,510.4980864989918,511.5199890136719,12563239,510.96026916503905,493.1207025146484,457.4801902770996,513.340119378161,52.15930236945171,10.813777587854247,11.250537837166469,-0.436760249312222,543.9045000752473,510.96026916503905,478.01603825483085,0.12895026442679164,11.130965450073449,0.021760567894006468,27.661474246865016,24.53403663058443,23.68914546532224,647397686.0,12573626.75,537.4398006593908,472.6403565634046,537.4398006593908,388.7675625097468
2022-09-26,507.06062458888744,510.0335088407735,495.16914428439395,504.7380676269531,16158750,511.8660629272461,494.1760711669922,457.82358047485354,512.5208763542365,48.00030215708658,8.821390231477949,10.764708316028766,-1.9433180845508176,543.0319940542172,511.8660629272461,480.700131800275,0.12177377397806054,11.503813970016626,0.022791651170878162,26.8695435352702,22.043233986629875,30.80204537072248,631238936.0,12428116.2,537.4398006593908,472.6403565634046,537.4398006593908,388.7675625097468
2022-09-27,505.89943020477307,511.79875989057615,495.35504252599327,498.4208068847656,11066799,512.8717346191406,495.2379455566406,458.06746459960937,511.1780125952393,44.44527061814306,6.6559332949804,9.942953311819092,-3.2870200168386923,540.7677488418891,512.8717346191406,484.97572039639215,0.10878358989100502,11.856664212485644,0.023788461574452073,25.95225256586735,20.92302247420326,27.7507166035045,620172137.0,12593259.4,537.4398006593908,481.1874330116826,537.4398006593908,388.7675625097468
2022-09-28,495.07630512312164,501.486528839793,483.4170228594841,487.5976257324219,12233485,512.5744445800781,496.08800048828124,458.270496673584,508.93226146544714,39.101977310611815,4.020111463121793,8.758384942079633,-4.73827347895784,541.3993210101,512.5744445800781,483.74956815005606,0.11247098537515464,12.300438624473017,0.02522661714358533,25.943494905714875,18.727579976662998,31.7712481829261,607938652.0,12675532.4,537.4398006593908,483.4170228594841,537.4398006593908,388.7675625097468
2022-09-29,491.45312862643,497.67759358102506,482.6738506213195,484.71771240234375,17310168,512.0379348754883,496.6723565673828,458.4314581298828,506.62611393562776,37.79976518372259,1.6794589763530894,7.342599748934324,-5.663140772581235,542.4724214773048,512.0379348754883,481.60344827367175,0.11887590558780474,12.493531791275341,0.025774861267922857,25.9836762235986,17.12112701409079,29.470798271544403,590628484.0,12545441.25,537.4398006593908,482.6738506213195,537.4398006593908,388.7675625097468
2022-09-30,486.8079858742602,498.7924036275781,479.5151789961069,492.93951416015625,17466950,511.75458068847655,497.27900756835936,458.66508728027344,505.32262824272567,43.57689666239725,0.48234552749823933,5.970548904647107,-5.488203377148868,542.7837055312948,511.75458068847655,480.7254558456583,0.12126564573618069,12.97808127986076,0.02632793863557908,26.231330921578795,15.304614760648176,28.082479269965784,608095434.0,12577438.25,537.4398006593908,479.5151789961069,537.4398006593908,388.7675625097468
2022-10-03,490.1524567024575,493.91504478951293,481.6983710394965,482.8596496582031,9351162,510.8650436401367,497.4861791992187,458.84488677978516,503.18329694896164,38.81683356733074,-1.2651524400224048,4.523408635713205,-5.788561075735609,544.0608910359393,510.8650436401367,477.66919624433416,0.12995936131886288,12.923695027729021,0.026764909921293246,26.46129599827469,14.271233357621965,26.18632492160095,598744272.0,12949889.25,537.4398006593908,479.5151789961069,537.4398006593908,388.7675625097468
2022-10-04,495.16916792023426,497.77042050115574,490.33823786820665,494.8904724121094,8745887,510.6281402587891,497.8698651123047,459.1019918823242,502.39350413592814,46.34960290792169,-1.6601333351754306,3.2867002415354776,-4.946833576710908,544.2067848714817,510.6281402587891,477.0494956460965,0.13151897424092118,13.065629014530707,0.026401051834456384,26.17852404344686,15.215600339387446,24.051725979976272,607490159.0,13026447.65,537.4398006593908,479.5151789961069,537.4398006593908,388.7675625097468
2022-10-06,496.65559788661494,503.34457381399824,496.65559788661494,499.1639709472656,9507322,510.83484649658203,498.30836364746096,459.39715881347655,502.0859295465317,48.76273753729813,-1.6097665370045888,2.3074068858274646,-3.9171734228320534,544.0760640463152,510.83484649658203,477.5936289468489,0.1301446750459908,12.73623418505629,0.025515131151967324,25.241061638542483,17.620331691428877,22.911359013848006,616997481.0,13030848.6,537.4398006593908,479.5151789961069,537.4398006593908,388.7675625097468
2022-10-07,497.4917419504565,497.5846215553129,489.17697600581823,492.56793212890625,11065307,510.1636276245117,498.5387615966797,459.72040496826173,501.179453601996,45.3706435469072,-2.078140187343706,1.4302974711932304,-3.508437658536937,544.2989817960819,510.1636276245117,476.02827345294156,0.133821199016149,12.53985995336994,0.025458133052170005,24.993259058875026,16.617961397688454,25.867911521706862,605932174.0,13083946.75,537.4398006593908,479.5151789961069,537.4398006593908,388.7675625097468
2022-10-10,488.38733378954294,496.0053326593176,485.1357537466073,493.0788879394531,9649292,509.11383056640625,498.84626708984376,460.13127700805666,500.4079711579443,45.68583737848127,-2.3806570830661826,0.6681065603413477,-3.0487636434075305,543.9869186944761,509.11383056640625,474.2407424383364,0.1369952495270945,12.420554164751396,0.025189791062959807,25.071218909972554,15.579186474486878,26.57497061273364,615581466.0,13025176.75,537.4398006593908,479.5151789961069,537.4398006593908,388.7675625097468
2022-10-11,493.0789401003736,495.8195691956654,488.2015695200119,489.96673583984375,10825440,507.83642578125,498.83140441894534,460.5412245178223,499.41356779431567,44.019884626369354,-2.8388045952612515,-0.03327567077917215,-2.805528924482079,543.5398276953641,507.83642578125,472.13302386713593,0.14060985034379278,12.07751455838726,0.02464966226265421,25.1436102002774,14.877278591182437,25.37765640109565,604756026.0,12578245.0,537.4398006593908,479.5151789961069,537.4398006593908,388.7675625097468
2022-10-12,492.38213885807085,497.02725337559986,488.66604724404766,495.91241455078125,8522604,506.7123046875,498.85648742675784,460.93584884643553,499.08012462826474,47.926688369839276,-2.6911018703790432,-0.5648409106991464,-2.1262609596798967,542.4309093215596,506.7123046875,470.9937000534404,0.1409817930357464,11.812063956470471,0.023818851091216068,25.0419704084514,14.855366520140295,24.094538340688352,613278630.0,12635646.25,537.4398006593908,479.5151789961069,537.4398006593908,388.7675625097468
2022-10-13,495.16919835658643,495.912405324953,483.27771675355,484.4389953613281,12972765,504.37581329345704,498.7282830810547,461.24589248657225,497.68573136474697,41.856199033026094,-3.4599710455373724,-1.1438669376667918,-2.3161041078705806,539.498138822545,504.37581329345704,469.2534877643691,0.1392704590640353,11.870823516524812,0.024504269124063248,25.397883485146522,13.725988461480032,25.504994334658182,600305865.0,12226412.7,537.4398006593908,479.5151789961069,537.4398006593908,388.7675625097468
2022-10-14,492.5679524866068,496.8878749459658,488.66604496943324,489.7808837890625,8545479,502.28783111572267,498.60658264160156,461.6048280334473,496.93288873849133,45.32832365866481,-3.5967980056792612,-1.6344531512692857,-1.9623448544099755,535.6218546927511,502.28783111572267,468.95380753869426,0.13272877227777607,11.91211323567573,0.024321311080009414,25.581103411362264,13.286302680022082,23.60111838084508,608851344.0,11793418.9,536.928815145089,479.5151789961069,537.4398006593908,388.7675625097468
2022-10-17,489.03767889540234,506.0387866822973,486.99381716787735,505.0633239746094,13485349,501.4447479248047,498.63538330078126,462.0351448059082,497.7072159038359,53.823881234080055,-2.4438974268217635,-1.7963420063797815,-0.647555420441982,533.5808811460753,501.4447479248047,469.3086147035341,0.12817417414087523,12.421602969871746,0.024594149644681398,24.48918060962221,17.093344939604435,21.01643598081519,622336693.0,11583195.5,536.928815145089,479.5151789961069,537.4398006593908,388.7675625097468
2022-10-18,508.26845479089377,523.5044544974211,507.9433194258474,522.5289916992188,20440781,500.9895294189453,499.0367236328125,462.5383824157715,500.0711945510152,61.23733090078735,-0.11950442060481237,-1.4609744892247878,1.3414700686199754,531.6251418370363,500.9895294189453,470.3539170008544,0.1223004099651446,12.851569223653172,0.024594940046983784,23.746267154572354,25.048716833997084,18.86235306966145,642777474.0,11520498.95,536.928815145089,479.5151789961069,537.4398006593908,388.7675625097468
2022-10-19,523.039935784048,523.4580074640971,512.4026113622147,514.121337890625,9540583,500.0303161621094,499.4111199951172,463.0306834411621,501.40930344050184,56.532185958769404,1.0322670544705943,-0.9623261804857114,1.9945932349563056,527.6071822639313,500.0303161621094,472.4534500602874,0.11030077661483856,12.723271143526693,0.024747603738309462,23.056418946311776,23.49406561195198,17.691659159680594,633236891.0,11982837.85,536.3248944309445,479.5151789961069,537.4398006593908,388.7675625097468
2022-10-20,512.8206087382911,517.2799070388827,506.596144356835,515.9793090820312,11225588,499.366064453125,499.8635540771484,463.54462326049804,502.7969230254094,57.312741578108586,2.0711026122689873,-0.35564042193477163,2.426743034203759,524.6379268618606,499.366064453125,474.09420204438936,0.10121577819434649,12.577591967706764,0.024376155683613194,21.77579790763695,22.068599580894453,19.91575745874741,644462479.0,12035666.15,533.2591325992832,479.5151789961069,537.4398006593908,388.7675625097468
2022-10-21,517.6980206478074,525.6411552498403,517.6980206478074,521.04248046875,11767639,499.066455078125,500.6151330566406,464.043858795166,504.5345951628704,59.44971116839417,3.2653025176069264,0.36854816597356804,2.8967543516333585,523.1324278332669,499.066455078125,475.00048232298315,0.09644396055981976,12.369324410571211,0.02373956994723979,21.32241474798497,25.665639819485637,18.804581256724365,656230118.0,12127319.25,527.6850102482754,479.5151789961069,537.4398006593908,388.7675625097468
2022-10-24,526.7559881853911,531.8656141730801,525.7340856690766,530.007568359375,3692065,499.99083404541017,501.65192260742185,464.54058166503904,506.9605926101566,62.98328790125706,4.8788815057408215,1.270614833927019,3.6082666718138023,527.123941782462,499.99083404541017,472.85772630835834,0.10853442059134846,12.258882217268273,0.023129636158244555,21.385133675746815,27.673881883379323,17.618709345424612,659922183.0,12122229.45,531.8656141730801,479.5151789961069,537.4398006593908,388.7675625097468
2022-10-25,531.8655682588908,544.5931923246487,527.6849655389519,537.4861450195312,19899324,501.62823791503905,502.65155029296875,465.01661102294923,509.86778807771606,65.67070192906078,6.684063392345479,2.353304545610711,4.330758846734768,533.2850475049997,501.62823791503905,469.97142832507836,0.12621621829559926,12.59097825787031,0.023425679665496822,22.27637145799594,32.239744880952976,15.928717357382897,679821507.0,11678670.75,544.5931923246487,479.5151789961069,544.5931923246487,388.7675625097468
2022-10-27,542.5029660780416,543.4784288404763,536.6036362901586,538.5081787109375,13613533,503.63260650634766,503.5610650634766,465.4570442199707,512.5954443284991,66.03362690806443,8.103737775839136,3.5033911916563962,4.60034658418274,539.0734318843596,503.63260650634766,468.1917811283357,0.14074078969533618,12.182679278759409,0.022623016251901485,23.103949398655843,30.940232721926677,15.286666312622877,693435040.0,11865699.45,544.5931923246487,479.5151789961069,544.5931923246487,388.7675625097468
2022-10-28,538.7868289392258,541.2952020481209,526.7559713396231,530.2398071289062,10043644,505.76471557617185,504.39346984863283,465.85933700561526,514.2758598332998,60.464444289178495,8.464082790256612,4.495529511376439,3.9685532788801723,542.2069033595915,505.76471557617185,469.3225277927522,0.14410727621401723,12.351004380883582,0.02329324244394374,22.73877491882093,28.33866765398218,19.6964298731747,683391396.0,11993036.15,544.5931923246487,479.5151789961069,544.5931923246487,388.7675625097468
2022-10-31,534.1417633453428,536.4643207503551,528.056674284823,533.0733642578125,9894639,508.1824981689453,505.2416680908203,466.2778558349609,516.06609834992,61.65788019019609,8.875986344140188,5.371620877929189,3.5043654662109986,545.1312132998125,508.1824981689453,471.23378303807806,0.14541514225302438,12.06933595835848,0.022641041116662014,22.3996843304028,26.928591859062486,18.71637465852546,693286035.0,11883544.1,544.5931923246487,479.5151789961069,544.5931923246487,388.7675625097468
2022-11-01,535.4423001724173,544.1751376967455,533.8165101750305,535.9533081054688,12069579,510.33318786621095,506.0694274902344,466.6540602111816,517.960118326639,62.88420837215138,9.327291072561252,6.162754916855603,3.1645361557056493,548.4708274068793,510.33318786621095,472.19554832554263,0.1494617259760362,12.000224349828091,0.022390428733890005,22.6541949211827,29.73881651479092,17.479582596502087,705355614.0,11512767.65,544.5931923246487,481.6983710394965,544.5931923246487,388.7675625097468
2022-11-02,535.0242932214652,537.8578016328036,529.4501560045153,533.1197509765625,10241440,512.8461929321289,507.0634826660156,467.00557708740234,519.4038928647269,60.82295792859299,9.34854473756468,6.799912880997418,2.548631856567262,550.022868459019,512.8461929321289,475.66951740523876,0.1449817744159804,11.743611584003817,0.022028093242638276,22.38704823766149,28.21802960577647,19.24147232557895,695114174.0,11242899.1,544.5931923246487,483.27771675355,544.5931923246487,388.7675625097468
2022-11-03,528.6140117679199,546.2190064529988,527.684988900138,543.385498046875,17557998,515.2709442138672,508.4310052490234,467.38875579833984,521.6878552630268,65.26515479906067,10.077580341252428,7.455446373048421,2.6221339682040075,553.7499746020958,515.2709442138672,476.7919138256387,0.14935455150468382,12.228640581779313,0.022504539826207162,22.738205298229204,30.047032265001352,17.158412926502958,712672172.0,11287413.0,546.2190064529988,483.27771675355,546.2190064529988,388.7675625097468
2022-11-04,544.4074086062908,554.5802205002109,539.2049031506616,551.7931518554688,25759031,517.9024032592773,509.76972717285156,467.80894165039064,524.5550263670689,68.4231000371193,11.204613891935537,8.205279876825845,2.9993340151096923,558.7414150669666,517.9024032592773,477.063391451588,0.15770929638742798,12.453403208048597,0.02256897021315429,23.584833038820655,32.19296746488347,15.645251999713725,738431203.0,11728018.55,554.5802205002109,483.27771675355,554.5802205002109,388.7675625097468
2022-11-07,569.4910492043815,578.5025828570365,564.5672390755263,570.5594482421875,44265903,521.8019790649414,511.5320849609375,468.3366801452637,528.936399878985,74.08624853307734,13.456955970847844,9.255615095630244,4.2013408752176,566.8928197240757,521.8019790649414,476.7111384058071,0.1728274037593195,13.471690907585678,0.023611371171032295,25.473555622285915,40.317837837003054,13.42962293590728,782697106.0,12540604.0,578.5025828570365,483.27771675355,578.5025828570365,388.7675625097468
2022-11-09,576.9231710597669,576.9231710597669,567.2148712528526,571.8599853515625,18939854,525.7410339355469,513.3000140380859,468.8450796508789,533.0243604001828,74.42852193467074,15.172002372215388,10.438892550947273,4.7331098212681155,573.7751562255455,525.7410339355469,477.70691164554813,0.1827292114919355,13.202877257537722,0.023087604651024822,27.22736944978937,38.20023850265714,12.724263667769806,801636960.0,14200633.8,578.5025828570365,483.27771675355,578.5025828570365,388.7675625097468
2022-11-10,569.5839725657406,571.4420185459949,559.4576559951925,562.7556762695312,11618405,529.3804809570313,514.8226837158203,469.340888671875,535.8559142925017,67.68842421174176,15.616529712928582,11.474419983343536,4.142109729585046,577.0496667509623,529.3804809570313,481.7112951631003,0.18009423282004305,13.145695264597174,0.023359507187451375,27.98237590468912,35.6259469088489,16.081750687032983,790018555.0,14665161.9,578.5025828570365,483.27771675355,578.5025828570365,388.7675625097468
2022-11-11,573.4394492513424,575.57619082005,556.0202679253599,558.6215209960938,15525267,532.5159362792969,516.4289666748047,469.77486328125,538.0240673118914,64.81799484161147,15.457049804632675,12.270945947601364,3.186103857031311,579.2065385956432,532.5159362792969,485.8253339629505,0.17535851656412338,13.603568666746668,0.024352031125635408,28.88203037903765,34.138516607422986,14.43043254423243,774493288.0,14704810.15,578.5025828570365,483.27771675355,578.5025828570365,388.7675625097468
2022-11-14,561.0833761211366,561.0833761211366,549.656406110973,550.4924926757812,12957268,535.8186111450195,517.5679479980469,470.18831726074217,539.2115363941666,59.47704634315909,14.50748294717232,12.718253347515555,1.7892295996567658,577.5167473858367,535.8186111450195,494.12047490420247,0.1556427319749499,13.44809733413359,0.024429211139222563,29.024775756486346,32.0665304277745,16.934717031511532,761536020.0,15054943.3,578.5025828570365,486.99381716787735,578.5025828570365,388.7675625097468
2022-11-15,552.1182806785682,559.3646477289204,550.5854269638519,558.203369140625,10286417,539.2397354125976,518.8230572509766,470.6801168823242,541.0202823700198,62.62316510477484,14.213305521033476,13.017263782219139,1.196041738814337,576.2294530517603,539.2397354125976,502.25001777343493,0.1371921066271576,13.121244314062562,0.023506207664534897,29.157325035545846,30.51779213108659,16.11680987222753,771822437.0,15054168.45,578.5025828570365,486.99381716787735,578.5025828570365,388.7675625097468
2022-11-16,557.367212375709,560.6652318104549,553.6975611582951,557.181396484375,11555749,541.8456390380859,519.9945532226562,471.2059123229981,542.5594360951965,61.93681906690224,13.739324755656526,13.161675976906617,0.5776487787499089,576.0779555949716,541.8456390380859,507.6133224812001,0.12635449689198144,12.681703338212362,0.022760457219551108,29.359828607420518,30.052670314894847,15.48430908316449,760266688.0,15141215.35,578.5025828570365,506.596144356835,578.5025828570365,388.7675625097468
2022-11-17,556.5775066914088,559.9684624091999,553.836934942098,556.5310668945312,8167131,543.5457427978515,521.1121667480469,471.6346942138672,543.890067599895,61.47509105838249,13.15952065874228,13.16124491327375,-0.0017242545314690716,577.1433003140983,543.5457427978515,509.9481852816048,0.12362366171173156,12.213833633133046,0.02194636447033729,29.547867638447,28.97503526229549,14.929069430299746,752099557.0,15044735.35,578.5025828570365,506.596144356835,578.5025828570365,388.7675625097468
2022-11-18,558.3427079901772,562.7555663311978,554.76599285815,559.9220581054688,12933675,545.8357788085938,522.318037109375,472.01502670288085,545.416923838521,63.02300485635344,12.825798563642252,13.09415564334745,-0.26835707970519884,577.2729611110449,545.8357788085938,514.3985965061427,0.11518915953464849,11.912100764555529,0.02127456954430562,29.90922371003816,29.258134056542506,14.213848955548078,765033232.0,14431052.85,578.5025828570365,506.596144356835,578.5025828570365,388.7675625097468
2022-11-21,559.3647125184377,559.3647125184377,553.0938074153025,555.6486206054688,7412419,547.8192443847656,523.5304125976562,472.39914779663087,546.3913711496589,59.76403432773853,12.077271439975334,12.890778802673028,-0.8135073626976936,576.3418057050536,547.8192443847656,519.2966830644776,0.10413128641481212,11.548968616384863,0.020784661723447454,30.011730741144884,28.02251429379513,14.647795067192076,757620813.0,14600707.45,578.5025828570365,517.6980206478074,578.5025828570365,388.7675625097468
2022-11-22,555.6950493243781,558.0640462892758,553.8370035945674,556.5775756835938,8048595,549.5959991455078,524.5421179199219,472.7199935913086,547.3614858671765,60.245285724973016,11.427290520941597,12.598081146326741,-1.1707906253851448,575.5353848478624,549.5959991455078,523.6566134431532,0.09439437602414938,11.02597390769369,0.019810309271176593,30.10691584145827,27.255155034878744,14.246684693951641,765669408.0,14410049.0,578.5025828570365,525.7340856690766,578.5025828570365,388.7675625097468
2022-11-23,558.8537390242528,566.3323623614517,558.3427877471263,564.5208129882812,12435924,551.3216613769531,525.5510375976562,473.1079978942871,548.9957074977578,64.18945882017061,11.421469238073428,12.36275876467608,-0.9412895266026524,576.3965248777389,551.3216613769531,526.2467978761673,0.0909627364836712,10.93517481984828,0.019370720384892667,30.793737310546426,30.919368346652156,13.338910519942921,778105332.0,14224096.8,578.5025828570365,526.7559713396231,578.5025828570365,388.7675625097468
2022-11-24,566.471607357674,567.9115812428199,562.8019562482037,566.0999755859375,8960032,552.7523529052735,526.5627404785156,473.4695951843262,550.6246854109178,64.93430026647755,11.412722295034428,12.17275147074775,-0.7600291757133224,577.7714791526629,552.7523529052735,527.7332266578841,0.09052562550259102,10.519064118045987,0.018581636763291342,31.53692426743258,30.918930439790493,12.8760989059276,787065364.0,14661289.75,578.5025828570365,526.7559713396231,578.5025828570365,388.7675625097468
2022-11-25,567.2149011984452,570.1413459163525,563.2201142032641,564.2885131835938,9994513,554.0413696289063,527.4806140136719,473.8207632446289,551.9260023416489,63.30764228348482,11.131305640386358,11.964462304675473,-0.8331566642891151,578.6451847969914,554.0413696289063,529.4375544608212,0.08881580516113671,10.262076089120448,0.01818586742307412,32.37779104295042,30.981430919230007,12.255795126996983,777070851.0,14114325.15,578.5025828570365,526.7559713396231,578.5025828570365,388.7675625097468
2022-11-28,562.6162515826591,567.5401183678248,559.5969271253315,565.4033203125,7934274,555.7995452880859,528.1653039550781,474.22232772827147,553.2095564341109,63.90688334578606,10.872900503690062,11.746149944478391,-0.8732494407883298,578.2828480572562,555.7995452880859,533.3162425189157,0.08090435827009006,10.096441457218509,0.017857060782094765,32.55361339630112,29.240425495258894,14.130349390167337,785005125.0,13933374.15,578.5025828570365,527.684988900138,578.5025828570365,388.7675625097468
2022-11-29,564.0097780174993,568.3761969734692,564.0097780174993,565.3568725585938,6942919,557.413720703125,528.841630859375,474.61016708374024,554.3664436840617,63.86008773492238,10.542833404785029,11.50548663653972,-0.9626532317546914,577.6633946361809,557.413720703125,537.1640467700691,0.07265581445506154,9.687154135700746,0.01713458278460525,32.78424657668198,28.915487902786555,13.675409458027723,778062206.0,13827905.65,578.5025828570365,527.684988900138,578.5025828570365,388.7675625097468
2022-11-30,565.3103961576169,568.0045850653908,555.9272881877424,559.6898193359375,15606230,558.6005462646484,529.5969274902344,474.97836151123045,554.8734318413832,58.25517033794238,9.712014954493384,11.146792300130453,-1.4347773456370696,576.3019964302725,558.6005462646484,540.8990960990243,0.06337784767305867,9.857878617268431,0.017613110470661476,31.7282834990765,26.38509031550431,18.335112393513622,762455976.0,13680319.65,578.5025828570365,527.684988900138,578.5025828570365,388.7675625097468
2022-12-01,564.7065260219437,566.518131949988,558.8536933108481,564.9387817382812,14209313,560.1914978027344,530.2630358886719,475.35496307373046,555.8320365934687,61.61560360369917,9.36913123260581,10.791260086625526,-1.4221288540197161,573.6598789549405,560.1914978027344,546.7231166505283,0.048084918121870074,9.701204333116387,0.017172133772205174,30.747746355585697,24.896122710722235,17.30042242059593,776665289.0,13857152.2,578.5025828570365,527.684988900138,578.5025828570365,388.7675625097468
2022-12-02,564.3814166405217,566.3323420662039,561.3620921893583,564.4278564453125,7533838,561.2436157226563,530.8854809570313,475.7047692871094,556.6506861031681,61.10001592592457,8.952961840432977,10.423600437387018,-1.470638596954041,572.3823097099396,561.2436157226563,550.104921735373,0.03969290224510137,9.363279014811324,0.01658897396343962,29.837247579487094,23.9521619569158,16.644460045286692,769131451.0,14055545.85,578.5025828570365,539.2049031506616,578.5025828570365,388.7675625097468
2022-12-05,565.3103892852598,574.1361061270183,564.4278062604734,573.4857788085938,11585602,562.3282470703125,531.7699096679687,476.1499476623535,558.2540282655897,66.45858759169397,9.247444450013177,10.18836923991225,-0.9409247898990731,573.7945743395214,562.3282470703125,550.8619198011036,0.040781615822956176,9.387923361363718,0.016369932277774973,29.790597836022712,28.12044751656448,15.414997445789727,780717053.0,13554337.85,578.5025828570365,549.656406110973,578.5025828570365,388.7675625097468
2022-12-06,571.1168371932469,575.8083915750034,564.6601165911579,565.728515625,12996244,562.0867004394531,532.5437866210938,476.6853189086914,558.9658842045811,58.967009076688605,8.753967443443116,9.901488880618423,-1.1475214371753069,573.0413849464351,562.0867004394531,551.1320159324712,0.03897862909197926,9.513662762969556,0.016816657637381324,29.901627361900267,27.022282995337633,14.124743068010309,767720809.0,12845666.4,576.9231710597669,549.656406110973,578.5025828570365,388.7675625097468
2022-12-07,567.4935934113071,569.39813564367,561.594320910099,563.9633178710938,7613892,561.6918670654297,533.5926531982421,477.1048387145996,559.4418302680585,57.38187327984058,8.126766350309254,9.54654437455659,-1.4197780242473357,571.7408699053553,561.6918670654297,551.6428642255041,0.03578119402877175,9.39153076086966,0.01665273336627951,29.471644987746924,25.418429971167242,15.618130302009058,760106917.0,11282183.45,575.8083915750034,549.656406110973,578.5025828570365,388.7675625097468
2022-12-08,566.471711256473,570.2342426474543,564.0562744063031,568.2368774414062,10020015,561.9659271240234,534.8626293945313,477.58277359008787,560.2794538083774,60.173219179143715,7.8836674954822,9.213968998741711,-1.330301503259511,572.4073406573411,561.9659271240234,551.5245135907057,0.0371603082299092,9.168630333404721,0.016135225814079876,29.161620541659218,24.828013369371742,14.855123983493511,770126932.0,10715885.35,575.8083915750034,549.656406110973,578.5025828570365,388.7675625097468
2022-12-09,570.7916893478897,574.1361490885416,565.8678226421276,572.7426147460938,11202267,562.6719818115234,536.3490655517578,478.1003884887695,561.4664215167313,62.93000258124626,7.962795100815356,8.963734219156441,-1.0009391183410852,573.986549962267,562.6719818115234,551.3574136607799,0.04021727939719427,9.104322912905383,0.015896011015247187,29.281280217142204,26.278694124654468,13.891476465460617,781329199.0,10635965.85,575.8083915750034,549.656406110973,578.5025828570365,388.7675625097468
2022-12-12,571.1632656554611,574.7864776344798,567.6329899879643,569.5374755859375,9285187,563.6242309570313,537.9878625488282,478.59122985839844,562.2350933328462,59.76108030797595,7.6783649429205525,8.706660363909265,-1.0282954209887123,573.8296877586209,563.6242309570313,553.4187741554416,0.03621369075726515,8.964977536734676,0.01574080358366506,29.459055733498715,25.299076825083844,13.09972477808807,772044012.0,10419815.85,575.8083915750034,550.5854269638519,578.5025828570365,388.7675625097468
2022-12-13,569.9555899098569,573.5788021601909,569.0265669434187,572.9749145507812,7455415,564.3628082275391,539.7530065917969,479.1150375366211,563.25793344884,61.97275615701127,7.642229723042647,8.493774235735941,-0.8515445126932946,575.0201658343121,564.3628082275391,553.705450620766,0.03776775312407282,8.649781656737352,0.01509626588717043,29.624132998686903,24.348042509625007,12.607284367192294,779499427.0,10236211.8,575.8083915750034,553.0938074153025,578.5025828570365,388.7675625097468
2022-12-14,574.6006001839154,582.2650382623589,573.6715773865283,581.103759765625,14010673,565.5589263916015,541.5162915039062,479.74100631713867,564.9575359552006,66.64206747514305,8.17528260525637,8.430075909640028,-0.2547933043836572,577.9522243087898,565.5589263916015,553.1656284744132,0.04382672552358231,8.695520374940228,0.014963799887385635,30.620008266181888,29.6252037495258,11.645186097968239,793510100.0,10094661.7,582.2650382623589,553.0938074153025,582.2650382623589,388.7675625097468
2022-12-15,581.1502869681508,584.8663787165883,570.6987789256705,572.231689453125,10622271,566.3439575195313,543.3037322998047,480.32124252319335,565.6503124788125,58.23705790743902,7.792007515335399,8.302462230779103,-0.5104547154437036,578.3328457804248,566.3439575195313,554.3550692586377,0.0423378341084537,9.0863831903672,0.015878853544533594,30.930443743678826,26.32577660788003,12.685168573372104,782887829.0,10217407.9,584.8663787165883,553.0938074153025,584.8663787165883,388.7675625097468
2022-12-16,568.5620106489584,571.9064703833176,559.3646613248847,560.5259399414062,9435071,566.3741516113281,544.6164416503906,480.96209594726565,565.1622769990595,49.386737001224105,6.469130973689516,7.935795979361186,-1.4666650056716692,578.3010750323315,566.3741516113281,554.4472281903247,0.042116764640728804,9.35642925735814,0.01669223240290396,29.315616889553603,23.739819792257574,20.09177417767621,773452758.0,10340164.9,584.8663787165883,553.0938074153025,584.8663787165883,388.7675625097468
2022-12-19,561.1298409450822,566.239466980178,560.2008180296101,561.5479125976562,8322012,566.6691162109375,545.8641204833984,481.5609497070312,564.8180518179735,50.09973316376195,5.440491832742623,7.436735150037474,-1.9962433172948506,577.78462786638,566.6691162109375,555.5536045554951,0.03923104802240465,9.119444949730266,0.016239834117706464,27.816134810723035,22.616972336194337,19.141472207374044,781774770.0,10165234.7,584.8663787165883,553.8370035945674,584.8663787165883,388.7675625097468
2022-12-20,560.2008180296101,563.4523982337621,556.99567763062,561.5479125976562,6753785,566.9176330566406,547.2437200927734,482.15865997314455,564.5066099874671,50.09973316376195,4.5725780689496105,6.863903733819901,-2.291325664870291,577.318837992542,566.9176330566406,556.5164281207393,0.03669388401211411,8.929250353545397,0.015901137112663652,25.953281572020025,21.44880939272348,20.716735640362806,781774770.0,10210714.35,584.8663787165883,555.9272881877424,584.8663787165883,388.7675625097468
2022-12-21,562.8950131289239,565.9143376361941,547.7518940838596,551.2822265625,9217253,566.2557037353515,548.4077868652344,482.7459768676758,563.247144899375,43.0368586844694,3.0215643757779844,6.095435862211518,-3.073871486433534,578.6724948011814,566.2557037353515,553.8389126695216,0.04385577393365411,9.588764153458904,0.017393566655049427,25.129849171854435,18.54688031029842,24.799727271038275,772557517.0,10145973.85,584.8663787165883,547.7518940838596,584.8663787165883,388.7675625097468
2022-12-22,554.6266864124063,556.4847322630342,545.847408427578,551.2822265625,8740149,565.5148162841797,549.6340966796874,483.3646238708496,562.1076288672917,43.0368586844694,1.7719489252784797,5.2307384748249115,-3.458789549546432,579.543971532773,565.5148162841797,551.4856610355864,0.049615517912596684,9.663661273601567,0.01752942650420452,24.57334221078674,17.088625171260695,24.25753285610564,772557517.0,9985040.3,584.8663787165883,545.847408427578,584.8663787165883,388.7675625097468
2022-12-23,548.1234592344703,548.7737865436641,530.9365372076268,533.2590942382812,13047046,563.963345336914,550.3810302734375,483.91808197021487,559.3601493788145,33.43837038876231,-0.6650304185010327,4.051584696159723,-4.716615114660756,583.8373108614347,563.963345336914,544.0893798123933,0.0704796355608818,10.426663279406686,0.019552715353688164,25.37349448585876,14.706820465934914,31.09132362651162,759510471.0,9974046.15,584.8663787165883,530.9365372076268,584.8663787165883,388.7675625097468
2022-12-26,533.2590787626473,558.993021256089,530.1933149117649,554.719482421875,13201587,563.4291534423828,551.7866400146485,484.6778634643555,558.9181810972012,48.241033544866134,-0.854826226833552,3.070302511561068,-3.92512873839462,583.6901543179923,563.4291534423828,543.1681525667733,0.07192031421100908,11.739023498329361,0.021162089795507856,24.745639809558085,18.347737572455937,25.642945218087824,772712058.0,10126672.8,584.8663787165883,530.1933149117649,584.8663787165883,388.7675625097468
2022-12-27,557.7853597232435,560.2936761363036,551.1892632547101,559.1788940429688,9638618,563.1202545166016,553.1746002197266,485.4599420166016,558.94301090156,50.69480043869619,-0.6380484974703222,2.32863230975479,-2.9666808072251123,583.4425625324327,563.1202545166016,542.7979465007704,0.07217750685695505,11.55083702570537,0.020656782916448513,24.004360829376875,18.119059708808393,24.199240561842686,782350676.0,10390038.45,584.8663787165883,530.1933149117649,584.8663787165883,388.7675625097468
2022-12-28,558.2499017736284,563.9169189700275,556.0666638645115,558.3892211914062,7988631,563.055224609375,554.2411181640625,486.18593139648436,558.8902690244025,50.2405903559146,-0.5239310338776022,1.7581196410283115,-2.2820506749059137,583.4292827641475,563.055224609375,542.6811664546026,0.07236966203060154,11.286509745691843,0.020212621084644864,22.875368458655885,19.51190484203846,22.996982189106227,774362045.0,10524823.4,584.8663787165883,530.1933149117649,584.8663787165883,388.7675625097468
2022-12-29,557.4138212607661,574.1362358985891,554.766128291004,568.3762817382812,20130392,563.227099609375,555.1580639648438,486.88410263061525,559.7936988066767,55.65235692049573,0.36813654998559286,1.480123022819768,-1.111986472834175,583.71947023685,563.227099609375,542.7347289819,0.07276770113400949,11.863909592969938,0.020873336861781437,21.743827075182832,23.389113828493322,20.315054784689575,794492437.0,10143943.45,584.8663787165883,530.1933149117649,584.8663787165883,388.7675625097468
2022-12-30,571.5813315569454,576.5051415202785,567.9581196143295,570.141357421875,13052895,563.5127746582032,556.2784643554687,487.5835525512695,560.7791901033622,56.55174374220528,1.203658369082632,1.4248300920723407,-0.22117172298970877,584.2222855607678,563.5127746582032,542.8032637556386,0.07350147799267155,11.626989043897014,0.020393168979133795,20.918559928261075,23.616314855446582,19.248366522886712,807545332.0,10439997.4,584.8663787165883,530.1933149117649,584.8663787165883,388.7675625097468
2023-01-02,571.3026155836609,575.2509627143755,567.8187798800892,568.747802734375,6726084,563.2758758544921,557.3338342285156,488.2083435058594,561.5381055920301,55.59313256068178,1.7333858207218782,1.4865412378022484,0.24684458291962974,583.6289665064193,563.2758758544921,542.922785202565,0.07226686433553145,11.327360028924822,0.01991631435667294,20.13534978903794,22.50950816647434,18.434134398785023,800819248.0,10715950.25,584.8663787165883,530.1933149117649,584.8663787165883,388.7675625097468
2023-01-03,570.8845802218594,572.8355056585625,566.7039771120167,568.9336547851562,6818062,563.4361328125,558.2916577148437,488.83086196899416,562.242443610423,55.700982178792955,2.143486570977643,1.6179303044373274,0.5255562665403157,583.9140373447533,563.4361328125,542.9582282802467,0.07268935497634457,10.956229208754895,0.019257481283810225,19.26550140372397,21.609708940313855,18.42403483115718,807637310.0,10472974.35,584.8663787165883,530.1933149117649,584.8663787165883,388.7675625097468
2023-01-04,568.4226584190668,571.3026635308936,561.1298510820882,562.2446899414062,7011191,563.3502014160156,558.9364001464844,489.38837692260745,562.2426575467072,50.90875710847664,1.9067707430899645,1.675698392167855,0.23107235092210954,583.8329590335408,563.3502014160156,542.8674437984904,0.0727176721195466,10.900270868758504,0.019387058808673613,18.007699610649702,20.16917123802119,20.848537832438815,800626119.0,10164065.25,584.8663787165883,530.1933149117649,584.8663787165883,388.7675625097468
2023-01-05,563.9168383606225,568.1903205500095,559.225284571544,562.1516723632812,8241475,563.0459411621093,559.4297106933594,489.90357696533204,562.2339922911427,50.8432484897657,1.6921598375943177,1.6789906812531477,0.013169156341169996,583.4097432695862,563.0459411621093,542.6821390546324,0.07233442466682782,10.762039805166147,0.019144370343901346,17.06261517124241,18.969071170175763,20.872091248974122,792384644.0,10133930.2,584.8663787165883,530.1933149117649,584.8663787165883,388.7675625097468
2023-01-06,564.2884821443881,564.3349219446619,554.6266221592208,558.017578125,7972036,562.3096893310546,559.8198986816407,490.4497898864746,561.8324290372243,47.8935155831459,1.1749482221141534,1.578182189425349,-0.40323396731119554,582.2788645890686,562.3096893310546,542.3405140730407,0.07102554210570348,10.686772660900074,0.019151319026201284,16.70341781667696,17.73819422260369,22.59139771180858,784412608.0,10045003.2,584.8663787165883,530.1933149117649,584.8663787165883,388.7675625097468
2023-01-09,562.0588874246389,565.7749792423224,557.506652266752,564.5672607421875,8878905,562.0611785888672,560.5064477539063,491.0145726013184,562.0928891996018,52.586764235580254,1.2788175273442448,1.518309257009128,-0.2394917296648833,581.7865956195757,562.0611785888672,542.3357615581587,0.07018957288682318,10.514026540519383,0.0186231602000752,16.169353547159627,17.720126793398084,21.322391817658403,793291513.0,9883491.65,584.8663787165883,530.1933149117649,584.8663787165883,388.7675625097468
2023-01-10,565.2640136601837,565.7749649315789,548.6809203213877,552.9080200195312,10622660,561.0578338623047,560.9031408691407,491.53500900268557,561.2181397538808,44.843622996524765,0.4155413125137102,1.2977556681100446,-0.8822143555963344,580.5000407921747,561.0578338623047,541.6156269324348,0.0693055359232056,10.984027831210227,0.01986592242019246,16.59359259547841,15.75032740729115,24.69148689677018,782668853.0,9863177.55,584.8663787165883,530.1933149117649,584.8663787165883,388.7675625097468
2023-01-11,554.1157057067913,556.9492141378572,550.2137982871492,554.3479614257812,7419630,559.7200439453125,561.2710339355468,492.0788819885254,560.5638370559666,45.90305408840471,-0.15068308906313632,1.0080679166754085,-1.1587510057385448,577.0254573010936,559.7200439453125,542.4146305895313,0.06183596082713097,10.680555546888641,0.0192668798121279,16.987528854631563,15.040860534074767,23.579269255147977,790088483.0,10021539.8,584.8663787165883,530.1933149117649,584.8663787165883,388.7675625097468
2023-01-12,555.4627887853612,555.4627887853612,548.2163651395716,552.6757202148438,8183715,558.7422454833984,561.6621533203125,492.5979281616211,559.8125878330025,44.82622220062797,-0.7259871687884925,0.6612568995826285,-1.387244068371121,575.3033208345722,558.7422454833984,542.1811701322246,0.05927983962209959,10.435260411095852,0.018881344031250937,17.553128417053518,14.294815441807929,23.776936582344216,781904768.0,9691987.65,576.5051415202785,530.1933149117649,584.8663787165883,388.7675625097468
2023-01-13,555.462786881279,560.1079011495518,551.5144397532472,557.506591796875,7877610,558.5912780761719,561.9445751953125,493.1100273132324,559.5929691628951,48.579042262228235,-0.7830819521288959,0.3723891292403236,-1.1554710813692195,575.1396044863493,558.5912780761719,542.0429516659945,0.05925021409990875,10.303703338610765,0.018481760557128753,17.342121538373103,16.663376395950202,22.360482018609886,789782378.0,9570059.85,576.5051415202785,530.1933149117649,584.8663787165883,388.7675625097468
2023-01-16,560.2007446289062,563.0806926082987,557.9710672426951,560.2007446289062,5483191,558.5239196777344,562.1127270507812,493.6470315551758,559.6508525406105,50.597212928214404,-0.6039721467533354,0.17711687404159177,-0.7810890207949273,575.0344828825606,558.5239196777344,542.0133564729082,0.059122134695154066,9.965874586668832,0.017789827454211125,16.705704633879538,18.128345707025733,21.467150767622023,795265569.0,9492186.8,576.5051415202785,530.1933149117649,584.8663787165883,388.7675625097468
2023-01-17,560.2008665458281,562.9879355336183,544.4539154242008,550.8641967773438,13461999,557.9897338867188,561.7188220214844,494.1405549621582,558.8140281822041,44.13281425044456,-1.2015569182020727,-0.09861788440714112,-1.1029390337949316,574.763601772495,557.9897338867188,541.2158660009426,0.06012249640844319,10.577884981150879,0.019202346137275648,17.47876288943198,15.859521075777199,27.908099295950663,781803570.0,9350245.75,576.5051415202785,530.1933149117649,584.8663787165883,388.7675625097468
2023-01-18,553.6047441160317,554.7660226892714,545.8938090272761,549.4705810546875,11538075,557.8991516113281,561.2710339355468,494.6305406188965,557.9241760748215,43.24468601128129,-1.7672287834725466,-0.43234006422022225,-1.3348887192523244,574.8357063185058,557.8991516113281,540.9625969041504,0.06071547037940979,10.456051315496905,0.019029319632412202,18.196602698159246,14.898293284496269,26.21662068717553,770265495.0,9685656.45,576.5051415202785,530.1933149117649,584.8663787165883,388.7675625097468
2023-01-19,549.0525298677518,549.7492970376347,545.8473895456789,547.984130859375,7475688,557.7342468261719,560.9756030273437,495.0460884094238,556.9775051019219,42.267642091071906,-2.308856855507429,-0.8076434224776636,-1.5012134330297653,574.9865770710554,557.7342468261719,540.4819165812884,0.061865773325052886,9.987898185243973,0.018226619390566058,18.86746427528462,14.48256330303005,25.518254962817497,762789807.0,9801697.55,576.5051415202785,530.1933149117649,584.8663787165883,388.7675625097468
2023-01-20,551.6537723185195,554.2550250301911,548.8667036910736,550.1673583984375,6750607,558.5796600341797,560.8065197753906,495.45334259033206,556.32891970159,44.259620299446915,-2.5327369731535327,-1.1526621326128375,-1.3800748405406953,572.233558604364,558.5796600341797,544.9257614639954,0.04888791893836171,9.722397898499121,0.017671709798999107,18.762908314861846,17.125607460419335,24.342602339680504,769540414.0,9738474.5,576.5051415202785,530.1933149117649,584.8663787165883,388.7675625097468
2023-01-23,556.0201811934469,559.0395054856419,550.8641156658481,557.831787109375,6604469,558.7352752685547,560.9533056640626,495.91264022827147,556.4720499309029,50.69169176960047,-2.067871105785457,-1.3357039272473614,-0.7321671785380957,572.2801543858753,558.7352752685547,545.190396151234,0.04848406648680034,9.661665697692358,0.017320034320306633,17.964336318499324,19.539470566539155,22.74593039037532,776144883.0,9423652.55,576.5051415202785,544.4539154242008,584.8663787165883,388.7675625097468
2023-01-24,560.6653160406374,561.6872185419243,550.9570154661823,552.1647338867188,7609623,558.3845672607422,560.8325329589844,496.32279205322266,556.0618293552664,46.42586578017583,-2.1321670952015666,-1.4949965608382025,-0.637170534363364,572.2253334665031,558.3845672607422,544.5438010549813,0.04957431496955349,9.737989796124475,0.01763602272745348,16.857906645094516,19.943696105679805,20.955677859930418,768535260.0,9093796.65,576.5051415202785,544.4539154242008,584.8663787165883,388.7675625097468
2023-01-25,553.5582645072653,553.5582645072653,527.1276087360154,528.3353271484375,25686294,556.8818725585937,560.2556115722656,496.60922317504884,553.4212100974731,33.61581999327329,-4.05916458061597,-2.007830164793756,-2.051334415822214,575.937732697266,556.8818725585937,537.8260124199214,0.06843771032129364,10.930323080062006,0.020688230596003845,18.026095182339628,16.498987010528534,32.90845724289867,742848966.0,8992346.9,576.5051415202785,527.1276087360154,584.8663787165883,388.7675625097468
2023-01-27,527.684995977524,528.1959472210457,494.4724280088681,501.62591552734375,40163464,553.5443542480468,559.1575085449218,496.75684768676757,548.4883249003179,25.216976935482634,-7.653327473941204,-3.136929626623246,-4.516397847317958,583.5908109566428,553.5443542480468,523.4978975394508,0.10856024988065179,12.568364227169676,0.02505525300453615,20.625348329815512,13.323761142148765,45.133836692093055,702685502.0,9877230.05,576.5051415202785,494.4724280088681,584.8663787165883,388.7675625097468
2023-01-30,497.9562907999654,515.0038388951956,487.9228544901303,500.0001525878906,40797825,550.0372940063477,557.9590704345703,496.9018316650391,543.8704037277058,24.81063539321684,-10.511740146514967,-4.61189173060159,-5.899848415913377,587.0764068196991,550.0372940063477,512.9981811929963,0.13467855077086438,13.60497995416222,0.0272099516045062,23.247886406738257,11.429388803474568,42.15535078033273,661887677.0,10878883.65,575.2509627143755,487.9228544901303,584.8663787165883,388.7675625097468
2023-01-31,506.3174777560764,517.4657524956598,499.67494137585163,514.2141723632812,21911943,547.3106124877929,557.1303814697266,497.1272621154785,541.0460007406177,34.71558162118555,-11.497563424750638,-5.9890260694314,-5.508537355319238,586.410475544639,547.3106124877929,508.2107494309469,0.14287997405757633,13.9039678945655,0.02703925453992086,25.39854527945264,11.649537997852086,38.302504655968,683799620.0,12266130.15,572.8355056585625,487.9228544901303,584.8663787165883,388.7675625097468
2023-02-01,521.553471182178,524.8979308924825,463.9075840617413,489.9201965332031,38218810,543.3599395751953,555.7972338867188,497.2090399169922,536.1768765303877,27.94072960909682,-14.076886704118238,-7.606598196368768,-6.470288507749469,588.4330890354252,543.3599395751953,498.28679011496547,0.16590530945460763,17.267280675720905,0.03524508848156999,28.34090629928165,8.710414592600252,43.434641603531645,645580810.0,13025423.1,571.3026635308936,463.9075840617413,584.8663787165883,388.7675625097468
2023-02-02,483.2776668207723,494.8440118998063,466.8339520930055,490.6169128417969,39287056,539.7785507202149,554.3191558837891,497.3318060302734,531.8378323695696,28.372445026801174,-15.881725161009967,-9.26162358929701,-6.620101571712958,589.4305600679045,539.7785507202149,490.12654137252525,0.18397177613463894,18.03462204222661,0.036759071222728125,31.073098674837155,7.744101681841689,38.61610460859692,684867866.0,14595460.5,568.1903205500095,463.9075840617413,584.8663787165883,388.7675625097468
2023-02-03,497.95625051241154,507.2000392645869,482.30223807957736,505.5742492675781,32317232,536.9496795654297,553.1086413574219,497.51883911132813,529.3365387408085,37.08675058279202,-15.921606229611939,-10.593620117359997,-5.327986112251942,587.6171002357482,536.9496795654297,486.2822588951112,0.18872316195933014,18.52484912385396,0.036641203840367224,32.39549371005263,11.76492344969348,34.90889841738761,717185098.0,16209253.75,565.7749792423224,463.9075840617413,584.8663787165883,388.7675625097468
2023-02-06,519.1379903948726,519.1379903948726,498.4672306622053,506.6891174316406,25338586,534.3832565307617,551.9566534423828,497.722880859375,527.1796414732687,37.695205021668706,-15.68247392292642,-11.611390878473282,-4.071083044453138,585.7175575662178,534.3832565307617,483.0489554953057,0.19212540964969776,18.678128453054917,0.036863093779737344,32.59757635752554,15.400211220001031,32.14939338785709,742523684.0,17413041.6,565.7749792423224,463.9075840617413,584.8663787165883,388.7675625097468
2023-02-07,509.10457595234817,512.2632766595542,502.64785511744986,508.2684326171875,16195947,531.5683151245117,550.8139556884765,497.9028030395508,525.3785739631658,38.601097257846526,-15.190416643081448,-12.327196031394916,-2.8632206116865326,582.1419927234035,531.5683151245117,480.9946375256199,0.19028100870551584,18.030792245129877,0.03547494018521927,32.785224530178965,14.813597574756969,30.92478207712762,758719631.0,18281369.1,565.7749649315789,463.9075840617413,584.8663787165883,388.7675625097468
2023-02-08,510.9626024080548,515.1432055186662,506.7819992974434,510.7303466796875,15502847,529.4594314575195,549.7214251708984,498.1668424987793,523.9835046980726,40.06405303707423,-14.435399514079563,-12.748836727931845,-1.686562786147718,579.8149166540024,529.4594314575195,479.1039462610365,0.19021470656538175,17.34010752913651,0.033951590387895296,32.70679648339721,15.489706999250172,29.859668891827646,774222478.0,18647221.2,563.0806926082987,463.9075840617413,584.8663787165883,388.7675625097468
2023-02-09,512.8206493861524,512.8206493861524,504.27362722243805,511.705810546875,15061047,527.3273239135742,548.7617449951172,498.46251556396487,522.8142004931966,40.667289739553475,-13.601541118600721,-12.919377606065622,-0.6821635125350998,576.8918453512817,527.3273239135742,477.7628024758667,0.1879838923189607,16.712030003034926,0.03265944935269406,32.750831980842996,14.923857689296335,29.840973871712144,789283525.0,18891230.55,563.0806926082987,463.9075840617413,584.8663787165883,388.7675625097468
2023-02-10,507.710993148678,517.6979888967993,507.710993148678,513.7960815429688,13824475,525.3833419799805,547.738890991211,498.7194721984863,521.9553320217464,42.014077156197715,-12.626484676658492,-12.860799020184198,0.23431434352570513,573.8563879676794,525.3833419799805,476.91029599228153,0.18452448760564621,16.231670413398238,0.03159165862972971,32.33694349232498,16.41428367728407,28.529509169918025,803108000.0,19273301.4,563.0806926082987,463.9075840617413,584.8663787165883,388.7675625097468
2023-02-13,514.6787012854288,517.3728904535258,495.4479153661014,499.3498229980469,18488732,522.4755035400391,546.4373303222657,498.94193099975587,519.8024264004416,35.94191276198431,-12.871068092661517,-12.862852834679662,-0.008215257981854407,569.856747467475,522.4755035400391,475.0942596126032,0.18137211642040132,16.638335032971533,0.0333199978585686,32.55001846499229,14.869302678416078,31.108746469375586,784619268.0,19555339.4,563.0806926082987,463.9075840617413,584.8663787165883,388.7675625097468
2023-02-14,501.6258885721999,505.9458107113584,493.07886719263996,502.46197509765625,18559909,519.5885650634766,545.0168542480469,499.1330699157715,518.1509548477954,38.02012316903318,-12.667751591923945,-12.82383258612852,0.156080994204574,564.3893923118826,519.5885650634766,474.78773781507056,0.17244731797718774,16.368949924810597,0.03257748991180716,32.855368703403215,14.034435974753997,30.39585639760702,803179177.0,20085895.5,562.9879355336183,463.9075840617413,584.8663787165883,388.7675625097468
2023-02-15,501.6724240631483,505.9924037293623,498.69953909845754,503.7627258300781,12796579,517.2334915161133,543.7775384521484,499.3819383239746,516.7806473222986,38.91217109443041,-12.260332604521295,-12.711132589807075,0.45079998528578,560.1215673199488,517.2334915161133,474.3454157122779,0.16583642206973892,15.720658118103039,0.031206473428932693,33.13409427019253,13.5905617007134,29.38866089552657,815975756.0,20739731.4,561.6872185419243,463.9075840617413,584.8663787165883,388.7675625097468
2023-02-16,508.0361017308311,508.0361017308311,500.27878393689315,501.76519775390625,12767016,514.8482223510742,542.5335760498047,499.64505981445313,515.3506045062612,38.007500884747714,-11.960757773122396,-12.561057626470141,0.6002998533477459,555.5500238369539,514.8482223510742,474.1464208651946,0.1581118462447565,15.15184809494839,0.03019708852422185,33.17079568897512,14.056999351545059,28.313934939061124,803208740.0,20706460.4,561.6872185419243,463.9075840617413,584.8663787165883,388.7675625097468
2023-02-17,500.2787979901847,501.3471969345237,490.2918024871309,493.3111267089844,14192008,512.1145721435547,541.0350610351562,499.91782302856444,513.2516066208063,34.36591601963573,-12.264142045289418,-12.501674510233997,0.2375324649445787,550.8433325364832,512.1145721435547,473.3858117506262,0.15125037442626083,14.889101464364602,0.03018196967032537,33.71139574653233,13.283271811826108,31.546602324643118,789016732.0,20767907.45,561.6872185419243,463.9075840617413,584.8663787165883,388.7675625097468
2023-02-20,494.2401571444544,496.0517630460272,485.0893047356897,487.8763732910156,12570032,509.0000228881836,539.3377362060547,500.1618115234375,510.83491773225484,32.228173254232885,-12.795615556309144,-12.560462719449028,-0.23515283686011657,544.9028133324848,509.0000228881836,473.0972324438824,0.1410718618069229,14.608626953362664,0.02994329660774267,34.45281462532599,12.57127904829916,32.399432362695556,776446700.0,21103723.45,561.6872185419243,463.9075840617413,584.8663787165883,388.7675625097468
2023-02-21,489.6878962759404,491.4066224815521,485.32153446877714,486.2969970703125,10223218,505.4232833862305,537.6729266357422,500.3798370361328,508.49797290730794,31.61274120213909,-13.192183326921281,-12.686806840943479,-0.505376485977802,534.8174211809446,505.4232833862305,476.02914559151634,0.11631493348616452,13.999802743320686,0.02878858563318763,35.14127501277724,12.180981000918502,31.393533508743005,766223482.0,21394694.7,561.6872185419243,463.9075840617413,584.8663787165883,388.7675625097468
2023-02-22,483.7886509710897,484.8570499338609,476.12421242954093,479.700927734375,14763050,501.80009307861326,535.8074468994141,500.6017007446289,505.75539717655244,29.112360479360646,-13.87872846941957,-12.9251911666387,-0.9535373027808713,524.3141016455472,501.80009307861326,479.28608451167935,0.08973297883947119,13.72644430742432,0.028614587785465093,36.19557184997306,11.536164669648818,34.51770408770561,751460432.0,21575632.15,553.5582645072653,463.9075840617413,584.8663787165883,388.7675625097468
2023-02-23,480.2583733415285,486.80797308923644,475.05583971454416,484.0209045410156,15535085,499.58437194824216,533.8657897949219,500.8483657836914,503.6854454969775,32.857944184987474,-13.913844280597345,-13.12292178943043,-0.7909224911669153,519.823914453563,499.58437194824216,479.3448294429213,0.0810255229818026,13.585422097943459,0.02806784163759654,36.92627081646961,11.849093427707798,32.38486819460998,766995517.0,21933303.5,528.1959472210457,463.9075840617413,584.8663787165883,388.7675625097468
2023-02-24,486.9938277019231,490.05959200799634,480.86224238671736,484.0673828125,12253035,498.7064453125,532.1025036621094,501.0890885925293,501.81705857464624,32.899024244503565,-13.779086671907748,-13.254154765925895,-0.5249319059818536,520.0108549603729,498.7064453125,477.4020356646272,0.08543867779580445,13.271988349610282,0.02741764642868138,37.18684535644985,13.012562313300913,30.781841324468253,779248552.0,21425743.05,524.8979308924825,463.9075840617413,584.8663787165883,388.7675625097468
2023-02-27,484.11383686759666,492.19634787828124,482.16291135259667,490.24542236328125,11048799,498.21870880126954,530.6968933105469,501.4242767333984,500.7149979830877,38.302685195446536,-13.02364565624066,-13.20805294398885,0.18440728774818993,519.8267945330826,498.21870880126954,476.6106230694564,0.08674136619157836,13.040663219329875,0.02660027534059562,37.152670741020025,13.467813419692227,29.090167662311533,790297351.0,20030221.6,524.8979308924825,463.9075840617413,584.8663787165883,388.7675625097468
2023-02-28,489.8273088696529,490.9421476557712,484.06735572725535,485.6931457519531,15768010,496.79265747070315,529.1797979736328,501.819030456543,499.2843453896463,36.00204317883408,-12.646502873288455,-13.095742929848772,0.44924005656031696,517.7445512856185,496.79265747070315,475.8407636557877,0.08434864525408559,12.600243841414587,0.02594280761756852,37.12093716954947,12.942945941174884,27.956465963694363,774529341.0,18542770.3,524.8979308924825,463.9075840617413,584.8663787165883,388.7675625097468
2023-03-01,486.111228651769,499.2569252659543,485.9718525366277,498.6065979003906,13510198,497.2269775390625,527.9209716796875,502.2310134887695,499.2197980097172,45.924491305296456,-11.176768010151022,-12.711947945909223,1.535179935758201,517.9498936189334,497.2269775390625,476.5040614591916,0.08335394906541613,12.669067818027914,0.025408945391771336,36.01334524403899,16.64105597822349,25.818551648242867,788039539.0,18235573.65,519.1379903948726,466.8339520930055,584.8663787165883,388.7675625097468
2023-03-02,497.9097672057026,501.57941850464294,494.7046272938927,495.86590576171875,10376913,497.4894271850586,526.8126452636719,502.57303619384766,498.900379700384,44.35276819619126,-10.116526473055274,-12.192863651338433,2.0763371782831594,518.0027312534638,497.4894271850586,476.9761231166534,0.08246729657944897,12.255190917508079,0.024714727863135513,34.70563898419416,17.327910921601077,24.784021212816967,777662626.0,17000143.05,519.1379903948726,475.05583971454416,584.8663787165883,388.7675625097468
2023-03-03,503.53042431722355,524.2476241616192,503.29816858644995,521.36767578125,27656538,498.2790985107422,526.2143542480469,503.08510360717776,501.040122184276,58.56333090872064,-7.136235620803404,-11.181538045231429,4.045302424428025,521.0664327597395,498.2790985107422,475.49176426174483,0.09146413854044529,13.407085737678965,0.02571522240535712,33.08525063918278,26.784662332182734,21.03646603063192,805319164.0,15554635.9,524.2476241616192,475.05583971454416,584.8663787165883,388.7675625097468
2023-03-06,524.8050992044442,527.5921681185347,519.323840992175,521.8322143554688,16162268,499.03625335693357,525.9858166503906,503.6475177001953,503.0203214386753,58.76987771047295,-4.682868079690593,-9.881804052123263,5.19893597243267,523.8107087067518,499.03625335693357,474.2617980071154,0.09928920066694394,13.040031551156163,0.024988935509208287,31.82304628718226,27.403580891416016,20.083705503276136,821481432.0,15321601.2,527.5921681185347,475.05583971454416,584.8663787165883,388.7675625097468
2023-03-08,520.2527988045408,525.3624245070854,516.954779009873,524.7120971679688,12637578,499.85843658447266,525.3856689453125,504.15618270874023,505.0862048414652,60.09778678573426,-2.4776137638079945,-8.40096599446021,5.923352230652215,526.8004643690437,499.85843658447266,472.91640879990166,0.10779863182330415,12.70914683301732,0.024221181294680382,30.4153249096344,26.108677776605543,20.46616077057478,834119010.0,14862785.3,527.5921681185347,475.05583971454416,584.8663787165883,388.7675625097468
2023-03-09,524.6657803610302,525.5948034338253,518.3948746196634,519.2310180664062,8993423,500.2834701538086,524.5867114257812,504.6443029785156,506.4333299105072,56.376221692463325,-1.15885257554811,-6.95254331067779,5.79369073512968,528.1504747261607,500.2834701538086,472.4164655814565,0.11140485838472572,12.315631260241934,0.023718982171182318,29.127055114946177,25.153197905605612,19.611527351968252,825125587.0,14684866.85,527.5921681185347,475.05583971454416,584.8663787165883,388.7675625097468
2023-03-10,513.8425223260048,515.5612486426553,506.31745982451406,508.5006408691406,11522371,500.1232116699219,523.5889398193359,505.07351150512693,506.6302166684723,49.86587406047683,-0.9684133289662782,-5.755717314335488,4.78730398536921,527.7615477198875,500.1232116699219,472.4848756199563,0.11052610798719227,12.358340330359809,0.024303490176996942,27.319909869418396,23.275823266056523,25.12825794689872,813603216.0,14359395.65,527.5921681185347,475.05583971454416,584.8663787165883,388.7675625097468
2023-03-13,508.17549904877285,513.8890122586054,490.9421365185342,492.3821105957031,14373729,499.0525131225586,522.0690563964844,505.426075592041,505.27325418535145,42.016679796720325,-2.0939814244944728,-5.0233701363672845,2.9293887118728117,526.1428710594467,499.0525131225586,471.96215518567044,0.10856716367335568,13.114664288196334,0.02663513561110029,26.77583963594826,20.36682540960591,30.361861321878553,799229487.0,14182461.85,527.5921681185347,475.05583971454416,584.8663787165883,400.13013072913554
2023-03-14,490.1989440527501,494.9833778506137,483.09189635780217,488.108642578125,14750800,498.4904541015625,520.4284020996093,505.68852478027344,503.6385292703775,40.20954518119996,-3.292877165418872,-4.677271542177602,1.3843943767587295,525.9960868636466,498.4904541015625,470.98482133947834,0.11035570505219798,13.02729408852599,0.02668933297250701,26.74790626578273,19.038889693694724,32.68652182310705,784478687.0,14209924.55,527.5921681185347,475.05583971454416,584.8663787165883,400.13013072913554
2023-03-15,492.1962953100218,494.24015692362525,478.957719678139,480.8157653808594,11282329,497.4081436157227,518.669761352539,505.9142771911621,501.46493270947104,37.26402713882313,-4.776425261190809,-4.697102285980243,-0.07932297521056597,525.8896916453131,497.4081436157227,468.92659558613235,0.11451983002350699,13.188375742594582,0.02742916662091545,26.958941729760866,17.463039638602496,32.22013681293255,773196358.0,14023027.95,527.5921681185347,475.05583971454416,584.8663787165883,400.13013072913554
2023-03-16,481.60550483684807,491.77826045743336,477.79647683963054,487.27252197265625,20040008,496.58363342285156,517.0365386962891,506.14606842041013,500.1132745440601,41.35973214754475,-5.369248169231298,-4.831531462630455,-0.5377167066008433,525.2358468124615,496.58363342285156,467.93142003324164,0.11539733273976827,13.245047733680885,0.027182012398442083,27.2224354325604,16.14629713957577,30.41692540070838,793236366.0,13659148.95,527.5921681185347,475.05583971454416,584.8663787165883,400.13013072913554
2023-03-17,491.12794681882934,493.8685188331115,483.18475617807985,492.1962890625,18787379,496.1051879882813,515.6355706787109,506.4326718139648,499.3592759267687,44.34369995729611,-5.379743407176022,-4.941173851539569,-0.4385695556364535,524.7148669153889,496.1051879882813,467.4955090611736,0.11533714873299598,13.062098799491656,0.02653839350225781,27.22999435540624,16.346016909683208,28.63987991609486,812023745.0,14021320.4,527.5921681185347,475.05583971454416,584.8663787165883,400.13013072913554
2023-03-20,489.2234291835881,489.2234291835881,478.4467863850695,482.34869384765625,14275315,495.5570663452148,514.0395111083984,506.6691082763672,497.7392204906628,39.96363507515134,-6.112221705813454,-5.175383422394345,-0.9368382834191085,524.7734803875218,495.5570663452148,466.34065230290787,0.11791341916595423,13.111199076487287,0.027181993532314392,27.54016699605123,15.12160234647614,29.075782477859182,797748430.0,14322338.55,527.5921681185347,475.05583971454416,584.8663787165883,400.13013072913554
2023-03-21,484.949984035069,486.2970786646676,479.7939179592165,484.81060791015625,29485180,495.4037780761719,512.5753717041016,506.910654296875,496.50792405442405,41.51885519526509,-6.420053761517238,-5.4243174902189235,-0.9957362712983144,524.8113200499331,495.4037780761719,465.99623610241065,0.11872150869725344,12.639196335698987,0.026070379091295063,27.82818444807872,14.565858319430756,28.00719913110118,827233610.0,14326503.9,527.5921681185347,475.05583971454416,584.8663787165883,400.13013072913554
2023-03-22,485.13577844622523,489.5950771058183,483.18479629930033,484.5318908691406,11619538,495.3155227661133,510.97466430664065,507.1756579589844,495.36734946534943,41.388139211538174,-6.6103035547391755,-5.6615147031229744,-0.9487888516162011,524.842210070487,495.3155227661133,465.78883546173967,0.11922375111315092,12.194273797900342,0.02516712321252286,27.672491257613753,15.950750734732576,26.955569641427235,815614072.0,15172261.3,527.5921681185347,475.05583971454416,584.8663787165883,400.13013072913554
2023-03-23,482.53450058691243,484.020914495311,475.19519724443677,476.3564758300781,22097792,495.14830017089844,509.4436334228516,507.4035006713867,493.5567900715141,37.64432875234838,-7.336198426564863,-5.996451447811353,-1.3397469787535101,525.0621662889444,495.14830017089844,465.2344340528525,0.12082790593331842,11.990160928386308,0.02517056351022157,28.086174154578124,15.06355143867334,30.21588576665779,793516280.0,15242077.3,527.5921681185347,475.05583971454416,584.8663787165883,400.13013072913554
2023-03-24,477.9822736866617,478.4003453249582,467.7165821618938,469.4817199707031,14416984,494.4213409423828,507.74630859375,507.59836334228515,491.26392625238924,34.79412428704249,-8.36972965194468,-6.471107088638019,-1.8986225633066622,526.0396329326612,494.4213409423828,462.80304895210446,0.12790019107999226,11.896846802291885,0.025340383440348387,28.925652408923884,14.097296510312104,32.76783532357275,779099296.0,15608814.4,527.5921681185347,467.7165821618938,584.8663787165883,400.13013072913554
2023-03-27,471.0145931632608,477.65712933781117,465.9514072018612,473.9410095214844,15674218,493.915022277832,506.17161437988284,507.77882598876954,489.6141246589698,38.069593098668896,-8.72836800222899,-6.922559271356214,-1.8058087308727764,526.4901486667366,493.915022277832,461.33989588892746,0.13190579318148668,11.883195040410321,0.025073152146948028,29.807332605909217,13.10538533264456,31.52325855188002,794773514.0,15552909.35,527.5921681185347,465.9514072018612,584.8663787165883,400.13013072913554
2023-03-28,475.1487618497131,475.42745737224135,468.08818231320515,472.0365295410156,15833599,493.00457763671875,504.46221313476565,507.9699723815918,487.9400679810694,37.209905375970166,-9.061808212406731,-7.350409059566318,-1.7113991528404133,526.92895998416,493.00457763671875,459.0801952892775,0.13762299129173258,11.558629327455026,0.02448672635292453,30.626035645967026,12.510999311689682,30.093542161053165,778939915.0,15723968.5,527.5921681185347,465.9514072018612,584.8663787165883,400.13013072913554
2023-03-29,472.87263014609675,481.2338357871869,470.36425711315877,479.8403015136719,24203789,492.71193542480466,502.8550042724609,508.22382781982424,487.16866165084105,42.899904107147755,-8.59725895233521,-7.599779038120097,-0.9974799142151127,526.9827595427954,492.71193542480466,458.4411113068139,0.13911099632057114,11.509411423638818,0.02398592070597656,30.547158510220303,15.27053318866089,28.06350088154416,803143704.0,15963208.5,527.5921681185347,465.9514072018612,584.8663787165883,400.13013072913554
2023-03-31,483.69576597871674,487.6441130621977,482.4879909201496,486.5757141113281,17356345,492.1103912353516,501.5692346191406,508.5856820678711,487.1121904566017,47.33579525061816,-7.598023524804148,-7.599427935456908,0.0014044106527597577,526.368575620111,492.1103912353516,457.8522068505922,0.13922967283320548,11.244725718273603,0.023109919776433435,29.641537068677223,18.585480107687474,26.67235806135601,820500049.0,16384997.45,527.5921681185347,465.9514072018612,584.8663787165883,400.13013072913554
2023-04-03,487.5047168414854,490.9885523596475,485.04278372743,489.3627624511719,14210949,491.78523406982424,500.3670782470703,508.9510202026367,487.32653064656074,49.097950983615846,-6.50623096017199,-7.380788540399925,0.8745575802279344,526.0181042902217,491.78523406982424,457.5523638494268,0.13921878026755485,10.866228783555309,0.02220485418450598,28.395477580273198,20.057530870038537,25.62989052883987,834710998.0,16577304.8,527.5921681185347,465.9514072018612,584.8663787165883,400.13013072913554
2023-04-05,489.59505881314976,490.1524498611261,482.20931556065125,485.87896728515625,13574801,490.0107986450195,499.1249749755859,509.2838426208496,487.1886674692841,46.981778775898064,-5.8546024289295815,-7.075551318105856,1.2209488891762748,521.4948826425525,490.0107986450195,458.5267146474866,0.12850363332642023,10.657436320478135,0.021934343814111672,27.502190220232844,18.989734124677167,26.164494802876625,821136197.0,16769006.6,527.5921681185347,465.9514072018612,584.8663787165883,400.13013072913554
2023-04-06,486.80798790702346,495.8195211611808,484.62480682568594,490.1989440917969,25125879,488.42913513183595,497.9256066894531,509.6835546875,487.47536048095196,49.867287100161384,-4.932734604447205,-6.646987975374127,1.7142533709269214,516.3348242913307,488.42913513183595,460.5234459723412,0.11426709486510259,10.695813321550757,0.021819331621301515,25.985134447981427,21.354627955606542,24.20842873528083,846262076.0,16064919.75,525.5948034338253,465.9514072018612,584.8663787165883,400.13013072913554
2023-04-10,491.6853615153094,492.75376051347615,487.17962320768146,488.9447326660156,17335453,486.6407669067383,496.54786560058596,510.07978302001953,487.61530068905324,49.03291662697689,-4.25431104254244,-6.1684525888077895,1.9141415462653493,509.06167110733946,486.6407669067383,464.2198627061371,0.09214560606221467,10.329979320425323,0.021127089894393936,24.576439802319396,20.531547699542326,23.27535325563446,828926623.0,16513100.3,525.5948034338253,465.9514072018612,584.8663787165883,400.13013072913554
2023-04-11,493.1717293157566,497.67752390495184,489.7343903278375,494.3330078125,26414406,485.39586639404297,495.39123107910154,510.5322169494629,488.2550823198577,52.694888075576934,-3.244466518908439,-5.58365537482792,2.339188855919481,502.5978155837976,485.39586639404297,468.1939172042883,0.07087802093390785,10.215894457461816,0.02066601723131686,22.959811941635525,22.720563904904882,21.85418687164958,855341029.0,16747994.05,515.5612486426553,465.9514072018612,584.8663787165883,400.13013072913554
2023-04-12,495.35498352755394,496.09819044978934,488.6660078213281,490.7098693847656,21292441,484.5063278198242,494.63872192382814,510.8919808959961,488.4888715641346,50.0888196399007,-2.7053290998246666,-5.007990119827269,2.3026610200026028,498.3491434754219,484.5063278198242,470.6635121642265,0.05714193958162498,10.01705789824749,0.02041340214087505,21.32957059792962,21.516450866082373,21.457819723728235,834048588.0,17619043.2,513.8890122586054,465.9514072018612,584.8663787165883,400.13013072913554
2023-04-13,491.7318462158536,496.33052125362167,489.73448085407773,495.122802734375,28597560,484.6433624267578,494.50865966796874,511.28820953369143,489.1206745327289,53.12932426787824,-1.9000691555613116,-4.386405926974078,2.486336771412766,498.844937987116,484.6433624267578,470.4417868663996,0.05860629345771525,9.77269950548295,0.019737930573005418,19.84526640417217,20.648944556302492,20.42332967239088,862646148.0,18107546.7,497.67752390495184,465.9514072018612,584.8663787165883,400.13013072913554
2023-04-17,490.524091832778,506.31748115315156,490.524091832778,505.3884582519531,32476990,485.5073532104492,494.61642578125,511.71834732055663,490.66998726789313,59.33529168891828,-0.42860158921712355,-3.594845059422687,3.1662434702055635,502.31119190740077,485.5073532104492,468.7035145134976,0.069221768057003,10.202748777975135,0.02018793387815897,19.608156373302222,25.357613788183592,18.165159533612005,895123138.0,18818738.25,506.31748115315156,465.9514072018612,584.8663787165883,400.13013072913554
2023-04-18,506.6426052589142,509.56905001405534,502.1368669691831,507.10711669921875,22283456,486.82192077636716,494.47428466796873,512.1438397216797,492.2354281661146,60.28342123627523,0.8662429225349797,-2.702627463031154,3.5688703855661337,505.9102523088329,486.82192077636716,467.7335892439014,0.07842018084158714,10.004851225610643,0.019729266058683293,19.70592054381133,26.3335293412127,17.20129290782153,917406594.0,19705047.75,509.56905001405534,465.9514072018612,584.8663787165883,400.13013072913554
2023-04-19,505.3884765215721,508.6400567933102,500.0465946465739,501.9510803222656,21156372,487.5558486938477,494.71490234375,512.511268157959,493.1607283714623,56.06045402435593,1.459542781472237,-1.870193414130476,3.329736195602713,507.75355859785736,487.5558486938477,467.358138789838,0.08285290785914658,9.90403771997676,0.01973108158989938,19.489061508060793,24.701466352778095,17.64273316043955,896250222.0,20255104.1,509.56905001405534,465.9514072018612,584.8663787165883,400.13013072913554
2023-04-20,502.7871931508796,506.7355403842381,498.5601503946012,506.13165283203125,25588577,488.2526168823242,495.0251971435547,512.8854321289062,494.3960545105641,58.593223761299924,2.2412388508606114,-1.0479069611322585,3.28914581199287,509.94848985959044,488.2526168823242,466.556743905058,0.08887150719560907,9.780562882095342,0.019324147832621714,19.0665115609803,23.226645299281543,17.674926758385663,921838799.0,20310922.3,509.56905001405534,465.9514072018612,584.8663787165883,400.13013072913554
2023-04-21,506.31748561912224,507.61814037349563,501.39367553995163,504.59881591796875,22599418,489.36512298583983,495.0056884765625,513.2758541870118,495.36774607317403,57.28928140860074,2.705860019192812,-0.29715356506724433,3.0030135842600565,511.99759099237775,489.36512298583983,466.7326549793019,0.09249726612492083,9.52655587862739,0.018879465385380722,18.777165183031084,22.80441627175138,16.850037429135156,899239381.0,20650982.2,509.56905001405534,465.9514072018612,584.8663787165883,400.13013072913554
2023-04-24,505.2026478818052,516.1186670908221,504.9239523489952,515.236083984375,23335611,490.88639678955076,495.1766278076172,513.6878758239747,497.25996873138365,63.37975519427653,3.8876004382069596,0.5397972355875964,3.347803202619363,516.0396096103051,490.88639678955076,465.73318396879637,0.10248078979274655,9.668934113929243,0.018766026709849892,19.404168171465773,27.143417147261754,15.416064007855919,922574992.0,21067187.35,516.1186670908221,465.9514072018612,584.8663787165883,400.13013072913554
2023-04-25,515.6076442134857,527.5920607872357,515.6076442134857,521.9249877929688,38142390,492.7560516357422,495.4497589111328,514.1289291381836,499.6090181658203,66.60461056622947,5.3027500681690185,1.492387802103881,3.8103622660651375,521.0986795207427,492.7560516357422,464.4134237507417,0.11503715800512224,9.860865734567206,0.018893262375241367,20.900213775381843,33.02493447093211,14.036291434419816,960717382.0,20759708.9,527.5920607872357,465.9514072018612,584.8663787165883,400.13013072913554
2023-04-26,522.1108726535115,526.7559871788986,516.9548068709435,526.152099609375,23143882,495.245832824707,495.75819396972656,514.5604600524903,502.13693068425414,68.49290958348267,6.688260834055768,2.5315624084942585,4.15669842556151,526.0318442695535,495.245832824707,464.45982137986044,0.12432618067376365,9.856602489809204,0.01873337101025906,22.289398979018195,30.67927445165158,13.039336613338557,983861264.0,22085851.5,527.5920607872357,465.9514072018612,584.8663787165883,400.13013072913554
2023-04-27,524.8979661864694,527.1276439453,521.2747540041349,524.6657104492188,17845169,498.0050323486328,496.01739196777345,514.9905979919433,504.2825287571079,67.05708170702013,7.578983115532367,3.54104654990188,4.037936565630487,528.9513360097874,498.0050323486328,467.05872868747826,0.1242810881456729,9.570623022048904,0.018241373185708166,23.607438433335236,29.61652276817686,12.469752839505322,966016095.0,22138156.0,527.5920607872357,465.9514072018612,584.8663787165883,400.13013072913554
2023-04-28,527.4991662626207,539.251328071495,525.3624250345678,537.25390625,16183423,501.1706771850586,496.4865484619141,515.4474447631836,507.4226599469072,72.34460480611435,9.194658834523182,4.671769006826141,4.522889827697041,534.4853565763843,501.1706771850586,467.8559977937328,0.13294744049450538,9.928836922065141,0.018480716113109027,25.627096148060648,35.230711752294624,11.161305477047371,982199518.0,22309565.25,539.251328071495,468.08818231320515,584.8663787165883,400.13013072913554
2023-05-02,538.833215305152,539.6228619911891,532.4694319090614,534.466796875,13667511,504.2921905517578,497.18888793945314,515.8587692260742,509.99829203529697,69.67798560875393,10.133385686045699,5.764092342670052,4.369293343375647,537.801280149139,504.2921905517578,470.78310095437666,0.13289553249166153,9.730593576355322,0.018206170398703165,27.523686009575986,33.65345485770766,10.575218647408937,968532007.0,22335025.5,539.6228619911891,470.36425711315877,584.8663787165883,400.13013072913554
2023-05-03,530.1469444766262,534.1881714402115,528.6140339990961,530.007568359375,9699527,506.800553894043,497.7397998046875,516.2394364929199,511.9039373994949,65.51697259634369,10.397653329883326,6.6908045401127065,3.7068487897706195,540.1227491198857,506.800553894043,473.4783586682003,0.13150023207279046,9.453605669180217,0.01783673712140303,28.58404542239922,32.16524195378113,13.020586019228071,958832480.0,22226721.1,539.6228619911891,482.20931556065125,584.8663787165883,400.13013072913554
2023-05-04,529.7288993852984,539.5765200104115,528.1495490238584,538.8333129882812,12533761,509.41343383789064,498.44121154785154,516.6658581542969,514.4686398365222,69.41057111261357,11.190256857932354,7.590695003676636,3.599561854255718,544.1477228108341,509.41343383789064,474.6791448649471,0.13636974082625752,9.594560334706852,0.01780617512584178,29.932767463160623,33.440395824184534,11.912920741945692,971366241.0,21501508.0,539.6228619911891,482.20931556065125,584.8663787165883,400.13013072913554
2023-05-05,539.0190608734192,546.4976833637962,534.2345705860378,535.5816650390625,18163461,511.72437896728513,499.1175408935547,517.0911181640626,516.4794041415261,66.43428360173183,11.424327513783055,8.35742150569792,3.0669060080851356,546.9615516847383,511.72437896728513,476.4872062498319,0.13771934332527058,9.785171223496253,0.018270175889577127,31.594210058964055,35.49914503891754,10.846514914814513,953202780.0,21260378.8,546.4976833637962,482.20931556065125,584.8663787165883,400.13013072913554
2023-05-08,536.6500331448386,545.8937644708997,536.3712809475688,542.1776733398438,12990869,514.5393142700195,500.09487182617187,517.5421583557129,518.9268583508897,69.30916738182488,12.003701738072778,9.08667755217289,2.917024185899887,550.0617925719331,514.5393142700195,479.01683596810597,0.13807488491840336,9.822808952663461,0.018117324699400524,33.136978183638675,32.837186710597656,10.033172208135717,966193649.0,21458004.4,546.4976833637962,484.62480682568594,584.8663787165883,400.13013072913554
2023-05-09,543.4783797193426,544.8254742233607,531.4939619981551,532.7946166992188,18959065,516.6690979003906,500.99323669433596,517.9794960021973,520.2475972412068,61.26985258066043,11.572327147730562,9.583807471284425,1.9885196764461366,551.1924673873754,516.6690979003906,482.1457284134059,0.13363822077720058,10.073430614987902,0.01890678002228147,33.674409152704804,29.733056557258923,12.543130976476212,947234584.0,21428807.8,546.4976833637962,487.17962320768146,584.8663787165883,400.13013072913554
2023-05-10,534.188166838668,534.188166838668,523.2721477771822,531.5869140625,18561315,518.8012069702148,501.8990350341797,518.4119561767578,521.3275321765681,60.300350930010964,11.00613627945961,9.868273232919464,1.1378630465401471,551.427264756467,518.8012069702148,486.1751491839626,0.1257747952314433,10.133615504023469,0.01906295139317902,32.874292293476145,27.445291698899222,17.373309201437923,928673269.0,21120467.1,546.4976833637962,488.6660078213281,584.8663787165883,400.13013072913554
2023-05-11,531.5869512756125,538.8333190533032,531.4011353422231,532.7482299804688,16016715,520.7219680786133,502.95998107910157,518.7981977844238,522.4152176817015,60.94038736449879,10.529753976926145,10.000569381720801,0.5291845952053436,551.8486076321392,520.7219680786133,489.5953285250873,0.11955185861805911,9.940656090241795,0.018659200595760275,32.535222767060375,29.31737833258924,16.44550592796101,944689984.0,21181760.2,546.4976833637962,488.6660078213281,584.8663787165883,400.13013072913554
2023-05-12,533.9094229370257,539.5299996252273,530.9829783895638,537.1145629882812,11319335,523.042202758789,504.02185424804685,519.1707357788086,523.8151553299472,63.333890599707054,10.384834247907179,10.077422354958077,0.30741189294910143,551.6941128867966,523.042202758789,494.39029263078146,0.10955869326369037,9.841110743486208,0.018322181935887895,32.28014637094739,28.00431373256828,15.42529524485762,956009319.0,20661875.65,546.4976833637962,489.73448085407773,584.8663787165883,400.13013072913554
2023-05-15,537.6720048826024,542.5493751212783,533.8630336631455,540.5984497070312,11410243,525.3159851074219,505.1524755859375,519.5112226867676,525.4135643182409,65.1679643554551,10.430864349483159,10.148110753863095,0.2827535956200631,551.8865965257634,525.3159851074219,498.74537368908034,0.10116049072029701,9.758627223103822,0.01805152646736659,32.30481358865929,28.433842225530906,14.444555854498917,967419562.0,20163220.35,546.4976833637962,490.524091832778,584.8663787165883,400.13013072913554
2023-05-16,542.5493549355248,548.495123972205,540.6913091994442,544.6860961914062,22178229,527.2808670043945,506.2412890625,519.8561222839355,527.2490435442567,67.23862116879424,10.674137631813437,10.253316129453165,0.4208215023602726,553.4757772549451,527.2808670043945,501.0859567538439,0.09935847055998825,9.625630583251672,0.017671885973511544,32.80190948581619,31.179800319465826,13.598125575749522,989597791.0,19303854.5,548.495123972205,498.5601503946012,584.8663787165883,400.13013072913554
2023-05-17,544.4074006716053,548.5880035777866,538.3687520293435,544.6860961914062,23739774,529.159815979004,507.42114807128905,520.1933575439454,528.9097152249376,67.23862116879423,10.743093763191155,10.351271656200764,0.3918221069903911,554.6792965061039,529.159815979004,503.640335451904,0.09645282864076185,9.668032080765348,0.017749731723219787,32.867582968216524,28.82569276735842,14.287385738852088,989597791.0,18788916.45,548.5880035777866,498.5601503946012,584.8663787165883,400.13013072913554
2023-05-18,548.4021918988014,551.7467082714093,530.8436935790718,533.4449462890625,45656620,530.7345092773437,508.1179150390625,520.4553421020507,529.3416419929495,56.52208943735387,9.777960896554418,10.236609504271495,-0.45864860771707683,553.0265405796921,530.7345092773437,508.44247797499526,0.08400445387544742,10.470530838734787,0.019628137658016218,31.763858730018597,24.71521840900946,17.38353392576327,943941171.0,18861732.35,551.7467082714093,498.5601503946012,584.8663787165883,400.13013072913554
2023-05-19,537.9042299383079,544.6396455981572,529.450144687857,534.3275146484375,42293962,532.1443023681641,508.88714721679685,520.7384616088867,529.8164870077578,57.10020277942228,8.980777227469389,9.985443048911076,-1.0046658214416873,551.3928457368141,532.1443023681641,512.895758999514,0.07234332222665787,10.80760012956089,0.020226546141221616,30.53985738346674,22.234081933477007,16.559429236382424,986235133.0,20086744.75,551.7467082714093,501.39367553995163,584.8663787165883,400.13013072913554
2023-05-22,536.5107432551475,539.1119961242575,532.7482117209831,536.1856079101562,21484049,533.7236419677735,509.183505859375,520.9658403015137,530.4230699508433,58.3556662590288,8.402082052027367,9.668770849534335,-1.2666887975069674,548.285401232107,533.7236419677735,519.1618827034399,0.054566663791193994,10.490184720540427,0.01956446530041547,29.403284704525728,21.270644562538834,15.841883397724894,1007719182.0,20922014.0,551.7467082714093,504.9239523489952,584.8663787165883,400.13013072913554
2023-05-23,537.8113856521496,542.2706842826218,535.8604035179653,540.3197021484375,16120548,534.9778228759766,509.5532556152344,521.194147491455,531.3656063506143,61.0844526184852,8.18272346860067,9.371561373347602,-1.188837904746931,547.0648653518632,534.9778228759766,522.89078040009,0.045187078637795225,10.198763009405859,0.018875423140879727,28.70612045361361,22.52792597415833,15.130656245354194,1023839730.0,20866245.55,551.7467082714093,515.6076442134857,584.8663787165883,400.13013072913554
2023-05-24,538.647424884356,543.7106106427419,537.2074508400949,541.3416137695312,17616658,535.9486541748047,509.88584594726564,521.4466094970703,532.315702295273,61.751634353873875,7.99913093604755,9.097075285887591,-1.0979443498400414,546.7352573628938,535.9486541748047,525.1620509867156,0.0402523753126953,9.934791351780227,0.018352166356842885,28.2196453553181,22.509879246600725,14.423206809770242,1041456388.0,20505492.4,551.7467082714093,516.9548068709435,584.8663787165883,400.13013072913554
2023-05-25,540.6913350554436,541.5274783578868,536.0462204931116,539.9945678710938,16479436,536.6407775878906,510.3011169433594,521.6672528076172,533.0470228263035,60.284465301599106,7.656675792592978,8.808995387228668,-1.1523195946356903,546.5662023303591,536.6407775878906,526.7153528454221,0.03699094499334033,9.616681816994154,0.017808849179552905,27.56099290471646,21.593447518874566,14.698515008900225,1024976952.0,19479205.8,551.7467082714093,521.2747540041349,584.8663787165883,400.13013072913554
2023-05-26,539.9945509718547,546.0331997139054,539.3442236128685,544.4074096679688,9788076,537.6278625488281,511.0192523193359,521.8711734008789,534.1289644302716,63.35599867815118,7.653136484023548,8.577823606587645,-0.9246871225640962,546.459644793443,537.6278625488281,528.7960803042133,0.03285462997674423,9.407559980140066,0.017280367263696295,27.472060894289676,23.917824948572317,13.952017998419736,1034765028.0,19145983.5,551.7467082714093,523.2721477771822,584.8663787165883,400.13013072913554
2023-05-29,548.1235013048188,554.0692704408735,546.3118953412509,552.7686157226562,18432231,538.403598022461,512.226982421875,522.122706604004,535.9041693152606,68.35054765513856,8.23013908726739,8.508286702723593,-0.2781476154562039,549.4223923388805,538.403598022461,527.3848037060415,0.040931354682216856,9.425724322480404,0.01705184421542779,28.167675013440455,28.256380332189135,12.930478805781863,1053197259.0,18743128.85,554.0692704408735,523.2721477771822,584.8663787165883,400.13013072913554
2023-05-30,552.7686543075964,553.2331657818045,549.5170739881399,550.7247924804688,15031640,539.2164978027344,513.4793054199218,522.3993229675293,537.3156572357566,65.98307470412277,8.425375864366401,8.491704535052154,-0.06632867068575266,551.30092124351,539.2164978027344,527.1320743619588,0.04482215766772229,9.017893427564985,0.016374591357959975,28.81360240979475,27.424674347427224,12.54987957537178,1038165619.0,18855569.25,554.0692704408735,523.2721477771822,584.8663787165883,400.13013072913554
2023-05-31,552.9030719118671,553.8501481082919,546.936503435379,549.162109375,28797643,540.1742248535156,514.8462322998047,522.6783454895019,538.4438907728274,64.15339554344817,8.357664990553303,8.464896626152385,-0.10723163559908144,552.2235603991588,540.1742248535156,528.1248893078724,0.044612774883550727,8.867589945089838,0.01614749050181561,28.90187069842804,25.89740759865415,13.929636390154636,1009367976.0,18923775.7,554.0692704408735,523.2721477771822,584.8663787165883,400.13013072913554
2023-06-01,551.0088964611522,555.3654814653645,550.251247096706,551.9086303710938,17820226,540.8279907226563,516.1389544677735,523.0205709838867,539.7262469250433,65.94099822555205,8.428466807162522,8.457610662354412,-0.02914385519189011,553.891546650849,540.8279907226563,527.7644347944636,0.04830946678901422,8.677288669752313,0.01572232828451669,29.14347434212788,25.822351897418717,13.218331932043155,1027188202.0,19878681.5,555.3654814653645,523.2721477771822,584.8663787165883,400.13013072913554
2023-06-02,553.7554783910537,557.7332100831975,552.1454372531686,556.1231689453125,11323908,541.8550659179688,517.4174920654297,523.4103463745117,541.2878585460212,68.53407441999818,8.724089919461676,8.510906513775865,0.21318340568581107,556.2675836854727,541.8550659179688,527.4425481504649,0.05319694757522418,8.473523744205986,0.015236775263789176,29.61459786489183,26.550405516550793,12.569325262028583,1038512110.0,20143004.75,557.7332100831975,523.2721477771822,584.8663787165883,400.13013072913554
2023-06-05,557.354356472538,558.5855439997637,554.9866659182792,556.1231689453125,12920507,542.5523406982422,518.8929815673828,523.7534384155274,542.7007452507156,68.53407441999818,8.856283640841752,8.579981939189043,0.2763017016527094,558.2517304192424,542.5523406982422,526.852950977242,0.05787235089906996,8.125334768297307,0.014610674796568903,30.141096037536897,26.459699092880186,12.171667192066788,1038512110.0,19801027.1,558.5855439997637,523.2721477771822,584.8663787165883,400.13013072913554
2023-06-06,556.8808077766311,557.7331994819402,552.1454267581223,554.3710327148438,11199940,543.6311614990234,520.2841900634766,524.0601313781739,543.8122011996802,66.1073507847881,8.719156359824751,8.607816823316185,0.11133953650856654,559.464957032612,543.6311614990234,527.7973659654348,0.05825197911734152,7.9440803365487795,0.014329897970399618,29.993049152671972,25.13031042854535,14.114815845088614,1027312170.0,19797509.0,558.5855439997637,523.2721477771822,584.8663787165883,400.13013072913554
2023-06-07,556.8807700208413,559.3431448615423,554.9866177418588,558.0172729492188,11113781,544.9526794433593,521.7538977050781,524.4071199035644,545.1650651758267,68.59917243298142,8.803225017498676,8.646898462152684,0.15632655534599138,560.9558886077656,544.9526794433593,528.9494702789531,0.05873247262772503,7.731796894416623,0.013855837926938579,30.05187345830801,25.463293606604342,13.466468615828305,1038425951.0,19409552.75,559.3431448615423,529.450144687857,584.8663787165883,400.13013072913554
2023-06-08,558.7276422332659,562.515947212822,555.3181330686974,557.3543701171875,15971917,546.1829864501954,523.3738555908203,524.7405744934082,546.3259513607182,67.62572467630946,8.71588798471646,8.660696366665439,0.0551916180510208,562.026557739866,546.1829864501954,530.3394151605247,0.05801561631438834,7.6936552693957605,0.013803884354182273,30.47713560948424,26.70736305231079,12.566569980613274,1022454034.0,19037176.05,562.515947212822,529.450144687857,584.8663787165883,400.13013072913554
2023-06-09,556.8807949778836,557.9225556560352,546.2261879311128,548.072998046875,18870272,546.730908203125,524.9456811523437,525.0081127929687,546.4923367593998,55.7065309570853,7.807740822543451,8.49010525784104,-0.6823644352975897,562.0307463124561,546.730908203125,531.4310700937938,0.055968440341576164,7.979563301933379,0.014559307483436562,29.04609019343639,23.911120348982944,19.389457590797946,1003583762.0,19034936.15,562.515947212822,529.450144687857,584.8663787165883,400.13013072913554
2023-06-12,549.3041644401906,550.7247786585704,547.1259008663296,548.025634765625,8786066,547.1022674560547,526.4273736572266,525.3311560058594,546.638365140945,55.652625232976895,7.003474142307709,8.192779034734375,-1.1893048924266658,562.1471094068984,547.1022674560547,532.0574255052111,0.054998280379278834,7.66665719409819,0.013989595938111547,27.71726230710625,23.109381470086177,18.739329877651116,994797696.0,19412483.0,562.515947212822,529.450144687857,584.8663787165883,400.13013072913554
2023-06-13,548.783285043374,550.6300950913596,543.8584775170594,545.8947143554688,12612098,547.1626983642578,527.9045373535156,525.6855827331543,546.5675412566139,53.16018154007284,6.123551050802234,7.778933437947948,-1.6553823871457132,562.177914710662,547.1626983642578,532.1474820178537,0.05488391804226463,7.602725792684048,0.013927091786665298,25.910255064557997,21.63915789537989,20.616915485445478,982185598.0,19281274.15,562.515947212822,529.450144687857,584.8663787165883,400.13013072913554
2023-06-14,546.462938992896,547.9308954655977,544.8055557290528,546.0367431640625,8948696,547.2302307128906,529.2284661865234,525.9914811706543,546.5169890573234,53.31027263867726,5.375698493176628,7.298286448993684,-1.9225879558170558,562.212397539319,547.2302307128906,532.2480638864622,0.05475635659569009,7.282912502959823,0.013337770020307213,24.23231976790605,20.975866350093824,19.984958096091937,991134294.0,18802967.6,562.515947212822,529.450144687857,584.8663787165883,400.13013072913554
2023-06-15,545.5158387577229,546.1788035949786,535.3347705864633,536.5186157226562,17934877,547.3839141845704,530.22732421875,526.2618664550781,545.5647630254504,43.29735105521556,3.969231781840108,6.6324755155629695,-2.6632437337228616,561.8515253967814,547.3839141845704,532.9163029723593,0.05286092936714537,7.537278253356646,0.014048493439886357,23.764552772068864,18.82026645394407,26.90637440694543,973199417.0,18063413.7,562.515947212822,529.450144687857,584.8663787165883,400.13013072913554
2023-06-16,538.6495217087493,544.284635958382,537.039480808149,541.0172119140625,12660226,547.7183990478516,531.2604132080078,526.5496348571777,545.1316629196039,48.24514065333522,3.18092813686701,5.942166039823778,-2.7612379029567684,561.2416131437487,547.7183990478516,534.1951849519544,0.04938017097620164,7.553616966383007,0.013961879215744539,23.330197704505768,17.438160647891618,24.93044827547097,985859643.0,16677326.55,562.515947212822,532.7482117209831,584.8663787165883,400.13013072913554
2023-06-19,541.0172686527673,542.4378829249408,535.950434203992,538.7442626953125,17903691,547.8463317871094,532.3177191162109,526.8102452087402,544.523339088719,46.058319008645725,2.3457435413113217,5.222881540121287,-2.8771379988099657,560.9733201206926,547.8463317871094,534.7193434535262,0.04792215470627368,7.4774620917091354,0.013879427790654772,23.076850471114625,16.35749248608404,24.425785599879685,967955952.0,15195639.75,562.515947212822,535.3347705864633,584.8663787165883,400.13013072913554
2023-06-20,538.7442468937137,539.3125272688809,532.7776786865753,537.3710327148438,14549152,547.6988983154297,533.2611608886718,527.1055635070801,543.8421670531119,44.73889829153354,1.5551191042851542,4.489329052954061,-2.934209948668907,561.2209996159997,547.6988983154297,534.1767970148596,0.04937786561981519,7.410132555323168,0.013789601791310845,23.266177326891018,15.327110527088756,25.94548794340872,953406800.0,15016621.85,562.515947212822,532.7776786865753,584.8663787165883,400.13013072913554
2023-06-21,537.3710020274224,539.3598387145792,535.7136188531458,536.3765258789062,14946871,547.4506439208984,534.2097967529297,527.3197290039062,543.1311536079494,43.761180706982934,0.838627970366133,3.7591888364364756,-2.9205608660703426,561.598326160899,547.4506439208984,533.3029616808979,0.0516856903799524,7.141281648616752,0.013313933970013046,23.431306998524644,14.815448967786903,24.999249697863537,938459929.0,14938052.05,562.515947212822,532.7776786865753,584.8663787165883,400.13013072913554
2023-06-22,536.3765795536382,538.8863545906687,531.3570872845204,533.1565551757812,14979063,547.1087432861328,534.9862677001953,527.5082722473145,542.1811918525049,40.66267091052247,0.010853744164705859,3.0095218179821215,-2.9986680738174156,562.2558522243552,547.1087432861328,531.9616343479105,0.055371474589286714,7.1689949098690064,0.0134463223611785,24.145124939562812,13.704021245834802,27.46449987334556,923480866.0,14804562.7,562.515947212822,531.3570872845204,584.8663787165883,400.13013072913554
2023-06-23,532.256799763519,532.3514842571589,524.4907637219954,525.2484130859375,12215712,546.1507934570312,535.6770385742187,527.6414813232421,540.568546255689,34.248847092285104,-1.2686599472816624,2.1538854649293646,-3.422545412211027,564.0359717987492,546.1507934570312,528.2656151153133,0.06549538536237644,7.275908948720206,0.013852319716632389,25.529798981895397,12.538175840994226,31.868767741942108,911265154.0,14729544.05,562.515947212822,524.4907637219954,584.8663787165883,400.13013072913554
2023-06-26,526.5743681702502,528.9420586746129,525.1537538676326,527.5687866210938,8360264,544.8908020019531,536.3259582519531,527.7760733032227,539.3304739095371,37.370387574400254,-2.071569253191228,1.3087945213052463,-3.3803637744964745,564.2254437558067,544.8908020019531,525.5561602480996,0.07096703296446646,7.026794367167351,0.013319200349534856,26.81556773548994,12.055346124917532,30.641540729361317,919625418.0,14850925.85,562.515947212822,524.4907637219954,584.8663787165883,406.54043438286834
2023-06-27,528.7052460586985,537.8918960196315,526.2428712590395,536.1397705078125,10694768,544.1615509033203,536.9409844970703,527.9586294555664,539.0265973950872,47.319280474486995,-1.9932964135452949,0.6483763343351381,-2.641672747880433,563.6605294548248,544.1615509033203,524.6625723518158,0.07166613855438975,7.356953680983402,0.013722081601995608,26.096041264671094,19.381269537111418,27.17597524302941,930320186.0,14347327.5,562.515947212822,524.4907637219954,584.8663787165883,413.0900066314862
2023-06-28,541.9643300759469,543.6217133483505,538.4601367390198,539.6439819335938,18028934,543.68564453125,537.5917218017578,528.1817001342773,539.085395922564,50.763023331915484,-1.6297176771386148,0.19275753204038754,-1.8224752091790024,563.1377597356598,543.68564453125,524.2335293268402,0.07155647900610225,7.365881478094441,0.01364952028502535,24.47721498851922,23.53140983785305,25.2042483404283,948349120.0,14130483.9,562.515947212822,524.4907637219954,584.8663787165883,414.3441832542056
2023-06-30,543.621753554977,543.621753554977,540.0228754582851,542.5325927734375,8718232,543.2168426513672,538.4033520507812,528.364401550293,539.4137003845519,53.463592410383114,-1.0958597662097418,-0.06496592760963835,-1.0308938386001034,562.3021273377974,543.2168426513672,524.131557964937,0.07026764705334815,7.123873631186497,0.013130775415296458,22.974012795476106,22.592930112122424,24.1990092871378,957067352.0,13592048.45,562.515947212822,524.4907637219954,584.8663787165883,421.0331738068587
2023-07-03,544.0952635802307,555.3180931535118,543.5270409961187,554.4657592773438,15421985,543.1339721679688,539.3700341796875,528.5663562011719,540.847229802913,62.59174193560702,0.2868269194872255,0.005392641809734422,0.2814342776774911,562.0075938359075,543.1339721679688,524.26035050003,0.069498954714996,7.528275541821338,0.013577530110485497,22.65811340180256,30.94972954898313,21.263443795988078,972489337.0,13136948.75,562.515947212822,524.4907637219954,584.8663787165883,425.49246582294194
2023-07-04,557.0702178075081,564.4100581652275,551.4351030041416,558.0646362304688,24799250,543.2310455322265,540.4393505859375,528.7791052246093,542.4869827960135,64.8321721307922,1.653949670416523,0.3351040475310922,1.3188456228854308,562.388733315402,543.2310455322265,524.0733577490511,0.07053237454205456,7.917324086054518,0.014187109470926648,23.243550565827206,35.52942576333475,18.774397291093035,997288587.0,13341852.6,564.4100581652275,524.4907637219954,584.8663787165883,425.49246582294194
2023-07-05,558.5854903048938,562.279110336461,557.0701916178066,559.3431396484375,13598114,543.4796508789062,541.3214916992188,528.9838467407227,544.092331067673,65.6199255964148,2.808197686163112,0.8297227752574962,1.9784749109056157,563.3258050453989,543.4796508789062,523.6334967124136,0.0730336605405474,7.723866559811656,0.013808816113604822,23.787170789564378,33.81794125999561,17.870017630209315,1010886701.0,13935789.75,564.4100581652275,524.4907637219954,584.8663787165883,425.4924734719425
2023-07-06,559.153741476405,562.0896542062237,557.922496326865,561.142578125,11323509,543.6359161376953,542.1058435058594,529.1337155151367,545.7161641207517,66.74886603715386,3.8240657514890017,1.4285913705037974,2.3954743809852044,563.9804355118189,543.6359161376953,523.2913967635717,0.074846119508302,7.4698159397793,0.013311796735758172,24.291960997320324,32.470377931973715,17.157940563056176,1022210210.0,14055698.45,564.4100581652275,524.4907637219954,584.8663787165883,426.0499008697052
2023-07-07,558.7749361423764,563.9838550386189,554.5130934090871,562.1843872070312,11707209,543.8774169921875,542.8264892578125,529.2869348144532,547.284566319445,67.41598703152141,4.659501960194348,2.074773488441908,2.58472847175244,564.9685558376295,543.8774169921875,522.7862781467454,0.07755842837558016,7.6127406319044795,0.013541359036534388,24.14314889659656,29.58499684815389,18.83221582718732,1033917419.0,14066184.85,564.4100581652275,524.4907637219954,584.8663787165883,427.86146396152674
2023-07-10,563.1787957972151,568.0562027677943,559.0116380586246,561.2372436523438,11417363,544.5356292724609,543.557919921875,529.48349609375,548.613392732102,66.11723809893624,5.185390649715373,2.696896920696601,2.488493729018772,566.8930732326044,544.5356292724609,522.1781853123175,0.0821156330578941,7.715013780280564,0.013746439438113269,24.44021656015057,30.87794291855101,17.255242487402544,1022500056.0,13852949.45,568.0562027677943,524.4907637219954,584.8663787165883,433.71435975090793
2023-07-11,563.5102635613317,564.4099973918707,556.2651084792831,557.401611328125,13221177,545.004428100586,543.9608740234376,529.6123373413086,549.4503659317232,60.99279487418294,5.232342564078067,3.203986049372894,2.0283565147051728,568.0184864617013,545.004428100586,521.9903697394707,0.08445457385116083,7.745719146873922,0.013896119044970356,24.222738802692916,28.558713325386275,18.491971005914277,1009278879.0,13480304.0,568.0562027677943,524.4907637219954,584.8663787165883,437.56975197672665
2023-07-12,557.8278671866714,563.0367861502142,557.0702178075081,558.0646362304688,16029716,545.612924194336,544.4328308105469,529.7361325073242,550.2707726268419,61.547590583504395,5.262391291881727,3.615667097874661,1.6467241940070658,569.3220173364288,545.612924194336,521.9038310522432,0.08690810679421557,7.618636946576219,0.01365188985641062,24.02079517076795,26.961150513949214,17.45753766668675,1025308595.0,13702059.55,568.0562027677943,524.4907637219954,584.8663787165883,440.26394644847693
2023-07-13,563.4156674537284,566.3515806192413,552.4768908483136,554.6552124023438,20024503,546.04384765625,544.9257836914062,529.8630868530273,550.6883383197469,57.05383989955754,4.953986641713527,3.8833310066424347,1.0706556350710925,570.079133970414,546.04384765625,522.0085613420861,0.08803427203631765,8.065497862601326,0.014541462303523184,23.013518531173638,23.64829506808337,19.380320189835874,1005284092.0,13872940.45,568.0562027677943,524.4907637219954,584.8663787165883,441.0071840415013
2023-07-14,555.6969192600167,560.0061040903931,549.9671202346848,553.4713134765625,12190152,546.8914825439454,545.2185437011718,529.9952700805665,550.9533835727769,55.5374796111915,4.561461299021175,4.018957065118183,0.5425042339029922,570.7181165827079,546.8914825439454,523.0648485051828,0.08713477828518926,8.206461147823257,0.014827256531644562,21.66444290235379,21.581936725316837,19.87138221351274,993093940.0,14426730.8,568.0562027677943,524.4907637219954,584.8663787165883,441.0071840415013
2023-07-17,555.933724407829,570.9448589210546,553.2819226326304,569.2874755859375,19378986,548.3049957275391,545.8926599121094,530.2841075134278,552.6994875740303,67.83612036638482,5.463632879152328,4.307892227925012,1.1557406512273163,573.8614254726566,548.3049957275391,522.7485659824216,0.09321975887236623,8.881923657866176,0.015601825156480884,21.769706225310667,27.313281301097025,17.048739510677652,1012472926.0,14139494.55,570.9448589210546,524.4907637219954,584.8663787165883,441.0071840415013
2023-07-18,571.1342759530944,572.0813521283934,557.5910982073067,561.0005493164062,25757209,549.4178100585938,546.2691174316407,530.565419921875,553.490064882828,58.67783501946428,5.447133498732455,4.535740482086501,0.9113930166459543,575.149727424744,549.4178100585938,523.6858926924435,0.09366976059041847,9.282518676667644,0.016546362901032154,21.98661816395876,25.14232602357681,15.147773272424578,986715717.0,14475432.55,572.0813521283934,524.4907637219954,584.8663787165883,441.0071840415013
2023-07-19,563.1788513109324,570.5186914159763,560.6690764111024,569.6189575195312,17556585,551.0302062988281,547.0056042480469,530.9214106750488,555.0261498958474,64.1053514068897,6.0596393849920105,4.840520262667603,1.2191191223244076,577.5693205958434,551.0302062988281,524.491092001813,0.09632544275666378,9.323025557253802,0.016367126539910026,22.188036392703417,23.245009457814422,14.00467612472101,1004272302.0,14868108.45,572.0813521283934,524.4907637219954,584.8663787165883,441.0071840415013
2023-07-20,569.5715597582258,578.4740399478636,567.0617851030194,577.7637329101562,34038351,553.0995666503907,547.929140625,531.3722412109375,557.1916339924483,68.33783616908607,7.120192866812204,5.296454783496523,1.8237380833156802,581.1563982187886,553.0995666503907,525.0427350819928,0.1014530954645726,9.47225622065312,0.01639468814171152,23.17971026091319,27.24358072164293,12.799465204144473,1038310653.0,15018480.1,578.4740399478636,524.4907637219954,584.8663787165883,441.0071840415013
2023-07-21,577.7164436119874,586.7136669141413,576.7693674749186,582.5465087890625,21040281,555.5690643310547,548.9251062011718,531.8613851928711,559.6063839730782,70.53497788606305,8.251501016791394,5.887464030155498,2.364036986635896,584.8380216306685,555.5690643310547,526.3001070314409,0.10536568422813734,9.505973593408093,0.016317965089462347,24.754344737665413,31.399196035535233,11.843061216985221,1059350934.0,15973054.1,586.7136669141413,524.4907637219954,586.7136669141413,441.0071840415013
2023-07-24,582.4991762065254,588.9866825360349,581.7888690919402,584.9616088867188,11756364,558.5547241210937,549.8820471191407,532.3214956665039,562.0211672981868,71.6064407027063,9.236476913975139,6.557266606919426,2.6792103070557127,587.0140136516661,558.5547241210937,530.0954345905213,0.10190331690544421,9.341105011314276,0.01596874883651251,26.376137607981306,31.409106203164146,11.191225324951331,1071107298.0,16276115.0,588.9866825360349,525.1537538676326,588.9866825360349,447.8819378133518
2023-07-25,588.8919257906668,588.8919257906668,572.2234090326344,577.3375854492188,18503305,561.0431640625,550.6168298339844,532.793885345459,563.4798737887613,63.7280949017049,9.294738474714677,7.104760980478477,2.1899774942362003,586.8054492600625,561.0431640625,535.2808788649374,0.09183708793818438,9.864491564651287,0.01708617594500773,26.238428476548613,27.618141048201228,16.766814106565125,1052603993.0,16253147.6,588.9866825360349,526.2428712590395,588.9866825360349,453.3631749213971
2023-07-26,579.610620027468,583.7303782733334,576.9114760463759,582.5939331054688,9999125,563.3658721923828,551.3749865722656,533.2324026489258,565.3002603903525,66.46736686335632,9.65377183562498,7.614563151507777,2.0392086841172024,588.0836142724112,563.3658721923828,538.6481301123544,0.087750228759287,9.646949469101727,0.01655861642375756,26.11055571164683,26.223729832649962,15.920275101696792,1062603118.0,16760299.65,588.9866825360349,538.4601367390198,588.9866825360349,463.9075840617413
2023-07-27,583.7777730624562,588.3710693551636,580.6523754641814,583.9197998046875,17444742,565.5796630859375,552.1596606445313,533.6561817932129,567.0735498583844,67.1414502771636,9.930818429602141,8.07781420712665,1.8530042224754908,589.3138255026238,565.5796630859375,541.8455006692511,0.08392862744458343,9.509216927807476,0.016285142122236935,26.427408456539762,28.18916254997671,14.997232819192371,1080047860.0,16725517.5,588.9866825360349,540.0228754582851,588.9866825360349,463.9075840617413
2023-07-28,583.7778004197922,587.0925671630472,581.1259407812325,583.4462890625,11930586,567.6253479003906,553.1596875,534.1105735778808,568.6328583540144,66.6263324883485,9.996933070183559,8.461637979738033,1.5352950904455263,590.0793216008457,567.6253479003906,545.1713741999355,0.07911547214553011,9.256174745950846,0.015864656129399607,26.72162886251177,26.8912320520868,14.306706244467952,1068117274.0,16696307.9,588.9866825360349,543.5270409961187,588.9866825360349,463.9075840617413
2023-07-31,584.0145391310097,588.1342973187537,581.9783022582515,587.3766479492188,8605483,569.2708923339844,554.2206701660157,534.5820623779297,570.4179811726053,68.76823367846002,10.24834002946352,8.81897838968313,1.4293616397803905,592.4384879189219,569.2708923339844,546.103296749047,0.08139392298788141,9.034733339847376,0.01538149902859003,27.096936730456136,26.406046761336672,13.610409205821055,1076722757.0,16856925.6,588.9866825360349,549.9671202346848,588.9866825360349,463.9075840617413
2023-08-01,587.3766262120196,587.9921910123245,578.2846606992431,579.468505859375,13493453,570.3410858154297,555.086328125,535.0295712280273,571.2799359046786,60.37245005906776,9.697672152450764,8.994717142236656,0.702955010214108,593.3158210258175,570.3410858154297,547.3663506050418,0.08056489627620056,9.082790266506949,0.015674346706792644,26.75857647925346,24.39016608509643,15.476109447713203,1063229304.0,16516100.5,588.9866825360349,549.9671202346848,588.9866825360349,463.9075840617413
2023-08-02,577.5743429390312,578.189965532909,562.6578941967817,566.7777099609375,14977497,570.7128143310547,555.61548828125,535.3838977050781,570.8511524814652,49.853585860875114,8.1433512409277,8.824443961974865,-0.6810927210471647,593.199127838337,570.7128143310547,548.2265008237724,0.07880080118277692,9.634777509084543,0.016999217399972514,25.428410573862017,21.350481314734132,25.132450633475695,1048251807.0,15950810.65,588.9866825360349,549.9671202346848,588.9866825360349,463.9075840617413
2023-08-03,567.0145102168711,569.0506892838814,554.0395552258084,559.2484741210938,27774877,570.6181091308594,555.9736254882813,535.7579450988769,569.7461354947632,44.859756650360524,6.2321539214171935,8.305985953863331,-2.0738320324461377,593.2801203816292,570.6181091308594,547.9560978800895,0.0794296952309756,10.018802976869434,0.017914761399420588,25.039330819383565,19.065528155304175,28.587149852170914,1020476930.0,16019779.8,588.9866825360349,549.9671202346848,588.9866825360349,463.9075840617413
2023-08-04,563.32081394777,567.0144336055272,541.159269416028,542.9586791992188,52725616,569.6568237304688,556.0329077148438,536.0238340759278,567.1949491809017,36.37103421017107,3.3642845870480187,7.317645680500269,-3.9533610934522505,595.1255055804777,569.6568237304688,544.1881418804599,0.08941763106855836,11.149971634914417,0.020535580444830396,25.660344146337604,15.907657464460339,32.103514517309456,967751314.0,16842348.2,588.9866825360349,541.159269416028,588.9866825360349,463.9075840617413
2023-08-07,546.46297490863,546.46297490863,536.660759225921,537.8446044921875,32736325,568.487191772461,555.9016516113281,536.1877404785156,564.399678258167,34.18405273480492,0.6710786124140213,5.98833226688302,-5.317253654468999,597.3213241912229,568.487191772461,539.6530593536991,0.10144162554959676,11.053703352614034,0.020551853193824493,26.524389547933158,14.900042417790274,32.976948005921926,935014989.0,18893268.55,588.9866825360349,536.660759225921,588.9866825360349,463.9075840617413
2023-08-08,540.7804504311654,543.858447740975,538.3654179490715,542.769287109375,25038671,567.7555755615234,555.7016650390625,536.2889419555664,562.3396410059011,38.04724179392868,-1.0537784935481795,4.579910114796781,-5.63368860834496,598.3655453183953,567.7555755615234,537.1456058046515,0.10782798469780927,10.69371334519785,0.019702134220138598,27.326717420843313,14.301516398621443,31.65228322572265,960053660.0,19959216.65,588.9866825360349,536.660759225921,588.9866825360349,463.9075840617413
2023-08-09,544.5687939346745,544.5687939346745,538.270714326323,543.3849487304688,15769111,567.0215911865234,555.5548681640626,536.4352600097657,560.5344322177647,38.53298359355748,-2.3440407863539576,3.1951199345666335,-5.5391607209205915,599.1901775040741,567.0215911865234,534.8530048689728,0.11346511955650979,10.379739506851688,0.0191020003978805,27.96352802160903,14.1705093300905,30.280458270756277,975822771.0,20550091.35,588.9866825360349,536.660759225921,588.9866825360349,463.9075840617413
2023-08-10,543.3849066549969,547.0311264796395,539.9280558044107,543.2902221679688,27325801,566.4533416748047,555.4374304199218,536.5718145751953,558.8921264987365,38.48298842916707,-3.3357738664855106,1.8889411743562048,-5.224715040841716,599.8535875704808,566.4533416748047,533.0530957791286,0.11792761535106579,10.145691733164337,0.018674534013659462,28.171103918982613,15.195428006690683,28.76620374189321,948496970.0,20537061.1,588.9866825360349,536.660759225921,588.9866825360349,463.9075840617413
2023-08-11,544.9950425510931,548.3571516956642,541.7276179100518,543.7638549804688,18221179,565.96796875,555.2745349121094,536.6854214477539,557.4513387350919,38.90978576424702,-4.036975526941887,0.7037578340965863,-4.740733361038473,600.3756717894298,565.96796875,531.5602657105701,0.12158887053422089,9.894537594053489,0.01819638709602882,28.154854294876536,15.425453325078951,27.38949521691225,966718149.0,20902126.0,588.9866825360349,536.660759225921,588.9866825360349,463.9075840617413
2023-08-14,542.6272364301581,542.6745786718476,529.0366603790627,531.1202392578125,28084093,564.0596069335937,554.7744763183593,536.6909848022461,554.943614975351,32.439607462329846,-5.548952150167338,-0.5467841627561985,-5.0021679874111395,601.6094627813287,564.0596069335937,526.5097510858587,0.1331414459967019,10.239727380292956,0.01927949007291071,29.10369140934467,13.840773490099343,33.42847663320678,938634056.0,21203677.35,588.9866825360349,529.0366603790627,588.9866825360349,463.9075840617413
2023-08-16,529.2261668704698,536.4239806444865,524.6802126897423,535.4295043945312,15725767,562.7810546875,554.3606030273437,536.6807015991211,553.0851282533681,36.325911361111665,-6.326554255461474,-1.7027381812972535,-4.62381607416422,602.3476805024479,562.7810546875,523.2144288725522,0.14061107951446006,10.347158849896614,0.019324969515076087,30.25560686586704,12.71870679844676,33.7257873449535,954359823.0,21638932.7,588.9866825360349,524.6802126897423,588.9866825360349,463.9075840617413
2023-08-17,535.8083789270145,542.8167661745958,534.1509955189327,541.8696899414062,27910162,561.3935913085937,554.110576171875,536.6975091552735,552.0169912712765,41.72143149163096,-6.3499421945542736,-2.632178983948658,-3.7177632106056158,601.8401401347871,561.3935913085937,520.9470424824003,0.14409337567218594,10.227059693165648,0.018873651512546358,30.362277222667828,16.413814069409234,31.68456430472301,982269985.0,21137360.6,588.9866825360349,524.6802126897423,588.9866825360349,463.9075840617413
2023-08-18,539.8334329901751,544.805583030874,537.3710579967587,542.6273193359375,18253227,559.6367706298828,553.8027770996093,536.7594467163086,551.1227368012443,42.34042364855516,-6.235464392347467,-3.35283606562842,-2.882628326719047,600.1388189966056,559.6367706298828,519.13472226316,0.14474405718958339,10.027592931804907,0.018479705268206154,30.177478596504404,16.961251913780515,30.006625041670986,1000523212.0,21655039.45,588.9866825360349,524.6802126897423,588.9866825360349,463.9075840617413
2023-08-21,542.6272655405768,545.0896402898765,540.543686550049,541.4434204101562,9380810,557.5816162109375,553.4845581054688,536.8012969970703,550.2008971449502,41.596925322901726,-6.169156462847695,-3.916100145072275,-2.25305631777542,597.3905305530367,557.5816162109375,517.7727018688382,0.14279134456627857,9.636047275235093,0.01779696070170279,29.963732269690244,16.60026112220711,28.995475927520058,991142402.0,20865783.25,588.9866825360349,524.6802126897423,588.9866825360349,463.9075840617413
2023-08-22,542.2010852877467,544.0478953051733,537.4657046302118,538.4127807617188,14073413,555.2541748046875,553.2913537597656,536.8135943603515,549.0782193941662,39.676225471601796,-6.288662456273414,-4.390612607312503,-1.8980498489609108,593.8111168230732,555.2541748046875,516.6972327863018,0.1388803318118166,9.417914660929833,0.017491996842284932,30.031201916080136,15.771551098397714,29.882421141795476,977068989.0,20282809.7,588.8919257906668,524.6802126897423,588.9866825360349,463.9075840617413
2023-08-23,540.7805133977928,547.362704587704,536.0451323697911,546.3682861328125,18579297,553.7057098388672,553.2582067871094,536.8798370361328,548.8201305121326,46.641241845890775,-5.675999629995204,-4.647690011849043,-1.0283096181461602,591.0594673629296,553.7057098388672,516.3519523148047,0.13492278248289208,9.553604486428625,0.017485649751102707,29.570371751312447,16.915362166369704,27.353858232829822,995648286.0,20398662.15,588.3710693551636,524.6802126897423,588.9866825360349,463.9075840617413
2023-08-24,547.5520301413071,551.1982497366639,545.089597779111,546.41552734375,24131644,551.8967895507812,553.268623046875,536.8949871826172,548.5911206865724,46.68061105849113,-5.127540856055816,-4.743660180690398,-0.38388067536541826,586.910185475685,551.8967895507812,516.8833936258775,0.12688385432864382,9.307536448651785,0.017033806659737204,28.56682406747372,19.06588100537441,26.071524129842903,1019779930.0,20402461.75,588.3710693551636,524.6802126897423,588.9866825360349,463.9075840617413
2023-08-25,543.4322918904455,544.8529061378787,537.1816123237163,539.7860717773438,12271885,549.6901031494141,553.1436096191406,536.8349517822265,547.7525445999792,41.99767924924909,-5.168248632699147,-4.828577871092148,-0.3396707616069987,581.7946089788355,549.6901031494141,517.5855973199926,0.11680947372157781,9.302277775179064,0.017233267513831217,28.398171789646394,17.714040634041943,30.295192481184316,1007508045.0,21109087.7,588.1342973187537,524.6802126897423,588.9866825360349,463.9075840617413
2023-08-28,542.4852505231413,544.3794029745524,539.0757992325795,542.5325927734375,9711932,547.644418334961,553.2638891601563,536.6948175048828,547.2554063307847,44.48253220195872,-4.922149077586482,-4.847292112391015,-0.07485696519546714,575.8633829259535,547.644418334961,519.4254537439684,0.1030557918467917,9.016658201378624,0.01661956962859187,28.24156610309245,16.96979711361311,29.022360315442537,1017219977.0,20850444.85,588.1342973187537,524.6802126897423,588.9866825360349,463.9075840617413
2023-08-29,543.290312559334,545.8000299325134,541.5855290696916,544.4267578125,13144855,545.496923828125,553.332080078125,536.5576513671875,546.9860112338052,46.194522843857335,-4.522141684253029,-4.7822620267634175,0.2601203425103886,567.0423104754716,545.496923828125,523.9515371807784,0.0789936137353366,8.673646962910283,0.015931705851051275,27.864693946677736,17.550731453496137,28.015082892943312,1030364832.0,20739512.15,587.9921910123245,524.6802126897423,588.9866825360349,463.9075840617413
2023-08-30,546.1788293829949,547.1259055366658,536.1397874711188,537.3710327148438,15281416,543.3920501708984,553.3046154785156,536.4307281494141,546.0702989939042,41.109192169957595,-4.720061065536925,-4.769821834518119,0.0497607689811943,558.5206342906334,543.3920501708984,528.2634660511634,0.0556820222709443,8.838823470241476,0.01644826931884846,28.04206686795503,15.99255374438955,29.92869529991262,1015083416.0,20966480.75,578.189965532909,524.6802126897423,588.9866825360349,463.9075840617413
2023-08-31,539.1704412789,540.1175174300328,529.7944220656501,531.6411743164062,27898476,541.6352233886719,553.1900183105469,536.2958264160156,544.6960966436662,37.49896208410932,-5.278418959403552,-4.871541259495206,-0.4068776999083461,553.2441465085544,541.6352233886719,530.0263002687893,0.04286620448076769,8.94484289125156,0.016824962631521154,28.740835290595573,14.67421503051122,32.528595350802355,987184940.0,21055878.9,569.0506892838814,524.6802126897423,588.9866825360349,463.9075840617413
2023-09-01,532.9197778538285,540.9699253809107,532.3514974630689,539.4072265625,18121168,540.6431610107422,553.2506323242187,536.2404000854492,544.1923947311742,44.60036195082954,-5.036211785856835,-4.904475364767532,-0.13173642108930306,548.9964728482938,540.6431610107422,532.2898491731906,0.030901387236397918,8.972264903626765,0.016633564516375956,29.239145294192813,14.263016866314153,30.11280806659873,1005306108.0,21701927.85,567.0144336055272,524.6802126897423,588.9866825360349,463.9075840617413
2023-09-04,541.727551909577,545.8473099953048,538.3654431746227,545.0896606445312,12108655,540.7497100830078,553.4892944335937,536.1748315429687,544.2778486276844,49.1527857440979,-4.335756019003156,-4.790731495614658,0.4549754766115015,549.2711157615681,540.7497100830078,532.2283044044475,0.031517005075239836,8.865807897702151,0.01626486161417727,28.86704186519966,17.332791645853607,28.297648215962667,1017414763.0,21219242.4,551.1982497366639,524.6802126897423,588.9866825360349,463.9075840617413
2023-09-05,545.1369963939355,547.6467712562122,541.11192284817,542.6746215820312,14444729,540.9912109375,553.8378186035156,536.102297668457,544.1251603376222,47.37112942246821,-3.930208252020975,-4.618626846895921,0.6884185948749462,549.443086069373,540.9912109375,532.539335805627,0.031245887034750317,8.699310791297869,0.01603043600221661,28.228419374626853,17.88028132468791,26.77929442390625,1002970034.0,19188394.35,551.1982497366639,524.6802126897423,588.9866825360349,463.9075840617413
2023-09-06,543.8585428142632,543.8585428142632,537.9393161837204,540.3070068359375,20609936,540.8680969238281,554.0925830078126,536.0211773681641,543.7615266707951,45.62510144053452,-3.7565522519138312,-4.446211927899503,0.6896596759856717,549.2844429884361,540.8680969238281,532.4517508592202,0.031121621380427896,8.500733351243932,0.01573315401002222,27.973459618793054,16.990967821575335,28.113195757427267,982360098.0,18273814.55,551.1982497366639,524.6802126897423,588.9866825360349,463.9075840617413
2023-09-07,537.9392393188474,550.251228951145,537.9392393188474,548.4044189453125,12390597,541.1190704345703,554.3378759765625,535.9635891723633,544.2037068874158,52.124467097766114,-2.9317398641657064,-4.143317515152744,1.2115776509870377,550.1010107364121,541.1190704345703,532.1371301327284,0.03319764832767215,8.772965942747764,0.015997256111866986,26.72453510214608,20.492601597369504,25.295046578989854,994750695.0,18052377.8,551.1982497366639,524.6802126897423,588.9866825360349,463.9075840617413
2023-09-08,550.2512460973644,557.3543172604112,549.0200586567578,552.5715942382812,14032068,541.583139038086,554.5964282226563,535.9482040405273,545.0006485398792,55.09893549388502,-1.9196849516570182,-3.6985910024535995,1.7789060507965813,551.8351190046974,541.583139038086,531.3311590714745,0.037859302580283895,8.78560396934426,0.01589948535348654,25.011415708020316,24.776412544206632,23.454469852176434,1008782763.0,17883452.1,557.3543172604112,524.6802126897423,588.9866825360349,463.9075840617413
2023-09-11,555.9337399799246,560.9532323744613,554.3710410982075,560.385009765625,10946134,542.4141967773437,554.9534765625,535.9672412109375,546.465825799474,60.103992309391096,-0.48159527783320755,-3.055191857529521,2.5735965796963134,555.5325590813293,542.4141967773437,529.2958344733581,0.04837027637523489,8.75674926697539,0.015626308902584325,23.846700131373687,26.018104462599606,21.850915896386322,1019728897.0,17218765.45,560.9532323744613,524.6802126897423,588.9866825360349,463.9075840617413
2023-09-12,562.2317073977355,562.7999298928183,553.7080231418913,557.212158203125,16093060,543.7187927246093,555.0084045410156,535.9306979370117,547.4892860283932,57.310299994434104,0.39749645340009465,-2.364654195343598,2.7621506487436926,557.267548548571,543.7187927246093,530.1700369006477,0.04983736448051747,8.78068908725765,0.0157582510682704,22.978924641664793,25.596038435837166,20.234816816608156,1003635837.0,16855013.2,562.7999298928183,524.6802126897423,588.9866825360349,463.9075840617413
2023-09-13,557.2596541767706,566.3515624928049,552.5716154680572,564.8836059570312,19377172,545.1914978027344,555.1447839355469,535.9246160888672,549.1458879263587,61.91916488660898,1.6936810043541755,-1.5529871554040433,3.2466681597582188,561.02629325508,545.1914978027344,529.3567023503888,0.058088930279228464,9.13777893993551,0.016176392523295478,22.57410633216782,25.615199127522622,18.055210077681057,1023013009.0,16255461.55,566.3515624928049,529.7944220656501,588.9866825360349,463.9075840617413
2023-09-14,566.7777593769611,571.749909391221,563.6997617490858,565.6885986328125,13178911,546.3824432373046,555.2716931152344,535.9316165161133,550.7213841841162,62.37816221885211,2.7541249428637684,-0.6915647357504809,3.4456896786142495,564.4624512544294,546.3824432373046,528.3024352201799,0.066180779565321,9.060090990092625,0.01601603958783959,22.75489379403343,28.245482984078574,16.909312512870738,1036191920.0,16438031.8,571.749909391221,529.7944220656501,588.9866825360349,463.9075840617413
2023-09-15,567.6300722204844,568.9086597168509,563.6997408474365,567.1091918945312,11756389,547.6065368652344,555.391025390625,535.9401458740234,552.2821277755843,63.220662594555485,3.666894728182342,0.18012715703608362,3.4867675711462587,567.7061015355598,547.6065368652344,527.5069721949089,0.07340878282931063,8.78500726718704,0.015490856774581856,22.922764353820977,27.04922062467522,16.193180518460863,1047948309.0,15701469.25,571.749909391221,529.7944220656501,588.9866825360349,463.9075840617413
2023-09-18,567.109228683467,576.2011950737599,565.451845299319,571.9866943359375,19305055,549.1337005615235,555.5870715332031,535.9732949829101,554.1587531622846,66.03319313505142,4.72932829060187,1.089967383749241,3.6393609068526294,571.626926183631,549.1337005615235,526.640474939416,0.0819225831490829,8.925317446276605,0.015604064805456145,23.766966254747217,30.558435560643414,14.800143540854023,1067253364.0,15376627.35,576.2011950737599,529.7944220656501,588.9866825360349,463.9075840617413
2023-09-20,569.0507065380637,574.6858214384503,567.6774923043499,569.2874755859375,21314600,550.6774353027344,555.748076171875,536.0212832641602,555.5995838692992,63.154959291118914,5.292501485767048,1.9304742041528025,3.362027281614245,574.2286568497863,550.6774353027344,527.1262137556824,0.08553545156287237,8.788389709692586,0.015437525128490068,24.550868019893013,28.817798348962814,13.957113453979956,1045938764.0,15872839.6,576.2011950737599,529.7944220656501,588.9866825360349,463.9075840617413
2023-09-21,568.2457179919575,574.4963977678915,553.7081214953073,557.0228881835938,23453425,551.2101654052734,555.7405017089844,535.9817037963867,555.7351366611367,52.0528007944275,4.695048994204967,2.4833891621632356,2.2116598320417316,574.8293108607854,551.2101654052734,527.5910199497614,0.08569923756085376,9.645524464184843,0.017316208487658583,23.139243324803996,24.381452501501215,22.15331111291049,1022485339.0,16234898.95,576.2011950737599,529.7944220656501,588.9866825360349,463.9075840617413
2023-09-22,562.0896643296132,570.1398111649995,560.1008276451988,566.4935913085938,18784139,552.2140686035157,555.9090808105469,535.9920324707032,556.7597513894659,58.16814677460375,4.928952288631194,2.972501787456827,1.9564505011743671,576.6261896945459,552.2140686035157,527.8019475124854,0.08841542611460673,9.893481501129195,0.017464419108917658,21.82844896507848,22.07250338903695,20.05536932584305,1041269478.0,16478605.35,576.2011950737599,529.7944220656501,588.9866825360349,463.9075840617413
2023-09-25,569.6662630363052,569.6662630363052,559.2010838964593,562.6105346679688,9712784,553.3552917480469,556.0681872558594,535.93765625,557.3169688445614,55.06697924249387,4.746279954942224,3.3272574209539068,1.4190225339883176,577.4689471201441,553.3552917480469,529.2416363759496,0.08715433187933312,9.934317046751815,0.017657538269550303,20.489021674066993,20.411646518971196,19.19321603529572,1031556694.0,16211230.1,576.2011950737599,529.7944220656501,588.9866825360349,463.9075840617413
2023-09-26,562.5632240608297,563.5103001956123,559.9587646901778,562.9420776367188,8327427,554.375765991211,556.2576025390625,535.9237240600586,557.8526934914335,55.2861752307256,4.5755198168817515,3.576909900139476,0.9986099167422755,578.2976813575958,554.375765991211,530.4538506248261,0.08630216843484494,9.478404079514869,0.01683726346999332,19.245267760984902,19.86534684109022,18.679526572378713,1039884121.0,16083275.05,576.2011950737599,529.7944220656501,588.9866825360349,463.9075840617413
2023-09-27,562.0423402102848,562.8473317978076,557.0701905339704,558.5381469726562,9865347,555.0813354492187,556.0426159667969,535.8965982055664,557.9179747753594,51.679782675234,4.038279999708266,3.669183920053234,0.3690960796550318,578.6171645634674,555.0813354492187,531.54550633497,0.08480137093855455,9.220795724031547,0.01650880208273932,18.072970998618448,18.961744364696163,20.06748661569048,1030018774.0,16014049.8,576.2011950737599,529.7944220656501,588.9866825360349,463.9075840617413
2023-09-28,559.9587875621745,563.6997500083563,557.6857816238776,558.7276000976562,21960816,556.1491638183594,555.9971569824219,535.8490518188477,557.9950819489114,51.82536908353824,3.586458397937463,3.6526388156300795,-0.06618041769261662,578.2693425468417,556.1491638183594,534.0289850898771,0.07954764716937286,8.991736628349203,0.016093238685143885,16.852973744649304,18.733014434578248,19.108787097209294,1051979590.0,15850074.4,576.2011950737599,529.7944220656501,588.9866825360349,463.9075840617413
2023-09-29,561.4740302773386,568.2456473637309,560.0060739159695,566.8723754882812,12189735,557.9107238769532,555.9422253417969,535.8197006225586,558.8405384764704,57.72276817654062,3.841321465911051,3.6903753456862742,0.1509461202247766,577.3981320021476,557.9107238769532,538.4233157517588,0.06985851782799694,9.029330245329591,0.01592832996589768,16.2505244752141,20.91865367284996,17.669997113844712,1064169325.0,16184044.4,576.2011950737599,532.3514974630689,588.9866825360349,463.9075840617413
2023-10-03,565.0255828135226,572.8863607525196,558.3960500586644,571.03955078125,15322196,559.4923400878906,555.8077416992187,535.8272109985352,560.0023491721638,60.394223961345844,4.3296490044645,3.8182300774419193,0.5114189270225804,577.8158324593384,559.4923400878906,541.1688477164429,0.06550042264589111,9.419400277367137,0.016495180175314088,16.299025120201858,22.13918594153121,15.72838314541196,1079491521.0,15398607.35,576.2011950737599,537.9392393188474,588.9866825360349,463.9075840617413
2023-10-04,568.2457481010129,568.6719439730779,553.5187240237176,555.2234497070312,24914612,559.9990295410156,555.2612805175781,535.7384536743164,559.5472158897702,47.99760255532593,3.4012177993540718,3.7348276218243504,-0.3336098224702786,577.229255478768,559.9990295410156,542.7688036032632,0.06153662784692522,9.99807359737894,0.018007297066891748,15.549166859790866,19.36796036737907,17.244091754971674,1054576909.0,15258658.75,576.2011950737599,537.9392393188474,588.9866825360349,463.9075840617413
2023-10-05,558.7749204115613,562.8946784824502,556.0283764943421,560.8111572265625,13248028,560.9058563232422,554.778271484375,535.6369906616211,559.667591255179,51.76457915232365,3.0807971667160245,3.6040215308026853,-0.5232243640866607,576.1929827590315,560.9058563232422,545.618729887453,0.05450870681221578,9.831870395810371,0.017531517105388805,14.852869903694945,18.28855482986213,16.28305260698185,1067824937.0,15898956.6,576.2011950737599,537.9392393188474,588.9866825360349,463.9075840617413
2023-10-06,561.9949962079626,567.2512571455039,560.8584932959413,562.7999877929688,8216780,562.0305053710938,554.48751953125,535.5898321533203,559.9659147349685,53.067716072076486,2.953299711493969,3.4738771669409423,-0.5205774554469733,574.0509845422946,562.0305053710938,550.010026199893,0.04277518410949598,9.589601076034018,0.017039092544475398,14.810156731763067,20.656281400905307,15.50196480645044,1076041717.0,15839121.55,576.2011950737599,537.9392393188474,588.9866825360349,463.9075840617413
2023-10-09,556.8807601865917,557.8278363093581,550.7721076337612,554.1342163085938,9189597,562.3169952392578,553.9183251953125,535.5578735351562,559.4105148848375,47.097183850134066,2.1284660915665654,3.204794951866067,-1.0763288602995016,573.2485936430672,562.3169952392578,551.3853968354484,0.03888055490536317,9.763763867689274,0.01761985378331501,14.226307823243907,18.83869137698939,21.516790956600726,1066852120.0,15219463.75,576.2011950737599,549.0200586567578,588.9866825360349,463.9075840617413
2023-10-10,555.9337191138808,563.5103285736951,554.7498738857847,560.337646484375,10373508,562.7052978515625,553.4466821289062,535.5518222045898,559.4988131324126,51.319466725224366,1.952833427964265,2.9544026470857068,-1.0015692191214418,572.7395254826263,562.7052978515625,552.6710702204987,0.03566423728148639,9.736074467504423,0.017375370954619437,13.496735684662937,21.711773207589957,20.03670009696059,1077225628.0,15059413.75,576.2011950737599,550.7721076337612,588.9866825360349,463.9075840617413
2023-10-11,565.3097044901236,565.404388970993,556.5018511818047,557.212158203125,14220119,562.5466552734375,552.9219995117187,535.5301434326171,559.2810364724804,49.189317674685,1.543648276746353,2.6722517730178366,-1.1286034962714835,572.8200784400711,562.5466552734375,552.2732321068039,0.036524697357377435,9.676536133338983,0.01736598168378716,13.056532746875034,21.68310414027412,18.719984241160763,1063005509.0,14876485.75,576.2011950737599,550.7721076337612,588.9866825360349,463.9075840617413
2023-10-12,559.5326085412145,561.6161877464566,554.0395781309901,555.0339965820312,11983797,562.4377471923829,552.275146484375,535.5489022827148,558.8765564829139,47.703269415880705,1.0317137038615556,2.344144159186581,-1.3124304553250252,572.9777859021945,562.4377471923829,551.8977084825713,0.03747984114660198,9.526541382062378,0.017163888051413088,12.293513676025444,20.451324355372364,19.502709413856113,1051021712.0,15040185.0,576.2011950737599,550.7721076337612,588.9866825360349,463.9075840617413
2023-10-13,547.173196531182,550.5353050008061,544.3793105785601,545.6578979492188,19064577,561.4764617919922,551.5989343261718,535.5207806396485,557.617636622562,41.84318823898922,-0.12908294593194114,1.8494987381628765,-1.9785816840948176,574.2244953903809,561.4764617919922,548.7284281936035,0.04540896890923065,9.607123140734435,0.017606495162704516,12.440244979099225,18.831228544545414,25.14012998126899,1031957135.0,14834721.85,576.2011950737599,544.3793105785601,588.9866825360349,463.9075840617413
2023-10-16,545.5159017966484,548.1203613972401,541.2540588138621,545.1844482421875,11290293,560.4512542724609,551.1670690917969,535.5804074096679,556.4335234434787,41.56552071933461,-1.0748360476594598,1.2646317809984093,-2.3394678286578694,574.8681083169977,560.4512542724609,546.0344002279242,0.05144730762803529,9.411350243780404,0.017262690221859733,12.905916782494597,17.84988375603901,26.20195907523537,1020666842.0,14819092.1,576.2011950737599,541.2540588138621,588.9866825360349,463.9075840617413
2023-10-17,547.1258616987968,549.2567828738186,544.8528559901324,545.9420166015625,10765224,559.3928955078125,550.9009399414062,535.5365200805664,555.4343323156772,42.226159719068065,-1.743129052565223,0.663079614285683,-2.406208666850906,574.7748055428141,559.3928955078125,544.0109854728108,0.054995013910707775,9.053677146630815,0.01658358739814367,13.162861647256124,18.126271571781672,25.29158302338511,1031432066.0,14724661.2,576.2011950737599,541.2540588138621,588.9866825360349,463.9075840617413
2023-10-18,547.173266107088,548.593880385168,539.2178030278637,542.3432006835938,11777454,557.9107208251953,550.8886303710938,535.4523416137695,554.1875578745264,39.91739483659911,-2.533940750120678,0.02367554140441086,-2.557616291525089,573.8554207001022,557.9107208251953,541.9660209502885,0.057158607209853766,9.076705733107486,0.016736092056960975,13.993797827885187,16.788834451705476,27.859927175890377,1019654612.0,14675102.95,574.6858214384503,539.2178030278637,588.9866825360349,463.9075840617413
2023-10-19,539.6439799329851,543.6217113329951,536.9921782679586,540.9699096679688,11441499,556.4948425292969,550.9511364746094,535.3652450561524,552.9287342358067,39.04019660514459,-3.234196027228336,-0.6278987723221385,-2.606297254906197,573.1599772560675,556.4948425292969,539.8297078025263,0.059893222553606136,8.901907685388132,0.01645545810644414,14.983109465091859,15.895750334596988,28.163747828132554,1008213113.0,14298722.9,574.4963977678915,536.9921782679586,588.9866825360349,463.9075840617413
2023-10-20,539.7387483748817,539.8334328727063,532.3515077863527,533.298583984375,11110988,555.308627319336,550.7617224121094,535.1898565673828,551.0591961166227,34.48174527358559,-4.3579297486992346,-1.3739049675975576,-2.984024781101677,574.7933855938953,555.308627319336,535.8238690447766,0.07017632111576912,8.881657270832982,0.01665419248721126,16.331715262511786,14.793993562860265,29.943825449554172,997102125.0,13805067.85,572.8863607525196,532.3515077863527,588.9866825360349,463.9075840617413
2023-10-23,533.2985796647226,536.0451237387181,521.8389808834517,523.685791015625,11875035,553.1682373046875,550.3677392578124,534.9575787353516,548.4522051546229,29.78808397392693,-5.955517377003275,-2.290227449478701,-3.665289927524574,576.3266223660175,553.1682373046875,530.0098522433575,0.0837299884540344,9.261977669721084,0.017686135137939495,18.382825572814195,13.173192033915672,34.77052083516155,985227090.0,13187946.0,572.8863607525196,521.8389808834517,588.9866825360349,463.9075840617413
2023-10-25,529.0366808435873,531.1202598029354,524.3013003927678,526.7637329101562,12134624,551.3758972167968,550.0372094726563,534.7476583862305,546.3866363694356,32.93589153888378,-6.893785625518149,-3.210939084686591,-3.682846540831558,576.7741066271277,551.3758972167968,525.977687806466,0.09212665819646626,9.131441320977462,0.017334984833769683,20.28742800380929,12.40711296425738,32.74846208247994,997361714.0,12842490.8,572.8863607525196,521.8389808834517,588.9866825360349,463.9075840617413
2023-10-26,522.2651596499072,523.6384316419934,514.4517813350399,518.0506591796875,19424825,549.1313262939453,549.5229455566406,534.4932434082032,543.6879718751738,28.975613756069066,-8.245394429770613,-4.217830153703396,-4.027564276067217,577.7717808798092,549.1313262939453,520.4908717080815,0.10431185843705752,9.358620624844528,0.018065068461959936,22.66527632446113,11.241222481900461,37.18863433324155,977936889.0,12963582.8,572.8863607525196,514.4517813350399,588.9866825360349,463.9075840617413
2023-10-27,520.8918604785226,532.7303118530344,520.8918604785226,531.4517822265625,10415296,547.7770080566406,549.5295764160156,534.3392788696289,542.522620480068,40.771746276265624,-8.141347131018051,-5.002533549166327,-3.138813581851724,577.0644546500731,547.7770080566406,518.4895614632081,0.10693200394567909,9.7386943425947,0.018324699753181014,23.406842580069767,16.6993520632167,33.18460510272005,988352185.0,13518452.7,572.8863607525196,514.4517813350399,588.9866825360349,463.9075840617413
2023-10-30,533.2038356037756,536.7080286776119,527.047841054176,535.2874145507812,8593704,546.6049987792969,549.5267346191406,534.2049575805664,541.8335532487074,43.65616948205992,-7.661073339681366,-5.534241507269335,-2.126831832412031,575.9218028506313,546.6049987792969,517.2881947079626,0.10726870093323679,9.733086719797639,0.018182917167902678,23.532347053644422,18.434617225855202,30.832029510892596,996945889.0,13545950.15,572.8863607525196,514.4517813350399,588.9866825360349,463.9075840617413
2023-10-31,536.9921072492025,539.3597973164387,533.3458876676318,535.6188354492188,13039696,545.0423217773438,549.4017175292969,534.0929638671874,541.2416753630418,43.9103489082492,-7.171046641298062,-5.861602534075081,-1.3094441072229817,573.1793615739805,545.0423217773438,516.9052819807071,0.10324717429238835,9.467431214726874,0.01767568761241681,23.2840931770067,19.598854749938333,29.43309038125663,1009985585.0,12877594.55,572.8863607525196,514.4517813350399,588.9866825360349,463.9075840617413
2023-11-01,536.2818656519717,539.5019476582157,534.0088597881594,536.4239501953125,13575575,543.3115417480469,549.2776501464843,533.9522473144531,540.7828443946867,44.56459900182638,-6.641175582861479,-6.017517143832361,-0.6236584390291178,568.9902234324157,543.3115417480469,517.6328600636781,0.09452654586262021,9.183549547250408,0.017119946907491114,23.0334191623415,18.872064520802386,28.175573565690318,1023561160.0,12920092.6,568.6719439730779,514.4517813350399,588.9866825360349,463.9075840617413
2023-11-02,540.8751285057469,544.9949441545303,537.5603622114079,541.8222045898438,11148516,542.6414794921875,549.2852258300782,533.8968182373047,540.8818310799397,48.87094636623407,-5.719721547396034,-5.957958024545096,0.23823647714906215,567.7345796220982,542.6414794921875,517.5483793622768,0.09248500558192935,9.139795576676653,0.016868624982978364,22.038513269076432,21.900791987363615,26.288280098010823,1034709676.0,12832761.55,567.2512571455039,514.4517813350399,588.9866825360349,463.9075840617413
2023-11-03,545.5158262786344,548.830592584147,543.1007938170342,547.5520629882812,11371371,541.9785247802735,549.4680114746094,533.8628387451172,541.5170912616866,53.0407732763657,-4.475519891843874,-5.661470398004853,1.185950506160979,565.7840066403354,541.9785247802735,518.1730429202115,0.08784658716768551,8.987552177935694,0.01641405956702248,20.625382927835474,23.729317793919268,24.824044874335236,1046081047.0,12144456.75,567.2512571455039,514.4517813350399,588.9866825360349,463.9075840617413
2023-11-06,551.1983420030499,551.6718800975543,542.911425349224,543.9531860351562,16499138,541.0361846923828,549.4197094726562,533.8192260742187,541.7491002877314,50.267786324816726,-3.7368048486622456,-5.276537288136332,1.5397324394740863,562.8815993197421,541.0361846923828,519.1907700650235,0.0807539874242607,8.971330932963879,0.016492836448583743,19.339462850586344,24.336403514040306,23.092577608400433,1029581909.0,12050623.9,565.404388970993,514.4517813350399,588.9866825360349,463.9075840617413
2023-11-07,544.3793444383654,550.4406547530965,542.2957654048678,549.0673828125,17923281,540.7828430175781,549.4727465820313,533.7770300292968,542.4460795758046,53.95199261952209,-2.707484717507782,-4.7627267740106225,2.0552420565028404,562.126548282352,540.7828430175781,519.4391377528042,0.07893632551534237,8.912299391197083,0.016231704286540232,18.064707048874862,22.747769769536234,22.078565644254184,1047505190.0,12464741.8,565.404388970993,514.4517813350399,588.9866825360349,463.9075840617413
2023-11-08,551.1036132997641,551.766520334941,548.3570694499737,549.5882568359375,15434808,540.2453735351562,549.6687902832032,533.723967590332,543.1262869339125,54.32313655764085,-1.828631590460077,-4.175907737300514,2.3472761468404366,560.0803743022067,540.2453735351562,520.4103727681057,0.0734295997289451,8.519238783609243,0.01550112957772385,17.056161140985694,23.20915534475708,21.447424537077868,1062939998.0,12901426.0,565.404388970993,514.4517813350399,588.9866825360349,463.9075840617413
2023-11-09,550.2512299373365,551.0562215235307,545.9893873646721,547.741455078125,12434363,539.7718383789063,549.7729675292969,533.7083538818359,543.5658267571708,52.70123465636328,-1.2665555588896495,-3.594037301618341,2.3274817427286916,558.3781331351977,539.7718383789063,521.1655436226149,0.06894133199750313,8.27263845326991,0.015103181211818216,15.895277500503251,22.193786239177918,22.55346020937051,1050505635.0,13154491.0,561.6161877464566,514.4517813350399,588.9866825360349,463.9075840617413
2023-11-10,547.2206472858747,550.251302855708,544.9476989622101,548.8306884765625,6773038,539.4616729736329,549.8610461425782,533.7051544189453,544.0672421590176,53.58150516606207,-0.7248585045487062,-3.0202015422044144,2.2953430376557082,557.2277995255405,539.4616729736329,521.6955464217252,0.06586613078173575,8.060564556143337,0.014686796357029075,14.967438277664359,21.15072697834511,22.416587670192847,1057278673.0,13065203.2,551.766520334941,514.4517813350399,588.9866825360349,463.9075840617413
2023-11-13,550.2512491026093,551.6718633429775,544.758218934174,550.5827026367188,11282362,539.7079132080078,550.1252795410156,533.718147277832,544.687762204513,55.03120776574133,-0.15242967136828156,-2.446647168037188,2.2942174966689066,557.9411119128465,539.7079132080078,521.474714503169,0.06756691261560777,7.978641688476207,0.014491268342188755,13.912613909058328,21.113372279638885,21.029130631212627,1068561035.0,12804665.25,551.766520334941,514.4517813350399,588.9866825360349,463.9075840617413
2023-11-15,556.1704647315032,556.8807718384401,551.7665375465191,553.7554321289062,11397676,540.1364624023438,550.5675646972657,533.7360876464844,545.55134981636,57.61288440557272,0.5508867776098896,-1.8471403789077727,2.3980271565176623,559.2462239846543,540.1364624023438,521.0267008200333,0.07075901336975761,7.858600796565144,0.014191464933089405,13.69217009593264,24.639239578132816,19.825327458867246,1079958711.0,12415554.5,556.8807718384401,514.4517813350399,588.9866825360349,463.9075840617413
2023-11-16,553.7554721323736,556.8808120676829,552.0507465135635,553.7081298828125,8622660,540.5247680664063,550.8535827636719,533.7154693603516,546.328186013165,57.55982730603181,1.091866872960054,-1.2593389285342074,2.3512058014942614,560.3912474300442,540.5247680664063,520.6582887027683,0.07350811854452245,7.642276850676163,0.013801995019097128,13.487477910341726,23.52695774897363,18.93032837184087,1071336051.0,12420923.65,556.8808120676829,514.4517813350399,588.9866825360349,463.9075840617413
2023-11-17,544.0952543037619,544.0952543037619,532.3514867895021,533.251220703125,37173221,540.0701690673828,550.6168139648438,533.6209017944336,545.0827607455421,40.28231406771045,-0.12862144129007902,-1.0331954310853817,0.9045739897953027,560.1641960435448,540.0701690673828,519.9761420912208,0.0744126527516277,8.62187443943575,0.016168503895907207,14.270834744136197,19.364316026741214,31.900972456317618,1034162830.0,12313795.45,556.8808120676829,514.4517813350399,588.9866825360349,463.9075840617413
2023-11-20,534.1509536100332,536.8027552939175,530.9308715478544,533.9141845703125,12714585,539.7173828125,550.4416052246094,533.648796081543,544.0190868240917,40.90143179137298,-1.0304927016102283,-1.0326548851903512,0.0021621835801228784,559.9828561587643,539.7173828125,519.4519094662356,0.07509661164018744,8.425446532766273,0.015780525740380857,15.128428854713604,18.400356837424017,31.517293957506396,1046877415.0,13583583.8,556.8808120676829,514.4517813350399,588.9866825360349,463.9075840617413
2023-11-21,536.045106882722,536.6607295090693,531.3097260798711,531.7832641601562,14280013,539.6416168212891,550.2711303710937,533.799582824707,542.8537703799074,39.48446844702634,-1.8953314402596106,-1.205190196204203,-0.6901412440554076,560.0135656746796,539.6416168212891,519.2696679678985,0.07550177087300908,8.205843453939979,0.015430804252366691,15.92476624310691,17.543298840642375,30.049270860896705,1032597402.0,13647238.1,556.8808120676829,514.4517813350399,588.9866825360349,463.9075840617413
2023-11-22,533.1565296940364,534.6244861641455,525.7693472920832,529.3682250976562,14909071,539.9257385253907,549.8904064941406,533.9464231872558,541.5694327339786,37.88268970686176,-2.743965118657229,-1.5129451806948084,-1.2310199379624207,559.5442053255128,539.9257385253907,520.3072717252685,0.07267098195282497,8.252221698091573,0.01558881192117118,17.182337626233604,16.198653611485447,32.54165085984832,1017688331.0,13805689.35,556.8808120676829,514.4517813350399,588.9866825360349,463.9075840617413
2023-11-23,532.0200331450485,533.6774164258742,528.7526088304325,530.3153076171875,6376210,540.1033172607422,549.4452807617188,534.0269288635254,540.4976112942842,38.928997885910206,-3.302028054662401,-1.870761755488327,-1.4312662991740739,559.3018198284864,540.1033172607422,520.904814692998,0.071091963164062,8.014549262188012,0.015112800153174875,18.350082481994104,15.487667612932734,31.113343379111875,1024064541.0,13957391.15,556.8808120676829,514.4517813350399,588.9866825360349,463.9075840617413
2023-11-24,532.2094483034675,532.6829863733514,529.6523311651066,530.694091796875,6529851,540.7354888916016,548.8514624023437,534.2307983398438,539.5639427707214,39.36887493148478,-3.671410499538524,-2.2308915042983664,-1.4405189952401578,557.6891520957066,540.7354888916016,523.7818256874965,0.06270593867939624,7.658556829763493,0.014431208012571643,19.434416990914567,15.049896021924475,30.233899283779763,1030594392.0,13669470.45,556.8808120676829,520.8918604785226,588.9866825360349,463.9075840617413
2023-11-28,533.7720990209981,535.2874555553268,531.4044086282419,534.5771484375,8153314,540.8917572021485,548.3987622070313,534.4505995178223,539.0890099770813,43.83497820785432,-3.6092137599524676,-2.506555955429187,-1.1026578045232807,557.555388452267,540.8917572021485,524.2281259520299,0.06161540096789024,7.439614467526944,0.013916820966388063,19.92040539089401,16.886754562655955,28.900542006684958,1038747706.0,13024721.75,556.8808120676829,525.7693472920832,588.9866825360349,463.9075840617413
2023-11-29,537.9392847228976,538.8863609283957,535.1927406049756,538.5075073242188,10299034,541.0527618408203,547.871240234375,534.6152658081055,539.0336287720468,48.0094427198155,-3.2058205768923926,-2.6464088797218284,-0.5594116971705643,557.5581583719711,541.0527618408203,524.5473653096694,0.06101215147666795,7.216014326338996,0.013400025493041931,19.693944683448414,19.728864888680434,27.66778217381585,1049046740.0,12911622.65,556.8808120676829,525.7693472920832,588.9866825360349,463.9075840617413
2023-11-30,539.5966479405728,540.0228437781268,533.8195064246602,534.8612670898438,19758998,541.0148834228515,547.2546936035156,534.7561265563965,538.6362609927894,44.69086952937874,-3.1441063857625977,-2.745948380929982,-0.39815800483261565,557.5733793025123,541.0148834228515,524.4563875431908,0.06121271849269559,7.143680256848112,0.013356136808553286,19.661816459480562,18.505157858678775,27.32473001961106,1029287742.0,12996889.15,556.8808120676829,525.7693472920832,588.9866825360349,463.9075840617413
2023-12-01,536.992172021036,543.8111317981642,536.5659761965393,541.4907836914062,10614230,541.2682250976562,546.7423254394531,534.9222383117676,538.9081202974196,51.28434705613471,-2.5310742121230305,-2.702973547168592,0.17189933504556132,557.6925065252606,541.2682250976562,524.8439436700519,0.06068814190835257,7.272693431953278,0.013430872049888777,18.935826697032176,20.599195790305625,24.922862588523515,1039901972.0,13332854.25,556.8808120676829,525.7693472920832,588.9866825360349,463.9075840617413
2023-12-04,556.880774541967,564.4573837194087,553.6133502732071,563.2261962890625,26077882,542.3384246826172,546.5671154785156,535.1847175598144,541.224127534719,65.71515389057132,-0.2880551313999149,-2.2199898640148565,1.9319347326149416,561.3527569853703,542.3384246826172,523.324092379864,0.07011980504195528,8.3936867602425,0.014902869958013529,19.440446110510365,34.14280768211484,20.0519107395468,1065979854.0,13184787.0,564.4573837194087,525.7693472920832,588.9866825360349,463.9075840617413
2023-12-05,563.5576052803208,578.9475914557199,563.5576052803208,576.0590209960938,36430152,543.7637725830078,546.7025463867187,535.5064836120605,544.5417364358022,71.14915454718587,2.4962797960112084,-1.2767359320096436,3.773015728020852,567.7512210642817,543.7637725830078,519.776324101734,0.08822746085980594,8.917094503557852,0.015479480710394636,20.949281596366994,41.450186316308766,17.526712709938955,1102410006.0,13931255.3,578.9475914557199,525.7693472920832,588.9866825360349,463.9075840617413
2023-12-06,581.5047350018984,581.5047350018984,572.554854148129,576.2484741210938,21439069,545.3785369873046,547.0870581054687,535.8187455749512,547.5614257391634,71.22167278181507,4.664404221521181,-0.08850790130347863,4.75291212282466,573.2355256908377,545.3785369873046,517.5215482837716,0.10215652730822992,8.91943638571582,0.01547845553833341,22.50340937036687,40.5271629539787,16.270531555749432,1123849075.0,15184194.35,581.5047350018984,525.7693472920832,588.9866825360349,463.9075840617413
2023-12-07,577.7164360777733,580.1314686348155,572.981055454185,579.3264770507812,10725706,546.8914916992187,547.3437158203125,536.2186288452149,550.5866687212222,72.433985330768,6.555460296052274,1.240285738167672,5.315174557884602,578.4291945641046,546.8914916992187,515.3537888343328,0.1153344067098089,8.793077585352583,0.015178104115172038,23.946528017652472,38.17315243225378,15.325461640054003,1134574781.0,15431190.9,581.5047350018984,525.7693472920832,588.9866825360349,463.9075840617413
2023-12-08,577.7164613742833,584.1565677433689,573.3125340795355,581.6468505859375,17722136,548.4944213867187,547.7244421386719,536.6145532226562,553.5447812797664,73.34555985064685,8.147451858149793,2.6217189621640964,5.525732895985697,583.4870156530769,548.4944213867187,513.5018271203605,0.12759507809719908,8.939574448101215,0.015369419501018007,25.539286647839052,38.0817367738632,13.997579464459003,1152296917.0,15071312.15,584.1565677433689,525.7693472920832,588.9866825360349,463.9075840617413
2023-12-11,582.4518843244429,587.0925809963234,580.6524163565841,581.7415771484375,11706255,550.1944274902344,548.1004321289063,537.004447479248,556.230190410116,73.3842548978339,9.309446775227343,3.9592645247767457,5.350182250450597,588.0610731309355,550.1944274902344,512.3277818495333,0.13764823396497675,8.76104517607536,0.015060029264230992,27.19592039098314,38.47592221743647,13.262615651864055,1164003172.0,15185678.55,587.0925809963234,525.7693472920832,588.9866825360349,463.9075840617413
2023-12-12,584.34602945594,585.2457634285711,578.474145313708,579.989501953125,14494836,551.7523681640625,548.5294592285156,537.3955690002441,558.4929819856408,71.32184939597926,9.973984409491322,5.162208501719661,4.811775907771661,591.7692579874374,551.7523681640625,511.73547834068773,0.14505380359863138,8.618943243131621,0.014860515947456248,28.355509496358305,36.316689562076846,14.323548962842384,1149508336.0,15149273.15,587.0925809963234,525.7693472920832,588.9866825360349,463.9075840617413
2023-12-13,581.9309286579414,587.6607275753272,579.2791271049712,587.0451049804688,13977914,553.57548828125,549.0958093261719,537.8642388916015,561.212231794672,74.43744773041992,10.943810040688618,6.318528809513452,4.625281231175165,596.4345390663362,553.57548828125,510.7164374961638,0.15484446725831624,8.601990187933366,0.014653031112864074,29.597228555550757,35.79442198823185,13.326651217576277,1163486250.0,15535363.05,587.6607275753272,525.7693472920832,588.9866825360349,463.9075840617413
2023-12-14,592.8697099849069,594.5270933594653,589.4602587363645,590.6441040039062,15813797,555.419921875,549.5712438964844,538.378077545166,564.0152672431705,75.87708281491629,11.866028790183691,7.4280288056475,4.437999984536191,601.2249485798576,555.419921875,509.61489517014235,0.16493836429283237,8.521990058723594,0.014428299547822513,31.180897655736707,39.30486234127248,12.490915425703365,1179300047.0,15670140.65,594.5270933594653,525.7693472920832,594.5270933594653,463.9075840617413
2023-12-15,594.7638458710953,615.5995220003375,587.0451518194214,613.942138671875,29813572,558.4316223144531,550.4292956542969,539.0163032531739,568.7702073792376,82.67801122443068,14.31187212822806,8.804797470163614,5.507074658064447,610.8358496122953,558.4316223144531,506.0273950166109,0.18768359528298115,9.952874353165914,0.016211420793980205,33.576777792533434,46.373296185004165,9.931208190041515,1209113619.0,15890946.7,615.5995220003375,525.7693472920832,615.5995220003375,463.9075840617413
2023-12-18,612.426765395686,620.9504500480689,608.4016920876163,614.1788330078125,16221796,562.4780029296875,551.6084033203125,539.688692779541,573.0948383914828,82.73127744107775,16.083914495337808,10.260620875198454,5.823293620139355,618.8291345004639,562.4780029296875,506.12687135891116,0.2003674144669459,10.138294610829247,0.016507072640681977,35.97393783179808,46.043327580966164,9.053177116377949,1225335415.0,16950492.3,620.9504500480689,525.7693472920832,620.9504500480689,463.9075840617413
2023-12-19,614.178896420345,624.6914187883696,606.3655180156144,620.7137451171875,19964008,566.8179809570313,552.806455078125,540.3721569824219,577.6299723653594,84.17789865387925,17.810277834472572,11.770552267053278,6.0397255674192944,626.9446005357834,566.8179809570313,506.6913613782792,0.21215494779199703,10.723123622395384,0.017275473125491873,38.314876523808806,42.91465114697563,7.9480378774024425,1245299423.0,15902921.05,624.6914187883696,525.7693472920832,624.6914187883696,463.9075840617413
2023-12-20,623.8391081716461,625.4491492821084,600.3989720837247,602.7666625976562,22542056,570.3671508789063,553.6057885742188,540.9656533813477,580.0239428636735,67.46314462483019,17.52819947657315,12.922081708957252,4.606117767615897,630.1818582639881,570.3671508789063,510.5524434938244,0.20974106693525565,11.746484592108828,0.0194876148947699,39.55303273438985,36.377621723352256,10.365507868184935,1222757367.0,16265392.2,625.4491492821084,525.7693472920832,625.4491492821084,463.9075840617413
2023-12-21,598.6941772244857,614.6050440767264,594.2902502559922,609.6802368164062,19915516,574.3827514648438,554.716708984375,541.5628274536133,582.8483518115528,69.93938723288437,17.658956547218054,13.869456676609413,3.7894998706086405,633.4269754790724,574.3827514648438,515.3385274506151,0.2055919118867991,12.358506679867782,0.020270472837369196,39.8262788653709,32.1063943693548,12.679119732888703,1242672883.0,16678494.35,625.4491492821084,528.7526088304325,625.4491492821084,463.9075840617413
2023-12-22,610.6273291849556,615.0312562708087,601.5354215427969,603.0507202148438,14998068,578.0195220947265,555.5709704589843,542.1496153259277,584.7723868975804,64.84319352474296,17.03130954834262,14.501827250956056,2.529482297386563,634.6701933350732,578.0195220947265,521.3688508543798,0.19601646337150086,12.439744397592355,0.02062802344910649,40.10382334307213,29.863115774174037,11.696581719803701,1227674815.0,16928816.6,625.4491492821084,529.6523311651066,625.4491492821084,463.9075840617413
2023-12-26,605.0395707400135,607.3599188509928,602.0089733268344,604.2819213867188,10153089,581.6989135742188,556.5123657226562,542.6779919433594,586.6304378013078,65.34818257680368,16.443689804548853,14.890199761674616,1.5534900428742375,635.0388640624172,581.6989135742188,528.3589630860203,0.18339367409319693,11.933401620918502,0.01974806989680162,40.36154321522327,28.90664136510787,11.321956340016024,1237827904.0,17359909.5,625.4491492821084,531.4044086282419,625.4491492821084,463.9075840617413
2023-12-27,606.8390745327218,615.0786490253292,605.1816911844077,614.2262573242188,14417646,585.6813690185547,557.6962109375,543.2697937011719,589.258611089204,69.19676131268788,16.589191848675682,15.22999817907483,1.3591936696008524,636.1712093924865,585.6813690185547,535.191528644623,0.17241402252060445,11.852210622182216,0.019296164045175358,41.043390742595456,31.67752821436956,10.585263879150107,1252245550.0,17541071.4,625.4491492821084,533.8195064246602,625.4491492821084,463.9075840617413
2023-12-28,615.8363152935132,618.7248862187143,612.2847794498366,616.9254760742188,16982092,589.6022674560547,559.1215625,543.7475827026367,591.8935506115863,70.16535624664304,16.72946085078445,15.529890713416755,1.1995701373676937,636.9086560570277,589.6022674560547,542.2958788550818,0.1604688150372449,11.465631775517611,0.01858511638792859,41.86626133256413,32.67814004662311,10.160577110321828,1269227642.0,17854288.0,625.4491492821084,533.8195064246602,625.4491492821084,463.9075840617413
2023-12-29,611.3376144926107,615.220603329458,605.7025002108935,608.0701904296875,13221898,593.2627136230469,560.37927734375,544.1787725830078,593.4341829752151,63.1497293887294,15.942304537764244,15.612373478286255,0.32993105947798895,633.9222309526192,593.2627136230469,552.6031962934746,0.13707086724282802,11.448299210361014,0.018827265981039416,41.611970264799126,30.389927559069264,13.555941174127176,1256005744.0,18188440.9,625.4491492821084,536.5659761965393,625.4491492821084,463.9075840617413
2024-01-01,608.212275921118,612.6635451004371,604.2345447863022,607.4072265625,8295548,596.5585357666016,561.6085815429688,544.5922482299804,594.764949031147,62.64471915168424,15.091021938012432,15.508103170231491,-0.41708123221905957,629.9305821311199,596.5585357666016,563.1864894020833,0.11188188371702319,11.23263500348772,0.018492758255539,41.15898042184838,28.761021449693732,13.762816116356527,1247710196.0,17861585.9,625.4491492821084,553.6133502732071,625.4491492821084,463.9075840617413
2024-01-02,607.4073203201524,613.7054004061756,600.3042485561921,605.60791015625,15164482,598.677621459961,562.8738757324219,545.0241326904297,595.7976119954426,61.213911727465856,14.108549966334976,15.22819252945219,-1.119642563117214,628.5088240205682,598.677621459961,568.8464188993537,0.09965698229327369,11.387529063951707,0.018803468173019183,40.16318792722126,26.343396660057497,15.071215062386978,1232545714.0,17745651.8,625.4491492821084,563.5576052803208,625.4491492821084,463.9075840617413
2024-01-03,605.5131321806922,613.7053642545236,602.1510233047925,609.3961791992188,14571772,600.3444793701171,564.2424011230469,545.52861038208,597.0927136338975,63.12360298076386,13.480223872678152,14.878598798097384,-1.3983749254192315,628.6189247873936,600.3444793701171,572.0700339528407,0.09419407153353697,11.399444198650237,0.018706130080483527,39.238523467924644,24.436157139803687,13.980071905862598,1247117486.0,17199981.8,625.4491492821084,572.554854148129,625.4491492821084,463.9075840617413
2024-01-04,608.4964462867835,612.1900665146259,604.8502261119448,608.7332153320312,13883388,601.968716430664,565.75109375,546.1103659057617,598.2013328432436,62.54323791051922,12.781438802799016,14.45916679903771,-1.6777279962386942,628.1763940071812,601.968716430664,575.7610388541468,0.08707322111990799,11.109472498938151,0.018250150015025106,38.37990647000636,23.282974616137267,13.320329274924104,1233234098.0,16107062.8,625.4491492821084,572.981055454185,625.4491492821084,463.9075840617413
2024-01-05,610.8640954983638,617.2568592884629,603.9977936497388,607.9755249023438,15984585,603.4011688232422,567.4368884277344,546.7097003173828,599.1322082774436,61.84341273786406,12.027857659040592,13.972904971038286,-1.945047311997694,627.5531218147205,603.4011688232422,579.2492158317639,0.08005272193482701,11.26301486606572,0.018525441246791712,38.037317200805965,24.538466856116287,12.200259215747119,1217249513.0,15729278.75,625.4491492821084,573.3125340795355,625.4491492821084,463.9075840617413
2024-01-08,606.1287006578947,610.8640811317845,591.9699014799768,593.8167114257812,14739531,604.0096618652344,568.7779479980469,547.2747050476074,598.6259704820473,50.47702020105673,10.170897480939402,13.21250347301851,-3.0416059920791074,626.4942803965935,604.0096618652344,581.5250433338754,0.07445118828703695,11.80809806504729,0.01988508884617865,35.97556974188596,21.733889144124745,18.081666814155305,1202509982.0,15992222.7,625.4491492821084,578.474145313708,625.4491492821084,463.9075840617413
2024-01-09,598.5521321607245,600.777738011181,591.4490609721083,592.3014526367188,13400235,604.5376556396484,570.2629638671875,547.7998497009278,598.0236354491589,49.429977838829615,8.479231141921446,12.265849006799098,-3.786617864877652,625.338758352589,604.5376556396484,583.7365529267078,0.0688165659124457,11.630996563191959,0.01963695431003053,33.995198363453405,20.488765321470574,17.365636908223316,1189109747.0,15843092.45,625.4491492821084,578.474145313708,625.4491492821084,463.9075840617413
2024-01-10,591.73317522907,592.2067133106882,585.4824956736869,588.8446044921875,12742464,604.9804107666016,571.4108203125,548.2830912780762,597.1494420246854,47.03306627669257,6.78146215091158,11.168971635621595,-4.387509484710016,623.9707700745364,604.9804107666016,585.9900514586668,0.06278008004877758,11.287279448894807,0.01916851978057746,31.70759300369718,19.604634716208643,20.39205895447871,1176367283.0,15927791.45,625.4491492821084,579.2791271049712,625.4491492821084,463.9075840617413
2024-01-11,592.8696781345247,593.9588388441286,585.7666069108683,587.3766479492188,15533860,604.9969879150391,572.4526049804688,548.8082310485839,596.2186997317839,46.01269816897825,5.256917694118215,9.98656084732092,-4.729643153202705,623.9251706533471,604.9969879150391,586.0688051767311,0.06257281644835604,11.06620462634949,0.018840048655298623,29.51328236853631,19.698916871881288,19.31376645303934,1160833423.0,15840172.85,625.4491492821084,585.4824956736869,625.4491492821084,463.9075840617413
2024-01-12,590.7861088551372,602.8139878885283,588.2289916110394,600.0674438476562,16620797,605.4681549072266,573.7415771484375,549.3845152282715,596.5852467904384,55.084788674061684,5.0149373202195875,8.992236141900653,-3.9772988216810656,623.3859431096203,605.4681549072266,587.5503667048329,0.05918655855695388,11.378428577275212,0.018961916187814284,28.439505300056865,23.34878082468537,17.442097140864668,1177454220.0,15917970.15,625.4491492821084,585.4824956736869,625.4491492821084,463.9075840617413
2024-01-15,605.0869435954805,611.337622735401,602.4350842707261,606.223388671875,16844018,605.0822174072266,575.1375659179688,549.9929727172852,597.503165064861,58.709369649568025,5.259273795932131,8.245643672706949,-2.986369876774818,622.5808955998605,605.0822174072266,587.5835392145927,0.05783900993691596,11.37069645659447,0.018756611290609546,28.198540208390675,27.05014065803013,16.2072465649293,1194298238.0,15958320.15,625.4491492821084,585.4824956736869,625.4491492821084,463.9075840617413
2024-01-16,606.1286616061186,610.769357293514,599.9253251459803,603.1927490234375,15025543,604.5329132080078,576.3649768066406,550.627154083252,598.0450302037731,56.300566079573166,5.149010335763933,7.626317005318346,-2.4773066695544133,621.5376517580104,604.5329132080078,587.5281746580052,0.056257444974386624,11.333077577375839,0.018788484436730993,27.637396722557988,25.201364095490227,16.68135816554447,1179272695.0,15309842.45,625.4491492821084,585.4824956736869,625.4491492821084,463.9075840617413
2024-01-17,590.9755375773763,603.0981011461799,590.0284613953612,592.8696899414062,30016308,603.1407104492188,577.2713293457032,551.2440939331054,597.5521406549763,48.9354978361902,4.180451511871638,6.937143906629005,-2.7566923947573665,619.1485369789607,603.1407104492188,587.1328839194769,0.05308156538735149,11.463878295283015,0.0193362529570638,25.92821737142573,23.134262562511164,21.47958587016609,1149256387.0,15250029.8,625.4491492821084,585.4824956736869,625.4491492821084,463.9075840617413
2024-01-18,592.6802223057629,599.9253777209321,586.2874585176507,595.0479125976562,14695436,602.7547729492187,578.2932238769531,551.8496284484863,597.3136427447554,50.409641476756065,3.5477300069062494,6.2592611266844544,-2.711531119778205,619.1476193233199,602.7547729492187,586.3619265751175,0.05439308690628069,11.619166931568614,0.01952643927586543,24.205882453027826,21.194713604230245,21.97853626598184,1163951823.0,15752644.8,618.7248862187143,585.4824956736869,625.4491492821084,463.9075840617413
2024-01-19,599.499188239714,601.8668785566165,591.6384679485856,594.5270385742188,11675202,601.9971130371093,579.2024169921875,552.4620809936523,597.0482518713709,50.037650230895515,2.9700268543440416,5.601414272216372,-2.6313874178723307,618.440224990422,601.9971130371093,585.5540010837966,0.054628540892351786,11.519827194173065,0.01937645632030404,22.557466776461677,21.05434598590159,20.584632088534807,1152276621.0,15360313.8,618.7248862187143,585.4824956736869,625.4491492821084,463.9075840617413
2024-01-23,593.8166718075666,601.2985955791091,568.8612414971168,573.07568359375,30954343,600.4983612060547,579.6721655273437,552.9282579040528,594.7651501306451,37.69925681812862,0.7723447636742549,4.635600370507949,-3.863255606833694,621.197605180105,600.4983612060547,579.7991172320044,0.06894021802982936,13.013936257588727,0.022708931176382334,22.79822218231452,17.30590682810905,29.421376755263566,1121322278.0,14948298.1,618.7248862187143,568.8612414971168,625.4491492821084,463.9075840617413
2024-01-24,577.6691462358584,589.4128565647261,571.1816395100639,585.5772094726562,19221835,599.5631256103516,580.4288806152343,553.4232653808593,593.8901081632176,46.04868476198892,0.038985135812367844,3.716277323568833,-3.677292187756465,621.1646331249083,599.5631256103516,577.9616180957948,0.07205749183646513,13.386599171665406,0.02286051942445089,23.02178077346359,15.62241222885109,26.55930605523126,1140544113.0,15746111.85,618.7248862187143,568.8612414971168,625.4491492821084,463.9075840617413
2024-01-25,585.7666108260978,590.7861029633766,574.1649277499139,580.3209228515625,22684904,597.8678588867188,581.0586853027344,553.8780561828613,592.5978048002029,43.41419826447323,-0.9553335638909175,2.781955146076883,-3.7372887099678005,619.9173576772773,597.8678588867188,575.8183600961602,0.07376044208704122,13.617640317508071,0.023465706269203846,23.064191602766527,14.980711945798081,24.243785948331936,1117859209.0,16199549.15,618.7248862187143,568.8612414971168,625.4491492821084,463.9075840617413
2024-01-29,586.240116875537,596.1844161117133,583.0200349532757,589.9810791015625,19572140,596.520639038086,581.8466528320313,554.3985667419433,592.3485928289039,49.16979554440497,-0.9528604389988686,2.034992029061733,-2.9878524680606016,616.983339156484,596.520639038086,576.0579389196879,0.06860684703682678,13.778058384839694,0.023353390257567677,22.466651913175465,16.547306782980556,22.249978505420298,1137431349.0,16612912.05,617.2568592884629,568.8612414971168,625.4491492821084,463.9075840617413
2024-01-30,592.3488295727046,599.9727815339705,591.1649843052737,593.5800170898438,16966577,595.7961303710938,582.64314453125,554.9154721069336,592.4658713299457,51.16280135723242,-0.6529692288188471,1.497399777485617,-2.150369006304464,615.5868723713409,595.7961303710938,576.0053883708467,0.06643461073814068,13.507604388237432,0.022756164290134676,21.48825166600545,17.6763045716967,21.07437000073857,1154397926.0,16742414.45,617.2568592884629,568.8612414971168,625.4491492821084,463.9075840617413
2024-01-31,593.248543869928,609.1594121757427,589.0813855447404,606.602294921875,23270745,595.7558837890625,583.7010278320313,555.5037599182128,593.8121973863199,57.63550883013931,0.6282437028382901,1.3235685625561517,-0.6953248597178616,615.4550745662842,595.7558837890625,576.0566930118408,0.06613175400613092,13.97692026272063,0.023041324406002674,20.251148294713428,20.55736921076989,18.91196964892939,1177668671.0,16929648.4,617.2568592884629,568.8612414971168,625.4491492821084,463.9075840617413
2024-02-01,608.7332050368398,618.3933934805597,599.7359814695897,613.3739013671875,26587707,596.1441833496094,585.3034814453125,556.0989643859863,595.6752168130691,60.56257928033259,2.1650686654112405,1.4918685831271696,0.6732000822840709,616.8835525553294,596.1441833496094,575.4048141438894,0.06957836639180075,14.3112411018813,0.023332002013750634,19.8832319505308,23.251808694746934,17.150874461251806,1204256378.0,17678408.25,618.3933934805597,568.8612414971168,625.4491492821084,463.9075840617413
2024-02-02,617.493672317934,625.5911621347344,612.4741801008781,615.26806640625,27471811,596.437777709961,586.9305590820312,556.7217553710938,597.5412024886101,61.3666683041437,3.4955621444415783,1.8926072953900515,1.6029548490515269,618.0664195140745,596.437777709961,574.8091359058475,0.07252606260843254,14.225936882736656,0.023121526468665346,20.07154071054851,25.334439836989066,16.021309327472586,1231728189.0,18249569.5,625.5911621347344,568.8612414971168,625.5911621347344,463.9075840617413
2024-02-05,612.8529386660016,620.1454364049642,604.9448761274464,608.922607421875,28339525,596.4472473144531,588.4733459472657,557.2907543945313,598.6251458155878,57.161989061074785,3.9919456390088044,2.312474964113802,1.6794706748950023,618.0975689037613,596.4472473144531,574.7969257251449,0.0725976075396117,14.295552839506742,0.02347679765090815,19.46207815397366,23.41027660663387,18.566544023410504,1203388664.0,18894571.45,625.5911621347344,568.8612414971168,625.5911621347344,463.9075840617413
2024-02-06,610.3432732703525,620.334915694985,603.950508871969,615.8363037109375,14079390,596.8402862548828,590.2027075195313,557.8429936218262,600.264303710383,60.34969870957088,4.8868777602159525,2.8273555233342322,2.0595222368817203,619.5718803750981,596.8402862548828,574.1086921346675,0.07617312250436013,14.444756695471696,0.023455513435030953,18.795873987599943,21.51357504688743,17.553991315847437,1217468054.0,19617378.3,625.5911621347344,568.8612414971168,625.5911621347344,463.9075840617413
2024-02-07,620.3822334047071,642.0703008129436,620.3348911572103,639.51318359375,41696232,599.1251098632813,592.3866650390624,558.5050239562988,604.0022922707037,68.88807359641885,7.421098441155777,3.7461041068985415,3.674994334257236,628.4203403295107,599.1251098632813,569.8298793970519,0.09779336563915518,15.286845295938441,0.02390387827508712,19.644360797142358,29.03241799981486,15.402228297226193,1259164286.0,19522118.55,642.0703008129436,568.8612414971168,642.0703008129436,463.9075840617413
2024-02-08,644.3906262816,680.8530575303441,642.591158500595,662.527099609375,74222434,602.6363922119141,595.0233251953125,559.3079040527343,609.5760834458152,74.6110741822062,11.157895996515549,5.228462484821943,5.929433511693606,642.6806691351633,602.6363922119141,562.5921152886649,0.1328969754922063,17.147775913128132,0.02588237662012382,21.943366369203943,40.1878803971399,12.749963572985758,1333386720.0,20869953.6,680.8530575303441,568.8612414971168,680.8530575303441,463.9075840617413
2024-02-09,666.4101818840758,689.8029174512828,657.4603003588977,686.8670043945312,43235061,607.5375122070312,598.0691223144531,560.2115808105468,616.9371235361691,79.00895940258175,15.900075705126028,7.36278512888276,8.537290576243269,661.2811325680584,607.5375122070312,553.793891846004,0.17692280486776893,18.23312171164649,0.02654534516142447,24.32070417943847,38.60208802219266,11.134507934832724,1376621781.0,23911063.55,689.8029174512828,568.8612414971168,689.8029174512828,463.9075840617413
2024-02-12,687.5772971988666,687.5772971988666,667.215159609644,670.4352416992188,22873137,611.6904418945312,600.7076770019531,561.0407629394531,622.0321824088405,70.17180985392686,18.123465339253016,9.514921170956812,8.608544168296204,671.0985407959693,611.6904418945312,552.2823429930932,0.19424236454452007,18.385194274330498,0.027422774238020673,26.528232146084815,35.548306905050495,10.253665684524568,1353748644.0,25435693.4,689.8029174512828,568.8612414971168,689.8029174512828,465.9514072018612
2024-02-13,671.0508318054963,680.0007134812453,664.9895787916939,675.6915283203125,23351472,615.471646118164,603.5242822265625,561.8430401611328,627.1425963051712,71.27849142451528,20.07820697292425,11.6275783313503,8.45062864157395,680.7735694403474,615.471646118164,550.1697227959806,0.2122012402489979,18.144190018274845,0.02685277120963631,28.35715526290013,33.447593428332844,10.523877821986634,1377100116.0,25802657.25,689.8029174512828,568.8612414971168,689.8029174512828,465.9514072018612
2024-02-14,668.209531384723,708.8864614766698,668.209531384723,704.056396484375,36782182,620.3632965087891,606.7755944824219,562.7536972045898,634.467720131762,76.37288876090585,23.643612756290622,14.030785216338366,9.612827539952256,696.0004154500215,620.3632965087891,544.7261775675566,0.2438478206782848,19.75367145210855,0.028056944799800476,30.800235236517874,38.972893166803175,8.97595927248347,1413882298.0,26139191.0,708.8864614766698,568.8612414971168,708.8864614766698,465.9514072018612
2024-02-15,708.1288729039719,723.5662031109259,702.3990735633622,721.387939453125,33941282,626.2730560302734,609.9388293457031,563.7298764038086,642.7458362576061,78.84230888079321,27.55015219368545,16.73465861180778,10.815493581877668,713.2414576916805,626.2730560302734,539.3046543688664,0.2777331734903922,19.854632744641062,0.02752282323945228,33.35367389906939,41.28624273395392,8.292436564573991,1447823580.0,27136099.2,723.5662031109259,568.8612414971168,723.5662031109259,465.9514072018612
2024-02-16,723.0452778952919,733.6051419871368,713.4797743669861,714.7583618164062,27365121,632.3674896240234,612.7128161621093,564.6803396606446,649.604172025111,75.58791554831248,29.768014195624914,19.34132972857121,10.426684467053704,725.950112471564,632.3674896240234,538.7848667764828,0.29597543954443495,19.873970950034604,0.027805160473434877,35.898535054809926,41.9079930747116,7.692627128444097,1420458459.0,28081886.15,733.6051419871368,568.8612414971168,733.6051419871368,465.9514072018612
2024-02-19,718.5466855971592,724.5132537731262,710.3071115422806,719.0675659179688,13979584,638.568472290039,615.5691979980469,565.5894079589843,656.2197333482403,76.27346826112073,31.510172909569746,21.77509836477092,9.735074544798827,737.708419006375,638.568472290039,539.428525573703,0.31050686345600365,19.4691260415211,0.027075516911497215,37.9700124554615,39.72376226097913,8.455680410531611,1434438043.0,27949326.8,733.6051419871368,568.8612414971168,733.6051419871368,465.9514072018612
2024-02-20,718.878140197099,723.092640626177,714.095417199918,719.87255859375,12528399,644.8357482910156,618.3801196289063,566.5164367675782,662.281907181146,76.40675996634151,32.58023772329727,23.93612623647619,8.644111486821082,747.8199963788447,644.8357482910156,541.8515002031866,0.3194123413931825,18.721132997573807,0.026006176751819786,39.89352718463796,38.36012545377176,8.16541392061483,1446966442.0,27913534.2,733.6051419871368,568.8612414971168,733.6051419871368,465.9514072018612
2024-02-21,720.3934973720231,736.3517073942173,719.3990211695317,730.6692504882812,21465311,652.7154266357422,621.3605676269531,567.5197451782227,668.7949874961113,78.1775076304656,33.90859739830796,25.930620468842548,7.977976929465413,756.6431643854335,652.7154266357422,548.787688886051,0.31844731565595336,18.59481537093894,0.02544901863396148,41.942459218484466,40.95531699725718,7.633676992377128,1468431753.0,27956194.05,736.3517073942173,571.1816395100639,736.3517073942173,465.9514072018612
2024-02-22,732.0898793051539,732.0898793051539,716.9366605873241,725.3656616210938,18799244,659.7048492431641,624.2330493164062,568.4524069213867,674.1826707461096,75.19209013091641,34.139833958859185,27.57246316684588,6.567370792013307,763.4336776764683,659.7048492431641,555.9760208098598,0.3144704137079043,18.348987038574,0.025296189231740724,43.59778552223767,38.53943869130559,8.141923348193975,1449632509.0,27481742.45,736.3517073942173,574.1649277499139,736.3517073942173,465.9514072018612
2024-02-23,725.3656188570327,729.7221458595922,715.0424660921377,718.8781127929688,14143636,666.6327087402344,627.0108215332032,569.3688891601563,678.4393795124771,71.59065922072048,33.41441900480959,28.740854334438623,4.673564670370965,766.6708133267307,666.6327087402344,566.5946041537381,0.300129601427877,18.08689366206546,0.025159889194281734,44.937602957921726,36.30519805837551,8.417966256003256,1435488873.0,27460612.9,736.3517073942173,583.0200349532757,736.3517073942173,465.9514072018612
2024-02-26,715.0425247498395,725.7918164039028,712.8642610698683,718.7361450195312,11355186,673.0704620361328,629.6446423339844,570.2516815185547,682.2771667036251,71.50994256223572,32.45395779102296,29.483475025755492,2.970482765267466,769.0376587672695,673.0704620361328,577.1032653049961,0.2851624076350712,17.71836949577753,0.024652119722316238,45.94638054481675,34.41314449972039,8.857368093733603,1424133687.0,27033549.5,736.3517073942173,589.0813855447404,736.3517073942173,465.9514072018612
2024-02-27,718.7360628262059,722.003429070041,702.9198806721752,710.1649780273438,13969393,678.8997100830078,632.0350598144531,571.1385333251953,684.9331487344555,66.62584414622722,30.647874199180706,29.716354860440536,0.9315193387401699,768.81765474945,678.8997100830078,588.9817654165656,0.2648931597141147,17.815882274498122,0.025086962643505847,45.85236217822969,31.780161113385343,12.166646596545908,1410164294.0,26622701.8,736.3517073942173,589.0813855447404,736.3517073942173,465.9514072018612
2024-02-28,710.1649654601358,716.6998134420376,701.7833653922032,703.2039794921875,11263318,683.7297943115234,633.8202966308594,571.9966186523437,686.6732278542395,62.87024363231466,28.328294587962205,29.438742805944873,-1.1104482179826682,767.7814104347467,683.7297943115234,599.6781781883001,0.24586208418153976,17.608779829879282,0.025040785239291884,45.650980456454526,29.857227834633775,11.891493176506074,1398900976.0,26472842.6,736.3517073942173,599.7359814695897,736.3517073942173,465.9514072018612
2024-02-29,704.5300165868673,714.0007786982383,698.1372521616919,708.5076904296875,19217113,688.4864837646485,635.7068737792969,572.8754159545898,688.7527004804726,64.51164763817026,26.61121861876859,28.873237968509617,-2.2620193497410277,766.6335776806818,688.4864837646485,610.3393898486152,0.2270112653155499,17.484118880355503,0.02467738758029844,45.08852477281865,27.922243581194714,12.610391716418782,1418118089.0,25872471.25,736.3517073942173,603.950508871969,736.3517073942173,465.9514072018612
2024-03-01,712.2012253214909,731.1427472715305,712.1538830776034,728.443603515625,17348526,694.1452606201171,637.8614709472656,573.8320611572266,692.5327864838205,69.89836767940959,26.552998676896664,28.40919011018703,-1.8561914332903662,766.4363957695007,694.1452606201171,621.8541254707336,0.2082882049350938,17.852043020461757,0.02450710382286833,45.26348935117532,32.25218131867993,11.468317817362273,1435466615.0,25503941.55,736.3517073942173,603.950508871969,736.3517073942173,465.9514072018612
2024-03-04,733.415788130336,735.8781629797205,728.3015538370722,731.1901245117188,9789141,700.2586364746094,640.4299401855469,574.78501953125,696.2144377245727,70.56132907856747,26.423882178800454,28.012128523909716,-1.5882463451092619,762.69579711115,700.2586364746094,637.8214758380687,0.1783259995217625,17.118083457760797,0.02341126183725755,45.59304564403356,33.20847745484761,11.10574818307453,1445255756.0,24997777.3,736.3517073942173,603.950508871969,736.3517073942173,465.9514072018612
2024-03-05,728.7751257237001,745.3016167439201,728.3962721270127,742.4603881835938,18088847,706.5898406982421,643.0855432128906,575.7738909912109,700.6188139587653,73.17238458491653,26.920648039543607,27.793832427036495,-0.8731843874928877,758.2505990770844,706.5898406982421,654.9290823193999,0.14622559058531565,17.10288782627127,0.02303542128100996,46.21133889248515,34.799456144330364,10.321642923146786,1463344603.0,24070258.1,745.3016167439201,620.3348911572103,745.3016167439201,465.9514072018612
2024-03-06,742.1762558623576,748.4742776430227,731.9951871429561,742.4130249023438,26710525,711.7348327636719,645.8727893066406,576.7625256347657,704.5992150010109,73.14302410119774,26.99928578219658,27.634923098068516,-0.6356373158719357,755.5498382127787,711.7348327636719,667.919827314565,0.12312171171663136,17.05833087439951,0.022976874465050427,46.88564819959939,33.72667785899683,9.6094174544121,1436634078.0,24270730.95,748.4742776430227,642.591158500595,748.4742776430227,465.9514072018612
2024-03-07,748.1901327438186,751.4102146649448,741.5605999220379,746.3433227539062,15497868,715.9256439208984,648.7140173339844,577.8270175170899,708.5748443108105,74.07272083931556,27.0667404145172,27.521286561358252,-0.45454614684105366,755.9852548192466,715.9256439208984,675.8660330225503,0.11190997623427583,16.54342257929289,0.022165968495906,47.605699362941856,33.56001222025119,9.200756725455278,1452131946.0,23521445.6,751.4102146649448,657.4603003588977,751.4102146649448,465.9514072018612
2024-03-11,748.1901368545919,750.8419384368862,729.7694947090195,732.7528076171875,16778340,718.2199340820313,651.0845483398438,578.8191439819336,710.8775074828465,65.61449759516904,25.726992945576853,27.162427838201975,-1.4354348926251213,756.5796412933859,718.2199340820313,679.8602268706767,0.10681883192335162,16.866924089905304,0.023018573132123844,47.00014992529504,30.565175930649133,13.373031103146722,1435353606.0,20585217.3,751.4102146649448,664.9895787916939,751.4102146649448,465.9514072018612
2024-03-12,729.2486473566764,736.5884876385131,717.2681107424115,719.4937744140625,21529705,720.6728607177735,653.1359143066406,579.7356848144532,711.6981043334384,58.585814807775364,23.32644748851601,26.395231768264782,-3.0687842797487725,752.1537900184439,720.6728607177735,689.191931417103,0.08736538037332559,17.042170718919326,0.023686335205329662,45.29645537751685,28.090094186094227,17.529805377395807,1413823901.0,19262381.25,751.4102146649448,664.9895787916939,751.4102146649448,465.9514072018612
2024-03-13,718.4992657346983,723.281988208107,703.67750248633,707.7025756835938,27950252,722.2734130859375,655.1285620117187,580.5725991821289,711.317577795358,53.13472477161614,20.23924134863296,25.16403368433842,-4.924792335705462,746.9672067196478,722.2734130859375,697.5796194522271,0.06837796653266051,17.225193219123447,0.024339593794024353,42.6718353442596,25.80651270920392,21.740407145666612,1385873649.0,19195209.65,751.4102146649448,668.209531384723,751.4102146649448,465.9514072018612
2024-03-14,710.2124078847078,711.0647417125944,695.2012166495516,701.8307495117188,19730882,722.1621307373047,657.0170324707032,581.3750448608398,710.4140703397734,50.60937371869088,17.12143568859051,23.55551408518884,-6.434078396598331,747.2009499788188,722.1621307373047,697.1233114957905,0.0693440383420557,17.127931207974825,0.02440464630523977,39.6629237243041,24.09926682368307,23.8370204991801,1366142767.0,19425148.65,751.4102146649448,695.2012166495516,751.4102146649448,465.9514072018612
2024-03-15,700.1260254598068,707.0396696118478,684.7360384273795,693.1650390625,29792241,720.7509857177735,658.7681750488281,582.1408972167969,708.7713054562236,47.05498722623593,13.792312634903624,21.6028737951318,-7.8105611602281755,748.8049255237104,720.7509857177735,692.6970459118365,0.07784641398165797,17.497624063438643,0.025243085091400507,37.432071124677975,21.90508664281648,25.938798540588177,1336350526.0,18572583.65,751.4102146649448,684.7360384273795,751.4102146649448,465.9514072018612
2024-03-18,688.6190419826069,698.8475105936745,683.8836612570906,692.2653198242188,18145126,719.626333618164,660.4255578613281,582.8801867675782,707.199306824604,46.688355720462184,10.955075515315684,19.473314139168576,-8.518238623852891,750.2379081168681,719.626333618164,689.01475911946,0.0850763043781181,17.316640154377595,0.02501445566964797,35.41139456566532,20.553024558082914,24.689353936999364,1318205400.0,18365131.6,751.4102146649448,683.8836612570906,751.4102146649448,465.9514072018612
2024-03-19,691.3655971347375,695.4853553107556,682.983996236656,685.4937133789062,15205043,717.947640991211,661.9607678222657,583.5438122558594,705.1321074488234,43.91499508316543,8.067139645182579,17.192079240371378,-9.124939595188799,751.9879283894907,717.947640991211,683.9073535929313,0.09482665713974098,16.972691505786308,0.024759806216347695,33.59187728120038,19.471704603732434,23.769035314935397,1303000357.0,17904131.85,751.4102146649448,682.983996236656,751.4102146649448,465.9514072018612
2024-03-20,686.7722682789549,699.8419071119082,681.7053763780509,697.2847900390625,25405455,716.8182525634766,663.746953125,584.2766122436524,704.384743885989,49.53613871587261,6.6531773193052,15.084298856158142,-8.431121536852942,752.0075792636779,716.8182525634766,681.6289258632752,0.09818200519966601,17.05582287921995,0.02446033976772169,31.559411896666024,19.81723390190543,21.963670147038556,1328405812.0,17965404.8,751.4102146649448,681.7053763780509,751.4102146649448,465.9514072018612
2024-03-21,702.730488902024,710.8753205031713,701.3572169516723,704.9087524414062,15161161,715.5302276611328,665.9687939453125,585.0553454589843,704.4346494626953,52.82823134659818,6.077731730621849,13.282985431050884,-7.205253700429035,750.4823361947564,715.5302276611328,680.5781191275092,0.09769568686950429,16.808301992426298,0.023844649302781136,29.737451020255268,23.36146298262951,20.695173150854053,1343566973.0,18609257.6,751.4102146649448,681.7053763780509,751.4102146649448,465.9514072018612
2024-03-22,704.4825610232863,709.170599460014,702.1622707327812,707.1817626953125,15535921,714.6210327148438,668.2664001464843,585.8317111206055,704.6962792943732,53.79601075038498,5.7389449024137775,11.774177325323462,-6.035232422909685,749.4482572721599,714.6210327148438,679.7938081575276,0.09747047165686584,16.10830390205534,0.0227781664513817,28.045630206445278,22.635462932651475,20.05203291802721,1359102894.0,18294050.1,751.4102146649448,681.7053763780509,751.4102146649448,465.9514072018612
2024-03-26,703.7249566183376,708.270910802939,699.4157714829856,700.8837280273438,14678342,713.7213134765625,670.5071826171875,586.5555139160156,704.3331791737038,50.69268176532612,4.905705221302583,10.400482904519286,-5.494777683216704,748.9890856402805,713.7213134765625,678.4535413128445,0.09882785198588885,15.59022071761949,0.02224366195731008,26.248848672280214,21.717120863007864,20.496846467681294,1344424552.0,18130883.95,751.4102146649448,681.7053763780509,751.4102146649448,465.9514072018612
2024-03-27,703.6775556672179,706.3766994815164,691.5549929179226,694.4909057617188,30088789,712.5090515136719,672.6494677734376,587.2473526000977,703.3958198011338,47.685651929541386,3.6870079089712817,9.057787905409684,-5.370779996438403,748.6597008331543,712.5090515136719,676.3584021941896,0.10147421774553742,15.535326849474798,0.022369374056000958,24.78587881764555,20.237153872950685,22.714279296541093,1314335763.0,18157619.25,751.4102146649448,681.7053763780509,751.4102146649448,465.9514072018612
2024-03-28,698.7054262433901,719.3516746513696,697.9004346418056,712.53271484375,21705116,712.6274383544921,674.8987731933594,588.0381610107422,704.266000281383,55.676590099553735,4.129403526549368,8.072111029637622,-3.942707503088254,748.762110905003,712.6274383544921,676.4927658039812,0.10141252106135139,16.201429852344518,0.022737804896294903,23.586503675201556,23.739429901342785,20.224664608945336,1336040879.0,19094299.4,751.4102146649448,681.7053763780509,751.4102146649448,465.9514072018612
2024-04-01,718.8781538057333,721.1985019784711,712.2959628767208,718.1678466796875,9949971,713.3756317138672,677.1376623535157,588.8389138793946,705.5899856526501,57.84259532926204,4.878477236332856,7.433384270976669,-2.554907034643813,749.3180063796661,713.3756317138672,677.4332570480682,0.10076703791927492,15.680080513016362,0.021833448246827303,22.601309070920408,23.617990700560565,19.404466253497485,1345990850.0,19481085.55,751.4102146649448,681.7053763780509,751.4102146649448,465.9514072018612
2024-04-02,718.0731365019557,728.064778156646,713.4797825681824,725.8391723632812,15713063,714.2422058105469,679.5905908203125,589.681337890625,707.5184796250911,60.660983806936414,6.021720770195429,7.151051570820422,-1.1293308006249925,750.5076038173412,714.2422058105469,677.9768078037526,0.10154929997629876,15.601860161262593,0.02149492718953709,22.15433402051586,25.184467500235364,18.108768855062362,1361703913.0,19415418.2,751.4102146649448,681.7053763780509,751.4102146649448,465.9514072018612
2024-04-03,724.4185584476019,731.7109984397689,719.9199468084377,730.2430419921875,19136981,714.332177734375,682.3380578613281,590.5921881103516,709.6827236600527,62.222370270101734,7.200106634414169,7.160862583539172,0.039244050874996717,750.7466820581973,714.332177734375,677.9176734105528,0.10195398011977284,15.329659551981782,0.020992544496090913,21.977520180888405,25.49977909547506,17.113865441911592,1380840894.0,19240215.7,751.4102146649448,681.7053763780509,751.4102146649448,465.9514072018612
2024-04-04,733.9840367300943,734.2681480220336,717.9784262265191,719.1149291992188,15889530,713.72841796875,684.8193981933593,591.4476345825195,710.5810289494972,56.15693389450051,7.153578223928093,7.159405711616957,-0.005827487688863542,749.3976608838535,713.72841796875,678.0591750536465,0.09995186409031354,15.398235426519836,0.0214127600488934,21.98104196814306,24.75911283143725,15.820674097149372,1364951364.0,19329638.45,751.4102146649448,681.7053763780509,751.4102146649448,465.9514072018612
2024-04-05,717.8363829672766,727.0703754749767,712.7694908570097,724.2764892578125,9939620,712.819223022461,687.4143872070313,592.3395434570313,711.8853585026701,58.19262799872064,7.447350462849045,7.2169946618633745,0.2303558009856701,746.3771652632141,712.819223022461,679.2612807817078,0.09415554787779833,15.319853225908917,0.021151940527032186,21.459069918418052,23.108233457443944,17.194446593363846,1374890984.0,19634657.9,751.4102146649448,681.7053763780509,751.4102146649448,465.9514072018612
2024-04-08,725.507689454445,729.2486518920224,721.4826157264696,727.6386108398438,9797174,712.0805023193359,690.5056457519531,593.2475527954101,713.3856682490676,59.51137575435058,7.8608472382014725,7.345765177130994,0.515082061070478,743.5879122960393,712.0805023193359,680.5730923426324,0.08849395503480253,14.780294864454909,0.020312686331193208,21.13541220415245,23.293655357267255,16.54912458420371,1384688158.0,19227196.55,751.4102146649448,681.7053763780509,751.4102146649448,468.08818231320515
2024-04-09,727.7806275520223,731.5689318840728,720.8195836589176,723.7555541992188,7465892,710.9511138916016,693.2692126464843,594.183737487793,714.3732764347963,57.26469775770376,7.7854701394311405,7.433706169591025,0.3517639698401158,738.881169477127,710.9511138916016,683.0210583060763,0.07857095949295839,14.492370104504925,0.020023846477474905,21.009424719706175,23.203146580508175,15.672346460393465,1377222266.0,18381529.0,750.8419384368862,681.7053763780509,751.4102146649448,470.36425711315877
2024-04-10,725.9337872939853,739.3822786717687,723.2346436921654,737.819580078125,14530669,711.2044525146484,696.4191857910156,595.1677493286132,716.606257734161,62.74985876740399,8.75960729581243,7.698886394835307,1.060720900977123,739.9994418072537,711.2044525146484,682.4094632220432,0.08097527846118809,14.610603309869099,0.019802406583357458,21.447594690907238,25.191226884657823,14.435126943712682,1391752935.0,17979930.2,739.3822786717687,681.7053763780509,751.4102146649448,482.20931556065125
2024-04-12,736.1149412559511,738.2458626040706,724.3238315687016,725.7444458007812,14408722,711.5169860839844,699.134453125,596.1027502441407,717.4765613595534,56.092877769572965,8.459737008222646,7.851056517512775,0.6086804907098715,740.7966788568797,711.5169860839844,682.2372933110892,0.08230216100403599,14.561419575976231,0.02006411438658585,21.85446680702251,23.47086360022993,13.449320952058361,1377344213.0,17867546.65,739.3822786717687,681.7053763780509,751.4102146649448,482.20931556065125
2024-04-15,719.58848097137,722.9032476518954,709.1233005838425,717.4102172851562,11356572,712.0023681640625,701.6110571289063,597.0029461669922,717.4702428762776,51.993029304365265,7.46354989837198,7.773555193684617,-0.3100052953126369,741.3348436013329,712.0023681640625,682.6698927267922,0.08239431987538391,14.708542836044984,0.020502276775072235,20.60991350459295,21.576373552531898,19.745516087112254,1365987641.0,17511497.5,739.3822786717687,681.7053763780509,751.4102146649448,482.20931556065125
2024-04-16,711.4909794514435,714.9478306266623,705.003530747474,711.9171752929688,13338991,712.506689453125,703.7173547363282,597.8806494140625,716.9413792969148,49.428713051786595,6.159815338304497,7.450807222608593,-1.2909918843040957,741.4667626883738,712.506689453125,683.5466162178761,0.08129067042858716,14.544124529019076,0.020429517693591064,19.190959842517746,20.26169783317628,20.56568309331504,1352648650.0,16681813.5,739.3822786717687,681.7053763780509,751.4102146649448,484.62480682568594
2024-04-18,712.2486264937273,719.7305514049899,702.7305224873335,705.38232421875,14589648,713.1175537109375,705.5575231933594,598.7417782592773,715.8405169085181,46.491041754485124,4.546874895427322,6.870020757172339,-2.323145861745017,740.9118813562864,713.1175537109375,685.3232260655886,0.07795160138945423,14.719546271064601,0.02086747252614717,18.18682941183877,20.911090078035933,18.869118728881258,1338059002.0,16362218.95,739.3822786717687,681.7053763780509,751.4102146649448,487.17962320768146
2024-04-19,695.6274008930026,712.2012327726861,693.3070528688593,710.7332763671875,10886554,714.0409515380859,707.4668273925781,599.6692025756836,715.354113047439,49.155727451847866,3.658215461761529,6.227659698090177,-2.569444236328648,740.1807261955954,714.0409515380859,687.9011768805764,0.07321645796701973,15.017734387690476,0.021129915943223453,17.34835515240257,19.03189327682228,21.655493171417742,1348945556.0,15602089.3,739.3822786717687,681.7053763780509,751.4102146649448,488.6660078213281
2024-04-22,714.2374792815871,728.3015365467629,710.7332860753157,725.5549926757812,17452186,716.0440155029297,709.7994750976562,600.659133605957,716.3256253929954,55.731758804737666,4.102642386364096,5.802656235744961,-1.7000138493808654,739.0823406485881,716.0440155029297,693.0056903572713,0.06434890773991572,15.199914801396543,0.02094936283925307,16.929999909050927,25.02663141130063,19.867657312168948,1366397742.0,15239160.7,739.3822786717687,681.7053763780509,751.4102146649448,488.6660078213281
2024-04-23,729.580068899774,736.5411130931677,725.0341150661952,732.08984375,12292429,717.7842681884765,712.1245458984375,601.638883972168,717.8269795222341,58.29301218044007,4.925385021117336,5.627201992819437,-0.701816971702101,740.139637134323,717.7842681884765,695.42889924263,0.06228993845815642,14.936135031794826,0.020402051960299206,17.07882334248608,27.589812463866554,18.77434954831288,1378690171.0,15351517.85,739.3822786717687,691.5549929179226,751.4102146649448,489.73448085407773
2024-04-24,737.2988047972324,737.2988047972324,729.4380840784303,732.1845703125,7842615,719.1480590820313,713.9779736328124,602.6015869140625,719.194369121307,58.330647689319434,5.521410742549392,5.606043742765428,-0.08463300021603626,741.5230624876526,719.1480590820313,696.77305567641,0.062226416724762576,14.430748295152489,0.019709167442566258,17.265297175358135,26.891370116169337,18.043866101944456,1386532786.0,14695866.55,739.3822786717687,691.5549929179226,751.4102146649448,490.524091832778
2024-04-25,729.8642420676275,771.2988227188599,728.9171659384565,769.6887817382812,36732974,722.2734100341797,716.1212072753906,603.7373678588867,724.003360799114,69.90845655147837,8.91724934752233,6.268284863716809,2.6489644838055204,752.9948029483271,722.2734100341797,691.5520171200324,0.08506859725790974,16.4272417583847,0.021342706491427707,19.0871634767256,36.71956111217049,14.718688538567202,1423265760.0,14329939.25,771.2988227188599,691.5549929179226,771.2988227188599,498.5601503946012
2024-04-26,772.7194359962122,773.6665121242601,756.6191418193988,758.89208984375,14964358,725.173828125,717.561708984375,604.7594995117188,727.3260968986032,64.36412905481572,10.61491101684021,7.13761009434149,3.4773009224987206,758.1410258389042,725.173828125,692.2066304110958,0.09092219392181797,16.471536654561596,0.02170471516965338,20.865145468452102,35.03178807967275,13.630599694412153,1408301402.0,15389791.9,773.6665121242601,691.5549929179226,773.6665121242601,498.5601503946012
2024-04-29,764.2904382833768,787.2570344771462,756.4297179512396,782.7584228515625,27302732,729.5872039794922,719.8081726074219,605.8829684448242,732.6053660369803,70.02362711690238,13.727887196936535,8.455665514860499,5.272221682076037,768.1077614052338,729.5872039794922,691.0666465537506,0.1055954852706664,17.496949502514816,0.0223529367320942,22.977814538350465,36.17123656160852,11.915219817328127,1435604134.0,15404092.7,787.2570344771462,693.3070528688593,787.2570344771462,498.5601503946012
2024-04-30,782.7584365175279,790.666499233327,776.5077570611428,782.5216674804688,27449073,733.0866516113281,721.944775390625,606.9988610839844,737.3592995077887,69.90502354951441,15.99149902129011,9.962832216146422,6.028666805143688,777.0990268570362,733.0866516113281,689.07427636562,0.12007414171017483,17.258506121776918,0.022054988173484256,25.0465846631752,35.46271332385435,11.216994655080342,1408155061.0,15264789.85,790.666499233327,693.3070528688593,790.666499233327,501.39367553995163
2024-05-02,783.1372892528356,789.7668222833302,781.3378214511536,786.1205444335938,19943724,736.4842864990235,723.5860583496094,608.1237509155274,742.0032275959607,70.71695838557177,17.869834663169286,11.544232705550995,6.325601957618291,785.5650168614347,736.4842864990235,687.4035561366122,0.13328384939676874,16.62782717251975,0.02115175247646051,26.967585493369597,34.178655680102565,10.810842209968637,1428098785.0,15551987.7,790.666499233327,693.3070528688593,790.666499233327,504.9239523489952
2024-05-03,790.619154131125,791.9450838558431,776.6024387488413,787.4464721679688,22667634,739.5646514892578,724.9072290039062,609.2500613403321,746.3311556504376,71.02709761998135,19.243592325353347,13.084104629511465,6.159487695841882,793.1158296430024,739.5646514892578,686.0134733355133,0.1448181116983047,16.53602845355418,0.020999558748454092,28.24745084532494,31.91351087908686,12.13985089010199,1450766419.0,16051675.35,791.9450838558431,693.3070528688593,791.9450838558431,514.4517813350399
2024-05-06,790.8085783183144,791.755654460013,760.5021417839598,765.048095703125,35283557,741.3049041748047,725.9130236816407,610.2691156005859,748.1137213697411,59.552844983247056,18.313832914480372,14.130050286505247,4.183782627975125,795.7853361581597,741.3049041748047,686.8244721914498,0.14698521937879447,17.587277326589827,0.0229884597130146,27.93210673214245,27.862655177810197,17.137849849222977,1415482862.0,16399403.9,791.9450838558431,693.3070528688593,791.9450838558431,514.4517813350399
2024-05-07,769.0258341813609,771.5356091020818,751.2208141135195,759.4603881835938,16725013,743.3221771240235,726.7208801269531,611.2794094848633,749.1943563043938,57.07568923583095,16.930941233013414,14.69022847580688,2.240712757206534,797.3525873623478,743.3221771240235,689.2917668856992,0.14537548293627545,17.78210001673072,0.023414124414388855,26.907393530602633,25.58900387661541,19.46756367969059,1398757849.0,17206732.7,791.9450838558431,693.3070528688593,791.9450838558431,514.4517813350399
2024-05-08,760.1233071452959,778.4966078740321,757.1873941548523,767.8893432617188,27908322,745.5028198242187,727.6812158203124,612.3285330200196,750.9748312527104,59.79263617152115,16.326929167064804,15.017568614058465,1.3093605530063392,799.8022296306425,745.5028198242187,691.2034100177949,0.1456719099177304,18.034036709762795,0.02348520248133757,26.34254932671582,26.186359735089958,17.824486196664544,1426666171.0,17248506.85,791.9450838558431,693.3070528688593,791.9450838558431,514.4517813350399
2024-05-09,768.9311579165353,795.2125213733023,761.0230372925254,776.4130249023438,49290254,747.9415405273437,728.5960913085937,613.4373220825196,753.3975163621992,62.38545294177067,16.347590281404905,15.283572947527754,1.0640173338771515,803.1855323610392,747.9415405273437,692.6975486936482,0.14772275329097298,19.1879972362638,0.024713646758665907,26.624700086477826,29.076161889873365,15.555917765334566,1475956425.0,18146941.95,795.2125213733023,693.3070528688593,795.2125213733023,514.4517813350399
2024-05-10,783.2319591393382,788.0146820325868,772.4352681404719,774.0926513671875,20543142,750.4583953857422,729.5706311035157,614.5404287719726,755.3684816007695,61.227925910569745,15.992379416258245,15.425334241273854,0.5670451749843917,805.6520918818743,750.4583953857422,695.26469888961,0.14709328814360745,18.930241283110313,0.024454748730240606,26.886697220542548,27.36691810935379,14.641462281444431,1455413283.0,20121595.95,795.2125213733023,693.3070528688593,795.2125213733023,514.4517813350399
2024-05-13,776.4603581145727,776.4603581145727,756.33498993591,765.9951782226562,15398505,751.8671752929688,730.5129724121093,615.5239672851562,756.3805479457111,57.236765451322455,14.88587869367359,15.317443131753802,-0.43156443808021194,807.1368404204816,751.8671752929688,696.597510165456,0.14701975812676402,19.015607489935483,0.024824709124223895,25.875886500151275,25.298056280392778,19.58237727179908,1440014778.0,20775458.45,795.2125213733023,693.3070528688593,795.2125213733023,514.4517813350399
2024-05-14,769.9728976160259,778.875436405395,765.1428324503737,774.897705078125,10912462,754.324838256836,731.6362036132813,616.5934530639648,758.1440867202267,60.300709596476466,14.559495612384694,15.165853627879981,-0.606358015495287,809.0987108198028,754.324838256836,699.5509656938691,0.14522622028340845,18.63825009458447,0.02405252973707719,25.0700705910792,24.892207485917417,18.551789137157602,1450927240.0,20818850.25,795.2125213733023,693.3070528688593,795.2125213733023,514.4517813350399
2024-05-15,777.5495004946132,781.6219162809175,774.7556143581575,776.8865356445312,9755062,757.2986541748047,732.970634765625,617.6297909545898,759.9290818558748,60.973438005264924,14.296515344736349,14.991985971251255,-0.695470626514906,810.1576267394934,757.2986541748047,704.439681610116,0.13959874951127907,17.79739665373987,0.022908617715937822,24.47693377814884,25.308522689796863,18.04054989766412,1460682302.0,20644037.25,795.2125213733023,693.3070528688593,795.2125213733023,514.4517813350399
2024-05-16,781.6219595013043,782.4270089369695,755.1511687191949,768.978515625,20536990,760.1517211914063,734.2861254882813,618.5858648681641,760.7909326910295,56.848382527398314,13.296714217872704,14.652931620575545,-1.3562174027028409,808.9051736085253,760.1517211914063,711.3982687742873,0.12827295145949646,18.47442833688521,0.024024635229073745,22.894721440203117,22.6395391921487,23.71779267373536,1440145312.0,20563961.75,795.2125213733023,693.3070528688593,795.2125213733023,514.4517813350399
2024-05-17,771.3934803092677,778.9227468345998,768.26814075298,774.566162109375,12492509,763.6109130859375,735.607294921875,619.5459631347657,762.1028593023005,58.96105023119636,12.80760292101661,14.28386588066376,-1.4762629596471495,805.6900402249521,763.6109130859375,721.5317859469228,0.11021091086548948,17.915869604366254,0.02313019917572437,21.42552426925352,21.67784044091201,22.71029108976619,1452637821.0,20923861.7,795.2125213733023,693.3070528688593,795.2125213733023,514.4517813350399
2024-05-21,777.5495346221023,792.0397884444491,776.2236048637419,786.6888427734375,14037801,767.40869140625,736.7721997070313,620.5545993041992,764.4443815376469,63.17362404222387,13.245491924647013,14.07619108946041,-0.8306991648133977,802.9089693606637,767.40869140625,731.9084134518363,0.09251987461690245,17.884280799416814,0.02273361439367381,20.55193025968467,25.40383266771829,21.125375163899534,1466675622.0,20819004.75,795.2125213733023,710.7332860753157,795.2125213733023,514.4517813350399
2024-05-22,795.9331822307055,796.0295133266376,783.414724155801,788.422119140625,19239277,770.5520477294922,737.9168395996094,621.6100219726562,766.7279755950733,63.74662268096938,13.575888638553124,13.976130599278953,-0.40024196072582896,801.5151449338507,770.5520477294922,739.5889505251337,0.0803660110841165,17.507888540232514,0.022206237135147855,19.971439374459884,25.72413112226091,20.038142183034815,1485914899.0,20976567.1,796.0295133266376,725.0341150661952,796.0295133266376,514.4517813350399
2024-05-23,794.1517316465437,804.5516696610887,791.5517324493296,801.277587890625,17497488,774.0114349365234,739.09318359375,622.703440246582,770.0184148613163,67.7541231638379,14.705542959835157,14.122013071390194,0.5835298884449625,802.3625810463463,774.0114349365234,745.6602888267005,0.07325769318162079,17.40943582453474,0.021727096935739005,19.905521109807513,27.51830168142933,18.71207054687888,1503412387.0,21065921.65,804.5516696610887,728.9171659384565,804.5516696610887,514.4517813350399
2024-05-24,799.2553916967729,810.0886726083256,796.3665167870256,797.9072265625,12252075,777.2975677490234,740.2030676269532,623.7733773803711,772.6744921661909,65.70349547771131,15.154154496375554,14.328441356387268,0.8257131399882862,800.2082041637133,777.2975677490234,754.3869313343336,0.058949461223805934,17.146058681446544,0.021488787305905536,20.13492786863659,28.251872478681676,17.642395533121608,1491160312.0,21326174.6,810.0886726083256,728.9171659384565,810.0886726083256,514.4517813350399
2024-05-27,801.7590699633794,808.3072335281287,792.5146936444445,802.818359375,12295193,778.9540466308594,741.332568359375,624.8702377319336,775.5453366622679,67.25852701199341,15.724705132595318,14.607694111628879,1.117011020966439,804.1056868937544,778.9540466308594,753.8024063679643,0.06457798215871965,17.04937876732066,0.021236906914527624,20.028839606845533,26.382642985264873,18.08884698708398,1503455505.0,21546647.6,810.0886726083256,751.2208141135195,810.0886726083256,514.4517813350399
2024-05-28,804.7443027300019,809.5590944673188,792.8035957117308,800.3628540039062,13818893,781.0275848388671,742.6847692871094,625.935168762207,777.9089097424239,65.65563148567358,15.796638050086472,14.845482899320398,0.9511551507660734,806.0591199439199,781.0275848388671,755.9960497338144,0.06409897829720564,17.02838733791118,0.021275834145381353,20.003203079390047,25.053483281438787,16.817492415753694,1489636612.0,20324758.55,810.0886726083256,751.2208141135195,810.0886726083256,514.4517813350399
2024-05-29,797.7146835951445,803.5405695871641,788.9517277526038,792.1776733398438,14518232,781.4985473632812,744.138447265625,626.9987145996093,779.267839608845,60.48133512933589,15.020028196855606,14.88039195882744,0.1396362380281655,806.9927871359938,781.4985473632812,756.0043075905686,0.06524449689312488,16.85413408767183,0.021275699448350165,19.638349737987213,23.504472460980114,17.410136580248302,1475118380.0,20267485.3,810.0886726083256,751.2208141135195,810.0886726083256,514.4517813350399
2024-05-30,790.9739767920537,805.0331445629747,788.9517290829909,795.2590942382812,17818705,782.1354187011718,745.8895776367187,628.1411215209961,780.7908162402198,61.70490808693449,14.48621612486238,14.801556792034429,-0.31534066717204823,808.3269252689397,782.1354187011718,755.943912133404,0.06697435237305059,16.7989399014084,0.021123857649812654,19.399112176943106,22.53192941853568,16.219671835136772,1492937085.0,19628260.3,810.0886726083256,751.2208141135195,810.0886726083256,514.4517813350399
2024-05-31,799.9294778988177,804.0701868667423,786.8332096505334,799.5924072265625,22267336,782.8090118408203,747.8448107910157,629.3428411865234,782.5814439532047,63.42014194368027,14.248579598863216,14.690961353400187,-0.4423817545369708,810.0478288061877,782.8090118408203,755.5701948754529,0.0695924971566532,16.830228281037012,0.021048509376688226,18.974105872939106,20.883609725374132,15.932237610495728,1515204421.0,19146741.9,810.0886726083256,751.2208141135195,810.0886726083256,514.4517813350399
2024-06-03,831.5626306363492,878.2179721623354,825.0145259321062,872.1032104492188,64269020,787.0418487548828,751.42357421875,630.9885638427735,791.1073264766346,79.75812213570414,19.684357739003076,15.689640630520765,3.9947171084823108,834.5884058297609,787.0418487548828,739.4952916800048,0.12082345341635314,21.244180899232433,0.02435970954434349,21.54262779146282,40.293270807173634,11.720391186835927,1579473441.0,19262922.5,878.2179721623354,751.2208141135195,878.2179721623354,514.4517813350399
2024-06-04,863.7736004371982,863.7736004371982,704.8373437950039,746.4852905273438,122381193,786.1137084960938,752.5079736328125,632.0317672729492,786.8576087671784,43.50574340236202,13.698032382222436,15.291318980861101,-1.5932865986386648,836.0081085897626,786.1137084960938,736.2193084024249,0.12693939707302995,31.674301310302603,0.0424312464187027,21.12111702892337,25.09462940504681,34.4005550697392,1457092248.0,21342991.8,878.2179721623354,704.8373437950039,878.2179721623354,514.4517813350399
2024-06-05,761.4592351040986,765.5518076607758,716.4890731382206,760.4962768554688,74256082,786.1655029296875,754.0080249023438,633.1204022216797,784.3470057279679,46.430444103343675,9.96947401909972,14.226949988508826,-4.257475969409105,835.9511544177415,786.1655029296875,736.3798514416335,0.1266543782512082,32.91633225403493,0.04328270006809071,20.729714177993877,22.422896351376654,30.738054278795513,1531348330.0,25697873.6,878.2179721623354,704.8373437950039,878.2179721623354,514.4517813350399
2024-06-06,770.3666270723245,802.4812623286783,766.5147939369629,786.6887817382812,40555649,787.1054748535156,755.7961047363282,634.3369213867187,784.5700320146644,51.486720145384396,9.02405718372529,13.186371427552121,-4.162314243826831,836.1801940775734,787.1054748535156,738.0307556294578,0.12469667863304064,33.56409319826169,0.04266502075204108,19.285431855209385,28.27847471125688,27.991631285401077,1571903979.0,28574427.05,878.2179721623354,704.8373437950039,878.2179721623354,514.4517813350399
2024-06-07,789.5295559574165,800.699849042878,780.4777241722821,799.207275390625,25061284,788.2451873779297,757.6820751953124,635.6165066528321,785.9640551933273,53.73438123787303,9.179134003676268,12.38492394277695,-3.2057899391006828,837.3324291666391,788.2451873779297,739.1579455892203,0.12454815474864221,32.61109546057127,0.04080430254420806,17.944312555480927,27.02594122602807,26.751802905365192,1596965263.0,29206793.4,878.2179721623354,704.8373437950039,878.2179721623354,514.4517813350399
2024-06-10,803.2516957835098,814.1331129043821,798.4850404060916,800.9887084960938,16725508,789.589990234375,759.5582141113281,636.9026309204102,787.3949745554957,54.060561742223726,9.338136044773023,11.775566363176166,-2.437430318403143,838.5261112343394,789.589990234375,740.6538692344106,0.12395324562166397,31.3994509632655,0.03920086591759817,17.09440791134273,29.119750581365874,25.799524763821356,1613690771.0,27995344.9,878.2179721623354,704.8373437950039,878.2179721623354,514.4517813350399
2024-06-11,805.0331354685376,808.4997618244676,798.3405635563713,804.5997924804688,14754408,791.5202209472657,761.6325354003907,638.2700286865235,789.0335286435883,54.756875488027916,9.644356468376941,11.349324384216322,-1.7049679158393811,839.6196656220528,791.5202209472657,743.4207762724785,0.12153686893108884,29.882290056467696,0.037139321108131,16.300332165860535,28.41261095567698,25.20754775321859,1628445179.0,27804463.2,878.2179721623354,704.8373437950039,878.2179721623354,514.4517813350399
2024-06-12,805.9960606828112,814.2293420209461,802.1442276568479,808.0182495117188,15071442,793.1762481689453,763.9030822753906,639.6329724121093,790.8415972976959,55.44535261861724,10.047062985449884,11.088872104463034,-1.0418091190131502,841.1529326722108,793.1762481689453,745.1995636656799,0.12097357835416801,28.611063221298448,0.03540893196235106,15.742762711075562,28.98578675606597,24.447012533778075,1643516621.0,27772258.35,878.2179721623354,704.8373437950039,878.2179721623354,514.4517813350399
2024-06-13,813.6997946256373,814.5664806385139,805.1294419180801,812.6405639648438,12523972,794.9639495849609,765.9052392578125,640.9868267822266,792.9176893612338,56.411237815325926,10.616808982432076,10.994459480056843,-0.3776504976247672,843.0438801336779,794.9639495849609,746.8840190362439,0.12096128528549967,27.241490042665255,0.033522188345798315,15.236088609257019,28.35695045361797,23.842085995202275,1656040593.0,27980207.35,878.2179721623354,704.8373437950039,878.2179721623354,514.4517813350399
2024-06-14,813.6997704563229,818.4182896763856,804.1664596950984,808.1146240234375,12903496,796.9207550048828,767.7041748046875,642.3142633056641,794.3650164719198,55.150525097203015,10.581158255597188,10.911799235164914,-0.3306409795677254,843.7812166306882,796.9207550048828,750.0602933790775,0.11760381777362094,26.31365718113825,0.03256178814105347,14.898790576758849,28.305490123300636,22.91971500613272,1643137097.0,28118652.85,878.2179721623354,704.8373437950039,878.2179721623354,514.4517813350399
2024-06-18,810.377569958488,819.9590170862313,809.1257358857379,813.603515625,14929083,798.8726226806641,769.4594616699219,643.6750637817382,796.1972544864989,56.422485272253816,10.870504073095162,10.903540202750964,-0.033036129655801716,845.0936249390031,798.8726226806641,752.6516204223251,0.1157155745386335,25.280138315542214,0.03107181548511664,14.641296538098839,27.793544998607807,22.152681133726627,1658066180.0,27736978.15,878.2179721623354,704.8373437950039,878.2179721623354,514.4517813350399
2024-06-19,815.4330423267555,828.7218545519676,809.8478961769484,821.0181884765625,32925140,800.5890899658203,771.2749645996093,645.0880908203125,798.5611529617431,58.14916695318157,11.564803000056145,11.035792762212001,0.5290102378441439,847.4184859508198,800.5890899658203,753.7596939808209,0.11698734487375725,24.82255403407628,0.030233866170657785,14.723307810238529,28.80561287933106,20.949544948330043,1690991320.0,27858806.85,878.2179721623354,704.8373437950039,878.2179721623354,514.4517813350399
2024-06-20,821.4033966290509,821.4996689454273,811.1478676397271,812.4960327148438,13985352,801.7927856445312,773.1425866699219,646.4187295532226,799.8882843668003,55.43059089177615,11.29714667978817,11.088063545727236,0.20908313406093448,848.5468744120985,801.7927856445312,755.038696876964,0.11662386991916725,23.788928839192273,0.02927882461124744,14.799461134368242,27.910268473441818,20.298385122153547,1677005968.0,28803173.8,878.2179721623354,704.8373437950039,878.2179721623354,514.4517813350399
2024-06-21,813.6034982004232,816.6367816070117,797.9072307555297,805.322021484375,18990090,801.9950073242187,774.7634973144532,647.7132620239258,800.4057831399027,53.17678088800213,10.386416226096003,10.94773408180099,-0.5613178557049867,848.7734132123221,801.9950073242187,755.2166014361153,0.1166551049841948,23.42754469721297,0.029090902858996903,14.195562725304475,26.316458404970117,23.17620652021462,1658015878.0,28540477.55,878.2179721623354,704.8373437950039,878.2179721623354,514.4517813350399
2024-06-24,800.699845971808,805.0331584274583,790.6369197366024,801.8554077148438,12715254,802.192416381836,776.2478332519531,649.0236087036133,800.5438426232305,52.07492564775412,9.27797826251583,10.613782917943958,-1.3358046554281273,848.9334613357845,802.192416381836,755.4513714278875,0.11653325062524705,22.80308448653866,0.02843790073265666,13.285279247711053,25.10590829732334,24.38746543453341,1645300624.0,28615107.65,878.2179721623354,704.8373437950039,878.2179721623354,514.4517813350399
2024-06-25,805.996104620019,814.5182621448073,803.3961054308986,811.0516357421875,20917530,802.6040802001953,777.9937548828125,650.366203918457,801.5445848250359,54.75334126828815,9.03741425035355,10.298509184425878,-1.2610949340723288,849.5046794244961,802.6040802001953,755.7034809758945,0.11687107100826663,22.078782339640437,0.027222412688233225,12.867454306145824,27.14599851326435,23.3883972536543,1666218154.0,28638266.6,878.2179721623354,704.8373437950039,878.2179721623354,514.4517813350399
2024-06-26,808.7404727237647,817.3589609223837,805.0331069252793,814.0367431640625,16281760,803.2877746582031,779.5180981445312,651.7142538452149,802.7343141906575,55.6203705438411,8.984075924047033,10.03562253235011,-1.0515466083030773,850.4357649936069,803.2877746582031,756.1397843227994,0.11738754608948226,21.382144600887866,0.026266805252276516,12.606476312988642,26.97720702369744,22.425370875618533,1682499914.0,29069383.45,878.2179721623354,704.8373437950039,878.2179721623354,514.4517813350399
2024-06-27,812.6405440846468,816.0108981811181,807.1998061049042,812.73681640625,20378887,804.3157318115234,781.2579455566406,653.0910827636719,803.6869334492853,55.124989515586535,8.736206144419725,9.775739254764034,-1.0395331103443084,851.3463199086491,804.3157318115234,757.2851437143977,0.11694558799987877,20.484212277696873,0.025203992072456764,12.364139605056973,26.148350383755517,21.736366356466903,1662121027.0,29192526.8,878.2179721623354,704.8373437950039,878.2179721623354,514.4517813350399
2024-06-28,815.5294261991826,831.9959899913704,812.736823556385,817.5034790039062,23636388,805.4279510498047,783.2598107910156,654.5203942871094,805.0027949306777,56.649667527074946,8.822694858833302,9.585130375577888,-0.7624355167445866,852.6011096105892,805.4279510498047,758.2547924890202,0.11713812141557395,20.39670951394141,0.02494999720220634,12.861477300516613,29.982699817393115,20.27035799830911,1685757415.0,29485559.55,878.2179721623354,704.8373437950039,878.2179721623354,514.4517813350399
2024-07-01,817.888612537416,818.9960380974777,808.8368397383734,810.7627563476562,10967797,805.9864685058594,785.2367224121094,655.8771719360352,805.5513626846756,53.86266024670053,8.25219167550972,9.318542635564254,-1.0663509600545336,853.1345377852758,805.9864685058594,758.838399226443,0.11699469190052202,19.66545871716733,0.024255503306240614,13.080921092033407,28.876335756255695,20.938926159707453,1674789618.0,29776443.7,878.2179721623354,704.8373437950039,878.2179721623354,514.4517813350399
2024-07-02,812.7368170641629,814.9516094316318,792.6591597257975,795.5480346679688,21142840,802.1587097167969,787.0400366210938,657.1294638061523,804.5986647783226,48.10941306524738,6.497464185061631,8.754326945463731,-2.2568627604021003,838.378054748759,802.1587097167969,765.9393646848348,0.09030468557712078,19.853100930643542,0.024955251053985026,12.351323143439503,26.560309427299565,25.08001383796808,1653646778.0,29211466.75,863.7736004371982,704.8373437950039,878.2179721623354,514.4517813350399
2024-07-03,798.292447663417,812.5923552125606,794.440614381567,808.8368530273438,23598009,805.2762878417968,789.0021081542968,658.4602749633789,805.0023017544198,52.84684543384143,6.108709192038987,8.225203394778783,-2.116494202739796,831.0052089200062,805.2762878417968,779.5473667635874,0.06390085357452883,19.731575209239978,0.02439500022209414,11.673839334030879,24.815043462169253,23.432017429032673,1677244787.0,27055157.75,831.9959899913704,716.4890731382206,878.2179721623354,514.4517813350399
2024-07-04,811.7738338725269,813.6034781228886,803.3960850421123,808.2108764648438,13372587,807.6620178222656,790.6552258300782,659.7997943115234,805.3078802982697,52.6032197012873,5.684578697453844,7.717078455313795,-2.0324997578599513,823.1501757172533,807.6620178222656,792.1738599272779,0.03835306738021206,19.05127648577829,0.023572160485032766,11.100972934308837,24.244460728267207,22.535265322188337,1663872200.0,22115998.55,831.9959899913704,766.5147939369629,878.2179721623354,514.4517813350399
2024-07-05,806.9590387546798,829.3478187678616,805.996080474543,827.9033813476562,24873722,809.7227478027344,792.5714965820313,661.1972891235351,807.4598327791635,59.00578780669216,6.858413272718735,7.545345418794784,-0.6869321460760487,824.4490452286644,809.7227478027344,794.9964503768043,0.03637367843719686,19.358452329174025,0.023382501829697144,11.392345507762304,27.964813343545487,20.59356044521774,1688745922.0,19071823.8,831.9959899913704,780.4777241722821,878.2179721623354,514.4517813350399
2024-07-08,827.9033739699761,832.9589048956433,821.8848847727533,824.5330200195312,10359800,810.9890350341797,794.4184655761719,662.5570962524414,809.0858506115795,57.57234789738459,7.431064947703135,7.522489324576455,-0.09142437687332006,826.2272666600616,810.9890350341797,795.7508034082978,0.03757937769217723,18.76670717158231,0.022760407061851534,11.83679850828957,28.160546391318046,19.72555862884298,1678386122.0,18287727.45,832.9589048956433,790.6369197366024,878.2179721623354,514.4517813350399
2024-07-09,828.0478287632818,837.7255474919629,824.2922680509901,829.3959350585938,13585081,812.4093963623047,795.6126086425782,663.9021508789062,811.0201443684381,59.11563606513548,8.182964013012565,7.654584262263677,0.5283797507488881,828.8986499961834,812.4093963623047,795.9201427284261,0.040593458686499634,18.385748047967347,0.022167637036548126,12.480193219848918,28.542735941033584,18.696116303270145,1691971203.0,17552653.25,837.7255474919629,790.6369197366024,878.2179721623354,514.4517813350399
2024-07-10,828.2403880397673,828.3848552906051,812.2553041995063,817.5515747070312,17343236,813.0569854736328,796.7857983398437,665.2038479614258,811.642185353066,53.96663501962255,7.733956312341093,7.67045867227916,0.06349764006193226,829.2837662955178,813.0569854736328,796.8302046517479,0.039915482215388216,18.296811105904496,0.022380008395753062,12.246064495385367,26.63279929515785,22.1441533565311,1674627967.0,17395631.9,837.7255474919629,790.6369197366024,878.2179721623354,514.4517813350399
2024-07-11,822.7516382126789,826.5071405152041,818.273858372934,824.9664306640625,8501366,813.90439453125,797.6299584960938,666.5042620849609,812.9111610969704,56.519850295583154,7.885531878902043,7.713473313603737,0.17205856529830577,830.748539280324,813.90439453125,797.0602497821759,0.04139096646302072,17.629579298923666,0.021370056578826624,12.028659251240642,25.666437256273866,21.340660304605922,1683129333.0,17525073.3,837.7255474919629,790.6369197366024,878.2179721623354,514.4517813350399
2024-07-12,824.9663498407772,831.032975099971,823.6181847723751,827.855224609375,11446064,814.6651275634765,798.5366296386719,667.8150952148437,814.334405241009,57.508662110810576,8.144869154564049,7.7997524817958,0.3451166727682482,832.5541194796272,814.6651275634765,796.7761356473259,0.04391741173371087,16.8999515152574,0.020414138864958752,12.088254561959412,26.774945118510058,20.671864972483036,1694575397.0,17196569.5,837.7255474919629,790.6369197366024,878.2179721623354,514.4517813350399
2024-07-15,827.8552953420664,854.4810581363205,827.8552953420664,848.7033081054688,25392820,816.6945617675781,799.7882849121094,669.2230657958985,817.6076340852433,63.89090684899185,9.918329587838798,8.223467903004401,1.6948616848343967,839.6440573310373,816.6945617675781,793.7450662041189,0.056200926607835974,17.59465737323512,0.020731222802125124,13.286551430361996,33.39993943841259,18.437397576365953,1719968217.0,17142674.1,854.4810581363205,790.6369197366024,878.2179721623354,514.4517813350399
2024-07-16,849.6180412132858,855.2031872360685,841.9143753130872,848.0773315429688,11893692,818.4182525634766,801.0009020996093,670.6035189819336,820.5095100335981,63.58210169067586,11.14482804097031,8.807739930597585,2.3370881103727257,845.0614438378284,818.4182525634766,791.7750612891248,0.06510898600049334,17.28709698393127,0.02038386871216048,14.430014499889614,31.86439035309245,17.42503595788211,1708074525.0,17767140.3,855.2031872360685,790.6369197366024,878.2179721623354,514.4517813350399
2024-07-18,848.0292886499858,861.7514450438412,844.9959463584611,860.451416015625,19435183,820.3899139404297,802.9089685058593,672.059338684082,824.3135010795054,66.97965859972052,12.965859743766941,9.639363893231456,3.326495850535485,852.7367109928241,820.3899139404297,788.0431168880352,0.0788571300127983,17.2491256768919,0.02004660037258707,15.773694998189002,32.3651280731646,16.216009182703377,1727509708.0,17615370.75,861.7514450438412,790.6369197366024,878.2179721623354,514.4517813350399
2024-07-19,861.8476591694113,865.6994922830175,850.581035557251,856.4069213867188,14562742,822.5854583740235,804.8478991699219,673.5562588500976,827.3700172992401,64.85005828790389,13.92219715027602,10.49593054464037,3.42626660563565,858.2788178548252,822.5854583740235,786.8920988932217,0.08678334662359724,17.096935037525807,0.01996356476176297,17.188169718445202,31.970295130998718,15.191761133250427,1712946966.0,16940872.9,865.6994922830175,790.6369197366024,878.2179721623354,514.4517813350399
2024-07-22,848.7996180509505,861.8476914572568,835.8478169663675,844.3218383789062,14614111,824.53544921875,806.3765490722657,674.9454000854493,828.9844764496845,58.83096339006624,13.548754625974425,11.106495360907182,2.442259265067243,860.5034189465847,824.53544921875,788.5674794909154,0.0872442046291992,17.732859284194625,0.021002488006518494,17.308218045897217,28.62209743314986,19.535343853435684,1698332855.0,16969742.4,865.6994922830175,790.6369197366024,878.2179721623354,514.4517813350399
2024-07-23,850.2921997086647,851.7366371940136,817.647889030057,831.8997192382812,18279212,826.0376647949219,807.4862829589844,676.2918460083008,829.2621186200271,53.34966720274799,12.110831410520518,11.30736257082985,0.8034688396906677,860.5722543806341,826.0376647949219,791.5030752092096,0.08361504821765266,18.901137061320483,0.02272045130466816,16.223794775676545,24.934898735762868,23.896598390552807,1680053643.0,16750943.45,865.6994922830175,792.6591597257975,878.2179721623354,514.4517813350399
2024-07-24,832.1885940113407,835.8478238817672,815.8183025297853,820.4404907226562,19624845,826.5071075439453,808.4132397460937,677.5793380737305,828.4219635821822,48.82998142655361,9.932111728670407,11.032312402397963,-1.1002006737275565,860.4645195484004,826.5071075439453,792.5496955394901,0.08217088926279953,18.98173593922487,0.02313603016168238,15.107268580963796,23.05552039831959,22.783954491239548,1660428798.0,17029141.35,865.6994922830175,792.6591597257975,878.2179721623354,514.4517813350399
2024-07-25,816.1071101173486,819.2367244039343,810.0404849474438,817.070068359375,9522375,826.6587738037109,809.4347375488281,678.8719976806641,827.3408307038196,47.55390597671249,7.843085558883104,10.394467033694992,-2.5513814748118886,860.418562955655,826.6587738037109,792.8989846517668,0.08167768908229199,18.36875521322398,0.022481248456582528,14.335039528163767,22.123123656018713,24.109297040066764,1650906423.0,16964507.1,865.6994922830175,792.6591597257975,878.2179721623354,514.4517813350399
2024-07-26,813.362771563015,832.23673119642,812.7368251429314,830.50341796875,12081506,827.5471038818359,810.5468518066406,680.2308767700196,827.6420294909559,52.843430900795525,7.188610488043764,9.753295724564747,-2.564685236520983,860.7247909692253,827.5471038818359,794.3694167944466,0.08018319907534048,18.449551701814315,0.022214901591781928,13.789062301966009,25.485968999228227,22.289163665030713,1662987929.0,16626537.85,865.6994922830175,792.6591597257975,878.2179721623354,514.4517813350399
2024-07-29,833.9699855260068,856.1661615632173,831.2255780072089,839.3143920898438,26582781,828.6376495361328,811.7954089355469,681.5930868530273,828.7536830718024,55.979480842237756,7.296793362567087,9.261995252165216,-1.965201889598129,861.8569315179676,828.6376495361328,795.418367554298,0.0801780657695937,18.96477969414667,0.022595561178124775,14.433489319505867,32.03533945269908,20.13479005663018,1689570710.0,16211668.8,865.6994922830175,792.6591597257975,878.2179721623354,514.4517813350399
2024-07-30,842.2996149354311,847.9328973347123,836.8107410128214,840.469970703125,13528447,830.1230102539063,813.2252380371094,682.9402389526367,829.8695199890713,56.389114775373905,7.390580593950176,8.887712320522208,-1.4971317265720323,862.6621238417242,830.1230102539063,797.5838966660883,0.0783958839494531,18.404592310414113,0.02189797726504981,15.03188583579288,30.65252443407949,19.265665815628427,1703099157.0,16358988.45,865.6994922830175,792.6591597257975,878.2179721623354,514.4517813350399
2024-07-31,841.4810813734941,842.5403707610664,835.8477988655185,840.0848388671875,11636874,832.3498504638671,814.5356115722657,684.3645458984375,830.8424075012728,56.20140687136971,7.3491147103271715,8.5799927984832,-1.2308780881560288,860.9806112345586,832.3498504638671,803.7190896931756,0.06879501631371862,17.568019423637953,0.020912196733995997,15.517379076706058,29.81844300053728,19.132946411981003,1691462283.0,16487020.95,865.6994922830175,794.440614381567,878.2179721623354,514.4517813350399
2024-08-01,845.2848286735671,848.7515140014297,827.6145664441017,830.696044921875,11787203,833.4428100585938,815.4157556152344,685.713970336914,830.8284682079968,51.68458094171437,6.483912980109494,8.160776834808459,-1.676863854698965,859.9930835876913,833.4428100585938,806.8925365294962,0.06371228645485827,17.82294286175867,0.021455432430083226,15.371295478340269,27.292521893311513,20.81180639304065,1679675080.0,16011722.65,865.6994922830175,803.3960850421123,878.2179721623354,514.4517813350399
2024-08-02,824.9663688604599,826.5070785961769,814.8071707781978,816.4441528320312,12609331,833.8544738769531,815.9761962890625,686.9821911621094,829.4585334102858,45.68272497006033,4.595254557756448,7.447672379398058,-2.85241782164161,859.0477255725533,833.8544738769531,808.6612221813529,0.06042601553353983,17.68479509618142,0.021660752955162326,14.400282008616527,25.54102760898452,24.649095467564536,1667065749.0,15421182.35,865.6994922830175,805.996080474543,878.2179721623354,514.4517813350399
2024-08-05,799.25534329257,800.5553134135039,770.3665959446458,781.5850830078125,27676951,831.5385589599609,815.5823461914063,688.1194454956054,824.8991571814788,34.982302717986755,0.2823883484794578,6.014615573214338,-5.7322272247348804,865.4882397728143,831.5385589599609,797.5888781471076,0.08165509692133958,19.71284950983885,0.025221629657998228,15.266127810458213,21.276701903097386,36.63651725801615,1639388798.0,15383019.55,865.6994922830175,770.3665959446458,878.2179721623354,514.4517813350399
2024-08-06,792.1776770526977,795.9331791962649,766.1778026885571,768.15185546875,17900930,828.7195007324219,814.9872387695312,689.1585165405273,819.494652256457,31.883043210273527,-4.171452483540065,3.977401961863458,-8.148854445403524,872.475092270658,828.7195007324219,784.9639091941858,0.10559807389488224,20.430172866829487,0.026596528695959947,16.214192750936704,19.063252077490173,34.289659137536404,1621487868.0,15523181.0,865.6994922830175,766.1778026885571,878.2179721623354,514.4517813350399
2024-08-07,779.0333009734679,780.6703419145541,770.8962912047291,778.6962890625,17692355,826.1845184326172,814.5047973632812,690.2659371948242,815.6090938570325,36.629039624179015,-6.7722396010506145,1.8274736492806436,-8.599713250331257,875.064167350085,826.1845184326172,777.3048695151494,0.11832622816558946,19.865052408184816,0.0255106550361259,17.094538767095305,18.20516558957376,32.74619252115972,1639180223.0,15900237.5,865.6994922830175,766.1778026885571,878.2179721623354,514.4517813350399
2024-08-08,781.9221664085547,787.507312985182,773.06293798995,778.1184692382812,14769069,824.2128631591797,814.0599096679688,691.3813595581055,812.0385581790562,36.479047132607256,-8.778810695037237,-0.2937832195829324,-8.485027475454304,877.3243859558615,824.2128631591797,771.1013403624979,0.12887817012005165,19.477861164402473,0.025031999540468197,17.458497585165166,19.748070652350595,31.01162877924429,1624411154.0,16105601.2,865.6994922830175,766.1778026885571,878.2179721623354,514.4517813350399
2024-08-09,785.7739981345145,799.2072786074854,779.5629051443975,793.7665405273438,15320885,822.6528686523437,814.0916870117187,692.6219027709961,810.2983660217502,43.255756484580715,-9.002587937123963,-2.0355441630911386,-6.967043774032824,877.3920836805162,822.6528686523437,767.9136536241713,0.13307974022589947,19.592928893316877,0.02468349053904463,17.06825707253919,22.495174208129434,28.627392787360925,1639732039.0,15976892.85,865.6994922830175,766.1778026885571,878.2179721623354,514.4517813350399
2024-08-12,790.2035442003192,792.5146675912324,781.1517715969126,782.4998779296875,16120449,820.3851013183594,813.8365026855469,693.8084799194336,807.6508909653633,39.95093532426397,-9.974083499972267,-3.6232520304673645,-6.350831469504902,877.7684631793567,820.3851013183594,763.0017394573621,0.13989372008044076,19.0944888959679,0.024401906549158157,16.70589088224364,21.43364343933231,27.276487122303116,1623611590.0,16317868.8,865.6994922830175,766.1778026885571,878.2179721623354,514.4517813350399
2024-08-13,783.3665819906377,789.6258109801142,765.5999894887229,768.0073852539062,17585172,816.3503051757813,813.2048022460938,694.9188067626953,803.8753189928435,36.127335225089126,-11.777658259816349,-5.2541332763371615,-6.523524983479187,876.4837630816734,816.3503051757813,756.2168472698892,0.14732268126718914,19.44672693849814,0.025321015542147395,17.08578278081424,19.542172400779016,30.581627229839267,1606026418.0,16551588.05,865.6994922830175,765.5999894887229,878.2179721623354,514.4517813350399
2024-08-14,771.2815013387534,779.1777715549281,770.7518860016988,773.2555541992188,11788665,812.6092163085938,811.2278491210938,696.0733685302735,800.9591509172602,38.425574704591355,-12.637839728332324,-6.730874566736194,-5.90696516159613,873.6842557927928,812.6092163085938,751.5341768243948,0.15031835292649537,18.855559750106977,0.02438464185315001,17.438539543772656,18.715233223721892,29.28754665702112,1617815083.0,16161205.65,865.6994922830175,765.5999894887229,878.2179721623354,514.4517813350399
2024-08-16,773.2555353649926,784.7147629479969,773.2555353649926,782.0184326171875,11427335,808.6875671386719,811.9385119628906,697.2786111450196,799.1552729839199,42.1673443142646,-12.468717076552934,-7.878443068699543,-4.590274007853392,866.9801662740515,808.6875671386719,750.3949680032922,0.14416593380217943,18.327250309599638,0.023435829061296775,17.37438196307444,20.03737459711227,27.979530853772633,1629242418.0,16155954.3,865.6994922830175,765.5999894887229,878.2179721623354,514.4517813350399
2024-08-19,784.8110381744631,794.8258283062914,782.4999146750221,783.5592041015625,10151482,805.0451812744141,812.3997705078125,698.5299142456055,797.669933090362,42.82524017623144,-12.071209386786336,-8.716996332316903,-3.354213054469433,859.9616522702484,805.0451812744141,750.1287102785798,0.13643077996914318,17.932974979564232,0.022886560308006815,16.638834459029365,23.042532699328277,26.552212411278063,1639393900.0,15755561.9,861.8476914572568,765.5999894887229,878.2179721623354,514.4517813350399
2024-08-20,787.6517443817361,792.5146719871843,783.2221009869668,789.9146728515625,10347493,802.3248229980469,812.4642883300781,699.8610586547852,796.9313368771429,45.5754926526796,-11.115219138259363,-9.196640893505394,-1.9185782447539683,854.5117245001971,802.3248229980469,750.1379214958966,0.1300892107691333,17.315803266753754,0.021921105990149986,15.955826062416081,22.15925874994925,25.534404263741223,1649741393.0,15534998.9,856.1661615632173,765.5999894887229,878.2179721623354,514.4517813350399
2024-08-21,789.9146891751129,790.588771746324,781.1517920723019,785.3406372070312,14607257,799.9968688964843,812.1869555664063,701.1539431762695,795.8274607180847,43.937397282160454,-10.604435101646686,-9.478199735133654,-1.1262353665130327,850.8353663474498,799.9968688964843,749.1583714455188,0.12709674106872978,16.75303015298721,0.021332182952568623,15.447175150933797,21.267665355010138,25.389710769708067,1635134136.0,15321668.0,856.1661615632173,765.5999894887229,878.2179721623354,514.4517813350399
2024-08-22,788.662838830503,793.3813579571615,786.8331945713555,789.9146728515625,7832917,798.4705780029296,811.9654748535156,702.5132632446289,795.2643380641302,46.0265615103099,-9.718519578792211,-9.526263703865366,-0.19225587492684504,848.5901985945519,798.4705780029296,748.3509574113074,0.12553905421782086,16.13072233849743,0.02042084150717966,14.766927621193238,21.747013576750696,24.48570566715659,1642967053.0,15138070.25,856.1661615632173,765.5999894887229,878.2179721623354,514.4517813350399
2024-08-23,791.0702271868793,791.5517063269808,784.3295192254573,785.1480102539062,5537747,796.8744750976563,811.5764392089844,703.7817443847656,794.3008782726804,44.1789352737958,-9.293920449544885,-9.47979505300127,0.1858746034563854,846.5544121376007,796.8744750976563,747.1945380577118,0.12468698293757295,15.494398392999297,0.019734366247694646,14.304434195808463,21.022968496683795,24.824663127246573,1637429306.0,14548473.85,856.1661615632173,765.5999894887229,878.2179721623354,514.4517813350399
2024-08-26,787.6998695275697,792.9480038850295,783.6554330147424,784.859130859375,8523795,794.5922607421875,811.1132568359375,705.0296029663086,793.401664233318,44.06349128329834,-8.87838820084312,-9.359513682569641,0.48112548172652225,842.0259478700402,794.5922607421875,747.1585736143347,0.11939126385033602,15.051410712805572,0.0191772129812966,13.759764956750903,20.75850506190912,23.729915523077395,1628905511.0,14349242.45,856.1661615632173,765.5999894887229,878.2179721623354,514.4517813350399
2024-08-27,787.5073199593448,789.0962247326166,781.0073511539267,785.677734375,12833290,791.9104278564453,810.5740002441406,706.2798974609375,792.6660518658591,44.506022248271016,-8.386348828666883,-9.16488071178909,0.7785318831222074,834.7714324369457,791.9104278564453,749.0494232759448,0.1082471023813065,14.554086631797311,0.01852424473168374,13.450789514005328,19.934421728692463,24.087497462705546,1641738801.0,14171356.9,848.7515140014297,765.5999894887229,878.2179721623354,514.4517813350399
2024-08-28,784.5702603306938,786.9295198766698,776.625854503473,779.41845703125,10371300,788.8578521728516,810.0000769042969,707.4948699951171,791.4043761673249,41.783988679592575,-8.404592540809062,-9.012823077593085,0.6082305367840224,825.7278517274651,788.8578521728516,751.9878526182381,0.09347691590584484,14.25048511332585,0.018283484288536024,13.487176890509176,18.90489481751704,25.0396462592517,1631367501.0,13483882.35,848.7515140014297,765.5999894887229,878.2179721623354,514.4517813350399
2024-08-29,779.5628735084862,785.7739662465469,777.0592054590912,784.3295288085938,18247268,786.0700866699219,809.4145971679687,708.707406616211,790.730581180779,44.64467895485227,-7.931340805510558,-8.796526623176579,0.8651858176660205,814.4878738902848,786.0700866699219,757.652299449559,0.07230344393526278,13.855076232906553,0.017664866263485686,13.520965168691319,18.055532908169756,23.914661330140525,1649614769.0,13326025.0,848.7515140014297,765.5999894887229,878.2179721623354,514.4517813350399
2024-08-30,786.8814263829273,790.2999167148297,784.1850960274376,785.3887939453125,8911426,783.8047241210937,808.7020092773438,709.8965902709961,790.2218395393061,45.26937944417893,-7.385674098224854,-8.514356118186235,1.1286820199613814,803.523769801998,783.8047241210937,764.0856784401894,0.050316220543365334,13.302200836798379,0.01693709018940322,13.092519052737277,19.892976978396202,23.129432159485503,1658526195.0,13656544.7,826.5070785961769,765.5999894887229,878.2179721623354,514.4517813350399
2024-09-02,787.0257841074723,794.8257813768107,782.9332114506573,791.6961669921875,11813750,782.5673248291016,808.2860119628906,711.1353051757812,790.3622516776758,48.96279264841051,-6.370837955179468,-8.085652485584882,1.7148145304054143,796.0619403233115,782.5673248291016,769.0727093348917,0.034488062729061464,13.201512914609456,0.016674973891517817,12.25425816561034,21.06171665153797,21.641137429890538,1670339945.0,13512755.85,800.5553134135039,765.5999894887229,878.2179721623354,514.4517813350399
2024-09-03,791.6961816359209,795.3554113830713,786.159171468402,794.2479858398438,10548350,783.2004699707031,808.06453125,712.361208190918,790.7323215978823,50.42054998630272,-5.2995723742888,-7.528436463325666,2.2288640890368656,797.6086539223924,783.2004699707031,768.7922860190139,0.03679309322229646,12.915421986042308,0.016261195767950792,11.423927730677647,20.28343557867822,20.540476021013376,1680888295.0,13472976.8,799.2072786074854,765.5999894887229,878.2179721623354,514.4517813350399
2024-09-04,785.2443376942574,788.325815931437,783.5110245528155,786.2554321289062,10789570,784.1056488037109,807.7525317382813,713.5445440673828,790.3059511722656,45.98977193714935,-5.03745037903002,-7.030239246466537,1.9927888674365173,796.7900001461622,784.1056488037109,771.4212974612595,0.03235367928238631,12.75981765039845,0.016228590772148055,10.916929525159563,19.064304505631217,20.78830981186312,1670098725.0,12616546.75,799.2072786074854,765.5999894887229,878.2179721623354,514.4517813350399
2024-09-05,788.0369123055189,791.6962009160937,784.2332739868236,788.422119140625,8395074,784.5919403076172,807.29994140625,714.7479473876953,790.1265385978236,47.340732072554886,-4.601836172362141,-6.544558631645659,1.9427224592835177,797.1546231398623,784.5919403076172,772.029257475372,0.032023481728144405,12.381468313174997,0.015704110796220073,10.189647839098187,20.18789030139175,19.893299201854017,1678493799.0,12260978.75,799.2072786074854,765.5999894887229,878.2179721623354,514.4517813350399
2024-09-06,781.4406841241514,782.7888492947188,748.2186217676717,753.514892578125,40220096,783.3617614746094,806.0895043945312,715.7713684082031,786.639715167376,33.01350817195045,-6.992722475002893,-6.634191400317106,-0.3585310746857866,801.7068712774419,783.3617614746094,765.0166516717768,0.0468368784514054,14.36875610315916,0.019068974276005297,11.987063853946792,16.153224546300365,33.82076495562282,1638273703.0,11796114.7,799.2072786074854,748.2186217676717,878.2179721623354,514.4517813350399
2024-09-09,755.9222919924988,759.0037704153561,742.4408753200211,755.2000732421875,21322103,781.4334381103515,804.93876953125,716.7944552612305,783.6454635554534,34.0511562124196,-8.651804482787611,-7.037714016811208,-1.6140904659764033,802.8491702034224,781.4334381103515,760.0177060172806,0.05481140439768756,14.525480316886012,0.01923394982540976,13.925238891451581,14.837584926547175,33.90733628887915,1659595806.0,13068666.05,795.3554113830713,742.4408753200211,878.2179721623354,514.4517813350399
2024-09-10,758.8111049121503,759.5814597612606,748.7000432350214,753.6593017578125,12824701,779.9914093017578,803.6618859863281,717.793974609375,780.7896386223448,33.53959559079779,-9.975969541967629,-7.625365121842493,-2.350604420125136,804.5753240427254,779.9914093017578,755.4074945607903,0.06303637308768534,14.265190046125522,0.018927902850603473,15.66299447409362,14.318413999158274,32.05988281115995,1646771105.0,13368726.95,795.3554113830713,742.4408753200211,878.2179721623354,514.4517813350399
2024-09-11,751.1555836071334,758.811113576376,737.0482802754062,740.1296997070312,20060665,778.597525024414,802.2492248535157,718.7260824584961,776.917263487553,29.36742055703175,-11.979019030652807,-8.496095903604557,-3.4829231270482506,808.3576497278426,778.597525024414,748.8374003209855,0.07644546443297622,14.80073599290011,0.01999748962750549,17.802836744674067,12.814583103048822,34.3158633386431,1626710440.0,13203939.55,795.3554113830713,737.0482802754062,878.2179721623354,514.4517813350399
2024-09-12,746.2927156991332,760.6408185171384,744.1260594277486,758.5704345703125,17578964,777.8632690429688,801.5096728515625,719.852678527832,775.1699464478157,40.273096360813724,-11.940790988185427,-9.185034920520732,-2.755756067664695,808.8151354637579,777.8632690429688,746.9114026221797,0.07958176623732395,15.208620479843471,0.020049055152615194,19.584114934385735,12.439462471589287,31.010140626302068,1644289404.0,13327714.2,795.3554113830713,737.0482802754062,878.2179721623354,514.4517813350399
2024-09-13,761.7000092457633,765.5518424151477,756.0185318111974,761.5555419921875,12950936,776.8401245117187,800.5640466308594,720.9908853149414,773.8733364996606,41.8385814337666,-11.536634625097577,-9.6553548614361,-1.8812797636614764,808.5192351597453,776.8401245117187,745.1610138636921,0.08155889390481329,14.803241202993961,0.019438163583275218,20.686806999678428,14.236912122768869,29.58367067571678,1657240340.0,13617229.15,795.3554113830713,737.0482802754062,878.2179721623354,514.4517813350399
2024-09-16,761.5555716904744,765.5518722692779,755.344537482079,756.451904296875,9553736,775.4847595214844,799.5288671875,722.114228515625,772.2141524803476,39.91242480675798,-11.495644075579662,-10.023412704264814,-1.472231371314848,808.2005766902754,775.4847595214844,742.7689423526934,0.084375138949161,14.474962173294312,0.019135337079690274,21.747536401709567,13.519807222038267,28.426149773164223,1647686604.0,13693409.2,795.3554113830713,737.0482802754062,878.2179721623354,514.4517813350399
2024-09-17,756.5000258703583,758.3296701716079,751.637098153009,753.9000854492188,10665630,773.6840301513672,798.0488012695313,723.2368878173828,770.4699556202402,38.946946001526825,-11.536088378470481,-10.325947839105947,-1.2101405393645344,806.9840202291828,773.6840301513672,740.3840400735517,0.08608162707274851,13.919077162244637,0.018462761088494664,22.939071274788727,13.055479007210836,29.35242155846119,1637020974.0,13663521.9,795.3554113830713,737.0482802754062,878.2179721623354,514.4517813350399
2024-09-18,754.7667043250664,765.3111094724715,753.0333911386886,763.3851928710938,18324412,772.5862579345703,796.8258447265625,724.4022372436524,769.7952163107976,44.33683276758752,-10.679663369833861,-10.39669094525153,-0.2829724245823311,805.7239530275879,772.5862579345703,739.4485628415528,0.08578380666932328,13.801837245925942,0.018079781183621333,23.220927784671673,15.839023724273643,27.487344996096688,1655345386.0,13679428.75,795.3554113830713,737.0482802754062,878.2179721623354,514.4517813350399
2024-09-19,765.5999675189145,771.6665929182252,755.0074264560737,760.6889038085938,10645478,771.1249694824219,795.4517041015625,725.5522113037109,768.9279484534449,43.17011886675888,-10.102058135918355,-10.337764383384895,0.23570624746654012,803.6491142774654,771.1249694824219,738.6008246873783,0.08435505548957568,14.005932189942051,0.018412168390806782,22.79768497367165,17.734564468388008,25.15202710730851,1644699908.0,13865286.5,795.3554113830713,737.0482802754062,878.2179721623354,514.4517813350399
2024-09-20,765.4073730812867,765.4073730812867,750.625986843672,752.7445068359375,21372244,769.5047943115235,794.1555627441406,726.6430480957031,767.3866682993965,39.843264488426875,-10.168136322140413,-10.303838771135998,0.1357024489955858,802.3005146304216,769.5047943115235,736.7090739926253,0.0852385080933524,14.061321764775812,0.01868007223842885,22.718530738756016,16.402940784902903,25.48913285748636,1623327664.0,14005914.55,795.3554113830713,737.0482802754062,878.2179721623354,514.4517813350399
2024-09-23,756.8852061006995,775.1814133728537,755.4407686844768,772.1480712890625,17309545,768.8692413330078,793.0991955566407,727.8112509155274,767.8401352507933,49.981967762322405,-8.556168092040593,-9.954304635316918,1.3981365432763244,800.9346403380482,768.8692413330078,736.8038423279675,0.0834092386098,14.6595778199287,0.018985448989667576,21.661180025169603,19.37210044732641,22.702571945104527,1640637209.0,14797639.4,795.3554113830713,737.0482802754062,878.2179721623354,514.4517813350399
2024-09-24,769.6444158126969,774.4592072785255,766.9962805064912,768.6814575195312,15180653,768.0194274902344,791.9157202148438,728.9803518676758,767.9202611811493,48.412108310876945,-7.472262821104096,-9.457896272474354,1.9856334513702585,799.1450285923264,768.0194274902344,736.8938263881424,0.08105420250580253,14.14553131650767,0.018402331912823915,20.679354362553646,18.642074002810556,21.84703860097831,1625456556.0,15236926.9,795.3554113830713,737.0482802754062,878.2179721623354,514.4517813350399
2024-09-25,768.3444760133515,768.4407483367515,759.4852476109977,763.7222290039062,18465571,767.2346160888671,790.2160986328125,730.0915090942383,767.5204485928405,46.17764833334933,-6.933503270236656,-8.953017672026814,2.0195144017901576,797.9599303475443,767.2346160888671,736.50930183019,0.08009366004705475,13.792008358795233,0.018058932731058023,20.370381476310524,17.754207735826746,24.696480323117015,1606990985.0,15354295.05,795.3554113830713,737.0482802754062,878.2179721623354,514.4517813350399
2024-09-26,766.5147888755175,773.2554968178902,762.277748944874,772.1480712890625,23198842,766.6255432128906,788.6975134277344,731.1361184692382,767.9611745639093,50.369012435530315,-5.760236963815373,-8.314461530384525,2.554224566569152,796.4406779173208,766.6255432128906,736.8104085084605,0.0777827844855688,13.590989752668154,0.0176015329935082,19.589017716505058,19.260319174990983,23.27163016623349,1630189827.0,15759008.6,795.3554113830713,737.0482802754062,878.2179721623354,514.4517813350399
2024-09-27,772.1480434176262,778.0702601200948,768.8740206569526,772.91845703125,15193681,766.0020263671875,786.9468542480469,732.1204156494141,768.4332967036561,50.74667839197863,-4.713912226201842,-7.594351669547989,2.8804394433461473,794.7230187189731,766.0020263671875,737.2810340154018,0.07498933779064983,13.277079017702015,0.01717785220021626,18.392805032096057,20.897694289894456,22.120282454129523,1645383508.0,16006587.3,795.3554113830713,737.0482802754062,878.2179721623354,514.4517813350399
2024-09-30,772.1962595176911,772.8702832866289,757.3185425049131,758.71484375,15484573,764.3529602050781,784.9930126953125,733.0327474975586,767.5077297556888,44.08583425653008,-4.97347410690395,-7.070176157019182,2.0967020501152316,790.6702655088333,764.3529602050781,738.035654901323,0.06886165599906648,13.442995839747361,0.017718113663500287,18.216631776711836,19.165500447060865,26.42668488577851,1629898935.0,16320700.05,795.3554113830713,737.0482802754062,878.2179721623354,514.4517813350399
2024-10-01,758.811137952777,770.7036494096986,758.811137952777,767.4296264648438,13280535,763.0120422363282,783.4551684570313,733.9732632446289,767.5002913470369,48.54819496565703,-4.4249604452226095,-6.541133014659868,2.116172569437259,785.5632944846963,763.0120422363282,740.4607899879601,0.05911113062454989,13.339125112601025,0.017381561321847268,18.053042325283627,17.935116368585568,24.730148318932322,1643179470.0,16504241.2,791.6962009160937,737.0482802754062,878.2179721623354,514.4517813350399
2024-10-03,760.6408027275493,774.2184915699847,755.2482008550121,764.6851806640625,15944135,761.9335296630859,782.1108776855468,734.8884548950195,767.232185567706,47.268812787684894,-4.163716524079177,-6.065649716543731,1.9019331924645533,781.843704554004,761.9335296630859,742.0233547721677,0.05226223578773882,13.741351227056139,0.017969945769215734,18.177048331494102,16.166552658442956,24.14357472286007,1627235335.0,16640850.45,791.6962009160937,737.0482802754062,878.2179721623354,514.4517813350399
2024-10-04,762.6629675013947,779.8517495092212,756.1629990283715,767.1407470703125,20097454,760.8694610595703,781.0448828125,735.815450744629,767.2234771393828,48.57464159352746,-3.7157028380797783,-5.59566034085094,1.8799575027711617,776.9000581893812,760.8694610595703,744.8388639297594,0.04213757536670485,14.451879745184256,0.018838628765810644,17.671398245968735,17.057985691191206,21.31679901019016,1647332789.0,16898578.7,782.7888492947188,737.0482802754062,878.2179721623354,514.4517813350399
2024-10-07,770.3666227637009,774.2184558775194,737.0482898388944,742.1038208007812,24267990,760.2989074707032,779.5455578613281,736.6260223388672,764.8311289166588,38.190171979279,-5.31959845216727,-5.540447963114206,0.22084951094693572,778.0553100934764,760.2989074707032,742.54250484793,0.04670900470406737,16.07461448043002,0.021660870123380315,18.53263804471742,14.240552379102462,26.28968859194746,1623064799.0,17483697.7,779.8517495092212,737.0482802754062,878.2179721623354,514.4517813350399
2024-10-08,743.6445559601656,755.3445229531092,743.6445559601656,752.5037841796875,8560960,760.1640930175781,777.9855651855469,737.4533157348633,763.6570960845663,43.5853082380266,-5.685962912155901,-5.569550952922545,-0.11641195923335612,778.1131961060722,760.1640930175781,742.214989929084,0.04722428552825381,15.87219217127987,0.02109250811088255,19.332360714984056,13.392011239165988,24.72318458757175,1631625759.0,16686092.4,779.8517495092212,737.0482802754062,878.2179721623354,514.4517813350399
2024-10-09,757.5593104537433,774.5554892758929,753.0815308248506,767.8629760742188,18758697,760.8742767333985,776.5565368652344,738.3394100952148,764.0576560835808,50.462348065619935,-4.682968615293703,-5.392234485396777,0.7092658701030743,778.8616321876576,760.8742767333985,742.8869212791393,0.04728075584703127,16.313585951631694,0.02124543891286,18.25582819868944,20.510442442141354,22.336092813790522,1650384456.0,16048035.25,779.8517495092212,737.0482802754062,878.2179721623354,514.4517813350399
2024-10-10,769.4036799200226,774.6518143977434,765.5518467289336,767.5740356445312,10241015,762.2464935302735,775.0986181640625,739.1075695800781,764.3925493750999,50.33803116431253,-3.866829088037207,-5.087153405924863,1.2203243178876564,777.7036245441534,762.2464935302735,746.7893625163936,0.040556778273368385,15.7983275028587,0.02058215464465634,17.248304723775245,19.710123317585758,21.417108905904215,1640143441.0,16344735.05,779.8517495092212,737.0482898388944,878.2179721623354,514.4517813350399
2024-10-11,767.6703835690523,772.9666543229133,763.6259468748779,770.1259155273438,14322720,762.824267578125,773.6994396972656,739.8873049926758,764.9385842467422,51.47504170227612,-2.9797683385601204,-4.665676392451915,1.6859080538917945,778.5501056824974,762.824267578125,747.0984294737527,0.04123056586623798,15.337068927514181,0.01991501469861863,16.465370398491753,18.852693254587077,21.382361331242112,1654466161.0,15853752.55,779.8517495092212,737.0482898388944,878.2179721623354,514.4517813350399
2024-10-14,772.2925246699068,779.273972056262,771.136963002821,775.3258666992188,8967564,763.5127838134765,772.5920361328125,740.6603656005859,765.9278492422161,53.796389386387204,-1.8360093292355941,-4.099742979808651,2.263733650573057,780.1363161954338,763.5127838134765,746.8892514315193,0.043544869802778136,14.894996613328756,0.01921127264428951,15.393582832080567,21.050297311151713,20.44433277585402,1663433725.0,15690940.35,779.8517495092212,737.0482898388944,878.2179721623354,514.4517813350399
2024-10-15,775.6629124338771,777.5888290383062,771.9073515455158,774.8444213867188,6252104,764.4324096679687,771.7600415039062,741.5207543945312,766.7770465893116,53.541005246316686,-0.957384553933025,-3.4712712946335262,2.513886740700501,781.4226709994978,764.4324096679687,747.4421483364397,0.04445196492626147,14.236888104718878,0.018373866690863556,14.398351520413037,20.450262540761248,19.86157091070701,1657181621.0,15491771.75,779.8517495092212,737.0482898388944,878.2179721623354,514.4517813350399
2024-10-16,773.0628831824524,779.0332361787332,772.3406644838936,775.61474609375,6494240,765.5181427001953,771.640634765625,742.3504269409179,767.6187322564009,53.91795553608626,-0.19664255045506707,-2.8163455457978346,2.6197029953427675,782.4526245092935,765.5181427001953,748.5836608910971,0.04424318867052733,13.698008361156068,0.017660840552792125,13.607884391538146,20.48976706272541,19.168430587011766,1663675861.0,15326690.15,779.8517495092212,737.0482898388944,878.2179721623354,514.4517813350399
2024-10-17,779.514689677183,789.1442720079697,776.1443358614076,781.0072631835938,18580553,766.3992462158203,771.8977429199218,743.2402096557618,768.893830439943,56.57417950768969,0.8317936309521201,-2.086717710447844,2.918511341399964,784.5856140829027,766.3992462158203,748.212878348738,0.0474592530117417,13.685973900660612,0.01752349119632119,13.738658699769367,24.32000102446026,17.814908359258688,1682256414.0,15118120.65,789.1442720079697,737.0482898388944,878.2179721623354,514.4517813350399
2024-10-18,781.0554274190987,792.1294474976112,773.1592166434322,790.010986328125,11704698,767.8653503417969,772.1240368652344,744.1688549804687,770.9049881435794,60.65236412795106,2.34631506516871,-1.2001111553245332,3.5464262204932435,788.5324106820746,767.8653503417969,747.1982900015192,0.05382990736872867,14.063420825911926,0.017801550952192446,14.09140165027907,23.49293906777402,16.09843447384739,1693961112.0,15130927.7,792.1294474976112,737.0482898388944,878.2179721623354,514.4517813350399
2024-10-21,794.1517285715379,795.8369056109815,779.0332713770955,783.7999267578125,10359618,769.4181213378906,772.237666015625,745.0167233276367,772.1330775354111,56.696823726345166,3.010698159699018,-0.35794929231982286,3.368647452018841,789.9738299242972,769.4181213378906,748.862412751484,0.05343182858928149,14.259150355052931,0.018192334380580884,14.701978819893698,23.37261060079621,14.743353711665332,1683601494.0,15183888.7,795.8369056109815,737.0482898388944,878.2179721623354,514.4517813350399
2024-10-22,783.8480454773676,786.5924530851014,758.329650876446,761.1222534179688,16645356,768.866830444336,771.5847802734374,745.7377072143555,771.0844276194641,45.12519127145886,1.6878711079651794,0.05121478773717758,1.6366563202280018,789.6897800061482,768.866830444336,748.0438808825237,0.054165295568228564,15.259411201738825,0.020048567931384802,14.01990413637301,20.2804885290137,22.484120275597242,1666956138.0,14633257.4,795.8369056109815,737.0482898388944,878.2179721623354,514.4517813350399
2024-10-23,760.7370259136948,763.2406938816622,750.9148399002006,756.8851928710938,13866198,768.2770172119141,771.0724865722656,746.4817822265625,769.7321195481908,43.34516103171338,0.29423401687927253,0.09981863356559659,0.19441538331367594,789.7458030420507,768.2770172119141,746.8082313817774,0.05588813760965314,15.049871400290451,0.019883955376642726,13.931100802681424,19.094079054461616,24.687960247075296,1653089940.0,14600047.95,795.8369056109815,737.0482898388944,878.2179721623354,514.4517813350399
2024-10-24,756.9333844585227,767.4777899396578,755.585278059477,765.1185302734375,5607500,768.3468322753906,771.0147094726562,747.2703387451172,769.2927300934524,47.66526575124711,-0.14420954109948525,0.05101299863258022,-0.19522253973206546,789.7649381036862,768.3468322753906,746.9287264470951,0.05575113979416754,14.824345720282619,0.019375227672220545,13.46895901578776,20.041521705863232,23.273289956558006,1658697440.0,14534325.2,795.8369056109815,737.0482898388944,878.2179721623354,514.4517813350399
2024-10-25,768.4407046924659,771.0888399529977,743.4037895019845,752.0222778320312,9717125,767.340542602539,770.5900439453125,748.002410583496,767.6479251161743,42.158481826948474,-1.5307913320940543,-0.2653478675127467,-1.2654434645813075,789.81481931162,767.340542602539,744.866265893458,0.05857706053913544,15.74296748676337,0.020934177019526618,13.881577345226018,17.52406866347002,25.876840896381733,1648980315.0,13891421.65,795.8369056109815,737.0482898388944,878.2179721623354,514.4517813350399
2024-10-28,754.7667145175037,774.1703480481368,754.5259749390806,762.7111206054688,13757251,766.83017578125,770.2038977050781,748.7689852905273,767.1777532580119,47.490618296445575,-1.7470284532876121,-0.5616839846677198,-1.1853444686198924,789.2380962594611,766.83017578125,744.4222553030388,0.05844298043013729,16.200474824573526,0.021240643261780396,13.979136452651426,17.17146218309361,23.349921622409415,1662737566.0,13217335.8,795.8369056109815,737.0482898388944,878.2179721623354,514.4517813350399
2024-10-29,766.5148254883454,803.925732845734,761.2185547092174,801.8554077148438,28274791,768.9872039794922,770.5698217773438,749.7345962524414,770.4803870158054,61.491149416954485,1.2260853488419343,-0.20413011796578906,1.4302154668077234,795.7395023699243,768.9872039794922,742.2349055890601,0.06957800663519373,18.093810775426604,0.022564929538844158,14.019708331328285,26.022925313107393,19.413258754730844,1691012357.0,13145514.3,803.925732845734,737.0482898388944,878.2179721623354,514.4517813350399
2024-10-30,797.3294530672716,802.1442444505282,790.6368812896834,791.9850463867188,15977682,770.214974975586,770.6112292480469,750.6546438598633,772.5284498130352,57.33958751603771,2.754096280473618,0.38751516172209244,2.366581118751526,798.7623167823115,770.214974975586,741.6676331688604,0.07412824402078237,17.6233502315279,0.022252124976261972,14.057382218671085,24.80921392553128,18.507822761771564,1675034675.0,13785025.2,803.925732845734,737.0482898388944,878.2179721623354,514.4517813350399
2024-10-31,789.625816992613,797.3294834998579,783.4147241162844,789.8184204101562,13402324,771.4716369628907,770.7007849121094,751.6346524047851,774.1751136794277,56.43882062566789,3.7470338694566863,1.0594189032690111,2.687614966187675,801.1259320377085,771.4716369628907,741.8173418880729,0.07687721402580673,17.358450885245443,0.021977774177805477,13.537325028549564,23.388686234142813,20.41995774583695,1661632351.0,13919882.55,803.925732845734,737.0482898388944,878.2179721623354,514.4517813350399
2024-11-01,791.9369337915391,795.0183533490626,788.566579722976,790.7813720703125,1637141,772.6536682128906,770.7181188964844,752.6270520019531,775.7566620976072,56.76391498627293,4.559091840900919,1.7593534907953927,2.7997383501055264,803.3881810187232,772.6536682128906,741.9191554070579,0.07955572870551446,16.57940250959124,0.020965848583642508,13.05441478057958,22.738574451047743,19.852364722099992,1663269492.0,13792792.0,803.925732845734,737.0482898388944,878.2179721623354,514.4517813350399
2024-11-04,792.2258449875555,806.4776167890851,777.2036594878515,799.1109619140625,14498161,775.5040252685546,770.9973779296874,753.6783837890625,777.9808811277459,59.57433236088649,5.807832839215848,2.569049360479484,3.238783478736364,804.9225768754944,775.5040252685546,746.0854736616149,0.07586950073341588,17.486156423279983,0.021882012957745497,13.344984506750563,24.700445948564575,17.478416263610708,1677767653.0,12869776.35,806.4776167890851,743.4037895019845,878.2179721623354,514.4517813350399
2024-11-05,799.1109232553587,819.8627216790217,795.6442968785319,817.7442016601562,26254561,778.7660461425781,771.6550793457031,754.8302215576172,781.7678640355945,65.04764592221096,8.206417329444776,3.6965229542725426,4.509894375172233,811.5369530602918,778.7660461425781,745.9951392248645,0.08416110866680979,17.967032735937824,0.02197145843340958,14.33997868852412,27.643552943987277,15.79557335852383,1704022214.0,12381284.9,819.8627216790217,743.4037895019845,878.2179721623354,520.8918604785226
2024-11-06,817.7441759391488,829.492278606691,814.8553011245552,823.13671875,15002433,781.5297332763672,772.4042590332032,755.9455679321289,785.7077549607759,66.46281264203294,10.422302070216347,5.041678777461303,5.380623292755043,819.1243659259817,781.5297332763672,743.9351006267527,0.09620781154930197,17.729171646380536,0.021538550331351665,15.714183169412859,29.893024049478424,14.864100254770005,1719024647.0,13265964.95,829.492278606691,743.4037895019845,878.2179721623354,525.7693472920832
2024-11-07,829.1070762299017,830.4552413269911,815.3367846280997,827.7589111328125,15283847,784.5389770507812,773.3710681152344,757.0532455444336,789.7126269771604,67.67108134077372,12.408343329903119,6.5150116879496665,5.893331641953452,826.5581308911716,784.5389770507812,742.5198232103909,0.10711807843721842,17.542692007274166,0.021192996863381965,17.03410937408644,28.44496433682559,13.949098742310577,1734308494.0,13078151.75,830.4552413269911,743.4037895019845,878.2179721623354,525.7693472920832
2024-11-08,827.7588901564618,831.5144508501054,803.2997858129482,811.9182739257812,26139105,786.6285949707031,773.9228430175781,758.0968731689453,791.8274504960767,59.72904657951326,12.559312364938364,7.723871823347406,4.835440541590958,829.7159618922911,786.6285949707031,743.5412280491151,0.109549454970405,18.30497579512295,0.022545342780148137,17.198509374502876,25.313243097513926,17.110341978646005,1708169389.0,13330293.35,831.5144508501054,743.4037895019845,878.2179721623354,525.7693472920832
2024-11-11,814.662743202751,822.3664098051412,810.810909901556,816.2516479492188,12621337,788.6748840332032,774.5401000976562,759.2137829589843,794.1535645392331,61.07489656444451,12.880149139386276,8.755127286555181,4.125021852831095,833.2812368633115,788.6748840332032,744.0685312030948,0.11311721403373715,17.822870374298823,0.021835019162384138,17.35116651774671,24.14096447848682,16.3179469469806,1720790726.0,13921112.6,831.5144508501054,743.4037895019845,878.2179721623354,525.7693472920832
2024-11-12,820.9218861125494,821.7885720240326,793.766452435842,796.0775756835938,11350729,789.7365417480469,774.6277282714843,760.2189312744141,794.3368036958389,52.31009080175122,11.375406954138725,9.279183220071891,2.096223734066834,833.9849527220148,789.7365417480469,745.488130774079,0.11205866421231062,18.5513881752911,0.023303492953385827,16.181510877265307,21.536303818369607,21.11998376186474,1709439997.0,14103801.25,831.5144508501054,743.4037895019845,878.2179721623354,525.7693472920832
2024-11-13,792.8517297121596,800.940603318519,774.8444556831504,778.6962890625,13756706,789.8906188964844,774.3166943359375,761.1397775268555,792.847230873616,46.16328747649218,8.680302241460026,9.15940702434952,-0.4791047828894932,833.9623709381526,789.8906188964844,745.8188668548162,0.1115895061603304,19.09029956529664,0.024515719200717042,16.07651276993583,19.433461100332895,26.137675961193555,1695683291.0,14358732.5,831.5144508501054,743.4037895019845,878.2179721623354,525.7693472920832
2024-11-14,778.6962686314655,787.6999054097373,771.3777501381329,774.459228515625,9461484,789.5632171630859,774.0807702636719,762.1466952514648,791.0959925538074,44.78184360303237,6.131833009935804,8.553892221466777,-2.422059211530973,833.9899357062678,789.5632171630859,745.136498619904,0.11253492456958127,18.892574972890053,0.02439453786237488,16.160198940009046,18.234214570944353,25.83539299292063,1686221807.0,14721855.8,831.5144508501054,743.4037895019845,878.2179721623354,525.7693472920832
2024-11-18,780.9592121300385,786.4480864115857,769.6444516583641,784.136962890625,9322451,789.2695159912109,773.9950671386719,763.1394940185547,790.4332278239805,48.567716533048156,4.837303641819176,7.810574505537256,-2.9732708637180805,833.7581328121743,789.2695159912109,744.7808991702476,0.11273365034272714,18.743364957199447,0.02390317743485057,16.331071888538233,17.066559158094876,24.841522589875403,1695544258.0,14265902.35,831.5144508501054,743.4037895019845,878.2179721623354,525.7693472920832
2024-11-19,788.6628877822667,789.9147218810267,770.462951477566,773.2555541992188,13677029,788.7422973632813,774.3898803710938,764.104167175293,788.7972589073365,44.84472852315605,2.8999126613099406,6.828442136691794,-3.928529475381853,833.7248640074226,788.7422973632813,743.75973071914,0.11406150473865899,18.79396534621811,0.024304985905573076,16.211702367907634,17.12238542372691,23.005022776584173,1681867229.0,14146790.0,831.5144508501054,743.4037895019845,878.2179721623354,525.7693472920832
2024-11-21,768.9221597525542,768.9221597525542,733.3408407931131,751.8296508789062,29486577,788.2776672363282,774.3224719238282,764.9134100341797,785.2765343332003,38.57450508213948,-0.36022256163596467,5.390709197026243,-5.750931758662207,834.5648480303992,788.2776672363282,741.9904864422572,0.11743877244766328,20.302590207638648,0.027004242495496752,17.775042978218593,14.71792407869193,32.8347754930127,1652380652.0,14312660.55,831.5144508501054,733.3408407931131,878.2179721623354,525.7693472920832
2024-11-22,756.8851983330345,789.5776432728918,755.0074179563543,785.8220825195312,20665405,789.72451171875,774.9657275390625,765.8746203613281,785.328491303327,50.4189588165507,-0.19870749077006167,4.272825859466982,-4.471533350237044,833.7499380079258,789.72451171875,745.6990854295742,0.11149565610761969,21.548690363806283,0.027421843752107464,17.832729979563403,19.72312141273978,28.72631614999894,1673046057.0,14954721.6,831.5144508501054,733.3408407931131,878.2179721623354,525.7693472920832
2024-11-25,796.3664717835007,818.1293046973657,795.0665016573014,813.1701049804688,23434605,792.1270904541016,776.4265356445312,766.9074594116211,787.9800735582928,57.516599670290965,2.111708758111604,3.8406024391959064,-1.7288936810843025,835.7619036853597,792.1270904541016,748.4922772228434,0.11017124337016089,22.317156921951153,0.027444635243307647,16.70378839226873,26.821973925572976,25.75593177758083,1696480662.0,15294681.95,831.5144508501054,733.3408407931131,878.2179721623354,525.7693472920832
2024-11-26,812.7367744440559,815.3367735105277,804.5997653621181,808.3071899414062,8893744,794.9413360595703,777.4212707519531,767.8821258544922,789.9159894043037,55.98197549786453,3.509874035365783,3.774456758429882,-0.2645827230640987,834.978780248838,794.9413360595703,754.9038918703026,0.1007305630569636,21.490003438126756,0.02658643113107104,15.655485489780819,25.864758920185302,24.8367613823052,1687586918.0,16186037.2,831.5144508501054,733.3408407931131,878.2179721623354,525.7693472920832
2024-11-27,807.4405312232043,811.292364407334,801.2775746188726,803.2034912109375,8375108,796.9659545898437,778.2542297363282,768.8218029785156,791.1814657668402,54.34317212645267,4.158171444626078,3.8511996956691212,0.30697174895695634,834.2821159725705,796.9659545898437,759.6497932071169,0.09364555955701138,20.67034532029352,0.025734879823704686,14.559422531355533,24.969652844648675,25.125249651579633,1679211810.0,16144868.15,831.5144508501054,733.3408407931131,878.2179721623354,525.7693472920832
2024-11-28,803.2034750413964,814.4700986330259,799.7368487551913,807.7775268554688,13505677,797.262060546875,779.2807421875,769.8160775756836,792.7620430133762,55.597708367214814,4.983590532417907,4.077677863018878,0.9059126693990285,834.8219041832535,797.262060546875,759.7022169104964,0.09422207701847674,20.2462670744036,0.02506416234828746,13.662519109152468,24.792862892739972,23.81927140454445,1692717487.0,15875761.0,831.5144508501054,733.3408407931131,878.2179721623354,525.7693472920832
2024-11-29,809.9442265086632,812.7849653323096,800.7479862272926,807.8739013671875,10822949,798.0565032958984,780.3602185058594,770.7762655639649,794.2012676185011,55.62537520352182,5.58118133965786,4.378378558346674,1.2028027813111857,835.8079291536477,798.0565032958984,760.3050774381492,0.0946084035449606,19.65988936230456,0.024335344079111334,12.829680217106764,23.708598788539245,22.777585291734738,1703540436.0,15137305.3,831.5144508501054,733.3408407931131,878.2179721623354,525.7693472920832
2024-12-02,807.873928059787,810.8109393035892,801.8554383084241,805.4183959960938,6651119,798.8365020751953,781.2008825683594,771.6057916259765,795.2695655592242,54.69033966571007,5.789895289064475,4.660681904490234,1.129213384574241,836.5194272908641,798.8365020751953,761.1535768595265,0.09434452511315423,18.89529019322317,0.023460216810487166,12.05632981735004,22.90597103665911,22.00647594701882,1696889317.0,14879568.65,831.5144508501054,733.3408407931131,878.2179721623354,525.7693472920832
2024-12-03,806.9590409400479,824.8700414893754,805.8998103387524,822.3182373046875,12186182,800.4133453369141,782.4334692382813,772.4047473144532,797.8456295349827,59.710046477709916,7.2355713904069034,5.175659801673568,2.0599115887333355,839.2380599929172,800.4133453369141,761.5886306809109,0.09701166249211114,18.935029857513058,0.023026401456906032,12.129421123787383,26.528702471166756,20.39169797088892,1709075499.0,14542008.4,831.5144508501054,733.3408407931131,878.2179721623354,528.7526088304325
2024-12-04,822.3182146362292,831.9959333561703,818.8033934913788,827.855224609375,10749716,801.8505584716797,783.93568359375,773.1096884155273,800.7036862087343,61.225724058058255,8.727463945503246,5.8860206304395035,2.841443315063742,842.4629734309743,801.8505584716797,761.2381435123851,0.10129671802362153,18.524852000890096,0.02237692225670386,12.558087014013427,27.92685600393765,19.354410761951527,1719825215.0,15069460.45,831.9959333561703,733.3408407931131,878.2179721623354,529.6523311651066
2024-12-05,828.1441384564639,839.1700227524034,823.9070984244045,833.3922729492188,14716036,802.6329620361328,785.1605676269531,773.9244735717773,803.8168849459233,62.73544096066039,10.238569217255531,6.756530347802709,3.482038869452822,845.0048158916258,802.6329620361328,760.2611081806398,0.10558214242286626,18.291857167112155,0.021948676224679536,13.302740500301306,29.063831275253534,18.200872862648293,1734541251.0,14882038.2,839.1700227524034,733.3408407931131,878.2179721623354,531.4044086282419
2024-12-06,833.199706421366,843.0218932764863,825.2553000902753,831.6589965820312,14520568,803.0590759277344,786.4201184082032,774.7043109130859,806.4685146255526,61.92265614508768,11.167537691847087,7.638731816611585,3.528805875235502,846.407305826687,803.0590759277344,759.7108460287818,0.10795776101247474,18.254338311333495,0.0219493066104684,14.176491680399867,28.550535625221787,16.935547412455566,1720020683.0,14305111.95,843.0218932764863,733.3408407931131,878.2179721623354,533.8195064246602
2024-12-09,827.1811795615839,834.7403787055949,825.2071268017763,826.266357421875,9630346,802.9844482421875,787.6710009765625,775.3153607177734,808.3540234632976,59.34647848782547,11.33791456723418,8.378568366736104,2.959346200498075,846.1671527573599,802.9844482421875,759.801743727015,0.10755551893863857,17.631403567939575,0.021338643900440612,14.983832041498635,27.447878705403408,16.30099169665749,1710390337.0,14281018.7,843.0218932764863,733.3408407931131,878.2179721623354,533.8195064246602
2024-12-10,829.8774588919769,836.7626343106416,826.2663652334417,835.3663330078125,7379849,804.156851196289,788.9353662109374,775.8852526855469,810.9266243722991,62.204037398112106,12.068117697914545,9.116478232971794,2.951639464942751,849.4669218034227,804.156851196289,758.8467805891554,0.1126896339681219,17.121751662284364,0.020496099717875797,15.83872973681806,27.089625247252805,15.587197396599732,1717770186.0,13998343.65,843.0218932764863,733.3408407931131,878.2179721623354,536.5659761965393
2024-12-11,835.3662917047014,837.6292201091063,829.0589268478445,829.684814453125,7006973,804.8285095214844,790.070693359375,776.4598849487305,812.713118665711,59.39686287072557,12.04945920963587,9.70307442830461,2.3463847813312597,851.2211442678507,804.8285095214844,758.4358747751181,0.1152857638553319,16.510933205068465,0.019900247560817916,16.679732873098423,26.460139962506975,15.009282269735154,1710763213.0,13060380.85,843.0218932764863,733.3408407931131,878.2179721623354,553.6133502732071
2024-12-12,829.588577653526,832.2848491458258,819.6219827317773,822.0775146484375,8845103,806.1285064697265,791.3379467773437,776.9749346923828,813.6049659021612,55.76787338023367,11.29067483457493,10.020594509558675,1.270080325016254,852.9228058812457,806.1285064697265,759.3342070582073,0.11609637678351106,16.23607129142418,0.019750049115949315,16.5869056872203,24.98607990895541,18.324800545269444,1701918110.0,12779662.65,843.0218932764863,733.3408407931131,878.2179721623354,563.5576052803208
2024-12-13,821.0182301359672,830.9367477307743,804.0701874198363,829.63671875,9379370,808.6755279541015,792.5820886230468,777.5237554931641,815.1317995067174,58.482344623944726,11.170530425354627,10.250581692717866,0.9199487326367617,854.7600056249491,808.6755279541015,762.5910502832539,0.11397520038089554,16.99539193567517,0.02048534201967561,15.501749957747082,22.164768842702895,22.791789413199226,1711297480.0,12654381.35,843.0218932764863,733.3408407931131,878.2179721623354,568.8612414971168
2024-12-16,827.9515344064523,834.3070944496669,826.025617806868,829.0589599609375,6432713,811.4055145263671,793.8695642089843,778.0157040405273,816.4581957404527,58.188417851004644,10.903011677973495,10.381067689768992,0.5219439882045034,855.4840082174929,811.4055145263671,767.3270208352413,0.10864726182408375,16.372969414755435,0.019748860099801435,14.532544208808137,22.8343291079771,21.96835176644811,1704864767.0,12435514.55,843.0218932764863,733.3408407931131,878.2179721623354,568.8612414971168
2024-12-17,826.7478560331779,830.6478254844673,815.6738353243519,819.044189453125,8791216,813.1508758544921,794.9076330566406,778.4840966796875,816.7044808559453,53.197454856524104,9.770267300593218,10.258907611933838,-0.48864031134061925,855.5027772366128,813.1508758544921,770.7989744723715,0.10416738797118201,16.273042325138288,0.019868332545041046,14.069411550936698,21.333507720836852,25.068239082961146,1696073551.0,12284076.0,843.0218932764863,733.3408407931131,878.2179721623354,568.8612414971168
2024-12-18,819.4775061625006,820.4404644541135,805.9960900799213,807.103515625,8295338,814.8432739257812,796.207626953125,778.9252236938477,815.790103214903,47.919862072589304,7.8189150493982424,9.770909099426719,-1.9519940500284765,853.1996747072359,814.8432739257812,776.4868731443265,0.09414424100639583,16.142423185784995,0.020000437209451036,14.22877653767944,19.969979153515634,27.748308891458837,1687778213.0,12257514.25,843.0218932764863,733.3408407931131,878.2179721623354,568.8612414971168
2024-12-19,794.0553903446263,806.9590550690585,789.8184090909501,801.95166015625,9453398,817.3493743896485,797.1965844726562,779.3413012695313,814.472156256936,45.80827739497104,5.7899991451212145,8.974727108565618,-3.184727963444404,843.5254460197732,817.3493743896485,791.1733027595237,0.06405112048852203,16.22404342494677,0.020230699967359284,15.208281604448807,18.450262801898766,32.75910672737086,1678324815.0,11988429.7,843.0218932764863,755.0074179563543,878.2179721623354,568.8612414971168
2024-12-20,803.9738871433539,805.0331177359144,779.9962025910175,781.922119140625,10244198,817.1543762207032,797.4777673339844,779.7000869750976,811.3721527220492,38.67325030119404,2.5366116274741444,7.687104012347324,-5.150492384873179,844.306884119699,817.1543762207032,790.0018683217073,0.06645625034665983,16.85353426208606,0.02155398069645224,16.546875292352887,16.492480717277047,33.44583710229952,1668080617.0,10986770.75,843.0218932764863,779.9962025910175,878.2179721623354,568.8612414971168
2024-12-23,787.025851437494,793.4776841679945,782.114787338898,790.7332763671875,4933200,816.0325347900391,797.9409521484375,780.1377334594727,809.4065454501576,42.88758322554437,0.6616383752830188,6.282010884934463,-5.620372509651444,845.5056512260991,816.0325347900391,786.5594183539791,0.07223515038807428,16.47510788817774,0.020835227731743143,17.789855145406676,15.666212842281867,31.770211632505752,1673013817.0,10465710.4,843.0218932764863,779.9962025910175,878.2179721623354,568.8612414971168
2024-12-24,793.7183788955526,795.5961593356999,779.2258682332135,781.9702758789062,10602771,814.715689086914,798.1778393554688,780.5050463867187,806.7935673957528,39.94741523243294,-1.5139405749323487,4.722820592961101,-6.23676116789345,847.6070187628322,814.715689086914,781.8243594109958,0.08074308649384399,16.46762097491407,0.02105913930859464,19.074496205237644,14.553811442622917,30.76739654726555,1662411046.0,9540640.15,843.0218932764863,779.2258682332135,878.2179721623354,568.8612414971168
2024-12-26,782.8850840507691,792.3701996282533,778.0702926359427,782.35546875,8318714,813.6732879638672,798.3184313964844,780.7746057128907,804.4661294294906,40.14167159157303,-3.1704734769805327,3.1441617789727743,-6.314635255953307,849.1757357598743,813.6732879638672,778.1708401678601,0.08726462653050415,16.312784261870966,0.020850859888452675,20.321372728392948,13.642527267882642,29.346892130578322,1670729760.0,9626091.5,843.0218932764863,778.0702926359427,878.2179721623354,568.8612414971168
2024-12-27,786.0628842447148,787.9888009322062,767.6704033888981,770.0296630859375,10649800,811.7858947753906,798.2221362304688,780.9688034057617,801.1864659681999,36.11577815605622,-5.4154512910803305,1.4322391649621533,-6.847690456042484,852.0373045147302,811.7858947753906,771.534485036051,0.09916755144033776,16.598899496259335,0.02155618191348409,21.94339818862499,12.44970166353318,31.25625754119649,1660079960.0,9623271.8,843.0218932764863,767.6704033888981,878.2179721623354,568.8612414971168
2024-12-30,772.292577441985,778.0221912364731,755.9222859001974,759.1000366210938,21515438,809.347201538086,797.8918420410156,781.0520016479492,797.1782346018089,32.95918923268208,-7.984501532472791,-0.4511089745248358,-7.5333925579479555,855.6989682637164,809.347201538086,762.9954348124555,0.11454111816916994,16.99182848483193,0.0223841755567105,23.900318773349714,11.293106940560634,33.291065106304586,1638564522.0,9480477.95,843.0218932764863,755.9222859001974,878.2179721623354,568.8612414971168
2024-12-31,757.8000566357981,769.5962959772957,756.8852344830239,765.5037231445312,9086044,807.3514678955078,797.5817712402344,781.1674551391602,794.1616144630206,36.463126481050296,-9.39546332049781,-2.2399798437194307,-7.155483476778381,857.4904495807259,807.3514678955078,757.2124862102896,0.12420608292423994,16.686059414077636,0.02179748956090605,25.717459316308386,10.678618893894107,31.479609527579182,1647650566.0,10015102.4,843.0218932764863,755.9222859001974,878.2179721623354,568.8612414971168
2025-01-01,766.0814709969738,769.0666770195652,760.2555849821816,763.8185424804688,7273098,804.4264831542969,797.0579223632812,781.2548312377929,791.2717980837299,35.930912359565696,-10.528277272117862,-3.897639329399117,-6.630637942718744,857.4728555393536,804.4264831542969,751.3801107692401,0.13188619095943402,16.123561744313776,0.021109152040160197,27.404804106198583,10.261791930621703,30.250841072148614,1640377468.0,10136848.65,843.0218932764863,755.9222859001974,878.2179721623354,568.8612414971168
2025-01-02,765.5518634653022,772.6777785343264,757.848196914708,771.522216796875,11398319,801.6098327636719,796.8123681640625,781.4486782836914,789.3908855802199,40.226082204357155,-10.681291080515734,-5.254369679622441,-5.426921400893294,855.3586979534815,801.6098327636719,747.8609675738622,0.13410231010890233,16.031134592549826,0.020778578041610013,28.536505984371498,11.192712897797144,28.25201936790417,1651775787.0,9891194.45,843.0218932764863,755.9222859001974,878.2179721623354,568.8612414971168
2025-01-03,771.5222327205842,779.5147751769242,762.8074715102198,764.0111694335938,13336514,798.1407775878906,796.870146484375,781.671265258789,786.9737697567317,37.58072555236246,-11.278621448490753,-6.459220033396103,-4.81940141509465,852.1917750805733,798.1407775878906,744.089780095208,0.13544226535081552,16.07943238356087,0.02104606977864145,28.801712445137742,13.399167876935827,26.155218864726827,1638439273.0,9923624.6,843.0218932764863,755.9222859001974,878.2179721623354,568.8612414971168
2025-01-06,767.8629313364202,768.055475966793,744.5111937959167,747.6408081054688,11419367,793.9398681640625,796.6852587890625,781.8709564208984,783.2277734089923,32.55562274525735,-12.923981797740453,-7.752172386264974,-5.171809411475479,849.9423230445624,793.9398681640625,737.9374132835627,0.1410748020753816,16.612635939797684,0.022220076485517576,29.924818429527495,12.0427400241824,31.3742320245069,1627019906.0,9854648.5,837.6292201091063,744.5111937959167,878.2179721623354,568.8612414971168
2025-01-07,750.9629781385199,754.8148111917903,746.1481868219319,749.9037475585938,9669152,790.1217376708985,796.3809631347656,782.1113214111328,780.0540566613354,33.87195292955582,-13.885280556045927,-8.978794020221166,-4.906486535824762,847.1901008228224,790.1217376708985,733.0533745189746,0.1444546085269053,16.045063684802027,0.021396164157118504,30.967702557889407,11.578111568870765,30.163763233113627,1636689058.0,9699588.45,837.6292201091063,744.5111937959167,878.2179721623354,568.8612414971168
2025-01-08,751.9741707073787,754.911181809416,731.9445907621887,742.5853271484375,15641490,785.4826873779297,796.1922241210938,782.3584228515625,776.4856062315356,31.716058898654765,-15.064003655174702,-10.195835947211872,-4.868167707962829,842.1681555861825,785.4826873779297,728.7972191696769,0.1443328264750894,16.539458496403835,0.022272805416067312,32.49184559050242,10.429733354090626,33.30603570279664,1621047568.0,9701528.75,837.6292201091063,731.9445907621887,878.2179721623354,568.8612414971168
2025-01-09,742.5852812864381,742.7778259178452,699.3484321602015,732.2816162109375,15351029,780.6125274658203,795.5836340332031,782.5585043334961,772.27570242005,28.924692072829387,-16.637783552296355,-11.48422546822877,-5.153558084067585,838.0030638179009,780.6125274658203,723.2219911137398,0.147039752329861,18.46016815792097,0.02520911046960303,34.784032064637735,8.67709107529289,40.3217391725006,1605696539.0,10114610.8,834.3070944496669,699.3484321602015,878.2179721623354,568.8612414971168
2025-01-10,732.1853132713054,735.1223830791824,714.5631882955921,715.71875,11779296,775.2945892333985,793.8609008789062,782.7096295166016,766.8893259990929,25.1004473995131,-19.002451903879205,-12.987870755358857,-6.014581148520348,835.9487171469198,775.2945892333985,714.6404613198772,0.1564673061203621,18.610098631183067,0.026001971628077464,36.91249093347767,7.992386000808749,37.139970169055495,1593917243.0,10531813.6,834.3070944496669,699.3484321602015,878.2179721623354,568.8612414971168
2025-01-13,714.0335881192036,716.3928477377098,695.7373801970662,702.4780883789062,10414733,768.9366577148437,792.07076171875,782.7355960083008,760.754922416218,22.535369886286176,-21.69479524992005,-14.729255654271096,-6.965539595648952,832.0798696337023,768.9366577148437,705.7934457959851,0.16423514547091583,18.75619641043025,0.026700044771095315,39.260951208343364,7.363692931673796,41.3878515364286,1583502510.0,10678523.25,834.3070944496669,695.7373801970662,878.2179721623354,568.8612414971168
2025-01-14,705.800278346691,728.9594130704888,705.800278346691,720.437255859375,11960975,763.5055725097657,790.6831384277343,782.8132385253906,756.9151446488996,32.59682072963271,-22.124306787550836,-16.208265880927044,-5.916040906623792,823.6435689513175,763.5055725097657,703.3675760682138,0.15753125741798743,19.307991287655415,0.026800378701437144,40.28213156800448,11.291216196923754,37.33325673718343,1595463485.0,10730291.4,830.6478254844673,695.7373801970662,878.2179721623354,568.8612414971168
2025-01-15,725.252061939764,730.7890721249498,722.2187198068513,725.7816772460938,7792299,758.8424468994141,789.38314453125,782.9062380981445,753.950052515299,35.29037194605563,-21.782354214531324,-17.3230835476479,-4.459270666883423,815.3872124798731,758.8424468994141,702.297681318955,0.1490290001870551,18.668264500363946,0.02572159794829599,41.06837029514079,11.544056709684147,35.85455545041135,1603255784.0,11006704.5,820.4404644541135,695.7373801970662,878.2179721623354,568.8612414971168
2025-01-16,732.2334984141427,747.929706597395,732.2334984141427,737.9149169921875,11816079,755.3830169677734,788.1592236328125,783.0913940429688,752.4228967511932,41.04993954749125,-20.298316928693453,-17.918130223857013,-2.38018670483644,808.0252627731886,755.3830169677734,702.7407711623582,0.13937894981205556,18.916819132573753,0.02563550173193481,40.39702035398582,17.050816632030134,32.85606075133556,1615071863.0,10956758.65,806.9590550690585,695.7373801970662,878.2179721623354,568.8612414971168
2025-01-17,737.9149066564445,739.5038113032925,731.2705298930534,735.79638671875,5766573,752.0752532958984,786.5202673339844,783.2979214477539,750.8394196052462,40.37421813642832,-19.073289368397354,-18.14916205276508,-0.9241273156322727,800.7624215501838,752.0752532958984,703.388085041613,0.12947419301703797,18.153709295264136,0.02467219141455663,39.811621277320654,16.49845343914767,32.17057966135491,1609305290.0,11132795.7,805.0331177359144,695.7373801970662,878.2179721623354,568.8612414971168
2025-01-20,740.5149313492541,755.9222641211501,739.4075057965499,750.38525390625,9198929,750.4984100341796,785.0652380371093,783.4871841430664,750.7961657291513,46.86114405203628,-16.732366240747638,-17.865802890361593,1.1334366496139552,797.2199120794882,750.4984100341796,703.7769079888711,0.12450793078477193,18.294578445773848,0.02438024781342451,38.08702702882565,21.612378444785584,29.642660005705146,1618504219.0,10948454.45,795.5961593356999,695.7373801970662,878.2179721623354,568.8612414971168
2025-01-21,755.7296474236301,755.8259785163474,728.044596835733,730.9334716796875,13751780,747.5084197998046,783.1287292480469,783.5510122680664,748.9044805815832,40.52972549282673,-16.259336546380382,-17.54450962156535,1.285173075184968,791.096572499353,747.5084197998046,703.9202671002563,0.11662250630226209,18.972207248262453,0.025956134153583443,36.9992469970145,19.351847226885027,30.820235333738722,1604752439.0,10896191.0,795.5961593356999,695.7373801970662,878.2179721623354,568.8612414971168
2025-01-22,733.7742364327505,734.7371947482791,710.6632368600655,725.5409545898438,9908339,744.6869537353516,781.4011828613282,783.5495211791992,746.6793828680842,38.958261198999494,-16.133609954867893,-17.26232968822586,1.1287197333579684,786.2450380681804,744.6869537353516,703.1288694025228,0.11161222611561367,19.336618008258966,0.026651311529602307,36.66780898594097,17.630924501041424,34.50004468971968,1594844100.0,11337120.0,792.3701996282533,695.7373801970662,878.2179721623354,568.8612414971168
2025-01-23,722.2187354602709,727.6594734437961,715.5742995843119,718.2706298828125,10986405,741.4827117919922,779.4415625,783.4896591186523,743.9737873456774,36.88195341890876,-16.431216334672627,-17.096107017515216,0.6648906828425893,780.7483040603237,741.4827117919922,702.2171195236607,0.10591101220265982,18.818657711917908,0.02619995434727467,36.36004511851555,16.82218005800625,32.917500369617365,1583857695.0,11302398.4,787.9888009322062,695.7373801970662,878.2179721623354,568.8612414971168
2025-01-24,722.1224594960153,725.7816893156935,711.6261904172143,716.58544921875,10579213,738.8105010986328,777.8517199707031,783.47701171875,741.3653741907319,36.39773218025792,-16.611563764021298,-16.999198366816433,0.38763460279513495,777.2059819175579,738.8105010986328,700.4150202797077,0.1039386439738739,18.485574939529428,0.02579674895671289,36.22609812350221,15.902055845091613,32.642565053273984,1573278482.0,11435782.95,779.5147751769242,695.7373801970662,878.2179721623354,568.8612414971168
2025-01-27,712.5891362148737,727.3705224901476,708.6410307266503,721.4483642578125,11433353,736.9279174804688,776.7067614746094,783.46287109375,739.4685161018824,38.891005860877776,-16.175631191146863,-16.83448493168252,0.6588537405356583,774.8487847146363,736.9279174804688,699.0070502463012,0.10291608265790139,18.50299756981284,0.02564701576230994,36.21847793727626,14.752290698546503,31.43479671709774,1584711835.0,11432253.6,779.5147751769242,695.7373801970662,878.2179721623354,568.8612414971168
2025-01-28,728.9594308479976,731.6075661648166,717.7891381122306,724.5298461914062,14140860,734.8792236328125,775.708173828125,783.4473272705078,738.045785634218,40.48315904654753,-15.40393467705644,-16.548374880757308,1.1444402037008672,770.7767261411115,734.8792236328125,698.9817211245135,0.09769633255065444,18.168385461439495,0.02507610356832667,35.854216477534294,15.616629235179731,29.72704422855971,1598852695.0,10928149.35,779.5147751769242,695.7373801970662,878.2179721623354,568.8612414971168
2025-01-29,725.1075785552505,732.6186413192878,722.0261003310969,730.355712890625,9251973,733.2060821533203,774.632548828125,783.4803280639649,737.3133977538757,43.48133561760761,-14.159044227879349,-16.070508750181716,1.9114645223023672,766.5831502016887,733.2060821533203,699.8290141049519,0.09104416578309005,17.627253713350306,0.024135162362986937,35.42838194412944,15.356025193645408,28.451077966440202,1608104668.0,11180890.15,779.5147751769242,695.7373801970662,878.2179721623354,568.8612414971168
2025-01-30,730.4520203133268,736.6631132188579,726.7927904600431,734.3519897460938,11085824,731.3475708007812,773.8544775390625,783.4629901123047,737.0313588959917,45.50911590361477,-12.703554762385352,-15.397117952622445,2.693563190237093,759.7526724508893,731.3475708007812,702.9424691506731,0.07767880221166595,17.073187216597773,0.023249323832432077,34.673635952229375,16.413984260418676,27.276214384805485,1619190492.0,11279833.9,779.5147751769242,695.7373801970662,878.2179721623354,571.1816395100639
2025-01-31,736.5668412651819,748.7482287285419,731.3668428360176,744.2705078125,10083763,730.3605377197266,773.7032946777343,783.5556204223633,737.720801649945,50.27736611174089,-10.627223343810556,-14.443139030860067,3.815915687049511,755.3199284898008,730.3605377197266,705.4011469496525,0.0683481362451492,17.095201407735384,0.0229690700199585,32.98446868131637,20.271431632782715,25.295297565760904,1629274255.0,11264209.15,768.055475966793,695.7373801970662,878.2179721623354,574.1649277499139
2025-02-01,746.1000586507049,749.9037555863902,724.2890890176571,737.6260375976562,9363077,729.8597991943359,772.7393737792969,783.6566995239258,737.711776502108,47.291847931251205,-9.4094032085751,-13.436391866403074,4.0269886578279745,753.7931270052441,729.8597991943359,705.9264713834277,0.06558335679627031,17.70373463352093,0.02400096218292333,31.831128583287914,18.176450089972146,25.53675093369637,1619911178.0,11101571.6,755.9222641211501,695.7373801970662,878.2179721623354,583.0200349532757
2025-02-03,734.5445718854385,734.5445718854385,725.2520596511663,732.7631225585938,7862190,729.0027679443359,771.1312341308594,783.7609292602539,737.2404761265352,45.177435130270226,-8.735965804215198,-12.4963066539655,3.7603408497503015,751.1658014451039,729.0027679443359,706.839734443568,0.060803701920814184,17.32303772730443,0.023640706244628506,30.760169920832915,17.249051739622765,24.23381551055461,1612048988.0,10998757.1,755.9222641211501,695.7373801970662,878.2179721623354,589.0813855447404
2025-02-04,738.5889944967314,752.3111498703669,737.2890243394788,750.3370971679688,12020807,729.3903564453125,769.9718322753906,783.985703125,738.4877733685765,53.30295075303174,-6.706876235900836,-11.338420570352568,4.631544334451732,752.7298657021433,729.3903564453125,706.0508471884816,0.06399730693061553,17.481965554766482,0.02329881545341348,28.693872198259385,23.1305122631835,22.298256401349263,1624069795.0,10908409.0,755.9222641211501,695.7373801970662,878.2179721623354,589.0813855447404
2025-02-05,751.107474382643,753.0333909836241,736.6630998752845,737.6741943359375,13419162,729.6599853515625,768.6612463378906,784.1204077148437,738.4102896511823,47.80486352907651,-6.050848153470042,-10.280906086976064,4.230057933506021,753.2501191111348,729.6599853515625,706.0698515919901,0.06466062065389609,17.402560237164565,0.023591119725735483,26.823878726576268,21.872778164080728,20.800000054812486,1610650633.0,10727374.85,755.9222641211501,695.7373801970662,878.2179721623354,599.7359814695897
2025-02-06,740.5149273858113,742.2963767183029,722.2668559769037,724.3853759765625,32745391,730.0933166503906,766.9934033203125,784.1145596313477,737.0745835869327,42.81391500373324,-6.527987181333742,-9.530322305847601,3.002335124513859,752.9501755536297,730.0933166503906,707.2364577471516,0.0626135272901949,17.590200273181324,0.02428293123597025,25.67855268359987,20.09377923648944,24.954140840312526,1577905242.0,10630781.5,755.9222641211501,695.7373801970662,878.2179721623354,603.950508871969
2025-02-07,731.6557177630287,731.75204885935,704.6447487163948,709.8928833007812,37240692,730.4640563964844,765.0337829589844,784.0035748291016,734.4858502263469,38.13758065468865,-7.983517320533338,-9.220961308784748,1.2374439882514103,751.7002882206665,730.4640563964844,709.2278245723022,0.05814449496377533,18.269993121022313,0.02573626747189312,25.54587698288647,17.964260470930878,29.199084734656104,1540664550.0,11679086.25,755.9222641211501,704.6447487163948,878.2179721623354,603.950508871969
2025-02-10,712.5891688607044,716.3447298819926,706.233667350861,709.5076904296875,12667049,729.917578125,763.1155688476563,783.8901904296876,732.1069778647602,38.018720049095776,-9.063637318790938,-9.189496510785986,0.12585919199504758,752.6664131982571,729.917578125,707.1687430517428,0.06233261331147551,17.687212364601553,0.024928852221305645,25.42267811793831,17.230729063352882,28.006803774353845,1527997501.0,13020384.2,755.9222641211501,704.6447487163948,878.2179721623354,603.950508871969
2025-02-11,710.1335578124041,712.7335567858637,699.6372896053772,704.0187377929688,13017060,728.8294311523438,760.7495788574219,783.5618402099609,729.4319073817325,36.283365231345726,-10.244461034100823,-9.400489415448954,-0.8439716186518691,754.1967741891427,728.8294311523438,703.4620881155448,0.06961119283202091,17.359287708593335,0.024657422845041084,25.632773474886644,16.302209104484916,29.21181202767147,1514980441.0,13055687.9,755.9222641211501,699.6372896053772,878.2179721623354,620.3348911572103
2025-02-12,705.992919921875,711.3373268740813,690.5855867123075,705.992919921875,12697743,727.2333312988281,758.3123327636719,783.2973443603515,727.1996228617461,37.39028197857805,-10.895377210637662,-9.699466974486695,-1.1959102361509668,754.0867108296009,727.2333312988281,700.3799517680554,0.0738507941675692,17.601605740963368,0.02493170291695157,26.242275037039047,14.929366793643656,30.42507128876247,1527678184.0,13316925.95,755.9222641211501,690.5855867123075,878.2179721623354,642.591158500595
2025-02-13,707.1965624268578,710.1817094926294,699.2521568630419,700.6965942382812,12370571,725.4783416748047,755.6584191894531,782.8870352172852,724.6755248976066,35.603282920339595,-11.703689344101235,-10.100311448409604,-1.6033778956916311,754.373990777069,725.4783416748047,696.5826925725404,0.07965957752937793,17.12503051872223,0.024440008214023992,26.80824077332342,14.248778642202517,29.038077231204728,1515307613.0,13361009.15,755.9222641211501,690.5855867123075,878.2179721623354,657.4603003588977
2025-02-14,703.8744122850989,705.7521928080495,689.6707767316124,695.400390625,10417539,722.7290985107422,752.9332470703125,782.4514288330079,721.8874168716441,33.86053691052224,-12.626096126146763,-10.605468383957037,-2.020627742189726,752.0819681767648,722.7290985107422,693.3762288447197,0.08122786179913659,17.050486629987578,0.024518948881612268,27.759040954321,13.288854058486248,31.095683402248387,1504890074.0,13691209.05,755.8259785163474,689.6707767316124,878.2179721623354,664.9895787916939
2025-02-17,692.4151383583221,701.7558454140641,685.1929512700127,700.7447509765625,9093600,721.2196624755859,750.4228149414063,782.0245498657226,719.8738296435411,37.20104269465441,-12.778561626756982,-11.040087032517027,-1.738474594239955,751.8085056791994,721.2196624755859,690.6308192719724,0.08482531687673985,17.01565859527785,0.024282249095073084,28.828128185914878,12.364907272169178,30.813372150141408,1513983674.0,13752139.55,753.0333909836241,685.1929512700127,878.2179721623354,664.9895787916939
2025-02-18,700.7447443190354,701.2743596122846,690.7780909672726,698.9151000976562,8562003,719.8883697509766,747.6937902832032,781.5818930053711,717.8777601629806,36.520976598799955,-12.898345076244595,-11.411738641262541,-1.486606434982054,751.8938685711435,719.8883697509766,687.8828709308098,0.0889179494071787,16.549987884544567,0.023679539735558884,29.820852043823475,11.804762759829812,29.417490973141323,1505421671.0,13519230.55,753.0333909836241,685.1929512700127,878.2179721623354,668.209531384723
2025-02-19,695.3040270429543,707.6298814976512,695.3040270429543,700.3595581054688,6766606,718.9928161621094,745.10728515625,781.2584503173828,716.2093599670271,37.49249174065759,-12.72997540127426,-11.675385993264886,-1.0545894080093738,752.112226938971,718.9928161621094,685.8734053852478,0.09212723696920577,16.24826406812688,0.023199889085657364,30.0609609558879,13.959051800150272,27.823493385649673,1512188277.0,13451913.75,753.0333909836241,685.1929512700127,878.2179721623354,681.7053763780509
2025-02-20,698.0485270359545,704.4040285962709,696.5558945833883,702.6707153320312,7423268,718.2970794677734,742.7191491699218,780.974501953125,714.9199652398846,39.09853172746563,-12.268625074876127,-11.794033809587134,-0.47459126528899276,752.1656826866333,718.2970794677734,684.4284762489135,0.09430249457217632,15.648254778466574,0.022269683988569728,30.283919231376295,13.458984582380202,26.826748253873895,1519611545.0,13240923.8,753.0333909836241,685.1929512700127,878.2179721623354,681.7053763780509
2025-02-21,700.359526366243,704.5965661934869,693.3299428670359,695.255859375,6571602,716.9874542236328,740.0315319824218,780.6113345336914,713.0471932527528,35.91062880576254,-12.358853356180703,-11.90699771890585,-0.45185563727485345,752.2637246668548,716.9874542236328,681.7111837804107,0.0984013604015425,15.3352811033226,0.022057032524843798,30.671707915870993,12.752689319168336,26.921526450300327,1513039943.0,13083126.55,753.0333909836241,685.1929512700127,878.2179721623354,681.7053763780509
2025-02-24,684.1818648659195,693.089229046088,684.1818648659195,689.8633422851562,6912148,715.2541290283203,737.2476196289062,780.1785861206055,710.8392074463151,33.75508272927699,-12.718875699342107,-12.0693733149931,-0.649502384349006,752.2428238663869,715.2541290283203,678.2654341902538,0.10342811970429593,15.030903489448168,0.02178823336178242,31.507844160339467,12.081580476188272,29.852055374345127,1506127795.0,12840039.0,753.0333909836241,684.1818648659195,878.2179721623354,681.7053763780509
2025-02-25,692.318880181649,692.318880181649,683.7003916586949,684.5670776367188,8599635,712.964697265625,734.5580773925781,779.7309582519531,708.3370998454012,31.739951248795904,-13.278494080334326,-12.311197468061346,-0.96729661227298,751.5642440535287,712.964697265625,674.3651504777213,0.10827898474059482,14.572873848984303,0.02128772230661921,32.30830001068423,11.571214613499041,28.82699883007605,1497528160.0,12478603.4,753.0333909836241,683.7003916586949,878.2179721623354,681.7053763780509
2025-02-27,689.4781266274379,691.1151674539011,675.1300247842662,677.8263549804688,12033139,710.1384155273438,731.9725341796875,779.2901141357422,705.4313146201696,29.339267556076976,-14.103341125424095,-12.669626199533898,-1.4337149258901967,750.3059509528056,710.1384155273438,669.970880101882,0.11312593304963976,14.67375019331649,0.021648243809787106,33.46364915501035,10.670833641545102,30.755773455252744,1485495021.0,12445986.5,753.0333909836241,675.1300247842662,878.2179721623354,675.1300247842662
2025-02-28,674.9374748612561,675.3707590632506,657.3152915031974,663.28564453125,15780609,706.0891723632812,729.1992138671875,778.7320538330079,701.4174412783677,24.954544353223937,-15.748809688034157,-13.28546289723395,-2.463346790800207,747.9685456465443,706.0891723632812,664.2097990800182,0.11862346831659439,15.09070114217041,0.022751436378266782,35.2134087620397,9.634859121706006,36.20207775139497,1469714412.0,12493352.25,753.0333909836241,657.3152915031974,878.2179721623354,657.3152915031974
2025-03-03,664.5857216898627,671.5671696530677,654.8116710316503,669.544921875,10598479,702.6851165771484,726.951669921875,778.1953457641602,698.3819632399518,29.81692086915359,-16.359205273050293,-13.90021137239722,-2.4589939006530734,744.8243287008496,702.6851165771484,660.5459044534472,0.11993768226930906,15.209615247830905,0.022716347702612327,36.91952579417222,8.876706813348124,34.52916130584,1480312891.0,12778194.55,753.0333909836241,654.8116710316503,878.2179721623354,654.8116710316503
2025-03-04,667.3300691464701,691.8373684334783,666.4633832092842,689.5262451171875,14386214,700.5232727050782,724.927529296875,777.7980844116211,697.5385615139743,42.602054403013895,-15.057054030902009,-14.131579904098178,-0.9254741268038309,740.6569594725985,700.5232727050782,660.3895859375579,0.11458202270009861,15.935641674713994,0.023111000904694604,36.33255206869273,16.952863964264992,30.602014640959375,1494699105.0,12839964.65,753.0333909836241,654.8116710316503,878.2179721623354,654.8116710316503
2025-03-05,690.970715357852,704.2113919626877,690.4411000485206,703.2965698242188,10409805,698.1712463378906,723.3540551757812,777.4417364501953,698.0869432578071,49.43804320306981,-12.766772265912664,-13.858618376461077,1.0918461105484134,731.2444910423933,698.1712463378906,665.0980016333879,0.09474250014729599,15.846320615484435,0.022531491401195158,34.761677665328904,21.40836899076686,28.576329987561024,1505108910.0,13166165.85,753.0333909836241,654.8116710316503,878.2179721623354,654.8116710316503
2025-03-06,708.7372906926826,709.4595093992308,700.0706662141035,704.93359375,10928847,696.5342163085937,721.8056176757813,777.0329602050781,698.7390052094445,50.1974114612537,-10.69631288027847,-13.226157277224557,2.5298443969460873,724.4657278039241,696.5342163085937,668.6027048132634,0.08020140530456164,15.38507222760178,0.021824853240088305,32.90693428617854,22.911736854481443,27.330694528672524,1516037757.0,13085615.75,742.2963767183029,654.8116710316503,878.2179721623354,654.8116710316503
2025-03-07,704.9336444546556,707.6299160648454,701.0336749136387,705.6077270507812,7246729,695.5953338623046,720.5171789550782,776.6188882446289,699.3931691943336,50.5269247327032,-8.898485772038043,-12.360622976187255,3.4621372041492116,720.8534342241599,695.5953338623046,670.3372335004494,0.07262297238714696,14.757298579287841,0.02091430976949291,31.184672576967493,22.18022791587944,26.458100387385745,1523284486.0,12961100.0,731.75204885935,654.8116710316503,878.2179721623354,654.8116710316503
2025-03-10,705.6076955415114,711.1447057760574,699.6854784765769,701.9003295898438,7400109,695.1957061767578,719.3731848144531,776.122001953125,699.6319463748584,48.62164522931807,-7.6842713305906045,-11.425352647067927,3.741081316477322,719.7802426779215,695.1957061767578,670.611169675594,0.07072695151230679,14.521722059301604,0.0206891512186458,29.30333538444806,22.65887391294645,24.966790703602044,1515884377.0,11686166.9,716.3447298819926,654.8116710316503,878.2179721623354,654.8116710316503
2025-03-11,698.0484671027334,706.8594999287487,695.9299471730827,702.8150634765625,5538789,694.8610748291015,718.1194116210937,775.6465411376953,699.9351003845446,49.13132402549609,-6.5724234515349735,-10.454766807961338,3.8823433564263645,718.831804165167,694.8610748291015,670.8903454930361,0.06899430750804676,14.265138537613348,0.020297143984150053,27.828897973444022,21.418831087251675,25.4809175728224,1521423166.0,10194137.75,712.7335567858637,654.8116710316503,878.2179721623354,654.8116710316503
2025-03-12,703.5373526546633,709.7003096539208,692.4151953776362,696.2670288085938,5547762,694.4734893798828,716.7683813476563,775.1137844848632,699.585760234454,45.64095025427454,-6.148768494716478,-9.593567145312367,3.4447986505958887,718.0874208210397,694.4734893798828,670.859557938726,0.0680052782496924,14.480851090375582,0.020797841189111398,26.713189343533813,19.59264135031178,25.042084878671748,1515875404.0,9837724.75,711.3373268740813,654.8116710316503,878.2179721623354,654.8116710316503
2025-03-13,699.0114385308547,704.3558452266985,697.663273429962,700.88916015625,5908337,694.2183013916016,715.3557202148437,774.616416015625,699.7098935603393,48.42616624846049,-5.3780566290803336,-8.75046504206596,3.372408412985626,717.4357513973622,694.2183013916016,671.000851385841,0.06688803783829916,14.024277185213382,0.020009265348157095,25.67717418718862,18.785463111485342,24.010400298349108,1521783741.0,9464259.85,711.1447057760574,654.8116710316503,878.2179721623354,654.8116710316503
2025-03-17,701.9003527020252,704.1632812757161,695.5447924372056,696.3633422851562,5149563,694.0016387939453,714.002763671875,774.1373443603516,699.3911743912743,45.94386749785594,-5.073968055930322,-8.015165644838833,2.9411975889085102,717.0535107025482,694.0016387939453,670.9497668853423,0.06643175064734173,13.638149446163178,0.0195848181804183,24.880922646001327,17.937514469899895,24.03614076323063,1516634178.0,9124789.55,711.1447057760574,654.8116710316503,878.2179721623354,654.8116710316503
2025-03-18,696.3633422851562,696.3633422851562,696.3633422851562,696.3633422851562,0,694.0497863769531,712.9772143554687,773.642865600586,699.1028094287868,45.94386749785595,-4.777899025047077,-7.367712320880482,2.5898132958334052,717.1171605896966,694.0497863769531,670.9824121642096,0.06647181417102299,12.663995914294379,0.018185902596102702,24.141546214898842,17.937514469899895,24.036140763230634,1516634178.0,8763739.15,711.1447057760574,654.8116710316503,878.2179721623354,654.8116710316503
2025-03-19,712.2039126231394,721.5446195922909,711.7224334883822,717.5001831054688,7604850,694.8875579833984,712.3291430664062,773.2324044799805,700.8549402551375,57.690729520705325,-2.805357365326927,-6.4552413297697715,3.6498839644428447,719.993653242507,694.8875579833984,669.7814627242899,0.07225944678580172,13.5580874423544,0.01889628429594621,23.564223852827283,28.824206972132846,20.847423388423625,1524239028.0,8242862.2,721.5446195922909,654.8116710316503,878.2179721623354,654.8116710316503
2025-03-20,720.292765833536,724.8186813309343,716.6335362646441,721.7853393554688,6963197,696.0310699462891,711.9131433105468,772.4808151245118,702.8483115980263,59.60715783428116,-0.88611303232301,-5.341415670280419,4.455302637957409,723.7175188008073,696.0310699462891,668.3446210917709,0.07955520967377122,13.174305844064097,0.018252387691648504,23.244280030090984,29.320171614322387,19.922250302524635,1531202225.0,8168424.7,724.8186813309343,654.8116710316503,878.2179721623354,654.8116710316503
2025-03-21,722.1705565633118,727.611235450561,719.3298179504133,725.3001708984375,9577327,697.2781005859375,711.7735144042969,772.3748895263672,704.9865839123511,61.161140074040354,0.9080520016043465,-4.091522135903467,4.999574137507813,727.7396829589783,697.2781005859375,666.8165182128968,0.08737283545100082,12.824813819498646,0.017682077481951237,23.132433469172764,29.52314214451821,19.003359367343897,1540779552.0,8088484.4,727.611235450561,654.8116710316503,878.2179721623354,654.8116710316503
2025-03-24,729.9223707530908,753.9481914133478,727.1297682523594,751.8778076171875,12095064,699.7384552001953,712.4966955566406,772.3317971801757,709.4524147413831,70.4261523449364,4.423542042768418,-2.38850930016909,6.812051342937508,738.3920988082391,699.7384552001953,661.0848115921515,0.11048026107693336,13.955042869170907,0.01856025371116686,24.40247773326229,38.6745498431017,16.21681610782252,1552874616.0,8229020.45,753.9481914133478,654.8116710316503,878.2179721623354,654.8116710316503
2025-03-25,754.8630261504609,756.8852150473521,740.7075275492936,744.2222900390625,15190143,702.1867767333985,713.3315795898437,772.1194647216797,712.7638314364002,65.57379553621021,6.516736062601922,-0.6074602276148877,7.124196290216809,745.3361756884916,702.1867767333985,659.0373777783053,0.12290006130797823,14.113803199805735,0.018964499436136123,25.702716355715005,36.99452065774197,14.8890855800153,1537684473.0,8462610.25,756.8852150473521,654.8116710316503,878.2179721623354,654.8116710316503
2025-03-26,743.4038006048552,747.3037699282959,733.2446023903115,735.7001342773438,7711852,704.4786163330078,713.6368371582031,771.8019290161133,714.9482412307758,60.57067705499618,7.402607999569682,0.9945534178220263,6.408054581747655,749.5908777996876,704.4786163330078,659.366354866328,0.1280727630925143,14.109900652532785,0.01917887464624771,26.169584927643648,34.36155606317018,17.607361108993903,1529972621.0,8893537.3,756.8852150473521,654.8116710316503,878.2179721623354,654.8116710316503
2025-03-27,735.5075423870684,747.063042059369,732.3297917320479,743.6926879882812,15648616,707.4348968505859,713.9950573730468,771.5154489135742,717.6858075886335,63.39172525738215,8.649889636532976,2.5256206615642163,6.124268974968759,754.6409617697238,707.4348968505859,660.228831931448,0.13345698700839778,14.154425629303379,0.019032627129347838,26.513320814518227,31.806790203191284,16.75990989280568,1545621237.0,8933522.5,756.8852150473521,654.8116710316503,878.2179721623354,654.8116710316503
2025-03-28,743.5001147786132,749.7593440220716,738.5890507280865,742.92236328125,7628185,710.689697265625,714.0952062988281,771.2070617675781,720.0892890831684,62.92443848952994,9.467079949415734,3.91391251913452,5.5531674302812135,758.2562460849531,710.689697265625,663.1231484462969,0.13386024590574522,13.941273319637787,0.018765451154362418,26.97688841973806,31.367903365548162,15.800717383776227,1537993052.0,9285971.55,756.8852150473521,654.8116710316503,878.2179721623354,654.8116710316503
2025-04-01,738.3964100364205,753.7556066211873,734.92978367858,743.1149291992188,7011125,714.6811614990235,714.2415771484375,770.8825451660156,722.2822071894589,62.997867545589344,10.014803202829626,5.134090655873541,4.880712546956085,758.949657178641,714.6811614990235,670.4126658194059,0.12388320292860566,14.290169721278472,0.019230093703914104,27.621060946318764,30.413699288537522,14.313873562189357,1545004177.0,9065723.85,756.8852150473521,654.8116710316503,878.2179721623354,654.8116710316503
2025-04-02,743.6926981564776,748.2186140115384,735.9890316029483,747.20751953125,5458436,718.5642913818359,714.1780224609375,770.5553799438477,724.6560464601056,64.60243199586085,10.656276738939027,6.238527872486639,4.4177488664523885,759.8380322696913,718.5642913818359,677.2905504939805,0.11487835224454,14.142984913229302,0.018927787185682637,28.219221149572274,28.535196856406817,13.429777022511988,1550462613.0,8627249.65,756.8852150473521,666.4633832092842,878.2179721623354,654.8116710316503
2025-04-03,741.4778693122336,755.6333676630561,741.4297331535035,750.3370971679688,7956680,721.604833984375,714.5660949707031,770.2664923095704,727.1018608132355,65.82293083052005,11.287069585954441,7.248236215180199,4.038833370774242,762.8334975685551,721.604833984375,680.3761704001948,0.11426936639693538,14.147317027252392,0.018854614919946316,29.175484310111365,30.232499288368476,12.466688584687667,1558419293.0,8370247.5,756.8852150473521,690.4411000485206,878.2179721623354,654.8116710316503
2025-04-04,750.2408294522949,753.9001182138272,736.6631401821917,739.0223999023438,8231194,723.3911254882812,714.8357238769531,769.893586730957,728.2371502502934,58.03225263906038,10.75005599948122,7.948600172040404,2.8014558274408152,764.3871638917603,723.3911254882812,682.3950870848021,0.1133440457285324,14.368007098994045,0.01944191015169861,29.484633187697984,27.64183815350622,13.768048404788113,1550188099.0,8048770.8,756.8852150473521,692.4151953776362,878.2179721623354,654.8116710316503
2025-04-07,702.9595626780941,725.7816862623683,702.9595626780941,719.2335815429688,14923235,724.1061248779297,714.8549829101562,769.3846636962891,727.3796675162625,47.45363057643168,8.628215901644921,8.084523317961308,0.5436925836836135,764.2801364653758,724.1061248779297,683.9321132904836,0.1109616676539469,15.917637822226586,0.022131388509527804,27.879617038624488,23.16861919511365,26.66408815815709,1535264864.0,7939840.25,756.8852150473521,692.4151953776362,878.2179721623354,654.8116710316503
2025-04-08,731.8482821294997,745.3296978529378,730.0668328471972,740.1296997070312,12911288,725.8322235107422,715.3258679199218,769.02283203125,728.5939562963357,56.47597084227244,8.534405126950219,8.17449967975909,0.35990544719112805,765.6436086498446,725.8322235107422,686.0208383716398,0.10969858832263103,16.644671999922476,0.022488858380512237,26.60530905738633,28.962794986476997,23.678022596251598,1548176152.0,8139559.65,756.8852150473521,692.4151953776362,878.2179721623354,654.8116710316503
2025-04-09,738.5889950046072,739.5038171183404,713.5520799197053,714.7076416015625,11319387,726.4725891113281,715.1910534667969,768.5697601318359,727.2714501349287,46.10432009704022,6.335678031503221,7.806735350107917,-1.4710573186046956,765.1185496956747,726.4725891113281,687.8266285269816,0.1063934446077889,17.354168270451297,0.02428149254366858,24.983127156604727,25.79450653376018,27.885203730492165,1536856765.0,8422787.6,756.8852150473521,692.4151953776362,878.2179721623354,654.8116710316503
2025-04-11,730.8853451496299,731.5594277102952,718.3668873275676,725.9260864257812,9360327,727.628140258789,715.2189782714844,768.1901135253906,727.1433202578671,50.43050709120641,5.435745814136112,7.332537442913557,-1.8967916287774447,764.7265648193336,727.628140258789,690.5297156982444,0.1019708351228695,17.318283830328536,0.023856814287523415,23.476815391593238,24.001671734151305,25.947056025407083,1546217092.0,8618751.5,756.8852150473521,692.4151953776362,878.2179721623354,654.8116710316503
2025-04-15,741.4778565892068,742.1519391227857,729.0556715859763,735.2186279296875,7859090,729.5757202148437,715.3162365722657,767.8109484863281,727.9123971789929,53.74271797525701,5.410010255950624,6.948032005520971,-1.5380217495703468,763.8677028415688,729.5757202148437,695.2837375881187,0.09400527368599056,17.240253035091104,0.02344915155868422,22.1605503811746,26.77675343992745,24.202744914277297,1554076182.0,8809828.4,756.8852150473521,695.5447924372056,878.2179721623354,654.8116710316503
2025-04-16,735.2186797710156,746.0519609071307,732.3298048013849,743.1630859375,12536694,731.6894165039063,715.4924584960937,767.4565802001953,729.3648437274222,56.423551138333124,5.9619404687538236,6.7508136981675415,-0.788873229413718,763.7893975057575,731.6894165039063,699.589435502055,0.08774209460409726,16.988960397280728,0.02286033943121537,21.16216547829561,26.871636012403997,22.806401826367363,1566612876.0,8925394.8,756.8852150473521,695.5447924372056,878.2179721623354,654.8116710316503
2025-04-17,743.4038315336337,771.329623132695,738.7335071379982,767.9111328125,27034818,735.2668060302734,715.9652709960938,767.2324517822266,733.0359188783821,63.516782807692934,8.300625252645204,7.0607760090630745,1.23984924358213,766.763379805084,735.2668060302734,703.7702322554628,0.08567386292021396,18.10375722566759,0.023575328514071646,21.463138175080296,33.38904893526571,19.873308553883813,1593647694.0,9256812.65,771.329623132695,696.3633422851562,878.2179721623354,654.8116710316503
2025-04-21,773.255458543513,793.8145932403959,771.7147488855273,786.447998046875,16398507,739.7710388183593,716.9417102050782,767.0771743774415,738.1227835610956,67.75113337314303,11.517058418235024,7.952032490897464,3.56502592733756,773.417564530378,739.7710388183593,706.1245131063407,0.09096470109390173,18.66087888296961,0.023728051860152814,22.55331250877321,38.68509830918984,17.902847612094664,1610046201.0,10351075.4,793.8145932403959,702.9595626780941,878.2179721623354,654.8116710316503
2025-04-22,790.7332527762891,804.5516812424216,783.8480772367818,791.9369506835938,25117557,743.4928771972657,718.1251867675782,766.9830453491211,743.247942334667,68.90209971337858,14.343672551261875,9.230360502970347,5.113312048291528,782.5023457673979,743.4928771972657,704.4834086271335,0.10493568873769339,18.806787820303196,0.023747834728597175,23.893472482855124,39.721152215806356,16.495098030721337,1635163758.0,11171000.75,804.5516812424216,702.9595626780941,878.2179721623354,654.8116710316503
2025-04-23,795.4035350043313,800.2183263784495,780.0924749249118,783.3184204101562,12104382,746.56953125,718.7848132324219,766.921897277832,747.0641783418564,64.9805309558738,15.707277533373144,10.525743909050906,5.181533624322238,787.8835334295644,746.56953125,705.2555290704355,0.11067690402631726,18.90100665124852,0.024129404031315506,24.869425578493455,36.70006592504797,16.659799532427872,1623059376.0,12046636.1,804.5516812424216,702.9595626780941,878.2179721623354,654.8116710316503
2025-04-24,782.6443782863423,788.6628678148439,781.1036684767707,783.2703247070312,12713521,749.4680389404297,719.6967358398438,766.7940646362305,750.5123827575874,64.95831219374575,16.59279200704725,11.739153528650176,4.853638478397075,792.5046965579694,749.4680389404297,706.4313813228899,0.11484587836029239,18.09087755745028,0.023096595117677747,25.77566773872905,35.604710729879784,16.162568873344757,1610345855.0,12303695.35,804.5516812424216,702.9595626780941,878.2179721623354,654.8116710316503
2025-04-25,784.811056973124,788.6628903815811,757.8482231139246,769.0667114257812,13131038,750.3274841308594,720.5903625488281,766.5983438110352,752.2794616783679,58.58718229561964,15.964427734560672,12.584208369832275,3.380219364728397,794.2007050106905,750.3274841308594,706.4542632510282,0.11694419252321968,18.999719679607864,0.024704904525621806,25.041370095571413,31.480035912102057,23.032972320940807,1597214817.0,12460505.05,804.5516812424216,702.9595626780941,878.2179721623354,654.8116710316503
2025-04-28,769.066700695532,792.3221093100369,767.8630027721836,787.073974609375,11317611,752.470068359375,722.133984375,766.3941967773437,755.5932248146543,63.47788439981958,16.72666557863056,13.412699811591933,3.313965767038626,799.0436990443789,752.470068359375,705.8964376743711,0.12378865989061669,19.389675883768255,0.02463513787683217,24.519222061516512,29.99157200051889,20.95761926317946,1608532428.0,12512303.75,804.5516812424216,702.9595626780941,878.2179721623354,654.8116710316503
2025-04-29,789.6257719721119,798.2923962986351,779.0332311285836,782.4517211914062,11283059,754.8076477050781,723.5928649902344,766.1837902832032,758.1511768505354,61.47111153635536,16.764516430771778,14.083063135427903,2.681453295343875,802.4603467879031,754.8076477050781,707.1549486222532,0.12626448401181017,19.38035368993135,0.02476875334930787,24.295415827261863,30.063132171721776,19.470007274335007,1597249369.0,12318677.15,804.5516812424216,702.9595626780941,878.2179721623354,654.8116710316503
2025-04-30,781.4407087956405,781.4407087956405,755.440833087098,759.4371337890625,25635764,755.5948699951172,724.7012329101562,765.8339962768555,758.273648939919,52.561168777753174,14.76720153433348,14.21989081520902,0.5473107191244608,803.0066703882859,755.5948699951172,708.1830696019484,0.12549529457095207,19.925391862386846,0.026237052385064467,22.709078296566428,27.15215913231112,26.042158416001122,1571613605.0,12497237.5,804.5516812424216,702.9595626780941,878.2179721623354,654.8116710316503
2025-05-02,761.0740226752047,773.6406747464794,759.7740525588761,767.1888427734375,14720184,756.8081939697265,725.9251513671875,765.5821826171875,759.1227150193016,54.93070609033446,13.652436431497676,14.106399938466751,-0.4539635069690746,804.1025461899072,756.8081939697265,709.5138417495458,0.12498372136301833,19.516688226317562,0.025439223224054546,21.236050589492095,25.74070477721195,24.688405378044518,1586333789.0,12996594.9,804.5516812424216,702.9595626780941,878.2179721623354,654.8116710316503
2025-05-05,753.0333941109573,769.4036852872824,753.0333941109573,760.737060546875,23986447,757.6893005371094,727.1259606933594,765.2610357666016,759.2764622124039,52.57679215682667,12.108789561555682,13.706877863084538,-1.5980883015288558,804.5853180150929,757.6893005371094,710.7932830591259,0.1237869333636886,19.291945579889536,0.02535954481568314,19.935075056650433,24.180531718972237,25.687747153518423,1562347342.0,13351194.85,804.5516812424216,702.9595626780941,878.2179721623354,654.8116710316503
2025-05-06,764.5407210502615,769.5481157490566,742.5370895801225,745.4259643554688,18869468,757.6002227783204,728.1264721679687,764.848889465332,757.9573671784101,47.387043983391365,9.539989730103798,12.873500236488391,-3.3335105063845933,804.5822305276356,757.6002227783204,710.6182150290051,0.12402849507361494,19.843308479107005,0.02662009297766343,19.263362108215464,21.82946577461699,26.96841652113431,1543477874.0,14199960.95,804.5516812424216,702.9595626780941,878.2179721623354,654.8116710316503
2025-05-07,736.9519304230361,753.4185516163304,736.2297117419523,747.3518676757812,15586266,757.450961303711,729.0586145019531,764.3421322631835,756.9473196067312,48.081251473829475,7.572312751183858,11.813262739427486,-4.240949988243628,804.543159106964,757.450961303711,710.3587635004579,0.12434388550302662,19.65370357876923,0.026297791480592733,18.944559499813366,20.465770812715174,27.576015526946062,1559064140.0,14870512.55,804.5516812424216,702.9595626780941,878.2179721623354,654.8116710316503
2025-05-08,750.1445368852355,757.3667243392013,735.7001619773041,740.5149536132812,14491673,757.5255889892578,729.8906115722656,763.8043203735351,755.3823323692598,45.77232609083719,5.398996472101999,10.53040948596239,-5.13141301386039,804.5053305063008,757.5255889892578,710.5458474722149,0.12403473149923958,19.79747920613551,0.026734746016316556,18.392991228332917,20.290403510340056,25.420338988945,1544572467.0,15251991.85,804.5516812424216,702.9595626780941,878.2179721623354,654.8116710316503
2025-05-09,728.4779526212103,752.7445134918086,727.5149943229668,750.38525390625,13578216,759.0831726074218,730.8911254882812,763.2539895629883,754.9064201346873,49.539701337069296,4.4221031546295535,9.308748219695822,-4.8866450650662685,802.8362657125278,759.0831726074218,715.3300795023158,0.11527878547173113,20.18548206061453,0.026900158226105572,18.293315982198898,18.47892787803577,26.047288295175715,1558150683.0,15565015.8,804.5516812424216,713.5520799197053,878.2179721623354,654.8116710316503
2025-05-12,769.4036424963954,774.1221614356956,763.6258929907904,771.9555053710938,15096824,760.674462890625,732.2768212890625,762.8317324829102,756.5301425381546,56.63073422382121,5.327040379963478,8.512406651749354,-3.1853662717858757,803.8658613440322,760.674462890625,717.4830644372179,0.1135607952165932,20.439155308388177,0.026477115800298212,17.065067130542786,24.41687312670811,23.886582307341893,1573247507.0,15497764.85,804.5516812424216,713.5520799197053,878.2179721623354,654.8116710316503
2025-05-13,769.018476685771,777.7332963407931,767.6703703271746,772.0518188476562,13909596,763.5416717529297,733.8127404785156,762.4703823852539,758.0083974247739,56.66002055159759,5.9830128950367225,8.006527900406827,-2.023515005370104,801.4351074318324,763.5416717529297,725.648236074027,0.09925702048954956,19.697996073047484,0.025513826393736345,16.117874669439075,24.835364945164457,23.014960248552576,1587157103.0,15607041.65,804.5516812424216,718.3668873275676,878.2179721623354,654.8116710316503
2025-05-14,775.9036380329437,777.5888150314639,766.8036704860727,771.0407104492188,9281719,765.7974029541016,735.4362878417969,762.1660873413086,759.2495700937686,56.230729428975614,6.348110772269592,7.6748444747793805,-1.326733702509788,799.6178086127608,765.7974029541016,731.9769972954424,0.08832729264475248,19.061363821072035,0.0247216049201431,15.186261929866157,23.831640480454954,22.409585753866654,1577875384.0,15736552.1,804.5516812424216,727.5149943229668,878.2179721623354,654.8116710316503
2025-05-15,774.6518391145711,779.4666307570579,765.0703919911599,777.82958984375,17058854,767.9279510498047,737.3015380859375,761.9530328369141,761.0190957842431,58.50407614804781,7.103376003599692,7.560550780543443,-0.4571747769437513,799.0343058030475,767.9279510498047,736.821596296562,0.08101373237090388,18.728140602845322,0.024077433987317737,14.432820976527081,23.239314063091516,21.1791465142563,1594934238.0,15732621.7,804.5516812424216,727.5149943229668,878.2179721623354,654.8116710316503
2025-05-16,789.7644580739088,789.7644580739088,776.9946347468432,778.0751342773438,14733924,769.6735534667969,739.306513671875,761.7580581665039,762.6434804026336,58.58785622683285,7.633745458705107,7.575189716175776,0.0585557425293306,798.8857110647264,769.6735534667969,740.4613958688674,0.07590791567762938,18.3025465117182,0.02352285236401641,14.32542429900582,26.100043214273924,20.12365732695374,1609668162.0,16192609.9,804.5516812424216,727.5149943229668,878.2179721623354,654.8116710316503
2025-05-19,778.0750903727592,787.2104729702169,778.0750903727592,780.9237670898438,10666184,770.324185180664,741.6592761230469,761.5101599121094,764.3844600871298,59.60676436723217,8.189524196793968,7.698056612299415,0.4914675844945533,799.9273792822844,770.324185180664,740.7209910790436,0.07685905407390926,17.647749089271024,0.02259855549669893,14.225698812736077,25.134991445727227,19.379583038127134,1620334346.0,16302471.4,804.5516812424216,727.5149943229668,878.2179721623354,654.8116710316503
2025-05-20,784.0180560729261,785.2459236919375,769.9220998339915,771.7393798828125,11324667,769.588754272461,743.7031652832031,761.1722848510742,765.0849286390996,54.9153930219209,7.798977799045701,7.718240849648673,0.08073694939702847,798.2695972425574,769.588754272461,740.9079113023645,0.07453550434792988,17.481754429890664,0.022652406868942262,13.536742832311909,23.56125195828465,21.497422685657085,1609009679.0,15484039.7,804.5516812424216,727.5149943229668,878.2179721623354,654.8116710316503
2025-05-21,773.0654298291093,776.9946060925355,765.3052827270537,773.1636352539062,8206040,768.6500885009766,745.3759130859376,760.8357531738282,765.8543292690813,55.50029588978265,7.51773272728974,7.678139225176887,-0.16040649788714667,795.5151952008073,768.6500885009766,741.7849818011459,0.06990204542153394,17.068009353861456,0.022075545946048453,12.574738276663123,22.408656700245587,22.37789771869681,1617215719.0,15230347.7,800.2183263784495,727.5149943229668,878.2179721623354,654.8116710316503
2025-05-22,774.0477442991881,774.2442151084329,766.4840678018166,771.346435546875,7355826,768.0514892578125,746.7369104003906,760.4920611572265,766.3773870098236,54.528272583821085,7.066750056523574,7.555861391446225,-0.4891113349226508,794.1037970069627,768.0514892578125,741.9991815086622,0.06784000321209001,16.40316206477251,0.02126562243480502,11.681448332132108,21.65142257563584,21.621703002686093,1609859893.0,14384771.85,798.2923962986351,727.5149943229668,878.2179721623354,654.8116710316503
2025-05-23,773.9495383488706,780.874699700136,772.2796264031289,776.5034790039062,5534158,767.7131469726562,748.1683081054688,760.2210983276367,767.3417767235458,56.8385302542952,7.04427137307664,7.453543387772308,-0.4092720146956683,793.1341908673563,767.7131469726562,742.2921030779561,0.06622537075193671,15.912097928235974,0.02049198536579374,11.330477759149767,23.701740281050604,20.696902179608433,1615394051.0,14147344.05,798.2923962986351,727.5149943229668,878.2179721623354,654.8116710316503
2025-05-26,777.9769427872259,783.4286631605596,775.2265312430146,780.33447265625,4965466,768.2765350341797,749.6628430175781,760.0405499267578,768.5791763361842,58.524336412205514,7.2519896033483064,7.413232630887508,-0.16124302753920183,794.2852449852965,768.2765350341797,742.2678250830629,0.06770663625685164,15.361386070329475,0.01968564328324428,11.184753655314104,23.985343528191336,19.90754482983887,1620359517.0,13788375.9,798.2923962986351,727.5149943229668,878.2179721623354,654.8116710316503
2025-05-27,780.3344684569088,787.1613645883718,776.0614530866071,779.6468505859375,11995043,767.9051788330078,751.2177734375,760.0308587646484,769.6332405504464,58.085801217204235,7.277235007743116,7.38603310625863,-0.10879809851551414,793.0266724160217,767.9051788330078,742.7836852499938,0.0654286343561097,15.056995029717708,0.01931258366323386,11.31408690541194,24.493104453868458,18.859280336005856,1608364474.0,13380097.3,798.2923962986351,727.5149943229668,878.2179721623354,654.8116710316503
2025-05-28,780.4326591919574,784.7547771957036,778.6154390963333,782.4463500976562,6873519,767.9049102783204,752.8103991699219,760.102331237793,770.8535366977998,59.41903288377278,7.4374046160214675,7.396307408211198,0.041097207810269154,793.025781938865,767.9049102783204,742.7840386177758,0.06542703744774794,14.420019534692894,0.01842940354043846,11.434182066217074,23.748249858869396,18.285754769122036,1615237993.0,13413968.9,789.7644580739088,727.5149943229668,878.2179721623354,654.8116710316503
2025-05-29,784.8529869834019,786.2282227070898,777.3384131262393,783.232177734375,14034127,769.0946624755859,754.5497021484375,760.1250106811524,772.0324548917592,59.80552654988976,7.540823982518873,7.425210723072734,0.11561325944613898,794.7469631447548,769.0946624755859,743.442361806417,0.06670778493403778,14.025004537989867,0.017906573474240354,11.659774456272846,23.423458173865225,17.45786159192809,1629272120.0,13193491.9,789.7644580739088,727.5149943229668,878.2179721623354,654.8116710316503
2025-05-30,783.8706869171444,800.0785394661832,778.5662748283969,797.91748046875,22037314,770.6310943603515,756.4902685546875,760.2240057373047,774.4976954229013,66.27054290550768,8.70739237687576,7.6816470538333395,1.02574532304242,799.1621752291398,770.6310943603515,742.1000134915632,0.07404601521424468,14.55980883083247,0.01824726138632665,12.825210182008236,27.746219232744227,15.615421101225529,1651309434.0,12613410.05,800.0785394661832,727.5149943229668,878.2179721623354,654.8116710316503
2025-06-02,798.4577080916993,807.9859725290632,794.8723707211232,799.2435913085938,26891575,772.5564208984375,758.5478735351562,760.2513909912109,776.8544474120148,66.79000480768332,9.627927540568749,8.070903151180422,1.5570243893883262,803.270451271062,772.5564208984375,741.842390525813,0.0795127178851375,14.4565083291973,0.01808773756387311,14.359499316796294,29.85545427599566,14.6036453977463,1678201009.0,12979266.55,807.9859725290632,727.5149943229668,878.2179721623354,654.8116710316503
2025-06-03,801.7484370268255,803.9094959854718,790.8940994751483,795.4617309570312,14247597,775.0582092285156,760.5298413085937,760.3162002563477,778.6265696543974,63.77356016770091,9.937737711536101,8.444270063251558,1.4934676482845433,804.6560840452405,775.0582092285156,745.4603344117907,0.0763758759388829,14.353571770706315,0.018044327227957693,15.348191841462171,27.92173660425829,15.637508967278839,1663953412.0,13124522.95,807.9859725290632,727.5149943229668,878.2179721623354,654.8116710316503
2025-06-04,802.5342413659282,802.5342413659282,790.9922862422444,792.2201538085938,9607927,777.3016235351563,762.0242407226563,760.4372640991211,779.9211967167018,61.221316661760135,9.80862855487976,8.7171417615772,1.0914867933025612,804.8929402592299,777.3016235351563,749.7103068110827,0.0709925616740352,14.152742010204708,0.017864657875926893,16.266263471509056,26.295239922407326,14.72659297347154,1654345485.0,12893429.4,807.9859725290632,727.5149943229668,878.2179721623354,654.8116710316503
2025-06-05,794.3812098308251,797.3280919793597,788.6347536685006,791.72900390625,13595507,779.8623260498047,763.4231140136719,760.5296313476563,781.045749782373,60.82412538550166,9.556515365234077,8.885016482308576,0.6714988829255013,802.3574369226208,779.8623260498047,757.3672151769886,0.057689954037809195,13.762784603108592,0.017383201240835516,16.841385309876028,25.108844751855127,15.28570948947773,1640749978.0,12594512.45,807.9859725290632,727.5149943229668,878.2179721623354,654.8116710316503
2025-06-06,792.3675287830383,801.9939985959651,788.88033690073,798.6541748046875,17163935,782.2757720947266,764.8901940917968,760.6128100585937,782.722742641641,64.33739305683301,9.802519913788842,9.068517168604629,0.7340027451842133,801.7585410310793,782.2757720947266,762.7930031583738,0.04981048789017983,13.71641868111763,0.017174415552854285,17.703264157187373,25.82395106359426,14.241852969384132,1657913913.0,12549704.15,807.9859725290632,763.6258929907904,878.2179721623354,654.8116710316503
2025-06-09,802.9272300169949,809.9014942207324,801.2573180380161,805.5302734375,12793040,783.9545104980468,765.9632434082031,760.7226654052735,784.8948884317228,67.45796062341287,10.432069580216762,9.341227650927056,1.0908419292897058,805.2889526142824,783.9545104980468,762.6200683818113,0.05442775526014071,13.540054447898148,0.01680887099390772,19.00962096029205,28.46320683724461,13.396832789551924,1670706953.0,12728990.1,809.9014942207324,765.0703919911599,865.6994922830175,654.8116710316503
2025-06-10,806.4634476687678,807.4948444720902,800.1767415127031,802.5833740234375,6560513,785.481088256836,767.1304650878906,760.7860089111329,786.5795061071243,64.83937243722609,10.571342219399185,9.587250564621481,0.9840916547777034,807.5470973962604,785.481088256836,763.4150791174116,0.056184698700751615,13.095629341575934,0.01631684603174138,20.08227032912597,27.32707708217113,13.45147616159594,1664146440.0,12613800.9,809.9014942207324,765.0703919911599,865.6994922830175,654.8116710316503
2025-06-11,802.5342598525855,806.0704945433416,798.6541862626485,800.6187744140625,7197825,786.9599914550781,768.428837890625,760.862399597168,787.9165792792137,63.08133430018865,10.403267626336742,9.750453976964533,0.6528136493722094,808.9209829366955,786.9599914550781,764.9989999734607,0.05581221846109817,12.689963551512875,0.01585019482062496,20.872848645833404,26.186321649575277,13.746958440887923,1656948615.0,12246346.75,809.9014942207324,765.0703919911599,865.6994922830175,654.8116710316503
2025-06-12,801.5519752269744,802.0431222706184,787.0140347260071,791.679931640625,13448521,787.6525085449218,769.3885827636718,760.8712258911132,788.2749937898243,55.68344972915625,9.4399594176366,9.688355065098946,-0.24839564746234544,809.289272340161,787.6525085449218,766.0157447496827,0.0549398714801533,12.857043836734187,0.016240204308438262,20.20026792563498,23.99987969637485,19.06594891546819,1643500094.0,12142152.05,809.9014942207324,765.3052827270537,865.6994922830175,654.8116710316503
2025-06-13,772.3287088939938,782.2007522600275,772.3287088939938,778.3206787109375,11377117,787.6647857666015,770.0965490722656,760.8370892333984,787.3269637823113,46.84192833122324,7.5119574885927705,9.253075549797712,-1.7411180612049417,809.2800658861863,787.6647857666015,766.0495056470168,0.054884464838802015,13.320913758869684,0.0171149426235622,19.28805448056562,21.509558159752128,24.962065024781424,1632122977.0,11961635.4,809.9014942207324,765.3052827270537,865.6994922830175,654.8116710316503
2025-06-16,778.4680786132812,781.3167555010375,772.2305350251097,778.4680786132812,8085001,787.5420013427735,770.8036120605469,760.8051339721679,786.4832604328798,46.942032274911654,5.927566710314295,8.58797378190103,-2.660407071586734,809.3362126962932,787.5420013427735,765.7477899892538,0.05534742608358709,13.018435667230978,0.01672314642678898,18.449055646328453,20.437229475947607,23.771481779123143,1640207978.0,11793795.05,809.9014942207324,765.3052827270537,865.6994922830175,654.8116710316503
2025-06-17,779.9415184126576,784.7056208342702,776.5525917636725,778.2716064453125,7753156,787.8686126708984,771.4248937988282,760.7681033325196,785.7011981483496,46.81548290085847,4.603011292733072,7.790981284067438,-3.1879699913343664,808.8877568968858,787.8686126708984,766.849468444911,0.053356978277715184,12.67090662461432,0.016280828594643942,17.337129562831525,21.408302210783454,22.678936314043522,1632454822.0,11664735.9,809.9014942207324,765.3052827270537,865.6994922830175,654.8116710316503
2025-06-18,778.4680756237817,781.4149579289822,774.3915311197982,777.8787231445312,5710169,788.1043670654296,771.9757263183594,760.760404663086,784.9562005289383,46.54526084242019,3.4814571120277833,6.929076449659508,-3.447619337631725,808.5566141262699,788.1043670654296,767.6521200045894,0.051902382261871854,12.26751520922644,0.01577047275394768,16.505092044475987,20.532821368424603,23.0097881270663,1626744653.0,11486160.35,809.9014942207324,766.4840678018166,865.6994922830175,654.8116710316503
2025-06-19,778.320667516001,779.2047561439027,767.8592718430074,771.1990356445312,11824333,788.0969970703125,772.6192590332031,760.6947521972656,783.6459943494709,42.09635659449514,2.0302192825630527,5.949305016240217,-3.9190857336771643,808.573485658552,788.0969970703125,767.6205084820729,0.05196438678071176,12.201655858631362,0.0158216689786623,16.311701330395227,19.169102464861908,25.305546425659987,1614920320.0,11361366.8,809.9014942207324,767.8592718430074,865.6994922830175,654.8116710316503
2025-06-20,773.5565989033221,785.2950253156704,772.181363190149,782.053466796875,11367669,788.3744964599609,773.8756567382812,760.6780755615234,783.4943250587476,50.39387951305064,1.7359537327982935,5.106634759551833,-3.370681026753539,808.359527875029,788.3744964599609,768.3894650448929,0.05069933516319184,12.336965416667631,0.015775092037117643,15.486164863279532,21.13079954689954,23.240285590257415,1626287989.0,11584792.15,809.9014942207324,767.8592718430074,865.6994922830175,654.8116710316503
2025-06-23,776.0123304607985,780.874698193188,774.5388893270122,776.2088012695312,5549253,788.168212890625,774.5972387695313,760.6006387329102,782.8004656502508,46.52762260065013,1.0193797274361032,4.289183753128687,-3.2698040256925838,808.561930069153,788.168212890625,767.774495712097,0.05174965659610561,11.992509134753004,0.015450107129858113,14.719595286672101,20.185036366072612,22.20010694607577,1620738736.0,11876467.7,809.9014942207324,767.8592718430074,865.6994922830175,654.8116710316503
2025-06-24,784.8529460243278,792.3675194893278,779.5976968381185,781.3167114257812,11402190,788.2517059326171,775.9294201660156,760.5359823608399,782.6591557241109,50.128695512663434,0.8538131006288268,3.602109622628715,-2.748296521999888,808.5184695460939,788.2517059326171,767.9849423191404,0.05142206089994622,12.290095497970402,0.015729979044660253,14.437180169779099,24.968899081577373,20.11523838173219,1632140926.0,11905657.05,809.9014942207324,767.8592718430074,865.6994922830175,654.8116710316503
2025-06-25,785.3440886452789,789.567941046098,782.0042649119035,785.8843383789062,6528324,788.4236053466797,777.1285852050781,760.5341268920898,782.9663159769486,53.166048613172464,1.0787346958225044,3.0974346372674733,-2.018699941444969,808.5483156373421,788.4236053466797,768.2988950560173,0.051050501669881655,12.001605078137997,0.01527146488616184,14.174937561235597,23.74272904403856,19.127421397048675,1638669250.0,11876014.4,809.9014942207324,767.8592718430074,865.6994922830175,654.8116710316503
2025-06-26,787.7998677833231,789.1259408358321,777.3875743106198,782.9375,24704402,788.4088714599609,778.0829626464844,760.5067037963868,782.9635715981916,51.0076567214352,1.0075866197131518,2.679465033756609,-1.6718784140434573,808.54918879057,788.4088714599609,768.2685541293517,0.05109104694195966,11.982802324357591,0.01530492832998495,13.420588013821765,22.081414482650086,20.541020955747538,1613964848.0,11858754.65,809.9014942207324,767.8592718430074,865.6994922830175,654.8116710316503
2025-06-27,790.7467068374075,795.1179273319369,788.4383398116579,791.1396484375,19375990,788.0699798583985,779.0424938964844,760.6948275756836,783.7422455828877,56.32270966671817,1.5946637958985548,2.462504786184998,-0.8678409902864432,807.7824553911926,788.0699798583985,768.3575043256044,0.050027221025056814,11.996918396327544,0.015164097033970482,13.290011582614724,24.047619316070787,19.051362142603214,1633340838.0,12392268.4,809.9014942207324,767.8592718430074,865.6994922830175,654.8116710316503
2025-06-30,794.6759369772839,806.4634663267615,792.7604514670988,805.824951171875,19652607,788.3990478515625,779.8007702636719,760.947951965332,785.8453604008865,63.87857516765237,3.207928880883969,2.6115896051247924,0.5963392757591768,809.0442998809032,788.3990478515625,767.7537958222218,0.05237259503445696,12.234554074394254,0.015182644886587455,14.080709471850342,28.52003732957225,17.34694130867174,1652993445.0,12259202.2,809.9014942207324,767.8592718430074,865.6994922830175,654.8116710316503
2025-07-01,805.4811416394373,810.2944065895595,798.8506566320394,805.7758178710938,11456405,788.9147521972657,780.1873266601563,761.2085345458985,787.743499207573,63.83878361779595,4.4314059476236025,2.975552873624555,1.4558530739990476,810.7224745955118,788.9147521972657,767.1070297990195,0.055285371042962037,12.178068066046094,0.015113469275140639,15.084498389929585,28.85270709291493,16.182587853242097,1641537040.0,11897253.8,810.2944065895595,767.8592718430074,865.6994922830175,654.8116710316503
2025-07-02,806.4634551919074,809.4594402026391,794.6759260051804,798.5068969726562,6661200,789.2290893554688,780.3187255859375,761.5004205322266,788.7685847090095,58.07504986543001,4.7596133106054594,3.332364961020736,1.4272483495847235,811.3965934350631,789.2290893554688,767.0615852758744,0.05617508117369982,12.364171361147,0.015484113422216806,15.510324906488735,26.388534071851396,17.21227701488567,1634875840.0,11757694.2,810.2944065895595,767.8592718430074,865.6994922830175,654.8116710316503
2025-07-03,799.0962152227779,800.0785092795976,791.5325389943724,792.8095092773438,7020403,789.2831146240235,780.5085473632812,761.6716159057618,789.1534346678984,53.962581774583,4.508022758208881,3.567496520458365,0.9405262377505159,811.4799731632721,789.2831146240235,767.0862560847748,0.056245618658197584,12.091442712866868,0.015251384565112465,15.534574330679495,25.056330832845518,18.200243092230068,1627855437.0,11610357.85,810.2944065895595,767.8592718430074,865.6994922830175,654.8116710316503
2025-07-04,794.4303152499558,799.4399909377498,789.8626239223718,797.4754028320312,4319538,789.2241760253906,780.7926489257812,761.851215209961,789.9460030644825,56.66876826231044,4.63174220718156,3.780345657803004,0.8513965493785558,811.3272526757682,789.2241760253906,767.121099375013,0.056012163138972344,11.911865877331953,0.014936969635715395,15.358733118357836,23.61734746404013,18.15635587723015,1632174975.0,11281602.65,810.2944065895595,767.8592718430074,865.6994922830175,654.8116710316503
2025-07-07,796.8369801203829,798.2613185459272,790.8941128494637,792.56396484375,4461783,788.5758605957031,781.2625939941406,762.0317755126953,790.1953327577461,53.12852548692605,4.2840943894233305,3.8810954041270698,0.40299898529626077,809.4545056938553,788.5758605957031,767.697215497551,0.05295278778221802,11.587247292984209,0.014619952214542806,15.195451992630582,22.544777567812282,17.331794153320732,1627713192.0,10639382.8,810.2944065895595,767.8592718430074,865.6994922830175,654.8116710316503
2025-07-08,793.5953947208753,799.1453201848503,791.0904969053553,798.2612915039062,5935770,788.3597564697266,781.4863403320312,762.2535815429687,790.9635193049994,56.52172007436722,4.4173867513696905,3.9883536735755944,0.42903307779409605,808.7374512621072,788.3597564697266,767.9820616773459,0.05169643585977031,11.334931292020698,0.014199525158818541,15.133886034339994,21.957503006099383,16.452057652908447,1633648962.0,10222819.95,810.2944065895595,767.8592718430074,865.6994922830175,654.8116710316503
2025-07-09,795.6581782931005,798.0648106998194,794.675884245825,796.5913696289062,4099112,788.1583862304688,781.7691333007813,762.4196124267578,791.4995050501334,55.258983505937564,4.338264358292236,4.058335810518923,0.2799285477733129,808.1229406208614,788.1583862304688,768.1938318400761,0.050661275041117795,10.78139386102502,0.013534409575699465,15.076717644498734,21.43592592841606,16.061256560903683,1629549850.0,10191582.8,810.2944065895595,767.8592718430074,865.6994922830175,654.8116710316503
2025-07-10,796.9351619351286,801.0608089938022,792.613104027281,793.693603515625,12178137,788.2590698242187,782.4542626953125,762.584635925293,791.7084668087516,53.04441601991698,3.9956741397697897,4.045803476369096,-0.05012933659930674,808.3137538887052,788.2590698242187,768.2043857597323,0.05088348445888128,10.61470179713189,0.013373802875712508,15.353644786292861,22.23344144534373,15.148232077023774,1617371713.0,10036647.15,810.2944065895595,767.8592718430074,865.6994922830175,654.8116710316503
2025-07-11,793.2515938303184,798.1630643635436,790.3047115103832,794.3321533203125,6202372,789.0596435546875,782.99712890625,762.7925741577149,791.9583417146146,53.486778796057436,3.7326666978281082,3.983176120660899,-0.25050942283279065,808.7382823485851,789.0596435546875,769.3810047607898,0.04987871057565702,10.417819729705359,0.013115193293081261,15.246845367985921,21.03550620038619,15.914769618519555,1623574085.0,9973127.95,810.2944065895595,767.8592718430074,865.6994922830175,654.8116710316503
2025-07-14,795.4617558456557,801.0608442463658,793.6936384439774,794.528564453125,6938635,789.8626678466796,783.672958984375,762.9044766235352,792.2031248325679,53.63147947714197,3.4997373485219896,3.886488366233117,-0.3867510177111275,809.0515970065793,789.8626678466796,770.67373868678,0.0485880139447847,10.199918734897006,0.012837699223460421,15.484468872868726,21.979526921462746,15.093702971361635,1630512720.0,9714390.7,810.2944065895595,767.8592718430074,865.6994922830175,654.8116710316503
2025-07-15,796.6405037947652,806.4634446553665,796.1493567517351,801.9940185546875,9297645,791.0487884521484,784.8043200683594,763.071039428711,793.1355909013412,58.86913373950535,3.872894597497634,3.8837696124860206,-0.0108750149883865,810.157709590163,791.0487884521484,771.9398673141338,0.04831287631551819,10.323844553993043,0.012872720138983263,16.281030279163932,23.90251638488319,13.847340479245936,1639810365.0,9657072.4,810.2944065895595,767.8592718430074,865.6994922830175,654.8116710316503
2025-07-16,801.5519699633943,819.4297342255312,800.8643521159136,816.9739990234375,16458920,793.0035522460937,786.1967626953125,763.3372982788086,795.405915484398,66.93904386901089,5.3161029114670555,4.170236272282228,1.1458666391848276,814.2073171403322,793.0035522460937,771.7997873518552,0.053477099400579445,10.91252580796623,0.013357249828036656,18.088529871202184,29.485023928168342,12.164600769176078,1656269285.0,9734296.85,819.4297342255312,767.8592718430074,865.6994922830175,654.8116710316503
2025-07-17,823.5553655077234,827.5827471798666,811.7186740978348,814.32177734375,23073718,795.1596893310547,787.6728991699218,763.548166809082,797.2074261376696,64.52517705640534,6.174666067206317,4.571122231267046,1.6035438359392709,815.8190671675452,795.1596893310547,774.5003114945641,0.051962839951986715,11.266207756113772,0.013835081007980907,20.2728516162939,31.688507938146373,10.941092888710479,1633195567.0,10271734.4,827.5827471798666,772.181363190149,865.6994922830175,654.8116710316503
2025-07-18,817.2686571434967,817.9071722636787,805.7267019494631,808.7717895507812,15387801,796.49560546875,788.8406298828126,763.7274334716797,798.3087940817754,59.67566589317626,6.33422887448944,4.923743559911525,1.4104853145779153,817.0473558939168,796.49560546875,775.9438550435832,0.05160543331076328,11.331512224549622,0.014010765918088612,21.371261481887476,29.255464060193884,13.878095649986895,1617807766.0,10834203.65,827.5827471798666,774.5388893270122,865.6994922830175,654.8116710316503
2025-07-21,808.4280466091758,812.7010019745913,803.4674733809013,809.6068115234375,8852594,798.1655059814453,789.5936560058594,763.9818933105469,799.3847957428861,60.1608089594344,6.453668964914641,5.229728640912149,1.2239403240024922,817.2256747783724,798.1655059814453,779.1053371845182,0.0477599411502761,11.181656250916795,0.013811218102125732,22.058528146166402,27.52986252994956,14.502709632872856,1626660360.0,11035210.25,827.5827471798666,777.3875743106198,865.6994922830175,654.8116710316503
2025-07-22,812.848378561757,813.3886283330482,799.5874080353719,800.5697021484375,7851163,799.1281555175781,790.164013671875,764.1475936889649,799.4976439719862,52.76232304603614,5.752792288297314,5.334341370389183,0.4184509179081317,816.5626877537974,799.1281555175781,781.6936232813588,0.043633883040767915,11.368767968542475,0.01420084714426844,22.13799703979566,25.142710424211323,15.682957160361033,1618809197.0,11200377.3,827.5827471798666,777.3875743106198,865.6994922830175,654.8116710316503
2025-07-23,798.113968917551,810.5891161764496,797.1316748019602,806.1196899414062,15470390,800.1399230957031,790.8655932617188,764.3547662353516,800.1283150166929,56.31540080429702,5.580847567443016,5.383642609799949,0.19720495764306634,816.709919837,800.1399230957031,783.5699263544062,0.041417747728893166,11.517958926110108,0.014288149848997367,21.867719851891295,23.044393763742182,15.897038039239227,1634279587.0,11022825.95,827.5827471798666,777.3875743106198,861.8476914572568,654.8116710316503
2025-07-24,805.4811769361788,807.3966624575928,796.29675091266,801.25732421875,10118309,801.0559143066406,791.3341479492187,764.5253491210938,800.2358397026031,52.58369372376247,4.994652613770427,5.305844610594045,-0.3111919968236183,815.6255291743636,801.0559143066406,786.4862994389176,0.03637602471316576,11.488098398883162,0.014337589250849474,21.497405214135576,21.453985502559163,15.31902787413406,1624161278.0,11469929.25,827.5827471798666,788.4383398116579,856.1661615632173,654.8116710316503
2025-07-25,800.569684169264,804.6953313423805,791.2378903047143,792.269287109375,6734439,801.1123962402344,791.6180310058594,764.7761764526367,799.47712040801,46.45566281610714,3.7614695317831774,4.996969594831872,-1.2355000630486943,815.535829059842,801.1123962402344,786.6889634206268,0.036008512381781516,11.628765730224814,0.014677794431048581,20.45055961859528,19.680576897789503,17.16009751973466,1617426839.0,10740624.6,827.5827471798666,789.8626239223718,856.1661615632173,654.8116710316503
2025-07-28,792.269295178368,794.6268250025805,781.906104403612,783.0357666015625,7734158,799.9729370117187,791.6602709960938,764.9288363647461,797.9112771883483,41.15013856574884,2.0158575662777594,4.4007471891210495,-2.38488962284329,816.2134178540438,799.9729370117187,783.7324561693937,0.04060257563959851,11.706762506563653,0.014950482475879656,19.59632514972649,18.153064672008338,21.521982881231693,1609692681.0,10108547.05,827.5827471798666,781.906104403612,856.1661615632173,654.8116710316503
2025-07-29,782.1025562450097,785.8352617474154,779.057408633055,785.0494384765625,7833759,798.9366180419922,791.9264721679688,765.0147686767579,796.6863401681783,42.68739342069325,0.7858749216079559,3.677772735618431,-2.891897814010475,816.1779888231687,798.9366180419922,781.6952472608158,0.0431607974695941,11.354697549977704,0.014463671959325523,19.097591630725624,17.379069054896682,22.39636446738724,1617526440.0,9512624.6,827.5827471798666,779.057408633055,856.1661615632173,654.8116710316503
2025-07-30,784.8038487430033,789.1750692870572,782.1025400865564,787.4560546875,8743723,798.3840759277343,792.2123205566406,765.1141787719727,795.8072653604946,44.55159264097351,0.005238246210865327,2.9432658377369183,-2.938027591526053,816.3386683823045,798.3840759277343,780.4294834731642,0.04497733107641621,11.04882838215793,0.014031041245270038,18.20154466514523,18.74357559735857,21.372345473815255,1626270163.0,9331492.3,827.5827471798666,779.057408633055,856.1661615632173,654.8116710316503
2025-07-31,781.0220116677076,789.5679822929258,778.5171737140591,782.4463500976562,11359112,797.86591796875,792.4343188476563,765.1757809448242,794.5347972402243,41.52377994878278,-1.0060659339449103,2.1533994834005528,-3.159465417345463,816.9939210476625,797.86591796875,778.7379148898374,0.04794791367353971,11.04896982477998,0.014121057403361868,17.760502857028953,17.40452596328976,22.163336725084754,1614911051.0,9435618.45,827.5827471798666,778.5171737140591,848.7515140014297,654.8116710316503
2025-08-01,781.6114403088707,786.8175871342196,777.9769400877676,779.9415283203125,15468391,796.989224243164,792.5030798339844,765.1988592529297,793.1449621049946,40.05788390975647,-1.9867479726134434,1.3253699921977535,-3.312117964811197,817.653986101757,796.989224243164,776.324462384571,0.05185706714721685,10.891232483470837,0.013964165373943186,17.41013201882833,16.39540974273757,21.23260856537092,1599442660.0,9652553.9,827.5827471798666,777.9769400877676,848.7515140014297,654.8116710316503
2025-08-04,780.4326243068729,783.0848302381428,772.62337460265,781.6113891601562,8820724,796.4415954589844,792.5286181640626,765.2326940917969,792.0465265864386,41.539570749054704,-2.59923932653885,0.5404481284504328,-3.139687454989283,818.1028920902787,796.4415954589844,774.78029882769,0.054395191699677846,10.860534137186693,0.013895056146579913,17.653168241767954,15.267342023397111,23.292705584164594,1608263384.0,10209996.55,827.5827471798666,772.62337460265,848.7515140014297,654.8116710316503
2025-08-05,783.8706809392065,789.8135481709712,782.2007690014489,786.4246215820312,7381537,795.8497619628906,792.6641735839844,765.2867434692383,791.5111070622094,45.70558496922213,-2.665528948222004,-0.10074728688405454,-2.5647816613379497,817.9227408871695,795.8497619628906,773.7767830386117,0.05547021555887114,10.670650199588714,0.013568560681788964,16.929607343865726,18.933249483118132,22.01382732986143,1615644921.0,10427943.6,827.5827471798666,772.62337460265,843.0218932764863,654.8116710316503
2025-08-06,786.7684568691343,795.8546771264834,784.8529714185823,790.8941040039062,7409396,795.5648986816407,792.8331286621094,765.3361776733399,791.4523448661805,49.31737839159776,-2.3305489549385356,-0.5467076204949508,-1.7838413344435848,817.7390620933879,795.5648986816407,773.3907352698934,0.05574444887775432,10.694297021611021,0.0135217811935518,15.921283441249633,21.576947306652468,20.396211822814827,1623054317.0,10500231.95,827.5827471798666,772.62337460265,843.0218932764863,654.8116710316503
2025-08-07,786.915765008732,792.3675451267196,779.3521485418682,790.8941040039062,7091392,795.4249237060546,792.9863671875,765.3405932617187,791.3991790697735,49.31737839159776,-2.0415412798025727,-0.8456743523564753,-1.1958669274460973,817.6797673698585,795.4249237060546,773.1700800422508,0.055957119271832174,10.860089847556761,0.013731408279031907,15.2157561645772,19.729866256228572,22.268187271873984,1623054317.0,10665746.15,827.5827471798666,772.62337460265,843.0218932764863,654.8116710316503
2025-08-08,790.7467609363763,793.4971724617818,776.0123492419096,790.0591430664062,15708181,795.2112731933594,792.8292004394531,765.3718893432617,791.2715565932624,48.616679661449986,-1.8584519079175834,-1.0482298634686968,-0.8102220444488866,817.5856999186506,795.2112731933594,772.8368464680682,0.05627291131183634,11.333285088436433,0.014344856569154147,14.91848365454691,17.555656011487617,21.91918124072795,1607346136.0,10411408.9,827.5827471798666,772.62337460265,843.0218932764863,654.8116710316503
2025-08-11,793.6936009259229,810.392599955305,793.6936009259229,808.8700561523438,15236297,795.9283477783204,793.0217297363281,765.6106283569336,792.9476041703178,61.7886812972211,-0.19324122043531133,-0.8772321348620198,0.6839909144267085,819.0752145119231,795.9283477783204,772.7814810447176,0.058163192197420235,11.976154502755167,0.014806030229037877,14.848962386668273,25.503446731669058,19.26096613804343,1622582433.0,10886699.35,827.5827471798666,772.62337460265,843.0218932764863,654.8116710316503
2025-08-12,810.3435108131079,810.8837605645641,805.481143141057,806.0704956054688,7986728,796.1321716308594,793.2339050292969,765.8565548706055,794.197403354618,59.35021596182071,0.8902864394702874,-0.5237284199955584,1.414014859465846,819.5591949809951,796.1321716308594,772.7051482807236,0.058852095631673845,11.506616139951731,0.014274950147268069,14.827422635067782,24.953022376624578,18.61500465699309,1614595705.0,11301582.45,827.5827471798666,772.62337460265,843.0218932764863,654.8116710316503
2025-08-13,808.0842230461906,810.3434873670307,806.1196349490305,807.29833984375,4447508,795.648388671875,793.53546875,766.067453918457,795.4451115916781,60.094062377138805,1.8270060958465137,-0.05358151682714396,1.8805876126736578,817.6926520513009,795.648388671875,773.604125292449,0.055412073205409335,10.989928684352458,0.013613218486835391,14.80742143715304,24.26002386535256,18.098026379976734,1619043213.0,11236036.6,827.5827471798666,772.62337460265,843.0218932764863,654.8116710316503
2025-08-14,807.4457350525524,813.3394995419872,804.5970582342032,811.9151611328125,7087573,795.5280578613281,793.9391918945313,766.3669183349609,797.0136877384527,62.8470414231578,2.9083761163985855,0.538810009818002,2.3695661065805833,817.1861768536744,795.5280578613281,773.8699388689818,0.05444966718225201,10.829393871740418,0.01333808554163574,15.076775060308817,24.83721869904711,17.05443193898727,1626130786.0,10635466.0,817.9071722636787,772.62337460265,843.0218932764863,654.8116710316503
2025-08-18,821.1978592084581,823.1624473883827,810.5399923141568,812.9957275390625,6138124,795.7392547607421,794.2260229492188,766.6183413696289,798.5357867670823,63.482028825053376,3.808658482669898,1.1927797043883812,2.615878778281517,817.9842612284191,795.7392547607421,773.4942482930652,0.055910290549548,10.957469671917949,0.013477893303432482,16.15725995493243,29.196854685577417,15.651156968893421,1632268910.0,9836158.75,823.1624473883827,772.62337460265,843.0218932764863,654.8116710316503
2025-08-19,812.8483446933888,816.2863739458684,811.1784327798614,815.697021484375,5076681,796.0437652587891,794.4293579101562,766.6875494384766,800.1701900734911,65.08840220331945,4.686092235555066,1.8914422106217184,2.7946500249333472,819.1883125773041,796.0437652587891,772.8992179402741,0.05814893182660851,10.539646207210023,0.012921030639575424,17.160567357082932,28.186141605281996,15.109357886746684,1637345591.0,9373674.9,823.1624473883827,772.62337460265,843.0218932764863,654.8116710316503
2025-08-20,814.0271315534591,817.1704846600775,812.7501612160911,814.272705078125,4493888,796.7289154052735,794.66314453125,766.7989877319336,801.5132867405991,63.50223779126687,5.206516890045691,2.554457146506513,2.652059743539178,821.1451881783166,796.7289154052735,772.3126426322303,0.061291293188783735,10.10255172412262,0.012406840682635107,18.165420699871607,27.930330767298738,14.637141625278439,1632851703.0,9184879.25,823.1624473883827,772.62337460265,843.0218932764863,654.8116710316503
2025-08-21,814.272717098252,818.4965697939625,809.4594519619582,811.0802612304688,4402511,796.9769439697266,794.8723742675782,766.9052969360351,802.4244271682057,59.97437415811491,5.300255592867188,3.1036168357786478,2.1966387570885404,821.8659616195594,796.9769439697266,772.0879263198938,0.06245856379699288,10.02644930325703,0.012361846025011341,18.577426601795686,26.132160443725944,16.039100340884122,1628449192.0,9017015.5,823.1624473883827,772.62337460265,843.0218932764863,654.8116710316503
2025-08-22,809.4103255407733,811.3749137095616,801.2572966311966,801.7975463867188,5097647,797.003955078125,795.0747265625,766.9603778076172,802.3647242366355,51.08706761294412,4.572794354347252,3.397452339492369,1.1753420148548832,821.9126602169129,797.003955078125,772.0952499393372,0.0625058507679455,10.032961287193315,0.012513085544357939,17.81058231044775,24.249827763105184,20.723218438594788,1623351545.0,8463621.55,823.1624473883827,772.62337460265,843.0218932764863,654.8116710316503
2025-08-25,802.9763126407477,805.9722976123364,799.7838568610522,801.9940185546875,5672898,797.4901916503907,795.548193359375,766.9747930908203,802.3294189335928,51.25172242296859,3.9664074674319636,3.511243365080288,0.4551641023516755,822.3898827773787,797.4901916503907,772.5905005234026,0.06244513446731831,9.758352677485524,0.012167612789770585,16.909760640181343,23.151364972885457,20.863022242448913,1629024443.0,8212588.45,823.1624473883827,772.62337460265,843.0218932764863,654.8116710316503
2025-08-26,800.4223233479629,801.404617447895,792.4657651203016,793.5462646484375,6997817,798.0157165527344,795.8497570800781,766.8538034057617,801.4929280492923,44.340206219144456,2.772221902912179,3.3634390726466665,-0.5912171697344877,822.1033636746179,798.0157165527344,773.9280694308509,0.060368853951742275,9.74191701726412,0.01227643232821473,16.201280901346287,21.533964968181966,24.771178026492983,1622026626.0,8159511.4,823.1624473883827,772.62337460265,843.0218932764863,654.8116710316503
2025-08-28,792.9568789424643,796.6404816628535,786.4737621363677,787.750732421875,7898436,798.15078125,796.0393395996093,766.6768734741211,800.1841475133479,40.32274486530959,1.3426925006377814,2.9592897582448896,-1.6165972576071082,821.9749471407554,798.15078125,774.3266153592447,0.0596984089984698,9.772260053637101,0.012405269397329647,16.15929271145535,19.933737232274144,27.31013360915277,1614128190.0,8122694.35,823.1624473883827,772.62337460265,843.0218932764863,654.8116710316503
2025-08-29,786.5228982350536,792.4166628378574,784.3618392231308,788.291015625,6861440,798.192529296875,796.2475854492187,766.4795339965821,799.0514682858861,40.86069625106681,0.2504890079295592,2.4175296081818236,-2.1670406002522644,821.9444022583746,798.192529296875,774.4406563353755,0.05951414499562527,9.649586022286352,0.012241146773232769,16.325193421820163,18.745212985760602,27.24509737878745,1620989630.0,8125928.2,823.1624473883827,772.62337460265,843.0218932764863,654.8116710316503
2025-09-01,788.8803576581267,793.9882989038185,788.4383732823478,791.7781372070312,5619805,798.6591186523438,796.6591674804688,766.3788333129883,798.3587700879,44.347663744628974,-0.3299056138071137,1.8680425637840363,-2.19794817759115,821.5047112245302,798.6591186523438,775.8135260801573,0.05720987099160917,9.367278683467221,0.011830686202715773,16.254811982749118,19.129276488668722,26.061470819546038,1626609435.0,8031814.05,823.1624473883827,772.62337460265,843.0218932764863,654.8116710316503
2025-09-02,792.0237296591938,796.1493769160325,788.4383921269514,789.666259765625,5075460,799.1453552246094,796.8114233398437,766.2459063720703,797.5309119619691,42.70540770131635,-0.9493399923875359,1.304566052549722,-2.253906044937258,820.7573903111356,799.1453552246094,777.5333201380831,0.05408787011081839,9.248971976725354,0.01171250748318723,15.87815215992613,19.659082406279087,24.509486713510825,1621533975.0,7744848.7,823.1624473883827,772.62337460265,843.0218932764863,654.8116710316503
2025-09-03,790.0590972888992,798.8997437933355,788.7821270069304,797.7701416015625,4261589,799.9532928466797,797.2426501464844,766.2543692016602,797.5536957371685,50.30957868876252,-0.7773696298058894,0.8881789160785998,-1.6655485458844892,820.0370986884155,799.9532928466797,779.8694870049438,0.05021244620486898,9.311018034559618,0.011671304237919077,15.138064248668233,20.2431341278035,22.607150660227557,1625795564.0,7225202.15,823.1624473883827,776.0123492419096,843.0218932764863,654.8116710316503
2025-09-04,800.2258915459101,802.2886851199853,793.6936119705517,795.06884765625,4471950,800.3855041503906,797.5176928710938,766.3362319946289,797.3170435389858,48.02166879069193,-0.8492639381806839,0.5406903452267431,-1.389954283407427,819.6411163808702,800.3855041503906,781.129891919911,0.0481158445040043,9.259879114193472,0.011646638076048734,14.124957397097488,21.5151571672678,21.108287266959554,1621323614.0,6997245.4,823.1624473883827,776.0123492419096,843.0218932764863,654.8116710316503
2025-09-05,797.1316242177459,798.1139182710025,789.4206398814698,792.318359375,5194842,800.4567169189453,797.6463732910156,766.4255276489258,796.8409783805109,45.74072832763617,-1.1153253368283913,0.2094872088157162,-1.3248125456441076,819.5814848117659,800.4567169189453,781.3319490261247,0.04778463966530048,9.219407633860559,0.011635988898620312,13.60220685778376,20.06606150269954,22.997136475471137,1616128772.0,6851766.05,823.1624473883827,776.0123492419096,843.0218932764863,654.8116710316503
2025-09-08,793.6936078879036,799.4400042107487,792.5148430140074,794.4794311523438,4614227,800.6359832763671,797.8772119140625,766.4772399902344,796.6160691206854,47.83716600393444,-1.1386745491222428,-0.060145142771875576,-1.0785294063503672,819.4637573646974,800.6359832763671,781.8082091880369,0.04703204572765538,9.069567433995427,0.011415735988080366,12.925691118326002,19.984983692800714,21.707285715857015,1620742999.0,6741038.35,823.1624473883827,776.0123492419096,843.0218932764863,654.8116710316503
2025-09-09,797.6228148719179,797.966593827573,791.3361086054234,794.528564453125,4567272,800.8594543457032,797.944990234375,766.5836050415039,796.4172591523464,47.88646634811396,-1.140072277790182,-0.27613056977553685,-0.8639417080146451,819.2814934026852,800.8594543457032,782.4374152887211,0.046005672923054214,8.895347276006436,0.01119575516096028,12.457855582462837,18.920943173892617,21.498055979672724,1625310271.0,6617180.1,823.1624473883827,784.3618392231308,843.0218932764863,654.8116710316503
2025-09-10,797.622777526262,809.9996587129843,796.0511310104619,803.7130126953125,7285853,800.6016021728516,797.9027514648437,766.843021850586,797.1120928231051,56.21673053667357,-0.39551254984519346,-0.30000696578946817,-0.09550558405572529,818.7096164989672,800.6016021728516,782.493587846736,0.04523601820673361,9.365043489138786,0.011652223295144126,12.668227592360495,25.866062270002182,18.961278419200987,1632596124.0,6060134.65,823.1624473883827,784.3618392231308,843.0218932764863,654.8116710316503
2025-09-11,804.5970423736838,811.0802191569468,804.4988369492515,809.0665283203125,7425055,800.7514038085938,797.9685656738282,766.9592440795899,798.2506104895058,60.20936715796096,0.6194003073748036,-0.11612551115661382,0.7355258185314174,819.0860610613338,800.7514038085938,782.4167465558537,0.04579363124569092,9.222340844317037,0.011398742280765664,12.980891061926496,25.22705053217742,17.87934321696508,1640021179.0,5662612.45,823.1624473883827,784.3618392231308,843.0218932764863,654.8116710316503
2025-09-12,809.5085114612542,811.1784233553801,805.2846589910332,808.96826171875,5078018,800.8348999023438,798.17779296875,766.9382348632812,799.2713391780052,60.10102810278678,1.3996623292046024,0.18703205691562946,1.212630272288973,819.3027813909774,800.8348999023438,782.3670184137101,0.04612157010361489,8.984585381462027,0.011106227285571375,13.282459482733342,24.123081379098007,17.041585853054244,1634943161.0,5634528.8,823.1624473883827,784.3618392231308,843.0218932764863,654.8116710316503
2025-09-15,808.9682688172991,813.1430186120108,806.561636356512,810.1470336914062,3852494,800.7464935302735,798.5245434570312,766.9474340820312,800.3071196078529,61.007410794212106,2.089061252055899,0.5674378959436834,1.5216233561122154,819.0172382683985,800.7464935302735,782.4757487921485,0.045634279727093836,8.812928015321793,0.010878183402296739,13.794654995001885,24.42860903980268,16.13255449639391,1638795655.0,5666054.3,823.1624473883827,784.3618392231308,843.0218932764863,654.8116710316503
2025-09-16,810.4908511172532,818.2509986153229,807.1019843806856,816.82666015625,9467531,800.9380401611328,798.9115686035157,767.0155499267578,801.8804091838907,65.75481753287329,3.13822934262987,1.0815961852809208,2.0566331573489496,819.7895376566096,800.9380401611328,782.086542665656,0.04707354764092425,8.979791316701473,0.010993509094063773,14.832967008026367,26.325273306778833,14.70186519019881,1648263186.0,5504300.35,818.4965697939625,784.3618392231308,843.0218932764863,654.8116710316503
2025-09-17,819.5279331306582,842.9556827448961,816.2863746805828,841.973388671875,17243938,802.2518585205078,799.8997570800781,767.1865292358399,805.6987881827464,77.07228303232537,5.930470670193358,2.051371082263408,3.87909958792995,827.5834384679943,802.2518585205078,776.9202785730213,0.06315119043588714,10.243328227245176,0.012165857454714756,17.539136993455834,38.65658615207918,11.967761006347565,1665507124.0,5670770.7,842.9556827448961,784.3618392231308,843.0218932764863,654.8116710316503
2025-09-18,843.4468127830675,845.5587090248177,836.0304447176452,839.222900390625,10400847,803.4993682861328,800.7189892578125,767.343274230957,808.891560773973,74.1844276931393,7.831128250034453,3.2073225158176175,4.623805734216836,833.1630709743446,803.4993682861328,773.8356655979211,0.07383628129412106,10.192252232954274,0.012144869054705472,20.177564787482986,37.899515700014554,11.168610636136124,1655106277.0,6279133.55,845.5587090248177,784.3618392231308,845.5587090248177,654.8116710316503
2025-09-19,836.9145788068039,849.1441524246292,834.262372728141,847.081298828125,15206426,805.2994201660156,801.7287878417969,767.5515887451172,812.5286786838923,76.85301033865827,9.857884596775648,4.537434932009224,5.320449664766424,840.4470723846241,805.2994201660156,770.151767947407,0.08729089165707508,10.52721848034955,0.012427636514834157,22.79748226454741,36.50538876777694,10.040861897995473,1670312703.0,6574481.5,849.1441524246292,784.3618392231308,849.1441524246292,654.8116710316503
2025-09-22,846.7374795324375,852.8277146939828,838.8791270541783,840.1069946289062,6594034,807.214892578125,802.6570556640625,767.6405325317382,815.1551849643697,69.94276854612556,10.777103797313089,5.785368705069997,4.991735092243092,845.4319325241853,807.214892578125,768.9978526320648,0.09468863941298376,10.771601991739189,0.012821702545754,25.398724084672153,35.57143571680138,9.112124581705226,1663718669.0,7114677.25,852.8277146939828,784.3618392231308,852.8277146939828,654.8116710316503
2025-09-23,839.4684757773939,858.7705779481222,836.1287119616596,855.1851806640625,14357863,809.8744506835938,803.8741162109375,767.7771823120117,818.9675655071976,75.14588512045574,12.577292042164459,7.14375337248889,5.433538669675569,853.3143787184001,809.8744506835938,766.4345226487874,0.1072757092118164,11.619477991362286,0.013587089970782246,28.066855591321303,34.27363119538309,7.843838545200142,1678076532.0,7189496.6,858.7705779481222,784.3618392231308,858.7705779481222,654.8116710316503
2025-09-24,860.4896293435494,864.9099527819579,849.1441445091953,850.8631591796875,12840160,812.7402954101562,805.0008081054688,767.8645367431641,822.0052410950537,71.33405114321927,13.499588331631799,8.414920364317473,5.084667967314326,858.9665649619805,812.7402954101562,766.514025858332,0.11375409786590125,11.915644440033743,0.014004184235126069,30.77855467905978,34.71474387062106,7.102529472502357,1665236372.0,7623744.85,864.9099527819579,784.3618392231308,864.9099527819579,654.8116710316503
2025-09-25,851.2069400560208,854.7432347874252,844.7238229801568,845.902587890625,8678821,815.6478881835938,805.8789794921875,767.935754699707,824.2811788851081,67.12538004558084,13.672628588564066,9.466462009166792,4.206166579397275,862.5318245645794,815.6478881835938,768.7639518026081,0.11496121564268087,11.780199251979075,0.013926188926025904,32.53898053831339,32.60574901539418,9.351272574093407,1656557551.0,7915862.0,864.9099527819579,784.3618392231308,864.9099527819579,654.8116710316503
2025-09-26,846.7374895737396,849.0458566598143,837.8968429308584,841.7769165039062,6959545,818.3221832275391,806.3750378417968,768.0133074951171,825.947439610708,63.75624476819583,13.323274621253631,10.23782453158416,3.0854500896694717,864.7588239717116,818.3221832275391,771.8855424833665,0.11349231805258442,11.735114571763132,0.013940884267178258,33.10739390163658,30.39308607611729,12.872088760181496,1649598006.0,7954881.25,864.9099527819579,788.4383732823478,864.9099527819579,654.8116710316503
2025-09-29,842.8574336077328,858.0338893192718,840.8437427101278,855.3325805664062,22641712,821.4999053955078,807.19525390625,768.1131387329101,828.7460244636316,69.22235008177739,13.97909557354592,10.986078739976513,2.9930168335694063,868.923597336399,821.4999053955078,774.0762134546165,0.11545635399205378,12.124759717290337,0.014175491490410957,34.14461108695585,32.61016483047742,11.568539552298512,1672239718.0,7959786.5,864.9099527819579,788.4383921269514,864.9099527819579,654.8116710316503
2025-09-30,854.5467671830805,862.0612811008727,852.2383400675699,857.0025024414062,12831593,824.8667175292969,808.1598681640625,768.2497271728515,831.437117604372,69.82607166206303,14.466822616526542,11.682227515286518,2.784595101240024,872.3332904212862,824.8667175292969,777.4001446373077,0.11508907289692742,11.960344097005517,0.01395602003837002,35.31226510481736,33.102335643789566,10.889885631224027,1685071311.0,8810881.85,864.9099527819579,788.7821270069304,864.9099527819579,654.8116710316503
2025-10-01,856.8551164386336,860.9316608640574,847.5233226519999,848.80029296875,10832384,827.4182250976562,808.9437377929687,768.3833410644531,833.0907533533605,63.26213371866133,14.029773559886053,12.151736724206426,1.8780368356796266,874.2664171640173,827.4182250976562,780.5700330312951,0.11323944927810074,12.06377224808066,0.014212733369691248,35.70332086735457,30.474353386583832,12.817063402047637,1674238927.0,9198688.5,864.9099527819579,789.4206398814698,864.9099527819579,654.8116710316503
2025-10-03,849.8317681995126,857.5427529354124,848.5056351862063,851.9436645507812,8019442,830.2619659423829,809.9712170410156,768.494875793457,834.8862687054957,64.6342146021302,13.778226037040326,12.477034586773208,1.301191450267119,875.7966630844884,830.2619659423829,784.7272688002773,0.10968754202879015,11.847582641018192,0.013906532948120776,36.06644407542484,28.81397658091501,12.118733415531318,1682258369.0,9527228.25,864.9099527819579,789.4206398814698,864.9099527819579,654.8116710316503
2025-10-06,852.6312903204407,859.8020253564342,847.5233489405293,858.5741577148438,7820352,833.574755859375,811.0203063964843,768.6424517822265,837.1422581349574,67.39999822474581,13.953056053174464,12.77223888005346,1.1808171731210049,877.1853385247193,833.574755859375,789.9641731940308,0.10463508487702196,11.8783750535101,0.01383500184203685,36.54995625043001,28.045050744713265,11.223938068587248,1690078721.0,9704602.85,864.9099527819579,791.3361086054234,864.9099527819579,654.8116710316503
2025-10-07,858.67240059065,861.4719147583033,847.7197975329713,849.3897094726562,9242580,836.3202697753907,811.9829541015625,768.7941793823243,838.3086820718811,60.35849738016728,13.198359413410685,12.857462986724904,0.3408964266857808,876.520583238436,836.3202697753907,796.1199563123454,0.09613616915883631,12.012213780068812,0.014142170132396114,37.10836201209216,26.744648805910707,10.306104919313867,1680836141.0,9835878.35,864.9099527819579,791.3361086054234,864.9099527819579,654.8116710316503
2025-10-08,851.4524964349083,852.434790514772,842.0715999631051,843.0538940429688,7156112,838.7465362548828,812.9986462402344,768.9739312744141,838.7606070215086,56.01124637177672,11.951243044123203,12.676218998204565,-0.7249759540813621,874.1340642671055,838.7465362548828,803.3590082426601,0.08438193538236902,11.894426406611531,0.014108737876258829,36.70974182861734,25.080244449387873,13.056586604750931,1673680029.0,10067296.0,864.9099527819579,796.0511310104619,864.9099527819579,654.8116710316503
2025-10-09,846.3445463246103,850.4701934075276,842.906517081258,846.835693359375,7020501,840.9026702880859,814.2746447753906,769.1983514404296,839.5296628632101,57.957697206020505,11.139643064433244,12.3689038114503,-1.2292607470170562,872.5459763870342,840.9026702880859,809.2593641891376,0.07526032968383269,11.585087115158537,0.013680442624236585,36.33959451539072,23.910644444822655,12.44770164019886,1680700530.0,10196738.0,864.9099527819579,804.4988369492515,864.9099527819579,654.8116710316503
2025-10-10,846.8357087276893,868.1023997007326,846.0498854486992,865.0573120117188,13713015,843.7022094726562,815.8748022460937,769.6140274047851,841.9608675440204,65.80819163601885,11.83040305187808,12.261203659535855,-0.43080060765777617,873.4331781512739,843.7022094726562,813.9712407940386,0.07047739912213936,12.332760482078166,0.014256581975358295,37.18716797198588,31.068877323375112,10.857841398652724,1694413545.0,10183470.4,868.1023997007326,805.2846589910332,868.1023997007326,654.8116710316503
2025-10-13,863.4365156616575,872.3753680081057,860.4896333556451,867.3165893554688,11923143,846.6196258544921,817.4720129394532,769.9969439697265,844.3756981927297,66.63996365482186,12.417004618729266,12.292363851374537,0.12464076735472851,873.4547443995008,846.6196258544921,819.7845073094835,0.06339356595454301,12.300830065676916,0.014182629753246233,38.19531875748564,31.405790701299573,10.108452820379995,1706336688.0,10497868.4,872.3753680081057,806.561636356512,872.3753680081057,654.8116710316503
2025-10-14,867.3656576175208,868.4953197717444,856.6586283491738,861.4227905273438,7681973,849.1834136962891,819.0515417480469,770.3942065429687,845.9992307960263,62.37694915684839,12.264927824489064,12.286876645997442,-0.021948821508377847,870.8999579881659,849.1834136962891,827.4668694044124,0.0511468875666092,12.26767730545504,0.014241180336017163,38.5418193718197,29.24133013112988,11.642390088984268,1698654715.0,10840124.65,872.3753680081057,807.1019843806856,872.3753680081057,654.8116710316503
2025-10-15,862.552413904726,871.7860023052981,861.5210171041608,870.4107666015625,8269225,851.8626190185547,820.8609265136719,770.8344830322266,848.3241389679821,65.95380862234776,12.72299762609623,12.3741008420172,0.3488967840790309,869.8521696991155,851.8626190185547,833.8730683379939,0.042235802531837494,12.131644053490705,0.013937837764642521,39.05902193016884,29.39461377526041,10.93201319858731,1706923940.0,11031598.6,872.3753680081057,816.2863746805828,872.3753680081057,654.8116710316503
2025-10-16,872.5718005367993,876.0589324550273,866.8254042739779,871.2457275390625,8493686,853.3262359619141,822.65361328125,771.3405633544921,850.5071474033232,66.27457894565272,13.003499367371319,12.499980547088024,0.5035188202832952,872.5781667553316,853.3262359619141,834.0743051684966,0.04512208808795317,11.924635776887751,0.013686880061461314,39.783085810471334,30.32831716775497,10.32737627098522,1715417626.0,10971683.3,876.0589324550273,834.262372728141,876.0589324550273,654.8116710316503
2025-10-17,871.7859901135612,878.9076221454748,867.3656667834078,873.4067993164062,8511854,855.0354309082031,824.3932568359374,771.9120971679688,852.6880666331407,67.13758305616214,13.24747085212016,12.649478608094451,0.5979922440257077,875.0308413790171,855.0354309082031,835.0400204373891,0.04677095181792703,11.897301461543405,0.013621718391538888,40.61236107458818,29.936997253002087,9.61173910190428,1723929480.0,10534170.7,878.9076221454748,834.262372728141,878.9076221454748,654.8116710316503
2025-10-20,878.7602670499772,897.4730173879747,875.273135028841,891.431884765625,13546463,857.2529602050781,826.4040124511719,772.5417379760743,856.3779540743298,73.2793729237849,14.725546827834137,13.06469225204239,1.6608545757917472,882.4011892166004,857.2529602050781,832.1047311935558,0.058671664441977904,12.766509790830906,0.014321351983261708,42.1908188545115,36.29330001347733,8.317514642398152,1737475943.0,10439721.05,897.4730173879747,836.1287119616596,897.4730173879747,654.8116710316503
2025-10-21,891.9230028558147,893.8875909678319,890.3513563479894,891.775634765625,1783576,859.836392211914,828.4216430664062,773.1815234375,859.749161759215,73.38154409439491,15.743192713902317,13.600392344414377,2.14280036948794,887.8596526099304,859.836392211914,831.8131318138976,0.06518277349468095,12.107204421474592,0.013576514035009027,43.656529650154575,35.53612614110364,8.14398937002086,1739259519.0,10356722.9,897.4730173879747,836.1287119616596,897.4730173879747,654.8116710316503
2025-10-23,895.8522005767054,901.7459650541837,888.7796712128369,895.41015625,13382769,861.8476409912109,830.5286633300781,773.8009631347657,863.1454469488135,74.49211279182359,16.651017355998192,14.210517346731141,2.4405000092670512,893.7520986816506,861.8476409912109,829.9431833007712,0.07403734992822254,12.168567951465462,0.013589937378449813,45.29076736454395,37.444236307764115,7.52414087632281,1752642288.0,10116200.0,901.7459650541837,837.8968429308584,901.7459650541837,654.8116710316503
2025-10-24,894.8207940870866,897.9149844315482,884.9978533977383,888.4849853515625,5313227,863.7287322998047,832.1209619140625,774.4233322143555,865.5587363205038,68.61767254702376,16.620085509833302,14.692430979351574,1.9276545304817283,897.2178089854474,863.7287322998047,830.2396556141621,0.0775453575487134,12.222036743061496,0.013756041964204255,46.207799217122826,34.6175382411234,9.16632372662788,1747329061.0,10067445.3,901.7459650541837,837.8968429308584,901.7459650541837,654.8116710316503
2025-10-27,890.8916307113675,911.5689091709564,889.9584393414725,906.411865234375,9150761,866.7541961669922,834.1277893066406,775.2171875,869.4495105027773,74.2734962557068,17.836512965628344,15.321247376606928,2.515265589021416,903.9794592732873,866.7541961669922,829.5289330606971,0.08589577822850969,12.997885819942384,0.0143399334435913,47.550021895265736,37.72949410737742,8.00352627776049,1756479822.0,9691098.65,911.5689091709564,837.8968429308584,911.5689091709564,654.8116710316503
2025-10-28,910.6848024520077,919.2798755091706,901.4512742261386,913.779052734375,22066289,870.3543029785156,836.2574035644532,776.0365640258789,873.6713716676915,76.17389795404603,19.1739851835232,16.091794937990183,3.082190245533017,910.9913755142973,870.3543029785156,829.717230442734,0.09338052881846837,13.342936924448782,0.014601929081785835,49.02320582698498,38.25643167810345,7.239656761345611,1778546111.0,9714695.65,919.2798755091706,840.8437427101278,919.2798755091706,654.8116710316503
2025-10-29,917.3644435934705,925.3701041834124,913.7790463044942,923.11083984375,12314222,873.7432159423828,838.4813171386719,776.9391915893555,878.3798924463637,78.35497275524712,20.747771389362356,17.022990228264618,3.724781161097738,919.7535707283328,873.7432159423828,827.7328611564328,0.10531779576983641,13.217802706910888,0.014318760149266793,50.55402638031661,39.15127650688788,6.786181343137841,1790860333.0,10470032.85,925.3701041834124,842.0715999631051,925.3701041834124,654.8116710316503
2025-10-30,922.8161933430813,928.1697081157838,916.5294871954993,917.8064575195312,13044473,876.783413696289,840.5775317382812,777.8668157958984,882.134803405713,74.19720897321262,21.321211320901284,17.88263444679195,3.4385768741093337,925.8980254930898,876.783413696289,827.6688018994882,0.11203362433544778,13.10511829358043,0.014278738383469642,52.047788098839064,38.193258694541555,6.3556371832714085,1777815860.0,9953658.35,928.1697081157838,842.0715999631051,928.1697081157838,654.8116710316503
2025-10-31,918.3467523280527,929.9378103922294,913.7790609093079,920.4095458984375,12078252,880.3638763427734,842.6717822265625,778.8902697753906,885.7800169764487,74.90107049503708,21.735164627166228,18.653140482866807,3.082024144299421,931.2068022415889,880.3638763427734,829.520950443958,0.11550434374937833,13.323234807104793,0.014475333145420185,53.00653046058864,34.884563620984764,7.279605627794549,1789894112.0,9964302.35,929.9378103922294,842.0715999631051,929.9378103922294,654.8116710316503
2025-11-03,922.1285723673408,936.5192046955284,920.9007047609928,932.8847045898438,11744735,884.4109283447266,845.0440222167969,780.0423028564453,890.2661777015339,77.99858282494569,22.806962188629313,19.48390482401931,3.323057364610005,938.3519552780148,884.4109283447266,830.4699014114384,0.1219818190945352,13.522265092103801,0.01449510858691703,54.100689369408336,35.392514304307255,6.66014071438596,1801638847.0,10026595.75,936.5192046955284,842.0715999631051,936.5192046955284,654.8116710316503
2025-11-04,934.1616585246089,942.314687296863,924.8298648800413,940.644775390625,19154518,888.5144592285156,847.6353125,781.1433404541016,895.0641393862093,79.67860727494246,24.00581820877096,20.38828750096964,3.617530707801322,946.3177453908174,888.5144592285156,830.7111730662139,0.13011220146601002,13.805304901012219,0.014676427555002619,55.28117531172374,35.18926134340435,6.057621928532726,1820793365.0,10212860.4,942.314687296863,842.0715999631051,942.314687296863,654.8116710316503
2025-11-06,952.4814547462262,954.2004693430785,938.3854990793552,943.739013671875,23088096,893.2319244384765,850.4741418457031,782.2331271362305,899.6998416991298,80.32378484957808,24.918356113554182,21.29430122348655,3.624054890067633,952.8641561016802,893.2319244384765,833.5996927752728,0.13352015312415316,13.94885242692015,0.014780413043059775,56.66760356729355,38.42588747030348,5.567048491600818,1843881461.0,10779568.7,954.2004693430785,842.0715999631051,954.2004693430785,654.8116710316503
2025-11-07,941.7744580906816,947.7664280534589,927.2856202739019,938.92578125,13371323,898.0255187988281,853.2127770996094,783.2381814575195,903.4356454658794,76.26745901125643,24.96537603249635,22.02851618528851,2.9368598472078418,956.1470090477501,898.0255187988281,839.9040285499061,0.1294428477414841,14.415420666394205,0.015353099205778363,56.430881457113905,34.5263272441352,10.50209217819176,1830510138.0,11471844.5,954.2004693430785,842.906517081258,954.2004693430785,654.8116710316503
2025-11-10,939.0731232147145,946.1456524515773,932.2952702055394,934.3090209960938,7343249,902.3991851806641,856.0280322265625,784.2307446289062,906.3759669449474,72.48626000900602,24.349420723293065,22.492697092889422,1.8567236304036427,957.5427311213505,902.3991851806641,847.2556392399777,0.12221541607364471,14.375060779225901,0.015385766867476282,56.211068069089954,32.15017416094198,9.779322607807506,1823166889.0,11782605.05,954.2004693430785,846.0498854486992,954.2004693430785,654.8116710316503
2025-11-11,936.7156357136287,938.041768729716,928.3170330963064,936.4209594726562,8648917,905.9673675537109,859.0014367675781,785.1609231567382,909.2373948047293,73.14223716448075,23.757822103406284,22.745722094992793,1.0121000084134906,960.2121468782251,905.9673675537109,851.7225882291967,0.1197499628954312,14.042894697381874,0.014996348122419328,55.477687895998834,30.55988368196542,11.319106810892187,1831815806.0,11798742.45,954.2004693430785,856.6586283491738,954.2004693430785,654.8116710316503
2025-11-12,940.7430695871906,944.5248778824666,934.5546287610688,940.2028198242188,7043323,909.6116790771484,862.0396728515625,786.207269897461,912.1864829018235,74.32281702752235,23.325261365404003,22.861629949075034,0.463631416328969,962.7624905988281,909.6116790771484,856.4608675554688,0.11686483967664994,13.751991441954443,0.014626622205329622,55.09851760958427,32.34467070351539,10.732935526886568,1838859129.0,11545537.55,954.2004693430785,856.6586283491738,954.2004693430785,654.8116710316503
2025-11-13,937.3541550706268,946.8824199346525,935.586037662384,937.1085815429688,8894441,913.3959686279297,864.9462817382813,787.2651080322265,914.5600161057421,71.55155516980084,22.47371173495617,22.784046306251263,-0.310334571295094,962.9389551033773,913.3959686279297,863.8529821524821,0.10848085206653425,13.576590786976874,0.014487745661898364,54.85215463824868,31.662700846339792,10.095055303926289,1829964688.0,11301546.55,954.2004693430785,861.5210171041608,954.2004693430785,654.8116710316503
2025-11-14,936.0771717973782,951.8920827784771,935.1439804142634,950.7133178710938,11032927,917.4110961914063,868.1672229003906,788.4273214721679,918.0031877024422,75.82052701630172,22.635710657675645,22.75437917653614,-0.11866851886049545,965.3589209987964,917.4110961914063,869.4632713840161,0.1045285477937721,13.803127328208072,0.014518706184864472,54.84320054075036,31.510955366481397,9.220134427651711,1840997615.0,11362169.95,954.2004693430785,866.8254042739779,954.2004693430785,654.8116710316503
2025-11-17,953.8075386869531,958.7190090200476,951.3518035204058,956.1159057617188,7415026,921.6546051025391,871.3341381835937,789.6249737548828,921.6329703747542,77.27865357014521,22.935651746150256,22.790633690458964,0.1450180556912919,967.4839476295513,921.6546051025391,875.825262575527,0.09945014601627991,13.389024743975625,0.014003558212232493,55.11114077545234,33.80721590137639,8.826349486034681,1848412641.0,11500355.05,958.7190090200476,867.3656667834078,958.7190090200476,654.8116710316503
2025-11-18,958.3260628811324,959.4066223219879,951.6955779628004,955.2318725585938,6594686,925.7458587646485,874.5373986816406,790.7938912963867,924.8328658208342,76.4660689989746,22.838752209564632,22.8002573942801,0.038494815284533246,968.0931330060341,925.7458587646485,883.3985845232628,0.09148790424597854,12.983454716490764,0.013591940438204296,55.38709593521989,32.75132473905218,8.45191484758419,1841817955.0,11446422.05,959.4066223219879,875.273135028841,959.4066223219879,654.8116710316503
2025-11-19,955.2318704792619,967.0193991973044,951.6464731790688,965.3494873046875,8291226,929.4417388916015,877.9980212402344,791.9979895019532,928.6915916764392,79.16612804132807,23.30966625939743,22.902139167303567,0.40752709209386495,972.066300266591,929.4417388916015,886.817177516612,0.09172078160772318,13.154131238043966,0.013626289142982894,55.9324678716071,34.15117825087084,7.7463751673496475,1850109181.0,11350563.65,967.0193991973044,884.9978533977383,967.0193991973044,654.8116710316503
2025-11-20,968.5419358569656,969.131288306733,962.0096564254319,964.1707153320312,6440857,933.0614929199219,881.3918469238281,793.1670645141602,932.0705558341147,78.04269449848428,23.318945699374808,22.985500473717813,0.33344522565699464,974.5574690672822,933.0614929199219,891.5655167725615,0.08894585504220709,12.72323842684805,0.013196043215714711,56.51451087013147,33.971399173753376,7.436667222465415,1843668324.0,11087801.8,969.131288306733,884.9978533977383,969.131288306733,654.8116710316503
2025-11-21,962.3535354628224,963.2375641743527,953.8566675716402,955.3792114257812,5377241,936.059945678711,884.6088598632813,794.2722006225586,934.2904277952258,70.05757964778468,22.359156394022307,22.860231657778712,-0.5010752637564053,974.8161663650801,936.059945678711,897.3037249923418,0.0828071340201788,12.551153379243981,0.01313735240325461,55.80823926621578,31.97737279125809,11.640018797024732,1838291083.0,11320665.85,969.131288306733,884.9978533977383,969.131288306733,654.8116710316503
2025-11-24,958.2769795122267,960.3889357698928,950.9097738987026,953.4146118164062,9901946,939.3064270019531,887.6028918457031,795.3179211425781,936.1117786543858,68.3739932068367,21.195659318208868,22.527317189864743,-1.3316578716558745,971.97824353067,939.3064270019531,906.6346104732362,0.0695658319575173,12.331725414382994,0.012934273569490506,54.7359854660193,30.221630226462064,12.707832208242491,1828389137.0,10920389.45,969.131288306733,889.9584393414725,969.131288306733,654.8116710316503
2025-11-25,958.276992765206,971.4397576251993,954.1513455736803,966.1844482421875,9140201,942.2950561523437,890.7452502441406,796.4607131958007,938.9758424246527,72.92802622544015,21.061217970061648,22.234097345904125,-1.1728793758424771,973.2756169102413,942.2950561523437,911.3144953944461,0.06575554133627731,12.738398299697996,0.013184230322557356,54.325404291193685,33.36360908516391,11.423411205369863,1837529338.0,11149825.4,971.4397576251993,901.4512742261386,971.4397576251993,654.8116710316503
2025-11-26,969.1313331127609,981.3118039098479,964.760172340205,966.4791870117188,13943490,944.930062866211,893.89546875,797.6292935180664,941.5952085758018,73.02457720642454,20.739384474124677,21.935154771548238,-1.195770297423561,974.701929623995,944.930062866211,915.1581961084269,0.06301390532010068,13.010772104694055,0.013462030304990207,54.372178157868156,35.75164383685963,10.385391697828789,1851472828.0,11149297.4,981.3118039098479,913.7790463044942,981.3118039098479,654.8116710316503
2025-11-27,969.2295646138847,971.0467846498851,951.7447422714566,955.624755859375,11909168,946.5557586669922,896.8050231933594,798.6557318115234,942.9313559361422,63.97548811957115,19.38500891416811,21.425125600072214,-2.0401166859041027,974.900989233692,946.5557586669922,918.2105281002924,0.059891306575785,13.460148552817945,0.014085181940178488,52.83320077112824,32.089618107830944,16.228480129718196,1839563660.0,10743157.45,981.3118039098479,913.7790609093079,981.3118039098479,654.8116710316503
2025-11-28,959.5048346119848,965.5950698307025,955.8212318532206,961.6658935546875,8117842,948.74873046875,899.7018078613281,799.7756903076172,944.7155976140989,66.4661543014974,18.58489079685762,20.857078639429297,-2.2721878425716753,974.5280703857755,948.74873046875,922.9693905517244,0.054343872279626136,13.210874654140058,0.01373748902054494,51.40415034058403,30.359746878196397,15.353643265572261,1847681502.0,10722904.75,981.3118039098479,913.7790609093079,981.3118039098479,654.8116710316503
2025-12-01,968.0017293926574,973.6499204475664,952.6779055144807,955.870361328125,8808306,950.5217712402343,901.9797473144531,800.933115234375,945.7779560630538,62.03503232003182,17.283902341610883,20.142443379865615,-2.8585410382547316,972.9164429512812,950.5217712402343,928.1270995291875,0.04712079699516283,13.76524181692189,0.014400741328349072,50.52364453636197,31.235555252427915,13.68278456983173,1838873196.0,10476573.2,981.3118039098479,920.9007047609928,981.3118039098479,654.8116710316503
2025-12-02,958.7190050026365,963.0902255716678,947.8155648906452,950.1730346679688,13444314,951.3861877441407,904.19875,802.134515991211,946.1965349778076,57.945309101934214,15.613154247469538,19.2365855533864,-3.6234313059168635,972.275025837964,951.3861877441407,930.4973496503173,0.04391242665263714,13.873057450071942,0.01460055899704603,49.139382151188805,28.779033684936078,15.110187350393893,1825428882.0,10313075.9,981.3118039098479,924.8298648800413,981.3118039098479,654.8116710316503
2025-12-03,953.2672831530164,955.3300766986022,930.7727251822406,934.2107543945312,14051968,951.064486694336,905.9413391113281,803.2580313110352,945.0550320651146,48.331496700824104,12.852891596372615,17.959846761983645,-5.10695516561103,972.7866667167901,951.064486694336,929.3423066718818,0.04567972062116431,14.636221311949772,0.015666937297714595,46.194404913322174,25.329973832283457,21.616637342716547,1811376914.0,10398054.85,981.3118039098479,927.2856202739019,981.3118039098479,654.8116710316503
2025-12-04,934.2107677926339,935.6842089047472,927.7276508811245,931.31298828125,13622724,950.4431854248047,907.765458984375,804.3945025634765,943.7462659904609,46.81305736447062,10.312660124552053,16.430409434497328,-6.117749309945275,973.6294069964556,950.4431854248047,927.2569638531538,0.04879033681805548,14.15910250564069,0.015203377042739942,43.205688480332775,24.313265895498034,22.285129071754387,1797754190.0,10142927.35,981.3118039098479,927.2856202739019,981.3118039098479,654.8116710316503
2025-12-05,932.049720989894,956.0668234213827,929.9378246743456,954.2987060546875,17347847,951.2118316650391,909.7477294921875,805.6360314941406,944.751260282292,58.06695633208572,10.038545601496253,15.152036667897114,-5.1134910664008615,973.8321873359721,951.2118316650391,928.5914759941061,0.04756113184870175,15.014095094311857,0.01573311898994805,41.74223942968906,30.98785186065186,19.51493162949499,1815102037.0,9669658.75,981.3118039098479,927.7276508811245,981.3118039098479,654.8116710316503
2025-12-08,953.6601656790195,955.2809748623741,934.8492703729215,939.466064453125,15386438,951.4696838378907,911.5197875976562,806.8298788452148,944.2479082985618,50.62319180881795,8.526153461638387,13.82686002664537,-5.300706565006983,973.4211336188183,951.4696838378907,929.518234056963,0.04614219486717285,15.401067193964769,0.016393425773106474,40.383322454091314,28.05143831770001,17.665693748007875,1799715599.0,9868484.95,981.3118039098479,927.7276508811245,981.3118039098479,654.8116710316503
2025-12-09,937.8944043562335,946.9315221602762,933.6214489589805,942.3638305664062,9580294,951.7668273925781,913.4490124511718,808.0646960449219,944.0684723240707,51.919947046431155,7.475227532477334,12.556533527811764,-5.08130599533443,973.046006466791,951.7668273925781,930.4876483183651,0.04471510975541883,15.251710480202695,0.01618452447504875,39.00544553683438,26.30284429281126,17.139525431676635,1809295893.0,10270644.4,981.3118039098479,927.7276508811245,981.3118039098479,654.8116710316503
2025-12-10,943.1005538600858,946.8824221676225,938.3364513940754,942.7567749023438,6989178,951.8945251464844,915.4686096191406,809.2747561645508,943.9435487600967,52.10363890327343,6.598010725517156,11.364828967352842,-4.766818241835686,972.9237712141434,951.8945251464844,930.8652790788254,0.04418398364970705,14.772729072584436,0.01566971404062801,37.725988399381514,25.21597993096164,16.43130014762263,1816285071.0,10317213.25,981.3118039098479,927.7276508811245,981.3118039098479,654.8116710316503
2025-12-11,945.0651010209991,949.3872189119578,941.479763637212,946.1947631835938,5979035,952.3488342285157,917.2858532714844,810.5111544799805,944.1579501337632,53.76791911895333,6.109797070414402,10.313822587965154,-4.204025517550752,972.452968998347,952.3488342285157,932.2446994586843,0.04222010685006498,14.282352372738817,0.015094516402399024,36.70907100922005,25.471467260396206,15.78149837211494,1822264106.0,10314506.0,981.3118039098479,927.7276508811245,981.3118039098479,654.8116710316503
2025-12-12,948.8960717352387,949.8783658053579,941.0377191742843,946.0965576171875,5681930,952.1179962158203,919.067734375,811.739839477539,944.3425794178988,53.710507527794654,5.649832115159825,9.381024493404087,-3.7311923782442626,972.3972047779155,952.1179962158203,931.8387876537251,0.04259809948492644,13.893659105477015,0.014685244326931279,35.79961085226713,24.566277600302058,15.06422023744552,1816582176.0,10168735.7,981.3118039098479,927.7276508811245,981.3118039098479,654.8116710316503
2025-12-15,940.3010214625418,951.6956089709226,940.3010214625418,950.1239624023438,4416952,951.8183990478516,921.0942077636719,812.9771057128906,944.8931873211793,55.795097533946596,5.54634961609645,8.61408951794256,-3.0677399018461102,972.029431779386,951.8183990478516,931.6073663163172,0.042468253926909616,13.715153991398715,0.014435120609652442,35.08956018450406,24.054860586803553,14.170263420207643,1820999128.0,9901185.85,981.3118039098479,927.7276508811245,981.3118039098479,654.8116710316503
2025-12-16,948.9451629202439,951.8429423827886,941.0868104547513,944.1319580078125,4764786,951.2634033203125,922.9379736328125,814.2214862060547,944.8206892913349,52.04011432710204,4.924072668080271,7.876086147970103,-2.952013479889832,971.6776061687094,951.2634033203125,930.8492004719155,0.04292018967016437,13.503795272587181,0.014302868532361915,34.44165098124923,22.764197438988152,13.364049739819995,1816234342.0,9751282.15,981.3118039098479,927.7276508811245,981.3118039098479,654.8116710316503
2025-12-17,948.4540382267455,961.1747585707222,947.2261706250966,958.5716552734375,8013382,950.92451171875,924.9379235839843,815.565027770996,946.1303050991542,59.17111009048962,5.532303642612305,7.4073296468985435,-1.8750260042862381,970.6039132539634,950.92451171875,931.2451101835366,0.04139003946726294,13.756581364753078,0.014351124706299543,34.5178157292106,25.59513303373937,12.181442622597213,1824247724.0,9659787.15,981.3118039098479,927.7276508811245,981.3118039098479,654.8116710316503
2025-12-18,960.5854160531443,964.072548087051,956.2632980687841,960.2415771484375,4926879,950.7280548095703,927.1549609375,816.9434002685547,947.4742357705145,59.91343432463741,6.079004827586118,7.141664683036058,-1.0626598554499402,969.9476703917512,950.7280548095703,931.5084392273893,0.0404313630694965,13.331771982861207,0.013883768730835048,34.77800494719653,26.07679742933926,11.671769022968729,1829174603.0,9645894.95,981.3118039098479,927.7276508811245,981.3118039098479,654.8116710316503
2025-12-19,962.5990921488027,964.6127830145067,959.7504153454842,962.94287109375,5376584,951.1062377929687,929.5527404785156,818.368982849121,948.9474391346322,61.14410913701118,6.65354339461237,7.044040425351321,-0.3904970307389508,970.9641135466497,951.1062377929687,931.2483620392877,0.0417574293272663,12.726814531872732,0.013216583157645784,35.05578498125704,25.668371335843887,11.353249007074883,1834551187.0,9570196.05,981.3118039098479,927.7276508811245,981.3118039098479,654.8116710316503
2025-12-22,963.7287212154426,965.595103994373,955.3301186192043,957.0491333007812,5959037,951.2879638671875,931.7570092773437,819.8378002929687,949.7190290552179,57.030214934741686,6.5577008708251014,6.946772514446077,-0.38907164362097557,971.2929886175189,951.2879638671875,931.2829391168561,0.042058820273530396,12.550969592108153,0.013114237456985018,34.64704618446718,24.168854537371022,13.205631436410831,1828592150.0,9570163.2,981.3118039098479,927.7276508811245,981.3118039098479,654.8116710316503
2025-12-23,959.0137084154704,960.2415760284049,953.5128854913131,954.691650390625,5123287,950.7133239746094,933.5496960449219,821.2635339355469,950.1926120395424,55.423873731090154,6.219817625784685,6.8013815367138,-0.5815639109291144,969.6029014786152,950.7133239746094,931.8237464706035,0.039737693850833894,12.135092516749841,0.012711007278407226,34.000174835788975,23.21162631332642,13.752255707998367,1823468863.0,9373017.75,981.3118039098479,927.7276508811245,981.3118039098479,654.8116710316503
2025-12-24,955.9686342202896,959.9960160658125,950.3695458353262,951.7938842773438,4105643,949.9790588378906,935.2392419433594,822.5748721313477,950.3451141574283,53.43168216211545,5.653052343559239,6.571715698082888,-0.9186633545236491,967.4484775966367,949.9790588378906,932.5096400791446,0.036778534423940724,11.955905210588154,0.012561443615143377,32.94067428774481,21.876685092884134,14.839275542362461,1819363220.0,9172172.05,973.6499204475664,927.7276508811245,981.3118039098479,654.8116710316503
2025-12-26,951.7938380949545,953.8075289200087,947.6681910665071,949.1907348632812,3286321,949.657357788086,936.9946008300781,823.804342956543,950.2351732722714,51.63608872356223,4.936924578374146,6.2447574741411405,-1.3078328957669942,966.9349773426645,949.657357788086,932.3797382335074,0.03638705984402856,11.540436113653401,0.012158184535288002,31.572133879422466,21.04539464116183,15.947380179601131,1816076899.0,8680279.7,973.6499204475664,927.7276508811245,981.3118039098479,654.8116710316503
2025-12-29,949.7801706470483,951.7447588085237,944.4266559161334,947.962890625,5267233,948.9722076416016,938.5456433105469,825.0194894409179,950.0187654011028,50.76944530181168,4.221646879196669,5.840135355152246,-1.6184884759555773,965.3542609964667,948.9722076416016,932.5901542867365,0.034525886475807316,11.238840883563176,0.011855781481227934,29.85285147732875,20.06656744593654,17.265824137658218,1810809666.0,8249137.35,973.6499204475664,927.7276508811245,981.3118039098479,654.8116710316503
2025-12-30,945.9491873630989,958.915481049936,942.5111581255383,956.2141723632812,15030644,948.9893981933594,940.2450122070312,826.2725216674804,950.6088041594055,56.101554896311136,4.271356092533551,5.526379502628507,-1.2550234100949558,965.4010646477692,948.9893981933594,932.5777317389496,0.034587670812031256,11.607803886479934,0.0121393347034287,29.02404450131997,22.453470106836942,15.522943981466168,1825840310.0,8106606.9,965.595103994373,927.7276508811245,981.3118039098479,654.8116710316503
2025-12-31,957.9823092348453,968.1981917309051,956.2632945810017,964.8092651367188,5807630,949.7212097167969,942.0730615234374,827.5870663452148,951.9612290143878,60.85740138932079,4.947274061062899,5.410558414315386,-0.4632843532524875,967.524974553139,949.7212097167969,931.9174448804548,0.03749261289352719,11.63467642084736,0.012059043005975552,29.06844859596274,26.500413323465384,14.38086997425158,1831647940.0,8417723.8,968.1981917309051,927.7276508811245,981.3118039098479,654.8116710316503
2026-01-01,965.7915430941249,970.1627637032144,962.9919690176538,967.3140869140625,4328348,951.3763763427735,943.5907055664062,828.9095614624024,953.4234059572138,62.14451949289982,5.620275072079835,5.452501745868276,0.1677733262115586,969.2594061996966,951.3763763427735,933.4933464858503,0.03759401705068201,11.315827725469735,0.011698193873687531,29.264428806167526,26.54098970122211,13.729934283067998,1835976288.0,8035889.6,970.1627637032144,927.7276508811245,981.3118039098479,654.8116710316503
2026-01-02,967.0685336904954,991.6258859934536,966.528283930725,981.2626953125,7357435,953.8738616943359,945.3804467773438,830.3345397949219,956.0747668481935,68.3799930304039,7.19621584956576,5.801244566607774,1.3949712829579868,973.6976738592331,953.8738616943359,934.0500495294388,0.0415648503664515,12.30024017813108,0.01253511443662276,30.741729676217698,35.13662343168809,11.728879123670684,1843333723.0,7549708.6,991.6258859934536,929.9378246743456,991.6258859934536,654.8116710316503
2026-01-05,982.2940684850213,997.5196265465391,982.2940684850213,987.7457885742188,11259060,955.5462158203125,947.2271594238281,831.7688229370117,959.0910546316245,70.78841136246703,8.866088959931744,6.414213445272568,2.451875514659176,980.2691170057228,955.5462158203125,930.8233146349021,0.051746112906085606,12.5828609678388,0.012738966962341372,32.374188473999126,35.23971368408827,10.646479467655423,1854592783.0,7236444.15,997.5196265465391,933.6214489589805,997.5196265465391,654.8116710316503
2026-01-06,990.1033041483112,1005.869111730934,987.1564219850369,1000.8594360351562,9575742,958.6158843994141,949.4746484375,833.2913034057617,963.0689957176752,74.94543708727281,11.11945898391241,7.355262553000537,3.7641964309118725,989.1523169666104,958.6158843994141,928.0794518322177,0.0637094232719247,13.020705880557252,0.013009525025949683,34.22184095601936,36.20256849146192,9.553581361516729,1864168525.0,6932004.8,1005.869111730934,933.6214489589805,1005.869111730934,654.8116710316503
2026-01-07,1004.5921658085748,1004.5921658085748,986.2232545545625,989.3175048828125,7896720,960.9635681152344,951.1327612304688,834.75607421875,965.5688537334025,66.03784922535351,11.837478495004575,8.251705741401345,3.58577275360323,993.3073354888097,960.9635681152344,928.619800741659,0.06731528321518396,13.402720550089759,0.013547441022664761,35.8029561560154,32.658502486879016,9.115652441290939,1856271805.0,6641470.0,1005.869111730934,938.3364513940754,1005.869111730934,654.8116710316503
2026-01-08,988.7771726722618,993.6886429516878,978.2175115714958,980.3294677734375,6854268,962.8422027587891,952.46376953125,836.0702206420898,966.9746264991202,60.052154395414576,11.54813494089592,8.91099158130026,2.63714335959566,995.1022766197558,962.8422027587891,930.5821288978224,0.06701009525451491,13.550464180811346,0.01382235730563898,36.16443763493834,29.995104097438446,12.592311632606194,1849417537.0,6557291.3,1005.869111730934,940.3010214625418,1005.869111730934,654.8116710316503
2026-01-09,978.3648939690311,990.1524228120314,976.400305828531,982.7852172851562,7809460,964.6717254638672,953.6572570800781,837.3752200317383,968.4803970501713,61.08989299036665,11.385738841706939,9.405941033381596,1.9797978083253422,997.0976575090572,964.6717254638672,932.2457934186773,0.06722687353482402,13.564867952431992,0.013802474552785353,36.262140151785346,27.82302155341607,12.637331457043052,1857226997.0,6550545.8,1005.869111730934,940.3010214625418,1005.869111730934,654.8116710316503
2026-01-12,990.1524157511643,999.2386358361825,978.364886992222,997.1758422851562,7617922,967.2256896972656,955.2446447753906,838.7345983886719,971.2132965963604,66.5702408659387,12.27672350653961,9.9800975280132,2.2966259785264107,1001.3965293963029,967.2256896972656,933.0548499982283,0.07065742786408517,14.086930873255463,0.014126827261452158,36.85690245906592,29.48540605808708,11.29977719048012,1864844919.0,6642067.05,1005.869111730934,940.3010214625418,1005.869111730934,654.8116710316503
2026-01-13,1004.6903698484319,1011.2717521544648,998.0107821164995,1010.2402954101562,11016895,970.2315063476562,957.041259765625,840.0264108276367,974.9301536262457,70.61643282046924,13.877061330763922,10.759490288563345,3.117571042200577,1008.2191885147399,970.2315063476562,932.2438241805726,0.07830642876169766,14.0875722301164,0.013944773628730443,37.95835948356156,33.47924034340514,10.492172555403423,1875861814.0,6738866.65,1011.2717521544648,941.0868104547513,1011.2717521544648,654.8116710316503
2026-01-14,1011.762899052176,1012.1558406646648,1002.4311053230539,1010.14208984375,7370514,973.5320129394531,958.5864074707031,841.3560098266602,978.2836713612461,70.54730971445166,14.96491005007806,11.600574240866289,3.364335809211772,1013.304167415523,973.5320129394531,933.7598584633832,0.08170692683434835,13.775941023794578,0.013637626985650561,39.01815797324859,32.249519316683084,9.963125983331693,1868491300.0,7068863.8,1012.1558406646648,942.5111581255383,1012.1558406646648,654.8116710316503
2026-01-15,1010.14208984375,1010.14208984375,1010.14208984375,1010.14208984375,0,976.1105346679688,959.9763537597656,842.7282196044922,981.3178064548179,70.54730971445166,15.646672892274978,12.409793971148027,3.2368789211269515,1018.2831117808196,976.1105346679688,933.9379575551179,0.0864094292911123,12.79194523638068,0.012663510772389808,40.00225657081513,32.24951931668309,9.963125983331693,1868491300.0,7199150.2,1012.1558406646648,942.5111581255383,1012.1558406646648,654.8116710316503
2026-01-16,1013.7274769567848,1028.9038723255544,1010.1912422980266,1023.8451538085938,11051580,979.2907135009766,961.5784765625,844.1289819335938,985.3680300123203,74.57478633075422,17.095629818345174,13.346961140587457,3.748668677757717,1025.5878637485725,979.2907135009766,932.9935632533806,0.0945524135158662,13.218362182482375,0.012910509107076876,41.6271730151489,39.118318102958014,8.953026763789705,1879542880.0,6798481.1,1028.9038723255544,942.5111581255383,1028.9038723255544,654.8116710316503
2026-01-19,1016.6743972572739,1025.1221025667041,1015.6921031536436,1020.0142211914062,5460164,982.1442810058594,963.2002453613281,845.5144412231446,988.6676672674713,71.62595459600897,17.730429026649063,14.223654717799779,3.506774308849284,1031.022549760767,982.1442810058594,933.2660122509517,0.09953378480165707,12.947764841809384,0.012693710119733448,43.13602399917311,37.08329660775508,8.48727049422091,1874082716.0,7104716.15,1028.9038723255544,942.5111581255383,1028.9038723255544,654.8116710316503
2026-01-20,1021.3402828105476,1033.3733854452475,1014.758960353515,1018.0496215820312,8905718,985.1943054199219,964.8750573730468,846.8891146850586,991.4659486307628,70.09521757541017,17.869002465721678,14.95272426738416,2.916278198337519,1035.0316405160297,985.1943054199219,935.3569703238142,0.10117260081982607,13.352526288232466,0.013115791219963202,44.79551182203023,37.804637049705875,7.642135287820846,1865176998.0,7108895.15,1033.3733854452475,942.5111581255383,1033.3733854452475,654.8116710316503
2026-01-21,1013.7274897970154,1022.1751948968682,1003.9045490044088,1010.4368286132812,7408949,987.9815643310546,966.3553747558594,848.2052612304688,993.2726991052883,64.35574319262649,17.166647715741874,15.395508957055704,1.7711387586861704,1036.910485463624,987.9815643310546,939.0526431984854,0.09904824725286891,13.703820545677253,0.013562273422361605,44.89914468835711,34.20441510364422,12.572013805233548,1857768049.0,7256229.2,1033.3733854452475,942.5111581255383,1033.3733854452475,654.8116710316503
2026-01-22,1016.6743620200224,1036.8113904465058,1015.7412306174947,1029.7879638671875,12001641,991.8812683105468,968.1470776367188,849.6025155639649,996.7503433683264,70.88234653897338,17.964418769878648,15.909290919620293,2.055127850258355,1041.0834423436881,991.8812683105468,942.6790942774055,0.09920980586103109,14.608873494787774,0.01418629271983984,45.56899299234362,36.94977733671123,10.950781165884063,1869769690.0,7370512.3,1036.8113904465058,942.5111581255383,1036.8113904465058,654.8116710316503
2026-01-23,1033.27513930533,1034.3556387828587,1007.4407577235297,1011.271728515625,10917698,994.985317993164,969.6303405761719,850.9637622070312,998.133332429974,59.631083389124974,16.907651746984925,16.10896308509322,0.7986886618917062,1040.7347998705518,994.985317993164,949.2358361157762,0.09196011448623627,15.487874035112148,0.015315244754093654,45.26958334471471,32.36324513401754,13.419571153256513,1858851992.0,7765312.2,1036.8113904465058,942.5111581255383,1036.8113904465058,654.8116710316503
2026-01-27,1015.7903012550574,1036.3202718546306,1012.0084929651499,1034.5030517578125,14420630,999.3123260498047,971.3061352539063,852.5401095581054,1001.5971152231014,66.76008941233684,17.740231554670117,16.4352167790086,1.305014775661519,1042.7661132083526,999.3123260498047,955.8585388912567,0.0869673795185076,16.170778985390253,0.01563144638182855,45.07894231277714,29.6502879196142,11.934791062633495,1873272622.0,8146881.05,1036.8113904465058,942.5111581255383,1036.8113904465058,654.8116710316503
2026-01-28,1040.6424178822,1046.7325934811859,1025.6624325065334,1044.6697998046875,12171257,1003.735107421875,973.0772131347657,854.0628100585938,1005.6992756594428,69.31405035865659,19.00139242705552,16.948451908617983,2.0529405184375378,1046.7462403179918,1003.735107421875,960.7239745257583,0.08570215902199972,16.520734841766128,0.015814312661144088,45.338277108850484,31.451037217103565,10.847551424094993,1885443879.0,8604550.9,1046.7325934811859,956.2632945810017,1046.7325934811859,654.8116710316503
2026-01-29,1044.1786063237967,1055.9661352757114,1041.5264602731938,1047.3218994140625,14800724,1007.8607391357422,974.919013671875,855.7258813476562,1009.6633350646448,69.9624041118993,19.98450484660043,17.555662496214474,2.428842350385956,1050.9744452228535,1007.8607391357422,964.7470330486308,0.08555488752162749,16.37208771039123,0.01563233588407805,45.91710407472779,33.49812505798712,10.164179648268027,1900244603.0,8461581.55,1055.9661352757114,962.9919690176538,1055.9661352757114,654.8116710316503
2026-01-30,1045.1609334664397,1063.3333745088544,1041.6246986507867,1058.078125,9480769,1012.3989410400391,976.7735864257812,857.3866415405273,1014.2742674394405,72.50020032607225,21.385052460260454,18.321540489023672,3.0635119712367818,1056.5799495595372,1012.3989410400391,968.217932520541,0.08727983945560212,16.753272578082402,0.015833682014815685,46.69886470932909,33.538731131188875,9.22342152679387,1909725372.0,8911236.25,1063.3333745088544,966.528283930725,1063.3333745088544,654.8116710316503
2026-02-02,1001.841784674364,1013.0399614867208,972.4711668650343,1010.4859008789062,14434549,1013.8601013183594,977.6998901367188,858.7629779052735,1013.9134706241514,51.690593452081956,18.442112598507947,18.34565491092053,0.09645768758741724,1055.6962142029795,1013.8601013183594,972.0239884337392,0.08252837414199281,21.671392975002636,0.021446507028107138,44.076107436101665,24.07546986598301,29.413844005258454,1895290823.0,9168857.3,1063.3333745088544,972.4711668650343,1063.3333745088544,654.8116710316503
2026-02-03,1067.7536525315768,1070.5041238871402,1021.8805674931078,1045.3572998046875,16129381,1016.7406768798828,979.4994519042968,860.2739489746094,1016.9081210222977,60.61155315871644,18.707987976131562,18.418121523962736,0.2898664521688268,1058.9199693764358,1016.7406768798828,974.5613843833297,0.08296961743674997,24.410452263090583,0.023351300333054912,42.3835880510842,36.662142850622246,24.24812169789173,1911420204.0,9522713.0,1070.5041238871402,972.4711668650343,1070.5041238871402,654.8116710316503
2026-02-04,1045.3573226632539,1054.8856472820669,1037.5972952790487,1049.2864990234375,7312276,1019.1620300292968,981.4168896484375,861.6808258056641,1019.9917760700253,61.474817772749574,19.016538845268315,18.53780498822385,0.4787338570444639,1062.9460939893659,1019.1620300292968,975.3779660692279,0.0859216938425588,23.901730815942557,0.02277903207387849,40.811962907853705,34.76799421682262,22.995343136272844,1918732480.0,9766229.05,1070.5041238871402,972.4711668650343,1070.5041238871402,654.8116710316503
2026-02-05,1049.2864692879657,1061.8598812478167,1048.5989114079966,1054.49267578125,9551567,1022.4207885742187,983.1830541992188,863.0210491943359,1023.2775760425228,62.643093964751266,19.456875833445565,18.721619157268194,0.7352566761773716,1066.5351626199783,1022.4207885742187,978.3064145284592,0.08629396925169673,23.141676460505234,0.021945791556456363,39.56531519964465,35.49755635636169,22.05412057524024,1928284047.0,9653055.75,1070.5041238871402,972.4711668650343,1070.5041238871402,654.8116710316503
2026-02-06,1051.0546673292163,1054.590902041245,1032.3910797785106,1047.5184326171875,7041557,1025.7802368164062,984.8038391113281,864.2989566040039,1025.5862290496336,60.017418789780805,19.023788539489033,18.782053033712362,0.24173550577667058,1066.677387296997,1025.7802368164062,984.8830863358152,0.07973862044275415,23.07440116066446,0.02202768031777149,37.653476175026796,33.05812006631889,25.555792029064254,1921242490.0,9735798.1,1070.5041238871402,972.4711668650343,1070.5041238871402,654.8116710316503
2026-02-09,1100.1693390052355,1129.638160585733,1081.0146049779123,1125.708984375,40852966,1032.9264251708985,988.2055236816407,866.0109094238281,1035.1217295568115,73.45235637737912,24.705102753798883,19.96666297772967,4.738439776069214,1088.5658128586501,1032.9264251708985,977.2870374831468,0.10773156021939524,27.291924504084534,0.024244209545184685,37.74147262022264,45.594539105203175,20.063234045648954,1962095456.0,9745162.55,1129.638160585733,972.4711668650343,1129.638160585733,654.8116710316503
2026-02-10,1130.6205046120729,1133.5673869003754,1117.9488867905825,1123.8426513671875,17280036,1039.259765625,991.4490588378907,867.713771057129,1043.5713411577997,72.82335003949507,28.72585396092495,21.718501174368726,7.0073527865562255,1105.0839850192215,1039.259765625,973.4355462307785,0.12667520012118524,26.458108475920845,0.023542538133549017,37.89559316132144,44.73281115394331,19.217267018646492,1944815420.0,11397337.85,1133.5673869003754,972.4711668650343,1133.5673869003754,654.8116710316503
2026-02-11,1124.43198276359,1166.474217252129,1122.5657199431428,1161.9556884765625,29491859,1046.8455352783203,995.5707653808594,869.6782159423828,1054.8460409024437,77.13037539729683,34.58901124063573,24.292603187622127,10.2964080530136,1130.1827071795492,1046.8455352783203,963.5083633770914,0.15921579467609304,27.704564821139797,0.02384304762728361,38.59736449847796,48.152909006210926,17.04175828770559,1974307279.0,11880443.55,1166.474217252129,972.4711668650343,1166.474217252129,654.8116710316503
2026-02-12,1162.0538873261555,1182.3873266556052,1153.9991238982925,1171.2874755859375,33214985,1054.9028045654297,999.9930541992187,871.5992834472656,1065.9357013484907,78.04772928524733,39.532892283428964,27.340661006783495,12.192231276645469,1152.4381140035314,1054.9028045654297,957.3674951273281,0.18491809674974105,27.753396102295003,0.023694777482710934,39.48602340853874,48.73028080732573,15.796647115855441,2007522264.0,12804191.75,1182.3873266556052,972.4711668650343,1182.3873266556052,654.8116710316503
2026-02-13,1167.9476861585035,1179.735215371205,1163.5273627037404,1177.377685546875,18141390,1063.264584350586,1004.8563928222657,873.5739132690429,1076.5492236530988,78.64964421123558,43.44161478069577,30.56085176156595,12.880763019129823,1172.0431397753075,1063.264584350586,954.4860289258644,0.20461239286204694,26.92871442837854,0.022871772379370804,40.31120668216661,46.63529667571635,15.117526772363078,2025663654.0,14096415.3,1182.3873266556052,972.4711668650343,1182.3873266556052,654.8116710316503
2026-02-16,1172.859149893071,1190.8351798022472,1164.3132392267757,1186.70947265625,14972739,1071.4078002929687,1009.9643225097657,875.7102749633789,1087.0406759391133,79.57383113945696,46.753359130234685,33.7993532352997,12.954005894934987,1191.009121546794,1071.4078002929687,951.8064790391434,0.22326012788243876,26.899659153170894,0.02266743442517613,41.24824758127796,46.29843068653827,14.052866052469454,2040636393.0,15003484.8,1190.8351798022472,972.4711668650343,1190.8351798022472,654.8116710316503
2026-02-17,1184.7448547341048,1203.8013836881914,1182.7802665926308,1191.9156494140625,20107196,1080.0028717041016,1014.7166613769531,877.8339089965821,1097.0287686510133,80.0915929178581,49.23053636334271,36.885589860908304,12.344946502434404,1208.007337957415,1080.0028717041016,951.9984054507883,0.2370446775781981,26.479763291913017,0.02221613862099242,42.310897354743176,47.17072931222328,13.256012406804214,2060743589.0,15199542.75,1203.8013836881914,972.4711668650343,1203.8013836881914,654.8116710316503
2026-02-18,1197.220031881822,1202.4261183830988,1192.5049724948722,1197.3182373046875,10417264,1088.9663024902343,1019.8737048339843,880.016814880371,1106.5801466180299,80.64001594293946,51.0412886556187,39.71672961985038,11.324559035768317,1223.311786136045,1088.9663024902343,954.6208188444236,0.24673946905168892,25.339099411707537,0.02116321176962025,43.29764357296088,45.77315318286052,12.863262776251322,2071160853.0,15931894.35,1203.8013836881914,972.4711668650343,1203.8013836881914,654.8116710316503
2026-02-19,1201.2474588953376,1203.212047062667,1177.9670171671169,1184.3519287109375,9630899,1097.662057495117,1024.713466796875,882.2114447021485,1113.9869830078305,75.28009341094912,50.84395271581366,41.94217423904304,8.901778476770616,1233.0598131634883,1097.662057495117,962.2643018267457,0.24670207873879,25.33238016055343,0.021389233678308348,43.433304107750914,42.51491605937551,16.046828271363268,2061529954.0,16007471.65,1203.8013836881914,972.4711668650343,1203.8013836881914,654.8116710316503
2026-02-20,1184.8430141192323,1196.4341316671034,1180.5210163030872,1194.5677490234375,9958162,1105.9010467529297,1029.7496862792968,884.4475241088867,1121.6613416759835,76.59977603159226,50.92486375410522,43.73871214205548,7.186151612049734,1243.806059558935,1105.9010467529297,967.9960339469245,0.2493984669078891,24.659575532229344,0.02064309500435502,43.55927460434166,40.555246237287,15.307170569588443,2071488116.0,16118569.15,1203.8013836881914,972.4711668650343,1203.8013836881914,654.8116710316503
2026-02-23,1200.3633155560203,1209.302167328373,1195.5500507835413,1206.0606689453125,9733835,1115.6404937744142,1034.9470043945312,886.7752526855469,1129.6993728444909,78.02133783035327,51.324729390362336,45.25591559171686,6.068813798645479,1252.949683756076,1115.6404937744142,978.3313037927525,0.2461531124907807,23.950635730279775,0.019858566278613793,43.93867164064606,42.61080039390745,14.634530344152445,2081221951.0,16016395.2,1209.302167328373,972.4711668650343,1209.302167328373,654.8116710316503
2026-02-24,1210.1862912839226,1212.8384373028666,1198.1040262888578,1201.640380859375,15788449,1123.9973602294922,1040.057880859375,889.0315283203125,1136.550897417337,76.10632641556194,50.700501658177245,46.34483280500894,4.355668853168304,1260.8805367047398,1123.9973602294922,987.1141837542444,0.24356494297691156,23.29233396483185,0.019383780984601993,44.36201716099595,41.76987979131047,13.9732729738296,2065433502.0,15957202.05,1212.8384373028666,972.4711668650343,1212.8384373028666,654.8116710316503
2026-02-25,1206.3553078239622,1206.3553078239622,1176.2971336514831,1178.85107421875,19581100,1130.7064239501954,1044.6324230957032,891.0660061645508,1140.5794856841383,66.97866204079216,47.81570046466959,46.63900633694107,1.176694127728517,1264.4979463909424,1130.7064239501954,996.9149015094483,0.23665121132563796,23.775608265378082,0.020168457903925387,43.53036486811405,37.99792785782103,19.262842288728773,2045852402.0,16025593.0,1212.8384373028666,972.4711668650343,1212.8384373028666,654.8116710316503
2026-02-26,1179.7352169268681,1193.880275982552,1167.849482270177,1188.084716796875,16196052,1137.744564819336,1049.5114782714843,893.1461706542968,1145.1037934091607,68.6207919552978,45.747207194340035,46.46064650842087,-0.713439314080837,1268.0130862702758,1137.744564819336,1007.4760433683961,0.22899431995375064,23.936692940163564,0.020147294718762032,42.32624082280916,35.04634390845089,20.28738429643506,2062048454.0,16396085.15,1212.8384373028666,972.4711668650343,1212.8384373028666,654.8116710316503
2026-02-27,1185.6289359982593,1190.3439954720204,1177.3776418736493,1180.4227294921875,10700355,1143.8617950439452,1053.9484997558593,895.1930807495118,1148.4675016075441,65.70109030603814,42.99404445174946,45.767326097086595,-2.7732816453371356,1270.0170267222295,1143.8617950439452,1017.7065633656609,0.22057775200619864,23.153097272892676,0.019614242164629474,41.2081256378832,33.64442321232772,19.47585017493949,2051348099.0,16465851.55,1212.8384373028666,972.4711668650343,1212.8384373028666,654.8116710316503
2026-03-02,1164.0185219818375,1176.1007875153553,1158.5176989399156,1168.831787109375,16270835,1151.7790893554688,1058.120303955078,897.1480917358399,1150.4069573696233,61.44206193296151,39.422413914033996,44.498343660476074,-5.075929746442078,1262.374218338735,1151.7790893554688,1041.1839603722026,0.19204225880703366,23.063949649991194,0.01973247981818701,39.215197947144794,31.36200494992584,23.995504757730608,2035077264.0,16526830.85,1212.8384373028666,1021.8805674931078,1212.8384373028666,654.8116710316503
2026-03-04,1151.3468160340765,1161.7591088376892,1137.1035525068773,1153.704345703125,13855065,1157.1964416503906,1061.9355334472657,899.0262377929688,1150.7209943537664,56.3114833922637,34.968122139381876,42.592299356257236,-7.62417721687536,1256.4411573557563,1157.1964416503906,1057.951725945025,0.1715261335643638,23.682827146598797,0.020527639715325247,36.43976241075712,28.360851882658924,28.157892823028437,2021222199.0,16618645.15,1212.8384373028666,1032.3910797785106,1212.8384373028666,654.8116710316503
2026-03-05,1160.0893510848653,1162.250350176651,1130.227585974388,1148.79296875,22100665,1162.1717651367187,1065.77041015625,900.8655838012695,1150.5373728676934,54.71405309182559,30.688004528913552,40.2114403907885,-9.523435861874951,1248.4023325016128,1162.1717651367187,1075.9411977718246,0.14839556415268768,24.2785369362891,0.0211339532855137,34.08376951956012,25.688906714449114,27.52800987739473,1999121534.0,16504929.35,1212.8384373028666,1032.3910797785106,1212.8384373028666,654.8116710316503
2026-03-06,1147.8105829193835,1148.5964661130286,1117.8506147730068,1122.7620849609375,20333328,1165.5852355957031,1069.1318188476562,902.6206973266602,1147.8921073527642,47.089424980146404,24.90837744319242,37.150827801269294,-12.242450358076873,1238.9389740634936,1165.5852355957031,1092.2314971279127,0.1258659362312548,24.754523867767965,0.022047880133598572,32.369342151793184,23.395313692576618,28.641560147152802,1978788206.0,17244348.8,1212.8384373028666,1032.3910797785106,1212.8384373028666,654.8116710316503
2026-03-09,1095.2579011773867,1095.2579011773867,1045.4556391950514,1079.050048828125,24631198,1167.16181640625,1071.6769421386718,904.1501293945313,1141.3357208266082,37.61108212677939,16.609323397423623,33.04252692050016,-16.433203523076536,1231.0409384701816,1167.16181640625,1103.2826943423183,0.10946060977323377,28.508232574776404,0.026419750043788097,32.715940350070504,18.863769178180316,41.232710862371675,1954157008.0,17783436.85,1212.8384373028666,1045.4556391950514,1212.8384373028666,654.8116710316503
2026-03-10,1091.426946764578,1100.0711827783487,1084.9438297087236,1092.5074462890625,17491459,1165.5017395019531,1074.5432763671874,905.7559344482422,1136.6854089658896,41.51413698722707,10.99146007186846,28.63231355077382,-17.64085347890536,1235.075487088112,1165.5017395019531,1095.9279919157943,0.11938849205989056,27.97343981587978,0.025604804718629248,32.83043930474581,19.080276443525225,39.01949324320525,1971648467.0,18662918.9,1212.8384373028666,1045.4556391950514,1212.8384373028666,666.4633832092842
2026-03-11,1093.68621097212,1096.1419460785291,1068.735918309216,1071.781005859375,8364878,1162.8986572265626,1077.019638671875,907.2323220825195,1130.5040372414596,37.61143464814915,4.81135013783296,23.86812086818565,-19.05677073035269,1241.7847869447157,1162.8986572265626,1084.0125275084094,0.13567154666132544,27.93291038398216,0.026062143508118068,33.271013342925315,17.743106726950934,40.42956017296858,1963283589.0,17494843.55,1212.8384373028666,1045.4556391950514,1212.8384373028666,690.4411000485206
2026-03-12,1056.0643275370824,1078.5588856550278,1051.545798810298,1065.9854736328125,14614140,1158.100146484375,1079.2150646972657,908.6605770874023,1124.3594121358742,36.576008773614376,-0.5477681948018471,18.98494305558815,-19.532711250389998,1247.5941341784105,1158.100146484375,1068.6061587903396,0.15455310659567886,27.867208702606987,0.026142203052389883,34.00801371792098,16.514586322953683,42.03637631236318,1948669449.0,17049085.65,1212.8384373028666,1045.4556391950514,1212.8384373028666,692.4151953776362
2026-03-13,1058.4218838608822,1062.1546493731119,1023.8451797948526,1028.4619140625,15978675,1150.9588684082032,1080.4881176757813,909.9046524047851,1115.226317081267,30.685785617611728,-7.733597643987196,13.641234915673081,-21.374832559660277,1256.4653400318068,1150.9588684082032,1045.4523967845996,0.18333665002211755,28.886714783703624,0.028087296562688435,35.15779447368689,14.793751959493909,44.505718705659696,1932690774.0,16305199.7,1212.8384373028666,1023.8451797948526,1212.8384373028666,692.4151953776362
2026-03-16,1030.1318158454478,1054.0016113922836,1017.754933672958,1047.8131103515625,15322269,1144.4806396484375,1082.0980981445311,911.2314862060547,1108.8060116784382,36.376195411475756,-11.731703660671883,8.566647200404088,-20.29835086107597,1258.2873374487924,1144.4806396484375,1030.6739418480827,0.19887920137349654,29.412426421962337,0.028070298158508318,36.3203235083549,13.4915220986411,42.06709969672334,1948013043.0,15443384.2,1212.8384373028666,1017.754933672958,1212.8384373028666,692.4151953776362
2026-03-17,1054.8856886705516,1054.8856886705516,1028.4619526297915,1045.8485107421875,16427877,1137.4375915527344,1083.389814453125,912.5445678710937,1102.810059208319,36.05259527977167,-14.887148472660783,3.8758880657911137,-18.763036538451896,1257.1979809199336,1137.4375915527344,1017.6772021855351,0.21057927090964598,29.19894853759075,0.02791890817616567,37.35498627637124,12.835704229645298,39.34789723504291,1931585166.0,15302428.15,1212.8384373028666,1017.754933672958,1212.8384373028666,692.4151953776362
2026-03-18,1048.5989519731277,1056.3590993465684,1042.5087765154108,1050.8582763671875,10749915,1130.3847229003907,1084.6520642089845,913.8092718505859,1097.8622703663063,37.577561364438495,-16.790069532223015,-0.25730345381171205,-16.532766078411303,1253.0599153494163,1130.3847229003907,1007.709530451365,0.21705033686984065,28.102618129988386,0.026742538705732056,38.236211052633074,12.758340874074204,37.96271597615055,1942335081.0,15375185.05,1212.8384373028666,1017.754933672958,1212.8384373028666,692.4151953776362
2026-03-19,1030.917599515117,1040.936950803617,1022.5681001383867,1030.3282470703125,13431191,1122.035223388672,1085.2414404296876,914.9646951293945,1091.4304586238309,33.999359473709475,-19.727345411320357,-4.151311845313441,-15.576033566006917,1248.0375522362992,1122.035223388672,996.0328945410447,0.22459603089301622,28.116015137046414,0.027288405628975925,39.40361672428618,11.841385816977093,40.300213733537866,1928903890.0,14907321.0,1212.8384373028666,1017.754933672958,1212.8384373028666,695.5447924372056
2026-03-20,1039.6600314398456,1065.7890288095168,1035.3379137006734,1039.26708984375,17748625,1114.7809814453126,1086.2404321289061,916.1837219238281,1086.4625187400136,36.82027693346303,-21.090746800067564,-7.539198836264266,-13.551547963803298,1242.2938404203665,1114.7809814453126,987.2681224702588,0.22876755362247658,28.640641322914835,0.02755849925664523,39.2139172756411,16.992165835579627,36.73615476688114,1946652515.0,15058017.35,1212.8384373028666,1017.754933672958,1212.8384373028666,695.5447924372056
2026-03-23,1020.6035363599531,1027.086653225109,996.2426554714183,1013.6292724609375,16039603,1105.7340576171875,1086.9064282226564,917.2907675170899,1079.5260190943873,32.52628585637686,-23.963770393868117,-10.824113147785036,-13.13965724608308,1234.9830029551015,1105.7340576171875,976.4851122792736,0.2337794417157417,29.668055112158896,0.02926913805491171,39.77638162406986,15.232027529356557,42.343372781248604,1930612912.0,15463903.65,1212.8384373028666,996.2426554714183,1212.8384373028666,696.3633422851562
2026-03-24,1036.5166462758839,1040.2494116751225,1001.9399432564919,1012.5487670898438,30416734,1096.0584625244142,1087.50169921875,918.3948663330078,1073.1472331891925,32.35502959765435,-26.027817565122632,-13.864854031252555,-12.162963533870077,1222.7645602284392,1096.0584625244142,969.3523648203891,0.23120317398434895,30.285298919764013,0.02990996572620071,39.71074904380562,16.960223324369252,38.51748987963926,1900196178.0,15767975.7,1212.8384373028666,996.2426554714183,1212.8384373028666,702.9595626780941
2026-03-25,1024.5326936323975,1046.6343097462316,1024.5326936323975,1041.821044921875,16205333,1088.0674957275392,1088.3946032714844,919.6107006835938,1070.1637866875433,41.362479355534276,-25.01322475183929,-16.094528175369902,-8.918696576469387,1207.0542352902619,1088.0674957275392,969.0807561648164,0.21871205606259186,30.55674490095143,0.029330128288244404,39.368103589320995,17.101392510985388,35.44851689519645,1916401511.0,16802120.65,1206.3553078239622,996.2426554714183,1212.8384373028666,702.9595626780941
2026-03-27,1032.6857904923231,1036.6149667218629,995.0638801309044,1001.4487915039062,20445349,1079.1973815917968,1088.2187731933593,920.5902932739258,1063.6195014319587,34.532682208602054,-27.153843478457247,-18.30639123598737,-8.847452242469878,1196.2245444736895,1079.1973815917968,962.1702187099041,0.21687814458793395,31.71391775023851,0.03166803736675617,39.62504374399108,15.300442273642263,38.35262537400328,1895956162.0,16822964.85,1193.880275982552,995.0638801309044,1212.8384373028666,702.9595626780941
2026-03-30,987.2055421466002,991.5276600442548,958.522543259506,962.058837890625,21438137,1067.8960876464844,1087.257108154297,921.3876705932618,1053.947057285165,29.427194216956394,-31.66373942454834,-20.977860873699566,-10.685878550848773,1184.3326678234425,1067.8960876464844,951.4595074695263,0.21806724741087954,32.51479849982149,0.033797099739878954,40.441207429821205,13.857603466192153,42.76336286266206,1874518025.0,16866177.3,1190.3439954720204,958.522543259506,1212.8384373028666,702.9595626780941
2026-04-01,990.1524604010582,1012.745224874495,980.7715636649391,999.7789306640625,17424479,1058.8638977050782,1087.0498449707031,922.3834713745117,1048.7881880831553,38.76376500439219,-31.827283099250963,-23.147745318809847,-8.679537780441116,1166.6910546406755,1058.8638977050782,951.036740769481,0.20366575377495777,33.81276910582495,0.033820245725088634,40.32045414799919,16.855973331023282,38.18453400998645,1891942504.0,17128281.55,1176.1007875153553,958.522543259506,1212.8384373028666,702.9595626780941
2026-04-02,982.2941115339542,1007.833758433837,960.5854356508436,1000.3683471679688,20777629,1050.440725708008,1086.5803088378907,923.4269134521485,1044.1767746626613,38.899792567548474,-31.545692546649207,-24.82733476437772,-6.718357782271486,1148.464472899011,1050.440725708008,952.4169785170047,0.1866335620697382,34.77245151133698,0.034759647893475826,40.54523861695949,15.2199974894127,38.62506668099964,1912720133.0,17464487.75,1162.250350176651,958.522543259506,1212.8384373028666,702.9595626780941
2026-04-06,1001.939983603395,1017.3619530344956,987.2546747939996,1014.4642333984375,23576634,1043.4787200927735,1086.4693090820313,924.6076312255859,1041.3470088279732,42.206186291010034,-29.841119935238453,-25.83009179854987,-4.011028136688584,1130.317441188264,1043.4787200927735,956.6399989972832,0.16644080885093607,34.43922484913406,0.03394819030116346,40.36792480041926,16.24579368338933,36.21316647394379,1936296767.0,17689827.45,1162.250350176651,958.522543259506,1212.8384373028666,702.9595626780941
2026-04-07,1006.8514108515341,1015.3973212044529,994.0815880797585,1012.1558227539062,15021291,1036.6468627929687,1086.3514331054687,925.7760699462891,1038.5668958685383,41.80719057464133,-28.349705548252473,-26.33401454849039,-2.015690999762082,1109.6692769569345,1036.6468627929687,963.6244486290029,0.1408819469481176,33.50183258310265,0.033099481156912955,40.203276256489055,15.507473725827559,34.567392555150455,1921275476.0,18175905.9,1148.5964661130286,958.522543259506,1212.8384373028666,702.9595626780941
2026-04-08,1054.9838445577764,1058.7166100346876,1040.6914176944629,1042.656005859375,28533742,1032.6415588378907,1086.9958166503907,927.0979919433594,1038.9563349152847,48.70682059225546,-24.425081885667623,-25.95222801592584,1.5271461302582168,1094.2220654411515,1032.6415588378907,971.0610522346298,0.1192679223031892,34.43461506150827,0.03302586362903714,38.41616104689235,22.99555489723191,31.22879809403147,1949809218.0,17821937.2,1100.0711827783487,958.522543259506,1212.8384373028666,702.9595626780941
2026-04-09,1041.329937682068,1045.504687551959,1019.9159985301128,1022.5189819335938,24772948,1029.815005493164,1086.8504370117187,928.3211932373047,1037.3908727265523,44.920007890481486,-22.67825805423854,-25.29743402358838,2.6191759693498398,1087.6937140332986,1029.815005493164,971.9362969530296,0.11240603065871473,33.80276320153241,0.03305832341382166,37.2343394215544,21.752152525399048,33.93026345281368,1925036270.0,18231957.9,1100.0711827783487,958.522543259506,1212.8384373028666,702.9595626780941
2026-04-10,1030.4265520507975,1050.5144192344412,1027.6270377357864,1047.8131103515625,17861336,1027.580288696289,1087.5812646484376,929.7042636108398,1038.383466786077,50.161534800834445,-19.033456967164284,-24.04463861230356,5.011181645139278,1078.6555957901696,1027.580288696289,976.5049816024083,0.0994088883481424,33.38795420862634,0.031864417307609375,35.9622830375393,21.521128543216104,31.898109330147108,1942897606.0,18239045.4,1096.1419460785291,958.522543259506,1212.8384373028666,702.9595626780941
2026-04-13,1023.5503875880017,1048.353312047308,1011.7628591320939,1044.7188720703125,17763348,1026.2271820068358,1087.7855810546876,931.017590637207,1038.986838717909,49.540461701059826,-16.207771910357906,-22.47726527191443,6.269493361556524,1073.865075876627,1026.2271820068358,978.5892881370447,0.09284083428122226,33.61670411623975,0.032177751369248025,35.14965258622186,19.84792159501067,32.78893260188058,1925134258.0,18257539.25,1078.5588856550278,958.522543259506,1212.8384373028666,702.9595626780941
2026-04-15,1056.9483994035816,1068.7359280214653,1049.2864578383803,1052.528076171875,16195810,1025.5543121337892,1087.9427465820313,932.3991870117187,1040.2764803801915,51.18323853532375,-13.1862556906799,-20.619063355667524,7.4328076649876245,1071.2682156321575,1025.5543121337892,979.8404086354208,0.08914964903858695,32.931014961590684,0.03128754064344136,33.67073225340029,23.235030234466326,31.080830225277246,1941330068.0,18727462.75,1068.7359280214653,958.522543259506,1212.8384373028666,702.9595626780941
2026-04-16,1058.9129934902317,1064.9541259228224,1043.1962885775752,1048.255126953125,20313165,1026.5439727783203,1087.9614111328126,933.7338790893555,1041.0363514823757,50.21981762094683,-11.009562229001176,-18.697163130334257,7.687600901333081,1073.3116734828664,1026.5439727783203,979.7762720737742,0.09111679956187413,32.13293084613758,0.030653731157543364,32.45342032262708,22.111252061284688,30.93137357587504,1921016903.0,18806546.25,1068.7359280214653,958.522543259506,1212.8384373028666,713.5520799197053
2026-04-17,1048.1077725199245,1062.9895516597985,1041.2317140310404,1061.1231689453125,16823879,1027.2094757080079,1088.0223120117187,935.1100732421875,1042.9493817169412,53.08386350048897,-8.15220004478806,-16.58817051322502,8.43597046843696,1075.5221569778512,1027.2094757080079,978.8967944381644,0.0940658792823999,31.39185275918191,0.029583608838155303,31.37539595292619,21.016579877643803,29.84705595076066,1937840782.0,19023270.75,1068.7359280214653,958.522543259506,1212.8384373028666,713.5520799197053
2026-04-20,1061.1723665018162,1101.102525826513,1056.8010858019393,1088.2344970703125,31179584,1029.328775024414,1089.5772839355468,936.636558227539,1047.2622498458338,58.50115829701183,-3.657896374309985,-14.002115685442012,10.344219311132028,1084.0231748672159,1029.328775024414,974.6343751816121,0.10627197290099001,32.31396613528133,0.029693936575503982,29.194661811428176,27.38320487467264,26.924242873642118,1969020366.0,19098351.25,1101.102525826513,958.522543259506,1212.8384373028666,718.3668873275676
2026-04-21,1093.6863001427537,1095.012373226544,1086.3681369836245,1092.1636962890625,16963734,1031.3940460205079,1090.5134118652343,938.1416784667969,1051.5385780785223,59.23580251427423,0.2184075373813812,-11.158011040877335,11.376418578258717,1091.9857746430541,1031.3940460205079,970.8023173979616,0.11749481947531329,30.623271142969777,0.028039085392621153,27.169694394322875,26.831087660750516,26.38137953714102,1985984100.0,19835936.6,1101.102525826513,958.522543259506,1212.8384373028666,727.5149943229668
2026-04-22,1090.3464592751195,1098.057444036852,1080.6217236295247,1083.76513671875,12412659,1034.0658905029297,1091.2029846191406,939.5313793945312,1054.6077741394963,56.91646244994426,2.5829382427855307,-8.409821184144763,10.992759426930293,1098.8047629708649,1034.0658905029297,969.3270180349946,0.1252122772107852,29.681303233281035,0.027387209855398484,25.358871875840595,25.70527229235297,26.65731798359477,1973571441.0,20146627.55,1101.102525826513,958.522543259506,1212.8384373028666,727.5149943229668
2026-04-23,1075.6119646643676,1082.3898174645885,1063.038553095583,1074.875244140625,13669001,1035.8462982177734,1091.6106359863281,940.8768765258789,1056.5380093776992,54.484646618142655,3.6968903761971887,-5.988478872076373,9.685369248273561,1102.9738810421534,1035.8462982177734,968.7187153933935,0.12960915714981341,29.041680403987176,0.02701865222247846,24.238846044423052,24.394883547840134,29.623011001020593,1959902440.0,20095700.95,1101.102525826513,958.522543259506,1212.8384373028666,727.5149943229668
2026-04-24,1072.0266364810311,1086.4172689530212,1070.749726103037,1081.60400390625,13774745,1039.245034790039,1092.2923474121094,942.2923620605469,1058.925246951847,56.016461011465,5.064282252610155,-3.7779266471390667,8.842208899749222,1108.3821522738629,1039.245034790039,970.1079173062151,0.13305258176728613,28.086384864415542,0.025967345500738346,23.0471071949259,24.44711339320636,28.4426734804834,1973677185.0,19891719.75,1101.102525826513,958.522543259506,1212.8384373028666,727.5149943229668
2026-04-27,1091.2796075968854,1095.0615358962568,1083.8633589162316,1092.1636962890625,11624385,1043.22578125,1091.6214416503906,943.7891329956054,1062.0908135553912,58.3835479364376,6.920256679168006,-1.6382899818776524,8.558546661045657,1114.8783768038504,1043.22578125,971.5731856961495,0.13736737883911546,27.041466801957778,0.024759536408176606,21.61133788010997,25.861419819313387,27.43161202161838,1985301570.0,19778476.85,1101.102525826513,958.522543259506,1212.8384373028666,727.5149943229668
2026-04-28,1082.7827735553876,1090.8375367592364,1069.8655828843748,1071.9775390625,10727835,1044.7336059570312,1090.5841394042968,945.1616436767578,1063.03240646083,52.560255842464386,6.685212628578483,0.026410540213574807,6.658802088364909,1117.4655684415302,1044.7336059570312,972.0016434725322,0.1392354224460362,26.702655845009915,0.024909715802779574,20.760076972940556,24.31887429424225,29.539760824784597,1974573735.0,18838859.4,1101.102525826513,958.522543259506,1212.8384373028666,727.5149943229668
2026-04-29,1074.6297819435,1085.4350174109393,1065.0524141428152,1067.655517578125,10611104,1048.0439422607421,1088.6981359863282,946.5371014404296,1063.4727027577153,51.37863376666973,6.080099904963163,1.2371484131634924,4.8429514917996705,1118.5880620376354,1048.0439422607421,977.4998224838488,0.13462053818988187,26.251223518089496,0.024587728050746088,20.131513756949186,22.97014269178856,29.21112212536858,1963962631.0,18564984.5,1101.102525826513,958.522543259506,1212.8384373028666,727.5149943229668
2026-04-30,1055.9661789414106,1058.6183251016832,1044.1786495020647,1049.5321044921875,14269539,1052.4176055908204,1086.2630285644532,947.7934555053711,1062.145026732427,46.64332424466167,4.090977497497988,1.8079142300303916,2.283063267467597,1110.9130105561221,1052.4176055908204,993.9222006255186,0.11116386623437913,26.05305527223027,0.024823495308736603,20.20763910549129,21.491656897461336,33.053804980847154,1949693092.0,18073272.25,1101.102525826513,960.5854356508436,1212.8384373028666,727.5149943229668
2026-05-01,1049.5321044921875,1049.5321044921875,1049.5321044921875,1049.5321044921875,0,1054.9052642822267,1083.7061169433593,949.0581591796876,1060.9437960428802,46.64332424466167,2.485927434697487,1.9435168709638109,0.5424105637336762,1108.238723036596,1054.9052642822267,1001.5718055278574,0.10111516277370781,24.192122752785252,0.023050388500969705,20.278326929137528,21.491656897461336,33.053804980847154,1949693092.0,17714842.35,1101.102525826513,960.5854356508436,1212.8384373028666,727.5149943229668
2026-05-04,1044.7679726198023,1069.816471974203,1044.7679726198023,1049.4830322265625,11693211,1057.3609985351563,1080.9615881347656,950.3371063232422,1059.8522947270403,46.629828553671686,1.1961653251637472,1.7940465618037982,-0.597881236640051,1104.5982757031684,1057.3609985351563,1010.1237213671444,0.08934938442680111,24.2532925100435,0.02310975191146082,19.42856108783475,25.880171492698924,30.615407883744982,1937999881.0,16843618.4,1101.102525826513,987.2546747939996,1212.8384373028666,727.5149943229668
2026-05-05,1041.8211028311687,1049.581250235382,1030.8194568287804,1041.133544921875,12194631,1058.6944641113282,1077.9459460449218,951.57111328125,1058.069556650358,44.2821290570725,-0.4940195351032344,1.3364333424223918,-1.8304528775256261,1102.3852799745223,1058.6944641113282,1015.0036482481341,0.08253715749778345,23.861042574083363,0.022918330400999477,19.114731478890832,24.426641331361427,33.07144839646777,1925805250.0,16389397.5,1101.102525826513,994.0815880797585,1212.8384373028666,727.5149943229668
2026-05-06,1053.019301365762,1081.6040364042549,1042.4104768585712,1076.5943603515625,14384779,1061.9163909912108,1075.5314685058593,952.9814422607421,1059.8338236695204,54.71115066962223,1.016174406772052,1.2723815552923239,-0.25620714852027193,1100.6239660730675,1061.9163909912108,1023.208815909354,0.07290136099269821,25.04743178181883,0.023265430977772887,17.926189166089884,30.739579509233543,29.254639145757817,1940190029.0,15820297.35,1101.102525826513,1011.7628591320939,1212.8384373028666,727.5149943229668
2026-05-07,1086.4172785832332,1088.381866790436,1066.8696019397742,1072.6651611328125,16105163,1063.4168487548827,1073.2977331542968,954.3347979736328,1061.0558558088815,53.5158652544861,1.8743540599448352,1.3927760562228262,0.481578003722009,1101.34026631635,1063.4168487548827,1025.4934311934155,0.07132371018170418,24.794919858164768,0.023115246729911065,17.0561301423177,30.787126872368304,27.44167115238866,1924084866.0,15788471.75,1101.102525826513,1011.7628591320939,1212.8384373028666,727.5149943229668
2026-05-08,1070.7005210892246,1075.6119913694504,993.0010852378409,1001.2523193359375,48065909,1062.353515625,1069.431424560547,955.2561895751953,1055.3602809066963,37.48620811030013,-3.171394036721267,0.47994203763400745,-3.6513360743552745,1105.620379754844,1062.353515625,1019.086651495156,0.08145473892349167,28.924633163410817,0.028888455591887723,17.560604224507212,24.506389240126406,40.0850475773103,1876018957.0,15167042.8,1101.102525826513,993.0010852378409,1212.8384373028666,727.5149943229668
2026-05-11,989.1701581334676,989.1701581334676,953.9057759818752,956.3615112304688,46927396,1057.7809356689454,1064.43744140625,955.9663882446289,1045.9318266518176,31.16651830760216,-10.669507362617196,-1.7499478424162334,-8.919559520200963,1120.9708391648617,1057.7809356689454,994.5910321730292,0.11947635160574081,30.240483891314494,0.0316203480966174,18.78053708768259,21.76575655340063,44.8365836068114,1829091561.0,16331690.85,1101.102525826513,953.9057759818752,1212.8384373028666,727.5149943229668
2026-05-12,959.6031354409057,964.0234589147167,945.3598709141811,957.3438110351562,25787092,1053.4121826171875,1059.5515100097657,956.7092483520507,1037.494872783564,31.438897145349614,-16.344147649339675,-4.668787803800922,-11.675359845538754,1130.2237676207787,1053.4121826171875,976.6005976135963,0.14583386497914605,29.413562756258855,0.030724137365503595,20.060893780593403,20.779265301537126,44.87975849746509,1854878653.0,17784993.85,1101.102525826513,945.3598709141811,1212.8384373028666,727.5149943229668
2026-05-13,960.6836091187947,963.8269621620207,944.1810805849492,952.9234619140625,17584580,1048.431951904297,1055.032957763672,957.4258316040039,1029.4404527007543,30.84735090827006,-20.95645324376119,-7.926320891792976,-13.030132351968213,1136.8641240353613,1048.431951904297,959.9997797732326,0.1686941569654425,28.715871243459755,0.030134499139920893,21.270924238316862,19.763831357829268,42.97980522958728,1837294073.0,18186181.05,1101.102525826513,944.1810805849492,1212.8384373028666,727.5149943229668
2026-05-14,956.2632817330172,969.5242517416415,946.5385464115705,962.5499877929688,16487142,1044.146694946289,1050.5222631835939,958.2357330322266,1023.0699322333462,33.76998174694259,-23.563335012654306,-11.053723715965242,-12.509611296689064,1140.1775829852152,1044.146694946289,948.1158069073628,0.18394137242155623,28.306573678217703,0.029407899888006708,22.16214720234276,20.055140152866805,40.486893286785616,1853781215.0,18255619.55,1101.102525826513,944.1810805849492,1212.8384373028666,763.6258929907904
2026-05-15,971.2000122070312,972.5,957.0,963.2000122070312,26972493,1039.250537109375,1046.1778088378906,959.0211346435547,1017.3680350879828,33.97290513236649,-25.28538191522182,-13.900055355816558,-11.38532655940526,1141.1273007343498,1039.250537109375,937.3737734844003,0.19605813995216206,27.391818415487865,0.02843834932344274,22.863788264629417,20.020510817482915,38.85046396944519,1880753708.0,18064318.4,1101.102525826513,944.1810805849492,1212.8384373028666,765.0703919911599
2026-05-18,952.0,954.9000244140625,933.9000244140625,939.4000244140625,16554877,1031.8088134765626,1041.5891735839843,959.7118481445312,1009.9425102618951,30.310983831830825,-28.244985985729954,-16.76904148179924,-11.475944503930716,1139.8435175054194,1031.8088134765626,923.7741094477058,0.20940837608247628,27.52811622816507,0.029303933907533528,23.99750884519797,18.498428766381718,41.89067884551288,1864198831.0,18571749.1,1098.057444036852,933.9000244140625,1212.8384373028666,765.0703919911599
2026-05-19,942.0,956.5999755859375,939.5,948.7999877929688,17280869,1024.6406280517579,1037.4910864257813,960.4945016479492,1004.1194128839022,33.365951588358314,-29.49202929295916,-19.313639044031223,-10.178390248927936,1134.7111345368144,1024.6406280517579,914.5701215667013,0.21484704680185002,26.79039015271578,0.028236077674319626,24.972907293244358,18.103359187044806,39.96963384554866,1881479700.0,17840513.75,1098.057444036852,933.9000244140625,1212.8384373028666,765.0703919911599
2026-05-20,941.0999755859375,955.0,935.0,950.9000244140625,11928460,1017.9973724365234,1033.5332275390624,961.3338229370117,999.0508996962984,34.061403945366976,-29.965441734342562,-21.44399958209349,-8.521442152249072,1129.0261022191664,1017.9973724365234,906.9686426538805,0.21813166278985874,26.305362284664653,0.02766364666030356,25.975561702219025,17.12021584859114,39.02090637662859,1893408160.0,17856370.5,1095.0615358962568,933.9000244140625,1212.8384373028666,765.3052827270537
2026-05-21,957.0,960.9000244140625,946.5,950.9000244140625,11756520,1011.7986114501953,1030.095986328125,962.1630758666993,994.4651020503712,34.061403945366976,-29.99486240227145,-23.154172146129085,-6.840690256142366,1123.2753922186423,1011.7986114501953,900.3218306817481,0.2203536939207085,25.45498100819307,0.026769355720521974,26.610552949959054,18.084020802639134,37.44416752735964,1893408160.0,17832160.55,1095.0615358962568,933.9000244140625,1212.8384373028666,765.3052827270537
2026-05-22,950.9000244140625,958.5999755859375,947.7000122070312,949.2000122070312,7807192,1005.1784118652344,1027.498985595703,962.9717956542969,990.1541411129103,33.73088718605214,-29.811704498762197,-24.485678616655708,-5.326025882106489,1115.000644780842,1005.1784118652344,895.3561789496265,0.2185129159545297,24.41533689181544,0.025722014936605562,27.200187680003367,17.507348251735216,36.25012866619415,1885600968.0,17736536.5,1095.0615358962568,933.9000244140625,1212.8384373028666,765.3052827270537
2026-05-25,959.9000244140625,972.5,957.5,969.5999755859375,10934747,999.0502258300781,1025.0408361816405,963.9075637817383,988.196601538913,41.11498985681387,-27.701122686598524,-25.128767430644274,-2.5723552559542497,1102.2518792596682,999.0502258300781,895.8485724004883,0.20659952975606022,24.335669099040675,0.025098669257220662,27.022049606359126,20.389893788543514,33.77102938903721,1896535715.0,17438158.85,1090.8375367592364,933.9000244140625,1212.8384373028666,765.3052827270537
2026-05-26,969.9000244140625,978.7999877929688,962.0999755859375,968.5,16269800,993.8763488769531,1022.9752160644531,964.8503561401367,986.3207347256831,40.850673443603945,-25.81959797809384,-25.26693354013419,-0.552664437959649,1092.1946580380175,993.8763488769531,895.5580397158886,0.1978481714997259,23.790265035325717,0.024564032044734865,26.540738515736095,21.2590587410935,32.07772992328787,1880265915.0,17403676.95,1088.381866790436,933.9000244140625,1212.8384373028666,766.4840678018166
2026-05-27,969.7999877929688,975.9000244140625,966.5999755859375,967.7999877929688,8111259,988.8835723876953,1021.0115063476562,965.7812991333008,984.5568540654245,40.671480387635526,-24.10706992979101,-25.034960818065557,0.9278908882745469,1081.6957527447646,988.8835723876953,896.071392030626,0.18771103686750687,22.755249591954236,0.023512347467421157,26.093806788728994,20.63844752303087,31.14129151917855,1872154656.0,17680775.2,1088.381866790436,933.9000244140625,1212.8384373028666,767.8592718430074
2026-05-28,967.7999877929688,967.7999877929688,967.7999877929688,967.7999877929688,0,984.7969665527344,1019.7982678222656,966.6881759643554,982.9609620394764,40.67148038763552,-22.490621231778277,-24.526092900808102,2.0354716690298247,1073.682027458482,984.7969665527344,895.9119056469867,0.18051448963513433,21.129874621100363,0.021832894076891075,25.678798756508115,20.63844752303087,31.14129151917855,1872154656.0,17555782.95,1088.381866790436,933.9000244140625,1212.8384373028666,767.8592718430074
2026-05-29,967.7999877929688,973.7000122070312,960.2999877929688,964.4000244140625,22292535,980.5403625488282,1018.1300061035156,967.5557055664062,981.1932536941989,39.69075083400111,-21.239091595677905,-23.868692639782065,2.6296010441041595,1064.6424360937046,980.5403625488282,896.4382890039517,0.1715422980166988,20.5777424634548,0.02133735166167914,25.578643068499773,19.678479311995805,32.29616599424528,1849862121.0,16842306.0,1088.381866790436,933.9000244140625,1212.8384373028666,767.8592718430074
2026-06-01,966.25,970.25,950.0999755859375,954.0999755859375,11118975,975.7712097167969,1016.2950354003906,968.3717349243165,978.6129414934121,36.79600968715032,-20.83816382039936,-23.262586875905527,2.4244230555061677,1054.3293408789975,975.7712097167969,897.2130785545961,0.16101752209926554,20.547191174212493,0.021535679383697638,25.855319721351517,18.300043289815143,33.57973624795286,1838743146.0,17956932.75,1088.381866790436,933.9000244140625,1212.8384373028666,767.8592718430074
2026-06-02,950.9500122070312,961.2999877929688,939.9000244140625,956.6500244140625,15911760,971.5470336914062,1014.4108703613281,969.2046893310547,976.5212351049026,38.001586515873974,-20.08315196663648,-22.62669989405172,2.54354792741524,1044.4763302196716,971.5470336914062,898.6177371631408,0.15013024382601334,20.60810347454776,0.021541946321665537,26.457708102074395,16.94267066793048,34.624366897320655,1854654906.0,17928220.95,1088.381866790436,933.9000244140625,1212.8384373028666,767.8592718430074
2026-06-03,953.75,974.0,937.2000122070312,970.4500122070312,27947005,966.2398162841797,1013.2133056640625,970.0125891113281,975.9430234003435,44.20409812064431,-18.161896907221944,-21.733739296685762,3.571842389463818,1021.0053947912647,966.2398162841797,911.4742377770947,0.11335814894835172,21.76466664014926,0.022427395915685856,26.209521458682772,19.064429222853544,30.4426997542674,1882601911.0,18114077.4,1088.381866790436,933.9000244140625,1212.8384373028666,767.8592718430074
2026-06-04,969.9000244140625,985.7999877929688,961.0999755859375,979.25,18875883,961.569058227539,1012.0129638671875,970.8784866333008,976.2579735526917,47.79100725249994,-15.747673581948561,-20.536526153738322,4.788852571789761,987.6571175029004,961.569058227539,935.4809989521776,0.054261436663632936,21.97433418064083,0.02243996342163986,25.296550269203745,21.369414207813943,27.998500699900216,1901477794.0,18792188.7,1075.6119913694504,933.9000244140625,1212.8384373028666,767.8592718430074
2026-06-05,980.0,992.5999755859375,970.5999755859375,977.7000122070312,20955539,960.3914428710938,1011.2943786621094,971.7304949951172,976.3953105673908,47.2152606866034,-13.800373152960447,-19.18929555358275,5.388922400622302,980.6924038794316,960.3914428710938,940.090481862756,0.04227643042642701,21.9761674534522,0.02247741350012244,24.07610380019822,22.051554684275544,25.99643896415045,1880522255.0,18930724.7,992.5999755859375,933.9000244140625,1212.8384373028666,767.8592718430074
2026-06-08,966.0,988.6500244140625,965.1500244140625,981.9500122070312,12895416,961.6708679199219,1010.6824035644531,972.5806692504883,976.9243297711661,49.02851127123303,-11.778409874944487,-17.7071184178551,5.928708542910613,983.9259261448883,961.6708679199219,939.4158096949554,0.04628414765875929,22.08501263534847,0.02249097444961601,23.193200017665262,20.37552622734089,25.78323297186419,1893417671.0,17575206.2,992.5999755859375,933.9000244140625,1212.8384373028666,767.8592718430074
2026-06-09,985.0,1009.0,983.0,1002.7000122070312,22142480,963.9386779785157,1009.8999829101563,973.5291906738281,979.3791566698198,56.82646888219031,-8.404753063109183,-15.846645346905918,7.441892283796735,992.3578478938899,963.9386779785157,935.5195080631414,0.058964684299155516,22.439653718035633,0.022379229525133815,21.761946301012998,25.098796920736678,23.563195730406996,1915560151.0,15873607.2,1009.0,933.9000244140625,1212.8384373028666,767.8592718430074
2026-06-10,1002.7000122070312,1012.4000244140625,999.5,1003.25,19122317,966.4550048828125,1009.9360070800781,974.4669555664062,981.6525703203132,57.0141836168023,-5.621920317495778,-13.80170034102389,8.179780023528112,999.1219702323492,966.4550048828125,933.7880395332759,0.06760162694485233,21.758251624894694,0.02168776638414622,20.594732817925646,25.15206849474818,22.56532865701257,1934682468.0,15691376.6,1012.4000244140625,933.9000244140625,1212.8384373028666,767.8592718430074
2026-06-11,998.0999755859375,1009.4000244140625,993.0,1000.7000122070312,13773978,968.3625061035157,1010.7088305664063,975.3990921020508,983.4666124047626,55.802732230898236,-3.5809886134771887,-11.75755799551455,8.17656938203736,1004.1964377208064,968.3625061035157,932.5285744862249,0.07400933305747014,21.37552110983525,0.021360568451170306,19.1649193751936,23.773674238271028,23.500737962943397,1920908490.0,15768263.45,1012.4000244140625,933.9000244140625,1212.8384373028666,767.8592718430074
2026-06-12,1018.0,1018.7000122070312,1004.3499755859375,1017.1500244140625,11081119,971.0600067138672,1011.0562524414063,976.4294409179688,986.6745564056483,61.48778368593542,-0.6289073745716678,-9.531827871325973,8.902920496754305,1012.601296257109,971.0600067138672,929.5187171706255,0.08555864571916683,21.134412459132733,0.020778068084211454,18.306748428760383,25.470543347491585,22.07106800726277,1931989609.0,15632605.25,1018.7000122070312,933.9000244140625,1212.8384373028666,767.8592718430074
2026-06-15,1034.0,1034.0,1018.5,1020.8499755859375,12463437,975.1325042724609,1011.4658850097657,977.5247030639648,989.9293582323425,62.65144665314741,1.9862966226072558,-7.228202972539327,9.214499595146583,1019.3442119489126,975.1325042724609,930.9207965960092,0.0906783590593932,20.828381253904503,0.020402979626805234,18.205267464510662,29.245683254332185,20.795689568636842,1944453046.0,14838036.55,1034.0,935.0,1212.8384373028666,767.8592718430074
2026-06-16,1023.7999877929688,1026.550048828125,1007.4000244140625,1015.2999877929688,9693677,978.4575042724609,1011.4826000976562,978.5912329101562,992.3456086666878,59.735741024780346,3.569875695344308,-5.0685872389626,8.638462934306908,1024.222749353347,978.4575042724609,932.6922591915751,0.09354569796041368,20.708498622487216,0.020396433439837602,17.47886642168581,27.313917535007658,23.25071888024722,1934759369.0,14633464.55,1034.0,935.0,1212.8384373028666,767.8592718430074
2026-06-17,1017.0,1028.0999755859375,1013.4500122070312,1026.5,8190062,982.2375030517578,1011.7694836425782,979.7560015869141,995.5984078412889,63.43402983689946,5.663337473173783,-2.922202296535323,8.585539769709106,1030.6837354557802,982.2375030517578,933.7912706477355,0.09864463992364894,20.275746105088576,0.019752309892926034,16.87830264036183,26.450270557232745,22.050755357455607,1942949431.0,14254104.95,1034.0,937.2000122070312,1212.8384373028666,767.8592718430074
2026-06-18,1027.9000244140625,1045.699951171875,1024.449951171875,1042.699951171875,11048009,986.8274993896484,1011.7703625488281,981.030747680664,1000.0842691108685,68.01084869274894,8.531278418538136,-0.631506153520631,9.162784572058767,1039.7188898202198,986.8274993896484,933.9361089590769,0.10719480448869677,20.345335669010822,0.019512167087132787,17.10659356130245,30.655970606834604,20.405665934050838,1953997440.0,14067185.05,1045.699951171875,937.2000122070312,1212.8384373028666,767.8592718430074
2026-06-19,1042.0,1042.0,1029.300048828125,1035.0999755859375,9099878,991.1224975585938,1012.021982421875,982.2647924804687,1003.4190982989703,63.96585360778837,10.074752292882408,1.509745535759977,8.56500675712243,1045.0353158663288,991.1224975585938,937.2096792508587,0.10879143282598688,19.849233288635048,0.019176150861561967,17.318577987890166,29.177730665303333,19.421698706129078,1944897562.0,14031759.5,1045.699951171875,937.2000122070312,1212.8384373028666,767.8592718430074
2026-06-22,1038.0,1041.5999755859375,1033.5999755859375,1036.0,2514372,994.4424987792969,1011.7857202148438,983.4859017944336,1006.522041318116,64.23712190588171,11.241011523272277,3.455998733262437,7.785012790009841,1050.7688389775024,994.4424987792969,938.1161585810913,0.11328224662028727,19.002859482303972,0.018342528457822367,17.515420669721617,28.300336977941267,18.83767536181638,1947411934.0,14096393.8,1045.699951171875,937.2000122070312,1212.8384373028666,767.8592718430074
