Date,open,high,low,close,volume,sma_20,sma_50,sma_200,ema_20,rsi_14,macd,macd_signal,macd_hist,bb_upper,bb_mid,bb_lower,bb_width,atr_14,atr_pct,adx_14,plus_di,minus_di,obv,avg_volume_20,recent_high_20,recent_low_20,recent_high_52w,recent_low_52w
2021-06-22,2879.632059099012,2899.7215444408,2863.072431640513,2877.191650390625,1708688,,,,2877.191650390625,,0.0,0.0,0.0,,,,,,,,,,0.0,,,,,
2021-06-23,2901.421161005709,2901.421161005709,2838.1458652319257,2842.503662109375,1467104,,,,2873.8880324590773,,-2.767132968304395,-0.553426593660879,-2.213706374643516,,,,,,,,,,-1467104.0,,,,,
2021-06-24,2862.201396615176,2948.485787073429,2857.4078193674954,2940.293212890625,4155204,,,,2880.2123353573197,,2.89729548601008,0.13671782227331286,2.760577663736767,,,,,,,,,,2688100.0,,,,,
2021-06-25,2941.7311616603324,2962.997128052771,2919.724284589916,2946.568359375,2722861,,,,2886.5319566923367,,7.802801880753577,1.669934633969366,6.132867246784212,,,,,,,,,,5410961.0,,,,,
2021-06-28,2955.8944020733243,2955.8944020733243,2904.908165151228,2908.176513671875,1355238,,,,2888.5933430713403,,8.494629149539378,3.0348735370833686,5.459755612456009,,,,,,,,,,4055723.0,,,,,
2021-06-29,2912.751231536813,2933.9301654537867,2899.242062150571,2911.7490234375,1497322,,,,2890.7986459633557,,9.224840704398503,4.272866970546396,4.951973733852107,,,,,,,,,,5553045.0,,,,,
2021-06-30,2916.238641869583,2947.6147898394884,2909.7019443758522,2916.020751953125,1693146,,,,2893.200751295715,,10.032582052564067,5.42480998694993,4.607772065614136,,,,,,,,,,7246191.0,,,,,
2021-07-01,2926.696648971738,2930.1828867906443,2904.3412340712302,2912.31591796875,990310,,,,2895.021243359813,,10.255554106617637,6.390958810883472,3.8645952957341656,,,,,,,,,,6255881.0,,,,,
2021-07-02,2903.164590185935,2910.74711500687,2871.9627186504385,2898.327392578125,1682274,,,,2895.336114713938,,9.197481136534407,6.952263276013659,2.2452178605207473,,,,,,,,,,4573607.0,,,,,
2021-07-05,2912.751723319642,2940.6416261162394,2877.8893448238955,2894.448974609375,1972858,,,,2895.25162518017,,7.95430251988455,7.152671124787838,0.8016313950967122,,,,,,,,,,2600749.0,,,,,
2021-07-06,2887.476597920685,2900.5499903048712,2837.8849479232354,2843.28857421875,2159420,,,,2890.3027631838445,,2.808483315907779,6.283833563011826,-3.475350247104047,,,,,,,,,,441329.0,,,,,
2021-07-07,2854.3573412344163,2861.068306777802,2825.2473392645243,2854.313720703125,2640710,,,,2886.8752353285377,,-0.37564805957526914,4.951937238494407,-5.3275852980696765,,,,,,,,,,3082039.0,,,,,
2021-07-08,2874.4039032230608,2874.4039032230608,2816.7937216868113,2839.977294921875,2485811,,,,2882.4087648136174,,-4.009703495172289,3.159609091761068,-7.169312586933357,,,,,,,,,,596228.0,,,,,
2021-07-09,2832.568355800375,2860.4582596113323,2789.8619405898457,2796.093505859375,6365067,,,,2874.188263960832,,-10.311904419840175,0.4653063894408196,-10.777210809280994,,,,,52.029014748046166,0.01860775207946958,,16.267118255511697,22.339430908705914,-5768839.0,,,,,
2021-07-12,2819.4948183101715,2820.3663777594174,2778.8366551160825,2782.9765625,1892226,,,,2865.5014352502767,36.14823174185434,-16.17837749866294,-2.863430388179933,-13.314947110483008,,,,,51.27906531199536,0.01842597814260082,,15.326092482062336,22.582886117493953,-7661065.0,,,,,
2021-07-13,2801.1921094988934,2801.1921094988934,2767.2012904975068,2778.139404296875,1809339,,,,2857.1812418261434,35.60288228058806,-20.976118286039764,-6.4859679677518995,-14.490150318287863,,,,,50.04419057552331,0.018013563501572773,,14.582540448256596,23.147994764122988,-9470404.0,,,,,
2021-07-14,2777.6601240985183,2808.164706572145,2775.9170051000256,2801.671630859375,2044279,,,,2851.8946122102607,40.319973258455335,-22.61877327075308,-9.712529028352137,-12.906244242400945,,,,,48.77301278242303,0.01740854004630891,,14.91499346932343,22.054782434706258,-7426125.0,,,,,
2021-07-15,2819.185011152029,2822.897223301885,2789.8366133271156,2797.654052734375,2232968,,,,2846.728844641129,39.7841715003989,-23.968480436602476,-12.563719310002206,-11.40476112660027,,,,,47.65069829616205,0.017032376912216558,,16.38424624623605,20.96179206606812,-9659093.0,,,,,
2021-07-16,2806.4321146858747,2812.4154119318237,2788.089421125836,2790.53515625,1256526,,,,2841.3770647943547,38.800269879953376,-25.32068741786952,-15.11511293157567,-10.205574486293852,,,,,45.98464776114959,0.01647879176800806,,15.765152944831936,20.44112584178311,-10915619.0,,,,,
2021-07-19,2777.6074802121598,2794.902060002589,2774.1136343251005,2781.62548828125,1597058,2855.6935424804688,,,2835.686438459773,37.548659043719354,-26.802296743516308,-17.4525496939638,-9.349747049552509,2968.2895001424886,2855.6935424804688,2743.097584818449,0.07885717146260621,44.18491761231667,0.015884567422344936,,15.235345929875507,22.01347856061532,-12512677.0,,2962.997128052771,2767.2012904975068,,
2021-07-20,2781.625724283251,2808.1788699787835,2756.7755727052318,2800.14306640625,1811945,2851.84111328125,,,2832.3013554070562,41.75406150597945,-26.180476772230122,-19.198135109617066,-6.982341662613056,2966.4850062217747,2851.84111328125,2737.197220340725,0.08039991597471487,44.700516159547746,0.015963654391744037,,13.983926989554146,22.975820883082747,-10700732.0,2186420.45,2962.997128052771,2756.7755727052318,,
2021-07-22,2786.342357051715,2816.8697957122436,2786.342357051715,2809.358154296875,2859334,2850.183837890625,,,2830.1162886346583,43.78284020574624,-24.659836145079225,-20.2904753167095,-4.369360828369725,2966.268973474873,2850.183837890625,2734.098702306377,0.08145799863222898,43.688153481046356,0.015550937645392745,,14.706906733006845,21.8290684263492,-7841398.0,2191583.3,2962.997128052771,2756.7755727052318,,
2021-07-23,2821.2810511135626,2831.3695755402578,2800.8856368537395,2806.30126953125,1776193,2843.484240722656,,,2827.848191577191,43.24473580147859,-23.431281319981736,-20.91863651736395,-2.5126448026177854,2953.290508136433,2843.484240722656,2733.6779733088792,0.07723360364808644,42.744995281437205,0.01523179130677481,,16.3807092667289,20.717098677257027,-9617591.0,2261194.8,2962.997128052771,2756.7755727052318,,
2021-07-26,2795.077194186681,2816.2586385488767,2787.08510563354,2792.937255859375,1259611,2835.802685546875,,,2824.523340556447,40.87931324447288,-23.267790381607938,-21.38846729021275,-1.8793230913951895,2936.8329960272417,2835.802685546875,2734.7723750665086,0.07125341336002239,41.77560511243002,0.014957588117952848,,15.563617296284571,22.043337758245602,-10877202.0,2142244.25,2955.8944020733243,2756.7755727052318,,
2021-07-27,2795.076642416108,2803.8112569236587,2761.142579755305,2780.18408203125,1121367,2829.4030639648436,,,2820.3005540302374,38.70364152905175,-23.89188638618998,-21.889151109408196,-2.0027352767817845,2927.456083408911,2829.4030639648436,2731.350044520776,0.06931003976977802,41.83939597356741,0.015049145933890404,,14.429896063777653,24.86653565381729,-11998569.0,2069081.75,2947.6147898394884,2756.7755727052318,,
2021-07-28,2784.5953079467704,2798.9637072093665,2736.030762446464,2793.1552734375,1660654,2823.4733764648436,,,2817.7152892118816,42.080117907127104,-23.07383936721635,-22.12608876096983,-0.9477506062465224,2915.01767668084,2823.4733764648436,2731.929076248847,0.06484516622615742,43.34607802994849,0.01551867826402756,,12.933441922085903,26.425842020398083,-10337915.0,2057388.2,2947.6147898394884,2736.030762446464,,
2021-07-29,2795.295552970715,2817.3067431732998,2786.604652490122,2791.40869140625,1731997,2817.2427734375,,,2815.2098989446786,41.74665728875105,-22.309298082852365,-22.162730625346335,-0.1465674575060305,2899.2043663290897,2817.2427734375,2735.2811805459105,0.05818567974643019,42.44293607660771,0.015204844853881247,19.846974831015785,15.352185134420486,25.060431234111203,-12069912.0,2065554.8,2940.6416261162394,2736.030762446464,,
2021-07-30,2811.6727376362114,2815.603314622655,2762.191225983625,2766.645751953125,2999943,2809.959265136719,,,2810.58474208834,37.240734621446414,-23.43145266734291,-22.41647503374565,-1.0149776335972582,2882.137765336311,2809.959265136719,2737.7807649371266,0.05137334273497405,43.22644697392359,0.015624135089722891,20.680793730154072,13.997207319735601,26.88274927160195,-15069855.0,2067497.35,2940.6416261162394,2736.030762446464,,
2021-08-02,2777.6079147247424,2816.826255643097,2766.25291381549,2812.022216796875,2608669,2805.644006347656,,,2810.721644441534,48.261024070514246,-20.42383353469404,-22.01794673393533,1.5941131992412885,2865.4295900765665,2805.644006347656,2745.858422618746,0.04261808240364624,43.75122517775811,0.015558634251330474,21.405307748911554,13.041166421959149,24.663137195997503,-12461186.0,2167979.0,2940.6416261162394,2736.030762446464,,
2021-08-03,2820.4069892493094,2873.688137079662,2811.6286591294147,2869.2333984375,3804735,2804.3832275390623,,,2816.29419244115,58.22192310410529,-13.270831592943068,-20.26852370573688,6.9976921127938105,2857.292729981137,2804.3832275390623,2751.4737250969874,0.03773343238007075,45.05895751865018,0.01570417991899438,20.119618474941188,20.772085505075122,22.236821758740486,-8656451.0,2214298.75,2900.5499903048712,2736.030762446464,,
2021-08-04,2882.4233959794033,2886.9653538326647,2848.5330418862727,2859.669677734375,2929598,2805.202282714844,,,2820.4251910405046,56.27162579029006,-8.278311135205968,-17.8704811916307,9.592170056424731,2860.9277271556957,2805.202282714844,2749.476838273992,0.03973007207659999,44.58562569206031,0.015591180351775482,18.80901451701186,21.620216644675615,20.86768659584102,-11586049.0,2305892.6,2886.9653538326647,2736.030762446464,,
2021-08-05,2860.5866144070887,2895.5250768731294,2849.668344886451,2868.404052734375,2534521,2805.9067993164062,,,2824.9946064399205,57.666353993104195,-3.575693270765896,-15.01152360745774,11.435830336691843,2864.386247518556,2805.9067993164062,2747.4273511142565,0.041683100961441025,44.67641899881875,0.015575357647479922,17.82770816205956,21.40364317968645,19.33775851544844,-9051528.0,2344401.5,2895.5250768731294,2736.030762446464,,
2021-08-06,2858.445986553787,2903.385530408372,2851.851310704974,2890.982421875,2292362,2808.4570556640624,,,2831.2791602908806,61.11868636150145,1.9505660504355546,-11.61910567587908,13.569671726314635,2876.348463138491,2808.4570556640624,2740.565648189634,0.04834783379543288,45.16626190628868,0.01562315341820559,17.1345016791308,20.902360833128565,17.76174603267023,-6759166.0,2339092.05,2903.385530408372,2736.030762446464,,
2021-08-09,2903.298355204732,2914.7407852103993,2891.157326654606,2902.250244140625,1510489,2813.764892578125,,,2838.0383111337133,62.751252204711335,7.1568853454959935,-7.863907471604065,15.020792817100059,2892.666170427087,2813.764892578125,2734.863614729163,0.056082352905233814,43.63712629408229,0.015035618097433747,16.80342799370078,21.948193085260144,17.071000639022497,-5248677.0,2329419.6,2914.7407852103993,2736.030762446464,,
2021-08-10,2896.0490283082218,2926.0085870941607,2896.0490283082218,2912.033203125,2040777,2820.217724609375,,,2845.0854437043117,64.1583762392253,11.934757471769899,-3.904174482929273,15.838931954699172,2908.5387492810373,2820.217724609375,2731.896699937713,0.06263418877270929,42.66015718635777,0.014649612216158021,16.798749923678514,22.733840862518157,16.21466522491733,-3207900.0,2086690.7,2926.0085870941607,2736.030762446464,,
2021-08-11,2926.0963934248625,2934.8310095246384,2906.0942078553617,2921.0302734375,1929707,2827.362268066406,,,2852.318284631282,65.45099889686637,16.259810957776153,0.12862260521181268,16.13118835256434,2923.668770372299,2827.362268066406,2731.055765760513,0.0681246286644093,41.66563179228055,0.014264019161721314,17.027786532030976,23.126326668397795,15.415860895822263,-1278193.0,2094118.25,2934.8310095246384,2736.030762446464,,
2021-08-12,2905.1326363734897,2941.8180154257107,2905.1326363734897,2927.624267578125,1310205,2833.6598999023436,,,2859.490283007172,66.40722821014036,19.989105261930035,4.100719136555457,15.888386125374577,2938.515961532694,2833.6598999023436,2728.8038382719933,0.07400751348739058,41.309899453704865,0.014110382917367483,17.425505102099958,22.86748613486246,14.437996530797369,32012.0,2100136.65,2941.8180154257107,2736.030762446464,,
2021-08-13,2935.4857463855783,3039.646030624656,2932.646996500656,3025.146484375,4363584,2845.034521484375,,,2875.2670640898223,76.68504431901822,30.462671025198233,9.373109514284014,21.08956151091422,2977.5162326623113,2845.034521484375,2712.552810306439,0.09313188305976326,46.36074685319244,0.015325124615501269,19.608812972010263,33.99319345158368,11.946094997679218,4395596.0,2063432.95,3039.646030624656,2736.030762446464,,
2021-08-16,3022.176510240311,3052.1799952868946,3001.650166890413,3033.48779296875,2083489,2857.1821533203124,,,2890.3357049354345,77.32409448118383,38.9867067557484,15.295828962576891,23.69087779317151,3010.3814839461043,2857.1821533203124,2703.9828226945206,0.10723805652205963,46.65853839199881,0.01538115251366679,21.7970590020441,33.28244654508658,11.022004250849859,6479085.0,2169963.75,3052.1799952868946,2736.030762446464,,
2021-08-17,3041.480581719962,3110.2219638050665,3024.7973806340597,3103.45263671875,4336019,2873.2735107421877,,,2910.6325555814647,81.82421292737284,50.802030470500995,22.397069264161715,28.40496120633928,3056.091387444034,2873.2735107421877,2690.4556340403415,0.12725407171879227,49.42754159049938,0.01592662991073021,24.46026111535735,37.561520856275585,9.661354342865748,10815104.0,2211311.9,3110.2219638050665,2736.030762446464,,
2021-08-18,3121.6204986858806,3140.0941242989843,3089.084057481392,3110.00341796875,2631309,2888.7665283203123,,,2929.6202567612063,82.18078376090043,60.0026794011992,29.918191291569215,30.084488109629987,3095.1662354044356,2888.7665283203123,2682.366821236189,0.1428981574389367,49.54057910672031,0.015929429151263427,27.195179643598998,39.105998390880096,8.950787744931135,13446413.0,2348259.95,3140.0941242989843,2736.030762446464,,
2021-08-20,3062.3559918055994,3122.6248347703986,3057.1152228521387,3109.086181640625,2836148,2903.7529296875,,,2946.7122496068655,81.93839477891316,66.45420396287909,37.22539382583119,29.2288101370479,3127.6937302029155,2903.7529296875,2679.8121291720845,0.15424232428722223,50.68122430754457,0.016301003364532253,28.646399043388765,35.49544915710893,12.62997616665029,10610265.0,2389228.15,3140.0941242989843,2736.030762446464,,
2021-08-23,3126.9918187987078,3208.223729175322,3111.1820821253696,3177.12841796875,3744176,2922.294287109375,,,2968.6566465937117,85.38263672461787,76.17937506201815,45.016190073068586,31.163184988949567,3170.9342289941465,2922.294287109375,2673.6543452246037,0.17016762684138614,54.14239025234119,0.01704129740117849,30.790930339286927,42.1458464295599,10.978108541370634,14354441.0,2388068.85,3208.223729175322,2736.030762446464,,
2021-08-24,3194.248869248207,3203.289281535624,3139.5700912462094,3155.9912109375,2511141,2940.446984863281,,,2986.4980336740728,80.26225466870096,81.24451111654844,52.261854281764556,28.98265683478388,3201.3683160956402,2940.446984863281,2679.525653630922,0.1774705223903167,54.82644739784644,0.017372180000957613,32.78228082833522,38.64714496076702,10.066770230904956,11843300.0,2486468.0,3208.223729175322,2736.030762446464,,
2021-08-25,3153.195992277176,3229.842238349842,3150.619323520232,3195.99560546875,2123263,2961.2375610351564,,,3006.4501833688037,82.41203101338682,87.47829293251652,59.30514201191495,28.17315092060157,3233.7721987524083,2961.2375610351564,2688.7029233179046,0.18406806755617552,56.56905221440098,0.017699978096842258,34.8411222284771,38.133936796456105,9.05975964650376,13966563.0,2549044.5,3229.842238349842,2736.030762446464,,
2021-08-26,3196.869609089104,3220.977235702535,3186.3006379240014,3207.22021484375,1902533,2981.940808105469,,,3025.5711387473702,82.97242911241268,92.26081683610983,65.89627697675394,26.364539859355887,3263.031172779869,2981.940808105469,2700.850443431069,0.18852846703753756,55.00530546898188,0.01715046107978639,36.75290352860884,36.41675804079119,8.651796868376632,15869096.0,2599139.3,3229.842238349842,2762.191225983625,,
2021-08-27,3202.109859904366,3257.574665170031,3189.095368849665,3249.40771484375,3944728,3004.8407592773438,,,3046.888907899406,84.91756387080417,98.32178779378455,72.38137914016006,25.940408653624488,3294.6016500120004,3004.8407592773438,2715.079868542687,0.19286272647895217,55.96773338693788,0.017223979967570528,38.80780145738129,37.904795256023135,7.895660984870466,19813824.0,2611233.25,3257.574665170031,2762.191225983625,,
2021-08-30,3244.9097402629527,3267.052076414065,3220.9769784870473,3232.943359375,2033114,3028.1556396484375,,,3064.6083794685105,81.02734331383444,100.63653967144865,78.03241124641778,22.604128425030865,3312.489644199235,3028.1556396484375,2743.82163509764,0.18779352080054124,55.26111656837217,0.017093128590738867,40.784026164337504,36.872390144590305,7.425434519697442,17780710.0,2721869.8,3267.052076414065,2766.25291381549,,
2021-08-31,3240.017866834133,3322.7348380108765,3234.820813776714,3307.318115234375,3207480,3052.9204345703124,,,3087.7235923985927,84.48507884867584,107.23626551684583,83.8731821005034,23.363083416342434,3343.843538042948,3052.9204345703124,2761.997331097677,0.19058675763594327,57.727571001765334,0.017454496057049063,42.975697647271645,39.66562059457311,6.600450233942642,20988190.0,2673528.35,3322.7348380108765,2811.6286591294147,,
2021-09-01,3315.6598191363482,3333.740429346746,3237.9217464537523,3244.86572265625,2643336,3071.70205078125,2931.3860205078126,,3102.6895095659884,72.53148712775453,106.20296794769865,88.33913926994245,17.863828677756203,3361.2632169952244,3071.70205078125,2782.1408845672754,0.18853466998228435,60.44836470828165,0.018628926394771914,45.07343707461517,36.4750009156964,5.853122386484654,18344854.0,2703468.9,3333.740429346746,2848.5330418862727,,
2021-09-02,3261.5050110312686,3370.8186247495905,3251.0234737703217,3351.253173828125,3403717,3096.2812255859376,2940.8672509765624,,3126.3622394957156,78.19204622653899,112.6698623337561,93.20528388270519,19.46457845105091,3393.0426554892438,3096.2812255859376,2799.5197956826314,0.1916889379756823,65.12726023578585,0.01943370341113059,47.21945604905074,35.50293409968112,5.044576002268991,21748571.0,2645398.95,3370.8186247495905,2849.668344886451,,
2021-09-03,3340.9907373287615,3368.854078048281,3323.128489630968,3355.88330078125,1746812,3120.6551879882813,2951.13484375,,3148.221388189576,78.40066421602737,116.82188530104486,97.92860416637313,18.893281134671724,3418.621683442501,3120.6551879882813,2822.688692534062,0.1909640620348719,63.74142653446635,0.018993934181092454,49.21218795388377,33.6837622176049,4.7860917092649755,23495383.0,2669104.9,3370.8186247495905,2851.851310704974,,
2021-09-06,3362.564970344723,3386.9346761466745,3331.382434880622,3364.573974609375,1723693,3144.334765625,2959.620458984375,,3168.826396420033,78.81040086705993,119.43686433804714,102.23025620070794,17.206608137339202,3440.798088515997,3144.334765625,2847.871442734003,0.18856982159281566,63.156484729579645,0.018771019809993055,51.15797785660402,33.61234247810304,4.485389501664549,25219076.0,2629719.45,3386.9346761466745,2891.157326654606,,
2021-09-07,3375.0548382634697,3380.251890926531,3326.359365377034,3333.041259765625,1585039,3165.87431640625,2967.3499169921874,,3184.465907214851,73.37181166427239,117.60910297678947,105.30602555592425,12.303077420865222,3451.2437925347317,3165.87431640625,2880.504840277768,0.1802784618767935,62.494773359573735,0.01875007492825585,52.76558172319081,31.54193616547417,4.7832178159754095,23634037.0,2601286.0,3386.9346761466745,2896.0490283082218,,
2021-09-08,3327.8883877901417,3332.2556953856665,3280.72146575847,3296.57470703125,4147175,3185.1013916015627,2975.117880859375,,3195.142935768794,67.56494101617005,111.92780878073336,106.63038220088607,5.297426579847283,3450.5942775460107,3185.1013916015627,2919.6085056571146,0.16670922102793748,61.76798912011525,0.018737020880603913,52.596987613215404,29.633564871225094,9.771392172119,19486862.0,2605013.5,3386.9346761466745,2905.1326363734897,,
2021-09-09,3310.157735896135,3326.7535080660605,3288.5832747247287,3311.642578125,1441148,3204.6320068359373,2983.115751953125,,3206.2381398027183,68.66835375327894,107.40311718981275,106.78492919867142,0.6181879911413262,3445.9129966570313,3204.6320068359373,2963.3510170148434,0.15058264993072976,60.082435135916434,0.018142789784377687,52.440435939666806,28.288840882174085,9.327981954098528,20928010.0,2710333.4,3386.9346761466745,2905.1326363734897,,
2021-09-13,3290.3295846609585,3364.9231140500738,3290.3295846609585,3358.765380859375,1691473,3226.1890625,2991.97064453125,,3220.764543712876,71.88913621041831,106.39324773197768,106.70659290533268,-0.3133451733550032,3440.110663394481,3226.1890625,3012.267461605519,0.1326156630936634,61.11894186828778,0.018196847632343364,52.70236064623909,30.283541779543118,8.5148051329636,22619483.0,2685905.45,3386.9346761466745,2932.646996500656,,
2021-09-14,3362.783424486109,3403.4431043763866,3340.990600343816,3394.184326171875,1991188,3244.6409545898437,3001.6080126953125,,3237.2807134708755,74.04851846825653,107.2150237345918,106.80827907118451,0.4067446634072809,3449.485823019305,3244.6409545898437,3039.7960861603824,0.126266586224087,61.2141963085937,0.018035024154870818,53.293819172151196,32.57142845541841,7.8943014240081135,24610671.0,2704968.85,3403.4431043763866,3001.650166890413,,
2021-09-15,3390.864734115968,3476.3765236062077,3376.8019196637183,3454.14697265625,2461369,3265.6739135742187,3012.724404296875,,3257.9346429171014,77.2365542789381,111.42038671847467,107.73070060064255,3.6896861178321245,3465.8071228524914,3265.6739135742187,3065.540704295946,0.12256778513396072,63.954225425300535,0.018515200983506366,54.357677077007224,37.09481419147697,7.016361066252459,27072040.0,2586349.05,3476.3765236062077,3024.7973806340597,,
2021-09-16,3432.703949488855,3477.9055854649487,3399.599841483605,3409.382568359375,2946666,3280.97041015625,3023.023076171875,,3272.3582548639847,70.29404788620863,109.87448914976085,108.15945831046622,1.7150308392946272,3475.8669395876186,3280.97041015625,3086.0738807248817,0.11880419818969769,64.97933389358934,0.019058974049033745,55.35497970234504,34.06986250700797,6.412409294849515,24125374.0,2605243.05,3477.9055854649487,3057.1152228521387,,
2021-09-17,3423.9693794337527,3445.8059188434067,3323.521298149344,3343.47998046875,6477148,3292.64423828125,3033.026904296875,,3279.1317525406293,61.52593799656731,102.15399841206045,106.95836633078507,-4.804367918724623,3472.5750331014433,3292.64423828125,3112.713443461057,0.10929258176651141,69.07256866505172,0.020658885074397206,54.09304984116539,29.761536294769122,13.468875338927258,17648226.0,2535775.4,3477.9055854649487,3057.1152228521387,,
2021-09-20,3327.01474032147,3381.1693514792364,3326.010344929612,3339.679931640625,2002008,3304.17392578125,3042.734228515625,,3284.898245788248,61.05304146725932,94.63789495421588,104.49427205547123,-9.856377101255347,3464.008575990954,3304.17392578125,3144.3392755715463,0.09674711670749109,68.07874279966404,0.02038481057860542,52.921257827212855,28.03914342617907,12.689389542161647,15646218.0,2728067.35,3477.9055854649487,3111.1820821253696,,
2021-09-21,3369.814591658296,3381.6500380706075,3338.06417965979,3374.13818359375,1568129,3314.0244140625,3053.4174462890624,,3293.39728748401,63.77222367177477,90.41952180311455,101.6793220049999,-11.259800201885355,3465.3844953036432,3314.0244140625,3162.6643328213568,0.0913451817668406,66.32925105760356,0.01965813118743025,51.83909276950677,26.774842923678147,12.093791578662813,17214347.0,2686360.35,3477.9055854649487,3139.5700912462094,,
2021-09-22,3373.7447616421546,3403.748246957279,3364.9664316516987,3373.43896484375,1744067,3324.8968017578127,3064.96435546875,,3301.0203043754136,63.67507458322652,86.02832855876841,98.5491233157536,-12.520794756985197,3459.611901310366,3324.8968017578127,3190.181702205259,0.08103415389093103,64.36157707531619,0.019078921464434222,51.1091691805978,28.074913032936845,11.573273401002876,15470280.0,2577558.0,3477.9055854649487,3150.619323520232,,
2021-09-23,3380.2964536338195,3388.157608177154,3349.7252970764075,3379.641357421875,2003869,3334.0790893554686,3076.8976513671873,,3308.508023713172,64.19611119192695,82.10233293414558,95.25976523943201,-13.157432305286434,3456.909012498694,3334.0790893554686,3211.249166212243,0.07368146936608552,62.50948664856122,0.01849589350990957,49.98704568775473,26.841975842510898,12.806601414301001,17474149.0,2539204.3,3477.9055854649487,3186.3006379240014,,
2021-09-24,3397.76581911471,3445.2820475843178,3367.1946613591795,3381.43212890625,2320754,3342.789685058594,3088.963505859375,,3315.453176588703,64.35508540649012,78.23362488016983,91.85453716757958,-13.620912287409752,3452.395886396934,3342.789685058594,3233.1834837202537,0.06557768311195386,63.62219376117387,0.018815162137160196,49.63998091641683,30.902131575084105,11.683864237504904,19794903.0,2533234.6,3477.9055854649487,3189.095368849665,,
2021-09-27,3406.499519252397,3409.9933649131685,3321.686330538198,3351.427734375,1673362,3347.8906860351562,3099.9586279296873,,3318.879324949303,59.581575259972304,71.91752157179735,87.86713404842314,-15.949612476625788,3448.7882738900025,3347.8906860351562,3246.99309818031,0.060275317993932105,65.38539666215934,0.019509714021732565,48.13159986462954,27.921042596104513,15.528175768921594,18121541.0,2554145.65,3477.9055854649487,3220.9769784870473,,
2021-09-28,3362.8267262073114,3362.8267262073114,3276.572404333812,3300.94189453125,2253075,3351.2906127929687,3110.024384765625,,3317.1709982428215,52.522185373755114,62.122074244974556,82.71812208773343,-20.59604784275888,3440.3543284720517,3351.2906127929687,3262.2268971138856,0.053151890402520066,66.87603417725506,0.020259682331291624,45.73164154378805,25.34878801368793,18.916129090297353,15868466.0,2440577.35,3477.9055854649487,3234.820813776714,,
2021-09-29,3284.0406267687767,3324.394505866805,3251.154672980617,3312.07861328125,2489161,3351.5286376953127,3120.45525390625,,3316.6860091988624,53.821945382488515,54.62803382658103,77.10010443550296,-22.472070608921925,3440.145334203258,3351.5286376953127,3262.9119411873676,0.052881360171746945,67.33059122789315,0.020328802268732765,42.99625142090078,23.379251301376136,20.1428682300769,18357627.0,2451575.4,3477.9055854649487,3237.9217464537523,,
2021-09-30,3323.5207598903125,3323.5207598903125,3275.5678124118886,3297.79736328125,2252412,3354.1752197265623,3130.77869140625,,3314.8870905400418,51.86125453610852,46.99484792810654,71.07905313402367,-24.08420520591713,3432.449837549292,3354.1752197265623,3275.9006019038325,0.04667294502826297,65.94647381721678,0.019997127340656617,40.456246306791165,22.164950472183836,19.09666271738566,16105215.0,2415659.45,3477.9055854649487,3251.0234737703217,,
2021-10-01,3303.212522970405,3327.8878065755916,3253.6435904183936,3258.185546875,1578374,3349.521838378906,3139.939541015625,,3309.4869435243236,46.77173876375858,37.318960825064096,64.32703467223175,-27.00807384716765,3438.2990637906705,3349.521838378906,3260.7446129671416,0.053008894818688895,66.53916969864402,0.02042215482861719,37.649802434615815,20.398408425893745,19.92818737548983,14526841.0,2396113.25,3477.9055854649487,3251.154672980617,,
2021-10-04,3253.4696342242864,3304.8727186534416,3238.3149909855993,3295.83251953125,1356860,3346.5192993164064,3149.6690283203125,,3308.1865221916496,51.63018963516156,32.316027599246354,57.924833257634674,-25.60880565838832,3438.245793522877,3346.5192993164064,3254.7928051099357,0.054819043909418205,66.54049526787247,0.0201892829424889,35.18141540256721,18.94100191683865,20.149840879437853,15883701.0,2304846.1,3477.9055854649487,3238.3149909855993,,
2021-10-05,3278.974929236287,3354.092628733975,3268.1440904216533,3348.240478515625,1877966,3345.7026245117186,3160.5078125,,3312.001184698695,57.45233610617747,32.20876863647072,52.78162033340189,-20.572851696931167,3437.061697077302,3345.7026245117186,3254.343551946135,0.05461278709964056,67.92678405676169,0.020287307465703796,33.38323207383011,22.40485707550222,18.328710552064905,17761667.0,2285348.5,3477.9055854649487,3238.3149909855993,,
2021-10-06,3350.5985309151906,3369.3342386536387,3314.786607096754,3328.674560546875,1678154,3345.4842895507813,3171.22255859375,,3313.5891252556644,54.80030051810989,30.1968683731252,48.264669941346554,-18.067801568221356,3436.9841169847955,3345.4842895507813,3253.984462116767,0.05470049745551212,66.97113030677049,0.020119458688015346,31.974798024739915,22.72698852628423,17.26237927775615,16083513.0,2293062.15,3477.9055854649487,3238.3149909855993,,
2021-10-07,3345.3576943401195,3405.6265405305808,3336.666794676636,3400.29833984375,1647233,3350.6704711914062,3183.62484375,,3321.847145692625,61.75919659953062,33.990047217569554,45.409745396591155,-11.419698179021601,3442.251686895682,3350.6704711914062,3259.0892554871307,0.0546644120880749,67.68404814083729,0.019905326349671865,31.249114076513145,24.71135926184518,15.860514604277846,17730746.0,2297717.9,3477.9055854649487,3238.3149909855993,,
2021-10-08,3428.336392186259,3485.023958314772,3406.49985465641,3437.638671875,2934339,3356.9702758789062,3196.51451171875,,3332.8749100909463,64.80170674194034,39.55327596465531,44.23845151020399,-4.685175545548674,3454.1115503818587,3356.9702758789062,3259.829001375954,0.057874372734813315,68.9013031644219,0.020043206904826007,31.59134818450885,30.771846523238878,14.46743302298491,20665085.0,2172720.8,3485.023958314772,3238.3149909855993,,
2021-10-11,3279.8478781241765,3282.0315318379744,3196.869036999863,3219.229736328125,11845402,3349.9934936523437,3205.0709326171873,,3322.051560208773,43.16757104116165,26.038246352909937,40.59841047874518,-14.560164125835243,3464.1669232140443,3349.9934936523437,3235.820064090643,0.06816337391582374,81.17761257233012,0.025216470777547503,30.073560569368347,24.252696708176128,29.84796066675007,8819683.0,2247380.35,3485.023958314772,3196.869036999863,,
2021-10-12,3237.0481705945313,3237.9216320544865,3171.189261812868,3190.623779296875,5752877,3339.815466308594,3213.5504931640626,,3309.5346286933545,41.22624855288533,12.870859100725738,35.05290020314129,-22.182041102415553,3471.384377113675,3339.815466308594,3208.246555503513,0.07878813193861907,80.14580954870785,0.02511916637390879,28.93983824305556,22.810290009327638,30.36144652438604,3066806.0,2755076.8,3485.023958314772,3171.189261812868,,
2021-10-13,3188.1343126120823,3210.3638640053305,3183.7670053345314,3192.67626953125,3545655,3326.7419311523436,3221.16357421875,,3298.4052611541065,41.42977752887167,2.5715850147116726,28.55663716545537,-25.985052150743698,3462.175896542937,3326.7419311523436,3191.30796576175,0.08142138355990895,76.32088448600007,0.023904986927223138,27.887096082907973,22.242497417277576,29.6056909240223,6612461.0,2943161.25,3485.023958314772,3171.189261812868,,
2021-10-14,3172.373537087952,3211.7547258242166,3157.671183895089,3160.515380859375,6442299,3314.2985717773436,3226.9892138671876,,3285.2728916022274,39.14247931475282,-8.09249360786771,21.226811010790758,-29.319304618658467,3462.228854113797,3314.2985717773436,3166.3682894408903,0.0892679275163332,74.73250287479489,0.0236456697307622,27.205427411005264,21.092727050205603,30.569510909325206,170162.0,2997375.55,3485.023958314772,3157.671183895089,,
2021-10-18,3153.5143445062477,3196.6148686071647,3151.764069415855,3191.7578125,3590107,3306.7124633789062,3233.6309765625,,3276.3666935924916,42.46555034091055,-13.86304506325314,14.208839795981978,-28.07188485923512,3463.1928419693936,3306.7124633789062,3150.232084788419,0.09464407947378081,72.59809546883167,0.02274549001948489,26.64029614580656,20.161941450767912,29.801726553740224,3760269.0,3172157.2,3485.023958314772,3151.764069415855,,
2021-10-19,3210.8792402232566,3229.3447255138362,3172.548177943891,3180.380615234375,3135441,3298.7474975585938,3239.8705078125,,3267.22516232029,41.57525232500975,-19.133731654180792,7.540325505949426,-26.674057160130218,3463.6927082806774,3298.7474975585938,3133.80228683651,0.10000475079960484,71.46941347605407,0.022471968648566047,25.56247923366176,22.28858248548642,28.110058650395878,624828.0,3027805.15,3485.023958314772,3151.764069415855,,
2021-10-20,3160.9965878425232,3176.749062532768,3131.5044974037755,3158.239990234375,2933693,3287.952587890625,3245.2156591796875,,3256.8456221216315,39.825412861264525,-24.811342440186763,1.0699919167221879,-25.88133435690895,3459.861060793846,3287.952587890625,3116.0441149874046,0.10456870548337677,69.85560664423589,0.02211852388046415,25.070791747184572,21.174673139203716,30.90199889722076,-2308865.0,3084476.8,3485.023958314772,3131.5044974037755,,
2021-10-21,3154.083521849942,3157.015104627322,3072.826909912282,3091.423583984375,4871211,3273.8518188476564,3248.9991259765625,,3241.0911422990357,35.03334616591411,-34.30694634728388,-6.005395736079026,-28.301550611204856,3460.989046709639,3273.8518188476564,3086.714590985674,0.11432235679368759,70.96685476408281,0.022956043659541903,25.25538204296419,19.35431220788763,34.15132649424758,-7180076.0,3152755.0,3485.023958314772,3072.826909912282,,
2021-10-22,3115.489921702792,3116.8902273549793,3049.854600318604,3061.975341796875,2691670,3257.9685180664064,3251.99796875,,3224.0324946321634,33.140635021312406,-43.704707231365774,-13.545258035136376,-30.159449196229396,3459.8379513349882,3257.9685180664064,3056.0990847978246,0.12392350150049372,70.68605278353229,0.02308511496439786,25.656577469816742,18.043254970970363,34.15928459447875,-9871746.0,3309112.2,3485.023958314772,3049.854600318604,,
2021-10-25,3065.6066981460913,3075.7145791199464,3019.22441010677,3056.8115234375,2595594,3241.7374877929688,3254.71359375,,3208.1066878517195,32.80593830827826,-50.981494491364174,-21.032505326381937,-29.948989164982237,3453.259726270473,3241.7374877929688,3030.2152493154645,0.13049930123830744,69.67206108564973,0.022792396767498727,26.32547949619279,16.99829160260941,35.321213005350884,-12467340.0,3343502.25,3485.023958314772,3019.22441010677,,
2021-10-26,3058.1682018867514,3088.3604476916144,3041.1030194753075,3047.754150390625,3878763,3226.55380859375,3257.11619140625,,3192.8350176173294,32.191819876822024,-56.8242208840893,-28.19084843792341,-28.63337244616589,3447.7754122253587,3226.55380859375,3005.3322049621415,0.13712562489576147,68.07101588069666,0.02233481197030677,26.695923001277443,17.48233578792349,33.56969169598488,-16346103.0,3357244.25,3485.023958314772,3019.22441010677,,
2021-10-27,3048.103321068061,3072.825950646061,3048.103321068061,3054.010498046875,2510813,3214.207238769531,3257.6934716796877,,3179.613634801096,33.123097398524976,-60.25520418918313,-34.60371958817535,-25.65148460100778,3444.8081236434837,3214.207238769531,2983.6063538955786,0.1434884982476933,64.99964333603518,0.02128337259403799,27.039906255998908,17.000669814325885,32.64479364859195,-13835290.0,3467514.3,3485.023958314772,3019.22441010677,,
2021-10-28,3078.7333928501857,3078.7333928501857,2988.5942400748677,2994.413818359375,2424942,3198.3239990234374,3256.9119921875,,3161.9755570447414,29.03266013567972,-67.0107786148078,-41.08513139350185,-25.925647221305958,3443.0968063911664,3198.3239990234374,2953.5511916557084,0.15306317148760845,66.79532258169824,0.02230664384867656,27.967071044287803,15.361947312673887,35.861800405775604,-16260232.0,3480401.2,3485.023958314772,2988.5942400748677,,
2021-10-29,2975.5111498956726,3028.8507351056073,2963.17162630388,2973.498291015625,3960501,3182.1090454101563,3254.3129052734375,,3144.0253412324446,27.738029619414306,-73.20842709974386,-47.50979053475025,-25.698636564993606,3440.9378654840534,3182.1090454101563,2923.2802253362593,0.16267753014135658,66.71559302598602,0.022436734948718843,29.059641146840207,14.281712582367167,36.061893151227174,-20220733.0,3477190.25,3485.023958314772,2963.17162630388,,
2021-11-01,3008.678887143488,3051.6044237040865,2986.8004499216345,3042.327880859375,2020718,3171.316162109375,3252.95939453125,,3134.339868815962,37.59943040260403,-71.73917100097879,-52.35566662799596,-19.383504372982827,3434.5207227816354,3171.316162109375,2908.1116014371146,0.16599074152051246,67.52920300187712,0.0221965565995477,29.567318687954145,15.508567536870366,33.08259479240289,-18200015.0,3562594.7,3485.023958314772,2963.17162630388,,
2021-11-02,3057.7306878435525,3074.883469780658,3036.508601644295,3049.154296875,3087414,3158.9822509765627,3251.7607568359376,,3126.2269572025366,38.495899116351346,-69.22594661464836,-55.729722625326445,-13.49622398932192,3420.806579322374,3158.9822509765627,2897.1579226307513,0.1657649885591294,65.44675051148323,0.021463902492096884,29.535417520550716,17.39970734562858,31.697018838510818,-15112601.0,3584711.9,3485.023958314772,2963.17162630388,,
2021-11-03,3066.6568251407275,3080.396441340284,3033.2704145388475,3056.198974609375,1537639,3144.38017578125,3249.34216796875,,3119.557625526997,39.46244948436114,-65.90602789880268,-57.76498368002169,-8.141044218780983,3394.6764832961767,3144.38017578125,2894.083868266323,0.15920231875443527,64.13812738933704,0.02098624072653345,29.385658395907946,17.100484926674607,30.033472386823846,-13574962.0,3671239.6,3485.023958314772,2963.17162630388,,
2021-11-04,3074.3141592757156,3074.576743250324,3067.3568590599543,3070.551025390625,328991,3131.4739990234375,3247.6333642578124,,3114.890330275914,41.48016989926225,-61.40899319701384,-58.49378558342012,-2.915207613593722,3368.7064348323797,3131.4739990234375,2894.2415632144953,0.15151486864200317,60.869530335880754,0.019823650488966272,29.246596351596803,16.731699951080895,29.385777691108387,-13245971.0,3654223.25,3485.023958314772,2963.17162630388,,
2021-11-08,3104.9879121203876,3104.9879121203876,3046.5286832194915,3065.387939453125,2526082,3114.728479003906,3245.0212109375,,3110.17581686422,40.95137806582688,-57.59772792769763,-58.314574052275624,0.7168461245779909,3318.6347002119837,3114.728479003906,2910.8222577958286,0.130930334751546,60.69736594766756,0.019800875826012473,28.41724597954693,19.159428988948275,27.364190901286147,-15772053.0,3586765.1,3485.023958314772,2963.17162630388,,
2021-11-09,3069.982341397558,3093.6110538313474,3059.480691426985,3067.969482421875,1782692,3096.24501953125,3242.2361962890627,,3106.156165964949,41.353944635139314,-53.749374469299255,-57.40153413568036,3.6521596663811025,3236.937152116235,3096.24501953125,2955.5528869462646,0.09087919831763516,58.799722837431496,0.019165680484870603,27.647134919786332,18.365063904874916,26.22964989704023,-13989361.0,3630707.55,3282.0315318379744,2963.17162630388,,
2021-11-10,3061.2310404939344,3080.221481918905,3045.6535499293364,3049.24169921875,1516489,3087.7456176757814,3238.2328759765624,,3100.735740560549,39.26272304021282,-51.6157084600427,-56.24436900055283,4.628660540510133,3217.8307096527897,3087.7456176757814,2957.660525698773,0.08425894363339836,57.06888063401271,0.018715761577258502,27.161368211147956,17.57048239841296,26.82543293616955,-15505850.0,3573125.2,3237.9216320544865,2963.17162630388,,
2021-11-11,3045.4784563498015,3071.776380579202,3006.9724069017007,3052.654541015625,1284514,3080.8471557617186,3234.627099609375,,3096.1565786991277,39.85957152818298,-49.08357012187116,-54.8122092248165,5.728639102945337,3202.7539625941286,3080.8471557617186,2958.9403489293086,0.07913849708799939,57.621387279976176,0.018875829710100576,27.304498586670313,16.15900614355438,29.465474065506744,-14221336.0,3056679.55,3229.3447255138362,2963.17162630388,,
2021-11-12,3068.2322579412257,3092.867294572426,3050.4669229006568,3085.77880859375,1747259,3075.5022827148437,3230.1963134765624,,3095.1682196414727,45.461373918497756,-43.897952413403345,-52.62935786253387,8.731405449130527,3186.1852217034757,3075.5022827148437,2964.8193437262116,0.07197714637423626,56.53417187938997,0.018320876312308887,26.901138330347592,17.958099487901364,27.886976102833675,-12474077.0,2833261.4,3229.3447255138362,2963.17162630388,,
2021-11-15,3087.485440917633,3123.891250400179,3087.485440917633,3109.62646484375,1809157,3072.9578369140627,3227.4915283203127,,3096.545195375023,49.134759137223924,-37.43250781373854,-49.58998785277481,12.157480039036273,3177.897165839856,3072.9578369140627,2968.0185079882694,0.06829858038740669,55.21833401703563,0.017757224104345985,25.79392086286424,21.08590193164175,26.512121209854744,-10664920.0,2743341.6,3229.3447255138362,2963.17162630388,,
2021-11-16,3123.3654399590746,3129.0976327693324,3099.7367297100145,3112.338623046875,2013204,3068.9868774414062,3222.7132373046875,,3098.0493313437705,49.5509278843611,-31.7240527543363,-46.01680083308711,14.292748078750812,3160.8382307374022,3068.9868774414062,2977.1355241454103,0.05985776868004847,53.371374662912935,0.017148318716895962,24.64636122941908,20.954125988023275,25.470337742251107,-8651716.0,2511684.5,3229.3447255138362,2963.17162630388,,
2021-11-17,3107.263099990461,3117.983533699684,3068.5818539674124,3082.146484375,1632914,3064.0751708984376,3217.2385009765626,,3096.5347744896017,45.12477000323051,-29.298578482141238,-42.673156362897934,13.374577880756696,3140.8416593206694,3064.0751708984376,2987.308682476206,0.05010744458969821,53.08782502500998,0.017224303028470486,24.149433517765203,19.561327463472793,27.969175558333358,-10284630.0,2432839.35,3176.749062532768,2963.17162630388,,
2021-11-18,3076.239216377488,3081.227670596647,3020.624404263083,3041.715087890625,2136598,3058.24892578125,3210.7813232421877,,3091.313851956366,39.97515444911172,-30.289687777811196,-40.19646264588059,9.906774868069391,3122.154365599218,3058.24892578125,2994.3434859632816,0.04179217674483002,53.69027181693192,0.017651315217088646,24.43791748342107,17.960274510545943,32.06013096795422,-12421228.0,2357713.0,3157.015104627322,2963.17162630388,,
2021-11-22,3044.078189423723,3076.9396452248434,3010.7355789237035,3026.575439453125,3167936,3055.0065185546873,3204.6520068359373,,3085.148288860819,38.216453800854275,-31.92873752552623,-38.54291762180972,6.614180096283491,3118.4287763014227,3055.0065185546873,2991.584260807952,0.0415202110774809,54.58411428008963,0.01803494258512601,24.847080493453575,16.40429694118853,30.576668874319772,-15589164.0,2317858.25,3129.0976327693324,2963.17162630388,,
2021-11-23,3014.84867157337,3046.309821800846,2982.293599476673,3031.695068359375,2153461,3053.4925048828127,3199.3544140625,,3080.0575059559196,39.19072303481339,-32.44062960855945,-37.32246001915967,4.881830410600223,3117.6188307612256,3053.4925048828127,2989.3661790044,0.04200195400897108,55.257836283238426,0.018226713121627245,25.619129335317474,15.046840966623737,31.722977022965335,-13435703.0,2232694.5,3129.0976327693324,2963.17162630388,,
2021-11-24,3038.6522268164313,3056.898928205596,2996.4706442403963,3013.36083984375,2161746,3051.319970703125,3193.388779296875,,3073.7054425166652,36.943954280913566,-33.93455041436346,-36.64487809820043,2.7103276838369723,3117.7519884546964,3051.319970703125,2984.8879529515534,0.043543134374244834,55.62715397480709,0.0184601701990962,26.03996491556112,15.239007986647863,29.26147996264036,-15597449.0,2205784.05,3129.0976327693324,2963.17162630388,,
2021-11-25,3013.885955466033,3030.601167204628,3005.2659792716213,3015.63623046875,1849619,3049.714074707031,3186.5261962890627,,3068.175041369245,37.42342807459125,-34.53677002245149,-36.22325648305065,1.6864864605991556,3117.941783325061,3049.714074707031,2981.4863660890014,0.0447436756015129,53.463442114678486,0.01772874379691616,26.43074081150165,14.72319072110383,28.271023327055854,-13747830.0,2184091.65,3129.0976327693324,2963.17162630388,,
2021-11-26,2997.3464188105395,3054.2303654449,2985.8820302569543,3016.46826171875,1941251,3047.836962890625,3178.971875,,3063.250586164436,37.610246526718925,-34.54864021371759,-35.888333229184035,1.3396930154664446,3117.5384047245566,3047.836962890625,2978.135521056693,0.045738300757285674,54.526648762769014,0.018076321058886374,26.105236286111342,16.50032208762339,25.73978739234977,-11806579.0,2082634.45,3129.0976327693324,2963.17162630388,,
2021-11-29,3016.7305498565015,3088.6670328724526,2981.1124915891824,3064.73193359375,2981745,3051.3528686523437,3171.18357421875,,3063.39166687199,47.416876461351876,-30.314130040620967,-34.773492591471424,4.459362550850457,3116.890080624766,3051.3528686523437,2985.815656679921,0.04295616717798198,58.314355371376244,0.019027554981944528,24.905044432936183,18.544638814691645,22.34876862851578,-8824834.0,2054156.35,3129.0976327693324,2963.17162630388,,
2021-11-30,3055.1052860668383,3118.77154489278,3055.1052860668383,3088.49169921875,5588446,3057.1025390625,3164.7657568359373,,3065.78214614311,51.46168259334775,-24.75566777491167,-32.76992762815948,8.014259853247808,3113.904676427092,3057.1025390625,3000.300401697908,0.03716076686260652,58.696634189559504,0.019004951253198163,23.152698741761416,20.771322133915888,20.617271818580587,-3236388.0,2081996.5,3129.0976327693324,2981.1124915891824,,
2021-12-01,3093.610967944755,3141.7435289735986,3093.610967944755,3131.06689453125,2102118,3061.5394897460938,3160.5174951171875,,3071.999741227695,57.73542919352369,-16.722319447505015,-29.56040599202859,12.838086544523573,3126.3331912508615,3061.5394897460938,2996.745788241326,0.04232752948102029,58.30771958708015,0.01862231678566847,22.00804591919065,22.230437308248597,19.272304785217912,-1134270.0,2163393.75,3141.7435289735986,2981.1124915891824,,
2021-12-02,3141.043729353686,3192.501861296703,3127.8292802160927,3188.03857421875,3152938,3068.4837036132812,3157.48466796875,,3083.051058655414,64.3717040559792,-5.693068452984335,-24.78693848421974,19.093870031235404,3153.189431895074,3068.4837036132812,2983.7779753314885,0.05521015358957119,58.76235255090372,0.018432133483611886,21.86678683067252,26.652770066629316,17.75725592469774,2018668.0,2167463.75,3192.501861296703,2981.1124915891824,,
2021-12-03,3191.14535668199,3208.2105393359575,3177.4933387527963,3185.89453125,2486263,3074.9684814453126,3153.719794921875,,3092.8456750929936,63.96465466794102,2.8419261173294217,-19.26116556390991,22.10309168123933,3173.628141922903,3074.9684814453126,2976.308820967722,0.06416954259720929,56.759127410350686,0.017815758448250008,21.98840488481445,27.599338176980464,17.07082989831988,-467595.0,2170739.95,3208.2105393359575,2981.1124915891824,,
2021-12-06,3185.894030279183,3201.2527349839775,3082.234043907482,3094.8359375,1849642,3076.182727050781,3148.147734375,,3093.0352238936607,49.61510805549813,2.2325676482896597,-14.962418921469997,17.194986569759656,3175.192178187578,3076.182727050781,2977.173275913984,0.06437163193600012,61.2062391007896,0.019776892971661637,20.7132374000129,23.765885489965807,25.81664891068638,-2317237.0,2218171.15,3208.2105393359575,2981.1124915891824,,
2021-12-07,3117.6773946078056,3148.744776364599,3084.247184293791,3136.930419921875,1484458,3079.7598510742187,3143.293515625,,3097.215718753491,54.67692468761407,5.087672087701321,-10.952400719635733,16.040072807337054,3182.0654672410246,3079.7598510742187,2977.4542349074127,0.0664373984426882,61.4413357415052,0.019586451567846823,19.529153306982888,21.983880905506467,23.880874763594562,-832779.0,2294203.7,3208.2105393359575,2981.1124915891824,,
2021-12-08,3151.3706416801215,3191.145604687298,3151.3706416801215,3174.03662109375,1428660,3085.0632080078126,3139.14560546875,,3104.531995166849,58.623047372222615,10.226636946104918,-6.716593186487603,16.94323013259252,3195.080279568006,3085.0632080078126,2975.046136447619,0.07132241003984957,60.92518210035648,0.01919485795956636,18.610395726937192,25.55761155352811,22.362963786516904,595881.0,2242122.5,3208.2105393359575,2981.1124915891824,,
2021-12-09,3159.246495979602,3180.906149934033,3120.7404445050583,3152.026611328125,1567957,3090.2024536132812,3135.1575830078127,,3109.0552919441134,55.53437714335069,12.380564338809108,-2.89716168142826,15.277726020237369,3202.622612088396,3090.2024536132812,2977.7822951381663,0.07275908951768865,60.870933766686335,0.01931168142677514,17.373859603863735,23.753217951424283,24.378394656306206,-972076.0,2224420.9,3208.2105393359575,2981.1124915891824,,
2021-12-10,3137.3675474360034,3187.250378734149,3128.7037727258034,3182.69970703125,1510718,3096.7047119140625,3132.7927392578126,,3116.0690457619357,58.792736529692526,16.373881875350435,0.9570470299274789,15.416834845422956,3214.59599152971,3096.7047119140625,2978.813432298415,0.07613982641746889,60.70491035537627,0.019073401810816903,16.158640620916326,22.863377705748704,22.698991483172396,538642.0,2226994.3,3208.2105393359575,2981.1124915891824,,
2021-12-13,3194.2515775651827,3204.753226587315,3151.982397519782,3158.939697265625,1883864,3100.362756347656,3129.7299609375,,3120.1519649527636,55.40582598666722,17.42056712210251,4.249751048362485,13.170816073740026,3221.1749753520717,3100.362756347656,2979.5505373432406,0.07793424737609533,60.13819026338748,0.01903746067563209,15.360588878626775,23.50922994577714,21.276262795036814,-1345222.0,2238304.5,3208.2105393359575,2981.1124915891824,,
2021-12-14,3154.8706148351234,3181.1247392304226,3130.104181424236,3171.3232421875,1747007,3103.4475952148437,3127.200478515625,,3125.0254199275005,56.802583067088925,19.029955817773953,7.205792002244779,11.824163815529174,3228.1369780368386,3103.4475952148437,2978.7582123928487,0.08035539766435981,59.48693080215886,0.018757763324411626,14.348289583664835,22.068992798302325,22.599836608233844,401785.0,2245134.75,3208.2105393359575,2981.1124915891824,,
2021-12-15,3167.9976086138045,3170.6230209966334,3113.870271191835,3124.547119140625,1603233,3104.0580200195313,3124.5277099609375,,3124.9798674716076,50.38321133772036,16.342578674543347,9.033149336704493,7.3094293378388535,3229.0347363372443,3104.0580200195313,2979.0813037018183,0.08052472957121247,59.341647958837875,0.018992079714630513,13.725100069371164,20.54280714676813,22.990989578555634,-1201448.0,2242027.25,3208.2105393359575,2981.1124915891824,,
2021-12-16,3134.7425476648837,3157.889891975921,3124.2408975889543,3134.392578125,2072320,3106.6703247070313,3121.2989111328125,,3125.8763161052643,51.622477219537416,14.83623628843543,10.193766727050681,4.642469561384749,3231.8897204996447,3106.6703247070313,2981.450928914418,0.08061325001031251,57.50645841798992,0.018346922724144017,13.146424091812754,19.684214388679525,22.030074304785757,870872.0,2221528.7,3208.2105393359575,2981.1124915891824,,
2021-12-17,3152.6834679948875,3195.4340287973287,3127.479460273062,3136.7998046875,4333992,3111.424560546875,3117.07009765625,,3126.9166483511913,51.9385581678799,13.679009058852898,10.890815193411125,2.788193865441773,3233.6015084699065,3111.424560546875,2989.2476126238435,0.07853441119688101,58.252751997009675,0.018570758615184573,12.616405951347328,22.64763218412054,20.19442320723749,5204864.0,2243499.0,3208.2105393359575,2981.1124915891824,,
2021-12-20,3140.8688579951136,3155.746197250036,3071.864172517713,3112.77685546875,2312310,3115.7346313476564,3112.7521435546873,,3125.5700014100066,48.530818943386194,10.700102783936472,10.852672711516195,-0.15256992757972299,3231.5508255209706,3115.7346313476564,2999.918437174342,0.0743427845286169,60.08341433524633,0.01930219129896429,12.411332026093701,20.389189526863763,24.792292580532607,2892554.0,2353368.7,3208.2105393359575,2981.1124915891824,,
2021-12-21,3135.31114084143,3186.5504819413068,3121.0901570926853,3157.758544921875,2340989,3122.037805175781,3107.90134765625,,3128.6355769825655,54.54470343717165,11.83254628236864,11.048647425686685,0.7838988566819545,3232.469426845151,3122.037805175781,3011.6061835064115,0.07074329560410429,61.06128663076851,0.019336908051112312,11.591593638301037,22.233055985662606,22.65273571286287,5233543.0,2310587.4,3208.2105393359575,2981.1124915891824,,
2021-12-22,3171.4980956930385,3182.699897702745,3155.964406068714,3177.4052734375,1224328,3130.240026855469,3102.6966796875,,3133.280309978273,56.91277857074888,14.152204901676214,11.669358920884592,2.4828459807916214,3231.1212047440226,3130.240026855469,3029.358848966915,0.06445587368576047,58.60944413100154,0.018445693604453067,10.830407992493562,21.508633873545296,21.914639129967128,6457871.0,2319963.8,3208.2105393359575,2981.1124915891824,3485.023958314772,2736.030762446464
2021-12-23,3192.5012455657984,3212.1918371297324,3176.7487723146514,3205.36572265625,1792861,3139.7265014648438,3102.4193994140624,,3140.1455873761756,60.09871053103084,18.0387857530377,12.943244287315215,5.095541465722485,3230.935093465735,3139.7265014648438,3048.5179094639525,0.05809970515478833,56.95470275129293,0.017768550511638722,10.580087389756459,24.25124201223742,20.940529207568062,8250732.0,2273092.9,3212.1918371297324,2981.1124915891824,3485.023958314772,2736.030762446464
2021-12-24,3224.881515742944,3242.384264810748,3189.7010328479782,3212.5419921875,2209923,3149.5301879882813,3102.857763671875,,3147.0404830724924,60.89785963899168,21.450723468100932,14.64474012347236,6.805983344628572,3226.708284503811,3149.5301879882813,3072.352091472752,0.04900927561188157,56.64959769496984,0.017633885512698223,10.895515705103616,26.447208886609953,19.549503369339405,10460655.0,2270255.0,3242.384264810748,2981.1124915891824,3485.023958314772,2736.030762446464
2021-12-27,3212.6296670648817,3238.0086538109676,3196.964791742873,3234.595703125,1534135,3158.0233764648438,3103.69615234375,,3155.3790754584456,63.32858648719795,25.63871174166252,16.843534447110393,8.795177294552126,3233.369253347322,3158.0233764648438,3082.6774995823657,0.0477171115603468,55.534902293050195,0.017169039778107954,11.188413426497403,25.051052661544116,18.517479122732894,11994790.0,2283688.6,3242.384264810748,3055.1052860668383,3485.023958314772,2736.030762446464
2021-12-28,3246.759415358777,3259.8864749896074,3232.6260332855436,3243.740234375,1456218,3165.7858032226563,3105.3606494140627,,3163.794423926689,64.31904558184232,29.35719836064436,19.346267229817187,10.010931130827174,3242.847630377056,3165.7858032226563,3088.723976068257,0.04868417002562415,53.515297965265454,0.016498022066670427,11.855237918884834,27.059663035421664,17.843713623727993,13451008.0,2211308.1,3259.8864749896074,3071.864172517713,3485.023958314772,2736.030762446464
2021-12-29,3231.226561240893,3255.4678282113414,3224.881814116782,3233.37060546875,1456923,3170.900988769531,3106.1929052734376,,3170.420726930695,62.26532386775752,31.10878074640641,21.698769933135033,9.410010813271377,3251.5627844750743,3170.900988769531,3090.239193063988,0.050876262608782405,51.87749197450072,0.016044400195498132,12.26618076212239,25.920100242532822,18.15854027697637,11994085.0,2004696.7,3259.8864749896074,3071.864172517713,3485.023958314772,2736.030762446464
2021-12-30,3221.687316961898,3273.014042622196,3220.505795949113,3267.54443359375,1966475,3174.8762817382812,3107.936181640625,,3179.670603755748,66.10625611535636,34.85270445181641,24.32955683687131,10.523147614945099,3265.7188113606203,3174.8762817382812,3084.033752115942,0.05722587059209861,51.922545881542334,0.01589038708937655,12.975776386279762,26.461569432123515,16.84687072889071,13960560.0,1972436.95,3273.014042622196,3071.864172517713,3485.023958314772,2736.030762446464
2021-12-31,3275.4646315888162,3290.5169536454464,3265.4005504805923,3271.5703125,1207141,3179.1600708007813,3110.2027880859373,,3188.422956969486,66.5383667105454,37.70994892633371,27.005635254763792,10.704313671569917,3279.2831378022797,3179.1600708007813,3079.037003799283,0.06298711909544015,50.00782140177889,0.015285571338848886,13.948616613683928,28.01228636522428,16.24248984630063,15167701.0,1913113.8,3290.5169536454464,3071.864172517713,3485.023958314772,2736.030762446464
2022-01-03,3281.765587398091,3351.776586595917,3277.3898999482267,3341.05615234375,2346158,3191.471081542969,3115.195439453125,,3202.9594517670353,72.94873805388127,45.06181773092612,30.616871749996264,14.444945980929859,3306.529071079624,3191.471081542969,3076.413092006314,0.07210341976906043,52.16485373707445,0.01561328255452421,15.772401539779056,33.32402118129251,14.458653878917634,17513859.0,1849157.7,3351.776586595917,3071.864172517713,3485.023958314772,2736.030762446464
2022-01-04,3352.7393879083083,3403.5409492549384,3335.7615920816875,3399.6904296875,2488606,3204.60908203125,3121.9497412109376,,3221.6957353785083,76.95982263645222,54.9856821638723,35.49063383277147,19.495048331100826,3348.219789721274,3204.60908203125,3060.9983743412263,0.08962759825856567,53.28017541108706,0.01567206676991016,18.061351024777885,37.235628224751515,13.144846715797232,20002465.0,1873983.5,3403.5409492549384,3071.864172517713,3485.023958314772,2736.030762446464
2022-01-05,3382.406165727789,3386.7818528762077,3336.3738514637826,3378.86181640625,1733031,3214.850341796875,3128.3907470703125,,3236.663933571627,72.82867998406357,60.47263036481172,40.48703313917952,19.985597225632198,3376.3754784498396,3214.850341796875,3053.3252051439104,0.10048687775785138,53.997061326274945,0.01598084333135177,20.186804117991084,34.116896906927906,12.043878447634723,18269434.0,1924190.9,3403.5409492549384,3071.864172517713,3485.023958314772,2736.030762446464
2022-01-06,3336.0234213928993,3356.1515794967913,3301.017929038304,3332.04150390625,1810293,3223.8510864257814,3134.076494140625,,3245.747511698734,64.45320771999442,60.347420916945794,44.45911069473278,15.888310222213015,3390.355457625358,3223.8510864257814,3057.3467152262047,0.10329532396868667,55.70040604353717,0.01671660031192227,21.12171964266024,30.711187083849882,15.375541676658116,16459141.0,1939409.45,3403.5409492549384,3071.864172517713,3485.023958314772,2736.030762446464
2022-01-07,3343.024695487868,3382.318277257541,3322.3713684510176,3372.341796875,2460591,3233.3331909179688,3140.4431201171874,,3257.8041102869497,67.87752818732721,62.7764406357328,48.12257668293279,14.653863952800009,3410.633149798086,3233.3331909179688,3056.0332320378516,0.10967008248833168,56.00372766946476,0.01660677684609577,22.336387951136665,31.700443994437183,14.199961518109802,18919732.0,1951526.25,3403.5409492549384,3071.864172517713,3485.023958314772,2736.030762446464
2022-01-10,3481.2967543270247,3481.2967543270247,3378.905673317406,3395.402099609375,3937092,3245.1563110351562,3148.4628857421876,,3270.9086806986093,69.67755778734401,65.80368603939633,51.6587985542255,14.144887485170827,3432.2993541732685,3245.1563110351562,3058.013267897044,0.11533684371488191,59.78595836821904,0.017607917004910004,24.47417329548332,39.39925029349241,12.351514819666502,22856824.0,1999019.9,3481.2967543270247,3071.864172517713,3485.023958314772,2736.030762446464
2022-01-11,3374.5300353638877,3434.914519917858,3374.5300353638877,3426.95068359375,1906106,3257.9376831054688,3157.53193359375,,3285.7698238314797,71.9900612883411,69.94225610609828,55.315490064600056,14.626766041498229,3457.6590867523882,3257.9376831054688,3058.2162794585493,0.12260603060801635,59.82871023862984,0.017458293323290283,26.342213814876065,36.55887553111277,11.98346880097549,24762930.0,2101681.3,3481.2967543270247,3071.864172517713,3485.023958314772,2736.030762446464
2022-01-12,3434.9144030891543,3438.414952799309,3357.508540354682,3377.94287109375,3203744,3270.607470703125,3164.2442333984377,,3294.5482092850293,63.844652592303056,68.47820765572396,57.94803358282484,10.530174072899122,3466.995315340885,3270.607470703125,3074.2196260653645,0.12009257998517336,61.33426039620108,0.01815728173530109,27.612685281034274,33.11422946599215,12.836650817564468,21559186.0,2109636.25,3481.2967543270247,3071.864172517713,3485.023958314772,2736.030762446464
2022-01-13,3428.7883453116465,3433.164032327103,3375.4049637230783,3411.197998046875,6684507,3284.4477416992186,3171.485107421875,,3305.657712976634,66.6057986106596,69.20361335433245,60.19914953712637,9.00446381720608,3479.496999580985,3284.4477416992186,3089.398483817452,0.11877141804110868,61.078889553902776,0.017905407305255888,28.79240878532404,30.877488629130053,11.969583651720466,28243693.0,2189661.8,3481.2967543270247,3071.864172517713,3485.023958314772,2736.030762446464
2022-01-14,3393.6522516950954,3480.422054774276,3378.074760491307,3472.677001953125,3348123,3301.2416015625,3179.81466796875,,3321.5643119267756,71.01308901333273,73.88761398987435,62.93684242767597,10.950771562198383,3500.3449574010697,3301.2416015625,3102.13824572393,0.12062331684196201,64.02663274883608,0.018437255383332747,30.37460069254208,32.62405515494054,10.602904050868275,31591816.0,2420271.15,3481.2967543270247,3071.864172517713,3485.023958314772,2736.030762446464
2022-01-17,3494.1612509482666,3538.1807073776067,3467.557157953258,3517.30859375,3442604,3321.4681884765623,3188.7498193359374,,3340.2066244813686,73.72425372272735,80.2757458677288,66.40462311568653,13.871122752042268,3522.064509359985,3321.4681884765623,3120.8718675931395,0.12078774174587478,64.49784108280127,0.01833727105930063,32.32847975090496,36.46896645118328,9.773624113844814,35034420.0,2370977.7,3538.1807073776067,3121.0901570926853,3538.1807073776067,2736.030762446464
2022-01-18,3530.2610590136323,3537.043374991402,3483.0474311642265,3492.323974609375,2389041,3338.1964599609373,3197.2885400390624,,3354.6939911602262,69.7891437283989,82.37279414978457,69.59825732250614,12.774536827278425,3537.1882038524773,3338.1964599609373,3139.2047160693974,0.11922111012835267,63.74770556454228,0.018253663184748664,34.14279601938478,34.262527079316094,9.182301925444326,32645379.0,2427492.4,3538.1807073776067,3155.964406068714,3538.1807073776067,2736.030762446464
2022-01-19,3517.2213810726757,3517.2213810726757,3428.2388361626868,3431.876953125,3102539,3350.9200439453125,3204.566689453125,,3362.0447494425853,61.26853120632161,78.25507477486644,71.3296208129782,6.925453961888238,3539.4262815252273,3350.9200439453125,3162.4138063653977,0.1125101375787952,65.55019408921704,0.01910039170534023,34.33902653191323,30.94035444403816,14.264334286290463,29542840.0,2429895.0,3538.1807073776067,3176.7487723146514,3538.1807073776067,2736.030762446464
2022-01-20,3427.8006047003137,3436.5673581650203,3341.0097453997178,3354.64208984375,6176776,3358.3838623046877,3210.674697265625,,3361.339734242696,52.45598942795137,67.97595996268137,70.65888864291884,-2.682928680237467,3534.671484968555,3358.3838623046877,3182.0962396408204,0.10498360514565484,67.69358113750887,0.02017907702954441,32.71591049151304,27.820638513282088,22.030256655611,23366064.0,2523805.55,3538.1807073776067,3189.7010328479782,3538.1807073776067,2736.030762446464
2022-01-21,3337.5027246819773,3376.5586504367925,3306.0301683677976,3360.734619140625,3112358,3365.793493652344,3216.836298828125,,3361.2821042329747,53.02991293414541,59.63388135046171,68.45388718442742,-8.820005833965709,3528.9034269897393,3365.793493652344,3202.6835603149484,0.09692212766172946,67.89607406118644,0.02020274783807481,30.619983190938303,25.75640449127226,24.07560649838198,26478422.0,2743001.3,3538.1807073776067,3196.964791742873,3538.1807073776067,2736.030762446464
2022-01-24,3366.433434644553,3374.893266387015,3278.853650434208,3306.249755859375,3258414,3369.3761962890626,3221.2457177734377,,3356.040928197394,47.50688002806181,48.07210552243532,64.377530852029,-16.305425329593675,3523.713575477699,3369.3761962890626,3215.038817100426,0.09161184159763426,69.90632705344507,0.021143692163471995,28.62159175973454,23.22890468246608,24.489874939055962,23220008.0,2788123.05,3538.1807073776067,3220.505795949113,3538.1807073776067,2736.030762446464
2022-01-25,3304.627198732507,3339.606453941932,3263.1604185603896,3304.977783203125,3330501,3372.4380737304687,3225.152744140625,,3351.1777715312733,47.38281078582427,38.36443598063488,59.174911877750176,-20.810475897115296,3518.9135951575495,3372.4380737304687,3225.962552303388,0.08686624823035217,70.3734490768806,0.02129316857575845,27.008808215127228,21.426522744671892,24.18250388336138,19889507.0,2874337.0,3538.1807073776067,3220.505795949113,3538.1807073776067,2736.030762446464
2022-01-27,3270.8754797512975,3272.9794148169553,3178.0356529262563,3199.207275390625,5718297,3370.7299072265623,3226.8901171875,,3336.7043909464496,38.40170813421158,21.883977044260064,51.716724911052154,-29.83274786679209,3524.278716401567,3370.7299072265623,3217.1810980515575,0.0911071568480222,74.41406916259405,0.023260158769646475,26.64839362605413,18.81571802507798,29.406840458304476,14171210.0,2968051.15,3538.1807073776067,3178.0356529262563,3538.1807073776067,2736.030762446464
2022-01-28,3196.357997928472,3269.823427522156,3196.357997928472,3234.9755859375,3143862,3369.10146484375,3229.94669921875,,3327.0159333265497,42.379177257661894,11.575859037513965,43.68855173634452,-32.11269269883056,3527.6039198930357,3369.10146484375,3210.599009794464,0.09409182638352907,74.3463091933862,0.022982030997875536,26.31372293620054,17.48766208291913,27.33123913611647,17315072.0,3181119.85,3538.1807073776067,3178.0356529262563,3538.1807073776067,2736.030762446464
2022-01-31,3286.6556372062146,3294.545714756189,3262.459313773471,3275.47802734375,2739393,3369.2968505859376,3234.6219580078123,,3322.107561328188,46.58516046180688,6.598743571330942,36.27059010334181,-29.671846532010868,3527.3268478290597,3369.2968505859376,3211.2668533428155,0.09380592108744584,73.29086773805071,0.022375624909163554,25.532608432108034,18.88180034377197,25.744483819973798,20054465.0,3239989.2,3538.1807073776067,3178.0356529262563,3538.1807073776067,2736.030762446464
2022-02-01,3305.065537336786,3338.3791952728066,3275.6091647068597,3331.935546875,2105169,3368.8408203125,3240.72916015625,,3323.0435599516936,51.8601115059673,7.127828526856774,30.442037788044804,-23.31420926118803,3527.24635736779,3368.8408203125,3210.43528325721,0.09404156830455178,72.54874632312256,0.02177375441465713,24.037083453976976,22.02811911897585,24.150129105701858,22159634.0,3316601.8,3538.1807073776067,3178.0356529262563,3538.1807073776067,2736.030762446464
2022-02-02,3355.8245730274807,3387.4726301591104,3331.935176243879,3380.634521484375,1984212,3367.8880249023437,3247.70794921875,,3328.528413430997,55.90518773355478,11.345943449148763,26.622818920265598,-15.276875471116835,3525.768237377336,3367.8880249023437,3210.0078124273514,0.09375621238450778,71.33365400827319,0.02110067017151321,22.74876574863319,25.71898153714861,22.8071077577425,24143846.0,3304552.35,3538.1807073776067,3178.0356529262563,3538.1807073776067,2736.030762446464
2022-02-03,3376.076760731597,3403.6920341574723,3345.437000165492,3352.9326171875,1960538,3366.5915649414064,3254.499384765625,,3330.8526233125685,53.168348471753006,12.311597322428497,23.760574600698178,-11.44897727826968,3524.51587048497,3366.5915649414064,3208.667259397843,0.09381851198591248,70.39946686425226,0.020996385821587013,21.78605352921154,25.844469760344733,21.459056926367424,22183308.0,3279332.65,3538.1807073776067,3178.0356529262563,3538.1807073776067,2736.030762446464
2022-02-04,3344.779021164677,3353.0196826481765,3304.188915532807,3344.42822265625,2307366,3367.210900878906,3261.075224609375,,3332.1455375357764,52.32151896270694,12.249447405013143,21.45834916156117,-9.208901756548027,3524.6848777072887,3367.210900878906,3209.7369240505236,0.09353377704216795,68.85884545361776,0.020589123422397118,20.246674465152605,24.53536801773122,24.650830963438423,19875942.0,3290708.0,3538.1807073776067,3178.0356529262563,3538.1807073776067,2736.030762446464
2022-02-07,3323.476158592303,3359.244554675045,3292.92393788928,3312.9560546875,1919149,3364.2416137695313,3267.00498046875,,3330.3179677407024,49.19858115535709,9.550559313747726,19.07679119199848,-9.526231878250755,3523.4466361862274,3364.2416137695313,3205.0365913528353,0.09464541533823523,68.67754340591401,0.020729989251967947,18.995023160730895,22.842986221270156,24.12210692912937,17956793.0,3315561.65,3538.1807073776067,3178.0356529262563,3538.1807073776067,2736.030762446464
2022-02-08,3323.95795842934,3331.1027758277814,3262.108479126725,3281.789794921875,2946443,3358.560998535156,3271.3461376953123,,3325.696236996052,46.25430934139753,4.8410102089310385,16.22963499538499,-11.388624786453953,3520.9882958581097,3358.560998535156,3196.1337012122026,0.09672433961675646,68.70016864128134,0.02093375046372121,18.308457288732477,21.204358751811686,25.59565090368511,15010350.0,3288489.55,3538.1807073776067,3178.0356529262563,3538.1807073776067,2736.030762446464
2022-02-09,3287.5325264930116,3312.0355594507264,3284.1135782782853,3296.781494140625,1638721,3352.0525390625,3275.51193359375,,3322.9424519622016,47.87038142400739,2.2919433527054025,13.442096666849073,-11.15015331414367,3513.425084326478,3352.0525390625,3190.6799937985215,0.09628282575135941,65.95342549039349,0.020005397872929282,17.670931836162517,20.509775483365683,24.757223716578327,16649071.0,3238957.1,3538.1807073776067,3178.0356529262563,3538.1807073776067,2736.030762446464
2022-02-10,3322.424339911823,3322.424339911823,3294.5460205082395,3305.373046875,2112459,3348.4240478515626,3278.998056640625,,3321.26917528723,48.82015810581205,0.9540582179179182,10.944488977062843,-9.990430759144925,3510.5664781736173,3348.4240478515626,3186.281617529508,0.09684701101468289,63.23377505562135,0.019130601647340376,16.875262041313896,21.03740939180165,23.9775886134464,18761530.0,3225587.85,3538.1807073776067,3178.0356529262563,3538.1807073776067,2736.030762446464
2022-02-11,3289.7244406246255,3289.7244406246255,3234.9322280892384,3239.271728515625,3851488,3339.827734375,3280.0227197265626,,3313.4598946423152,42.416925394278486,-5.378054485787743,7.679980284492726,-13.058034770280468,3505.9280452953944,3339.827734375,3173.7274234546057,0.09946639415609117,63.748563893488516,0.019679906237042015,17.062752545027095,19.376988409987472,28.764674903846277,14910042.0,3171023.6,3538.1807073776067,3178.0356529262563,3538.1807073776067,2736.030762446464
2022-02-14,3264.7385493388015,3325.448308882763,3252.4650961457983,3273.2861328125,5951745,3329.858190917969,3281.7705517578124,,3309.633822087095,46.31868645065447,-7.564423304202137,4.631099566753754,-12.195522870955891,3486.5346648040545,3329.858190917969,3173.181717031883,0.09410399176362126,65.35056507017775,0.019964818967423022,16.535362860056026,21.45648100589724,26.055286025654198,20861787.0,3029372.65,3538.1807073776067,3178.0356529262563,3538.1807073776067,2736.030762446464
2022-02-15,3319.092630384668,3362.0497193674596,3285.7789695408705,3346.970947265625,3931683,3321.34130859375,3286.813251953125,,3313.1897387707645,53.64611754368521,-3.3131951764517,3.0422406181126633,-6.355435794564363,3452.826695283161,3321.34130859375,3189.855921904339,0.07917607645393215,67.02292374766216,0.020024949365759475,15.394309727754008,23.327468616630426,23.590499664903312,24793470.0,3159553.75,3537.043374991402,3178.0356529262563,3538.1807073776067,2736.030762446464
2022-02-16,3369.939766396913,3378.7942723116603,3336.626105855008,3342.8505859375,3256906,3313.867639160156,3290.9316552734376,,3316.0145813580725,53.208742902835326,-0.2733934708967354,2.379113800310784,-2.6525072712075195,3420.2184706588414,3313.867639160156,3207.516807661471,0.06418532245641413,65.24758394116145,0.01951854630166272,14.537311682306393,24.08368568689947,22.501495886002253,21536564.0,3184007.7,3517.2213810726757,3178.0356529262563,3538.1807073776067,2736.030762446464
2022-02-17,3353.2827969372806,3362.049549347574,3312.9557358499305,3317.514404296875,3134372,3308.14951171875,3293.8012109375,,3316.1574216379586,50.48320178534672,0.0902132441278809,1.9213336890742037,-1.8311204449463228,3399.785375753631,3308.14951171875,3216.5136476838693,0.05540007409596875,64.0937431951959,0.01931980856275442,13.673744428433181,22.766017540095383,23.90831111713499,18402192.0,3227400.95,3436.5673581650203,3178.0356529262563,3538.1807073776067,2736.030762446464
2022-02-18,3304.1889388122663,3345.348798016269,3294.1949268123303,3326.01806640625,3688883,3306.718310546875,3297.2810400390626,,3317.0965306635103,51.38333017902761,1.052417041044464,1.747550359468256,-0.695133318423792,3396.2754616595803,3306.718310546875,3217.1611594341693,0.05416678573863417,63.169466624391816,0.018992520594647937,13.192535016900571,21.44918567800377,24.646776200560755,22091075.0,3228992.6,3403.6920341574723,3178.0356529262563,3538.1807073776067,2736.030762446464
2022-02-21,3340.132673110831,3355.7375352299355,3248.5639868604344,3260.705810546875,7465922,3301.7168701171877,3298.841162109375,,3311.7259858904977,44.66726852861379,-3.4158074264046263,0.7148788022936796,-4.1306862286983055,3389.8094543815187,3301.7168701171877,3213.6242858528567,0.05336168286362138,66.31261532047105,0.020336889978231222,13.460797912493483,18.973051205336976,26.716638262919147,14625153.0,3104597.95,3403.6920341574723,3178.0356529262563,3538.1807073776067,2736.030762446464
2022-02-22,3199.865036466567,3215.5574396627126,3129.731008270039,3144.1083984375,5408531,3293.6098022460938,3298.5445361328125,,3295.7624061330694,35.697039418736225,-16.178844571434638,-2.663865872451984,-13.514978698982654,3405.240361963913,3293.6098022460938,3181.9792425282744,0.06778614737039725,70.9313429602114,0.022560081896496165,15.084853835405736,16.470639792412914,35.159502159948374,9216622.0,3322276.15,3403.6920341574723,3129.731008270039,3538.1807073776067,2736.030762446464
2022-02-23,3165.6746879993425,3176.107039048712,3117.1506217770543,3124.295654296875,2426203,3284.5756958007814,3297.603984375,,3279.432239291527,34.43168321903727,-27.574504607146537,-7.645993619390895,-19.928510987755644,3418.1516348272366,3284.5756958007814,3150.999756774326,0.0813352782200925,70.0759911253147,0.022429372530393687,16.710230927755692,15.480847041572956,34.32893480215978,6790419.0,3429782.0,3403.6920341574723,3117.1506217770543,3538.1807073776067,2736.030762446464
2022-02-24,3045.5701244470206,3054.205462139813,2972.8938245340382,2982.142578125,5039136,3273.7224609375,3294.7558935546876,,3251.118938228048,27.028762811888228,-47.52833544533587,-15.622461984579889,-31.90587346075598,3458.6737122216236,3273.7224609375,3088.771209653376,0.11299140564967693,75.88497959942342,0.025446462605800538,19.29054588213733,13.274661743822533,43.015216358196284,1751283.0,3384567.1,3403.6920341574723,2972.8938245340382,3538.1807073776067,2736.030762446464
2022-02-25,3040.309823069037,3094.6636895714246,3035.049771472032,3086.554443359375,2549723,3266.301403808594,3293.799130859375,,3235.4461291929365,37.63505620839894,-54.290893599633364,-23.356148307590587,-30.934745292042777,3468.025934523858,3266.301403808594,3064.57687309333,0.12351862597863611,78.5018461599235,0.025433488247329564,20.94519308589368,15.596848304224942,38.611207143766556,4301006.0,3350609.05,3403.6920341574723,2972.8938245340382,3538.1807073776067,2736.030762446464
2022-02-28,3059.59688152283,3124.2516866839496,3029.7021673541517,3115.87939453125,3288942,3258.3214721679688,3293.38072265625,,3224.0588211299187,40.26132770389027,-56.63118216151588,-30.011155078375648,-26.620027083140233,3470.327564409308,3258.3214721679688,3046.3153799266297,0.13013209043506557,79.64810852920024,0.025561999822262836,21.965054241361095,16.92781453667132,35.3372785528321,7589948.0,3320902.1,3403.6920341574723,2972.8938245340382,3538.1807073776067,2736.030762446464
2022-03-02,3114.389484393492,3131.440778806343,3073.624076645625,3108.822509765625,2761341,3247.1658203125,3293.3016357421875,,3213.083934333319,39.826683751006016,-58.38231435327998,-35.68538693335651,-22.69692741992347,3465.877892286232,3247.1658203125,3028.4537483387676,0.1347095184394888,78.08872236002296,0.025118424134773165,22.78543850694155,16.690171661446968,33.4684474083955,4828607.0,3348379.55,3403.6920341574723,2972.8938245340382,3538.1807073776067,2736.030762446464
2022-03-03,3123.462426865267,3137.2700617291334,3094.7513131007195,3107.28759765625,1928039,3233.4984741210938,3292.292216796875,,3203.0080927450267,39.72622725124958,-59.21140163072823,-40.39058987283086,-18.820811757897374,3451.301572390089,3233.4984741210938,3015.6953758520986,0.13471668535622047,75.54800995062232,0.024313169468962677,23.439332653934994,16.570364287829342,32.12300542363173,2900568.0,3381188.15,3403.6920341574723,2972.8938245340382,3538.1807073776067,2736.030762446464
2022-03-04,3069.678334491801,3122.015803200218,3057.0104201560107,3089.71044921875,2370257,3220.337365722656,3290.5383203125,,3192.2178409806197,38.527757119454186,-60.58836331456132,-44.43014456117695,-16.158218753384368,3439.4889726835327,3220.337365722656,3001.1857587617797,0.13610475057273885,74.7949651715927,0.02420775875309125,24.40211185842003,15.541682673039206,33.73304601785464,530311.0,3378379.5,3378.7942723116603,2972.8938245340382,3538.1807073776067,2736.030762446464
2022-03-07,3024.5300911087525,3110.444279204016,3008.3554729931516,3055.1259765625,3054130,3205.8722534179688,3287.533525390625,,3179.161472940799,36.21286779276964,-63.735589081430135,-48.29123346522759,-15.444355616202543,3428.5148400996936,3205.8722534179688,2983.229666736244,0.13889673017653933,76.74452524582638,0.02511992167739548,25.711512931541215,14.064953946400507,35.056293799013645,-2523819.0,3398865.45,3378.7942723116603,2972.8938245340382,3538.1807073776067,2736.030762446464
2022-03-08,3033.2961660233586,3163.9207697047113,3033.2961660233586,3155.98681640625,3300992,3198.023791503906,3286.402421875,,3176.9543627946514,46.33895643671352,-57.42915379350461,-50.118817530883,-7.310336262621611,3416.032165776472,3198.023791503906,2980.01541723134,0.13633943240306237,80.59310227693541,0.025536577611153487,25.924334522746243,17.176191505240876,30.997798225340667,777173.0,3436203.65,3378.7942723116603,2972.8938245340382,3538.1807073776067,2736.030762446464
2022-03-09,3160.414273213555,3203.371360422283,3153.44474778916,3184.610595703125,2719654,3193.164831542969,3285.4027197265623,,3177.683527833554,48.8219819864636,-49.55037276881512,-50.005128578469424,0.4547558096543014,3407.7943900477417,3193.164831542969,2978.535273038196,0.1344306165373002,78.40263873094882,0.02461922309645473,25.45555371155446,19.989061492725746,29.587846532818844,3496827.0,3505295.8,3378.7942723116603,2972.8938245340382,3538.1807073776067,2736.030762446464
2022-03-10,3229.671385952422,3229.671385952422,3169.180798104779,3174.39697265625,2005441,3187.04560546875,3284.0158544921874,,3177.3705225785725,47.96903779638586,-43.62762397236975,-48.72962765724949,5.10200368487974,3396.423807831908,3187.04560546875,2977.6674031055923,0.13139328913516604,77.12320652499841,0.024295388128619522,24.598460627220526,21.305000843739265,27.930214811762298,1491386.0,3493956.35,3378.7942723116603,2972.8938245340382,3538.1807073776067,2736.030762446464
2022-03-11,3158.8800986737456,3190.966498478323,3149.762761674697,3155.28564453125,1623423,3179.5412353515626,3282.4541552734377,,3175.26720085978,46.33773080152296,-40.01466321051248,-46.98663476790209,6.971971557389608,3382.063904915257,3179.5412353515626,2977.0185657878683,0.12739112631215888,74.55753011632898,0.023629407450178812,24.036554249692,20.463995777874786,28.68799438125477,-132037.0,3512292.35,3378.7942723116603,2972.8938245340382,3538.1807073776067,2736.030762446464
2022-03-14,3138.497964846967,3198.41881467692,3138.497964846967,3193.728515625,1765688,3177.2640747070313,3280.9778369140627,,3177.0254213136104,50.019723914121,-33.66132060943528,-44.32157193620873,10.660251326773448,3378.0659653016883,3177.2640747070313,2976.4621841123744,0.12639924530866856,73.51205295301642,0.02301762738860426,23.652172144576358,19.272529336397355,28.112258550320018,1633651.0,3487840.55,3378.7942723116603,2972.8938245340382,3538.1807073776067,2736.030762446464
2022-03-15,3207.7547500396386,3207.7547500396386,3143.231365819847,3150.68310546875,3651133,3171.133923339844,3278.5600927734376,,3174.5166293283855,46.197402413981465,-31.733847636903192,-41.80402707634762,10.07017943944443,3367.2674153798766,3171.133923339844,2975.000431299811,0.12369928030883323,72.87000518635752,0.023128319398378883,23.12404221347464,18.968724853924854,26.334241013583032,-2017482.0,3383550.55,3378.7942723116603,2972.8938245340382,3538.1807073776067,2736.030762446464
2022-03-16,3191.5363955122302,3215.644966004357,3170.277019714628,3205.037109375,3090475,3164.0372314453125,3275.8397119140627,,3177.4233417137775,51.26197947710753,-25.52614801476966,-38.54845126403203,13.022303249262372,3343.795535744408,3164.0372314453125,2984.278927146217,0.11362590965276537,72.3051377113039,0.022559844158997523,22.483717730441853,18.530876040986694,24.644259058352922,1072993.0,3268519.95,3378.7942723116603,2972.8938245340382,3538.1807073776067,2736.030762446464
2022-03-17,3240.7186099086443,3252.465975528172,3208.895247719025,3219.809814453125,3600452,3157.8851928710938,3272.242099609375,,3181.4601486413344,52.56880373615223,-19.193220008121898,-34.67740501285001,15.484185004728111,3320.3318939891365,3157.8851928710938,2995.438491753051,0.10288322164768063,70.52826117143732,0.02190448046181148,21.210839237442315,21.369862109805887,23.460489151379523,4673445.0,3226459.55,3362.049549347574,2972.8938245340382,3538.1807073776067,2736.030762446464
2022-03-21,3240.1916240383766,3255.927901483996,3169.1809309790942,3179.43798828125,2413831,3150.9813720703123,3268.253623046875,,3181.267561940374,48.723826772344246,-17.233342660406834,-31.188592542361377,13.955249881954543,3296.5660117389702,3150.9813720703123,3005.3967324016544,0.0924059030999624,71.68674040954191,0.022546984930596033,20.628870174906318,19.522767387543574,25.389821153450328,2259614.0,3243636.85,3355.7375352299355,2972.8938245340382,3538.1807073776067,2736.030762446464
2022-03-22,3191.0981760054083,3253.3421239439754,3177.948046159232,3244.531494140625,2907611,3146.9070434570312,3266.5034228515624,,3187.2926983403977,54.502133970536796,-10.308790508480797,-27.012632135585264,16.703841627104467,3276.333636118357,3146.9070434570312,3017.4804507957056,0.0822563811857272,71.9515502220563,0.0221762526737667,20.088470331122892,18.061564835819194,23.489492643624484,5167225.0,3207609.8,3355.7375352299355,2972.8938245340382,3538.1807073776067,2736.030762446464
2022-03-23,3250.7122940367576,3269.823860038966,3234.932137269589,3254.569580078125,1596195,3146.600231933594,3264.147978515625,,3193.7000204106575,55.337970608386655,-3.9653334997528873,-22.40317240841879,18.437838908665903,3274.9710963646676,3146.600231933594,3018.2293675025203,0.0815933737805577,69.30441968972205,0.021294496241207547,19.258126453151398,19.110739828681975,22.64478371928337,6763420.0,3168546.2,3269.823860038966,2972.8938245340382,3538.1807073776067,2736.030762446464
2022-03-24,3243.6985306574106,3294.720989062963,3239.31515426463,3287.40087890625,1879046,3153.764855957031,3261.9879541015625,,3202.6239116959523,58.052287193649484,3.6688214249957127,-17.18877364173589,20.8575950667316,3296.023332245585,3153.764855957031,3011.506379668477,0.09021501778729454,68.31166362605138,0.02077983980121686,18.006190990104574,20.606893458160673,21.332883568043403,8642466.0,2875059.85,3294.720989062963,2972.8938245340382,3538.1807073776067,2736.030762446464
2022-03-25,3296.2118073207557,3313.3947310679805,3219.1521239533336,3250.230224609375,1690133,3160.0615844726562,3258.453544921875,,3207.1578462591356,54.047370883254395,6.643006605318988,-12.422417592324916,19.065424197643903,3307.595667370446,3160.0615844726562,3012.5275015748666,0.09337418208728346,70.16387387523679,0.02158735505687735,17.2041609393734,18.62984086402928,21.338825236232537,6952333.0,2698585.6,3313.3947310679805,2972.8938245340382,3538.1807073776067,2736.030762446464
2022-03-28,3239.3152410797343,3255.0953965166586,3209.6835730639873,3250.448974609375,1760990,3173.476904296875,3255.9036669921875,,3211.28081086392,54.06745381765454,8.91495503314627,-8.154943067230679,17.06989810037695,3301.3415354023728,3173.476904296875,3045.6122731913774,0.0805833065508493,68.39587027362496,0.021041976295549904,16.627981983178806,17.746313163052093,21.31566189601097,8713323.0,2661782.1,3313.3947310679805,3008.3554729931516,3538.1807073776067,2736.030762446464
2022-03-29,3239.0963156434086,3262.9857194193837,3235.8087830136874,3248.38916015625,2689063,3181.568640136719,3252.647490234375,,3214.8149393679514,53.82889416900332,10.429060995631971,-4.43814225465815,14.867203250290121,3306.8631951047587,3181.568640136719,3056.274085168679,0.07876275456540562,65.45166071163007,0.02014895921783023,15.919794474250413,18.081066063862057,20.683467539034083,6024260.0,2497874.8,3313.3947310679805,3008.3554729931516,3538.1807073776067,2736.030762446464
2022-03-30,3277.0124232969383,3277.0124232969383,3249.134104658304,3271.35791015625,1583455,3189.342565917969,3248.6211083984376,,3220.1999842049327,56.15218189986872,13.328741610165252,-0.8847654816934694,14.213507091858721,3316.646913922718,3189.342565917969,3062.03821791322,0.07983109081172522,62.82106088513423,0.01920335915862343,14.951263101376465,19.087474769425434,20.010321661691453,7607715.0,2504841.8,3313.3947310679805,3008.3554729931516,3538.1807073776067,2736.030762446464
2022-03-31,3278.765556258031,3291.608763532692,3261.4073428596666,3278.7216796875,2168110,3197.8375244140625,3243.8493701171874,,3225.773479012796,56.9009510108333,16.036099870651924,2.4994075887756093,13.536692281876315,3325.1904554702514,3197.8375244140625,3070.4845933578736,0.07964940687818323,60.49108658426932,0.018449594840277757,14.034339099737748,20.130326367602486,19.296709864326658,9775825.0,2419567.45,3313.3947310679805,3008.3554729931516,3538.1807073776067,2736.030762446464
2022-04-01,3285.7788659793814,3298.9289948453606,3268.289237394038,3295.203125,1387014,3207.23330078125,3239.906953125,,3232.3858262496724,58.60479474884174,19.289261098291263,5.85737829067874,13.431882807612523,3334.204954242785,3207.23330078125,3080.261647319715,0.07917830825129307,58.35884878905884,0.01771024321575285,13.34417927044053,20.271368528472763,18.573051080146875,11162839.0,2389905.9,3313.3947310679805,3008.3554729931516,3538.1807073776067,2736.030762446464
2022-04-04,3298.052721967003,3313.8328785314384,3276.223590999029,3305.373046875,1472994,3218.0164306640627,3237.376875,,3239.336990118751,59.66443209791525,22.429489319680215,9.171800496479037,13.257688823201178,3339.7565433930645,3218.0164306640627,3096.276317935061,0.07566158554627378,56.87673727072673,0.017207357978700686,13.032131094405933,21.185622097906386,17.695816690801045,12635833.0,2362854.65,3313.8328785314384,3008.3554729931516,3538.1807073776067,2736.030762446464
2022-04-05,3306.8193178283004,3362.5759539750275,3306.8193178283004,3344.341064453125,2314947,3232.477185058594,3237.1708544921876,,3249.3373781505966,63.517985710063826,27.742735176633232,12.885987432509875,14.856747744123357,3341.422694326021,3232.477185058594,3123.531675791167,0.06740682333103751,56.90003511567678,0.017013825449941428,13.68492290277889,25.78319441949814,16.42510173534688,14950780.0,2317991.5,3362.5759539750275,3033.2961660233586,3538.1807073776067,2736.030762446464
2022-04-06,3339.5192456312348,3339.5192456312348,3271.0069428753104,3292.22265625,2051729,3239.2889770507813,3235.800615234375,,3253.42169035054,55.83473192183639,27.431784294206864,15.795146804849274,11.63663748935759,3345.247794122424,3239.2889770507813,3133.330159979139,0.06542103395055103,58.07389843440091,0.017639723827351905,13.393119200969563,23.457600938978164,19.348368656317273,12899051.0,2281032.35,3362.5759539750275,3138.497964846967,3538.1807073776067,2736.030762446464
2022-04-07,3283.587089747452,3283.587089747452,3225.28818667224,3229.802978515625,2494829,3241.5485961914064,3234.2716796875,,3251.1722892234047,48.29935688584595,21.89620136997155,17.01535771787373,4.88084365209782,3344.6354486841506,3241.5485961914064,3138.4617436986623,0.06360345954021111,58.70679637321227,0.01817658747723155,12.721023967748295,21.54723308013649,23.33525534154888,10404222.0,2218569.2,3362.5759539750275,3138.497964846967,3538.1807073776067,2736.030762446464
2022-04-08,3234.931542719195,3248.081670941631,3193.2894700148154,3231.117919921875,2296773,3244.3846435546875,3232.794482421875,3154.2061938476563,3249.2623492899256,48.45716825000442,17.41457245182437,17.09520066466386,0.3193717871605095,3342.947406254807,3244.3846435546875,3145.821880854568,0.06075898731423527,58.42718241275536,0.018082652462949437,12.682877756466405,20.103897637881765,25.684066272951366,12700995.0,2207327.95,3362.5759539750275,3138.497964846967,3538.1807073776067,2736.030762446464
2022-04-11,3234.9318441838004,3254.525622673996,3205.212637244365,3240.54248046875,2291660,3248.6474853515624,3233.6211865234377,3156.0229479980467,3248.431885592671,49.6435830095846,14.456684853575553,16.5674975024462,-2.110812648870649,3338.409153274898,3248.6474853515624,3158.885817428227,0.05526094679590745,57.7761683425322,0.017829165545817743,12.501681012126577,19.6749169599935,24.118222947597157,14992655.0,2221894.55,3362.5759539750275,3138.497964846967,3538.1807073776067,2736.030762446464
2022-04-12,3228.795572000482,3277.889395522618,3198.4188543089945,3235.896728515625,4483476,3250.755895996094,3233.639609375,3157.9899133300783,3247.2380611091426,49.04429395550367,11.60390170935898,15.574778343828758,-3.9708766344697786,3337.1773815156544,3250.755895996094,3164.3344104765333,0.05317008614888896,59.32576640475302,0.01833364021847725,11.811650832755138,20.605373888806728,21.810519052752642,10509179.0,2255306.4,3362.5759539750275,3143.231365819847,3538.1807073776067,2736.030762446464
2022-04-13,3249.835329431341,3252.3339396432675,3204.730428159187,3210.341064453125,1621672,3253.7387939453124,3232.3368701171876,3159.3401525878908,3243.724061427617,45.77103900591121,7.197948532016653,13.899412381466338,-6.701463849449684,3329.612646356067,3253.7387939453124,3177.8649415345576,0.046637949273582696,58.48846248184785,0.018218769067706902,11.170908523338802,19.407472003634552,20.54255555784762,8887507.0,2391195.8,3362.5759539750275,3169.1809309790942,3538.1807073776067,2736.030762446464
2022-04-18,3164.79759416944,3164.79759416944,3088.088511208269,3092.9541015625,3820792,3248.1346435546875,3227.5572412109377,3160.072081298828,3229.3650176309393,34.41048482350982,-5.700239156970838,9.979482073778904,-15.679721230749742,3349.757417174463,3248.1346435546875,3146.511869934912,0.06257300559964592,63.04304039349127,0.020382792089169106,12.501434595189323,16.71927111096616,30.91280847309199,5066715.0,2289722.75,3362.5759539750275,3088.088511208269,3538.1807073776067,2736.030762446464
2022-04-19,3112.1971834135416,3124.0761760326986,3015.0176449045566,3043.728759765625,3170014,3239.3305908203124,3220.8191259765626,3160.749842529297,3211.685374024719,30.94220906986358,-19.667504764253863,4.050084706172351,-23.717589470426212,3374.286274719765,3239.3305908203124,3104.3749069208598,0.08332319293491877,66.32986116025204,0.021792303584028824,14.527540994472602,14.755730625579593,35.15112918933069,1896701.0,2326238.6,3362.5759539750275,3015.0176449045566,3538.1807073776067,2736.030762446464
2022-04-20,3068.363252251255,3128.9852577507763,3050.8297479526764,3118.158447265625,2640370,3236.2666137695314,3216.123642578125,3161.7818896484373,3202.77804766671,40.67818317836493,-24.448977051848487,-1.6497276454318168,-22.79924940641667,3379.076269263288,3236.2666137695314,3093.456958275775,0.08825580370055791,67.68176379060199,0.021705684600458155,16.2954394697286,13.94615008320195,31.9883631511386,4537071.0,2304716.7,3362.5759539750275,3015.0176449045566,3538.1807073776067,2736.030762446464
2022-04-21,3138.497778704766,3194.6050015642927,3127.451583591469,3181.14794921875,2280996,3233.0974365234374,3212.858037109375,3163.107525634766,3200.7180382907136,47.432627979636486,-22.89172040282756,-5.898126196910965,-16.993594205916594,3377.8329703478566,3233.0974365234374,3088.361902699018,0.08953366650159107,68.30782025546382,0.02147269518610078,16.547444761390647,19.69307548354926,29.431241024300036,6818067.0,2316043.65,3362.5759539750275,3015.0176449045566,3538.1807073776067,2736.030762446464
2022-04-22,3139.461809441389,3170.9343651637614,3131.045641465959,3167.033203125,1581465,3228.7206176757813,3209.939580078125,3164.381112060547,3197.5099587511218,46.16418779692094,-22.536735874431542,-9.22584813241508,-13.310887742016462,3375.8682801637633,3228.7206176757813,3081.5729551877994,0.09114920732528868,67.00742650527292,0.02115779096952783,16.781449675076832,18.641306640329976,27.859375707859524,5236602.0,2284712.9,3362.5759539750275,3015.0176449045566,3538.1807073776067,2736.030762446464
2022-04-25,3119.210845865879,3142.00440460464,3097.38171560966,3110.619384765625,1960694,3219.88154296875,3206.516171875,3165.4425720214845,3189.2346659905984,41.3990025259927,-26.502032812481957,-12.681085068428455,-13.820947744053502,3372.985505165475,3219.88154296875,3066.7775807720254,0.09509912719059968,67.19628800599197,0.021602221195909828,17.438166861761303,17.26113395599022,29.375132932639534,3275908.0,2283976.4,3362.5759539750275,3015.0176449045566,3538.1807073776067,2736.030762446464
2022-04-26,3134.2453207667304,3145.4229297988936,3084.274833328823,3108.953369140625,1943469,3212.8177001953127,3202.759609375,3166.5150939941404,3181.588828195363,41.26353994932453,-29.43963100112569,-16.032794254967904,-13.406836746157786,3372.5613548290066,3212.8177001953127,3053.0740455616187,0.09944146823144236,66.76427432485472,0.021474839406584494,18.212785138102284,16.131909964997643,28.855666454483472,1332439.0,2288058.8,3362.5759539750275,3015.0176449045566,3538.1807073776067,2736.030762446464
2022-04-27,3108.6902049987402,3128.3715200891825,3073.8862429719675,3122.015625,1727648,3206.396032714844,3199.0924609375,3167.9087292480467,3175.915189795805,42.8426957929196,-30.363670356709918,-18.898969475316306,-11.464700881393611,3369.855094109311,3206.396032714844,3042.936971320377,0.10195812352977918,65.8872030957376,0.021104059367331836,19.064833760113913,15.179035156043904,28.277459715835324,3060087.0,2300725.6,3362.5759539750275,3015.0176449045566,3538.1807073776067,2736.030762446464
2022-04-28,3145.510745409141,3159.8881336605136,3101.720860196266,3142.26708984375,1703660,3201.0899291992187,3197.1523681640624,3169.34849609375,3172.7106088479904,45.29820593693412,-29.12610661236249,-20.944396902725543,-8.181709709636948,3365.637993685487,3201.0899291992187,3036.5418647129504,0.1028075237657765,65.33577955063117,0.020792560811207176,19.130367739022688,17.65934126953518,26.479251462717944,4763747.0,2299058.5,3362.5759539750275,3015.0176449045566,3538.1807073776067,2736.030762446464
2022-04-29,3153.401256587347,3176.4139846900484,3100.6693195191265,3109.304443359375,2051115,3192.987255859375,3193.872734375,3170.6951318359374,3166.671926420503,42.12593778557525,-30.454082810132604,-22.84633408420696,-7.607748725925646,3358.8512046782316,3192.987255859375,3027.1233070405187,0.10389264693398537,66.07927138065195,0.02125210721059471,18.829389586349375,17.999824325256693,24.31122552949933,2712632.0,2249788.35,3362.5759539750275,3015.0176449045566,3538.1807073776067,2736.030762446464
2022-05-02,3085.8089874536313,3110.3997699115944,3062.007341104243,3105.5341796875,1324161,3184.327880859375,3189.0439990234377,3172.2423352050782,3160.849283874503,41.76565581583799,-31.4482267017529,-24.56671260771615,-6.881514094036753,3349.4655211379586,3184.327880859375,3019.1902405807914,0.10371899280297533,64.81592548255904,0.02087110356295652,19.134211999349755,17.039902371861366,27.275354407667372,1388471.0,2273171.35,3362.5759539750275,3015.0176449045566,3538.1807073776067,2736.030762446464
2022-05-04,3102.1155131222386,3108.208363580262,3037.9429247118774,3050.61083984375,2305825,3172.0982666015625,3183.1992041015624,3173.580506591797,3150.3503844430024,36.824789356008495,-36.250079063614976,-26.903385898895916,-9.34669316471906,3338.8003116884365,3172.0982666015625,3005.3962215146885,0.10510522126130145,65.20517643868943,0.02137446559457882,19.749835985488108,15.728310383281102,27.812041521711983,-917354.0,2230973.9,3362.5759539750275,3015.0176449045566,3538.1807073776067,2736.030762446464
2022-05-05,3078.97133320661,3097.293760926186,3055.5202694917,3080.11083984375,1612262,3160.83515625,3178.4511328125,3175.0903637695315,3143.6609040049784,40.870874588090615,-37.245831437568086,-28.971875006630352,-8.273956430937734,3320.278077516198,3160.83515625,3001.392234983802,0.10088657799880987,63.882158198957065,0.020740214076905662,20.321486829759436,14.90733056995489,26.360320128866945,694908.0,2276914.45,3362.5759539750275,3015.0176449045566,3538.1807073776067,2736.030762446464
2022-05-06,3032.420022432544,3046.008490298316,3002.174722989375,3009.27587890625,2010812,3144.081896972656,3172.1162890625,3176.1283850097657,3130.862330186052,35.06379735291816,-43.25217754394089,-31.82793551409246,-11.424242029848429,3292.939270310175,3144.081896972656,2995.2245236351373,0.0946905190229613,64.88601238862978,0.02156200195650165,21.547376294299042,13.628363023068674,29.97119484328626,-1315904.0,2283877.85,3339.5192456312348,3002.174722989375,3538.1807073776067,2736.030762446464
2022-05-09,2978.9426390374124,3029.7898059191575,2934.100783512281,3020.234130859375,2481830,3130.482470703125,3167.30685546875,3177.2412854003906,3120.326311202559,36.565376889595754,-46.5909394082978,-34.780536292933526,-11.810403115364274,3272.247265133551,3130.482470703125,2988.7176762726986,0.09057057227257692,67.08622738993313,0.02221226053453163,23.38315250573916,12.239867749980395,34.16566831215429,1165926.0,2268671.1,3283.587089747452,2934.100783512281,3538.1807073776067,2736.030762446464
2022-05-10,3010.5032723895856,3037.5049170566876,2999.983167768539,3014.66748046875,1622685,3119.725695800781,3164.718037109375,3178.3619470214844,3110.263565418387,36.108594465362074,-49.11989087839038,-37.6484072100249,-11.47148366836548,3262.358559660671,3119.725695800781,2977.0928319408913,0.0914393621541001,64.9744789540914,0.021552784635467833,24.891050984360582,12.583134246681983,32.756372515990904,-456759.0,2290176.15,3277.889395522618,2934.100783512281,3538.1807073776067,2736.030762446464
2022-05-11,3011.380087527133,3023.17132919735,2965.0477056622435,2991.216552734375,1841769,3107.7306274414063,3162.056455078125,3179.40990234375,3098.9257546865765,34.171907970483105,-52.41222155452806,-40.601170078925534,-11.811051475602525,3251.222375094342,3107.7306274414063,2964.2388797884705,0.09234503556125297,64.48513213844963,0.021558162373600642,26.622681801496256,11.77300580135337,34.51716283132551,-2298528.0,2246568.95,3277.889395522618,2934.100783512281,3538.1807073776067,2736.030762446464
2022-05-12,2961.408557617447,3024.26612096296,2936.9494073636065,2988.278564453125,2807195,3095.117431640625,3162.1791748046876,3180.3505798339843,3088.387927045296,33.92640244892952,-54.6287620718922,-43.40668847751887,-11.222073594373327,3233.967970785344,3095.117431640625,2956.266892495906,0.08972230760958139,66.11595938565705,0.02212509910292005,28.47594229949792,10.66242439115033,34.296667774245016,-5105723.0,2223818.75,3277.889395522618,2934.100783512281,3538.1807073776067,2736.030762446464
2022-05-13,3011.3795593615127,3015.6751825815522,2965.047185622854,2993.75830078125,2187823,3083.0105102539064,3160.323251953125,3181.2725805664063,3079.375581686815,34.86632464851306,-55.30568793172142,-45.786488368359386,-9.519199563362037,3212.5641077914224,3083.0105102539064,2953.4569127163904,0.08404356527921561,65.00967635515998,0.021715071767214836,30.196827047642323,10.069306983851513,32.388851134894914,-2917900.0,2249595.5,3252.3339396432675,2934.100783512281,3538.1807073776067,2736.030762446464
2022-05-16,2993.8458842806135,3006.9960126156675,2951.4148891323207,2960.35693359375,1195813,3070.5113037109377,3157.212802734375,3182.042858886719,3068.040472344618,31.88857406508407,-57.87027522795006,-48.203245740277524,-9.667029487672536,3196.7071037403675,3070.5113037109377,2944.315503681508,0.08219855753464446,64.33620829288762,0.021732584865969573,31.91879471817804,9.447946822341686,31.903699885861677,-4113713.0,2134812.85,3194.6050015642927,2934.100783512281,3538.1807073776067,2736.030762446464
2022-05-17,2954.3955871632793,3039.4330862596703,2937.2126666815007,3025.932373046875,1754076,3067.1602172851562,3155.555,3183.207834472656,3064.0301771734044,42.306285004316926,-53.98898776602255,-49.36039414542653,-4.628593620596014,3194.3497656013797,3067.1602172851562,2939.970668968933,0.08293635761147361,67.04222338469347,0.02215588953073239,32.5726884364752,11.874918705629238,28.429120281095607,-2359637.0,2113519.9,3194.6050015642927,2934.100783512281,3538.1807073776067,2736.030762446464
2022-05-18,3037.6801253832837,3063.980386209113,3018.4371440187992,3023.47802734375,1866781,3066.1476806640626,3153.87880859375,3184.4243041992186,3060.168067665818,42.047065764420765,-50.5286221722713,-49.59403975079549,-0.9345824214758096,3194.3853521282867,3066.1476806640626,2937.9100091998384,0.08364742003323897,65.50658187080921,0.021665969217695768,32.52169580546456,13.961849342089211,27.017316335770595,-4226418.0,2010184.1,3194.6050015642927,2934.100783512281,3538.1807073776067,2736.030762446464
2022-05-19,2978.066446787043,2985.0798502531293,2831.661649432484,2859.67138671875,4642963,3053.2233276367188,3149.27802734375,3184.756884765625,3041.073145670859,29.191335347805122,-60.30888117662835,-51.73700803596206,-8.571873140666284,3207.3732961791975,3053.2233276367188,2899.07335909424,0.10097523305757997,74.52871015941327,0.02606198408164973,34.17118595004119,11.395138220185418,39.9511485935059,-8869381.0,1945022.45,3194.6050015642927,2831.661649432484,3538.1807073776067,2736.030762446464
2022-05-20,2901.794835428608,2905.2137830055776,2866.7717049191906,2886.891357421875,3065125,3038.510498046875,3145.9133349609374,3185.2342980957033,3026.3891658376224,32.8646100785203,-65.1128028911703,-54.41216700700372,-10.700635884166587,3197.1190302423975,3038.510498046875,2879.9019658513525,0.10439887062919445,72.45825916851429,0.02509905992209655,35.7028553700052,10.88355116843004,38.157533638753726,-5804256.0,2045152.1,3176.4139846900484,2831.661649432484,3538.1807073776067,2736.030762446464
2022-05-23,2897.236102018416,2927.130596456602,2864.097738273312,2912.095703125,2293690,3025.763623046875,3141.0355126953127,3185.9615478515625,3015.504074150706,36.166684570790636,-66.12392990042053,-56.754519585687085,-9.36941031473345,3181.9662418695584,3025.763623046875,2869.561004224192,0.10324839497236783,71.78501624099823,0.024650637739674897,36.62164559566437,12.381734898739994,35.76429802216434,-3510566.0,2084358.55,3176.4139846900484,2831.661649432484,3538.1807073776067,2736.030762446464
2022-05-24,2906.3099488564503,2914.813870239504,2871.6376129969626,2882.50830078125,1711510,3014.3580688476563,3134.993466796875,3186.3139782714843,3002.8378100202813,34.04948410890184,-68.52282298750652,-59.10818026605097,-9.414642721455543,3177.278997131323,3014.3580688476563,2851.4371405639895,0.1080965993837282,69.74153345539418,0.024194738116276034,37.474807948062164,11.834206101428425,34.182776269121405,-5222076.0,2119969.8,3176.4139846900484,2831.661649432484,3538.1807073776067,2736.030762446464
2022-05-25,2906.205560249245,2906.205560249245,2783.7033321781046,2795.706298828125,3548046,2998.6957153320313,3127.4196533203126,3185.9463427734377,2983.110999430552,28.734886837241746,-76.54578698091473,-62.59570160902373,-13.950085371891,3181.2718822905103,2998.6957153320313,2816.1195483735523,0.12177038572135566,73.51015449937606,0.026293947447265573,38.90656931349123,10.42554103355833,38.658311324330505,-8770122.0,2107510.6,3176.4139846900484,2783.7033321781046,3538.1807073776067,2736.030762446464
2022-05-26,2816.3147271888583,2860.8850480046017,2807.0918029068916,2848.04345703125,2813186,2984.997106933594,3121.2748095703123,3185.888211669922,2970.247423963952,35.292962463574796,-77.78422436147275,-65.63340615951354,-12.150818201959211,3169.607804931186,2984.997106933594,2800.3864089360018,0.12369237984772294,72.91505411916896,0.025601805316262386,40.23606200996108,9.759870419342365,36.18997881659917,-5956936.0,2187739.45,3176.4139846900484,2783.7033321781046,3538.1807073776067,2736.030762446464
2022-05-27,2871.2113620219907,2893.893641905069,2850.029426167201,2878.3603515625,3103153,2971.8017700195314,3114.9674462890625,3185.9379931640624,2961.4962742114326,38.80588335618496,-75.44963842224934,-67.5966526120607,-7.852985810188642,3147.0505993005263,2971.8017700195314,2796.5529407385366,0.11794112988891792,70.98184917307255,0.024660515190372358,40.6779743592524,12.631195533958357,34.520218731398856,-2853783.0,2242016.35,3176.4139846900484,2783.7033321781046,3538.1807073776067,2736.030762446464
2022-05-30,2909.8687206618956,2988.9480417229124,2900.4693219029687,2978.9306640625,2094624,2965.2830810546875,3111.5323974609373,3186.377734375,2963.1566922924867,48.74643913549726,-64.73801894368626,-67.02492587838582,2.2869069346995587,3128.9013750563445,2965.2830810546875,2801.6647870530305,0.11035593535539377,73.8108378150254,0.024777628665705927,39.213095330618515,20.47807381648295,30.825918770710807,-759159.0,2311991.0,3110.3997699115944,2783.7033321781046,3538.1807073776067,2736.030762446464
2022-05-31,2960.3075643045477,2986.123046252866,2934.5804266036826,2969.31005859375,4840965,2958.471875,3106.8178564453124,3186.713033447266,2963.7427271783213,47.944108213459195,-56.375424985696554,-64.89502569984796,8.519600714151409,3108.986144079092,2958.471875,2807.9576059209085,0.10175136045806872,72.22025080317954,0.02432223290193638,37.85285051831562,19.43415058152513,29.254487144276997,-5600124.0,2314166.45,3108.208363580262,2783.7033321781046,3538.1807073776067,2736.030762446464
2022-06-01,2990.1840477762366,2990.1840477762366,2947.864337302273,2961.2353515625,1493835,2954.0031005859373,3101.6463671875,3186.959044189453,2963.503929500624,47.24129250860263,-49.82521632041198,-61.88106382396077,12.05584750354879,3098.4962665468406,2954.0031005859373,2809.509934625034,0.09782871651843733,70.08449792252128,0.023667317724523684,36.514182232328075,19.009818437651788,27.992702683367334,-7093959.0,2490006.65,3097.293760926186,2783.7033321781046,3538.1807073776067,2736.030762446464
2022-06-02,2961.058242980618,3029.0169567539438,2953.3798339996915,3021.07373046875,2657939,2951.0512451171876,3098.47908203125,3187.4592614746093,2968.9867676880644,52.76701800381746,-39.35204578591083,-57.37526021635079,18.023214430439957,3087.2954475810134,2951.0512451171876,2814.807042653362,0.0923360464778479,70.48111398193063,0.023329822530016434,34.563771346417596,21.488134754207312,25.84695310444168,-4436020.0,2449407.15,3063.980386209113,2783.7033321781046,3538.1807073776067,2736.030762446464
2022-06-03,3053.1993941968394,3068.9977170114703,3028.3106631264545,3036.209716796875,1913622,2952.3979370117186,3094.312646484375,3188.002188720703,2975.388953317475,54.077221946714424,-29.49068482488792,-51.798345138058224,22.307660313170302,3091.4216754615195,2952.3979370117186,2813.3741985619176,0.09417682942192702,68.8698905934156,0.022682850335539934,32.095577307883325,24.56669234756795,24.562243817247634,-2522398.0,2501691.0,3068.9977170114703,2783.7033321781046,3538.1807073776067,2736.030762446464
2022-06-06,3016.6602249414027,3047.5505432190357,2980.60672441929,3028.089599609375,1084210,2952.7907104492188,3089.783046875,3188.016904296875,2980.4080624881326,53.22424112159416,-22.076229775512275,-45.853922065549035,23.77769229003676,3092.6208877604054,2952.7907104492188,2812.960533138032,0.09471052372005989,68.7323140367249,0.022698243158191685,30.5013260655395,22.857589614249367,27.810979266100826,-3606608.0,2496831.5,3068.9977170114703,2783.7033321781046,3538.1807073776067,2736.030762446464
2022-06-07,3001.7008121845647,3017.4107900611675,2961.9405128020458,2967.853759765625,2308256,2950.4500244140627,3083.3921044921876,3187.6887341308593,2979.2124146097985,47.26803400561262,-20.820741051707955,-40.84728586278082,20.026544811072867,3087.600290180298,2950.4500244140627,2813.2997586478273,0.09296904853927998,68.54779780605378,0.02309675723761641,29.27613795055741,21.282037613630035,27.83906215228375,-5914864.0,2426950.5,3068.9977170114703,2783.7033321781046,3538.1807073776067,2736.030762446464
2022-06-08,2983.2545900235646,3013.085856009611,2953.555840405617,3004.4365234375,2185707,2951.1110229492188,3078.47623046875,3187.193653564453,2981.6147106886274,50.86439166076093,-16.681539495965808,-36.01413658941782,19.33259709345201,3089.1652665370143,2951.1110229492188,2813.056779361423,0.0935608606482245,67.90367050590665,0.02260113334936271,28.254792279595623,19.94935136456029,26.97776580768388,-3729157.0,2461229.05,3068.9977170114703,2783.7033321781046,3538.1807073776067,2736.030762446464
2022-06-09,2987.535167119956,3033.4293558024483,2959.380933713857,3024.69189453125,1279197,2952.931689453125,3073.9610888671873,3186.7670959472657,2985.71729962602,52.784483633082665,-11.632659221213089,-31.137841115776872,19.505181894563783,3093.8297326289967,2952.931689453125,2812.033646277253,0.09542926013433504,68.34258133324127,0.022594890228921194,26.9219599751708,20.53164049234075,24.889900996355255,-2449960.0,2478425.95,3068.9977170114703,2783.7033321781046,3538.1807073776067,2736.030762446464
2022-06-10,2984.887686444342,2994.5960733606303,2958.4102675817367,2965.382568359375,1527582,2951.512902832031,3068.30095703125,3186.0485778808593,2983.7806585530066,46.99375382879964,-12.275646173836776,-27.365402127388855,15.089755953552078,3091.3050670884204,2951.512902832031,2811.720738575642,0.09472576868781843,68.19537030583213,0.022997157612470166,25.6998250522364,19.106249914744325,23.26361074854485,-3977542.0,2402026.05,3068.9977170114703,2783.7033321781046,3538.1807073776067,2736.030762446464
2022-06-13,2903.690479350038,2906.3382214284725,2817.59468967151,2841.556884765625,3030921,2945.572900390625,3059.7049365234375,3184.370720214844,2970.2355372399225,37.69571360409456,-22.517349786090563,-26.3957916591292,3.8784418730386356,3093.231752063158,2945.572900390625,2797.9140487180916,0.10025815463806827,73.88054947597733,0.026000024800513923,26.321493539624395,16.376290962075736,33.55384872957104,-7008463.0,2369014.0,3068.9977170114703,2783.7033321781046,3538.1807073776067,2736.030762446464
2022-06-14,2815.4320179906135,2858.5901216693624,2801.9284921763433,2833.569091796875,2611493,2935.954736328125,3050.801884765625,3182.7586096191408,2957.2196852929656,37.18460266327089,-30.92207143096357,-27.301047613496074,-3.6210238174674956,3086.4557058143782,2935.954736328125,2785.4537668418716,0.10252267695003947,72.65062662005174,0.025639264216416612,27.046982046826752,15.463991947568774,33.22488096894379,-9619956.0,2460769.4,3068.9977170114703,2783.7033321781046,3538.1807073776067,2736.030762446464
2022-06-15,2840.586045196815,2854.2660463465904,2825.14088260836,2829.818603515625,1404536,2926.271765136719,3041.4941943359377,3180.927724609375,2945.0862489332185,36.931402080954946,-37.45376327851682,-29.331590746500225,-8.122172532016592,3077.917446036525,2926.271765136719,2774.626084236913,0.103644290804768,69.54166498563595,0.024574601672079213,27.720649946371797,15.001379972829138,32.230944354928106,-11024492.0,2503640.25,3068.9977170114703,2783.7033321781046,3538.1807073776067,2736.030762446464
2022-06-16,2859.5612617361553,2863.841864011911,2765.1693057745297,2773.068359375,2032028,2921.941613769531,3030.8481005859376,3178.756965332031,2928.7035927848165,33.24278509563132,-46.67144715572658,-32.7995620283455,-13.871885127381084,3085.4302871338646,2921.941613769531,2758.4529404051978,0.1119041342878993,71.62244307504635,0.0258278678320028,28.90497222584053,13.525162188632356,35.040167502366934,-13056520.0,2480528.0,3068.9977170114703,2765.1693057745297,3538.1807073776067,2736.030762446464
2022-06-17,2728.9392110453464,2752.548242059403,2668.7914294364296,2726.203125,5240434,2913.9072021484376,3018.485341796875,3176.1409423828127,2909.4178339481673,30.530878029263633,-57.09994812470086,-37.65963924761657,-19.44030887708429,3097.9923627160138,2913.9072021484376,2729.8220415808614,0.12634936379020534,73.95490642244093,0.027127438063677272,30.703683415020695,12.162978452837978,40.819660933471134,-18296954.0,2349981.25,3068.9977170114703,2668.7914294364296,3538.1807073776067,2668.7914294364296
2022-06-20,2730.704207668576,2770.199687078133,2708.6396940319523,2746.943603515625,1502769,2905.6495971679688,3007.5797607421873,3173.7109436035157,2893.944097716497,33.13077623695864,-62.96520332564569,-42.72075206322239,-20.244451262423297,3103.6124889660996,2905.6495971679688,2707.686705369838,0.1362606778126847,73.06955546699378,0.026600311478356183,32.005294699482704,13.156544129893032,38.363236242198695,-16794185.0,2458746.7,3068.9977170114703,2668.7914294364296,3538.1807073776067,2668.7914294364296
2022-06-21,2762.4772511283127,2857.575309853257,2758.4172942182936,2834.8046875,2964461,2903.2644165039064,2999.679794921875,3171.3483764648436,2888.3117729339733,42.88278392046774,-59.83407516437683,-46.14341668345328,-13.690658480923545,3103.422470319781,2903.2644165039064,2703.106362688032,0.1378848255626015,75.75256624346792,0.026722322909051535,31.602415646913972,20.02291344631006,34.36130648534555,-13829724.0,2419200.65,3068.9977170114703,2668.7914294364296,3538.1807073776067,2668.7914294364296
2022-06-22,2824.169414688557,2868.8722488134295,2809.2538895886987,2844.512939453125,3336315,2905.7047485351563,2991.9476953125,3169.346612548828,2884.1404554596065,43.857082116265374,-55.92459482336835,-48.099652311436294,-7.824942511932058,3101.7048074667946,2905.7047485351563,2709.704689603518,0.13490707136053456,74.6001228849867,0.02622597417304385,31.04185592783977,19.961596666281544,32.39983450240991,-10493409.0,2481848.2,3068.9977170114703,2668.7914294364296,3538.1807073776067,2668.7914294364296
2022-06-23,2844.513322405252,2928.402658039696,2844.513322405252,2920.282958984375,3692578,2909.3167236328127,2985.5425048828124,3167.1917614746094,2887.5825986524414,50.89708993804501,-46.17996228791026,-47.71571430673109,1.5357520188208298,3103.5881254941823,2909.3167236328127,2715.045321771443,0.13355122203318337,75.26366543509985,0.025772730414204546,29.593792187687885,24.022053586078847,29.820319081574016,-6800831.0,2471261.65,3068.9977170114703,2668.7914294364296,3538.1807073776067,2668.7914294364296
2022-06-24,2946.9366330138964,2952.232116631172,2892.6579259368214,2906.42626953125,2132118,2910.72001953125,2978.953095703125,3164.944476318359,2889.3772339742327,49.67043367269658,-39.12438823743969,-45.997449092872806,6.873060855433117,3104.4815022214348,2910.72001953125,2716.958536841065,0.13313646203690097,74.1429886679035,0.02551001876261644,27.906758259327276,24.93905721750027,28.108837170115685,-8932949.0,2515231.25,3068.9977170114703,2668.7914294364296,3538.1807073776067,2668.7914294364296
2022-06-27,2956.645129771199,2968.0303337828927,2918.2528721159615,2925.489990234375,2037686,2908.047985839844,2973.25607421875,3162.7490563964843,2892.816544094246,51.40563050815945,-31.629902207478153,-43.123939715793874,11.49403750831572,3099.4325335952662,2908.047985839844,2716.6634380844216,0.13162406444964522,73.24735120959916,0.025037635218068535,26.113351255780778,24.981452150804866,26.42021578510897,-6895263.0,2466679.5,3068.9977170114703,2668.7914294364296,3538.1807073776067,2668.7914294364296
2022-06-28,2918.693980682418,2938.993334040657,2888.333294892649,2928.53466796875,1400046,2906.0092163085938,2969.967685546875,3160.7265234375,2896.2182701775323,51.692089303653624,-25.154818892287494,-39.5301155510926,14.375296658805105,3095.6002269395062,2906.0092163085938,2716.4182056776813,0.13048204359912086,71.63397177662836,0.024460687647011578,24.848005579836748,23.719519626187935,28.0689831380336,-5495217.0,2463832.6,3068.9977170114703,2668.7914294364296,3538.1807073776067,2668.7914294364296
2022-06-29,2886.921269341309,2941.6412689436206,2886.921269341309,2904.131591796875,2133994,2903.1540283203126,2967.1757421875,3158.7643078613282,2896.971919855565,49.18924247593714,-21.741767455153422,-35.972445931904765,14.230678476751343,3091.0445890465026,2903.1540283203126,2715.2634675941226,0.1294389198046777,70.4258309070343,0.024250220308873704,23.630762331690473,22.671670927057466,26.51117937040952,-7629211.0,2291786.65,3068.9977170114703,2668.7914294364296,3538.1807073776067,2668.7914294364296
2022-06-30,2887.80356241596,2922.135859654931,2872.7996930513295,2883.47900390625,2719603,2896.2742919921875,2962.4821533203126,3156.6234899902342,2895.6868802413446,47.110308389351076,-20.46745476542401,-32.87144769860861,12.403992933184604,3076.3019282273167,2896.2742919921875,2716.2466557570583,0.12431670352002337,68.91942631393196,0.023901483666281875,22.70070700117631,21.512415221971654,26.61917055487184,-10348814.0,2323794.6,3068.9977170114703,2668.7914294364296,3538.1807073776067,2668.7914294364296
2022-07-01,2877.2122604235324,2941.640633126268,2870.1957889568184,2925.842529296875,1502879,2890.7559326171877,2957.376044921875,3154.458875732422,2898.558846818062,51.626576426317044,-15.856387757803532,-29.468435710447597,13.612047952644065,3059.7133596692393,2890.7559326171877,2721.798505565136,0.11689497902307064,69.09981330361178,0.023617065037405665,21.495199063204215,21.93987781363127,24.653274720085875,-8845935.0,2326877.8,3047.5505432190357,2668.7914294364296,3538.1807073776067,2668.7914294364296
2022-07-04,2923.10716611456,2928.358477983081,2846.3668202921513,2855.192626953125,2622535,2882.111083984375,2951.1392333984377,3151.7639172363283,2894.4287306404494,44.761882578297474,-17.698918491416407,-27.114532266641362,9.415613775224955,3039.3641318039954,2882.111083984375,2724.8580361647546,0.10912351622632525,70.02065933127733,0.024523970351520135,20.738149944998103,20.104820470090406,25.02207812356889,-11468470.0,2306340.65,3033.4293558024483,2668.7914294364296,3538.1807073776067,2668.7914294364296
2022-07-05,2872.800116365878,2887.8039879413677,2830.392071553336,2838.644287109375,2170627,2875.6506103515626,2945.6997314453124,3148.6864038085937,2889.1159264946327,43.309249097249804,-20.26089511079772,-25.743804835472638,5.4829097246749186,3028.846828863666,2875.6506103515626,2722.4543918394593,0.10654717089804892,69.12003483533123,0.024349664080566068,20.27342221583851,18.91201325065884,25.188361745944846,-13639097.0,2383256.9,3033.4293558024483,2668.7914294364296,3538.1807073776067,2668.7914294364296
2022-07-06,2840.585483697553,2884.7145109415733,2826.243549843247,2877.87451171875,2182144,2869.322509765625,2941.078154296875,3146.0288635253905,2888.045315563596,47.64677602756489,-18.907771751322798,-24.376598218642673,5.468826467319875,3010.71815610556,2869.322509765625,2727.92686342569,0.09855681671105322,68.35938671125945,0.0237534285921429,19.905360748990102,17.75656153304233,24.08292723947038,-11456953.0,2376375.45,3033.4293558024483,2668.7914294364296,3538.1807073776067,2668.7914294364296
2022-07-07,2886.920426576483,2929.637230832209,2881.669116403686,2901.7919921875,1989921,2863.1775146484374,2936.673681640625,3143.8204235839844,2889.354522861111,50.150959224837834,-15.724212024867029,-22.646120979887545,6.921908955020516,2986.5655580610246,2863.1775146484374,2739.78947123585,0.08618958676597299,67.1739104542737,0.023149112905103516,18.677194529014614,21.556021406083502,22.757372433087674,-9467032.0,2376197.3,2994.5960733606303,2668.7914294364296,3538.1807073776067,2668.7914294364296
2022-07-08,2912.51615386381,2916.9290571272395,2868.3871212295094,2882.02294921875,2136916,2859.0095336914064,2931.468798828125,3141.532138671875,2888.656277752315,48.10287143477373,-14.62779444723219,-21.042455673356475,6.414661226124284,2973.62618377407,2859.0095336914064,2744.392883608743,0.08017927099017143,65.8430551288063,0.02284612450662644,17.767356815056093,20.42088595052697,22.999845780323014,-11603948.0,2411733.5,2968.0303337828927,2668.7914294364296,3538.1807073776067,2668.7914294364296
2022-07-11,2829.6858817306656,2846.3226132721766,2741.2955152940713,2748.1796875,6974600,2854.340673828125,2924.2463037109374,3138.402346191406,2875.277554871142,37.06610551166396,-24.279034665142717,-21.689771471713723,-2.5892631934289945,2978.620661907208,2854.340673828125,2730.060685749042,0.08708139796950294,71.19193932851147,0.0259051253643732,18.63452620637308,17.537555031132044,32.50378220663414,-18578548.0,2442200.2,2968.0303337828927,2668.7914294364296,3538.1807073776067,2668.7914294364296
2022-07-12,2749.1504754874695,2767.949487076794,2718.569141097803,2722.49658203125,3734815,2848.7870483398438,2916.5855517578125,3135.147634277344,2860.726986029247,35.388209187149954,-33.61265823890244,-24.074348825151468,-9.538309413750973,2985.5804165892346,2848.7870483398438,2711.993680090453,0.09603621887364897,69.63396837497429,0.025577247308432065,19.673942684269704,16.64922571707465,33.18857669519523,-22313363.0,2639384.15,2968.0303337828927,2668.7914294364296,3538.1807073776067,2668.7914294364296
2022-07-13,2739.5302807486632,2744.82576453877,2678.6322171624333,2681.94189453125,3863530,2841.393212890625,2909.2121728515626,3131.6591369628904,2843.6998344580093,32.85880551717338,-43.77740781106286,-28.014960622333746,-15.762447188729112,2996.2778508521938,2841.393212890625,2686.508574929056,0.10902020688928202,69.38822401792874,0.025872381560323256,21.02722182278291,15.514748210387324,35.03823469361264,-26176893.0,2695550.25,2968.0303337828927,2668.7914294364296,3538.1807073776067,2668.7914294364296
2022-07-14,2704.2853728115883,2705.1702829466703,2625.5283707892613,2653.624267578125,4764908,2835.421008300781,2900.68244140625,3128.02009765625,2825.597399517068,31.182801083298244,-53.501311103904754,-33.11223071864795,-20.389080385256804,3008.5231758464306,2835.421008300781,2662.3188407551315,0.12209979896381362,70.1206303136059,0.026424475827394614,22.741147001116026,14.256076232652251,37.605109822564394,-30941801.0,2818499.95,2968.0303337828927,2625.5283707892613,3538.1807073776067,2625.5283707892613
2022-07-15,2671.145950429042,2680.304642138172,2613.140038767697,2649.952392578125,4574806,2831.6084716796877,2893.4959716796875,3124.5127209472657,2808.869303618121,30.962268946510008,-60.8029654090783,-38.65037765673402,-22.152587752344274,3017.081464172203,2831.6084716796877,2646.135479187172,0.1310018629676541,69.90948553195366,0.026381411880361777,24.432927191948323,13.27776661813579,36.29024729099741,-35516607.0,2955143.95,2968.0303337828927,2613.140038767697,3538.1807073776067,2613.140038767697
2022-07-18,2675.083982462359,2722.824852536626,2667.385305641953,2710.9228515625,3202795,2829.8074340820312,2887.30974609375,3121.562625732422,2799.5410700890143,38.71297966404804,-60.96698313193838,-43.1136987517749,-17.85328438016348,3019.192311510992,2829.8074340820312,2640.4225566530704,0.13385001053288698,70.12112656242134,0.025866146106668247,25.10180956810579,16.62344418722376,33.59637850968517,-32313812.0,2921862.55,2968.0303337828927,2613.140038767697,3538.1807073776067,2613.140038767697
2022-07-19,2681.322794633056,2724.5948266776545,2681.322794633056,2720.435791015625,1865074,2824.0889892578125,2881.4251123046874,3118.6044116210937,2792.0072339867866,39.847695818388175,-59.64183964638596,-46.41932693069711,-13.22251271568885,3019.3407910600413,2824.0889892578125,2628.8371874555837,0.1382759555700418,68.20333409686255,0.025070738417024015,25.686106576671737,16.055465255820874,32.07384761343803,-30448738.0,3006863.85,2968.0303337828927,2613.140038767697,3538.1807073776067,2613.140038767697
2022-07-20,2750.1243210138164,2806.8912313215537,2741.496445439905,2800.564208984375,3402251,2821.891552734375,2877.6120654296874,3116.1182458496096,2792.822183986557,48.49745369221093,-51.53193218132219,-47.44184798082213,-4.090084200500058,3017.1636877331644,2821.891552734375,2626.619417735586,0.13839804354605553,69.5070559689387,0.024818947462784808,24.68952375083035,23.086157578049427,29.224230838082754,-27046487.0,2951894.5,2968.0303337828927,2613.140038767697,3538.1807073776067,2613.140038767697
2022-07-21,2802.5111124976283,2817.554588630391,2782.2024629269126,2811.625732421875,2420640,2816.45869140625,2874.0790087890623,3113.8854467773435,2794.612998123254,49.575424481871146,-43.70835685976181,-46.69514975661007,2.9867928968482644,3006.4535503543552,2816.45869140625,2626.463832458145,0.13491755410993878,67.0674180928344,0.02385360801028946,23.588048589803023,23.352617585530172,28.123910857772252,-24625847.0,2955191.3,2968.0303337828927,2613.140038767697,3538.1807073776067,2613.140038767697
2022-07-22,2818.4390359840645,2829.05795856862,2781.7152620458105,2806.05029296875,2075886,2811.439892578125,2870.3248486328125,3111.4365356445314,2795.702264299015,49.01851161086834,-37.52543852306462,-44.861207509900986,7.335768986836364,2996.912604826782,2811.439892578125,2625.967180329468,0.13194143878962764,65.6585094092612,0.023398906845606,22.370203665825883,23.401312292714604,26.67544037797631,-26701733.0,2891594.4,2968.0303337828927,2613.140038767697,3538.1807073776067,2613.140038767697
2022-07-25,2800.74095783458,2819.7222396009693,2786.6709711932813,2802.28955078125,1797504,2805.2798706054687,2867.1635009765623,3108.7067810058593,2796.329624916371,48.62174918786732,-32.55363363578863,-42.39969273507852,9.846059099289889,2983.222570096004,2805.2798706054687,2627.3371711149334,0.12686270725075965,63.32942076629168,0.02259917100594979,21.239347664989968,22.528954204844283,25.681028788141035,-28499237.0,2888782.8,2941.6412689436206,2613.140038767697,3538.1807073776067,2613.140038767697
2022-07-26,2800.4754112437777,2804.1919910670576,2740.1245756980134,2757.291748046875,2639367,2796.717724609375,2861.7906884765625,3105.8498669433593,2792.6117318811807,44.02958474113803,-31.876931635841174,-40.295140515231054,8.41820887938988,2966.4015066643283,2796.717724609375,2627.033942554422,0.12134494701545417,63.3821346664883,0.0229870976516667,20.88999060624339,20.902344576857693,29.072388229102245,-31138604.0,2876773.7,2941.6412689436206,2613.140038767697,3538.1807073776067,2613.140038767697
2022-07-27,2756.495720256356,2826.492214850678,2752.0711685384485,2821.846435546875,1389808,2792.603466796875,2857.758056640625,3102.957607421875,2795.395989373151,51.15668895074681,-25.833820449149243,-37.40287650201469,11.569056052865449,2955.525595658867,2792.603466796875,2629.6813379348832,0.11668117639978735,64.17062835546982,0.02274065220102366,20.1386388892616,21.653075248080782,26.664079534596624,-29748796.0,2938739.75,2941.640633126268,2613.140038767697,3538.1807073776067,2613.140038767697
2022-07-28,2845.87173291098,2888.347430417114,2833.1731827603476,2885.250244140625,2106333,2792.692028808594,2858.2696337890625,3100.195665283203,2803.953537446244,56.954388531353935,-15.746932988289245,-33.071687799269604,17.32475481098036,2955.813459410023,2792.692028808594,2629.570598207165,0.11682020711107134,64.33708310652476,0.022298614561139265,19.008240136156832,26.92172135110297,24.69544392849198,-27642463.0,2901530.45,2941.640633126268,2613.140038767697,3538.1807073776067,2613.140038767697
2022-07-29,2911.3549076784775,2935.513002248576,2898.081253084199,2921.88525390625,2430257,2792.4941650390624,2858.96951171875,3098.7089428710938,2815.1851294900544,59.91510621070288,-4.74219778279803,-27.40578979597529,22.66359201317726,2954.977429553727,2792.4941650390624,2630.010900524398,0.11637142633914259,63.3317741780552,0.021674969642763126,18.631748291238047,30.715119867631362,23.295490902592338,-25212206.0,2870866.95,2935.513002248576,2613.140038767697,3538.1807073776067,2613.140038767697
2022-08-01,2944.096024203877,2944.096024203877,2894.541056558726,2919.1416015625,1306913,2795.691613769531,2859.1104296875,3097.351531982422,2825.0857458779064,59.584569748205304,3.714921040610079,-21.18164762865822,24.896568669268298,2965.343055685361,2795.691613769531,2626.0401718537014,0.12136634890647517,62.34771656856204,0.021358236453891035,18.39882648747064,29.954656027253442,21.972945849173602,-26519119.0,2917235.85,2944.096024203877,2613.140038767697,3538.1807073776067,2613.140038767697
2022-08-02,2911.3548721658553,2931.6192315155813,2895.116681826572,2912.94775390625,1269114,2799.406787109375,2859.71921875,3095.952889404297,2833.4535561663197,58.79598775692464,9.804437444883206,-14.984430613949932,24.78886805883314,2975.7791651703515,2799.406787109375,2623.034409048398,0.1260069660994829,60.50163322002256,0.02076989988539621,18.182541955400904,28.66375661340076,21.026019171347357,-27788233.0,2851454.75,2944.096024203877,2613.140038767697,3538.1807073776067,2613.140038767697
2022-08-03,2902.5060357089383,2963.564851704035,2899.8955933060683,2955.158203125,2895824,2803.2709716796876,2862.9082568359377,3094.926103515625,2845.044474924289,62.44384862981713,17.830909922149658,-8.421362506730015,26.25227242887967,2989.46375352262,2803.2709716796876,2617.078189836755,0.13283966032821154,60.727892161304275,0.020549793949131444,18.43848201252488,30.27464488851461,19.451417875472526,-24892409.0,2806379.1,2963.564851704035,2613.140038767697,3538.1807073776067,2613.140038767697
2022-08-04,2964.4498148906173,2997.9878323495136,2926.708473067324,2968.830078125,2150567,2806.6228759765627,2865.3239892578126,3093.81146484375,2856.8335799910233,63.56887858664607,25.006889385282193,-1.735712128327573,26.742601513609767,3001.977671693898,2806.6228759765627,2611.268080259227,0.13920986491593526,61.481568384224644,0.02070902233079438,19.126644213178935,31.76677706981247,17.840616181181378,-22741842.0,2842063.1,2997.9878323495136,2613.140038767697,3538.1807073776067,2613.140038767697
2022-08-05,2974.3603430430594,2988.341968455179,2968.8739426020506,2977.767333984375,1106933,2811.4100952148438,2867.31212890625,3092.7983984375,2868.3510803713425,64.32128587781156,31.057060208310304,4.822842339000003,26.2342178693103,3018.2744885501693,2811.4100952148438,2604.545701879518,0.1471605965187496,58.48373423750711,0.019640128887858228,19.765651970929127,31.009753553041303,17.41546238061919,-21634909.0,2850095.4,2997.9878323495136,2613.140038767697,3538.1807073776067,2613.140038767697
2022-08-08,2977.723090286633,2990.02325675371,2952.0606921831227,2986.08544921875,1068836,2823.305383300781,2867.455224609375,3091.937625732422,2879.563877404429,65.04488268888986,36.10684927401371,11.079643726002745,25.02720554801097,3041.318145960958,2823.305383300781,2605.292620640604,0.15443796051937822,57.0179364041557,0.019094542796514184,19.959497710947797,29.53501739880104,18.693493083487567,-20566073.0,2798596.25,2997.9878323495136,2613.140038767697,3538.1807073776067,2613.140038767697
2022-08-10,2995.4219343929344,2995.4219343929344,2951.176410989789,2968.2109375,1878359,2835.591101074219,2867.4332421875,3091.3215625,2888.0064545563882,62.128963418895076,38.22587567813753,16.508890116429704,21.716985561707823,3057.1601654373744,2835.591101074219,2614.0220367110633,0.15627716159725402,56.105621189797816,0.018902167794399825,20.221874649595435,28.5586388631738,17.640500317124886,-22444432.0,2503308.05,2997.9878323495136,2613.140038767697,3538.1807073776067,2613.140038767697
2022-08-11,3008.6947446813365,3034.0916247588166,2986.6162779251963,3028.605224609375,1449248,2852.924267578125,2868.7806396484375,3091.1547119140623,2901.3968136090534,67.44014531029643,44.268236924530356,22.060759478049835,22.20747744648052,3077.913979078688,2852.924267578125,2627.9345560775623,0.15772568101960785,56.80384019472773,0.018755775672959885,21.027055989599486,31.055334099546553,16.17911988869716,-20995184.0,2410485.25,3034.0916247588166,2613.140038767697,3538.1807073776067,2613.140038767697
2022-08-12,3025.508291795108,3025.508291795108,2992.102928234048,3010.066650390625,1472354,2870.74638671875,2868.560498046875,3090.920987548828,2911.746321873965,64.45210637823732,47.018938682180305,27.05239531887593,19.966543363304375,3086.0241288419265,2870.74638671875,2655.468644595573,0.1499803278472385,55.353729921913406,0.018389536296390643,21.774724376746104,29.592545837664304,15.417040608374188,-22467538.0,2289771.15,3034.0916247588166,2613.140038767697,3538.1807073776067,2613.140038767697
2022-08-16,3018.429254447469,3021.8362457691064,2997.633860873879,3002.2353515625,839942,2888.3605346679688,2867.8810107421873,3090.6933935546876,2920.3643247014447,63.17866100098447,48.01349954097668,31.244616163296083,16.7688833776806,3085.3664874388587,2888.3605346679688,2691.354581897079,0.13641368548441046,53.12863384857871,0.017696358755128292,22.468987879096534,28.62964002571406,14.91538866918949,-23307480.0,2125143.45,3034.0916247588166,2667.385305641953,3538.1807073776067,2613.140038767697
2022-08-17,2995.5103784540343,3024.5795564097702,2983.121632452877,3009.6689453125,1622326,2903.2978393554686,2867.51259765625,3090.4716857910157,2928.8695266644027,63.90762877861187,48.8385447347232,34.76340187758151,14.075142857141692,3089.2149525089094,2903.2978393554686,2717.3807262020277,0.12807305584239637,52.29501171345833,0.017375669106366926,22.68130988760411,27.008445465673965,16.052975718367,-21685154.0,1938400.25,3034.0916247588166,2681.322794633056,3538.1807073776067,2613.140038767697
2022-08-18,2999.845992664048,3001.6158133086874,2975.068503639094,2992.10302734375,1430659,2916.881201171875,2867.9975830078124,3090.4601318359373,2934.8917648243405,60.84234014570607,47.52711324246184,37.31614415055758,10.21096909190426,3086.3412514152433,2916.881201171875,2747.421150928507,0.1161926307970901,51.03111385345458,0.01705526627495766,22.638582590953522,25.7004141330526,16.4027242939795,-23115813.0,1859376.8,3034.0916247588166,2740.1245756980134,3538.1807073776067,2613.140038767697
2022-08-19,2997.191098780274,3027.7205032408347,2983.253761961322,2996.0849609375,1398410,2926.6572387695314,2867.8305517578124,3090.573065185547,2940.719688263689,61.29553769785744,46.27566602674506,39.10804852579507,7.167617500949987,3090.6180376268617,2926.6572387695314,2762.696439912201,0.11204646494665366,50.562230098172996,0.01687610022993195,23.074599687677217,27.773750755403643,15.372345214514475,-21717403.0,1837656.05,3034.0916247588166,2740.1245756980134,3538.1807073776067,2613.140038767697
2022-08-22,2977.723344218881,2994.625218414386,2962.1488355557162,2968.47607421875,1536532,2934.499755859375,2866.7062353515626,3090.2038061523435,2943.3631535927425,56.419783469232115,42.565411107787895,39.79952104219364,2.765890065594256,3090.5139756403264,2934.499755859375,2778.4855360784236,0.1063310497603107,49.37465118985948,0.01663299617560637,22.842538109466126,26.410220706157634,17.670827717552218,-23253935.0,1737464.0,3034.0916247588166,2740.1245756980134,3538.1807073776067,2613.140038767697
2022-08-23,2937.858111813569,2957.2818510423613,2893.656882459739,2906.57666015625,1849256,2939.52607421875,2865.5301171875,3089.49091796875,2939.8596780273624,47.329679735498495,34.23559532176387,38.686735898107685,-4.451140576343818,3084.7688648150847,2939.52607421875,2794.2832836224156,0.09882054925125051,51.192118373370306,0.017612512711300154,21.462882256682207,23.65311189694617,25.382782545310686,-25103191.0,1693258.6,3034.0916247588166,2740.1245756980134,3538.1807073776067,2613.140038767697
2022-08-24,2913.124253838745,2927.282816433344,2876.134965851851,2880.6923828125,1691923,2943.4462158203123,2866.3128271484375,3088.613385009766,2934.224697530709,44.12794520863314,25.25439450105523,36.000267618697194,-10.745873117641963,3077.459297850986,2943.4462158203123,2809.4331337896388,0.09105862462197245,51.188956388236214,0.017769671171296332,20.532915374192818,21.964960614698164,26.016173757352625,-26795114.0,1681927.1,3034.0916247588166,2740.1245756980134,3538.1807073776067,2613.140038767697
2022-08-25,2898.9659707472765,2900.868441362344,2844.7652180890746,2847.818115234375,1946930,2947.9725341796875,2866.5978076171873,3087.4997204589845,2925.9954992167723,40.39080818820214,15.30759308827237,31.86173271261223,-16.55413962433986,3061.0026428840965,2947.9725341796875,2834.9424254752785,0.076683284795841,51.53997545145288,0.018098057307712277,20.254410705815065,20.25712526281716,28.340837500066147,-28742044.0,1676648.05,3034.0916247588166,2752.0711685384485,3538.1807073776067,2613.140038767697
2022-08-26,2862.0654111458343,2882.1528316395706,2846.579480978904,2851.35791015625,1457962,2949.448107910156,2867.02859375,3086.4295703125,2918.8871574014847,40.97050522680399,7.622446355920147,27.013875441273818,-19.39142908535367,3056.464063571756,2949.448107910156,2842.432152248556,0.07256676621947863,50.399502252111006,0.017675614160043904,19.99579922803572,19.23583708655906,26.9119989127273,-27284082.0,1642026.2,3034.0916247588166,2833.1731827603476,3538.1807073776067,2613.140038767697
2022-08-29,2765.3445191987325,2781.0073873469664,2726.4084683684146,2772.025634765625,2539173,2943.7868774414064,2867.0077392578123,3084.9498510742187,2904.900345721879,33.18210481263415,-4.814046087834868,20.64829113545208,-25.462337223286948,3073.3850653041804,2943.7868774414064,2814.1886895786324,0.08804862122044264,55.724497933234176,0.020102446829625257,21.449238259797692,16.154982428591264,38.00542965618608,-29823255.0,1645433.9,3034.0916247588166,2726.4084683684146,3538.1807073776067,2613.140038767697
2022-08-30,2791.8917236314205,2855.1628038975523,2780.4764682941245,2841.579345703125,3431525,2939.77158203125,2869.315263671875,3083.9115393066404,2898.8697742915215,43.350017543389484,-8.954431647468027,14.727746578868057,-23.682178226336084,3076.6092215698764,2939.77158203125,2802.933942492624,0.09309406239247854,57.68254587599797,0.020299466901468805,21.20535434488966,23.674541243814716,34.092802874952994,-26391730.0,1667075.9,3034.0916247588166,2726.4084683684146,3538.1807073776067,2613.140038767697
2022-09-01,2822.8639979144714,2822.8639979144714,2761.805184166478,2771.273681640625,3546935,2932.3781860351564,2869.801865234375,3082.5046350097655,2886.7177654676266,37.18953830980627,-17.70470770461725,8.241255722170996,-25.945963426788246,3087.6169687070937,2932.3781860351564,2777.139403363219,0.10587910073211557,59.26051842318719,0.021383856389133066,21.220814230702217,21.398132011517,33.06514160942711,-29938665.0,1717139.3,3034.0916247588166,2726.4084683684146,3538.1807073776067,2613.140038767697
2022-09-02,2798.9712083448303,2798.9712083448303,2761.1855826958235,2770.123046875,2052900,2925.236950683594,2868.508232421875,3080.926356201172,2875.613506554043,37.0966221083517,-24.450362571668848,1.7029320634030265,-26.153294635071873,3095.7799903372634,2925.236950683594,2754.6939110299245,0.11660117968482211,57.726597510745734,0.020839001204609887,21.243446079772703,20.397674880537643,31.59586727263542,-31991565.0,1829140.4,3034.0916247588166,2726.4084683684146,3538.1807073776067,2613.140038767697
2022-09-05,2764.1499566547036,2785.653320032453,2754.0620657083778,2772.77783203125,2147912,2916.1179321289064,2867.0735302734374,3079.2421130371094,2865.8196327899677,37.48471301025419,-29.24500545992396,-4.486655441262371,-24.758350018661588,3098.3869714066404,2916.1179321289064,2733.8488928511724,0.12500800277625868,55.85978728312641,0.020145785442249185,21.364946458546534,19.573688142476648,31.230409664071956,-29843653.0,1868329.7,3034.0916247588166,2726.4084683684146,3538.1807073776067,2613.140038767697
2022-09-06,2774.63565034719,2779.3700058534478,2748.8406070535825,2767.158203125,1936453,2906.0343383789063,2864.01103515625,3077.5162109375,2856.423306155209,36.96482348048142,-33.11650512318738,-10.212625377647374,-22.903879745540006,3097.599923319024,2906.0343383789063,2714.4687534387886,0.1318398632873555,54.05047382003632,0.019532845559388754,21.554579137147098,18.783985892164267,30.66044007908985,-31780106.0,1830934.1,3034.0916247588166,2726.4084683684146,3538.1807073776067,2613.140038767697
2022-09-07,2744.991228425112,2797.9972588948453,2744.991228425112,2787.113037109375,1291534,2896.5016235351563,2861.6247705078126,3076.041043701172,2849.822328150844,40.139659011136594,-34.18049667686864,-15.00619963749163,-19.174297039377013,3091.778896589913,2896.5016235351563,2701.2243504803996,0.1348366398057961,53.97587072358613,0.019366229501608816,21.27988151707191,19.931404390696333,28.509759203065546,-30488572.0,1820228.4,3034.0916247588166,2726.4084683684146,3538.1807073776067,2613.140038767697
2022-09-08,2805.1652737303557,2817.111561173687,2796.404749355589,2804.85546875,1346113,2887.4401245117188,2859.212080078125,3074.856745605469,2845.539770112668,42.893709597896304,-33.20923629116305,-18.646806968225917,-14.562429322937135,3082.066745214168,2887.4401245117188,2692.8135038092696,0.13480911278488347,52.26320310506653,0.01863311806520923,20.577172695281423,21.726600130167046,27.34088068227537,-29142459.0,1829458.45,3034.0916247588166,2726.4084683684146,3538.1807073776067,2613.140038767697
2022-09-09,2827.2884110725345,2861.3574576535334,2803.838288101197,2847.33154296875,1561185,2881.3961547851563,2857.588017578125,3073.9605261230467,2845.7104151465805,48.949223340454644,-28.681419683303375,-20.65372951124141,-8.027690172061966,3073.0999837045424,2881.3961547851563,2689.6923258657703,0.13306315315304498,52.63862927987151,0.01848700387907346,19.222782493872202,26.034807259657104,25.206890095095716,-27581274.0,1843322.3,3034.0916247588166,2726.4084683684146,3538.1807073776067,2613.140038767697
2022-09-12,2867.020950932398,2893.4798999711134,2853.8358731602502,2869.719970703125,1785928,2873.4518920898436,2856.89978515625,3073.1506506347655,2847.997039485299,51.84756265175649,-23.021159790263482,-21.127215567045823,-1.8939442232176589,3052.870612937213,2873.4518920898436,2694.033171242474,0.1248802677652483,52.175038402906644,0.01818122985363027,18.554884280803897,28.78760234739337,23.614370816808844,-25795346.0,1827463.6,3027.7205032408347,2726.4084683684146,3538.1807073776067,2613.140038767697
2022-09-13,2887.8606158067237,2887.8606158067237,2853.835856325097,2857.685302734375,1972678,2865.8328247070312,2856.3839111328125,3072.3722729492188,2848.9197312233064,50.19778054161632,-19.28416432980157,-20.758605319596974,1.4744409897954043,3033.9871445154627,2865.8328247070312,2697.6785048986,0.11735110182194351,50.87858990852949,0.017804126248557296,17.934692711228625,27.41249229523122,22.486375152057782,-27768024.0,1844297.6,3027.7205032408347,2726.4084683684146,3538.1807073776067,2613.140038767697
2022-09-14,2774.193456883954,2779.8567957058763,2755.433403988491,2761.273681640625,5090269,2853.7847412109377,2853.0925341796874,3071.100460205078,2840.572488405908,39.385553555501524,-23.827511855952253,-21.372386626868032,-2.4551252290842207,3015.527261964655,2853.7847412109377,2692.0422204572205,0.1133529928995874,54.54811196834052,0.01975469231138671,17.750969314236578,23.742102870189417,32.36097471765015,-32858293.0,1869313.8,3027.7205032408347,2726.4084683684146,3538.1807073776067,2613.140038767697
2022-09-15,2769.769151120317,2776.627205727724,2743.221842962614,2747.0712890625,2138023,2840.6548583984377,2850.930107421875,3069.7534753417967,2831.6676122779645,38.08420873775192,-28.248530415653477,-22.74761538462512,-5.500915031028356,2991.944788285722,2840.6548583984377,2689.3649285111533,0.10651764288786687,53.037915596681174,0.019307076524680056,17.760407728331266,22.673980794200908,32.54968877402127,-34996316.0,2081830.15,3027.7205032408347,2726.4084683684146,3538.1807073776067,2613.140038767697
2022-09-16,2721.9841963836157,2738.2223874832284,2654.7310107772587,2662.4296875,5322221,2824.17119140625,2847.4058154296877,3067.7419641113283,2815.5497146800635,31.42101189955804,-38.14240741281901,-25.8265737902639,-12.315833622555111,2977.6877394010544,2824.17119140625,2670.6546434114452,0.10871617730677545,55.84522721729261,0.020975287151988913,18.875272658544294,19.99601604783387,40.02370758102019,-40318537.0,2107615.0,3027.7205032408347,2654.7310107772587,3538.1807073776067,2613.140038767697
2022-09-19,2686.5871299814244,2691.896590712613,2643.9345053160446,2680.2158203125,2072220,2808.377734375,2843.4526416015624,3065.700584716797,2802.6607723593434,34.03285877429704,-44.040512329683224,-29.469361498147766,-14.571150831535459,2952.611427771202,2808.377734375,2664.1440409787974,0.10271673331600557,55.28214565866946,0.020626005279016608,20.025579545613017,18.75685256094755,38.938405052175035,-38246317.0,2302193.1,2994.625218414386,2643.9345053160446,3538.1807073776067,2613.140038767697
2022-09-20,2698.976653867412,2725.4796764894973,2681.2784463010685,2690.39306640625,1544295,2794.473583984375,2839.2246630859377,3063.497215576172,2791.9686098876205,35.54552511194203,-47.347788432799916,-33.04504688507819,-14.302741547721723,2927.469213271072,2794.473583984375,2661.4779546976783,0.09518474609952904,54.56655355283573,0.020282000512930318,20.371336184243766,22.041571519010965,36.63125867863595,-36702022.0,2335883.6,2957.2818510423613,2643.9345053160446,3538.1807073776067,2613.140038767697
2022-09-21,2679.5083636387303,2691.3660751321318,2653.093705010806,2655.792724609375,2253818,2781.9343872070312,2834.70005859375,3060.835986328125,2778.999477956359,32.79241444639638,-52.15952445826497,-36.867942399715545,-15.291582058549423,2917.551376555858,2781.9343872070312,2646.3173978582045,0.09749833782742928,53.40268330772788,0.02010800120539624,21.032771081738055,20.913239796199274,38.52590536668581,-38955840.0,2336271.75,2927.282816433344,2643.9345053160446,3538.1807073776067,2613.140038767697
2022-09-22,2645.881700493006,2681.2338224800474,2636.413203836875,2661.279052734375,2017983,2770.963720703125,2832.9620458984373,3058.2129089355467,2767.7880088875986,33.66969160837644,-54.8973367707149,-40.47382127391542,-14.423515496799482,2908.3371508634755,2770.963720703125,2633.5902905427747,0.09915209580982332,52.78967868883107,0.019836205690114097,21.842246501532383,19.64493945418971,38.44647317952327,-36937857.0,2356499.85,2900.868441362344,2636.413203836875,3538.1807073776067,2613.140038767697
2022-09-23,2658.2706625916117,2674.6415038891964,2636.1479040813615,2638.846923828125,2652374,2760.5151611328124,2831.289052734375,3055.9329638671875,2755.5079055486012,31.83965299609592,-58.20619331833859,-44.02029568280006,-14.185897635538531,2904.5443933643037,2760.5151611328124,2616.485928901321,0.1043495317536217,51.768530197331344,0.01961786025929527,22.597115053298385,18.601552622851635,36.44109990475607,-39590231.0,2372802.85,2893.4798999711134,2636.1479040813615,3538.1807073776067,2613.140038767697
2022-09-26,2619.202153055586,2677.606239883684,2589.3364268366727,2649.775634765625,2925489,2750.4360473632814,2830.6457275390626,3053.4971899414063,2745.438165474032,33.72949088597291,-59.2634778513102,-47.06893211650209,-12.19454573480811,2895.8328600162954,2750.4360473632814,2605.0392347102675,0.10572637221825194,54.375764686594195,0.020520893910100348,23.839709188851508,16.444662663474904,38.36488059887536,-36664742.0,2408075.05,2893.4798999711134,2589.3364268366727,3538.1807073776067,2589.3364268366727
2022-09-27,2663.049036122566,2676.8537235602644,2633.493117790197,2670.172607421875,2227447,2745.343395996094,2830.9766943359373,3050.977869873047,2738.270017088112,37.22767323461237,-57.789358480332794,-49.21301738926823,-8.576341091064563,2894.446429631463,2745.343395996094,2596.2403623607247,0.10862250154412477,53.58896762112798,0.020069476958970676,24.99354660043655,15.494239781375736,36.14757391789608,-34437295.0,2481451.4,2893.4798999711134,2589.3364268366727,3538.1807073776067,2589.3364268366727
2022-09-28,2637.0324212069113,2698.931847080091,2637.0324212069113,2686.277587890625,2739767,2737.5783081054688,2831.7031982421877,3048.6491247558592,2733.318357164542,39.92417704279155,-54.69112567672846,-50.30863904676028,-4.382486629968184,2881.925149476181,2737.5783081054688,2593.2314667347564,0.10545586290140287,54.182571781988806,0.020170131346900443,25.486797032004553,17.14043043444422,33.19787204007634,-31697528.0,2465865.1,2893.4798999711134,2589.3364268366727,3538.1807073776067,2589.3364268366727
2022-09-29,2702.5159210262555,2704.1530914163895,2645.881664658973,2652.341552734375,2493902,2731.631701660156,2830.531572265625,3045.997333984375,2725.606280552145,36.378023824667835,-54.34762271569434,-51.11643578054709,-3.2311869351472495,2879.687594330944,2731.631701660156,2583.575808989368,0.10840106488792525,54.474632851662214,0.020538317471029608,25.808093569427143,16.515404386187114,30.661321319364713,-34191430.0,2431277.2,2893.4798999711134,2589.3364268366727,3538.1807073776067,2589.3364268366727
2022-09-30,2646.63385311136,2672.1633836724513,2610.573761166664,2658.757080078125,2817353,2726.0634033203123,2829.297998046875,3043.4964208984375,2719.23969003081,37.50808332573846,-52.94737037731193,-51.48262269990006,-1.4647476774118644,2876.271089314716,2726.0634033203123,2575.8557173259087,0.11020116833045956,54.98284639838543,0.020679905964470367,26.584452671509325,15.193982487871518,32.79493629622307,-31374077.0,2378625.55,2893.4798999711134,2589.3364268366727,3538.1807073776067,2589.3364268366727
2022-10-03,2650.306723058508,2673.0488777740657,2631.723604132221,2641.413330078125,1763331,2719.4951782226562,2826.11498046875,3040.8468713378907,2711.8276557496015,35.66384255799312,-52.630464751772706,-51.71219111027459,-0.9182736414981179,2872.421506950196,2719.4951782226562,2566.5688494951164,0.11246670334417422,54.007305487203936,0.020446366675073366,27.280220043490388,14.48065825860585,31.0025072055362,-33137408.0,2416848.2,2893.4798999711134,2589.3364268366727,3538.1807073776067,2589.3364268366727
2022-10-04,2681.233674530913,2741.4518581351913,2675.083591718103,2735.39013671875,2145875,2717.906774902344,2824.5902685546876,3038.901086425781,2714.071701556187,50.0075015007815,-44.285674176364864,-50.226887723492645,5.941213547127781,2869.4737471298117,2717.906774902344,2566.339802674876,0.11153213467589504,57.29524995647982,0.020945915241622027,26.208441658041817,21.202325291237734,27.136012177867837,-30991533.0,2397619.15,2893.4798999711134,2589.3364268366727,3538.1807073776067,2589.3364268366727
2022-10-06,2752.956236181768,2764.4600713056393,2736.5411051618826,2744.94775390625,1790816,2715.7985107421873,2823.3682177734377,3036.9538623046874,2717.012277970479,51.199143784223125,-36.48062179405042,-47.4776345376042,10.997012743553782,2864.604120591045,2715.7985107421873,2566.9929008933295,0.10958516197741888,55.27915600150907,0.020138509347889418,24.73151185034622,23.37890274902643,26.116715425039967,-29200717.0,2408090.25,2893.4798999711134,2589.3364268366727,3538.1807073776067,2589.3364268366727
2022-10-07,2740.92120721209,2747.6466122290967,2706.1444036015023,2712.16162109375,1939879,2711.163818359375,2821.5656591796874,3034.8306713867187,2716.550310648886,47.0555500934526,-32.56523668418458,-44.49515496692028,11.929918282735699,2854.2498242016636,2711.163818359375,2568.0778125170864,0.10555319813088626,54.29508833194374,0.020019119771353386,23.89132964713108,22.102444089527015,28.689651109708063,-31140596.0,2433054.35,2893.4798999711134,2589.3364268366727,3538.1807073776067,2589.3364268366727
2022-10-10,2663.579909971996,2767.1144114559575,2659.1553586265277,2759.636962890625,3064063,2706.779089355469,2821.6125634765626,3033.064971923828,2720.6538013385757,52.98862714503524,-25.339306706229763,-40.66398531478218,15.324678608552418,2837.768787336797,2706.779089355469,2575.789391374141,0.09678639715849058,58.12822865319274,0.021063723031273438,23.831527807542997,19.17030720083026,30.65771007028407,-28076533.0,2462742.65,2893.4798999711134,2589.3364268366727,3538.1807073776067,2589.3364268366727
2022-10-11,2743.2220883096206,2783.0430541076635,2701.9411068493428,2716.276611328125,4730645,2699.1069213867186,2819.5011669921873,3030.857562255859,2720.236926099485,47.727949368919994,-22.84814395120793,-37.100817042067334,14.252673090859403,2806.953788535149,2699.1069213867186,2591.260054238288,0.07991300107001484,59.769208553559025,0.022004094982187708,23.41926011684967,19.215857436676085,27.686280412112207,-32807178.0,2537886.55,2887.8606158067237,2589.3364268366727,3538.1807073776067,2589.3364268366727
2022-10-12,2729.8593410684016,2751.982095675402,2709.6392729831186,2743.88525390625,1665247,2693.4169189453123,2816.6738671875,3028.6899621582033,2722.4891477953674,51.05962900210701,-18.4336017129649,-33.367373976246846,14.933772263281945,2776.3207273564835,2693.4169189453123,2610.513110534141,0.06156032348949131,58.52446670632505,0.02132905033948065,23.03644011834872,18.222800673883828,26.255480454815753,-31141931.0,2685122.4,2783.0430541076635,2589.3364268366727,3538.1807073776067,2589.3364268366727
2022-10-13,2743.8855254420205,2752.0709454566427,2701.0559547014504,2746.14208984375,2054781,2692.6603393554688,2813.15900390625,3026.3938439941408,2724.741808942833,51.33269686708562,-14.584812742541544,-29.610861729505785,15.026048986964241,2773.3190802266813,2692.6603393554688,2612.001598484256,0.059910074577411807,57.98807556695842,0.02111619634738486,22.825747286293687,17.07769331613004,25.662881693524835,-29087150.0,2669750.85,2783.0430541076635,2589.3364268366727,3538.1807073776067,2589.3364268366727
2022-10-14,2783.043198826417,2787.4677508118325,2717.559829442266,2742.469970703125,2245977,2692.4302734375,2809.6255712890625,3024.0434838867186,2726.430205300956,50.83567738754471,-11.696103677301835,-26.027910119064995,14.33180644176316,2772.490940078596,2692.4302734375,2612.3696067964042,0.05947093035681863,58.83949312428756,0.02145492703761568,21.78104023810685,19.925409522471607,23.484997151446652,-31333127.0,2517976.45,2787.4677508118325,2589.3364268366727,3538.1807073776067,2589.3364268366727
2022-10-17,2726.056468339946,2775.5178951019166,2724.9918710842394,2760.74609375,1517005,2697.34609375,2806.5815380859376,3021.6742358398437,2729.698385153246,53.261218861068116,-7.841656802764646,-22.390659455804926,14.54900265304028,2781.4082874836427,2697.34609375,2613.283900016357,0.062329557136492506,58.24567390238681,0.021097801798668873,20.810955121933358,18.690797021118833,22.02982650390185,-29816122.0,2523374.15,2787.4677508118325,2589.3364268366727,3538.1807073776067,2589.3364268366727
2022-10-18,2794.681698365406,2799.428307890609,2775.651290120685,2789.9794921875,1793722,2702.83427734375,2803.2779638671873,3019.4054321289063,2735.439442966032,56.92215792947823,-2.4004184154173345,-18.39261124772741,15.992192832310074,2795.5891792427046,2702.83427734375,2610.079375444795,0.06863528605986977,56.8482839194027,0.02037587877566457,19.35396565029713,20.786651047003595,20.95910381191226,-28022400.0,2333113.35,2799.428307890609,2589.3364268366727,3538.1807073776067,2589.3364268366727
2022-10-19,2802.6659498503886,2802.6659498503886,2760.9675327427694,2769.70654296875,1194289,2706.799951171875,2799.2954931640625,3017.0871118164064,2738.7029762996244,53.7763736292036,0.27279996651168403,-14.659529004879591,14.932328971391275,2803.774116735111,2706.799951171875,2609.825785608639,0.07165225898666971,55.766150575703875,0.02013431737642867,18.324227089178105,19.676440389667626,21.72046465114142,-29216689.0,2319188.45,2802.6659498503886,2589.3364268366727,3538.1807073776067,2589.3364268366727
2022-10-20,2754.7570931112723,2803.553112473952,2754.7570931112723,2801.15771484375,1587601,2714.0682006835937,2795.76330078125,3014.7551782226565,2744.65104663716,57.68353664578799,4.873018392906033,-10.753019525322467,15.6260379182285,2816.308158936416,2714.0682006835937,2611.8282424307713,0.0753407436313289,55.26828406048785,0.019730514910893098,17.505706933227774,18.43556859678596,21.153324281742183,-27629088.0,2301688.15,2803.553112473952,2589.3364268366727,3538.1807073776067,2589.3364268366727
2022-10-21,2801.60195093847,2803.9085424163673,2774.276130572517,2783.5029296875,1021913,2720.17939453125,2791.711650390625,3012.3148413085937,2748.351225975288,54.879289504224374,7.013286225703268,-7.1997583751173195,14.213044600820588,2823.6710357043044,2720.17939453125,2616.687753358196,0.07609177643292028,53.43715033072802,0.019197806390211822,16.736126159839152,17.752860882031467,20.315458793161376,-28651001.0,2268377.3,2803.9085424163673,2589.3364268366727,3538.1807073776067,2589.3364268366727
2022-10-24,2812.5143817126964,2819.523178997157,2799.1175675695504,2805.061767578125,260949,2728.49013671875,2788.4486669921876,3009.634869384766,2753.752229937463,57.590569912469014,10.330004089104932,-3.6938058822728697,14.023809971377801,2831.2143078886456,2728.49013671875,2625.765965548854,0.07529744732259183,52.1930859720801,0.018606751043897092,15.596473200870218,19.014660718948246,19.314001721459267,-28390052.0,2218573.8,2819.523178997157,2589.3364268366727,3538.1807073776067,2589.3364268366727
2022-10-25,2821.74139593677,2825.068398054287,2795.70197272299,2805.4169921875,2069643,2736.2722045898436,2783.98490234375,3006.6635021972656,2758.6726834850856,57.63574099541039,12.83918837725696,-0.38720703036690374,13.226395407623864,2837.5360514259996,2736.2722045898436,2635.0083577536875,0.07401591600886441,50.56261021202418,0.018023206657987203,14.576943489810482,19.009192663072692,18.512755805012578,-26320409.0,2099002.55,2825.068398054287,2610.573761166664,3538.1807073776067,2589.3364268366727
2022-10-27,2804.1746311987695,2815.974441397047,2780.7970275331877,2801.246826171875,2438421,2742.8259155273436,2779.808505859375,3003.775427246094,2762.7273637409708,56.869940186993894,14.32609515017839,2.555453405742155,11.770641744436235,2843.0909199338603,2742.8259155273436,2642.560911120827,0.07311073140946277,49.46366761572669,0.017657732675889437,13.853677236729837,18.043557148938937,19.72470401254312,-28758830.0,2056210.25,2825.068398054287,2610.573761166664,3538.1807073776067,2589.3364268366727
2022-10-28,2794.6816049676954,2819.966819488832,2790.245602420128,2806.43701171875,1355739,2748.83388671875,2775.8925390625,3001.147404785156,2766.890187357902,57.62460127895458,15.741822150933785,5.192727154780481,10.549094996153304,2849.225220395138,2748.83388671875,2648.442553042362,0.07304285221558003,48.05349257665364,0.017122597933250664,13.061408459281948,17.839857566023824,18.853290899872647,-27403091.0,2066758.95,2825.068398054287,2610.573761166664,3538.1807073776067,2589.3364268366727
2022-10-31,2838.154320749786,2838.154320749786,2819.345713992005,2832.964111328125,1919414,2757.8650146484374,2772.3584423828124,2998.4505163574217,2773.1829420217327,61.347185946822215,18.78773789357365,7.911729302539116,10.876008591034534,2854.3305505957796,2757.8650146484374,2661.399478701095,0.06995667694754039,46.88662232339525,0.016550376383488417,12.470760753274014,19.748592462061715,17.942315773536713,-25483677.0,1997557.55,2838.154320749786,2610.573761166664,3538.1807073776067,2589.3364268366727
2022-11-01,2851.90614711306,2894.580579896571,2842.1025377869346,2892.007568359375,2991060,2769.5275390625,2770.356533203125,2995.933543701172,2784.4995731015083,68.07057927863688,25.670053205615204,11.463394083154334,14.20665912246087,2871.4878751105557,2769.5275390625,2667.5672030144447,0.07363012976759901,47.93875419804175,0.0165762893301269,13.26325307726258,26.34299976065845,16.29506196515489,-22492617.0,1968833.15,2894.580579896571,2631.723604132221,3538.1807073776067,2589.3364268366727
2022-11-02,2901.145905751038,2901.145905751038,2858.6046811261917,2876.0380859375,1405955,2781.2587768554686,2767.955595703125,2993.1789807128907,2793.217526704936,64.78806835797258,29.49572554230008,15.069860374983485,14.425865167316594,2875.235750507501,2781.2587768554686,2687.281803203436,0.06757873408549507,47.55321637138492,0.016534279084793147,14.130779252748454,25.645839640331413,15.253804635499595,-23898572.0,1977518.5,2901.145905751038,2659.1553586265277,3538.1807073776067,2589.3364268366727
2022-11-03,2863.927442110941,2863.927442110941,2834.6054240597227,2845.030029296875,1422652,2786.740771484375,2765.4866748046875,2990.5144165039064,2798.152050761311,58.853521311268,29.683336381279332,17.992555576242655,11.690780805036677,2882.155815446738,2786.740771484375,2691.3257275220117,0.06847787561635288,47.1160339075558,0.016560821299731635,14.159784281001798,24.034960355017603,17.93399623636937,-25321224.0,1959649.7,2901.145905751038,2659.1553586265277,3538.1807073776067,2589.3364268366727
2022-11-04,2854.1239662115554,2856.8299710167985,2809.0097348143217,2854.478759765625,1464013,2792.217321777344,2764.444716796875,2987.7308203125,2803.5164992379123,60.054254920192754,30.245798171362367,20.443204095266598,9.802594076095769,2889.953783497189,2792.217321777344,2694.480860057499,0.07000634295731131,47.16633407147873,0.016523624115301335,13.445883243131822,22.294376428669537,20.511441450763378,-23857211.0,1923488.55,2901.145905751038,2659.1553586265277,3538.1807073776067,2589.3364268366727
2022-11-07,2864.7701427720986,2877.013551831129,2834.6941353155285,2868.93994140625,1474498,2800.0562377929687,2764.20966796875,2984.7121350097655,2809.7473032539447,61.88740296341603,31.495390437814876,22.653641363776256,8.84174907403862,2895.9838696957227,2800.0562377929687,2704.1286058902147,0.06851836088718352,46.82012567463029,0.016319660442832683,13.271785455568276,23.934197924698633,19.18717541043083,-22382713.0,1907148.4,2901.145905751038,2659.1553586265277,3538.1807073776067,2589.3364268366727
2022-11-09,2883.224020577956,2883.224020577956,2840.5051896184455,2853.281005859375,1162267,2804.7384399414063,2764.31892578125,2981.3919970703123,2813.893370168748,58.743769086532474,30.866348033856866,24.29618269779238,6.570165336064488,2901.4558123470547,2804.7384399414063,2708.021067535758,0.06896712436947872,46.527176052121725,0.016306552336266746,13.257056312723574,23.317977294286354,17.928842151559166,-23544980.0,1883879.35,2901.145905751038,2701.0559547014504,3538.1807073776067,2589.3364268366727
2022-11-10,2812.4253465751312,2861.221369938422,2812.4253465751312,2844.053955078125,1573092,2811.127307128906,2764.1728466796876,2978.1506469726564,2816.765806826784,56.909349491440075,29.285694258646345,25.294085009963176,3.9916092486831687,2900.2060506711587,2811.127307128906,2722.0485635866535,0.06337581604102559,46.68923657434808,0.016416438405109493,12.426352796941712,21.5772509692114,20.886281359735538,-25118072.0,1788789.55,2901.145905751038,2701.0559547014504,3538.1807073776067,2589.3364268366727
2022-11-11,2900.7905009872784,2964.66892949014,2887.881691906993,2941.912109375,3265394,2821.0286499023437,2767.570576171875,2975.7008227539063,2828.684502307566,68.23771790206715,35.51989868911642,27.339247745793827,8.18065094332259,2921.3257602873773,2821.0286499023437,2720.73153951731,0.07110676482389193,51.9696464198957,0.0176652613972674,13.66749695044281,32.218375046969705,17.42382303026534,-21852678.0,1630911.9,2964.66892949014,2701.0559547014504,3538.1807073776067,2589.3364268366727
2022-11-14,2949.054274975172,2971.2342860685476,2935.746268319147,2959.257080078125,1342074,2831.6843994140627,2769.924130859375,2973.7238977050783,2841.1199859047624,69.75544186657419,41.383106105954994,30.148019417826063,11.23508668812893,2942.612983499731,2831.6843994140627,2720.7558153283944,0.07834812672529595,50.79238722914605,0.01716389818616405,14.91625755572957,31.53375247395268,16.554265075545402,-20510604.0,1710919.25,2971.2342860685476,2717.559829442266,3538.1807073776067,2589.3364268366727
2022-11-15,2946.3927142420735,2963.2051195621743,2920.663901019243,2956.684326171875,1400708,2842.3951171875,2773.63234375,2971.7036462402343,2852.126113549249,69.22703774033677,45.29995085191467,33.17840570464379,12.121545147270886,2958.0645874301244,2842.3951171875,2726.7256469448757,0.0813887341300229,50.20301803727357,0.016979498823357045,15.651027824884032,29.625096227604633,17.698189076570138,-21911312.0,1675283.9,2971.2342860685476,2724.9918710842394,3538.1807073776067,2589.3364268366727
2022-11-16,2962.273543145715,2988.002356606377,2946.7919383664444,2976.8681640625,1748235,2853.201220703125,2777.76724609375,2970.05673828125,2864.0063088362253,71.07803625439561,49.462571828178625,36.43523892935076,13.027332898827865,2976.471761851271,2853.201220703125,2729.9306795549787,0.08640858573428487,49.56068948032064,0.016648600726975327,16.73038830963111,31.439410169449737,16.647025080060267,-20163077.0,1633020.45,2988.002356606377,2754.7570931112723,3538.1807073776067,2589.3364268366727
2022-11-17,2963.249327282864,2980.993335230666,2943.5091184409353,2971.234130859375,1417986,2862.263952636719,2781.7363720703124,2968.3880200195313,2874.2184823622397,69.81565676476012,51.710769980521945,39.490345139585,12.220424840936943,2992.08710180221,2862.263952636719,2732.440803471228,0.09071361084354075,48.69808428813566,0.016389850864445554,17.634720668991328,29.710856302789374,16.213275684932327,-21581063.0,1644581.95,2988.002356606377,2754.7570931112723,3538.1807073776067,2589.3364268366727
2022-11-18,2972.1217536240656,2983.4335602983065,2946.3929384434396,2966.310546875,1164540,2872.0941528320313,2785.7194189453126,2967.2235363769532,2882.989155172979,68.6678868844343,52.490117730976635,42.090299657863326,10.399818073113309,3002.1682957404255,2872.0941528320313,2742.020009923637,0.09057791004527788,47.865408400045034,0.01613634433875142,18.516437190505016,28.432739607364663,15.317087462658458,-22745603.0,1625795.15,2988.002356606377,2754.7570931112723,3538.1807073776067,2589.3364268366727
2022-11-21,2947.7233747305418,2957.659976044365,2903.806954249229,2913.12255859375,1304194,2877.6923950195314,2788.239609375,2965.6142712402343,2885.859003117814,57.64318483040344,48.25962339643593,43.32416440557785,4.935458990858081,3004.673463529644,2877.6923950195314,2750.711326509419,0.08825200965181727,48.91099298759689,0.016789885081665658,18.07929003073506,25.83743000940051,20.138126693887102,-24049797.0,1624307.7,2988.002356606377,2774.276130572517,3538.1807073776067,2589.3364268366727
2022-11-22,2910.0172918982757,2944.573703919236,2888.0590821499577,2941.02490234375,1149739,2885.568493652344,2790.962998046875,2963.9420056152344,2891.1128982821892,61.16560772539725,46.62099430645185,43.98353038575265,2.637463920699197,3007.6501477292845,2885.568493652344,2763.4868395754033,0.08461532231551258,49.45410932914555,0.016815263716310182,17.26299126268079,23.728414768114543,20.768853706124244,-22900058.0,1610137.35,2988.002356606377,2780.7970275331877,3538.1807073776067,2589.3364268366727
2022-11-23,2954.3776960130094,2954.3776960130094,2919.776876149794,2935.12548828125,1150011,2892.0716796875,2792.718876953125,2961.9579553222657,2895.304573520195,60.028944569886605,44.33526618473843,44.05387754554981,0.28138863918862,3010.095732754754,2892.0716796875,2774.047626620246,0.08161903724323114,48.393160081579104,0.016487594917080413,16.725937716932712,23.96365551594735,19.708167555083097,-24050069.0,1616528.65,2988.002356606377,2780.7970275331877,3538.1807073776067,2589.3364268366727
2022-11-24,2942.1788211585995,3010.2270599589883,2935.1256201131005,2998.870849609375,1296591,2901.7443725585936,2795.30189453125,2960.0491369628908,2905.1680283858313,67.13572550197696,47.1243084040475,44.66796371724935,2.456344686798147,3021.472559377584,2901.7443725585936,2782.0161857396033,0.08252152598364185,50.30090376701905,0.01677328110797806,17.31635231154473,29.33877649323713,17.60636726433333,-22753478.0,1660981.75,3010.2270599589883,2780.7970275331877,3538.1807073776067,2589.3364268366727
2022-11-25,3001.3990319508653,3019.4536472052473,2970.3470171361205,3007.298828125,1588981,2912.04697265625,2798.2941650390626,2958.3209680175783,2914.8947712181334,67.94715977495827,49.444743660832046,45.62331970596589,3.8214239548661553,3030.8689474585035,2912.04697265625,2793.2249978539967,0.08160718279476713,50.21559850288389,0.01669790778131366,18.02092773083222,28.601854479881716,16.37654256858217,-21164497.0,1622329.15,3019.4536472052473,2790.245602420128,3538.1807073776067,2589.3364268366727
2022-11-28,2986.3169628064943,3031.5641895156837,2985.917765891163,3012.267578125,2195437,2922.3385009765625,2803.31404296875,2956.660164794922,2924.1683718759305,68.44186784837632,51.09564315078114,46.71778439492894,4.377858755852202,3038.412359607591,2922.3385009765625,2806.264642345534,0.07943902363962282,49.88922886871509,0.01656201767432921,18.881213063850833,28.466528769108894,15.306270607305658,-18969060.0,1579857.15,3031.5641895156837,2809.0097348143217,3538.1807073776067,2589.3364268366727
2022-11-29,3001.3992017991964,3042.2104235794986,3001.3992017991964,3014.130615234375,1576028,2931.396826171875,2808.6552294921876,2955.166037597656,2932.7362045767345,68.63732636608074,51.95541473538333,47.76531046301982,4.190104272363506,3046.429559683241,2931.396826171875,2816.364092660509,0.07848322170805372,49.240799790971316,0.016336650954040494,19.860608840655225,28.32563165454669,14.400129464426746,-17393032.0,1621842.05,3042.2104235794986,2809.0097348143217,3538.1807073776067,2589.3364268366727
2022-11-30,3001.3991290916215,3029.7007368695226,2994.3015254756792,3008.3193359375,3410702,2937.2124145507814,2815.5730224609374,2953.798685302734,2939.9345980396647,67.23839762789203,51.57336261718319,48.5269208938525,3.0464417233306946,3055.408680489472,2937.2124145507814,2819.016148612091,0.08048193270132792,48.25211490546218,0.016039558809146533,20.530482995763737,26.841307340816037,14.696214791809561,-20803734.0,1604672.75,3042.2104235794986,2809.0097348143217,3538.1807073776067,2589.3364268366727
2022-12-01,3038.661769149795,3087.4577975595,3034.2257665670945,3083.598388671875,2180856,2947.5904296875,2823.640673828125,2952.732769775391,2953.6168638141608,74.49128450988725,56.691470006323925,50.15983071634679,6.531639289977136,3078.2688727328477,2947.5904296875,2816.9119866421524,0.08866797892216119,50.45828252807201,0.016363441722319978,22.069612039508524,32.01039542588165,13.049825265339647,-18622878.0,1625654.85,3087.4577975595,2809.0097348143217,3538.1807073776067,2589.3364268366727
2022-12-02,3068.0277083049227,3077.6092990888296,3028.014884688159,3051.215087890625,2411749,2957.8996826171874,2830.8571142578126,2951.4619799804686,2962.911932773824,67.56212264905281,57.472043311491234,51.62227323537568,5.849770076115554,3087.1112126939115,2957.8996826171874,2828.6881525404633,0.08736708065933872,50.82436977490374,0.016657091785043508,23.289944564650973,29.509837482692827,12.903288662649935,-21034627.0,1664399.9,3087.4577975595,2809.0097348143217,3538.1807073776067,2589.3364268366727
2022-12-05,3045.7594154734948,3051.2156120851228,3022.692201723914,3039.460205078125,1475065,2967.1487548828127,2838.5304638671873,2950.4629223632815,2970.202244421853,65.19157552159737,56.49094008335669,52.59600660497188,3.8949334783848073,3091.8270788280556,2967.1487548828127,2842.4704309375697,0.08403914616014396,49.23144410249695,0.01619743006348442,24.23783759996067,28.28860694083046,13.14155464704324,-22509692.0,1713854.75,3087.4577975595,2812.4253465751312,3538.1807073776067,2589.3364268366727
2022-12-06,3016.5264245590397,3023.535222614695,2988.0916021858316,3003.484619140625,1166999,2973.8759887695314,2845.3745751953124,2949.113914794922,2973.371994395069,58.43407989096924,52.20865075480879,52.51853543493927,-0.3098846801304802,3090.9175478675957,2973.8759887695314,2856.834429671467,0.07871314038652381,49.38409830176813,0.01644226775361287,23.992095533325738,26.186793566122482,17.1697406240914,-23676691.0,1714407.35,3087.4577975595,2812.4253465751312,3538.1807073776067,2589.3364268366727
2022-12-07,2988.3574103425613,3010.892215820277,2975.6704001996686,2999.27001953125,1167505,2981.175439453125,2852.583037109375,2947.37541015625,2975.838472979467,57.67976803885389,47.922403012836185,51.599308950518655,-3.67690593768247,3084.6449519387916,2981.175439453125,2877.7059269674583,0.06941524548763046,48.3725066816853,0.01612809329159545,23.39531279478297,24.82482390024478,18.11090505792847,-24844196.0,1699032.4,3087.4577975595,2812.4253465751312,3538.1807073776067,2589.3364268366727
2022-12-08,2980.9938652068045,2999.2702832829777,2962.761850478727,2972.60986328125,1285619,2987.603234863281,2859.0397216796873,2945.524206542969,2975.5309863415414,53.017521906611044,41.891371343052924,49.657721429025514,-7.76635008597259,3070.034341384256,2987.603234863281,2905.172128342306,0.05518209751486439,47.52507283329712,0.015987658999703922,22.464277025023346,23.462662592226962,19.057253967228327,-26129815.0,1699294.3,3087.4577975595,2887.881691906993,3538.1807073776067,2589.3364268366727
2022-12-09,2993.502940359297,2993.502940359297,2906.77910172055,2921.3291015625,1797896,2986.574084472656,2864.0628515625,2943.543280029297,2970.3689020768707,45.413653464599875,32.598036520581445,46.2457844473367,-13.647747926755258,3071.7302180124257,2986.574084472656,2901.4179509328865,0.05702596428630415,50.32498467654355,0.01722674266642083,21.504417344496893,20.574616627779427,24.65736447641697,-27927711.0,1684920.65,3087.4577975595,2888.0590821499577,3538.1807073776067,2589.3364268366727
2022-12-12,2888.281420388924,2924.2130430354455,2871.06981618164,2915.740234375,1527610,2984.3982421875,2868.6521044921874,2941.4918908691407,2965.1661718195496,44.661847342855594,24.499610584650327,41.89654967479943,-17.396939090149104,3074.3252850553545,2984.3982421875,2894.471199319645,0.06026477404834554,50.52628768920513,0.017328802852026228,21.31282879310408,19.028884454225615,27.853093646446577,-29455321.0,1611545.75,3087.4577975595,2871.06981618164,3538.1807073776067,2589.3364268366727
2022-12-13,2907.5335278353573,2960.1001591337144,2899.1939295105562,2956.240966796875,1378016,2984.37607421875,2874.7300927734377,2939.969566650391,2964.3161522935807,50.993239094663075,21.106319795741,37.73850369898775,-16.632183903246748,3074.3306476243424,2984.37607421875,2894.4215008131578,0.060283671473368605,51.26771211305892,0.017342196623642673,20.24906042922466,22.41410337055012,25.489552418553153,-28077305.0,1620822.55,3087.4577975595,2871.06981618164,3538.1807073776067,2589.3364268366727
2022-12-14,2971.0570230498492,2996.076033369137,2964.0480092678117,2985.740234375,1213311,2984.819677734375,2881.269755859375,2939.177725830078,2966.35654106324,55.02912522197317,20.560448701879068,34.302892699566016,-13.742443997686948,3074.709257685943,2984.819677734375,2894.930097782807,0.0602311627882316,50.45109457443056,0.016897348936650347,19.1139257241056,26.24344138935528,24.051981997909397,-26863994.0,1619687.95,3087.4577975595,2871.06981618164,3538.1807073776067,2589.3364268366727
2022-12-15,2979.92924725395,2985.208047200076,2926.8302077564695,2932.28662109375,1415694,2982.8723022460936,2887.0872216796874,2938.2176806640623,2963.1117867804314,47.410026197877976,15.634358908446757,30.569185941342166,-14.93482703289541,3075.5005835100947,2982.8723022460936,2890.2440209820925,0.06210676950149846,51.05530400615199,0.017411430260220687,18.193163773219933,24.080518175984146,27.276604641749046,-28279688.0,1592941.75,3087.4577975595,2871.06981618164,3538.1807073776067,2589.3364268366727
2022-12-16,2905.581435939429,2920.6638433931603,2861.3988107840464,2874.751220703125,2703680,2978.2943359375,2889.874443359375,2937.680723876953,2954.696494773069,40.85337988297502,7.00699896609558,25.856748546292852,-18.849749580197273,3082.117949313468,2978.2943359375,2874.4707225615316,0.06972018320901582,52.47191159926282,0.01825267912624067,18.416889294451444,21.75680528357134,33.55147326194837,-30983368.0,1592827.15,3087.4577975595,2861.3988107840464,3538.1807073776067,2589.3364268366727
2022-12-19,2862.9959603058865,2879.409169250931,2834.1619445916185,2840.8603515625,2120965,2974.6812255859377,2891.7926953125,2936.4522534179687,2943.854957324443,37.55841306017407,-2.535725580765302,20.178253720881223,-22.713979301646525,3091.537001346494,2974.6812255859377,2857.8254498253814,0.07856692324236432,51.955862532123504,0.018288777378144366,19.00301655429936,20.403410568797803,35.20889047306552,-33104333.0,1669784.15,3087.4577975595,2834.1619445916185,3538.1807073776067,2589.3364268366727
2022-12-20,2838.0657516058345,2882.514585783526,2806.7919322309904,2878.0341796875,1529971,2971.531689453125,2895.110146484375,2935.26302734375,2937.586311835211,42.98984724871618,-7.017888431374104,14.739025290430158,-21.75691372180426,3095.051625878532,2971.531689453125,2848.0117530277184,0.0831355336803688,53.65349046215294,0.018642409058525735,19.903248493149285,18.346560776756434,35.30326673317337,-31574362.0,1710622.7,3087.4577975595,2806.7919322309904,3538.1807073776067,2589.3364268366727
2022-12-21,2882.5140757220975,2912.723292412185,2874.529272188241,2899.85888671875,1432566,2969.768359375,2897.9145849609376,2934.2182092285157,2933.9932237288813,45.96177004991815,-8.708576275581436,10.04950497722784,-18.758081252809276,3096.2873429161496,2969.768359375,2843.24937583385,0.08520461411864202,52.549242587995145,0.01812131025708485,20.036988025010086,21.500258194990263,33.47046379964703,-30141796.0,1729634.3,3087.4577975595,2806.7919322309904,3538.1807073776067,2589.3364268366727
2022-12-22,2922.438590322109,2922.438590322109,2879.0545703851453,2892.007568359375,1384101,2964.4251953125,2901.4292041015624,2933.141809082031,2929.9945898841665,45.051904292650825,-10.560262218935804,5.927551537995112,-16.487813756930915,3094.551336897493,2964.4251953125,2834.299053727507,0.08779182000662737,51.89458382720719,0.017944138319336,19.941816306380204,21.553611080166874,31.471792149636723,-31525897.0,1743762.05,3087.4577975595,2806.7919322309904,3538.1807073776067,2589.3364268366727
2022-12-23,2854.12354868164,2898.350573122045,2854.12354868164,2864.193359375,1360281,2957.269921875,2903.8353662109375,2932.0142236328124,2923.7278060261506,41.88830024869375,-14.10946574346326,1.920148081703437,-16.0296138251667,3092.8046977847594,2957.269921875,2821.7351459652405,0.0916620934106862,51.34690101386417,0.01792717689460346,20.231771433597583,20.22754401032402,33.003667113324376,-32886178.0,1748137.55,3087.4577975595,2806.7919322309904,3538.1807073776067,2589.3364268366727
2022-12-26,2864.1935243545195,2902.9197355304514,2861.265719687228,2885.97412109375,870157,2950.9552490234373,2906.6320068359373,2931.1684643554686,2920.1322169849695,45.137211729449994,-14.991892461828684,-1.462260027002987,-13.529632434825697,3087.4171298225433,2950.9552490234373,2814.4933682243313,0.092486580976967,50.65455207310412,0.01755197723460758,20.38856497590545,19.683745474031248,31.065136959341537,-32016021.0,1736702.55,3087.4577975595,2806.7919322309904,3538.1807073776067,2589.3364268366727
2022-12-27,2900.4353900642955,2904.516598384134,2866.9879796226655,2891.82958984375,835883,2944.840197753906,2909.61919921875,2929.847678222656,2917.436728685806,46.01109238832223,-15.045301728789582,-4.178868367360306,-10.866433361429277,3080.3880226668243,2944.840197753906,2809.292372840988,0.09205784749631138,49.71698540798728,0.017192225151369853,20.49257196165145,18.851868961158416,29.390182396669175,-31180138.0,1670438.55,3087.4577975595,2806.7919322309904,3538.1807073776067,2589.3364268366727
2022-12-28,2883.224076963183,2897.6854876748585,2862.1086628505846,2889.70068359375,910795,2938.9092651367187,2912.198291015625,2928.3731286621096,2914.7952005818006,45.72591426797641,-15.085517445311325,-6.36019818295051,-8.725319262360815,3073.202459302478,2938.9092651367187,2804.6160709709593,0.09138981986196978,48.70697393772204,0.01685536990535229,20.67516446053494,17.868305439171284,28.572350416115544,-32090933.0,1633431.3,3087.4577975595,2806.7919322309904,3538.1807073776067,2589.3364268366727
2022-12-29,2866.633609062399,2902.4764224575765,2863.8832008843215,2900.03662109375,1037927,2929.7311767578126,2914.39943359375,2927.001326904297,2913.3896215829386,47.429537206601225,-14.120591525830605,-7.91227685152653,-6.208314674304075,3047.259644675942,2929.7311767578126,2812.202708839683,0.08023157131310077,47.98456305454582,0.016546192108583935,20.703812273453718,17.55495765265585,26.930901315042362,-31053006.0,1508435.95,3077.6092990888296,2806.7919322309904,3538.1807073776067,2589.3364268366727
2022-12-30,2915.385123342042,2926.874326011963,2880.0300982680355,2889.345703125,1163131,2921.6377075195314,2916.792216796875,2925.6716271972655,2911.0997245869444,45.82719937749666,-14.056513774161886,-9.141124236053601,-4.915389538108284,3026.162599087156,2921.6377075195314,2817.1128159519067,0.07155226077388378,47.90311053235881,0.01657922431384681,20.031506307240537,19.966733516697765,25.049786855144497,-32216137.0,1451289.5,3051.2156120851228,2806.7919322309904,3538.1807073776067,2589.3364268366727
2023-01-02,2893.161349898671,2898.351560396124,2870.271529569008,2893.560546875,709547,2914.342724609375,2918.6402734375,2924.1707873535156,2909.4293267096164,46.593241383384964,-13.509895364459226,-10.014878461734726,-3.4950169027244993,3004.3084017222004,2914.342724609375,2824.37704749655,0.06173994318041905,46.4871762676986,0.016065734763319198,19.62037128046718,19.105257087405494,25.468424707362725,-31506590.0,1388858.6,3023.535222614695,2806.7919322309904,3538.1807073776067,2589.3364268366727
2023-01-03,2885.175625677841,2945.5052513070204,2879.2314264729434,2937.8310546875,1245178,2911.0600463867186,2921.7268359375,2923.1065270996096,2912.1342531837004,53.95777584912231,-9.39612367535392,-9.891127504458565,0.495003829104645,2992.1267103797745,2911.0600463867186,2829.9933823936626,0.05569563162647775,47.9005083081542,0.016304718486696446,18.41521952042767,24.248642156783543,22.951466749724663,-30261412.0,1350582.7,3010.892215820277,2806.7919322309904,3538.1807073776067,2589.3364268366727
2023-01-04,2933.7058325903895,2952.026652767493,2915.5182224485047,2940.759033203125,1231668,2908.1344970703126,2924.44078125,2921.78513671875,2914.8604227093597,54.405590950779505,-5.832433909989959,-9.079388785564845,3.246954875574886,2979.952146341956,2908.1344970703126,2836.316847798669,0.04939087194487966,47.08678845178521,0.016011780604988052,17.446933302476065,23.894979538503254,21.680376171026722,-29029744.0,1354491.65,2999.2702832829777,2806.7919322309904,3538.1807073776067,2589.3364268366727
2023-01-05,2954.555264030216,2960.854474652095,2911.747836974885,2937.60986328125,1826057,2906.3844970703126,2927.084638671875,2920.3741369628906,2917.027036097159,53.7995058341464,-3.2251186299258734,-7.908534754437051,4.683416124511178,2973.376060867195,2906.3844970703126,2839.39293327343,0.04609958789995692,47.23106339645842,0.016078058555979345,16.756254788659724,23.455468678575656,20.07028209193134,-30855801.0,1357699.8,2996.076033369137,2806.7919322309904,3538.1807073776067,2589.3364268366727
2023-01-06,2927.761157790078,2929.136361654218,2839.04112270553,2849.288330078125,2488376,2902.7824584960936,2928.04546875,2918.723388671875,2910.575730762013,40.25495468456795,-8.191189151720664,-7.965065633893774,-0.2261235178268901,2973.7986334757825,2902.7824584960936,2831.7662835164047,0.04892972587169469,50.89804033783423,0.01786342217477115,16.650307696261137,20.210920513663478,27.497411987315548,-33344177.0,1384721.7,2996.076033369137,2806.7919322309904,3538.1807073776067,2589.3364268366727
2023-01-09,2864.770578993368,2951.716232985734,2857.8059680277906,2945.46142578125,2885060,2904.268518066406,2930.82595703125,2917.228038330078,2913.898177906702,53.872962368495166,-4.316710397302813,-7.235394586575582,2.918684189272769,2977.5159185330403,2904.268518066406,2831.021117599772,0.05044120404913564,54.578744807103874,0.018529777483888617,16.00228818928808,20.456731706501213,23.811384899034245,-30459117.0,1419245.7,2996.076033369137,2806.7919322309904,3538.1807073776067,2589.3364268366727
2023-01-10,2914.4538066519704,2925.9874138015825,2865.7465830992874,2915.69580078125,3864655,2902.241259765625,2932.4805908203125,2915.533669433594,2914.0693800852305,50.06907750206209,-3.6064226507096464,-6.509600199402396,2.9031775486927494,2971.7727781072235,2902.241259765625,2832.709741424026,0.047915739677144444,56.37418036959379,0.019334726329985636,15.400555789955954,18.390556402386782,21.406382177142337,-34323772.0,1487118.2,2996.076033369137,2806.7919322309904,3538.1807073776067,2589.3364268366727
2023-01-11,2918.9785546870203,2971.6781796058563,2902.165931337438,2953.224365234375,2720512,2900.6154663085936,2933.7049267578127,2913.8627868652343,2917.798426289911,54.437234251344755,-0.01509893104139337,-5.210699945730196,5.195601014688803,2963.4605049505785,2900.6154663085936,2837.7704276666086,0.04333220957548251,57.31261379093839,0.01940679294997958,14.79997553604665,22.49175736761778,19.551884220357437,-31603260.0,1611450.15,2985.208047200076,2806.7919322309904,3538.1807073776067,2589.3364268366727
2023-01-12,2953.4902075036,2972.1214163824147,2941.5574051372632,2958.23681640625,2250391,2901.912976074219,2935.3489013671874,2912.4028198242186,2921.649701539086,55.003448432825586,3.198641956267238,-3.528831565330709,6.727473521597947,2968.2921621484334,2901.912976074219,2835.5337900000045,0.04574857111257269,55.401999323382185,0.01872804740179189,14.251680682730717,21.66260388772082,18.781432384589362,-29352869.0,1686810.2,2972.1214163824147,2806.7919322309904,3538.1807073776067,2589.3364268366727
2023-01-13,2965.82207749045,2997.850097998453,2932.1972695723252,2993.902099609375,1742837,2907.8705200195313,2938.3263427734373,2911.1200854492185,2928.530882307685,58.91569989895667,8.525172172427574,-1.1180308177790528,9.643202990206627,2984.0878054816812,2907.8705200195313,2831.6532345573814,0.0524213749803674,56.13420140214971,0.018749511351581517,14.280957079235618,23.126769757265073,17.212419291040476,-27610032.0,1728545.05,2997.850097998453,2806.7919322309904,3538.1807073776067,2589.3364268366727
2023-01-16,3009.7356507110394,3042.400855240915,2992.5410942982494,3025.206298828125,1843607,2917.0878173828123,2941.7408935546873,2910.0041711425783,2937.738064833441,62.0357658808599,15.098427724790326,2.125260890734823,12.973166834055503,3002.6723065317315,2917.0878173828123,2831.503328233893,0.05867803405775069,55.68602708361514,0.018407348650961837,15.109395387120518,27.362226356785133,16.11159541931054,-25766425.0,1680502.9,3042.400855240915,2806.7919322309904,3538.1807073776067,2589.3364268366727
2023-01-17,3021.5315322541833,3068.533178172047,3013.3652308156584,3065.447998046875,1688475,2926.4585083007814,2945.6710546875,2908.9746215820314,2949.9009156156726,65.64741614999954,23.286516454493267,6.357512003486512,16.929004451006755,3031.675316405037,2926.4585083007814,2821.241700196526,0.07190726115255848,55.64902138881324,0.0181536341259971,16.284570556641345,28.77890436883211,14.97071584209941,-24077950.0,1666635.0,3068.533178172047,2839.04112270553,3538.1807073776067,2589.3364268366727
2023-01-18,3066.8999642791296,3093.168190378214,3059.8678711657676,3075.9736328125,2421189,2935.2642456054687,2950.1249072265623,2907.960881347656,2961.9078410629895,66.54394133075184,30.275964056453176,11.141202414079846,19.13476164237333,3058.1050335694827,2935.2642456054687,2812.4234576414547,0.08369998588571717,54.05268551907276,0.017572545142283933,17.728821443414354,30.767908911471523,14.311927884184811,-21656761.0,1674560.2,3093.168190378214,2839.04112270553,3538.1807073776067,2589.3364268366727
2023-01-19,3066.900147348573,3073.2517157010698,3049.6601761060806,3060.639404296875,1585044,2943.695837402344,2954.4566162109377,2906.7880627441405,2971.310847085264,63.92646888872607,34.18375846065737,15.749713623395353,18.43404483726202,3076.2667628905792,2943.695837402344,2811.1249119141085,0.0900710758250229,52.071312032454664,0.017013213630900463,18.765523071768587,29.657330240622624,15.195569383367578,-23241805.0,1723991.35,3093.168190378214,2839.04112270553,3538.1807073776067,2589.3364268366727
2023-01-20,3053.289826586188,3080.1931683946414,3044.7606657549622,3051.56591796875,1529349,2953.0644653320314,2956.6496923828126,2905.5190270996095,2978.9541871694055,62.3633220344671,36.132051366998894,19.826181172116062,16.305870194882832,3088.2940019778757,2953.0644653320314,2817.834928686187,0.09158590219305598,50.88282564725641,0.016674332790138826,19.836350169724557,29.156616579744107,14.439747347376555,-24771154.0,1734038.5,3093.168190378214,2839.04112270553,3537.043374991402,2589.3364268366727
2023-01-23,3074.1590576682065,3102.2874315724907,3044.760458713778,3098.567138671875,1067916,2963.6941162109374,2959.4358935546875,2904.290157470703,2990.3458968363075,66.8810058771322,40.99611553641034,24.06016804497492,16.935947491435424,3109.1900006957753,2963.6941162109374,2818.1982317260995,0.09818549336046421,51.357407590931864,0.016574566660170854,21.16740695409306,29.896716279519534,13.284433478349367,-23703238.0,1742491.9,3102.2874315724907,2839.04112270553,3517.2213810726757,2589.3364268366727
2023-01-24,3107.731329864083,3132.184821132738,3100.7446497194815,3117.984619140625,1387863,2975.0018676757813,2962.6618994140626,2903.418967285156,3002.501965627195,68.5600232536308,45.888772623497516,28.425888960679437,17.46288366281808,3131.161405514893,2975.0018676757813,2818.8423298366697,0.10498113600252036,50.09028436735551,0.016064955567728658,22.81633217175306,32.7268639769423,12.647595028982964,-22315375.0,1752379.85,3132.184821132738,2839.04112270553,3436.5673581650203,2589.3364268366727
2023-01-25,3108.0042533114715,3116.8056689741416,3089.5846587647607,3112.0419921875,874110,2986.118933105469,2965.3653759765625,2902.830162353516,3012.934349109129,67.43328600791111,48.72504628095476,32.4857204247345,16.239325856220255,3147.9589325713932,2986.118933105469,2824.2789336395444,0.10839487849709718,48.540975510820424,0.015597789371955183,23.972461703941804,31.35918053249077,13.761246050965239,-23189485.0,1779978.85,3132.184821132738,2839.04112270553,3403.6920341574723,2589.3364268366727
2023-01-27,3108.6390657488755,3126.7864041362013,3068.9871756775947,3095.073974609375,1785879,2995.87080078125,2967.8421728515623,2902.149942626953,3020.757170585343,64.18949423011648,49.03835277237749,35.796246894263106,13.242105878114387,3159.2843775122947,2995.87080078125,2832.4572240502057,0.10909253943022523,49.20227929280515,0.015896963916351918,24.37620406300554,28.727861609401238,15.596757568077656,-24975364.0,1778144.6,3132.184821132738,2839.04112270553,3403.6920341574723,2589.3364268366727
2023-01-30,3103.1950956433448,3138.083311989628,3071.9363472451823,3115.58056640625,1953798,3007.1825439453123,2970.8275732421876,2901.5251330566407,3029.7879701873344,66.29940129415901,50.36083267085087,38.70916404958066,11.651668621270211,3170.8552088513893,3007.1825439453123,2843.5098790392353,0.10885449254526763,50.412613967922326,0.016180808967515198,24.943730704826816,27.63605710840864,14.134994483998632,-23021566.0,1815542.2,3138.083311989628,2839.04112270553,3403.6920341574723,2589.3364268366727
2023-01-31,3129.5082689944597,3129.5082689944597,3040.5863175994305,3047.572998046875,2820375,3014.883166503906,2973.51658203125,2900.5835144042967,3031.4817823644335,54.77356770657375,45.39794585413938,40.046920410492405,5.351025443646975,3170.7543601195116,3014.883166503906,2859.0119728883005,0.10340115023187157,53.163280927001395,0.01744446514031743,24.499550566192767,24.33429898285672,16.658341478594483,-25841941.0,1855075.55,3138.083311989628,2839.04112270553,3403.6920341574723,2589.3364268366727
2023-02-01,3051.475087320733,3102.287637094733,3044.216151638733,3092.624267578125,2205161,3022.6228271484374,2976.5485693359374,2899.9949304199217,3037.3048761943087,59.763732577704616,44.58612217568589,40.954760763531105,3.6313614121547815,3177.7922499860433,3022.6228271484374,2867.4534043108315,0.10267203796908646,53.513866964786985,0.01730370789811282,24.087097580318293,22.448100441358292,15.367121237450762,-23636780.0,1960616.95,3138.083311989628,2839.04112270553,3403.6920341574723,2589.3364268366727
2023-02-02,3109.5460876470793,3147.655494032016,3103.2853452081667,3139.85205078125,1813847,3032.5774780273437,2980.6431005859376,2900.2294201660156,3047.0712737740178,64.22061016236287,47.20943251588551,42.20569511400199,5.0037374018835195,3190.9737264366972,3032.5774780273437,2874.18122961799,0.10446311730336301,53.62224978543728,0.017077954285169308,24.557999870759865,26.845847389540832,14.240627861305061,-21822933.0,2008616.1,3147.655494032016,2839.04112270553,3403.6920341574723,2589.3364268366727
2023-02-03,3179.413449194556,3179.413449194556,3133.0469144504245,3159.7236328125,1804469,3043.6831665039062,2983.86015625,2900.80939453125,3057.800069872921,65.93061327901489,50.31193083601738,43.82694225840507,6.484988577612313,3205.0073296327464,3043.6831665039062,2882.359003375066,0.10600588451796276,53.10398442534402,0.016806528227304378,25.48949630652975,29.44324006224797,13.352493580106374,-20018464.0,2037725.05,3179.413449194556,2839.04112270553,3403.6920341574723,2589.3364268366727
2023-02-06,3151.4212906880075,3151.4212906880075,3118.4840491186737,3139.444091796875,1138714,3058.190954589844,2986.5030615234373,2900.9158227539065,3065.5756910085356,62.64036541870062,50.551566637313044,45.17186713418667,5.379699503126375,3197.6891353142737,3058.190954589844,2918.692773865414,0.09122921543866705,52.256527230235605,0.016645152995964436,25.89275008438041,27.783533573177284,14.59039123705073,-21157178.0,2036645.65,3179.413449194556,2857.8059680277906,3403.6920341574723,2589.3364268366727
2023-02-07,3147.5651749297117,3169.4328073868965,3140.759922695128,3150.877197265625,1455647,3068.4617431640627,2989.27525390625,2900.7644689941408,3073.699643985401,63.73904611999372,51.075271856492236,46.352548078647786,4.72272377784445,3203.4222730121223,3068.4617431640627,2933.501213316003,0.08796624572473521,50.66596925593459,0.016079956813265597,26.55685450852841,29.148156468827015,13.97354003977241,-19701531.0,1969162.55,3179.413449194556,2865.7465830992874,3403.6920341574723,2589.3364268366727
2023-02-08,3155.867395499648,3211.987903653968,3155.867395499648,3194.022216796875,1986946,3082.378063964844,2992.8730859375,2900.8994140625,3085.1589366341127,67.61010327107876,54.34529577308285,47.9510976175348,6.394198155548054,3208.5735019002323,3082.378063964844,2956.1826260294556,0.08188186868489708,51.412021908249464,0.016096325704273908,27.776742327822824,32.58571432167255,12.787140340578897,-17714585.0,1897691.9,3211.987903653968,2902.165931337438,3378.7942723116603,2589.3364268366727
2023-02-09,3189.3945752566206,3218.9748240809963,3180.5931608475644,3212.85009765625,1655427,3095.3593505859376,2996.963701171875,2901.4105676269533,3097.319999588602,69.15747866821175,57.78989992702191,49.91885807943222,7.871041847589687,3219.132078124397,3095.3593505859376,2971.586623047478,0.07997309101770683,50.48128200290535,0.01571230541995441,29.00016629093145,31.804658384117833,12.092693812510925,-16059158.0,1803806.45,3218.9748240809963,2932.1972695723252,3378.7942723116603,2589.3364268366727
2023-02-10,3193.9311370994983,3214.210873696519,3183.178751905758,3209.85546875,1187821,3107.940283203125,2999.4888427734377,2901.915078125,3108.037663318259,68.59615654258215,59.59120173115389,51.85332680977656,7.737874921377326,3224.3358284752353,3107.940283203125,2991.544737931015,0.07490204744355634,49.092056273466454,0.01529416409910324,30.136202828103748,30.368630254504694,11.546690511112908,-17246979.0,1750552.2,3218.9748240809963,2932.1972695723252,3378.7942723116603,2589.3364268366727
2023-02-13,3220.2451782155104,3220.2451782155104,3151.6481508979105,3159.814453125,1087939,3116.2359008789062,3001.660830078125,2902.104072265625,3112.9687861569964,59.853729569914535,56.331500169078936,52.74896148163704,3.5825386874418967,3222.1127080948622,3116.2359008789062,3010.3590936629503,0.06795172803579753,50.48526849090456,0.015977288932574992,30.099734532969297,27.421238978032402,14.887115389979762,-18334918.0,1697423.7,3220.2451782155104,2992.5410942982494,3378.7942723116603,2589.3364268366727
2023-02-14,3180.320764752124,3198.3320850826603,3171.2470963790797,3175.874755859375,1579818,3123.769323730469,3004.38912109375,2902.272110595703,3118.9598308905565,61.54755438955015,54.41681226684386,53.08253163867841,1.3342806281654518,3223.9540001115097,3123.769323730469,3023.584647349428,0.06414345362825849,49.630437309958545,0.01562732825606305,30.065871116058734,25.90114473168662,14.061849308198298,-16755100.0,1664678.8,3220.2451782155104,3013.3652308156584,3378.7942723116603,2589.3364268366727
2023-02-15,3163.987948544657,3199.3752528157324,3139.6250619941484,3194.520751953125,1429449,3130.2229614257812,3008.20984375,2902.698192138672,3126.156109086992,63.47435900360417,53.78399593762106,53.22282449846695,0.5611714391541085,3231.1746782847567,3130.2229614257812,3029.2712445668058,0.064501294702019,50.35327684650322,0.01576238840073814,29.02293597005529,23.705801240461277,17.355726666117,-15325651.0,1651489.35,3220.2451782155104,3040.5863175994305,3378.7942723116603,2589.3364268366727
2023-02-16,3200.464672141428,3243.8368567974812,3200.2832430558647,3228.45703125,1618931,3137.847131347656,3012.793583984375,2903.3128063964846,3135.8990540548975,66.74089596468119,55.38244421689751,53.654748442153064,1.727695774744447,3244.149181340266,3137.847131347656,3031.5450813550465,0.0677547665918031,50.27919313206415,0.015573753234249166,28.911548658085767,28.36135188340983,16.139778019316424,-13706720.0,1638538.05,3243.8368567974812,3040.5863175994305,3378.7942723116603,2589.3364268366727
2023-02-17,3199.5115640731206,3211.0804915355684,3166.7103407014015,3176.827392578125,1061369,3143.656530761719,3016.8779345703124,2903.9438891601562,3139.79699105711,58.21150363110282,51.88504711467749,53.30080817665795,-1.4157610619804615,3245.0311571544803,3143.656530761719,3042.2819043689574,0.06449472160891447,51.09830009038804,0.016084695130042834,27.866000042123467,25.91338168928389,19.439737330778893,-14768089.0,1598425.15,3243.8368567974812,3040.5863175994305,3378.7942723116603,2589.3364268366727
2023-02-20,3177.5987465959242,3195.746083812349,3153.145254001815,3164.260498046875,1296082,3149.291259765625,3021.7365625,2904.364637451172,3142.1268488656588,56.324650350454355,47.55115127865429,52.15087679705722,-4.599725518402934,3241.695711461105,3149.291259765625,3056.886808070145,0.05868269656478639,50.491337927541316,0.01595675765592209,26.543445665015536,24.35168303466259,20.187191887279678,-16064171.0,1572241.4,3243.8368567974812,3040.5863175994305,3378.7942723116603,2589.3364268366727
2023-02-21,3170.340019763293,3183.859698266715,3125.6521989352045,3131.3232421875,1139541,3150.929064941406,3026.04822265625,2904.9748742675783,3141.097933943929,51.60345251489187,40.9862819792711,49.9179578335,-8.9316758542289,3240.8058456411945,3150.929064941406,3061.0522842416176,0.0570477969179289,51.042492313539114,0.016300614266153347,24.651010681265063,22.368110819051815,22.390201683659466,-17203712.0,1560578.05,3243.8368567974812,3040.5863175994305,3362.5759539750275,2589.3364268366727
2023-02-22,3098.6124850134906,3127.6936378456253,3080.5105600481284,3086.453857421875,1218430,3149.3525268554686,3028.65248046875,2905.3059729003908,3135.8937361799244,45.95263249118369,31.79646158415744,46.29365858363148,-14.497196999474042,3242.5310490305146,3149.3525268554686,3056.1740046804225,0.059173129321335095,51.02607730109858,0.01653226636724154,23.835716174848912,20.77707042051783,27.116717258928592,-18422142.0,1564159.3,3243.8368567974812,3040.5863175994305,3362.5759539750275,2589.3364268366727
2023-02-23,3104.101844356599,3132.593073464419,3092.306075874683,3097.56884765625,1441570,3148.628869628906,3030.889052734375,2905.7204797363283,3132.243746796717,47.48670415140452,25.120772899170333,42.059081446739256,-16.938308547568923,3243.170061510746,3148.628869628906,3054.087677747066,0.060052293106861124,50.67701578263039,0.016360254856312473,22.95581557895009,20.116452285754004,25.353246529288782,-16980572.0,1555687.65,3243.8368567974812,3040.5863175994305,3362.5759539750275,2589.3364268366727
2023-02-24,3105.463295514014,3115.852602482513,3068.987189496275,3085.455810546875,977592,3148.1479614257814,3033.9524365234374,2906.1916760253907,3127.7877528681606,45.955827028017794,18.63797369965323,37.374859897322054,-18.736886197668824,3243.8644887044356,3148.1479614257814,3052.431434147127,0.06080815034837476,50.40475844003093,0.01633624382748721,22.59522874168185,18.780459027850636,26.973981079103865,-17958164.0,1584060.65,3243.8368567974812,3040.5863175994305,3362.5759539750275,2589.3364268366727
2023-02-27,3075.9742418586943,3075.9742418586943,3008.8290814169413,3023.2109375,1128022,3143.5294799804688,3036.921630859375,2906.366337890625,3117.828056166431,38.99837749076234,8.38105597891672,31.57609911364099,-23.19504313472427,3253.0103324463566,3143.5294799804688,3034.048627514581,0.06965473246751172,52.277756346452556,0.017292129933111078,23.240346891622586,16.814196445285344,32.36945099950784,-19086186.0,1543646.3,3243.8368567974812,3008.8290814169413,3362.5759539750275,2589.3364268366727
2023-02-28,3020.170662055617,3077.788458973307,2994.2198806605948,3005.970458984375,4116217,3141.449353027344,3040.2238330078126,2906.4273986816406,3107.174951672902,37.31336060364785,-1.1258101052872007,25.035717269855354,-26.161527375142555,3259.3972945547803,3141.449353027344,3023.5014114999076,0.07509141690523997,54.51281505832826,0.018134847232246742,24.04389981885325,14.973032398551338,30.739232852210094,-23202403.0,1502357.5,3243.8368567974812,2994.2198806605948,3362.5759539750275,2589.3364268366727
2023-03-01,3015.180401659178,3075.066620891651,3007.921465994636,3072.072265625,1669307,3140.4217529296875,3044.1045947265625,2906.985975341797,3103.831838715959,46.803813091983294,-3.2883011218041247,19.37091359152346,-22.659214713327586,3260.3940468986643,3140.4217529296875,3020.4494589607107,0.076405211406433,55.55448269039595,0.018083716100048716,24.790056108424583,13.642833619223712,28.00837053059824,-21533096.0,1567149.6,3243.8368567974812,2994.2198806605948,3362.5759539750275,2589.3364268366727
2023-03-02,3049.660333125586,3057.735810408069,3010.643554094226,3013.77392578125,1556538,3134.1178466796873,3046.3828955078125,2906.925183105469,3095.254894626939,40.919807761694464,-9.59566676476652,13.577597520265465,-23.173264285031983,3266.187009985587,3134.1178466796873,3002.0486833737878,0.0842783646095598,55.97407046470866,0.018572750260356274,25.482915520169392,12.57338219555574,25.812815518011874,-23089634.0,1540356.9,3243.8368567974812,2994.2198806605948,3362.5759539750275,2589.3364268366727
2023-03-03,3043.3085385632116,3046.938006110693,3022.5299254639276,3032.55615234375,1043190,3127.75947265625,3049.1938671875,2906.970573730469,3089.283585838064,43.3890725413512,-12.92968540011043,8.276140936190286,-21.205826336300717,3266.3681755215994,3127.75947265625,2989.150769790901,0.08863130562123163,54.34478545504683,0.017920454799508254,26.126284973932428,12.025314554508135,24.687647389840738,-22046444.0,1527491.45,3243.8368567974812,2994.2198806605948,3362.5759539750275,2589.3364268366727
2023-03-06,3050.4766492061635,3089.5388380017994,3047.845373843557,3059.505126953125,1334132,3123.7625244140627,3053.1001025390624,2907.9697424316405,3086.4475421347365,46.82328471433505,-13.244685668078091,3.9719756153366106,-17.2166612834147,3265.3707699564466,3123.7625244140627,2982.154278871679,0.09066517985002458,54.53320689811844,0.017824192029521627,25.368464676159924,16.707715128464358,22.84503686882599,-20712312.0,1489427.5,3243.8368567974812,2994.2198806605948,3362.5759539750275,2589.3364268366727
2023-03-08,3052.38227221018,3081.418013206234,3022.30314788213,3076.336669921875,1844590,3120.035498046875,3056.907353515625,2908.9169689941405,3085.4846019239876,48.907997114257626,-11.997856972619047,0.7780090977454792,-12.775866070364525,3262.514035172713,3120.035498046875,2977.556960921037,0.09133135646375105,54.860468214260266,0.017833050833039505,25.168575146353625,15.421758797740209,24.41231337111877,-18867722.0,1499198.4,3243.8368567974812,2994.2198806605948,3362.5759539750275,2589.3364268366727
2023-03-09,3071.437189533484,3071.437189533484,3022.303356780692,3027.74755859375,1648500,3111.7217651367187,3059.625712890625,2909.4952282714844,3079.9858358925367,43.594766053761,-14.760323633718144,-2.3296574485472457,-12.4306661851709,3255.361128701642,3111.7217651367187,2968.0824015717953,0.09232146985263143,54.80138570904047,0.018099720881120353,24.982963440104918,14.335643506096318,22.69301616225178,-20516222.0,1518645.55,3243.8368567974812,2994.2198806605948,3362.5759539750275,2589.3364268366727
2023-03-10,3006.0150506886516,3028.1095184353653,2985.236441876501,3022.4384765625,1024404,3102.2011840820314,3062.28046875,2910.1948791503905,3074.5051350039616,43.04451384432586,-17.17995706432339,-5.299717371702474,-11.880239692620915,3242.979783687763,3102.2011840820314,2961.4225844763,0.09076045765702913,53.94936362688503,0.017849615151883283,25.491998276849262,13.521900104296527,26.312510824016147,-21540626.0,1501723.25,3243.8368567974812,2985.236441876501,3362.5759539750275,2589.3364268366727
2023-03-13,3024.2534916844747,3057.644633647456,2968.9041178492653,2977.932373046875,1901233,3090.605029296875,3063.8383837890624,2911.1060095214843,3065.307729103287,38.641352642261495,-22.430242715595796,-8.725822440481139,-13.704420275114657,3232.207957802928,3090.605029296875,2949.0021007908217,0.09163443867058506,56.43444592483544,0.01895088230868536,25.062454611470876,15.741379338306182,23.35714028720072,-23441859.0,1470172.1,3243.8368567974812,2968.9041178492653,3362.5759539750275,2589.3364268366727
2023-03-14,2976.1634210899015,2998.3030847586924,2912.1032295746863,2917.13916015625,2670334,3078.4712646484377,3064.3942529296874,2911.4514880371094,3051.1964368226168,33.58727656808213,-31.137700106407465,-13.208197973666405,-17.92950213274106,3235.068100712692,3078.4712646484377,2921.8744285841835,0.10173675347405756,58.560546586204765,0.020074649638266863,25.61425842498377,14.086310112083503,27.829564776456298,-26112193.0,1505842.7,3243.8368567974812,2912.1032295746863,3362.5759539750275,2589.3364268366727
2023-03-15,2948.942465572347,2958.333801726604,2896.3151846482865,2902.575927734375,1780522,3064.8063232421873,3064.574560546875,2911.572565917969,3037.0421026237364,32.49095172651005,-38.76667586099484,-18.31989355113209,-20.446782309862748,3232.335402689301,3064.8063232421873,2897.2772437950734,0.10932441516884418,58.807551621355685,0.020260469695019594,26.35298135990166,13.025205532336576,27.650838181182653,-27892715.0,1584962.45,3243.8368567974812,2896.3151846482865,3362.5759539750275,2589.3364268366727
2023-03-16,2910.8328161793565,2921.539789172319,2878.167610012755,2889.96337890625,1901060,3049.5784545898437,3063.61720703125,2911.1277294921874,3023.0346051268325,31.53103737012981,-45.3081373887876,-23.71754231866319,-21.590595070124408,3222.4578488486086,3049.5784545898437,2876.6990603310787,0.11337920754166433,57.705025016941995,0.01996738970401117,27.291181015082188,12.32592061889374,28.41269354060519,-29793775.0,1594997.65,3243.8368567974812,2878.167610012755,3362.5759539750275,2589.3364268366727
2023-03-17,2858.6595359477537,2922.991763191914,2852.761650855337,2884.791748046875,6739966,3032.3951904296873,3062.497861328125,2910.705137939453,3009.8686187382655,31.1249790044953,-50.32943378380196,-29.039920611690945,-21.289513172111015,3198.941428404464,3032.3951904296873,2865.8489524549104,0.1098446788864465,58.59967411120163,0.020313311749756657,28.494112435874563,11.270757766825005,29.07721363864953,-36533741.0,1618578.2,3211.0804915355684,2852.761650855337,3362.5759539750275,2589.3364268366727
2023-03-20,2876.035450110584,2876.035450110584,2808.346011246895,2852.12646484375,2289468,3016.1601440429686,3060.788193359375,2910.1595935058594,2994.8455564625974,28.618093526146723,-56.29572068745256,-34.49108062684327,-21.804640060609287,3186.4850480946743,3016.1601440429686,2845.835239991263,0.11294155211758496,59.87439287468579,0.020992895515930754,30.11495972842087,10.242890044305197,31.724105900005128,-38823209.0,1874629.95,3195.746083812349,2808.346011246895,3362.5759539750275,2589.3364268366727
2023-03-21,2852.1265646681036,2864.3306057825034,2810.5237015985185,2818.37255859375,1815297,2998.8657470703124,3060.1698779296876,2909.1460876464844,2978.038604284612,26.26407521729196,-63.021234621225176,-40.197111425719655,-22.82412319550552,3175.646490065648,2998.8657470703124,2822.085004074977,0.11789840420034689,59.44100082535001,0.021090540583111758,31.62003221435673,9.580602835706562,29.67288115279785,-40638506.0,1936034.9,3183.859698266715,2808.346011246895,3362.5759539750275,2589.3364268366727
2023-03-22,2840.103654549664,2852.307694383167,2818.372262786457,2840.7841796875,1123939,2984.3387939453123,3058.0763330078125,2908.1689599609376,2964.9667543229825,30.360087670026843,-65.78449958611782,-45.31458905779929,-20.46991052831853,3162.934035797657,2984.3387939453123,2805.7435520929675,0.1196883156930322,57.61917445187571,0.020282841218235065,33.017599522725746,9.17756005489716,28.424583865086674,-39514567.0,1961995.65,3132.593073464419,2808.346011246895,3362.5759539750275,2589.3364268366727
2023-03-23,2826.356786886793,2854.8936502715574,2813.744476842171,2835.20361328125,1372218,2971.7762817382813,3056.4664892578126,2907.204530029297,2952.608359938056,29.914479363396424,-67.64494325100713,-49.78065989644086,-17.864283354566275,3155.155006635875,2971.7762817382813,2788.3975568406877,0.12341354631872216,56.44274580741218,0.01990782797503902,34.37170295600811,8.699643381542963,27.530037002240817,-40886785.0,1961215.55,3132.593073464419,2808.346011246895,3362.5759539750275,2589.3364268366727
2023-03-24,2857.207854867612,2876.353387158759,2818.281899216121,2831.438720703125,1329577,2958.469775390625,3054.0307763671876,2906.5224548339843,2941.068394296634,29.598845191210927,-68.63200657587322,-53.550929232327334,-15.081077343545886,3142.028149157014,2958.469775390625,2774.9114016242356,0.12409007879227217,56.559084531356866,0.01997538711249653,34.81824048095348,10.771777917083353,25.51102294807231,-42216362.0,1968904.95,3115.852602482513,2808.346011246895,3362.5759539750275,2589.3364268366727
2023-03-27,2844.595292917529,2860.701055740268,2818.2816522493927,2833.07177734375,1524217,2945.8505737304686,3051.5274755859373,2905.665631103516,2930.783002205883,29.944132348783512,-68.49294333398484,-56.539332052658835,-11.953611281326005,3127.445013445719,2945.8505737304686,2764.2561340152183,0.12328828986413164,55.54910731417963,0.019607377320408636,35.23288639467186,10.184225214526595,24.11954156784061,-40692145.0,1963305.3,3089.5388380017994,2808.346011246895,3362.5759539750275,2589.3364268366727
2023-03-28,2837.336265387191,2857.7974330642905,2822.0470446787185,2827.264404296875,1303530,2936.0532470703124,3048.1947216796875,2904.6784936523436,2920.9240881193105,29.392062704289458,-68.06671051477451,-58.84480774508197,-9.22190276969254,3121.0078383526834,2936.0532470703124,2751.0986557879414,0.12598858107694375,54.13491310499337,0.019147453284779153,35.61791474312464,9.703824904129444,22.981798144875057,-41995675.0,1990636.55,3089.5388380017994,2808.346011246895,3362.5759539750275,2589.3364268366727
2023-03-29,2839.150945629806,2858.2056499628916,2816.55759910205,2848.1337890625,1740616,2928.161413574219,3044.653271484375,2904.0922497558595,2913.9916786853287,34.09445336261034,-65.29228418776756,-60.1343030336191,-5.157981154148466,3113.9768047764,2928.161413574219,2742.3460223720376,0.12691608484476838,53.24299437326824,0.01869399344150678,36.07429560479025,9.161640370331494,22.434170712317265,-40255059.0,1999411.95,3089.5388380017994,2808.346011246895,3362.5759539750275,2589.3364268366727
2023-03-31,2894.4547893885947,2915.369639228699,2860.0202623245746,2908.92724609375,2382581,2920.0041625976564,3041.5228564453123,2904.4291015625,2913.5093517718446,45.48431682623742,-57.524896228927446,-59.612421672680775,2.0875254437533286,3093.7658402074753,2920.0041625976564,2746.2424849878375,0.11901467801692396,54.24248407276328,0.018646902959021317,34.39613620368836,15.87805244178167,20.447877698111856,-37872478.0,1880631.9,3089.5388380017994,2808.346011246895,3362.5759539750275,2589.3364268366727
2023-04-03,2926.213225725945,2926.213225725945,2879.7560786247254,2903.574462890625,1521830,2914.494189453125,3038.074873046875,2904.779128417969,2912.563171878395,44.75097484271924,-51.21078413801797,-57.93209416574822,6.721310027730247,3082.9195874741968,2914.494189453125,2746.068791432053,0.11557778953930614,53.68638857479587,0.018489757800579674,32.511257134925806,16.339342060142695,19.183989817633208,-39394308.0,1916295.6,3089.5388380017994,2808.346011246895,3362.5759539750275,2589.3364268366727
2023-04-05,2890.4174301241856,2961.963403011525,2890.4174301241856,2939.6875,2655065,2909.8507568359373,3035.6558349609377,2905.328472900391,2915.14644122331,50.544328241990435,-42.79941946390227,-54.90555922537903,12.106139761476761,3069.9135070172965,2909.8507568359373,2749.788006654578,0.11001440524420947,54.962073168548976,0.01869657001587719,30.589298580702142,19.466178265834287,17.40024392025217,-36739243.0,1914560.2,3089.5388380017994,2808.346011246895,3362.5759539750275,2589.3364268366727
2023-04-06,2926.2584116403386,2955.6118210617306,2917.1847421468806,2922.356689453125,1703464,2902.9933349609373,3033.071650390625,2906.074914550781,2915.8331315309115,47.94598119582229,-37.104091065255034,-51.345265593354235,14.2411745280992,3047.8518197922526,2902.9933349609373,2758.134850129622,0.09979939194952683,53.78100215042762,0.018403298387402504,28.804622780351597,18.47269365963784,16.512197266062497,-38442707.0,1995153.95,3081.418013206234,2808.346011246895,3362.5759539750275,2589.3364268366727
2023-04-10,2921.7211981908126,2968.904273441099,2917.1843640321313,2961.100830078125,2203187,2897.23154296875,3030.32232421875,2907.249403076172,2920.1443409163608,53.67889579600429,-29.128399864716812,-46.90189244762675,17.773492582909938,3021.7983984418765,2897.23154296875,2772.6646874956236,0.08599026596644371,53.63378124032335,0.018112784507546907,27.494957008150056,18.970566437731165,15.374841923704269,-36239520.0,2013620.55,3071.437189533484,2808.346011246895,3362.5759539750275,2589.3364268366727
2023-04-11,2961.6454758816367,2969.766365096571,2896.4510773934976,2916.095703125,2348779,2891.6489501953124,3026.2845458984375,2908.0951635742185,2919.758756364803,47.178944921926494,-26.137843953265474,-42.749082748754496,16.611238795489022,3001.4511603503092,2891.6489501953124,2781.8467400403156,0.07594435704069845,55.03960313051979,0.01887441590875678,25.65010101205558,17.165590102296143,16.602682100886856,-38588299.0,2031550.4,3057.644633647456,2808.346011246895,3362.5759539750275,2589.3364268366727
2023-04-12,2928.9350839632298,2958.8781931293734,2902.666855227049,2941.365966796875,2417727,2887.595324707031,3022.871025390625,2908.627969970703,2921.816585929762,50.78271147542554,-21.481087160460447,-38.49548363109569,17.01439647063524,2982.8002307938855,2887.595324707031,2792.3904186201767,0.06594061520480796,55.12329847136297,0.01874071404021575,23.937020444253566,15.91527514306468,15.393368487408077,-36170572.0,2066564.35,3057.644633647456,2808.346011246895,3339.5192456312348,2589.3364268366727
2023-04-13,2912.6477525986616,2930.7950906210835,2885.4267455650293,2893.45703125,4174070,2883.3715576171876,3018.8386865234374,2908.8726904296873,2919.115675960261,44.57373471740869,-21.409627697922588,-35.07831244446107,13.668684746538482,2969.204702552336,2883.3715576171876,2797.538412682039,0.059536652297479745,55.18157866854031,0.019071158849973093,22.62636351126088,14.762861448553,16.510353463842257,-40344642.0,2136230.5,2998.3030847586924,2808.346011246895,3283.587089747452,2589.3364268366727
2023-04-17,2843.7787740020203,2870.3644477381677,2785.8433071135864,2848.678466796875,5505048,2879.948522949219,3013.50064453125,2908.51466796875,2912.4073703256527,39.689283911975785,-24.681735793928056,-32.99899711435447,8.317261320426411,2965.582231370565,2879.948522949219,2794.314814527873,0.05946891601635475,58.926731916245544,0.020685638131180253,23.482530857924182,12.837120729375147,26.427757859864638,-45849690.0,2249872.35,2969.766365096571,2785.8433071135864,3277.889395522618,2589.3364268366727
2023-04-18,2862.6974950818735,2864.421625310655,2822.4559012273435,2840.7392578125,2617302,2876.856689453125,3009.3639697265626,2908.1862329101564,2905.5818358005904,38.8758755183139,-27.597407118111278,-31.91867911510583,4.321271996994554,2963.459043263931,2876.856689453125,2790.254335642319,0.06020623420575653,57.715231356750266,0.0203169760117983,24.277543394111532,12.170400135510246,25.0551813463068,-48466992.0,2391608.05,2969.766365096571,2785.8433071135864,3277.889395522618,2589.3364268366727
2023-04-19,2840.7386910527553,2849.13183419489,2786.9772066017845,2803.400634765625,3298034,2872.5285522460936,3003.5794970703123,2907.5757861328125,2895.8502928448797,35.22000697173152,-32.54584424344057,-32.04411214077278,-0.5017321026677877,2964.560274664004,2872.5285522460936,2780.4968298281833,0.06407715066640408,58.03233108791849,0.02070069128480818,25.54217888470505,11.239334550540146,27.505261400675575,-51765026.0,2433447.05,2969.766365096571,2785.8433071135864,3277.889395522618,2589.3364268366727
2023-04-20,2803.7635533311773,2824.632990783157,2792.875151182318,2817.192626953125,2419999,2869.1485961914063,2997.12630859375,2907.0190759277343,2888.3590865694746,37.55591159469763,-34.95171618430004,-32.62563294947824,-2.3260832348218017,2964.051057965784,2869.1485961914063,2774.2461344170288,0.06615374463375925,56.15558169598424,0.019933170759685724,26.7164832688276,10.785319151210311,26.394180296866,-49345027.0,2503295.75,2969.766365096571,2785.8433071135864,3252.3339396432675,2589.3364268366727
2023-04-21,2821.9113255572283,2871.317413624094,2813.5635935937275,2868.051025390625,1929184,2869.94482421875,2991.2928564453123,2906.838673095703,2886.424985504822,45.377676209562445,-32.3812682149246,-32.57676000256751,0.19549178764290787,2964.5293455515784,2869.94482421875,2775.3603028859216,0.06591382561410464,56.26974157701155,0.019619505050244943,26.318539771945925,15.920721779291723,24.459158159374446,-47415843.0,2287297.4,2969.766365096571,2785.8433071135864,3243.8368567974812,2589.3364268366727
2023-04-24,2859.204187054987,2886.288958566477,2836.565203622376,2880.708740234375,1640676,2873.061633300781,2986.1181494140624,2906.824821777344,2885.8805811933507,47.1519462588576,-28.988634938391897,-31.85913498973239,2.8705000513404926,2964.705543854641,2873.061633300781,2781.4177227469213,0.06379529731742832,55.80217110323223,0.019370986842179732,25.531585632431845,16.82380546633833,22.902381575224016,-45775167.0,2269283.2,2969.766365096571,2785.8433071135864,3243.8368567974812,2589.3364268366727
2023-04-25,2888.1486870984286,2895.5890509725477,2855.937163883853,2881.797119140625,2024090,2875.1122802734376,2980.7365478515626,2906.6045947265625,2885.491680045472,47.31042962922358,-25.913411860969973,-30.669990363979906,4.7565785030099335,2965.60360952546,2875.1122802734376,2784.6209510214153,0.06294803154151331,54.64857938790813,0.018963368040358364,24.54337179997499,17.167447396020705,21.715417445958153,-43751077.0,2260552.15,2969.766365096571,2785.8433071135864,3243.8368567974812,2589.3364268366727
2023-04-26,2886.3342533089885,2911.196019002823,2886.3342533089885,2901.8955078125,2000029,2878.446875,2974.894013671875,2906.8381091308593,2887.0539493566175,50.27586037181646,-21.605449249724188,-28.857082141128764,7.251632891404576,2967.7168615413857,2878.446875,2789.1768884586145,0.06202649582781381,52.84503085035741,0.018210521608406544,23.199085585474343,18.59479167736267,20.852504330427475,-41751048.0,2305559.7,2969.766365096571,2785.8433071135864,3243.8368567974812,2589.3364268366727
2023-04-27,2889.963448787062,2902.8480138926443,2876.942645737427,2892.64013671875,2434446,2881.506945800781,2968.489814453125,2907.1080883789064,2887.58596720063,48.910698125744354,-18.72236912303879,-26.83013953751077,8.107770414471982,2968.2825805460216,2881.506945800781,2794.7313110555406,0.06022934275532363,50.920769229275976,0.017603561736869788,22.176376319824882,17.919085180692008,21.412153820573582,-44185494.0,2336950.25,2969.766365096571,2785.8433071135864,3243.8368567974812,2589.3364268366727
2023-04-28,2903.937060230904,2928.299951130164,2900.1715760476527,2921.041015625,2931312,2885.905407714844,2962.713525390625,2907.3239208984373,2890.772162288665,53.11755411968683,-13.98458815236745,-24.261029260482108,10.276441108114657,2971.3221528136955,2885.905407714844,2800.4886626159923,0.059195803764398106,49.83070102800013,0.017059226748768575,20.65055111244172,20.651483413195127,20.317657261455395,-41254182.0,2392193.7,2969.766365096571,2785.8433071135864,3243.8368567974812,2589.3364268366727
2023-05-02,2935.3320146523815,2935.3320146523815,2912.647841432502,2921.177001953125,2321159,2890.601037597656,2957.9407763671875,2907.4208459472657,2893.667861304328,53.137451766991624,-10.102435056266131,-21.429310419638913,11.326875363372782,2972.8742908391873,2890.601037597656,2808.327784356125,0.05692466872557929,47.89166332742008,0.016394646163309958,19.416585295402655,21.001595831992887,19.6302586849909,-38933023.0,2462548.45,2969.766365096571,2785.8433071135864,3243.8368567974812,2589.3364268366727
2023-05-03,2918.0917245239298,2918.0917245239298,2879.210967258462,2885.335693359375,2468285,2892.4611328125,2952.1299951171877,2907.437409667969,2892.8743215000472,47.4244182310031,-9.804870380972716,-19.104422411905674,9.299552030932958,2972.4605060129948,2892.4611328125,2812.4617596120056,0.05531578094030031,47.46840413936601,0.01645160535344811,18.65065604161972,19.675369749449537,23.422079109020665,-41401308.0,2513429.9,2969.766365096571,2785.8433071135864,3243.8368567974812,2589.3364268366727
2023-05-04,2885.562915352124,2925.7593155131717,2883.6121650210844,2922.356689453125,1953253,2893.132604980469,2946.6867138671873,2908.3082946777345,2895.682166067007,53.040557945346045,-6.506757395632121,-16.584889408650966,10.078132013018845,2973.895334608899,2893.132604980469,2812.369875352039,0.05583064494824645,47.08831459313182,0.01611313046182042,17.72186993394062,19.58056055735202,21.924628594151233,-39448055.0,2549813.35,2969.766365096571,2785.8433071135864,3243.8368567974812,2589.3364268366727
2023-05-05,2921.7216376669535,2943.4984449042227,2912.6933806381967,2931.430419921875,1710027,2894.5254028320314,2940.746181640625,2909.3529638671876,2899.0867616722326,54.328284349026355,-3.124784308235121,-13.892868388567798,10.768084080332677,2976.9049937520376,2894.5254028320314,2812.1458119120252,0.05692096593065323,45.92522528405283,0.015666489974296156,16.545105641721634,21.401428073950918,20.87417944606911,-37738028.0,2528346.95,2969.766365096571,2785.8433071135864,3243.8368567974812,2589.3364268366727
2023-05-08,2944.40547335836,2953.3431255778287,2931.9745916279403,2949.48681640625,928235,2895.0153686523436,2936.1993701171873,2910.6906884765626,2903.886766884996,56.86328256059683,1.000916084441542,-10.91411149396593,11.915027578407472,2978.5717276348933,2895.0153686523436,2811.459009669794,0.05772429389308972,44.210045310617176,0.01498906354308921,15.717197858816746,22.234310655495364,20.13515905440806,-36809793.0,2537756.8,2969.766365096571,2785.8433071135864,3243.8368567974812,2589.3364268366727
2023-05-09,2951.3018403250803,2992.496211386631,2945.3131298244402,2979.112548828125,1107375,2897.853161621094,2932.4964111328127,2912.3181298828126,2911.0511270700563,60.71601269732941,6.585202270939135,-7.414248740984917,13.999451011924052,2988.486546357425,2897.853161621094,2807.2197768847627,0.06255208920636254,44.42240504287242,0.014911287947260194,15.88879995252332,26.843029555301317,18.60755338043256,-35702418.0,2451415.3,2992.496211386631,2785.8433071135864,3243.8368567974812,2589.3364268366727
2023-05-10,2985.2370257955795,3000.2085792684147,2963.505633393064,2982.33349609375,1559987,2898.914794921875,2929.5166162109376,2913.9800354003905,2917.8399241199318,61.12256673889913,11.14225188814953,-3.7029486151580273,14.845200503307558,2992.9213587202325,2898.914794921875,2804.9082311235175,0.06485638278367613,43.87101510233517,0.01471029821440066,16.21509130501778,26.494635726871795,17.49560538111547,-34142431.0,2421610.85,3000.2085792684147,2785.8433071135864,3243.8368567974812,2589.3364268366727
2023-05-11,3002.4771483059035,3003.112260846999,2968.9045721537977,2978.1142578125,1719623,2902.01572265625,2927.34982421875,2915.3159924316406,2923.580336852557,60.24304863376469,14.249035265087514,-0.11255183910891908,14.361587104196433,3001.9869449605467,2902.01572265625,2802.0445003519535,0.068897781306844,43.180777501682755,0.014499368984385483,16.58308141946346,25.475743047629845,16.505607620532945,-35862054.0,2389450.85,3003.112260846999,2785.8433071135864,3243.8368567974812,2589.3364268366727
2023-05-12,2975.392051583769,2985.237070959748,2958.0160642336714,2970.991455078125,1027479,2903.4969970703123,2924.8182763671875,2916.5687707519533,2928.0956814454685,58.70724238982351,15.952541849232603,3.1004668985593855,12.852074950673217,3006.585845076764,2903.4969970703123,2800.4081490638605,0.07101012889661713,42.04079387485375,0.014150425711590694,16.541931587179132,24.297507561613138,17.59222488813928,-36889533.0,2357993.05,3003.112260846999,2785.8433071135864,3243.8368567974812,2589.3364268366727
2023-05-15,2979.792639217082,2987.051573782775,2947.4451006687523,2953.5244140625,1150390,2906.5003662109375,2922.1796484375,2917.333571777344,2930.5174655042333,55.004042114707154,15.71202046691269,5.622777612230047,10.089242854682643,3011.722122449679,2906.5003662109375,2801.278609972196,0.0724044334980861,41.86691382050867,0.014175238782916226,16.13800405596807,22.655674817670338,18.206979632164575,-38039923.0,2288480.65,3003.112260846999,2785.8433071135864,3243.8368567974812,2589.3364268366727
2023-05-16,2954.567593189361,2980.6998001256165,2949.3502343306936,2956.3369140625,986306,2911.8832885742186,2920.84216796875,2918.0571276855467,2932.9764606050203,55.49088890858704,15.568882398520145,7.611998569488067,7.956883829032078,3015.7282521654806,2911.8832885742186,2808.0383249829565,0.07132494904499345,41.115674675823975,0.013907641744162433,15.762928491272088,21.421794388638872,17.215385428032523,-37053617.0,2137296.65,3003.112260846999,2786.9772066017845,3243.8368567974812,2589.3364268366727
2023-05-17,2954.340606509668,2976.162820274317,2901.985591445833,2911.467529296875,1588815,2915.4197021484374,2918.952109375,2918.5842138671874,2930.9279909566258,46.79252520901995,11.6999898861568,8.429596832821815,3.2703930533349848,3014.0173265008984,2915.4197021484374,2816.8220777959764,0.06763871718353433,43.47721425815681,0.014933092614176139,15.33702780070755,18.811216195315986,22.898944971394464,-38642432.0,1911359.55,3003.112260846999,2786.9772066017845,3243.8368567974812,2589.3364268366727
2023-05-18,2927.1201308420364,2929.8422314714453,2899.037170320326,2903.43798828125,1369364,2920.4215698242188,2915.579423828125,2919.0899560546877,2928.309895463733,45.420404963494406,7.894939889341913,8.322665444125835,-0.4277255547839225,3004.922900044166,2920.4215698242188,2835.9202396042715,0.05786926866523138,42.572060464797,0.014662638098910597,15.02113183375908,17.83894763148574,22.210093975314024,-40011796.0,1859935.2,3003.112260846999,2792.875151182318,3243.8368567974812,2589.3364268366727
2023-05-19,2912.6476202870826,2934.878108354694,2906.3414649157826,2924.307373046875,1152449,2925.777307128906,2913.7900927734377,2919.9250341796874,2927.9287028526037,49.560321695806124,6.488598763290611,7.955852107958791,-1.4672533446681806,2995.7595626278053,2925.777307128906,2855.795051630007,0.0478384020057722,41.77692186541465,0.014286091212732784,14.551797587648204,17.741027938309195,21.016188019847743,-38859347.0,1763501.7,3003.112260846999,2813.5635935937275,3243.8368567974812,2589.3364268366727
2023-05-22,2930.795281788258,3001.9781755192334,2919.044923957323,2993.13134765625,1333243,2932.0313232421877,2913.0015966796873,2920.7814587402345,2934.138478548189,60.26452779395982,10.803051995043916,8.525292085375817,2.2777599096680987,3002.6139971001417,2932.0313232421877,2861.4486493842337,0.04814592074678447,44.71665970087862,0.014939758569530764,14.781279129444568,26.109090980013153,18.232085342517987,-37526104.0,1700124.2,3003.112260846999,2836.565203622376,3243.8368567974812,2589.3364268366727
2023-05-23,2999.7549225207754,3019.671581346221,2985.3278776559046,2991.634033203125,1687418,2937.577587890625,2911.6441748046873,2921.313377685547,2939.614245658183,59.96636883977314,13.9407660294155,9.608386874183754,4.332379155231745,3008.5886063620896,2937.577587890625,2866.5665694191607,0.04834665049473983,43.97573427155275,0.014699570129060268,15.371672147157375,27.526524793899437,17.215035262786284,-39213522.0,1670327.15,3019.671581346221,2855.937163883853,3243.8368567974812,2589.3364268366727
2023-05-24,2972.533770094014,3009.91723962534,2972.533770094014,2997.350341796875,1016555,2943.3552490234374,2910.0644482421876,2921.690703125,2945.1129214809152,60.76446101727898,16.69622168741944,11.02595383683089,5.670267850588548,3014.0751440658173,2943.3552490234374,2872.6353539810575,0.04805393101348791,43.504858218679395,0.014514438840205366,15.501209493494862,25.836997556400195,18.259012280521763,-38196967.0,1672664.25,3019.671581346221,2876.942645737427,3243.8368567974812,2589.3364268366727
2023-05-25,2988.866769417982,2999.75517294956,2964.4586867780845,2988.4130859375,1374917,2947.6811279296876,2909.2777587890623,2922.037060546875,2949.2367466672567,58.791072213391324,17.951840647929203,12.411131199050553,5.5407094488786495,3018.311931031295,2947.6811279296876,2877.05032482808,0.047922960480610156,42.91854592959339,0.014361651048696751,15.3589683308332,24.319246717973183,18.530339135344057,-39571884.0,1622287.5,3019.671581346221,2876.942645737427,3243.8368567974812,2589.3364268366727
2023-05-26,2988.413232167041,3029.380763849176,2986.1448146536304,3020.533935546875,1791115,2954.075817871094,2909.23966796875,2922.574991455078,2956.0269551319825,63.39257516821789,21.293355293544664,14.187576017949375,7.105779275595289,3026.744561370865,2954.075817871094,2881.407074371323,0.04919896981665227,42.941217591447135,0.014216432759154723,15.90802723145715,27.498166116533316,17.19765884359108,-37780769.0,1591031.9,3029.380763849176,2879.210967258462,3243.8368567974812,2589.3364268366727
2023-05-29,3049.4790740866038,3059.6415402355,3005.1995199466123,3012.776123046875,1210372,2958.6625732421876,2909.93654296875,2922.8630810546874,2961.431637790544,61.60341141402474,23.049834941322388,15.96002780262398,7.089807138698408,3033.9452307149177,2958.6625732421876,2883.3799157694575,0.05088965409815772,43.76270349840718,0.014525707092417196,17.012412987828796,29.993803789023293,15.669489850299742,-38991141.0,1558865.35,3059.6415402355,2879.210967258462,3243.8368567974812,2589.3364268366727
2023-05-30,3007.9212138122552,3018.7642037470678,2995.535744483075,3009.010009765625,1344224,2963.0542236328124,2911.7739599609376,2923.0639807128905,2965.96291131198,60.707646846307036,23.862887338754263,17.54059970985004,6.322287628904224,3039.318706883307,2963.0542236328124,2886.7897403823176,0.05147694067980419,42.295971767377566,0.01405644103213603,17.701374384778028,28.81721445511068,16.68680969442715,-40335365.0,1472818.35,3059.6415402355,2879.210967258462,3243.8368567974812,2589.3364268366727
2023-05-31,3002.477347579657,3019.445065861434,2962.689216754016,2984.78369140625,5815424,2968.0266235351564,2913.418115234375,2923.0990625,2967.7553665590535,55.15206419673415,22.295368666037575,18.491553501087548,3.803815164950027,3035.877727628458,2968.0266235351564,2900.1755194418547,0.045721358127499306,43.328820148809044,0.014516569583772792,17.291264004501254,26.1209795609534,20.540362779511014,-46150789.0,1423971.6,3059.6415402355,2883.6121650210844,3243.8368567974812,2589.3364268366727
2023-06-01,3007.0134904588317,3030.6050265939944,2992.0419386807475,3016.087158203125,1177314,2972.7131469726564,2915.9405908203125,2923.249071044922,2972.3583943346794,60.21802944523867,23.31032012088417,19.455306825046875,3.8550132958372956,3040.246344303018,2972.7131469726564,2905.179949642295,0.045435394531178154,43.50685693730442,0.014424933582895602,17.16658783971089,25.98815634914299,18.995143549300046,-44973475.0,1591328.55,3059.6415402355,2899.037170320326,3243.8368567974812,2589.3364268366727
2023-06-02,3018.1293732382414,3026.8853758575733,2991.9971602900687,2999.392333984375,2030661,2976.1112426757813,2918.2326025390626,2923.4049780273435,2974.933055253698,56.54925722474174,22.5080844840586,20.065862356849223,2.4422221272093765,3041.8078759030805,2976.1112426757813,2910.414609448482,0.044149312892102895,42.89123969660444,0.014299976435436164,17.049364783627187,24.478223639399506,17.898967619416798,-47004136.0,1552531.6,3059.6415402355,2899.037170320326,3243.8368567974812,2589.3364268366727
2023-06-05,3007.9216252822475,3018.810029355667,2980.746027754033,2984.2392578125,1861468,2977.8488647460936,2920.8748583984375,2923.1831481933596,2975.8193602592983,53.37090229651355,20.4142575015062,20.13554138578062,0.2787161157255795,3042.466286597645,2977.8488647460936,2913.231442894542,0.04339872490947336,42.54643697553513,0.014257046201691756,16.56545568856697,22.91398464037185,18.644047504930523,-48865604.0,1568563.3,3059.6415402355,2899.037170320326,3243.8368567974812,2589.3364268366727
2023-06-06,2976.1636847189334,2984.1939710758684,2922.2661748923115,2932.88232421875,2022849,2975.537353515625,2923.1650537109376,2922.7972265625,2971.730118731627,44.28591936599618,14.444304251270296,18.997293958878554,-4.552989707608258,3043.0511850168427,2975.537353515625,2908.0235220144073,0.04537925321048282,43.93405454301037,0.014979821788354006,16.24584234803353,20.605247984749738,26.273267891504073,-50888453.0,1615224.95,3059.6415402355,2899.037170320326,3243.8368567974812,2589.3364268366727
2023-06-07,2951.663913869028,2975.119431982137,2940.775513326013,2971.53515625,1567196,2974.9974365234375,2925.7800732421874,2922.6437255859373,2971.711550876234,51.04084267272609,12.685799795586718,17.734995126220188,-5.04919533063347,3042.4579242799255,2974.9974365234375,2907.5369487669495,0.045351627485986576,43.81284405875156,0.0147441782630774,15.949058531823905,19.186378214740653,24.464100363008622,-49321257.0,1660998.65,3059.6415402355,2899.037170320326,3243.8368567974812,2589.3364268366727
2023-06-08,2958.9236078847066,2967.089910390368,2933.5173334226483,2936.647705078125,1759366,2972.924108886719,2927.808955078125,2922.2786193847655,2968.3721369907,45.659848454330245,8.380442082459467,15.864084517468044,-7.483642435008576,3042.392951714152,2972.924108886719,2903.455266059286,0.04673435330540427,43.398913970794425,0.014778386217641269,15.85158943016595,17.985847304554017,24.127926968978528,-51080623.0,1661359.1,3059.6415402355,2899.037170320326,3243.8368567974812,2589.3364268366727
2023-06-09,2944.405403135556,2948.9422373468583,2908.4283964499673,2912.012451171875,1775689,2969.9751586914062,2929.4204296875,2921.8781665039064,2963.0045478650973,42.27094547372158,2.946589521733131,13.280585518321061,-10.33399599658793,3044.3554912648115,2969.9751586914062,2895.594826118001,0.050088184984131486,43.19283732265846,0.014832641702914581,16.343788053372467,16.78082648354359,26.660388364033157,-52856312.0,1663346.25,3059.6415402355,2899.037170320326,3243.8368567974812,2589.3364268366727
2023-06-12,2917.184480057675,2952.934646039938,2913.5550125863747,2946.12939453125,2324605,2969.6054077148438,2931.68158203125,2921.628388671875,2961.3973904047307,48.02431951069118,1.3772977889007052,10.899927972436991,-9.522630183536286,3044.3816452806573,2969.6054077148438,2894.8291701490302,0.05036105966910598,43.03064857590164,0.014605824393109562,16.659642955339606,16.303646029258616,24.8493841412991,-50531707.0,1700756.75,3059.6415402355,2899.037170320326,3243.8368567974812,2589.3364268366727
2023-06-13,2958.0164448888486,2962.553279927022,2938.9617377285217,2943.226318359375,1371928,2968.9498779296873,2934.0008203125,2921.5021398925783,2959.6668121146968,47.58969512779609,-0.09948440624793875,8.700045496700005,-8.799529902947944,3044.4066702918494,2968.9498779296873,2893.493085567525,0.05083062730232398,41.64214097751581,0.01414846718302252,16.60697414766061,17.2937749533821,23.843817457415227,-51903635.0,1759467.5,3059.6415402355,2899.037170320326,3243.8368567974812,2589.3364268366727
2023-06-14,2943.2260282131615,2954.250669184191,2927.0296616386267,2949.895263671875,1658544,2970.8712646484373,2936.0360498046875,2921.718732910156,2958.7361884534757,48.73741726616692,-0.7233781307231766,6.815360771215369,-7.538738901938546,3042.2206317789755,2970.8712646484373,2899.521897517899,0.04803262125798066,40.61206001809069,0.013767288797751728,16.86347948087392,16.465811925567206,24.800878125431698,-50245091.0,1778748.6,3059.6415402355,2899.037170320326,3243.8368567974812,2589.3364268366727
2023-06-15,2966.577450199209,2968.5427081775592,2934.3091461074932,2940.068115234375,2273810,2972.702770996094,2936.6588671875,2922.0156115722657,2956.9582767183233,47.10059505352454,-1.9878721989789483,5.054714177176506,-7.042586376155454,3038.7151333107727,2972.702770996094,2906.690408681415,0.044412352932654144,40.15645302180321,0.013658341047857674,16.573130348119538,18.005362571705763,23.290673597161582,-52518901.0,1782235.05,3059.6415402355,2906.3414649157826,3243.8368567974812,2589.3364268366727
2023-06-16,2922.425909481337,2924.619696403326,2884.947191217735,2902.223876953125,4156189,2971.598596191406,2936.63185546875,2922.2876403808596,2951.7454767406853,41.342338934106905,-5.97483246065849,2.8488048496095066,-8.823637310267998,3041.439752846624,2971.598596191406,2901.7574395361885,0.04700578116084093,41.22534380714869,0.0142047428299807,17.4640019330989,16.285768107038226,29.618944548323714,-56675090.0,1827457.35,3059.6415402355,2884.947191217735,3243.8368567974812,2589.3364268366727
2023-06-19,2916.026704744818,2938.7880778419694,2902.314980427836,2934.674560546875,1468186,2968.6757568359376,2936.5315966796875,2922.7042236328125,2950.1196751984176,47.29270983684156,-6.441771496254205,0.9906895804367646,-7.43246107669097,3039.5528349915285,2968.6757568359376,2897.7986786803467,0.04774996258340642,40.89240502726982,0.013934221387617692,17.789299830313617,17.720477501504917,27.72723273628177,-55206904.0,1977644.35,3059.6415402355,2884.947191217735,3243.8368567974812,2589.3364268366727
2023-06-20,2937.965925601742,2954.877054918367,2926.1281797146307,2950.4892578125,1528452,2966.618518066406,2937.094248046875,2923.596541748047,2950.154873542616,49.95701646954049,-5.472625129776588,-0.30197336160590593,-5.170651768170682,3037.0980508475614,2966.618518066406,2896.138985285251,0.04751506292564553,40.02501003987455,0.013565550165584807,17.54720035729959,19.68256126274578,26.304681556253193,-53678452.0,1984391.5,3059.6415402355,2884.947191217735,3243.8368567974812,2589.3364268366727
2023-06-21,2970.8741736125958,2981.294996829443,2947.06142983265,2978.369873046875,1645987,2965.6694946289062,2937.43962890625,2924.2804943847655,2952.842016352545,54.33913210096656,-2.4268616600811583,-0.7269510213009565,-1.6999106387802019,3034.9695078318314,2965.6694946289062,2896.369481425981,0.04673481878438152,39.61133553679729,0.013299669693567932,16.50993138639428,23.231310782443114,24.68086232409576,-52032465.0,1976443.2,3059.6415402355,2884.947191217735,3243.8368567974812,2589.3364268366727
2023-06-22,2980.015045726706,2987.007936549625,2952.68309515918,2960.361572265625,1529603,2964.2669189453127,2938.3249462890626,2925.225933837891,2953.558164534743,51.21931271895912,-1.4494828027259246,-0.8714573775859502,-0.5780254251399743,3032.8001486559674,2964.2669189453127,2895.733689234658,0.04623958070215814,39.23372881205783,0.01325301921887584,15.380210285793707,22.819644063292827,23.138518328790465,-53562068.0,2007914.8,3059.6415402355,2884.947191217735,3243.8368567974812,2589.3364268366727
2023-06-23,2959.265170688013,2970.3258306636544,2933.5326939992574,2940.114501953125,1119505,2960.245947265625,2938.2999169921877,2926.075891113281,2952.2778157174457,47.89013518118886,-2.282362722288781,-1.1536384465265164,-1.1287242757622644,3024.398913989254,2960.245947265625,2896.092980541996,0.043342997755228485,39.05940080151063,0.01328499307614155,14.866923905119089,21.28424218559473,25.083726738622584,-54681573.0,2015649.1,3059.6415402355,2884.947191217735,3243.8368567974812,2589.3364268366727
2023-06-26,2929.7392774144523,2937.8748135959304,2900.487590401266,2915.70751953125,1978803,2955.3925170898438,2938.7449267578127,2926.7905395507814,2948.7949303663795,44.1636076606618,-4.85588988697009,-1.8940887346152313,-2.9618011523548584,3017.5715363571735,2955.3925170898438,2893.213497822514,0.042078349260055,39.099937283678365,0.013410102701235393,15.197392908475864,19.743449099374132,29.304631826331224,-56660376.0,1982068.6,3030.6050265939944,2884.947191217735,3243.8368567974812,2589.3364268366727
2023-06-27,2926.9963953304227,2933.9892862063707,2908.988373447767,2922.745849609375,863542,2951.079309082031,2940.2262744140626,2927.568477783203,2946.314065532379,45.48109253907185,-6.25538609367095,-2.7663482064263754,-3.4890378872445744,3009.645589987696,2951.079309082031,2892.5130281763663,0.039691431352200816,38.09286410331588,0.013033245469634998,15.504256983021442,18.817883454719485,27.930841445978427,-55796834.0,2020490.15,3030.6050265939944,2884.947191217735,3243.8368567974812,2589.3364268366727
2023-06-28,2932.4809035477288,2953.4597980455083,2919.1347353535625,2939.291015625,1575872,2948.8046752929686,2942.1973095703124,2928.329367675781,2945.6452036364385,48.554110857149055,-5.960728726236539,-3.4052243103884083,-2.5555044158481306,3005.4607351504847,2948.8046752929686,2892.1486154354525,0.03842645824066812,37.82373543107516,0.012868319343000631,15.127038182319561,21.275006777212077,26.12032320025363,-54220962.0,1996456.05,3030.6050265939944,2884.947191217735,3243.8368567974812,2589.3364268366727
2023-06-30,2943.450986602411,3025.721355793162,2938.0577961134145,3018.636962890625,2672406,2948.932165527344,2946.5020361328125,2929.3982751464846,2952.596799755885,60.153735207783946,0.6676479529282915,-2.5906498577250683,3.2582978106533598,3006.2014180146275,2948.932165527344,2891.66291304006,0.03884067131604736,41.383722877408886,0.013709407055620272,15.179738887683522,30.528322152205966,22.168112813260233,-51548556.0,1784478.45,3026.8853758575733,2884.947191217735,3243.8368567974812,2589.3364268366727
2023-07-03,3029.6513747394556,3033.764892219911,2988.013392052773,2991.258544921875,1687264,2948.5254760742187,2949.9833544921876,2930.11791015625,2956.2788707240747,55.503431028145314,3.669178698892665,-1.3386841464015218,5.007862845294187,3004.4554720834685,2948.5254760742187,2892.595480064969,0.03793760404181227,41.6957069695324,0.01393918524372202,15.394478114636861,29.513550169279025,20.43065333636472,-53235820.0,1859233.05,3033.764892219911,2884.947191217735,3243.8368567974812,2589.3364268366727
2023-07-04,3007.4385197427887,3030.2913960326273,2995.8293032220745,3024.669677734375,1656681,2950.5469970703125,2953.1157275390624,2930.8926586914063,2962.792280915532,59.60726306516636,8.64426690144137,0.6579060631670566,7.986360838274313,3013.9213713325216,2950.5469970703125,2887.1726228081034,0.04295771212940208,41.505502979619536,0.013722325874179153,15.593878825379248,27.531028185433634,19.058259329159565,-51579139.0,1842063.2,3033.764892219911,2884.947191217735,3243.8368567974812,2589.3364268366727
2023-07-05,3034.8621566398974,3043.0891926066924,3021.150430028573,3034.81640625,1453008,2955.643701171875,2956.197880859375,2931.7783142089843,2969.651721423577,60.789976892274154,13.253043501249977,3.176933550783641,10.076109950466336,3028.2402869981984,2955.643701171875,2883.0471153455514,0.04912404414479313,40.107878665226686,0.013215915988402861,16.062132700596205,28.734537657894517,18.313634296285112,-50126131.0,1831823.85,3043.0891926066924,2884.947191217735,3243.8368567974812,2589.3364268366727
2023-07-06,3022.567291654091,3042.586322830739,3018.4080233653217,3037.512939453125,1848238,2958.942590332031,2959.312197265625,2933.159510498047,2976.1146945692485,61.11582387928547,16.927984585665854,5.927143757760083,11.00084082790577,3039.6689203695405,2958.942590332031,2878.216260294522,0.05456430976476013,38.970051579526015,0.012829591957735725,16.400478974696966,27.46111975961965,18.004694003567838,-48277893.0,1803331.8,3043.0891926066924,2884.947191217735,3243.8368567974812,2589.3364268366727
2023-07-07,3018.4082331911277,3068.59306578827,3018.4082331911277,3043.31787109375,1789326,2964.2760986328126,2962.14064453125,2934.640743408203,2982.5149970953917,61.85080803327277,20.07737189566342,8.757189385340752,11.320182510322667,3052.1816180111387,2964.2760986328126,2876.3705792544865,0.059309940405935846,39.771107366498605,0.013068338258140978,17.28860220971103,29.656795893517817,16.381903321080465,-46488567.0,1817383.9,3068.59306578827,2884.947191217735,3243.8368567974812,2589.3364268366727
2023-07-10,3039.204288501629,3039.204288501629,2984.7686876958783,2990.93896484375,1407431,2968.2224243164064,2964.10662109375,2936.283289794922,2983.317279738092,52.25321949201445,18.13766433915771,10.633284376104143,7.504379963053566,3053.4337516696473,2968.2224243164064,2883.0110969631655,0.05741572912809283,41.11239851159669,0.013745649441477133,16.973798857242116,26.640011863420707,20.560009430593993,-47895998.0,1818881.9,3068.59306578827,2884.947191217735,3243.8368567974812,2589.3364268366727
2023-07-11,3012.0094335540425,3012.0094335540425,2980.7467399101047,2991.350341796875,1110172,2970.4834716796877,2965.5128076171877,2937.838962402344,2984.0823332675,52.31580293312805,16.444069807225787,11.795441462328473,4.648628344897315,3055.6297028879103,2970.4834716796877,2885.337240471465,0.05732819725812235,40.40884816390677,0.01350856420904332,16.554948757725555,25.16784749596261,20.13477282931445,-46785826.0,1800469.0,3068.59306578827,2884.947191217735,3243.8368567974812,2589.3364268366727
2023-07-12,2999.1659962790054,3006.661695723324,2970.9656783737587,2979.923828125,1515240,2972.3183471679686,2966.687744140625,2939.2866162109376,2983.68628515869,50.34199785338056,14.018265937360411,12.240006357334861,1.7782595800255496,3056.613348213532,2972.3183471679686,2888.023346122405,0.05672003547391202,40.07221739145381,0.013447396545255884,15.852705936092402,23.566467396038504,20.59710767352847,-48301066.0,1739747.35,3068.59306578827,2884.947191217735,3243.8368567974812,2589.3364268366727
2023-07-13,3001.9534836675252,3078.2363313022074,2991.6696905215877,3053.646728515625,4585146,2977.5059204101562,2970.05396484375,2941.2758862304686,2990.349184526018,60.65592499240621,17.838984122474812,13.359801910362853,4.47918221211196,3068.1718220740686,2977.5059204101562,2886.840018746244,0.0609005685210681,44.232237804721926,0.014485054014818269,16.781559767801127,31.383301899852107,17.327105466193874,-43715920.0,1746912.95,3078.2363313022074,2884.947191217735,3243.8368567974812,2589.3364268366727
2023-07-14,3075.997202974214,3222.1185858228855,3064.113707093481,3212.79443359375,6306101,2991.142236328125,2975.8627197265623,2944.0334631347655,3011.5344463419924,73.46736306139735,33.32467445468046,17.352776419226377,15.971898035454085,3126.302616296605,2991.142236328125,2855.981856359645,0.09037375643787537,53.10649634061754,0.0165296900994733,19.368600941487937,43.624234096320905,13.400857749953252,-37409819.0,1893243.05,3222.1185858228855,2884.947191217735,3243.8368567974812,2589.3364268366727
2023-07-17,3208.54353407701,3245.016631990213,3178.423490549753,3191.815185546875,2743228,3005.6218017578126,2981.0704150390625,2946.7983044433595,3028.704040551981,70.22126659711383,43.40401120176102,22.56302337573331,20.840987826027714,3160.2255812586195,3005.6218017578126,2851.0180222570057,0.10287640275325938,54.06982813346346,0.016940150036976315,21.95537952373356,42.811435699566545,12.221952029632597,-40153047.0,2094857.6,3245.016631990213,2900.487590401266,3245.016631990213,2589.3364268366727
2023-07-18,3177.4642913146304,3221.341818927721,3167.409024569964,3196.523681640625,2600090,3018.7142578125,2986.01115234375,2949.5320446777346,3044.686863512804,70.5359231553571,51.18190137630563,28.286798975847773,22.89510240045786,3190.4660623306104,3018.7142578125,2846.9624532943894,0.11379136271252767,54.060040006627275,0.016912134991247992,24.049720928397594,39.76067378286642,12.806332143272543,-37552957.0,2024209.55,3245.016631990213,2900.487590401266,3245.016631990213,2589.3364268366727
2023-07-19,3199.403095334835,3214.806025220007,3149.720846571076,3172.025390625,2405370,3029.791064453125,2989.8694091796874,2952.04130859375,3056.814342285394,66.59317921017328,54.738140818063584,33.57706734429094,21.161073473772646,3210.8375511289546,3029.791064453125,2848.744577777295,0.11951087241621959,54.847549909648976,0.017291018562383603,25.500745940726272,36.390513401145114,14.02440372277807,-39958327.0,2080804.75,3245.016631990213,2900.487590401266,3245.016631990213,2589.3364268366727
2023-07-20,3164.7389834644387,3188.384300817306,3149.1127482930447,3174.087158203125,1715404,3039.5769287109374,2993.704482421875,2954.4803564453123,3067.9831818966063,66.76156960910983,57.065043312076796,38.27466253784811,18.790380774228687,3229.3932149714833,3039.5769287109374,2849.7606424503915,0.12489651731962949,53.73497866783559,0.016929270051379237,26.83071180340345,34.49083039890021,13.373124994997578,-38242923.0,2124650.65,3245.016631990213,2900.487590401266,3245.016631990213,2589.3364268366727
2023-07-21,3119.785348420925,3148.058998813378,3078.543199020897,3087.020751953125,3770223,3045.9098876953126,2995.8826123046874,2956.653752441406,3069.796283806751,54.311551475845725,51.292332877903846,40.87819660585926,10.414136272044587,3233.1663049022254,3045.9098876953126,2858.6534704883998,0.1229559797309699,56.721334418863606,0.018374134473497342,26.271610559559548,30.34098030211127,20.650852247972644,-42013146.0,2128121.5,3245.016631990213,2900.487590401266,3245.016631990213,2589.3364268366727
2023-07-24,3098.659951717726,3128.4000771632996,3090.5032611034767,3111.26171875,1680132,3054.467248535156,2998.688017578125,2958.9162756347655,3073.745372848965,56.73093625726056,48.11877837477914,42.32631295964324,5.792465415135901,3237.190240308408,3054.467248535156,2871.744256761904,0.11964311737890218,55.625476618242956,0.01787875198123525,25.752445118847355,28.728808830327154,19.55356684286351,-40333014.0,2240152.5,3245.016631990213,2900.487590401266,3245.016631990213,2589.3364268366727
2023-07-25,3113.782310935107,3122.3057333138704,3097.926950811684,3115.29443359375,1272980,3064.4465942382812,3001.92341796875,2961.285681152344,3077.7024262532304,57.13757386711405,45.4057111775337,42.94219260322133,2.463518574312374,3237.300518607097,3064.4465942382812,2891.5926698694657,0.11281248933743045,53.39356989566748,0.01713917288841093,25.270362923900315,27.791866980547454,18.915860100626304,-39060034.0,2268183.85,3245.016631990213,2908.988373447767,3245.016631990213,2589.3364268366727
2023-07-26,3116.393871751204,3135.181959017552,3102.3256291018097,3105.35009765625,1066803,3073.576806640625,3004.903681640625,2963.135480957031,3080.335537815423,55.74631118112948,41.96936436783926,42.74762695614491,-0.7782625883056511,3234.3991781203017,3073.576806640625,2912.754435160948,0.10464835050304361,51.92662418281568,0.016721665045756704,25.04371505771113,28.30699471507976,18.060937065496006,-40126837.0,2232892.7,3245.016631990213,2919.1347353535625,3245.016631990213,2589.3364268366727
2023-07-27,3111.444818744401,3126.750192106114,3102.3716364305046,3113.23193359375,1701769,3082.2738525390623,3008.9389697265624,2964.976901855469,3083.4685278895495,56.64734141551086,39.42753694935709,42.08360895478735,-2.6560720054302607,3231.5027097480606,3082.2738525390623,2933.044995330064,0.09683036897326247,49.958905003729505,0.016047280147887855,24.83325632482117,27.320350010912783,17.431420294559114,-38425068.0,2243055.75,3245.016631990213,2938.0577961134145,3245.016631990213,2589.3364268366727
2023-07-28,3102.3260117822556,3110.2994489526377,3052.8354343417113,3075.19775390625,2599831,3085.1018920898437,3012.3741650390625,2966.792082519531,3082.680835129235,51.22707320978164,33.95269444471296,40.457426052772476,-6.504731608059515,3231.516864284107,3085.1018920898437,2938.68691989558,0.09491743048725192,50.7044474500373,0.01648819084419215,23.367878391780298,24.995880065147404,22.92660385659953,-41024899.0,2249350.6,3245.016631990213,2970.9656783737587,3245.016631990213,2589.3364268366727
2023-07-31,3083.4462532273114,3140.4978924006705,3080.2385305428656,3135.732177734375,2743678,3092.325573730469,3016.6026611328125,2968.67255859375,3087.7333439487725,58.09900205082094,34.105319517736916,39.187004745765364,-5.081685228028448,3233.6761597929885,3092.325573730469,2950.9749876679493,0.0914202484132351,51.74699681035038,0.01650236495890365,22.603527356023807,26.911256802364132,20.860078952017723,-38281221.0,2245721.85,3245.016631990213,2970.9656783737587,3245.016631990213,2589.3364268366727
2023-08-01,3129.8205341354496,3171.062678801949,3129.8205341354496,3163.776611328125,1956167,3099.2809204101563,3020.01556640625,2970.91005859375,3094.975559889663,60.85100797246666,36.073395750317104,38.56428294667572,-2.4908871963586137,3240.320159250374,3099.2809204101563,2958.2416815699385,0.09101416906832238,50.996650228646736,0.016118916249032767,22.43554701967678,29.637767388563322,19.65507768507674,-36325054.0,2298542.55,3245.016631990213,2970.9656783737587,3245.016631990213,2589.3364268366727
2023-08-02,3148.10489653474,3158.5986876704637,3128.5379219504644,3153.328857421875,1914899,3105.20654296875,3023.249462890625,2972.9572766113283,3100.5330167974926,59.288730770118434,36.37080393146607,38.12558714363379,-1.754783212167716,3244.865828602264,3105.20654296875,2965.547257335236,0.08995168836659229,49.87108159643344,0.015815376020504077,22.24598465061813,28.141916135090558,18.84676790961755,-38239953.0,2313516.85,3245.016631990213,2970.9656783737587,3245.016631990213,2589.3364268366727
2023-08-03,3134.4035466974287,3146.5470692102185,3086.745948911386,3116.02783203125,2026351,3109.132287597656,3025.6230126953124,2974.8067053222658,3102.008713486422,53.961998557255015,33.2137535700781,37.143220428922646,-3.929466858844549,3245.3306923170444,3109.132287597656,2972.933882878268,0.08761184286862565,51.064783518865966,0.016387781583317336,21.0378225367305,25.520916889186836,22.93726472415194,-40266304.0,2336611.4,3245.016631990213,2970.9656783737587,3245.016631990213,2589.3364268366727
2023-08-04,3117.2189097618743,3181.1442369080387,3117.2189097618743,3155.986572265625,2248493,3114.76572265625,3028.974482421875,2976.8742883300783,3107.1494619415844,58.28564293803398,33.54936856409631,36.42445005595738,-2.875081491861067,3248.914223953386,3114.76572265625,2980.617221359114,0.08613713726291763,52.06847075871759,0.016498318217285247,20.57258949312462,27.987293492643357,20.888324995944025,-38017811.0,2345517.05,3245.016631990213,2970.9656783737587,3245.016631990213,2589.3364268366727
2023-08-07,3165.517747179838,3196.7243469805094,3153.8783426165933,3193.104248046875,1853889,3124.873986816406,3032.425888671875,2979.0360791015623,3115.33563204685,61.86805946929469,36.3909399913714,36.417748043040184,-0.026808051668787414,3250.364560585695,3124.873986816406,2999.3834130471173,0.08031720594092662,51.40972315908891,0.016100233241847547,20.415179435720194,28.485903046960743,19.644839732658088,-36163922.0,2368475.4,3245.016631990213,2970.9656783737587,3245.016631990213,2589.3364268366727
2023-08-08,3193.104361947542,3198.5115758637803,3167.946698425561,3180.777587890625,1634225,3134.345349121094,3035.78591796875,2980.990069580078,3121.568199270067,60.02445363481355,37.219207507497686,36.578039935931685,0.641167571566001,3245.917689134516,3134.345349121094,3022.773009107672,0.07119339293272721,49.92080560759823,0.01569452884654657,20.301230360578217,27.495841690780935,18.785704503491424,-37798147.0,2390798.3,3245.016631990213,2970.9656783737587,3245.016631990213,2589.3364268366727
2023-08-09,3175.5534955196863,3177.478218496164,3139.0314183474447,3173.35400390625,1794589,3144.0168579101564,3039.0727978515624,2983.0083068847657,3126.5001806639893,58.886382670675204,36.85178980191995,36.632789909129336,0.21899989279061316,3231.248552421511,3144.0168579101564,3056.785163398802,0.05549060227961863,49.336903031568376,0.015547242120115486,19.450108912311027,25.834022648897573,21.836589154497737,-39592736.0,2417000.95,3245.016631990213,2991.6696905215877,3245.016631990213,2589.3364268366727
2023-08-10,3161.898158018935,3175.553802591505,3143.614182986205,3154.657958984375,1096701,3149.067419433594,3042.470283203125,2984.775808105469,3129.1818738373595,56.00633875143773,34.652541123702576,36.236740152043986,-1.5841990283414091,3225.856939483997,3149.067419433594,3072.2778993831907,0.04876968944933851,48.09423992969205,0.015245468939896017,18.65978185320578,24.608558320221906,20.80074733332767,-40689437.0,2430968.4,3245.016631990213,3052.8354343417113,3245.016631990213,2589.3364268366727
2023-08-11,3150.991918067584,3177.157591339879,3128.9043665762088,3160.79833984375,1679974,3146.4676147460937,3045.3645068359374,2986.66228515625,3132.192965837968,56.75443259900811,33.024413240677404,35.59427476977067,-2.5698615290932665,3217.776035594539,3146.4676147460937,3075.1591938976485,0.045326016078636455,48.105595989261936,0.015219444841786387,17.544550064374587,22.845409873683856,21.494575886152738,-39009463.0,2256546.15,3245.016631990213,3052.8354343417113,3245.016631990213,2589.3364268366727
2023-08-14,3153.3739737296105,3166.4798540555926,3126.1542061312957,3161.760009765625,1190425,3144.9648559570314,3048.6118603515624,2988.4457763671876,3135.0088747834593,56.878106825550766,31.449182292009937,34.76525627421852,-3.316073982208586,3213.6041215530954,3144.9648559570314,3076.3255903609675,0.04365025921739697,47.549885413193,0.015039055863293616,16.436693587382294,21.461515964541288,20.605634800034874,-37819038.0,2025239.8,3221.341818927721,3052.8354343417113,3245.016631990213,2589.3364268366727
2023-08-16,3161.898234357217,3176.5621102267,3148.334104427348,3169.5966796875,1328445,3143.618505859375,3052.3190087890625,2990.2666748046877,3138.302951440987,57.93385543644445,30.481779208707394,33.9085608611163,-3.4267816524089056,3209.1454544691555,3143.618505859375,3078.0915572495946,0.04168886809111544,46.16975115506151,0.01456644356392168,15.669153550795778,22.084078526660136,19.705763031672294,-36490593.0,1947599.65,3214.806025220007,3052.8354343417113,3245.016631990213,2589.3364268366727
2023-08-17,3166.4803644355306,3171.796063632933,3128.1709479820706,3148.837890625,1843241,3142.459130859375,3056.6381201171876,2992.004630126953,3139.306278982321,54.15177679656949,27.72049983978195,32.67094865684943,-4.950448817067482,3206.7433635108987,3142.459130859375,3078.174898207851,0.040913329322404796,45.987991476190146,0.014604750410654573,14.705136346453255,20.587693354228644,21.502271542690536,-38333834.0,1884017.4,3198.5115758637803,3052.8354343417113,3245.016631990213,2589.3364268366727
2023-08-18,3125.2380760753504,3125.2380760753504,3076.205748488831,3085.920654296875,2526749,3138.0508056640624,3058.925830078125,2993.4020483398435,3134.2219337741835,44.63976593594008,20.22216239533418,30.181191404546382,-9.959029009212202,3205.0879795838764,3138.0508056640624,3071.0136317442484,0.042725359193556994,47.89114509476006,0.015519240596181831,15.006017006786628,18.3574446949269,26.92344058760452,-40860583.0,1855910.95,3198.5115758637803,3052.8354343417113,3245.016631990213,2589.3364268366727
2023-08-21,3093.1612650197467,3125.0093698966166,3090.411788339729,3117.585693359375,1375579,3139.579052734375,3062.54458984375,2994.82515625,3132.6375299251545,49.4521207424728,16.6429306202499,27.47353924768709,-10.83060862743719,3203.1997366249466,3139.579052734375,3075.958368843804,0.040528161783447876,47.26240013083017,0.015159936174810406,15.285406191381902,17.27296900656389,25.332924192236494,-39485004.0,1896478.2,3198.5115758637803,3052.8354343417113,3245.016631990213,2589.3364268366727
2023-08-22,3116.0733417327847,3126.1547554854496,3084.0419855146843,3099.7138671875,1222012,3139.00166015625,3066.2986181640626,2995.8636877441404,3129.5019429977588,46.97037472375667,12.223353430958014,24.423502084341276,-12.200148653383263,3203.837839970362,3139.00166015625,3074.1654803421384,0.04131006404812443,46.89456940511126,0.01512867684386,15.682418994042674,16.164993362302887,24.678173801941412,-40707016.0,1776746.0,3198.5115758637803,3052.8354343417113,3245.016631990213,2589.3364268366727
2023-08-23,3105.0754377827743,3117.906328021546,3094.077531863827,3114.469482421875,1330046,3138.960412597656,3069.665419921875,2997.0558447265626,3128.07028008577,49.23556677217688,9.798510370511394,21.498503741575302,-11.699993371063908,3203.8578889589485,3138.960412597656,3074.062936236364,0.041349662200796104,45.24701417315467,0.014528000492067646,16.051073739370533,15.556914829766049,23.749854972799884,-39376970.0,1753840.0,3198.5115758637803,3052.8354343417113,3245.016631990213,2589.3364268366727
2023-08-24,3123.4051569072394,3128.033486881535,3096.0021319156044,3104.84619140625,1152881,3138.9352172851563,3072.8978173828127,2998.3549255371095,3125.858462116292,47.801469215018265,7.019370679507574,18.602677129161755,-11.58330644965418,3203.8852385496375,3138.9352172851563,3073.985196020675,0.04138347354658437,44.30303851549579,0.014268996202813517,16.031182427634253,16.38627881625002,22.523334721571132,-40529851.0,1756693.3,3198.5115758637803,3052.8354343417113,3245.016631990213,2589.3364268366727
2023-08-25,3093.1608694129627,3103.0590289456754,3070.4776897039346,3098.934814453125,1158046,3138.220361328125,3075.8786083984373,2999.5772058105467,3123.29430519599,46.89781540237701,4.290426370585465,15.740226977446497,-11.449800606861032,3204.5855319595653,3138.220361328125,3071.8551906966845,0.042294780474468656,43.59342874312576,0.014067229984900079,16.62789132333067,15.463512198128035,25.437192882438474,-41687897.0,1760997.2,3198.5115758637803,3052.8354343417113,3245.016631990213,2589.3364268366727
2023-08-28,3110.5740285527827,3110.5740285527827,3079.50503745056,3093.664794921875,1037485,3139.1437133789063,3078.9505419921875,3000.700830078125,3120.472447074646,46.06180809077954,1.6830704238309409,12.928795666723387,-11.245725242892446,3202.417684703673,3139.1437133789063,3075.86974205414,0.040312885998239185,42.698826054489835,0.013802020866830246,16.902969887084573,15.916960994308145,24.115129236136113,-42725382.0,1733811.05,3198.5115758637803,3070.4776897039346,3245.016631990213,2589.3364268366727
2023-08-29,3098.706033975188,3106.4962177667344,3083.9962892417298,3094.215087890625,944517,3137.0678588867186,3082.7903662109375,3001.905500488281,3117.971746199977,46.16971532513269,-0.3350120944819537,10.27603411448232,-10.611046208964273,3203.3079322734466,3137.0678588867186,3070.8277854999906,0.04223056456944814,41.25604765952661,0.013333283720638666,17.15839998199891,15.296912532110104,23.17571945785493,-41780865.0,1655693.75,3198.5115758637803,3070.4776897039346,3245.016631990213,2589.3364268366727
2023-08-30,3114.240122580418,3123.496782192859,3100.5386105821626,3107.77880859375,1188200,3134.26796875,3086.252451171875,3003.2241247558595,3117.0009902374795,48.88414957426149,-0.830306865053899,8.054765918575075,-8.885072783628974,3200.489475718553,3134.26796875,3068.046461781447,0.04225644241577936,40.40073670543428,0.012999875214322396,16.74052740775812,17.510692753864564,21.97591048027691,-40592665.0,1565735.7,3198.5115758637803,3070.4776897039346,3245.016631990213,2589.3364268366727
2023-08-31,3116.9896187870163,3132.0199996616384,3064.4287075753277,3076.480712890625,3417652,3130.4255615234374,3088.7722802734374,3003.8969677734376,3113.141916204446,43.440710919939,-3.70561032412661,5.702690670034738,-9.408300994161348,3200.5785479500073,3130.4255615234374,3060.2725750968675,0.044820095573478255,42.34291923263973,0.01376342749532625,17.291983091691296,15.514119520016841,25.56161729479763,-44010317.0,1527337.35,3198.5115758637803,3064.4287075753277,3245.016631990213,2589.3364268366727
2023-09-01,3084.912602177715,3105.991921800439,3076.4809190792193,3097.01025390625,1277950,3129.4746826171877,3091.145087890625,3004.585733642578,3111.6055674141417,47.565206474797456,-4.278427593388642,3.7064670173500627,-7.984894610738705,3200.8867436119062,3129.4746826171877,3058.062621622469,0.04563836952660468,41.42636849529502,0.013376245184543405,17.80404908391496,14.72469750480407,24.260937394083882,-42732367.0,1602475.0,3198.5115758637803,3064.4287075753277,3245.016631990213,2589.3364268366727
2023-09-04,3095.910630604843,3146.180316935127,3088.62456241485,3133.028564453125,1828332,3128.3267822265625,3094.598427734375,3005.4674548339844,3113.645852846426,53.91494432992087,-1.8052035003997844,2.6041329138000933,-4.409336414199878,3198.7282148182426,3128.3267822265625,3057.9253496348824,0.0450090016117641,42.578467497079444,0.013590194478329496,16.851244579985423,20.044872273414693,21.918444581622012,-40904035.0,1565054.95,3198.5115758637803,3064.4287075753277,3245.016631990213,2589.3364268366727
2023-09-05,3134.402634142966,3159.1479180967262,3120.792638467226,3142.971923828125,1501842,3125.820166015625,3098.655576171875,3006.2979736328125,3116.4388119875402,55.51645595583243,0.9462822604932626,2.2725627831387274,-1.3262805226454648,3190.123363685189,3125.820166015625,3061.5169683460613,0.04114324833442282,42.27681122082379,0.01345122140618133,15.723223587458095,20.936839524036092,20.498064326051065,-39402193.0,1544046.9,3198.5115758637803,3064.4287075753277,3245.016631990213,2589.3364268366727
2023-09-06,3147.2340256547322,3156.307208388253,3114.332047153296,3143.476318359375,1314818,3123.9551025390624,3103.2109521484376,3007.1591845703124,3119.0138125943813,55.600744312254974,3.1314574800903756,2.444341722529057,0.6871157575613185,3183.7821171957585,3123.9551025390624,3064.1280878823663,0.038302096344515556,42.255264793261865,0.013442208724930203,14.72363647677495,19.451264346816696,20.13572499094732,-38087375.0,1526444.55,3177.478218496164,3064.4287075753277,3245.016631990213,2589.3364268366727
2023-09-07,3144.3010421288996,3171.0625658531403,3136.5108595249253,3166.709228515625,1885092,3123.6228637695312,3108.0902197265623,3008.1611779785158,3123.556233158309,59.415336230149606,6.661140784488907,3.2877015349210277,3.3734392495678795,3182.41370420135,3123.6228637695312,3064.8320233377126,0.037642726408316105,41.70501061718709,0.013169826342640259,14.010167255363845,20.82736034168076,18.94415241575622,-36202283.0,1510474.2,3177.157591339879,3064.4287075753277,3245.016631990213,2589.3364268366727
2023-09-08,3166.7091352425186,3175.6449326721154,3148.19604070307,3154.473876953125,1518917,3123.613659667969,3112.393876953125,3009.3679345703126,3126.5007706625775,56.65472013205253,8.37461229965038,4.305083687866898,4.069528611783482,3182.3851166493096,3123.613659667969,3064.8422026866283,0.03763042641296931,40.6867164280341,0.012898099022247412,13.489258586388365,20.62818813708607,18.031260587737012,-37721200.0,1514999.35,3177.157591339879,3064.4287075753277,3245.016631990213,2589.3364268366727
2023-09-11,3172.8955494880947,3194.6163668180566,3157.3151842826364,3189.988037109375,1783604,3125.07314453125,3115.8208984375,3010.6127502441404,3132.5471769908436,62.15169411713744,12.454676977273266,5.935002345748172,6.519674631525094,3188.713817686369,3125.07314453125,3061.4324713761307,0.040729077504305954,40.64784310209821,0.012742318350175216,13.571260916438101,22.506826882151586,16.75932577230096,-35937596.0,1536110.15,3194.6163668180566,3064.4287075753277,3245.016631990213,2589.3364268366727
2023-09-12,3200.3903604544553,3290.114846064527,3192.1419316903975,3281.77490234375,4476016,3131.0738891601563,3121.6312255859375,3012.345997314453,3146.7593413101677,72.02589138408243,22.831404341945472,9.314282744987633,13.517121596957839,3223.5292973275064,3131.0738891601563,3038.6184809928063,0.05905667604168179,44.89634066303061,0.013680505823530713,15.569209956034955,34.11501311336617,14.089592106707988,-31461580.0,1541291.65,3290.114846064527,3064.4287075753277,3290.114846064527,2589.3364268366727
2023-09-13,3272.8850935254304,3289.1528286270604,3248.964559733963,3269.906494140625,1754929,3136.0893798828124,3126.5359619140627,3013.7011755371095,3158.4876415797353,69.50099815965909,29.754364393881133,13.402299074766333,16.3520653191148,3245.6588978783047,3136.0893798828124,3026.51986188732,0.0698765275622257,44.56004982232108,0.013627316225148529,17.42444834994632,31.91729929674868,13.181930393651669,-33216509.0,1705571.2,3290.114846064527,3064.4287075753277,3290.114846064527,2589.3364268366727
2023-09-14,3271.922733688605,3297.2636512739155,3249.514546133057,3262.7578125,2604721,3141.7853759765626,3131.0947900390624,3014.9784704589842,3168.418134048332,67.9557482083284,34.26898966672843,17.57563719315875,16.69335247356968,3264.4726827644868,3141.7853759765626,3019.0980691886384,0.07810037421782143,44.78783948793089,0.013726988658595354,19.27290018482578,30.78028751695948,12.178109797445344,-35821230.0,1726895.4,3297.2636512739155,3064.4287075753277,3297.2636512739155,2589.3364268366727
2023-09-15,3269.906821792652,3306.1082640969844,3264.9576296055875,3297.81396484375,2952897,3152.3800415039063,3136.300810546875,3016.406202392578,3180.7415465050385,71.32292225070987,40.21206162396811,22.102922079320624,18.109139544647487,3289.6680532872942,3152.3800415039063,3015.0920297205184,0.0871011806799106,44.68516892429185,0.013549936230683962,21.127634710214508,30.061164159561397,11.334227120956037,-32868333.0,1764969.4,3306.1082640969844,3064.4287075753277,3306.1082640969844,2589.3364268366727
2023-09-18,3281.0875035527256,3317.05981755895,3276.6882968344953,3305.0078125,1395753,3161.7511474609373,3141.534609375,3017.8605883789064,3192.5764289807494,71.97374418799741,44.983925658497355,26.679122795155973,18.304802863341383,3313.1236866987065,3161.7511474609373,3010.378608223168,0.09575234240640966,44.377051195732044,0.013427215218037263,23.02026762857314,29.870493591778292,10.597713905904664,-31472580.0,1786276.8,3317.05981755895,3064.4287075753277,3317.05981755895,2589.3364268366727
2023-09-20,3281.0420814466465,3322.28423051511,3281.0420814466465,3304.916748046875,1649396,3172.0112915039062,3147.8141650390626,3019.343575439453,3203.275506987047,71.95148345951063,48.20266384132992,30.983831004390765,17.218832836939157,3332.703906211741,3172.0112915039062,3011.3186767960715,0.10131906852806162,44.15312961521285,0.013359831118682873,24.859598624081247,28.722731473849628,9.890641398892848,-33121976.0,1787285.5,3322.28423051511,3064.4287075753277,3322.28423051511,2589.3364268366727
2023-09-21,3288.8777692460058,3303.9540195360164,3233.3841278566065,3285.899169921875,2004073,3180.5827758789064,3153.7051416015624,3020.355079345703,3211.1444272665544,67.27207345856414,48.65807739521506,34.51868028255563,14.139397112659431,3346.2937074908527,3180.5827758789064,3014.87184426696,0.1042016154200889,46.10880751343111,0.014032325743740756,24.686946934312648,25.539868477528426,16.17746610647906,-35126049.0,1808654.7,3322.28423051511,3064.4287075753277,3322.28423051511,2589.3364268366727
2023-09-22,3284.7080587105493,3330.3035458536438,3267.340576197595,3302.717041015625,1989083,3190.476318359375,3160.161005859375,3021.612589111328,3219.86562857599,69.18092204854719,49.801971436133954,37.57533851327129,12.226632922862663,3360.490240798178,3190.476318359375,3020.462395920572,0.10657588740619685,47.312676237903794,0.014325379876731608,25.054727428523968,27.090172825789153,14.6397004700983,-33136966.0,1842356.05,3330.3035458536438,3064.4287075753277,3330.3035458536438,2589.3364268366727
2023-09-25,3301.6628521719144,3317.701464222715,3261.474583332011,3278.4296875,1238778,3199.451062011719,3164.6566650390623,3022.8074365234374,3225.4431579973243,63.42752175721075,48.19318817992462,39.69890844660196,8.494279733322657,3368.1334243667657,3199.451062011719,3030.768699656672,0.10544456476167154,47.94940514167522,0.014625723200499544,25.189020418315238,24.821120513127997,14.28732695211543,-34375744.0,1884166.15,3330.3035458536438,3064.4287075753277,3330.3035458536438,2589.3364268366727
2023-09-26,3269.677252510413,3294.7431767877106,3240.716013118244,3286.265625,1726062,3209.081103515625,3166.1260888671877,3024.2213415527344,3231.235773902341,64.45463120026479,47.008624367454104,41.16085163077239,5.847772736681712,3374.46549026546,3209.081103515625,3043.6967167657895,0.10307273728211656,48.383530750803175,0.014722951907091556,24.602242107624154,22.841381422436832,16.21235222045598,-32649682.0,1888202.75,3330.3035458536438,3064.4287075753277,3330.3035458536438,2589.3364268366727
2023-09-27,3290.2066852753064,3312.2024959846676,3258.770961052586,3289.565185546875,1541134,3218.8486083984376,3168.0810888671876,3025.6728173828124,3236.790955963725,64.90162262656537,45.808049294557804,42.09029116352948,3.717758131028326,3378.933198403364,3218.8486083984376,3058.7640183935114,0.09946698927513556,48.74410247803736,0.01481779497551859,24.45091656925747,23.61141135369516,14.94296662161234,-31108548.0,1922631.6,3330.3035458536438,3064.4287075753277,3330.3035458536438,2589.3364268366727
2023-09-28,3299.3716920990314,3301.937914832368,3232.788627869385,3241.403564453125,1755753,3225.5298461914062,3168.9786865234373,3027.016785888672,3237.2302520103344,54.18979955119242,40.5034460670654,41.77292214423666,-1.2694760771712623,3377.4606374289137,3225.5298461914062,3073.5990549538988,0.0942051684419551,50.201615655533466,0.015487616601052037,23.46939895063947,21.288332649699402,17.16961355730064,-32864301.0,1952462.45,3330.3035458536438,3064.4287075753277,3330.3035458536438,2589.3364268366727
2023-09-29,3241.816269233915,3270.456651403998,3212.80937967325,3233.9345703125,2243791,3233.4025390625,3170.2168701171877,3028.5798132324217,3236.9163775629218,52.7361426905269,35.29002296801673,40.47634230899267,-5.186319340975942,3369.071427182996,3233.4025390625,3097.7336509420043,0.08391710372061009,50.733448232334496,0.015687840037973324,21.974913612902053,19.560514669211422,18.58899757949309,-35108092.0,1980840.1,3330.3035458536438,3076.4809190792193,3330.3035458536438,2589.3364268366727
2023-10-03,3239.0664965379606,3239.0664965379606,3189.484405708049,3220.416015625,1948148,3239.5728271484377,3171.143447265625,3030.103192138672,3235.3449145212153,50.115721104250376,29.72486349405517,38.32604654600517,-8.601183051950002,3360.266307717054,3239.5728271484377,3118.8793465798212,0.07451197241634738,50.651208417875715,0.015728156912685587,20.844797017400197,18.192825941732128,20.57853695527567,-37056240.0,1922147.05,3330.3035458536438,3088.62456241485,3330.3035458536438,2610.573761166664
2023-10-04,3195.166351915829,3251.7138679466116,3186.9179232767315,3242.31982421875,1788138,3245.037390136719,3174.2494287109375,3031.5335864257813,3236.0091916352662,54.09577981492607,26.773263298354777,36.015489896475096,-9.242226598120318,3355.394282413904,3245.037390136719,3134.6804978595337,0.0680157908889522,51.66154672159031,0.015933513509586727,19.437502431362862,18.31161531383358,18.73493618593004,-35268102.0,1955656.95,3330.3035458536438,3114.332047153296,3330.3035458536438,2610.573761166664
2023-10-05,3257.213239742299,3321.3676929730136,3254.6470168624746,3289.611328125,2990768,3252.3693603515626,3177.8164208984376,3033.052941894531,3241.114157015241,61.2790186740125,27.928189231016404,34.39802976338336,-6.469840532366959,3353.747404479227,3252.3693603515626,3150.991316223898,0.06234103995906914,53.617712581066975,0.01629910260906956,19.547640620095038,25.662448879049002,16.762031676987913,-32277334.0,1953647.25,3330.3035458536438,3114.332047153296,3330.3035458536438,2610.573761166664
2023-10-06,3291.123346974305,3331.403132660782,3276.5053417710587,3318.984619140625,2075691,3261.144775390625,3181.890224609375,3034.986431884766,3248.530391503373,64.94791711496214,30.85794428228519,33.69001266716373,-2.8320683848785393,3353.2613092841825,3261.144775390625,3169.0282414970675,0.05649337287242861,53.70914674597099,0.016182403026585204,19.83517382364605,25.123477389544863,15.538246363416764,-30201643.0,2028093.55,3331.403132660782,3136.5108595249253,3331.403132660782,2610.573761166664
2023-10-09,3340.659739733684,3371.7746033230796,3327.782980338707,3334.519287109375,4233074,3269.5352783203125,3186.4736083984376,3037.285272216797,3256.7198101325157,66.74269393804126,34.04091170420725,33.760192474572435,0.280719229634812,3356.1205134946003,3269.5352783203125,3182.9500431460247,0.05296485757374672,53.6434922771484,0.016087324036338328,20.78180044498992,28.733127184024685,14.44603056062593,-25968569.0,2066137.2,3371.7746033230796,3148.19604070307,3371.7746033230796,2631.723604132221
2023-10-10,3336.0774205452512,3343.3634886605696,3300.609217759891,3325.8583984375,1848148,3278.1045043945314,3190.7261376953124,3039.7102624511717,3263.3044375901336,64.75204233523434,35.45586187913386,34.09932635548472,1.3565355236491428,3350.1455341149103,3278.1045043945314,3206.0634746741525,0.0439528572831054,52.865690750257684,0.015895352242023944,20.873941842848126,27.07330924861764,17.28306737715097,-27816717.0,2183536.3,3371.7746033230796,3157.3151842826364,3371.7746033230796,2659.1553586265277
2023-10-11,3345.196247840039,3345.196247840039,3303.954102318724,3308.44482421875,2426417,3284.02734375,3195.3910791015624,3041.862315673828,3267.603522030954,60.82399582068616,34.77126863828926,34.233714812045626,0.5375538262436308,3344.696895413855,3284.02734375,3223.357792086145,0.036948262187474455,52.03543751961894,0.015728065687753003,20.992767327428698,25.792196817887522,16.304625961893734,-30243134.0,2199997.85,3371.7746033230796,3186.9179232767315,3371.7746033230796,2659.1553586265277
2023-10-12,3276.4596095114603,3288.969638519313,3242.6411368893027,3246.719482421875,4241281,3282.2745727539063,3197.6108251953124,3043.5966186523438,3265.6145658777086,49.38733998460238,28.914693749120943,33.16991059946069,-4.25521685033975,3345.090703479639,3282.2745727539063,3219.4584420281735,0.03827597559763478,53.01888393460668,0.016329986074145677,19.552450899473108,23.505650794780003,23.119437778163736,-34484415.0,2232138.5,3371.7746033230796,3186.9179232767315,3371.7746033230796,2659.1553586265277
2023-10-13,3235.217212916928,3278.2923429472667,3230.6347522754027,3272.656005859375,2890357,3282.4120483398438,3199.7884130859375,3045.4998608398437,3266.285179209296,53.356075270345265,26.06570738653454,31.749069956875463,-5.683362570340922,3345.1312652777924,3282.4120483398438,3219.692831401895,0.038215322155955626,52.635934415839344,0.016083552417852587,18.356064378427888,21.98547438123588,23.25354192514375,-31594058.0,2220401.75,3371.7746033230796,3186.9179232767315,3371.7746033230796,2659.1553586265277
2023-10-16,3268.210960552936,3276.138528036827,3225.2275688286772,3229.76416015625,1671104,3280.7623657226563,3201.317119140625,3047.32771484375,3262.8069869185297,46.81795288217047,20.11497872857217,29.422251711214805,-9.307272982642637,3347.09423280861,3280.7623657226563,3214.430498636703,0.04043686173615474,52.51272190100439,0.01625899579567566,17.364323081831348,20.462984008732832,22.378731081434715,-33265162.0,2277173.15,3371.7746033230796,3186.9179232767315,3371.7746033230796,2701.0559547014504
2023-10-17,3235.2170422343333,3239.0203948649587,3210.7926178047637,3214.18359375,1672065,3276.580847167969,3203.280234375,3048.9687622070314,3258.176187569146,44.67634481718445,13.980602217948217,26.33392181256149,-12.353319594613271,3348.4026500580126,3276.580847167969,3204.759044277925,0.043839481606029115,50.77808298380371,0.015798127736866684,16.764358921207688,19.650450450041657,23.520665360995967,-34937227.0,2230492.3,3371.7746033230796,3186.9179232767315,3371.7746033230796,2701.0559547014504
2023-10-18,3217.804042782525,3228.5269565339395,3193.0587539317335,3196.037353515625,1408245,3271.13232421875,3204.08125,3050.4898010253905,3252.2582033735725,42.25216601779209,7.56758034941322,22.580653519931836,-15.013073170518616,3349.7164076161625,3271.13232421875,3192.5482408213375,0.04804702201472752,49.684520099403876,0.015545663145880056,16.588186754087516,18.648462368338098,24.870828149643753,-36345472.0,2166450.7,3371.7746033230796,3186.9179232767315,3371.7746033230796,2701.0559547014504
2023-10-19,3187.9971019140276,3194.750838771474,3171.8250136242077,3175.270751953125,1514545,3264.6500244140625,3203.724580078125,3051.9176513671873,3244.9260651430536,39.60374670337169,0.8002977881747029,18.22458237358041,-17.424284585405708,3351.9253821569473,3264.6500244140625,3177.3746666711777,0.05346689972291835,47.86507865597626,0.015074329843064315,16.854547002525607,17.97465931013335,27.140889164191005,-37860017.0,2167075.3,3371.7746033230796,3171.8250136242077,3371.7746033230796,2717.559829442266
2023-10-20,3170.446688296385,3215.5629781222533,3164.612039380442,3211.0146484375,1481211,3260.905798339844,3204.3293212890626,3053.472541503906,3241.6964064091917,45.89057805035345,-1.6594594594916998,14.247774006965988,-15.907233466457688,3350.6050549021834,3260.905798339844,3171.2065417775043,0.05501493272697803,48.0854972335359,0.014975172180212446,16.508725520107436,19.705784429095193,25.086729890216827,-36378806.0,2160332.75,3371.7746033230796,3164.612039380442,3371.7746033230796,2724.9918710842394
2023-10-23,3191.2128167621163,3196.680009517312,3125.330351129837,3133.462158203125,1106272,3252.4430541992188,3203.531484375,3054.693123779297,3231.3883827705185,36.912659084644915,-9.754231914855609,9.44737282260167,-19.20160473745728,3355.6817327732847,3252.4430541992188,3149.204375625153,0.06348377318445272,50.77112581025928,0.016202884619922725,16.96082383986063,17.33031121508565,27.58903800655672,-37485078.0,2134189.65,3371.7746033230796,3125.330351129837,3371.7746033230796,2754.7570931112723
2023-10-25,3115.40651814617,3147.107307078789,3103.185589430405,3115.0390625,1518537,3244.2735229492187,3202.7391064453127,3055.8005163574217,3220.307495125707,35.153240935750745,-17.45477942839716,4.066942372401904,-21.521721800799064,3362.7309843235666,3244.2735229492187,3125.8160615748707,0.07302556984570388,50.281882370125324,0.01614165388018319,17.763690502478646,16.249011436335206,29.01346222282903,-39003615.0,2090049.1,3371.7746033230796,3103.185589430405,3371.7746033230796,2754.7570931112723
2023-10-26,3094.778541475233,3099.9700309962845,3059.8157372092046,3066.01806640625,1984471,3233.2611450195313,3200.8435009765626,3056.4414514160158,3205.613263819092,30.928870427762604,-27.19956387037837,-2.186358876154151,-25.013204994224218,3373.0803658553336,3233.2611450195313,3093.441924183729,0.08648804693748774,50.63484257874462,0.01651485460361128,19.164869215018125,14.983191303535312,32.8712876431744,-40988086.0,2104037.05,3371.7746033230796,3059.8157372092046,3371.7746033230796,2754.7570931112723
2023-10-27,3078.1927983487076,3089.219160611449,3066.2475725640707,3079.065673828125,1108851,3222.7361694335937,3199.1896142578125,3057.1329846191406,3193.561112391381,33.228824102095885,-33.48356517593629,-8.445800136110579,-25.037765039825715,3375.141988686142,3222.7361694335937,3070.330350181045,0.09458162954700346,48.675289123491346,0.01580846083837328,20.465963733804784,14.473066763096536,31.75213684526336,-39879235.0,2116957.5,3371.7746033230796,3059.8157372092046,3371.7746033230796,2774.276130572517
2023-10-30,3078.1931563450225,3108.377916282555,3063.261622377677,3104.4267578125,910972,3215.8873291015625,3197.8862158203124,3057.967069091797,3185.072126241011,37.57963725513618,-36.00224251713962,-13.957088612316388,-22.04515390482323,3376.4165673565585,3215.8873291015625,3055.3580908465665,0.09983511350184263,48.42107517930466,0.015597428754745058,21.070897703066365,16.33604603790501,29.63892074682148,-38968263.0,2095343.35,3371.7746033230796,3059.8157372092046,3371.7746033230796,2780.7970275331877
2023-10-31,3123.217253667092,3123.217253667092,3078.23892708099,3095.421630859375,999811,3208.9616821289064,3196.817890625,3059.1977355957033,3176.533983823713,36.66604545766521,-38.28364096001633,-18.822399081856375,-19.461241878159953,3377.52927776431,3208.9616821289064,3040.394086493503,0.10506052258222756,48.17516456550447,0.015563361089561717,21.18342037479333,17.446822471292855,27.662340565735672,-39968074.0,2053104.3,3371.7746033230796,3059.8157372092046,3371.7746033230796,2780.7970275331877
2023-11-01,3082.7867674773142,3098.039989949302,3042.356777084169,3060.412353515625,1563475,3200.9614990234377,3196.307724609375,3059.772490234375,3165.4747809372284,33.27881000675367,-42.427543448836786,-23.543427955252458,-18.88411549358433,3381.3670500315507,3200.9614990234377,3020.5559480153247,0.11271960069694799,48.71145372976362,0.015916630866362406,21.91059565915318,16.022259992944424,30.66528200500825,-41531549.0,1990905.3,3371.7746033230796,3042.356777084169,3371.7746033230796,2780.7970275331877
2023-11-02,3071.944460658224,3102.037240795796,3071.944460658224,3087.473388671875,1245384,3193.2191772460938,3195.705478515625,3060.631378173828,3158.0460769119563,38.043290983119874,-43.03197087406534,-27.441136539015034,-15.590834335050303,3379.0691077657666,3193.2191772460938,3007.369246726421,0.11640286507358016,48.20527041193559,0.01561317761921564,22.46065951614799,15.626334581162782,28.773907745416498,-40286165.0,1971671.65,3371.7746033230796,3042.356777084169,3371.7746033230796,2785.8433071135864
2023-11-03,3107.596521485964,3113.017726690146,3072.955410568782,3079.019775390625,1402598,3182.689599609375,3195.2915966796877,3061.260355224609,3150.5197624813536,37.15080240520562,-43.68949460716112,-30.69080815264425,-12.998686454516871,3369.3623613609343,3182.689599609375,2996.0168378578155,0.11730503771053925,47.623630819751895,0.015467140289383183,22.619949987576284,16.334298592037925,27.044950070561434,-41688763.0,1944533.95,3371.7746033230796,3042.356777084169,3371.7746033230796,2785.8433071135864
2023-11-06,3101.164491736812,3117.060876071951,3086.462674887097,3105.988525390625,1099852,3172.039794921875,3195.1219775390623,3061.999113769531,3146.278692282237,41.83853718647773,-41.55540927431957,-32.86372837697932,-8.691680897340255,3350.517779860873,3172.039794921875,2993.561809982877,0.11253199611475473,46.939164381292905,0.015112471922409821,22.635766898368118,16.003992999409792,25.479367893051798,-40588911.0,1865125.45,3371.7746033230796,3042.356777084169,3371.7746033230796,2785.8433071135864
2023-11-07,3103.9208626386717,3127.9490531184615,3092.894500782051,3096.9833984375,1191144,3160.1630004882813,3194.9647216796875,3062.514520263672,3141.5839023922617,40.74569186453846,-40.12819688417403,-34.31662207841826,-5.811574805755768,3324.8959163799063,3160.1630004882813,2995.4300845966563,0.10425596139577097,46.09026352094415,0.014882308876501488,22.28860336824149,16.82196075928764,24.09517744482751,-41780055.0,1816333.5,3345.196247840039,3042.356777084169,3371.7746033230796,2785.8433071135864
2023-11-08,3097.902493811986,3125.927832295336,3096.1567427867762,3107.18310546875,992899,3149.2292358398436,3195.1296875,3062.924404296875,3138.307636018594,42.57532204385034,-37.73905730667593,-35.0011091240698,-2.7379481826061323,3296.63726009753,3149.2292358398436,3001.821211582157,0.09361530280495788,44.924608234345264,0.01445830731870175,21.966237233123906,16.025693223270395,22.95463218684988,-40787156.0,1664237.0,3345.196247840039,3042.356777084169,3371.7746033230796,2785.8433071135864
2023-11-09,3115.0395198974807,3116.32583917985,3070.88807990428,3075.849853515625,2112352,3137.5994873046875,3194.773388671875,3062.976413574219,3132.359275780216,38.629273852754054,-37.93666825154423,-35.588220949564686,-2.3484473019795473,3268.729603773332,3137.5994873046875,3006.469370836043,0.08358626841903921,44.96126188014703,0.01461750866309594,22.253669812210497,14.868869452804901,25.311993636356938,-42899508.0,1621474.55,3288.969638519313,3042.356777084169,3371.7746033230796,2785.8433071135864
2023-11-10,3067.1662251659995,3075.8494399844067,3052.786101769985,3062.9853515625,1338557,3128.4127807617188,3194.1487939453127,3062.911472167969,3125.752235378529,37.108549126670425,-38.68539301371038,-36.20765536239382,-2.477737651316559,3253.270877496734,3128.4127807617188,3003.5546840267034,0.07982200910495858,43.397154013396516,0.014168253854449099,22.89887364916114,14.304428367744745,27.330572806704538,-44238065.0,1605771.3,3278.2923429472667,3042.356777084169,3371.7746033230796,2785.8433071135864
2023-11-13,3083.705913859629,3083.705913859629,3057.058872291712,3061.23974609375,1030990,3117.8419677734373,3193.2180126953126,3062.9144738769533,3119.6081887799783,36.89629573945373,-38.97039213241624,-36.760202716398304,-2.2101894160179327,3226.854800464569,3117.8419677734373,3008.8291350823056,0.06992838881374203,42.200717410148,0.01378549898419345,23.194484887200698,14.989042135716232,26.097894186276093,-45269055.0,1460635.1,3276.138528036827,3042.356777084169,3371.7746033230796,2785.8433071135864
2023-11-15,3108.6075388652434,3136.081470807579,3083.7522335870945,3128.08740234375,2059802,3112.7581298828127,3194.250146484375,3063.2970812988283,3120.4157329289087,48.94058695453457,-33.41699844043478,-36.0915618612056,2.6745634207708164,3209.1743858612754,3112.7581298828127,3016.34187390435,0.06194908306742902,44.532217931839504,0.014236244773235334,21.758068857026046,21.590602791755114,22.9649915966924,-43209253.0,1367666.75,3239.0203948649587,3042.356777084169,3371.7746033230796,2785.8433071135864
2023-11-16,3151.7478830543773,3242.991076076638,3137.183806430668,3214.046875,3951984,3112.7512939453127,3196.59087890625,3063.8744799804685,3129.332984554727,59.614897323179115,-21.82806256171216,-33.23886200130691,11.410799439594754,3209.1387996881854,3112.7512939453127,3016.36378820244,0.06193074655874907,49.558750489057246,0.01541942367877172,22.14117356273759,33.423774628941565,19.16176832897632,-39257269.0,1387101.65,3242.991076076638,3042.356777084169,3371.7746033230796,2785.8433071135864
2023-11-17,3214.047043797082,3238.534668324732,3209.1770219858477,3218.273681640625,2021292,3113.8631103515627,3198.29578125,3064.3759252929685,3137.8035271343365,60.05708545424954,-12.162477938256416,-29.023585188696813,16.861107250440398,3214.4876005996202,3113.8631103515627,3013.238620103505,0.06463000246449292,48.11581447833062,0.014950815013905822,22.49691364661259,31.96710571827609,18.326663601635772,-37235977.0,1501097.6,3242.991076076638,3042.356777084169,3371.7746033230796,2785.8433071135864
2023-11-20,3207.9823552979888,3247.1717958060967,3207.9823552979888,3234.0322265625,1475621,3116.8011840820313,3200.1169873046874,3064.985876464844,3146.968165175114,61.739099038231515,-3.1940308128550896,-23.85767431352847,20.66364350067338,3227.3665608392644,3116.8011840820313,3006.2358073247983,0.07094798174609719,47.47821633760043,0.014680811139617405,22.96634536632597,31.38178429595136,17.246150491278158,-35760356.0,1531749.95,3247.1717958060967,3042.356777084169,3371.7746033230796,2785.8433071135864
2023-11-21,3234.0319825306688,3251.9038322872334,3216.941032130206,3225.39453125,1807236,3117.5201782226563,3201.7553515625,3065.637479248047,3154.437342896532,60.24164661922223,3.1798826173067027,-18.450162927361436,21.63004554466814,3230.683345215404,3117.5201782226563,3004.3570112299085,0.07259819377160459,46.58425803898806,0.014442964290924854,23.480885451085967,30.425005836776872,16.321598877726757,-37567592.0,1529803.75,3251.9038322872334,3042.356777084169,3371.7746033230796,2785.8433071135864
2023-11-22,3216.0221858385917,3246.022988782295,3198.655755767825,3243.725830078125,1798051,3123.0333618164063,3203.29568359375,3066.278205566406,3162.9410083423977,62.329837877784186,9.599777289708072,-12.840174883947535,22.439952173655605,3248.807228566967,3123.0333618164063,2997.259495065846,0.08054596424638154,46.640184822951056,0.01437858415482289,23.39455607856796,28.21791408530623,17.937952830002235,-35769541.0,1546105.0,3251.9038322872334,3042.356777084169,3371.7746033230796,2785.8433071135864
2023-11-23,3243.588309420206,3256.4523990326375,3216.022403107853,3223.60302734375,2729804,3128.461560058594,3204.6782666015624,3067.1583557128906,3168.7183434853837,58.6860216199279,12.914972301642592,-7.689145446829509,20.604117748472103,3261.5452704566196,3128.461560058594,2995.3778496605682,0.08507933234476636,46.19659990165346,0.014330734743018117,23.51386714440342,28.06652828967707,16.816609698751556,-38499345.0,1580693.95,3256.4523990326375,3042.356777084169,3371.7746033230796,2785.8433071135864
2023-11-24,3210.7394561951523,3220.2037970903934,3172.836328895145,3176.603759765625,1989733,3133.9908447265625,3204.4105810546876,3067.578253173828,3169.4693355120735,51.162826816624325,11.615938816992639,-3.8281285940650798,15.444067411057718,3265.4164066092176,3133.9908447265625,3002.5652828439074,0.08387105667765396,46.523035512149995,0.01464552680488628,22.39105256490411,25.87891004468781,22.136376301042713,-40489078.0,1641257.3,3256.4523990326375,3042.356777084169,3371.7746033230796,2785.8433071135864
2023-11-28,3176.6034917170814,3198.7939582765516,3154.4587888727906,3188.594482421875,1689195,3139.46728515625,3202.54697265625,3067.821965332031,3171.290778074912,52.82441680622933,11.422327052971013,-0.7780374646578614,12.200364517628875,3270.4087579115203,3139.46728515625,3008.5258124009797,0.08341636389993685,46.366759361550784,0.014541441257946739,20.89017533850108,24.111409427844503,23.455569528405594,-38799883.0,1641520.4,3256.4523990326375,3042.356777084169,3371.7746033230796,2785.8433071135864
2023-11-29,3198.5639575829327,3232.5619082955354,3193.7859120788967,3228.65673828125,1441634,3145.6787841796877,3201.7219775390627,3068.166630859375,3176.754202856468,57.96971352792521,14.336317425462767,2.2448335133662645,12.091483912096502,3281.091938656229,3145.6787841796877,3010.2656297031463,0.08609471199511154,46.195378398130046,0.01430792498019526,20.238731813023527,27.69352162097977,21.86097430771262,-37358249.0,1670537.6,3256.4523990326375,3042.356777084169,3371.7746033230796,2785.8433071135864
2023-11-30,3215.516570825656,3231.3209768843953,3198.5635854845677,3204.628173828125,3266235,3151.139111328125,3200.559384765625,3068.4925512695313,3179.4088667585306,54.15461524661613,14.539172918471195,4.7037013943872505,9.835471524083944,3286.812658974775,3151.139111328125,3015.4655636814755,0.08611079540024924,45.235522183965585,0.014115685106122305,19.633819967937228,26.26107036652297,20.7302123735927,-40624484.0,1697070.7,3256.4523990326375,3042.356777084169,3371.7746033230796,2785.8433071135864
2023-12-01,3216.022623635975,3231.5973169040535,3206.8799756151684,3226.727294921875,1172141,3159.4548583984374,3199.1376513671876,3068.8718017578126,3183.9153837264685,56.96009864510589,16.295309555304357,7.022023026570672,9.273286528733685,3292.2221386931105,3159.4548583984374,3026.6875781037643,0.08404442300655267,43.93078081910579,0.013614655594925147,19.078412012251807,25.154451939296834,19.821191322954107,-39452343.0,1810391.9,3256.4523990326375,3052.786101769985,3371.7746033230796,2785.8433071135864
2023-12-04,3257.050011733857,3259.9445668878407,3214.1851113453504,3227.462646484375,1625213,3166.4543212890626,3197.586748046875,3069.03900390625,3188.0627420843643,57.05427388444286,17.544159072847833,9.126450235826104,8.41770883702173,3298.059512087465,3166.4543212890626,3034.84913049066,0.08312464191482541,44.061400442204686,0.013652024908855285,19.188440442272544,27.883875225031968,18.350829324795853,-37827130.0,1790825.2,3259.9445668878407,3052.786101769985,3371.7746033230796,2785.8433071135864
2023-12-05,3250.9387415545225,3250.9387415545225,3218.5947944190007,3245.05810546875,1377656,3174.756237792969,3196.3895751953123,3069.2000439453127,3193.4908719304963,59.34648108621509,19.726295348049007,11.246419258270684,8.479876089778323,3304.181853451972,3174.756237792969,3045.330622133966,0.08153420670115914,43.22443949172734,0.013320081825001266,19.29060969872037,26.39352360779051,17.370004818115394,-36449474.0,1809816.65,3259.9445668878407,3052.786101769985,3371.7746033230796,2785.8433071135864
2023-12-06,3245.977524530947,3319.7163257375805,3239.131811495445,3311.67626953125,1896572,3185.040625,3196.9051171875,3069.7091479492187,3204.746624082949,66.61247310572548,26.525414687189368,14.302218344054422,12.223196343134946,3323.3574167219263,3185.040625,3046.723833278074,0.08685402040793509,45.893016259613624,0.01385794157534291,20.6247055411013,33.78781569721127,15.191407856973868,-34552902.0,1808569.55,3319.7163257375805,3052.786101769985,3371.7746033230796,2785.8433071135864
2023-12-07,3312.502950367504,3335.979957891831,3300.282020829863,3321.599609375,1967653,3196.271435546875,3197.2827685546877,3070.5180737304686,3215.875479825049,67.54305438048004,32.3416815679293,17.9101109888294,14.431570579099901,3340.513824125326,3196.271435546875,3052.029046968424,0.09025665778837176,45.164796316924644,0.013597302995053928,22.097113301771955,34.45237863666779,14.333752012181506,-32585249.0,1848405.55,3335.979957891831,3052.786101769985,3371.7746033230796,2785.8433071135864
2023-12-08,3338.231023463337,3349.257385225396,3309.7922436184076,3332.442138671875,1641155,3207.534387207031,3198.363017578125,3071.300910644531,3226.9770663818895,68.57372612989403,37.3949507595089,21.8070789429653,15.5878718165436,3357.266135039979,3207.534387207031,3057.8026393740834,0.09336252071381664,44.757678123357756,0.013430894299396798,23.65028425689388,34.40142924880253,13.430980247427213,-30944094.0,1887231.0,3349.257385225396,3052.786101769985,3371.7746033230796,2785.8433071135864
2023-12-11,3328.950610165191,3356.608492292705,3321.6916779737553,3347.327880859375,1102503,3221.108288574219,3199.5842626953126,3072.0649462890624,3238.4390487130786,69.98302845974816,42.11537812673441,25.868738779719123,16.24663934701529,3369.8458897603505,3221.108288574219,3072.3706873880874,0.09235181674191294,44.054759280185735,0.013161172388309732,25.195739409869063,33.6457502155278,12.670616406926072,-29841591.0,1919643.8,3356.608492292705,3052.786101769985,3371.7746033230796,2785.8433071135864
2023-12-12,3343.698232293756,3398.324621584802,3336.3933124578402,3374.15869140625,2236866,3236.666955566406,3201.2761328125,3072.793454589844,3251.3647289695714,72.38671248386515,47.47412088682722,30.189815201140746,17.284305685686476,3381.0237983272377,3236.666955566406,3092.3101128055746,0.08920092474300903,45.3316556978126,0.01343495070734794,27.16189178281633,36.93561078341738,11.434161204158984,-27604725.0,1869151.35,3398.324621584802,3057.058872291712,3398.324621584802,2785.8433071135864
2023-12-13,3347.92535555113,3353.851980623107,3273.910851221953,3301.982177734375,3850968,3248.7040771484376,3202.487705078125,3073.419228515625,3256.185438375743,58.75623030702581,45.37387984029101,33.2266281289708,12.147251711320209,3371.005358223697,3248.7040771484376,3126.4027960731783,0.07529234930046923,49.254240303990045,0.014916567580563199,27.02633347718843,31.56592776718976,18.833083505879184,-31455693.0,1914066.8,3398.324621584802,3083.7522335870945,3398.324621584802,2785.8433071135864
2023-12-14,3335.4747249461025,3379.580175854481,3333.269542133453,3369.702392578125,3290396,3260.7848266601563,3205.2030615234376,3074.446437988281,3266.9965768712077,65.34909366403403,48.613492969825074,36.30400109714166,12.309491872683417,3380.7526029034693,3260.7848266601563,3140.8170504168434,0.07358214823772313,51.2787944337126,0.01521760335472229,27.294632038682362,31.737770897281653,16.79741945378931,-28165297.0,2055065.7,3398.324621584802,3137.183806430668,3398.324621584802,2785.8433071135864
2023-12-15,3369.1971763947013,3579.84666039233,3369.1971763947013,3547.732421875,8531230,3277.469104003906,3211.7493896484375,3076.5284838867187,3293.733324014426,76.14492562369142,64.79947718365702,42.00309631444473,22.796380869212285,3448.669875467327,3277.469104003906,3106.268332540485,0.10447132591076103,62.66241511684945,0.017662666646018347,29.434015646790826,46.94522746795006,12.76405188541942,-19634067.0,2116595.4,3579.84666039233,3154.4587888727906,3579.84666039233,2785.8433071135864
2023-12-18,3545.0677537772526,3610.215093447748,3519.3853366273415,3546.078369140625,2521612,3293.859338378906,3217.824560546875,3078.8266064453123,3317.7661854550165,75.9082946863891,76.61040103980076,48.92455725951594,27.68584378028482,3498.7117556843987,3293.859338378906,3089.0069210734137,0.12438443555778064,64.67436809567496,0.01823827940704776,31.600049700481758,45.58988782525252,11.48361999371695,-22155679.0,2345557.7,3610.215093447748,3154.4587888727906,3610.215093447748,2785.8433071135864
2023-12-19,3533.030208580236,3542.310819797178,3482.4927153495696,3506.56689453125,2004435,3307.4860717773436,3222.163671875,3080.8715966796876,3335.747205367039,70.28906369070049,81.83900835381155,55.50744747837507,26.33156087543648,3530.0951588574894,3307.4860717773436,3084.8769846971977,0.13460923628955596,64.59660278820213,0.018421608579304534,32.796668635091855,42.384430861235955,14.755650360270426,-24160114.0,2370573.7,3610.215093447748,3154.4587888727906,3610.215093447748,2785.8433071135864
2023-12-20,3516.7204109839868,3582.4651407823453,3460.945440121915,3473.35009765625,2586083,3319.8838500976562,3225.2509814453124,3082.8110681152343,3348.8522427279163,65.87415330620527,82.35308432371994,60.87657484744405,21.476509476275893,3550.305977577761,3319.8838500976562,3089.4617226175515,0.13881336690337934,68.66253835050415,0.019768389715979485,34.1926905602372,41.20359226832261,12.890313996256202,-26746197.0,2397014.4,3610.215093447748,3154.4587888727906,3610.215093447748,2785.8433071135864
2023-12-21,3451.481556102388,3497.8381819861793,3439.628304850481,3480.196044921875,1517562,3331.7073608398437,3228.1645166015624,3085.0959936523436,3361.361176270198,66.34336125162557,82.36346916094908,65.17395371014506,17.189515450804024,3569.4365478711943,3331.7073608398437,3093.978173808493,0.14270712357607832,67.91591969230373,0.019514969506215948,35.02890571471769,38.68108665260291,14.343129203478718,-25228635.0,2435956.75,3610.215093447748,3154.4587888727906,3610.215093447748,2785.8433071135864
2023-12-22,3491.681163580348,3533.902894889367,3456.7643519445446,3513.73388671875,2413058,3346.213903808594,3231.9220263671873,3087.6348107910158,3375.8728629795837,68.61964315573786,84.10837378746464,68.96083772560897,15.147536061855675,3591.0869914510517,3346.213903808594,3101.340816166136,0.14635829906973266,68.57467849605506,0.019516184408629914,36.08178909903732,39.32966906572704,13.190675398693653,-22815577.0,2421932.3,3610.215093447748,3154.4587888727906,3610.215093447748,2785.8433071135864
2023-12-26,3509.9209580263773,3522.9227872920933,3482.6305316170315,3487.592529296875,1285231,3361.7633422851563,3235.50498046875,3089.712412109375,3386.5128312002785,64.93326204297804,82.43161387102373,71.65499295469192,10.776620916331808,3601.011648152387,3361.7633422851563,3122.515036417926,0.14233500785608644,66.55450543741269,0.019083222847375056,37.05946652733412,37.62893513215643,12.6202706688755,-24100808.0,2406095.0,3610.215093447748,3154.4587888727906,3610.215093447748,2785.8433071135864
2023-12-27,3490.762566000509,3508.4047009886162,3462.2777964437796,3501.97265625,1293976,3377.4322509765625,3240.6100439453126,3092.1534057617187,3397.5090050145377,66.0148461228362,81.32565410516054,73.58912518478564,7.736528920374894,3610.2238586458443,3377.4322509765625,3144.6406433072807,0.13785123749083147,65.09539108794297,0.018588206556029694,37.48890226022581,35.72436064105095,14.214787217771296,-22806832.0,2370869.9,3610.215093447748,3193.7859120788967,3610.215093447748,2785.8433071135864
2023-12-28,3513.7340557516227,3526.598144867868,3484.4223995695133,3491.58935546875,1682889,3390.5788818359374,3244.9887109375,3094.4485717773437,3406.4690383911293,64.46862805339673,78.704075831919,74.61211531421232,4.091960517706681,3617.9115351330265,3390.5788818359374,3163.2462285388483,0.13409666090646596,63.45827353154381,0.01817460963218696,38.05549647703859,36.076271134111565,13.539968934148591,-24489721.0,2351108.95,3610.215093447748,3198.5635854845677,3610.215093447748,2785.8433071135864
2023-12-29,3484.3308681569797,3512.4481848321616,3459.889005984073,3485.6171875,1574996,3404.6283325195313,3250.105771484375,3096.579132080078,3414.0069573538785,63.54668668454115,75.27680793563923,74.7450538384977,0.5317540971415298,3618.594474102793,3404.6283325195313,3190.66219093627,0.12569133584394507,62.679766768439876,0.01798240122100037,37.99423655369648,33.915469964624485,15.524762660295114,-26064717.0,2363171.7,3610.215093447748,3206.8799756151684,3610.215093447748,2785.8433071135864
2024-01-01,3482.492749322785,3521.085017257233,3466.8720694445565,3501.880859375,825907,3418.3860107421874,3255.859716796875,3098.7068530273436,3422.375900403509,65.01399215617053,73.03115810452937,74.40227469170404,-1.3711165871746687,3619.846353896876,3418.3860107421874,3216.925667587499,0.11786869155303388,62.074993985885364,0.017726186720402656,38.031506014659826,32.793584624094606,14.556299131788029,-25238810.0,2278609.75,3610.215093447748,3214.1851113453504,3610.215093447748,2785.8433071135864
2024-01-02,3501.881303165648,3501.881303165648,3461.5890428760686,3476.244873046875,1344068,3430.8251220703123,3261.4638671875,3100.949339599609,3427.506278750496,60.85582634174634,68.39444598726186,73.20070895081561,-4.806262963553749,3613.435437460775,3430.8251220703123,3248.2148066798495,0.10645270970865903,60.51908443614924,0.017409327204014027,37.93118221270667,31.23406753738543,14.487603520944806,-26582878.0,2261298.05,3610.215093447748,3218.5947944190007,3610.215093447748,2785.8433071135864
2024-01-03,3461.358834441872,3465.8154121881867,3387.8957418477744,3392.21435546875,1803075,3438.1829345703127,3265.8027392578124,3102.798218994141,3424.1451431998535,49.64700990235519,57.27898129100822,70.01636341885413,-12.737382127845905,3601.051774548886,3438.1829345703127,3275.3140945917394,0.09474122993337925,62.5069449192172,0.01842659053029676,36.17866744170384,28.080700528889285,21.446102208532572,-28385953.0,2247240.8,3610.215093447748,3239.131811495445,3610.215093447748,2785.8433071135864
2024-01-04,3401.4030536919613,3417.2534494983192,3354.770729797893,3369.288818359375,3598144,3441.0635620117187,3268.96822265625,3104.755001220703,3418.9207313102843,47.09824664991852,46.08871418076251,65.2308335712358,-19.142119390473297,3596.7605740831686,3441.0635620117187,3285.3665499402687,0.0904935403055596,62.5052145464464,0.018551456380305916,33.93535783644973,26.075658054925064,23.700188900497373,-31984097.0,2268511.75,3610.215093447748,3273.910851221953,3610.215093447748,2785.8433071135864
2024-01-05,3376.8234471802834,3443.6707684816074,3376.6857073845927,3434.619873046875,1963127,3446.7145751953126,3274.991376953125,3107.3424047851563,3420.41588766615,54.298555998320545,42.00777748335349,60.58622235365935,-18.57844487030586,3592.549416017215,3446.7145751953126,3300.87973437341,0.08462252248643982,63.35355280185969,0.018445579174285253,32.2693150142502,26.8673304242024,21.712628398791175,-30020970.0,2353590.35,3610.215093447748,3273.910851221953,3610.215093447748,2785.8433071135864
2024-01-08,3434.6198437984353,3436.319831034353,3374.4342835516945,3379.855712890625,1067805,3449.08525390625,3280.2877099609377,3109.7288037109374,3416.553013878005,48.35697940401951,33.96309034347905,55.26159595162329,-21.29850560814424,3588.8268149082737,3449.08525390625,3309.343692904226,0.08103108547042151,63.24869527905959,0.018713430587534188,30.67806549162117,24.989596091543444,20.449411474460376,-31088775.0,2353364.05,3610.215093447748,3273.910851221953,3610.215093447748,2785.8433071135864
2024-01-09,3408.937908160742,3447.897858716544,3383.944863545508,3390.5146484375,1370944,3451.244592285156,3286.7776416015627,3112.231560058594,3414.0731695503378,49.51489986834585,28.123514475881166,49.833979656474874,-21.710465180593708,3585.870902765161,3451.244592285156,3316.618281805151,0.07801609354546822,63.59108460383525,0.018755584681853787,29.393722700891207,24.38018567255549,18.886499397501524,-29717831.0,2324696.55,3610.215093447748,3273.910851221953,3610.215093447748,2785.8433071135864
2024-01-10,3390.606769711953,3426.6721669236586,3388.7690424654966,3411.78662109375,1292227,3453.1259887695314,3293.432060546875,3114.866534423828,3413.8554030306627,51.835869362282295,24.924761806028982,44.8521360863857,-19.927374280356716,3584.400601462842,3453.1259887695314,3321.8513760762207,0.07603233309195788,61.75623030771573,0.018100847786289148,28.20111868092767,23.311369032800528,18.058523552941196,-28425604.0,2338118.6,3610.215093447748,3273.910851221953,3610.215093447748,2785.8433071135864
2024-01-11,3421.847531369738,3466.8718409930243,3406.2268525208433,3432.46044921875,1777909,3459.64990234375,3299.992734375,3117.768204345703,3415.627312191433,54.04701698162537,23.783767948669265,40.63846245884241,-16.854694510173147,3571.8073841566966,3459.64990234375,3347.4924205308034,0.06483747487684528,61.67685589089182,0.017968701112034625,27.76697849434744,26.329692360345632,16.790209233929286,-26647695.0,2290886.65,3610.215093447748,3333.269542133453,3610.215093447748,2785.8433071135864
2024-01-12,3535.787173361786,3588.392115065258,3511.5292637762777,3567.763671875,6813450,3469.5529663085936,3309.4395751953125,3121.5151599121095,3430.1164893041537,65.28098787377188,33.41220627290386,39.19321122165471,-5.781004948750848,3583.1602924495487,3469.5529663085936,3355.9456401676384,0.06548816360156441,68.40934231629299,0.01917429196770233,28.81053619289824,34.73121257861998,14.05653363692736,-19834245.0,2187233.7,3610.215093447748,3354.770729797893,3610.215093447748,2785.8433071135864
2024-01-15,3638.6994092857612,3643.293726721728,3569.784647746258,3587.059326171875,2801505,3471.5193115234374,3319.9725146484375,3125.2465356445314,3445.0634261486985,66.53735315892766,42.1143431230048,39.777437601924724,2.3369055210800767,3591.645503363574,3471.5193115234374,3351.393119683301,0.06920669658462619,68.9179646398955,0.0192129425173029,30.24187095699672,37.702561806928074,12.956166636310384,-17032740.0,2363386.4,3643.293726721728,3354.770729797893,3643.293726721728,2785.8433071135864
2024-01-16,3582.6489229025124,3582.6489229025124,3542.7243471738425,3548.0078125,1432672,3471.6157836914062,3329.183203125,3128.810556640625,3454.867653420251,61.673191114060195,45.33710061153215,40.88937020384621,4.447730407685938,3591.9841860247107,3471.6157836914062,3351.247381358102,0.06934431102586784,67.16203709404815,0.018929506540946533,30.972734571966736,35.92483315650282,15.223198487036226,-18465412.0,2076900.15,3643.293726721728,3354.770729797893,3643.293726721728,2785.8433071135864
2024-01-17,3509.139941106088,3592.7105371518787,3503.213316001241,3569.41748046875,3458696,3474.7583129882814,3338.9911572265623,3132.5004504394533,3465.777160758203,63.25899783910305,49.0532846856745,42.522153100211874,6.531131585462624,3601.7140874432575,3474.7583129882814,3347.8025385333053,0.07307315388263337,68.75740738380455,0.019262921123694127,30.8358045150196,32.584753821112436,17.912435134032624,-15006716.0,2022453.15,3643.293726721728,3354.770729797893,3643.293726721728,2785.8433071135864
2024-01-18,3581.7299252739276,3591.65369594661,3548.6508392529267,3585.956787109375,2239110,3480.3886474609376,3348.5905224609373,3136.264875488281,3477.2228394583144,64.48162144356623,52.72518801212482,44.562760082594465,8.162427929530352,3616.269439030806,3480.3886474609376,3344.507855891069,0.0780836885380592,66.91779662022444,0.01866107167291511,30.70865517642583,31.089062124156648,17.09022605277595,-12767606.0,2095166.2,3643.293726721728,3354.770729797893,3643.293726721728,2785.8433071135864
2024-01-19,3650.1704325122582,3667.334143476537,3622.4587908841813,3648.3662109375,2941975,3488.797155761719,3359.6181787109376,3140.3703845214845,3493.522208170618,68.71249689862185,59.97970804036595,47.64614967414876,12.33355836621719,3643.1476090083256,3488.797155761719,3334.446702515112,0.08848347803293655,67.95062231643426,0.018624945629833956,31.36565107506875,36.38502861701549,15.628284836722676,-9825631.0,2077817.55,3667.334143476537,3354.770729797893,3667.334143476537,2785.8433071135864
2024-01-23,3608.533376885165,3639.899768957106,3555.5619574424277,3569.903564453125,2618854,3491.6056396484373,3368.872587890625,3143.9792333984374,3500.7966230546663,59.16973294681507,58.72079087239581,49.86107791379817,8.85971295859764,3649.668266118023,3491.6056396484373,3333.5430131788517,0.09053864770679008,69.72588168633698,0.0195315868979274,30.70563509072322,32.92588532870148,20.995539649201973,-12444485.0,2149038.2,3667.334143476537,3354.770729797893,3667.334143476537,2785.8433071135864
2024-01-24,3590.028429691816,3593.4055567999762,3521.188799645332,3554.683349609375,2657709,3494.9601806640626,3378.4492578125,3147.2080139160157,3505.9286922503525,57.50148714137534,55.851128763260476,51.05908808369063,4.792040679569844,3655.370032582846,3494.9601806640626,3334.5503287452793,0.0917949525183457,69.90380136264464,0.019665268179323594,29.519594525800866,30.496219111359434,22.958529147508877,-15102194.0,2159328.0,3667.334143476537,3354.770729797893,3667.334143476537,2785.8433071135864
2024-01-25,3552.925062591193,3572.448244885673,3496.298888503896,3525.537353515625,2205154,3496.1384155273436,3387.7002978515625,3150.3178283691404,3507.796183799426,54.34184694496817,50.64130116870183,50.97553070069287,-0.334229531991042,3657.08227337903,3496.1384155273436,3335.194557675657,0.09206949995851946,70.34991243543982,0.01995438010755657,28.021030666698756,28.138344862263306,23.710600239046485,-17307348.0,2227951.9,3667.334143476537,3354.770729797893,3667.334143476537,2785.8433071135864
2024-01-29,3516.7471210923645,3534.51216322596,3498.288130235622,3516.93212890625,1646747,3497.405554199219,3396.8141455078126,3153.204051513672,3508.6662738095997,53.408724256406245,45.295961903058014,49.83961694116591,-4.543655038107893,3658.5850806045974,3497.405554199219,3336.2260277938403,0.09217091006895417,67.91234961793258,0.019310110951459562,26.629507083246796,27.06628618419357,22.807236701747527,-18954095.0,2273510.8,3667.334143476537,3354.770729797893,3667.334143476537,2785.8433071135864
2024-01-30,3522.9003517362453,3560.2348866740044,3503.9787267378097,3516.51611328125,1411621,3498.9505004882812,3404.5827197265626,3156.1748486328124,3509.4138775688043,53.36101962011039,40.558638304299166,47.98342121379256,-7.424782909493395,3660.2407415815233,3498.9505004882812,3337.6602593950392,0.09219349691899546,67.07976464066559,0.019075631244036495,25.69795810627903,28.183960925568666,21.441008682581288,-20365716.0,2271703.7,3667.334143476537,3354.770729797893,3667.334143476537,2785.8433071135864
2024-01-31,3526.3696400399376,3547.4657255271886,3512.7219823843493,3530.7646484375,2459358,3500.3946899414063,3410.9170751953125,3159.0231677246093,3511.447284318204,54.84854834772347,37.521488564980245,45.891034684030096,-8.36954611904985,3662.28017335643,3500.3946899414063,3338.5092065263825,0.09249555993226219,64.77004881939229,0.018344482079272983,24.832948341951823,27.104078747888195,20.619486001331524,-17906358.0,2263534.95,3667.334143476537,3354.770729797893,3667.334143476537,2785.8433071135864
2024-02-01,3534.512155183783,3613.067060107317,3520.6794891794907,3566.10986328125,2363107,3504.887939453125,3417.873798828125,3162.2732385253908,3516.653244219446,58.39359231255387,37.533921280229606,44.21961200327,-6.685690723040395,3668.818432791084,3504.887939453125,3340.957446115166,0.09354392846211078,66.74272896999472,0.018715836451708018,24.89595816355945,31.444897722108696,18.58075752982186,-15543251.0,2345207.5,3667.334143476537,3354.770729797893,3667.334143476537,2785.8433071135864
2024-02-02,3585.4477527204835,3686.6253327794766,3582.625649630539,3669.878173828125,2826510,3518.771130371094,3426.5907177734375,3165.915799560547,3531.246094658368,66.66789574134994,45.393738963663054,44.45443739534861,0.9393015683144412,3689.0870804991227,3518.771130371094,3348.455180243065,0.09680422159770709,70.58363900772557,0.019233237634724624,25.723376616712244,35.05381849533893,16.314683298274783,-12716741.0,2396159.45,3686.6253327794766,3354.770729797893,3686.6253327794766,2785.8433071135864
2024-02-05,3685.3307388054186,3721.4160761926673,3665.9927893840145,3676.355712890625,1691523,3534.124475097656,3435.60994140625,3169.83029296875,3545.066058299535,67.10763606080152,51.5511349774506,45.87377691176901,5.677358065681588,3703.1280546441812,3534.124475097656,3365.120895551131,0.09564098872994853,69.5007567077918,0.01890479652556393,26.80356503502649,36.63270829852333,15.385388820606321,-11025218.0,2447331.2,3721.4160761926673,3374.4342835516945,3721.4160761926673,2785.8433071135864
2024-02-06,3698.2839266336173,3839.7568441271724,3691.807072121124,3826.895751953125,4474396,3553.7382690429686,3447.27333984375,3174.721379394531,3571.906981504639,75.27237960671005,67.79672032682856,50.258365594780926,17.538354732047637,3759.131007941596,3553.7382690429686,3348.345530144341,0.11559249632300042,76.20792631698862,0.019913771175526413,28.65650101842911,42.114188000411,13.029062930094428,-6550822.0,2352000.15,3839.7568441271724,3374.4342835516945,3839.7568441271724,2785.8433071135864
2024-02-07,3842.625585823318,3844.4761158429774,3769.4833416173137,3778.22705078125,2124267,3573.6568359375,3458.3658203125,3179.408818359375,3591.5565119119356,69.28459005392003,75.86972732671256,55.38063794116726,20.489089385545306,3784.9177975991465,3573.6568359375,3362.3958742758537,0.11823237169118114,76.12112973903683,0.020147314789696596,30.40599298419704,39.5934568690447,12.112210710444884,-8675089.0,2477563.6,3844.4761158429774,3383.944863545508,3844.4761158429774,2785.8433071135864
2024-02-08,3784.334147666895,3847.25217261588,3780.6793958083763,3825.138427734375,2345173,3595.3880249023437,3471.336513671875,3184.517507324219,3613.80240865693,71.62743022956414,85.0723386382474,61.31897808058329,23.75336055766411,3816.0293665883028,3595.3880249023437,3374.7466832163846,0.12273576045631518,75.61427203157922,0.019767721733502195,32.048579624391564,37.27403692642908,11.322444064628518,-6329916.0,2530386.7,3847.25217261588,3388.7690424654966,3847.25217261588,2785.8433071135864
2024-02-09,3827.4049545026455,3872.002910542726,3793.586697705998,3824.768310546875,2100596,3616.037109375,3484.059990234375,3189.5553857421874,3633.894399313115,71.58103961729125,91.28335138716238,67.31185274189912,23.971498645263267,3841.332983494166,3616.037109375,3390.741235255834,0.12460927103599687,75.81441066051842,0.019821961620906204,33.73779759226538,36.8521278608562,10.485943480157534,-8430512.0,2579098.15,3872.002910542726,3406.2268525208433,3872.002910542726,2785.8433071135864
2024-02-12,3821.3445300582025,3848.7324649898974,3798.721619618426,3812.73974609375,1013716,3635.05107421875,3495.741650390625,3194.2788293457033,3650.9272894826995,69.99441798763421,94.1497197510239,72.67942614372407,21.470293607299823,3859.350906778646,3635.05107421875,3410.751241658854,0.1234094531164753,73.97129885415792,0.019401087873869027,35.30635713386249,35.07247423012586,9.979558951791743,-9444228.0,2619516.6,3872.002910542726,3496.298888503896,3872.002910542726,2785.8433071135864
2024-02-13,3817.1340358012812,3858.3544039332673,3776.4684651447556,3839.386474609375,1257415,3648.632214355469,3508.43681640625,3199.072218017578,3668.875783304288,71.50141847916906,97.44818362422984,77.63317763982523,19.815005984404607,3887.416002926781,3648.632214355469,3409.848425784157,0.13088948106735565,74.53663027804035,0.01941368256906823,36.21953770252985,32.32028718247973,11.328972070311538,-8186813.0,2581306.95,3872.002910542726,3496.298888503896,3872.002910542726,2785.8433071135864
2024-02-14,3800.063437499442,3807.372940800221,3746.8606988444094,3793.67919921875,1391283,3658.9632080078127,3519.7758544921876,3203.631628417969,3680.761822915189,65.43096948957466,95.27576516182899,81.16169514422599,14.114070017602998,3903.9943517769693,3658.9632080078127,3413.932064238656,0.13393474043843595,75.82156924139215,0.01998628910346622,36.37545136767509,29.503090671526948,13.130715972611984,-9578096.0,2303505.2,3872.002910542726,3496.298888503896,3872.002910542726,2785.8433071135864
2024-02-15,3819.493999181755,3836.4261683169548,3777.857073318582,3796.547607421875,1091582,3671.3901977539062,3531.1575537109375,3208.1048889160156,3691.789040487254,65.62818854872495,92.71678308741275,83.47271273286336,9.244070354549393,3917.857669348413,3671.3901977539062,3424.9227261593996,0.13426383921016688,74.58924965260505,0.019646599322708465,36.80474484529861,30.63055440205358,12.394250065969574,-8486514.0,2232994.1,3872.002910542726,3496.298888503896,3872.002910542726,2785.8433071135864
2024-02-16,3805.8461829865505,3837.9530585421244,3793.6790388446657,3819.771240234375,1307556,3683.9078857421873,3542.65181640625,3212.7405444335936,3703.9778214155513,67.25694005275955,91.50787857440946,85.07974590117259,6.428132673236874,3933.7941483564305,3683.9078857421873,3434.021623127944,0.13566368669606363,72.42387608438031,0.01896026529587057,37.21838123260417,29.44364437469749,11.853048046864485,-7178958.0,2215939.6,3872.002910542726,3496.298888503896,3872.002910542726,2785.8433071135864
2024-02-19,3814.913891310595,3819.7715328328027,3751.9497852480945,3797.1025390625,772291,3694.4651733398437,3552.360341796875,3217.120852050781,3712.8468421438324,64.06570227358941,87.709576898666,85.60571210067127,2.1038647979947314,3944.747097019964,3694.4651733398437,3444.1832496597235,0.13549020599041786,72.09515262011801,0.018986885889554675,36.61527603183035,27.465188181555906,15.190929408682122,-7951249.0,2108382.6,3872.002910542726,3496.298888503896,3872.002910542726,2785.8433071135864
2024-02-20,3777.024253238986,3791.7358760164275,3710.3125580346205,3729.419189453125,1193648,3698.517822265625,3560.5167333984373,3221.1620629882814,3714.4251609351936,55.5852076706857,78.33491861522862,84.15155340358274,-5.816634788354122,3948.30709194976,3698.517822265625,3448.72855258149,0.13507533649310358,73.14478322067241,0.019612915444723236,35.1876349376326,25.137414360681724,17.96947171584059,-9144897.0,2035041.65,3872.002910542726,3496.298888503896,3872.002910542726,2785.8433071135864
2024-02-21,3713.0882648944435,3759.6754457426146,3683.1097707064782,3693.195068359375,1885939,3704.6823974609374,3567.7317919921875,3225.201359863281,3712.4032473565444,51.644953996587496,67.20772176898527,80.76278707666324,-13.555065307677978,3947.4580391123923,3704.6823974609374,3461.9067558094825,0.1310642131254463,73.38913263606268,0.01987144769709234,33.34351446208286,23.264167863300734,19.277989702240554,-11030836.0,1947625.3,3872.002910542726,3496.298888503896,3872.002910542726,2785.8433071135864
2024-02-22,3674.2272789613758,3788.9138294075187,3674.2272789613758,3781.650634765625,2982052,3716.03076171875,3576.4182470703126,3229.4978295898436,3718.9982366336,59.24266430945511,64.78021703845025,77.56627306902064,-12.786056030570393,3950.7854203167126,3716.03076171875,3481.2761031207874,0.12634699422637888,76.33894819392556,0.02018667390692393,32.066120575815404,23.503468294656237,17.20927773616809,-8048784.0,1910979.55,3872.002910542726,3496.298888503896,3872.002910542726,2785.8433071135864
2024-02-23,3821.3441609716992,3821.3441609716992,3743.9919224643445,3749.26611328125,2538072,3727.2171997070313,3583.9203955078124,3233.5870080566406,3721.8808915524237,55.78670484862814,59.556709144965225,73.96436028420956,-14.407651139244336,3945.328579875308,3727.2171997070313,3509.1058195387545,0.11703711830124679,76.41132607345622,0.020380342116229043,31.32864732146232,24.835532666678287,15.964907090767309,-10586856.0,1927196.7,3872.002910542726,3498.288130235622,3872.002910542726,2785.8433071135864
2024-02-26,3734.3697062923115,3747.3234168691433,3685.0993428482916,3702.03173828125,1379284,3736.4721801757814,3591.92138671875,3237.349732666016,3719.990496002788,51.10402430333906,51.01752393901552,69.37499301517076,-18.35746907615524,3932.7191032041696,3736.4721801757814,3540.225257147393,0.10504396316375401,75.5367149562778,0.020404124085480528,29.54057949134617,23.32858721814905,20.565169016511806,-11966140.0,1943842.6,3872.002910542726,3503.9787267378097,3872.002910542726,2785.8433071135864
2024-02-27,3700.1351084981566,3815.793245172893,3700.1351084981566,3797.657958984375,2960475,3750.5292724609376,3600.480498046875,3241.4424597167967,3727.3873972391293,58.66805328868694,51.37418534156586,65.77483148044978,-14.400646138883914,3920.2203242491682,3750.5292724609376,3580.838220672707,0.09048912271354523,78.40253079331056,0.020644968988802276,28.79771425074998,27.108386761689662,18.39821169949684,-9005665.0,1930469.45,3872.002910542726,3512.7219823843493,3872.002910542726,2785.8433071135864
2024-02-28,3789.5153337368693,3844.3833662089555,3783.408494524996,3811.120361328125,1939225,3764.5470581054688,3605.7482568359374,3245.5863940429685,3735.361965247605,59.61522345240622,52.142083945440845,63.04828197344799,-10.906198028007147,3902.691974099799,3764.5470581054688,3626.4021421111383,0.07339258288557704,77.15769799978548,0.020245410977494566,28.443257320670426,28.224914276598554,17.35968131055398,-7066440.0,2007912.15,3872.002910542726,3520.6794891794907,3872.002910542726,2785.8433071135864
2024-02-29,3792.660933089219,3828.838882067221,3760.785601555576,3789.052490234375,3772719,3775.694189453125,3610.6077392578127,3249.641085205078,3740.4753485796787,57.29730117006377,50.389102149596965,60.51644600867779,-10.127343859080824,3879.7692722000343,3775.694189453125,3671.619106706216,0.05512897895048195,76.50738246491834,0.020191692424980343,27.697104595203285,26.431625141057317,18.3688332570697,-10839159.0,1981905.5,3872.002910542726,3582.625649630539,3872.002910542726,2785.8433071135864
2024-03-01,3800.2486324635324,3830.597144097078,3781.3730907093754,3788.35888671875,2043265,3781.6182250976562,3616.2435791015623,3253.7279223632813,3745.035685545304,57.221993327268954,48.38611838636916,58.09038048421607,-9.704262097846907,3873.7264176449034,3781.6182250976562,3689.510032550409,0.04871363901091237,74.5585732451172,0.019680968850787888,27.027270605625507,25.353617920783726,17.50260305752749,-12882424.0,2052386.1,3872.002910542726,3665.9927893840145,3872.002910542726,2785.8433071135864
2024-03-04,3798.212743964883,3810.148571852321,3771.287442681426,3775.728759765625,1749271,3786.586877441406,3622.29115234375,3257.8389440917967,3747.958835471049,55.78419386719713,45.25788886180908,55.523882159734676,-10.265993297925597,3865.1748343751538,3786.586877441406,3707.9989205076586,0.04150859836436628,72.00875581124417,0.019071485372194493,26.20494621272498,24.37628615658255,17.828351027687326,-14631695.0,2013223.85,3872.002910542726,3674.2272789613758,3872.002910542726,2785.8433071135864
2024-03-05,3758.426246117549,3760.276776027011,3682.554519829602,3712.255615234375,2070859,3780.854870605469,3626.93234375,3261.618537597656,3744.558528781842,49.1062997867068,37.227852618002544,51.86467625138825,-14.63682363338571,3863.466671220937,3780.854870605469,3698.243069990001,0.0437000643731339,73.52057610587121,0.019804825886492586,24.738229430590174,22.169671690457808,24.835280837454704,-16702554.0,2016111.25,3872.002910542726,3674.2272789613758,3872.002910542726,2785.8433071135864
2024-03-06,3695.5545795520343,3767.678938412685,3662.6150564319732,3760.554443359375,1744204,3779.971240234375,3631.8687548828125,3265.8639721679688,3746.0819492177975,53.65285637853225,34.365162617948044,48.36477352470021,-13.999610906752167,3863.0532886700516,3779.971240234375,3696.889191798698,0.04395909024457306,75.77366938264554,0.020149600417686143,23.662613743898756,19.974005316962668,24.25522194052171,-14958350.0,1895934.4,3872.002910542726,3662.6150564319732,3872.002910542726,2785.8433071135864
2024-03-07,3761.2027832482195,3815.793426350715,3735.9429998201367,3801.54443359375,2688905,3778.791540527344,3638.14779296875,3270.3545043945314,3751.3640905869356,57.15135398886533,35.0005453133208,45.69192788242433,-10.691382569103531,3859.921840512524,3778.791540527344,3697.661240542164,0.04293981243212904,76.06486632178358,0.020008937854206918,22.060156033787454,22.994468644851022,22.43648305995408,-12269445.0,1876931.25,3872.002910542726,3662.6150564319732,3872.002910542726,2785.8433071135864
2024-03-11,3783.408678550958,3842.625640015194,3783.408678550958,3814.266357421875,2304068,3778.2664428710937,3644.3936669921877,3274.8042993164063,3757.3547826664535,58.20582353009278,36.114339977599684,43.77641030145941,-7.662070323859723,3858.3285594802946,3778.2664428710937,3698.2043262618927,0.042380344435614774,74.86144454624448,0.019626695550660118,20.96979746985151,24.25542557556627,21.168788396253866,-9965377.0,1894117.85,3858.3544039332673,3662.6150564319732,3872.002910542726,2785.8433071135864
2024-03-12,3814.2662064898195,3913.824809369905,3813.063090933948,3878.942138671875,4039801,3781.5765625,3652.14072265625,3279.2333532714842,3768.9345308574457,63.16823773267616,41.734733276078714,43.36807489638327,-1.6333416203045559,3871.884659402174,3781.5765625,3691.268465597826,0.047762141217879375,76.71146410979537,0.019776387831363963,20.88083265468758,28.609308780585987,19.18267857107389,-5925576.0,1904291.45,3913.824809369905,3662.6150564319732,3913.824809369905,2785.8433071135864
2024-03-13,3890.7394015665486,3924.048942222053,3823.1024383775984,3838.924560546875,2837260,3781.553466796875,3659.2068701171875,3283.469805908203,3775.6002479707245,58.5369562557798,42.470280388550236,43.18851599481667,-0.7182356062664326,3871.802630897295,3781.553466796875,3691.304302696455,0.04773126435621416,78.44253837655674,0.02043346701384051,20.918644494287975,26.910525321470473,17.419400292842646,-8762836.0,2055595.7,3924.048942222053,3662.6150564319732,3924.048942222053,2785.8433071135864
2024-03-14,3843.0420112308407,3909.244539822552,3780.6327076248394,3893.14501953125,2919608,3786.5267578125,3667.0321533203123,3287.948779296875,3786.7949881193463,62.543973330403965,46.88785071885786,43.92838293962491,2.959467779232952,3889.0309303017216,3786.5267578125,3684.0225853232782,0.054141528131410314,82.02605936378214,0.021069356253689824,20.208992697417084,23.89666433122816,19.166782338597425,-5843228.0,2134587.95,3924.048942222053,3662.6150564319732,3924.048942222053,2785.8433071135864
2024-03-15,3879.2663373328105,3922.198545276578,3864.832112201054,3903.924560546875,3373143,3791.89560546875,3675.5857470703127,3292.526336669922,3797.9501854933965,63.3032659708774,50.67448201913339,45.27760275552661,5.396879263606785,3906.4738434071505,3791.89560546875,3677.3173675303497,0.06043322383303661,80.26465748604943,0.020559991936628427,19.724476200706185,23.82950628180347,18.18829622711644,-2470085.0,2211004.2,3924.048942222053,3662.6150564319732,3924.048942222053,2785.8433071135864
2024-03-18,3900.222971648527,3936.770936153626,3810.102258391326,3842.16259765625,1526904,3793.015173339844,3684.5847119140626,3296.6344799804688,3802.160891413668,56.26549495066602,48.13684873868215,45.84945195215772,2.2873967865244254,3909.0888688018003,3793.015173339844,3676.9414778778873,0.06120391833800693,83.57923036292446,0.021753173698038825,18.375444113849554,21.249873553725745,20.89667411116885,-3996989.0,2325082.25,3936.770936153626,3662.6150564319732,3936.770936153626,2785.8433071135864
2024-03-19,3748.4799442588646,3754.725483197155,3670.1563500054817,3680.056640625,8931209,3787.162878417969,3690.800068359375,3299.9708825683592,3790.5319151480808,42.81195332673509,32.668577103486314,43.213276982423444,-10.54469987893713,3913.1973580879903,3787.162878417969,3661.1283987479474,0.06655878488261403,89.89544588348474,0.02442773431558309,18.68899252387952,18.345617887516163,29.160426863148597,-12928198.0,2336049.65,3936.770936153626,3662.6150564319732,3936.770936153626,2785.8433071135864
2024-03-20,3688.1063577395266,3717.714838283346,3664.2344751221162,3674.134765625,1817913,3784.3986572265626,3695.5903662109376,3303.2965063476563,3779.4464723363585,42.41298513868578,19.704869103222336,38.511595406583226,-18.80672630336089,3917.598997030061,3784.3986572265626,3651.198317423064,0.07039445463767068,87.29436854618082,0.0237591634805838,19.038369256269227,17.54280852667891,28.368915544810164,-14746111.0,2743995.55,3936.770936153626,3662.6150564319732,3936.770936153626,2785.8433071135864
2024-03-21,3691.853615815909,3708.8320928330704,3652.946177836041,3676.031494140625,3829582,3783.540478515625,3701.5138818359374,3306.752745361328,3769.5974267939077,42.59750139842504,9.474866886561358,32.70424970257885,-23.22938281601749,3919.2771873440615,3783.540478515625,3647.803769687189,0.07175115984575862,85.0509075783843,0.023136610149817913,19.47854660377247,16.719439546814375,27.985453546168902,-10916529.0,2775208.8,3936.770936153626,3652.946177836041,3936.770936153626,2785.8433071135864
2024-03-22,3605.7575597198484,3643.6934231913683,3566.8964312856083,3618.61865234375,5852485,3775.388879394531,3706.0759619140626,3309.765402832031,3755.218495893893,38.56905467610818,-3.2280096018735094,25.517797841688378,-28.745807443561887,3929.0045924526216,3775.388879394531,3621.7731663364407,0.08137742519532251,86.77120438385805,0.023979096091724682,20.679491566903966,15.217396576618999,32.55476105736685,-16769014.0,2872390.95,3936.770936153626,3566.8964312856083,3936.770936153626,2785.8433071135864
2024-03-26,3585.401925358136,3651.7433816109683,3582.1171893830456,3587.715087890625,3440925,3767.311328125,3709.59453125,3312.7070166015624,3739.265790369772,36.564589942972304,-15.608860885633476,17.29246609622401,-32.90132698185749,3941.22110525644,3767.311328125,3593.40155099356,0.09232567313091979,85.5465606584341,0.023844301613350986,21.651369394340755,15.004869424042571,30.662170942139145,-20209939.0,3015912.6,3936.770936153626,3566.8964312856083,3936.770936153626,2785.8433071135864
2024-03-27,3597.8930473154446,3603.907269973938,3543.2097940164645,3553.850341796875,1968575,3759.9022583007813,3712.0223291015627,3315.555072021484,3721.607176219972,34.45162143489232,-27.832540515594246,8.267464773860361,-36.10000528945461,3955.5700044575474,3759.9022583007813,3564.2345121440153,0.10408129398831473,83.77162603693694,0.023572074786520375,22.887835045727485,14.228304319776427,32.39274594971882,-22178514.0,3061055.25,3936.770936153626,3543.2097940164645,3936.770936153626,2785.8433071135864
2024-03-28,3562.362596208228,3622.4121997880625,3553.4799625251735,3586.6044921875,4311783,3749.3495849609376,3712.3991455078126,3318.823682861328,3708.7497777406893,38.173079510622344,-34.47945084391176,-0.28191834969406404,-34.1975324942177,3958.0641167711315,3749.3495849609376,3540.6350531507437,0.11133372713356542,82.71166969593351,0.023061274215236086,23.686933404865556,14.979367911606285,30.464442778671078,-17866731.0,3090519.8,3936.770936153626,3543.2097940164645,3936.770936153626,2785.8433071135864
2024-04-01,3606.405394611388,3639.3449194194973,3597.4766775972653,3624.03173828125,1569676,3739.995153808594,3713.13859375,3322.0861657714845,3700.6813930302665,42.210520413190174,-36.30856664529847,-7.487248008814945,-28.821318636483525,3953.5121813185774,3739.995153808594,3526.4781262986103,0.11418037656682535,80.57086666279521,0.022232384394350563,24.108202665517517,15.780130322239668,29.04004656159724,-16297055.0,3158085.2,3936.770936153626,3543.2097940164645,3936.770936153626,2785.8433071135864
2024-04-02,3599.2807871740365,3617.6473874613553,3583.5512824485972,3593.544189453125,2142666,3730.2197387695314,3714.0493212890624,3325.3706481933596,3690.4778498324436,39.923467877283095,-39.75991691876743,-13.941781790805443,-25.818135127961988,3951.61427036561,3730.2197387695314,3508.825207173453,0.11870321166072052,77.7072658892136,0.021624129770626055,24.644277305326554,15.19295700008981,29.239499497624795,-18439721.0,3139607.75,3936.770936153626,3543.2097940164645,3936.770936153626,2785.8433071135864
2024-04-03,3563.195757384847,3683.4802155671455,3563.195757384847,3652.298828125,3973090,3723.4167358398436,3715.7069482421875,3329.072080078125,3686.841752526973,45.996199555507786,-37.32388208889961,-18.618201850424278,-18.70568023847533,3945.60745748115,3723.4167358398436,3501.226014198537,0.11934775900994588,80.74849391014823,0.022108950474789738,23.939600315983192,19.39985210234948,26.12837791125198,-14466631.0,3058105.1,3936.770936153626,3543.2097940164645,3936.770936153626,2785.8433071135864
2024-04-04,3678.761128130228,3727.5688582731514,3641.1491951647313,3704.113525390625,3394637,3719.835974121094,3718.0700830078126,3332.862000732422,3688.4866832758926,50.72649415756608,-30.85659824272625,-21.065881128884673,-9.790717113841577,3940.844215105058,3719.835974121094,3498.8277331371296,0.11882687436839635,81.1535774243105,0.021909041628456104,22.592821434423364,21.80475936432512,24.14095948073199,-11071994.0,3154596.35,3936.770936153626,3543.2097940164645,3936.770936153626,2785.8433071135864
2024-04-05,3680.7042585659196,3702.9106191002543,3664.512120676301,3681.86083984375,1636819,3718.3162353515627,3718.7399755859374,3336.555173339844,3687.8556505680694,48.751499203072655,-27.21313882575714,-22.295332668259167,-4.917806157497974,3939.9292628468384,3718.3162353515627,3496.703207856287,0.11920074220062803,78.18556508788289,0.02123533954401191,21.342241044403522,21.015886033373402,23.26756487913443,-12708813.0,3236864.65,3936.770936153626,3543.2097940164645,3936.770936153626,2785.8433071135864
2024-04-08,3685.330350645436,3731.2696657380807,3664.0492564790175,3675.661376953125,2302538,3714.07158203125,3720.8551318359373,3340.18400390625,3686.69429117617,48.18859854611707,-24.542999412560675,-22.74486601711947,-1.798133395441205,3935.5379220792115,3714.07158203125,3492.605241983288,0.11925798152056095,77.40233967153863,0.021058071387332185,19.89949618280473,22.32925368176096,21.824220511920593,-15011351.0,3215162.65,3936.770936153626,3543.2097940164645,3936.770936153626,2785.8433071135864
2024-04-09,3686.255866399333,3715.725647857853,3631.711538253932,3651.604736328125,1876992,3706.574597167969,3722.7935595703125,3343.7416870117186,3683.3524288096896,45.97046214585715,-24.09036579780468,-23.01396597325651,-1.0763998245481687,3925.8293395486153,3706.574597167969,3487.3198547873226,0.1183058571372983,77.87460895242309,0.021326133186783513,18.886571052697526,20.608564127627545,23.10854649188464,-16888343.0,3243079.35,3936.770936153626,3543.2097940164645,3936.770936153626,2785.8433071135864
2024-04-10,3660.7181984660388,3691.992199302218,3625.1881143494634,3686.85693359375,2101965,3700.2041259765624,3726.019951171875,3347.6648522949217,3683.6861911700767,49.62941522393477,-20.649063146275694,-22.540985407860347,1.8919222615846536,3913.9061724095577,3700.2041259765624,3486.502079543567,0.1155082471979001,77.08385723816106,0.02090774299805115,18.04381792173263,19.332832626466313,22.282541685032733,-14786378.0,3202483.7,3936.770936153626,3543.2097940164645,3936.770936153626,2785.8433071135864
2024-04-12,3674.2270171071723,3713.412077038102,3650.632761520108,3702.35498046875,4354821,3691.3747680664064,3729.728408203125,3351.5032543945313,3685.4641711032837,51.194262397714205,-16.481257464636656,-21.329039819215613,4.847782354578957,3888.778426096808,3691.3747680664064,3493.971110036005,0.10695400517883703,76.06210425814912,0.02054424944647501,16.88756729983146,20.20456931296242,20.968875768184596,-10431557.0,3192378.55,3936.770936153626,3543.2097940164645,3936.770936153626,2785.8433071135864
2024-04-15,3702.3554514057623,3760.462141264771,3626.1600106782666,3646.654541015625,4200329,3681.761267089844,3732.3311767578125,3354.984080810547,3681.76801585684,45.69923116147733,-17.471401944346326,-20.557512244241757,3.086110299895431,3867.8911091060227,3681.761267089844,3495.631425073665,0.10110913148005411,80.22210613874593,0.021998822547200585,16.302414311480415,21.97776216840539,18.46140456709527,-14631886.0,3208129.55,3936.770936153626,3543.2097940164645,3936.770936153626,2785.8433071135864
2024-04-16,3610.384394769485,3635.0889275865134,3574.1603567175566,3583.36669921875,3051420,3666.272351074219,3733.3832177734375,3358.0090649414065,3672.396461891308,40.39391607702578,-23.096654635101913,-21.065340722413787,-2.0313139126881268,3829.625869706902,3666.272351074219,3502.918832441536,0.08911150236005813,79.67011172155468,0.022233312526715295,15.36906812416722,20.54931831351832,21.92355694191296,-17683306.0,3276283.0,3936.770936153626,3543.2097940164645,3936.770936153626,2785.8433071135864
2024-04-18,3587.0675027381876,3641.843147171155,3562.270354829509,3573.37353515625,3476284,3649.7447998046873,3733.5284912109373,3361.0741247558594,3662.9657069641594,39.611935852488116,-28.037869635578772,-22.459846505046784,-5.578023130531989,3776.323059044403,3649.7447998046873,3523.1665405649715,0.06936279996699472,79.6631603372755,0.022293544056762635,14.684291094361459,19.0831749095722,21.425461090785003,-21159590.0,3282873.6,3936.770936153626,3543.2097940164645,3936.770936153626,2785.8433071135864
2024-04-19,3551.167196003858,3564.6298474104997,3516.839772927929,3540.2490234375,2957749,3634.64912109375,3730.935908203125,3364.074797363281,3651.278403771144,37.05148424217963,-34.23208323875269,-24.814293851787966,-9.417789386964728,3735.165193796697,3634.64912109375,3534.133048390803,0.05530991815391488,78.01106047235018,0.02203547263367458,14.70600919014236,18.095362900821765,24.476123986758317,-24117339.0,3288030.65,3760.462141264771,3516.839772927929,3936.770936153626,2785.8433071135864
2024-04-22,3550.2418918920625,3588.1777578205415,3527.1102663259167,3575.779296875,1728883,3629.43525390625,3728.9243798828124,3367.37515625,3644.0880126381776,41.425054867127294,-35.86066657683705,-27.023568396797785,-8.837098180039263,3730.8034239703393,3629.43525390625,3528.067083842161,0.05585892182812168,76.8008055453698,0.02147806091178187,14.301364974807235,19.2576950368042,23.085982788955608,-22388456.0,3359572.9,3760.462141264771,3516.839772927929,3936.770936153626,2785.8433071135864
2024-04-23,3587.298730696502,3603.907192347492,3572.0781665521927,3585.124267578125,1807586,3624.984729003906,3724.0889501953125,3370.687048339844,3638.4724178705537,42.555534953730984,-35.98248587022317,-28.815351891482862,-7.16713397874031,3725.927091997905,3624.984729003906,3524.0423660099073,0.05569257281905093,73.58853556322191,0.020526076663148277,13.646233151086259,20.18950728296764,22.37274635877804,-20580870.0,2999456.6,3760.462141264771,3516.839772927929,3936.770936153626,2785.8433071135864
2024-04-24,3599.280651690822,3606.6827712829886,3538.6294891035577,3544.736328125,1317312,3618.419970703125,3719.4191357421873,3373.7142749023437,3629.5451712281197,39.04795369058167,-38.8897014454019,-30.83022180226667,-8.059479643135226,3722.2649665534864,3618.419970703125,3514.5749748527633,0.057397978505067,73.19316032152256,0.020648407539027965,13.55231538017476,18.8486694328618,24.15114137720367,-21898182.0,2998940.25,3760.462141264771,3516.839772927929,3936.770936153626,2785.8433071135864
2024-04-25,3526.3700419218662,3584.1527979444854,3526.1850340945725,3564.305908203125,2856271,3615.7043334960936,3714.2024853515627,3376.4426196289064,3623.331908082882,41.561379865346446,-39.163140861940064,-32.49680561420135,-6.666335247738715,3722.1935013892316,3615.7043334960936,3509.2151656029555,0.05890369237695476,72.10563200212187,0.020229922419445896,13.649947400523926,17.766313699800367,23.997059734517773,-19041911.0,2873326.75,3760.462141264771,3516.839772927929,3936.770936153626,2786.9772066017845
2024-04-26,3567.0354969857567,3587.0676210226866,3518.366690485543,3535.76171875,2039178,3613.1066650390626,3708.422353515625,3379.1651354980468,3614.991890051179,39.03306373425687,-41.208099781563305,-34.23906444767374,-6.969035333889565,3724.616467789755,3613.1066650390626,3501.59686228837,0.061725165121570995,71.86243904033769,0.02032445757282062,13.859598974949447,16.55312052953679,23.135506959333643,-21081089.0,2723516.05,3760.462141264771,3516.839772927929,3936.770936153626,2786.9772066017845
2024-04-29,3551.167204410655,3587.9927979834483,3533.772176573303,3580.960693359375,1110693,3614.4621826171874,3703.7867724609373,3381.9465905761717,3611.7508236995786,44.76320632669754,-38.73505139041754,-35.1382618362225,-3.596789554195041,3723.6935733805094,3614.4621826171874,3505.2307918538654,0.06044129679300111,70.60230920960966,0.01971602462449152,14.033547980942304,15.738696757926567,21.866404839488986,-19970396.0,2653428.7,3760.462141264771,3516.839772927929,3936.770936153626,2792.875151182318
2024-04-30,3582.62597206714,3591.6473055453566,3525.2595437954037,3535.113525390625,2203078,3611.8876342773438,3697.7013134765625,3384.448076171875,3604.45203338444,40.59532194520602,-40.013376718047766,-36.11328481258755,-3.900091905460215,3725.9447043299683,3611.8876342773438,3497.830564224719,0.06315648857412187,70.30127010534846,0.019886566471038657,14.338984242439368,14.677085323662254,21.25637887945973,-22173474.0,2610534.6,3760.462141264771,3516.839772927929,3936.770936153626,2813.5635935937275
2024-05-02,3495.69709513327,3581.7930391219893,3495.69709513327,3574.575927734375,2491044,3609.41484375,3693.319248046875,3387.133391113281,3601.6066899891957,45.31506009630536,-37.41092285081413,-36.37281242023287,-1.0381104305812627,3724.451765186725,3609.41484375,3494.3779223132747,0.06374269870138152,71.4294610970178,0.01998263921121714,15.10448858069851,13.4134635465805,22.382521713751697,-19682430.0,2505099.35,3760.462141264771,3495.69709513327,3936.770936153626,2836.565203622376
2024-05-03,3599.419714958449,3602.612060071111,3513.786615985312,3556.16357421875,2962234,3607.5458129882813,3688.5115673828127,3389.697619628906,3597.2787742015344,43.57545890774188,-36.414419698521215,-36.38113387589054,-0.03328582263067403,3724.7477080133285,3607.5458129882813,3490.343917963234,0.06497597042459397,72.67203131050218,0.02043551422587962,15.288813898255022,14.288672759613155,20.428402447536318,-22644664.0,2551167.75,3760.462141264771,3495.69709513327,3936.770936153626,2855.937163883853
2024-05-06,3565.0459275516187,3645.497671472227,3565.0459275516187,3628.01025390625,2053831,3606.3313842773437,3684.67634765625,3392.8829760742187,3600.2055817924597,51.413457973876554,-29.487345405288124,-35.00237618177006,5.515030776481936,3722.1483823593953,3606.3313842773437,3490.514386195292,0.06422981459051895,73.86217887785752,0.020358867177492315,14.48793656703593,17.201525844277164,18.663578014956265,-20590833.0,2592146.15,3760.462141264771,3495.69709513327,3936.770936153626,2876.942645737427
2024-05-07,3637.031589857526,3689.956700971341,3621.0244606949204,3681.5830078125,2062112,3605.2048583984374,3682.36595703125,3396.334139404297,3607.9558128419876,56.28927232183411,-19.450502323706587,-31.89200141015737,12.441499086450783,3717.582759906298,3605.2048583984374,3492.8269568905766,0.062342033766027434,73.51004040632631,0.019966965365261193,14.011895901253745,20.369376132164067,17.413484211410676,-18528721.0,2496183.2,3760.462141264771,3495.69709513327,3936.770936153626,2876.942645737427
2024-05-08,3664.974491004591,3686.5332096600414,3644.2486463464647,3679.732421875,1247685,3605.0984375,3681.3722216796873,3399.833182373047,3614.7916803689413,56.07991484051482,-11.512845769633714,-27.816170282052642,16.30332451241893,3717.189432191642,3605.0984375,3493.0074428083576,0.06218470681725578,71.27964918541562,0.019370878371937496,13.569858140170288,19.50626645022659,16.67562426314248,-19776406.0,2429556.95,3760.462141264771,3495.69709513327,3936.770936153626,2879.210967258462
2024-05-09,3665.8998971640367,3674.2272820894473,3617.8324260235386,3664.234375,1726486,3604.5270874023436,3680.7930078125,3402.886120605469,3619.500508429042,54.25982171731471,-6.398994992001462,-23.53273522404241,17.133740232040946,3715.282093894931,3604.5270874023436,3493.772080909756,0.061453280170744896,70.60967394727604,0.01926996657992873,12.604265397357011,18.28482534728153,18.303690291101542,-21502892.0,2410100.25,3760.462141264771,3495.69709513327,3936.770936153626,2879.210967258462
2024-05-10,3666.4552924738027,3676.6332077878074,3594.7009443311135,3602.889404296875,1672489,3602.0913208007814,3677.217783203125,3404.8365954589844,3617.9184985116926,47.665407139327144,-7.213109624111894,-20.268810104056307,13.055700479944413,3710.720115431575,3602.0913208007814,3493.462526169988,0.06031429242423768,71.41843034080588,0.019822543055479553,12.167659468401197,16.786495493944802,19.11729119635839,-23175381.0,2381297.65,3760.462141264771,3495.69709513327,3936.770936153626,2879.210967258462
2024-05-13,3594.192150722543,3659.4233379090374,3580.775807258654,3652.761474609375,931326,3600.3865478515627,3675.2876904296877,3407.141326904297,3621.2368771876622,52.698510176303856,-3.790349272499043,-16.973117937744856,13.182768665245813,3704.6220556915955,3600.3865478515627,3496.15104001153,0.057902398231230286,71.93479464863286,0.01969326361676149,12.030066345725974,15.475569769652031,19.00705839195924,-22244055.0,2371072.5,3760.462141264771,3495.69709513327,3936.770936153626,2883.6121650210844
2024-05-14,3641.8428199206287,3650.9104615516194,3601.963810472638,3609.6435546875,1058317,3595.7509765625,3673.4399267578124,3409.2069262695313,3620.1327512352655,48.36753207793982,-4.505110708479151,-14.479516491891715,9.974405783412564,3689.1143162360404,3595.7509765625,3502.3876368889596,0.05192981398439041,70.42499961206886,0.01951023654970437,11.902301303241837,14.678244550509353,18.02778543314738,-23302372.0,2312540.55,3760.462141264771,3495.69709513327,3936.770936153626,2884.947191217735
2024-05-15,3612.6974157358086,3633.4695710904066,3585.8647290777635,3590.3984375,1115021,3592.9381713867188,3669.294736328125,3411.298791503906,3617.300911831907,46.52945769462545,-6.548991715061675,-12.893411536525708,6.344419821464033,3683.340389629668,3592.9381713867188,3502.5359531437693,0.05032216750229134,68.79498835496702,0.019160822831370515,12.11078253654051,13.95273955001165,18.808259916701804,-24417393.0,2147715.35,3689.956700971341,3495.69709513327,3936.770936153626,2884.947191217735
2024-05-16,3626.466519045034,3643.6150446878205,3582.103702329617,3635.646484375,2599399,3595.5521606445313,3665.7852587890625,3413.606588134766,3619.0481092169634,51.22287641608063,-4.466159798965236,-11.207961189013615,6.741801390048378,3687.7026174402217,3595.5521606445313,3503.401703848841,0.051258028073869845,68.27472792662675,0.018779253764097417,12.029883439303756,14.11625500042812,17.597896444184425,-21817994.0,1993449.95,3689.956700971341,3495.69709513327,3936.770936153626,2884.947191217735
2024-05-17,3652.4688790595596,3653.4008690771816,3569.5217674912255,3573.343017578125,2765804,3595.550634765625,3661.4710693359375,3416.0381994628906,3614.695243346598,45.32363096773737,-7.753492147084671,-10.517067380627827,2.763575233543156,3687.702561494154,3595.550634765625,3503.398708037096,0.0512588674666437,69.38932604515027,0.019418602049623465,12.226825218832838,12.897398549773238,17.373590372794943,-24583798.0,1970848.9,3689.956700971341,3495.69709513327,3936.770936153626,2884.947191217735
2024-05-21,3570.0807713951167,3583.2683380913763,3550.9283325337988,3560.387939453125,1908117,3596.557580566406,3656.911650390625,3418.2838305664063,3609.5231191662674,44.184138645947954,-11.274132074846875,-10.668480319471637,-0.6056517553752379,3686.688325740446,3596.557580566406,3506.4268353923662,0.050120562874372575,66.74294601032365,0.018745975760319916,12.797730126432647,12.451014361618792,18.762160320301053,-26491915.0,1935324.9,3689.956700971341,3495.69709513327,3936.770936153626,2884.947191217735
2024-05-22,3574.1817122361854,3580.006649837613,3557.9185319603234,3571.3857421875,1311168,3596.3379028320314,3652.8247900390625,3420.564287109375,3605.8909880254323,45.438220283238984,-13.026670465937059,-11.140118348764723,-1.8865521171723358,3686.691292736575,3596.3379028320314,3505.9845129274877,0.050247441895486286,63.553315429392654,0.017795141722906072,13.32785611206104,12.141915647690723,18.29638625104977,-25180747.0,1882843.3,3689.956700971341,3495.69709513327,3936.770936153626,2884.947191217735
2024-05-23,3579.7270181408007,3639.4210243679117,3565.3278178538917,3628.656494140625,2095742,3598.514514160156,3651.1528076171876,3423.180819091797,3608.0591314649746,51.54382831738659,-9.682682776474849,-10.848631234306747,1.1659484578318988,3689.775314427633,3598.514514160156,3507.253713892679,0.0507213740049488,64.30616479258032,0.017721755943671917,12.572685335945652,17.74213854315167,16.790600908904647,-23085005.0,1861957.55,3689.956700971341,3495.69709513327,3936.770936153626,2884.947191217735
2024-05-24,3614.490269526303,3619.6628596080805,3582.849254078192,3587.695556640625,1309452,3600.6624755859375,3647.6956298828127,3425.5531372070313,3606.119743386465,47.45374139619147,-10.21994461206441,-10.72289390985828,0.5029492977938705,3688.72535097636,3600.6624755859375,3512.599600195515,0.048914818307757096,62.98481302614121,0.017555785331216253,11.87145532955279,16.82046692965405,15.91835993334998,-24394457.0,1876365.35,3689.956700971341,3495.69709513327,3936.770936153626,2884.947191217735
2024-05-27,3592.8213842320465,3642.5431408365193,3580.099811979568,3585.412109375,1841538,3601.7177856445314,3643.3729833984376,3428.104208984375,3604.1475877663256,47.22874887183706,-10.706564981798238,-10.719628124246272,0.013063142448034526,3688.509317721637,3601.7177856445314,3514.9262535674256,0.048194521193766625,62.94613558548478,0.017556178666573812,11.766555299714415,18.22495820429218,14.790416658702787,-26235995.0,1875972.35,3689.956700971341,3495.69709513327,3936.770936153626,2884.947191217735
2024-05-28,3595.617400940856,3606.8012808815743,3569.5216810791803,3578.748291015625,1801993,3603.8671142578123,3638.6626220703124,3430.3192895507814,3601.7286071234016,46.535327454863214,-11.49739477043613,-10.875181453484243,-0.6222133169518873,3686.024101611305,3603.8671142578123,3521.7101269043196,0.045593793971181025,61.11281160097829,0.017076588413440744,11.372014041467988,17.430854023991895,15.382334017091345,-28037988.0,1825235.7,3689.956700971341,3495.69709513327,3936.770936153626,2884.947191217735
2024-05-29,3587.1361699587314,3587.1361699587314,3541.5619506089633,3544.963623046875,1568095,3602.0672607421875,3631.9830517578125,3432.225224609375,3596.3224181637324,43.08177846386542,-14.68103954513299,-11.636353071813993,-3.044686473318997,3687.6581253948093,3602.0672607421875,3516.4763960895657,0.04752319068855269,60.002912154463274,0.016926241997059235,10.848879859536394,16.48518853612571,17.876183431102717,-29606083.0,1813376.45,3689.956700971341,3495.69709513327,3936.770936153626,2884.947191217735
2024-05-30,3520.126111198893,3536.342645636951,3462.7620831275535,3482.0078125,2919230,3599.411975097656,3624.844716796875,3433.8686193847657,3585.4353128624243,37.497288003311766,-22.030158776396547,-13.715114212730505,-8.315044563666042,3695.7649077541437,3599.411975097656,3503.0590424411685,0.053538151966543615,61.58852842338172,0.017687647972036744,11.920268817652072,14.91357410191255,25.31093642155266,-32525313.0,1836246.55,3689.956700971341,3462.7620831275535,3936.770936153626,2884.947191217735
2024-05-31,3485.642279161951,3494.7758258285726,3405.258149060957,3421.288330078125,10956800,3591.747595214844,3615.4075830078127,3435.394921875,3569.802266882967,33.04780570386151,-32.38067917897342,-17.44822720597909,-14.932451972994333,3715.324120043941,3591.747595214844,3468.1710703857466,0.06881136357896296,63.583467590827006,0.018584656262915753,13.717561471253173,13.413826091834473,29.22549529468356,-43482113.0,1872054.15,3689.956700971341,3405.258149060957,3936.770936153626,2884.947191217735
2024-06-03,3478.9320961856615,3496.406907573954,3444.634820860251,3451.01904296875,2156773,3586.490368652344,3606.34947265625,3436.8700842285157,3558.489578891137,36.990367566312045,-37.74936987143883,-21.50845573907104,-16.24091413236779,3723.8521695204354,3586.490368652344,3449.1285677842525,0.07659956489424863,64.40740401261286,0.01866330008924152,15.341370917859441,12.477244151113672,26.79079558141352,-41325340.0,2295341.95,3689.956700971341,3405.258149060957,3936.770936153626,2884.947191217735
2024-06-04,3448.3629237466353,3490.3024728192295,3347.2420109827135,3462.3427734375,3395997,3578.206994628906,3598.753076171875,3438.2162768554685,3549.3327402765053,38.476386759477606,-40.622099238439205,-25.331184438944675,-15.29091479949453,3724.2602455413844,3578.206994628906,3432.153743716428,0.08163488089521513,70.02547957146308,0.02022488359866809,17.886513511906166,10.656478010367469,32.81572233976293,-37929343.0,2255068.9,3689.956700971341,3347.2420109827135,3936.770936153626,2884.947191217735
2024-06-05,3463.274759262659,3526.4637252968946,3448.3629196102897,3491.65380859375,2799670,3568.7105346679687,3594.98501953125,3439.7706579589844,3543.8395086876717,42.271576442087,-40.07168098942657,-28.279283749041056,-11.792397240385512,3711.3001271253625,3568.7105346679687,3426.120942210575,0.07991098805701274,70.6022885796875,0.02022030030752742,19.346979686851707,13.47290404310673,30.22279308422848,-35129673.0,2322177.2,3686.5332096600414,3347.2420109827135,3936.770936153626,2884.947191217735
2024-06-06,3523.8543146362385,3578.7484365631567,3487.0407083341674,3569.89453125,4328036,3563.218640136719,3592.90021484375,3441.7533605957033,3546.320939407893,50.966587737412276,-32.94235911816895,-29.211898822866637,-3.730460295302315,3696.4337171241814,3563.218640136719,3430.0035631492565,0.07477232830279035,72.10981998320905,0.02019942587994603,19.56352903977956,17.4280833051144,27.47731433772886,-30801637.0,2359055.1,3676.6332077878074,3347.2420109827135,3936.770936153626,2884.947191217735
2024-06-07,3576.3251734304413,3648.740748916949,3576.3251734304413,3629.122314453125,4552445,3561.463037109375,3591.96203125,3444.125682373047,3554.2067846502964,56.32889770667484,-22.256573133109214,-27.820833684915154,5.5642605518059405,3690.1555049872736,3561.463037109375,3432.770569231476,0.07226943901254168,72.59099124633335,0.02000235455201849,18.51839664597972,22.96309990881589,25.345524516844495,-26249192.0,2513072.65,3676.6332077878074,3347.2420109827135,3936.770936153626,2884.947191217735
2024-06-10,3630.101057972248,3640.259657979909,3580.6122978489143,3596.269775390625,1734661,3561.1320556640626,3591.5150537109375,3446.3030395507812,3558.212783768423,52.874784600314165,-16.25159779215801,-25.506986506363727,9.255388714205719,3689.430091969848,3561.1320556640626,3432.834019358277,0.07205463560483497,71.66644616666632,0.01992799501780479,17.547916566022725,21.59795787807309,23.838748822510514,-27983853.0,2654370.6,3659.4233379090374,3347.2420109827135,3936.770936153626,2884.947191217735
2024-06-11,3583.5011888553586,3616.0741905653326,3579.7732292310616,3590.118408203125,1419898,3557.99990234375,3591.5631201171873,3448.4448315429686,3561.251414666966,52.2289754366026,-11.852348992499174,-22.776059003590817,10.923710011091643,3680.106397771658,3557.99990234375,3435.8934069158418,0.06863771713286071,69.14034010720951,0.019258512462772683,16.66018968435008,20.78798352258578,23.031423320013563,-29403751.0,2657479.2,3653.4008690771816,3347.2420109827135,3936.770936153626,2884.947191217735
2024-06-12,3610.9014042029708,3628.7025014530623,3567.1445260058517,3571.058837890625,2177001,3556.070666503906,3591.9072900390624,3450.4521423339843,3562.185454973981,50.183733462813805,-9.790996151683885,-20.179046433209432,10.388050281525548,3676.0531744624664,3556.070666503906,3436.088158545346,0.06748038450907343,68.5987426314953,0.019209636621953737,16.046423495915388,19.45552867596461,22.87013603566075,-31580752.0,2681907.8,3653.4008690771816,3347.2420109827135,3936.770936153626,2884.947191217735
2024-06-13,3594.49936522614,3625.4413901955454,3590.0257673607302,3614.397216796875,1932323,3557.27060546875,3592.46314453125,3452.779938964844,3567.158003719019,54.54267739926187,-4.607205196681207,-17.064678185903787,12.45747298922258,3679.068638800377,3557.27060546875,3435.4725721371233,0.06847836267748722,67.58330046531138,0.018698360033932455,15.476497749511744,18.33728824573586,21.555635094265003,-29648429.0,2737842.0,3653.4008690771816,3347.2420109827135,3936.770936153626,2884.947191217735
2024-06-14,3624.508910984573,3624.508910984573,3567.657524106183,3571.43212890625,1860730,3554.0598876953127,3591.41115234375,3455.2074963378905,3567.56506326066,49.88266099572928,-3.920741172536509,-14.435890783230333,10.515149610693824,3670.7007045619584,3554.0598876953127,3437.419070828667,0.06563807057414746,66.81673520910273,0.018708667222962272,15.341217769645317,17.222832344085738,22.636797697504875,-31509159.0,2778707.1,3653.4008690771816,3347.2420109827135,3936.770936153626,2884.947191217735
2024-06-18,3565.840499225813,3580.70569469464,3536.948808300375,3555.63525390625,1774045,3553.1744995117188,3590.6529736328125,3457.397744140625,3566.428890941192,48.25039102714471,-4.598381994958345,-12.468389025575936,7.870007030617591,3669.484744316293,3553.1744995117188,3436.8642547071445,0.06546835502762825,65.16960315090004,0.01832854004901211,15.718483440248983,16.396836478977285,24.916953404216414,-33283204.0,2741773.65,3648.740748916949,3347.2420109827135,3936.770936153626,2884.947191217735
2024-06-19,3567.3313345631773,3573.109854433855,3534.9913279582247,3543.146240234375,1509050,3552.3124145507813,3588.469921875,3459.614906005859,3564.211495635781,46.94256247906934,-6.073168550509763,-11.189344930562703,5.11617638005294,3668.651602867744,3552.3124145507813,3435.973226233819,0.0655005386578165,63.23738338838079,0.017847805058195314,16.100334096295047,15.690853480641115,24.06523126341452,-34792254.0,2692185.7,3648.740748916949,3347.2420109827135,3936.770936153626,2884.947191217735
2024-06-20,3537.834111884448,3550.835327141292,3522.9689165897294,3529.67919921875,2846526,3550.227087402344,3584.9812353515626,3461.690954589844,3560.922705500826,45.510089653196175,-8.233712074761115,-10.598218359402386,2.364506284641271,3666.6191253723505,3550.227087402344,3433.835049432337,0.06556878481549146,60.71088532860807,0.017200114203592683,16.654954358462636,15.176415533558826,24.690712791347384,-37638780.0,2672232.35,3648.740748916949,3347.2420109827135,3936.770936153626,2884.947191217735
2024-06-21,3566.725647697406,3614.0707841122357,3539.7445833273214,3551.580810546875,4642195,3546.3733032226564,3582.375634765625,3463.924627685547,3560.0330012194972,48.27456256871555,-8.085477042517141,-10.095670096025337,2.010193053508196,3657.0883972153183,3546.3733032226564,3435.6582092299946,0.06243848829566418,62.40236386895648,0.017570306631808755,15.68940744752983,20.948614378696163,22.305628711397,-32996585.0,2749000.25,3648.740748916949,3347.2420109827135,3936.770936153626,2884.947191217735
2024-06-24,3549.7171610298915,3594.685681678317,3533.453979898565,3557.2197265625,1702154,3544.84951171875,3580.0068017578124,3466.2160522460936,3559.765070299783,48.99208919897287,-7.4273682377465775,-9.562009724369586,2.134641486623009,3654.0766490517412,3544.84951171875,3435.6223743857586,0.061625824719442966,62.318745148299,0.017518947363007114,14.914679680072684,19.47838567752117,21.46117829691064,-31294431.0,2876322.9,3648.740748916949,3347.2420109827135,3936.770936153626,2884.947191217735
2024-06-25,3557.4058326486897,3585.97123515531,3534.9447826173177,3577.39697265625,1338808,3544.4487548828124,3578.522646484375,3468.6347131347657,3561.4442990956372,51.580341009103236,-5.217532668264994,-8.693114313148667,3.4755816448836736,3653.1351279144164,3544.4487548828124,3435.7623818512084,0.061327659417774516,61.51215281899137,0.01719466787979027,14.195289610291049,18.3242433347465,20.189550606178237,-29955623.0,2895958.0,3648.740748916949,3347.2420109827135,3936.770936153626,2884.947191217735
2024-06-26,3583.035348485668,3603.9584772724033,3579.7733836736766,3593.613525390625,1639845,3545.1920166015625,3576.6577783203124,3471.1317053222656,3564.508034933255,53.61740811167255,-2.133092814010979,-7.38111001332113,5.2480171993101505,3655.003952322898,3545.1920166015625,3435.380080880227,0.06194978168014812,59.01567794736008,0.016422377512324476,13.248638448312528,19.912204828828784,19.54049203603451,-28315778.0,2870821.5,3648.740748916949,3347.2420109827135,3936.770936153626,2884.947191217735
2024-06-27,3570.453701121453,3673.9045914436874,3558.4311210986525,3666.58837890625,4526556,3551.2732543945312,3575.9424462890624,3473.925753173828,3574.229972454493,61.47253823140431,6.129155703405559,-4.679056869975793,10.80821257338135,3673.167226099152,3551.2732543945312,3429.3792826899107,0.06864803858941722,63.048377404336854,0.01719537916147116,13.69775802040882,25.23156685415441,16.98416882548076,-23789222.0,2862714.1,3673.9045914436874,3347.2420109827135,3936.770936153626,2884.947191217735
2024-06-28,3651.3502171183336,3690.6801469139846,3632.757063400671,3638.62841796875,2731571,3559.104284667969,3575.781923828125,3476.7364916992187,3580.363157741565,57.45747042648073,10.302155171285449,-1.6828144617235443,11.984969633008994,3682.309336633378,3559.104284667969,3435.89923270256,0.06923374091405858,62.68228498354947,0.017226899200260083,14.380561516911765,25.47778063462966,15.86312364439614,-26520793.0,3010637.15,3690.6801469139846,3347.2420109827135,3936.770936153626,2900.487590401266
2024-07-01,3619.849165498956,3729.544343158271,3619.849165498956,3707.642578125,2658723,3573.4219970703125,3578.26744140625,3479.7896533203125,3592.485007301892,63.7509977953866,18.959598810479292,2.445668192717023,16.51393061776227,3695.7885559529454,3573.4219970703125,3451.0554381876796,0.06848704630069204,66.04034874610416,0.017811951220902626,15.581582106488439,26.6584765187958,13.98104029963275,-23862070.0,3001254.2,3729.544343158271,3347.2420109827135,3936.770936153626,2900.487590401266
2024-07-02,3721.9950911331453,3749.768209134794,3711.696556855965,3744.17626953125,2307449,3588.0798583984374,3581.68349609375,3482.845391845703,3606.9317941808786,66.57031015406139,28.440800989713807,7.64469475211638,20.796106237597428,3718.2684555031483,3588.0798583984374,3457.8912612937265,0.07256727957154298,64.33215462208199,0.01718192467208175,16.96608348532714,27.657067856231077,13.327112539584451,-21554621.0,2586350.35,3749.768209134794,3347.2420109827135,3936.770936153626,2900.487590401266
2024-07-03,3746.5999407449876,3752.2851709732076,3686.02058846926,3695.573486328125,1821198,3599.7413940429688,3584.7899853515623,3485.6083996582033,3615.373860099664,59.89612664242452,31.667836504366278,12.44932310256636,19.218513401799918,3724.457544817196,3599.7413940429688,3475.0252432687416,0.06929172800058005,64.4701851850724,0.01744524508133355,17.579862651693336,25.62657882417975,15.193403008821415,-23375819.0,2593884.15,3752.2851709732076,3448.3629196102897,3936.770936153626,2900.487590401266
2024-07-04,3727.820255141,3772.0897796971713,3711.2774328068517,3747.485107421875,2518001,3612.532958984375,3588.2241015625,3488.6284436035157,3627.95588365416,64.04272926896179,37.97635163581117,17.554728809215323,20.421622826595847,3742.643210203437,3612.532958984375,3482.422707765313,0.07203269987916787,65.33062148392767,0.017433190422702603,18.440761974244662,25.648019272116514,13.9223485569853,-20857818.0,2515144.2,3772.0897796971713,3487.0407083341674,3936.770936153626,2900.487590401266
2024-07-05,3737.2801360585863,3752.8909695446164,3716.776354763502,3738.957763671875,1668616,3620.986120605469,3591.300771484375,3491.489686279297,3638.527491274895,62.8923584884394,41.805897589099004,22.404962565192058,19.400935023906946,3760.5421769084473,3620.986120605469,3481.4300643024903,0.0770817957621131,63.24376386229817,0.016914810987377696,19.240168488042322,24.601876222539243,13.354477485845061,-22526434.0,2501060.75,3772.0897796971713,3522.9689165897294,3936.770936153626,2900.487590401266
2024-07-08,3748.4634252798046,3757.084331964001,3707.5025141632937,3721.6220703125,1758882,3625.6111083984374,3594.838486328125,3494.3254272460936,3646.441260707048,60.51263654433757,42.946929306293896,26.513355913412425,16.43357339288147,3771.907417808898,3625.6111083984374,3479.3147989879767,0.08070160038487141,62.26791057218455,0.016731390075552726,19.71524673473754,23.202616460267507,13.658744262901815,-24285316.0,2368089.75,3772.0897796971713,3522.9689165897294,3936.770936153626,2908.988373447767
2024-07-09,3713.9800499344306,3734.437184375931,3704.753440197671,3714.446044921875,1305801,3631.519921875,3597.8412890625,3496.947717285156,3652.917906822746,59.508859192427146,42.77902985918763,29.766490702567467,13.012539156620164,3782.082534316493,3631.519921875,3480.957309433507,0.0829198879150059,59.94047011547565,0.016137122303182184,20.074300475979687,22.38187294359171,13.503190792597382,-25591117.0,2228411.6,3772.0897796971713,3522.9689165897294,3936.770936153626,2919.1347353535625
2024-07-10,3712.7687221974984,3731.03581821931,3636.6251805066217,3643.288818359375,2669716,3634.1784423828126,3599.9918310546873,3498.755286865234,3652.0008507786156,50.553863212889404,36.48361444283182,31.10991545062034,5.373698992211484,3783.5963585042496,3634.1784423828126,3484.7605262613756,0.08222926776455616,62.402624943847975,0.017128102671791136,18.66212748193991,19.963148113494665,19.842188230838115,-28260833.0,2206968.6,3772.0897796971713,3522.9689165897294,3936.770936153626,2938.0577961134145
2024-07-11,3663.6526936077744,3709.320203652745,3630.6603385899334,3656.84912109375,4872189,3638.4679565429688,3601.509599609375,3500.69,3652.4625908086286,52.03515915874784,32.21727478269895,31.33138731703606,0.8858874656628899,3785.2946876635133,3638.4679565429688,3491.641225422424,0.08070799736274141,63.5638563809168,0.01738213808556178,17.437355520176066,18.198557549158252,18.758576397654764,-23388644.0,2269459.5,3772.0897796971713,3522.9689165897294,3936.770936153626,2970.9656783737587
2024-07-12,3709.3198875445955,3914.311252806398,3701.2116207349213,3899.3994140625,13509164,3652.71806640625,3608.7953173828123,3503.8732080078125,3675.9803834994736,69.58605595566476,47.856293863775136,34.63636862638388,13.219925237391259,3837.777493211128,3652.71806640625,3467.6586396013718,0.10132696991145006,77.41373319032617,0.019852732426215977,18.995957076371262,32.78960604640697,14.30235058326447,-9879480.0,2404218.9,3914.311252806398,3522.9689165897294,3936.770936153626,2970.9656783737587
2024-07-15,3947.6299180714223,3951.637292730522,3874.328546212561,3885.652587890625,4848030,3668.429089355469,3615.0168505859374,3506.812401123047,3695.9491648700596,68.06588948303636,58.46710280687512,39.40251546248213,19.06458734439299,3875.286199491151,3668.429089355469,3461.571979219787,0.11277694353471944,77.4062341423001,0.01992103833048055,20.759998287003203,33.89479633005219,13.28204074083356,-14727510.0,2983060.95,3951.637292730522,3522.9689165897294,3951.637292730522,2970.9656783737587
2024-07-16,3888.2621642902236,3909.2783561355113,3863.005145027192,3894.273681640625,2029521,3685.3610107421873,3621.779052734375,3509.75873046875,3714.837214086304,68.53019894653164,66.80184546535111,44.88238146305592,21.919464002295186,3907.3965265411716,3685.3610107421873,3463.325494943203,0.12049593792943993,75.18244678273003,0.019305897050115976,22.15892658976098,32.404686857152626,13.773927444961263,-12697989.0,3132425.95,3951.637292730522,3522.9689165897294,3951.637292730522,2970.9656783737587
2024-07-18,3877.0786873323054,4030.8570487288994,3877.0786873323054,4022.049560546875,5613364,3709.3061767578124,3629.6598388671873,3513.34439453125,3744.0955327968345,74.4578358773174,82.76358751262842,52.45862267297042,30.304964839658,3965.4957825146716,3709.3061767578124,3453.116571000953,0.1381334371166882,80.7964406837203,0.02008837520956218,24.362175760926,38.74754902159039,11.901380324818046,-7084625.0,3145199.75,4030.8570487288994,3522.9689165897294,4030.8570487288994,2970.9656783737587
2024-07-19,4033.1187635646565,4071.7461454391314,4003.085786003565,4019.1064453125,3903354,3733.7775390625,3636.4103076171873,3517.010430908203,3770.287048274517,74.11156445405051,94.09127265903498,60.78515267018334,33.30611998885165,4009.4218658189416,3733.7775390625,3458.133212306059,0.14764903579427063,79.92957773742361,0.01988740005397115,26.64764146178068,40.02410938205303,11.171136568811965,-10987979.0,3350415.45,4071.7461454391314,3533.453979898565,4071.7461454391314,2970.9656783737587
2024-07-22,4016.8182908544136,4035.501383022473,3984.1694048386576,4005.0478515625,1896386,3756.450891113281,3642.9166162109377,3520.5220849609377,3792.64522001623,72.37997874858513,100.77249117648671,68.78262037144401,31.9898708050427,4042.8105569402724,3756.450891113281,3470.09122528629,0.15246288271966424,77.88689205502303,0.019447181392511153,28.38634984259956,38.13995160308996,12.380033895134137,-12884365.0,3403256.85,4071.7461454391314,3533.453979898565,4071.7461454391314,2970.9656783737587
2024-07-23,4000.9845622844437,4074.5027192991724,3985.38399641182,4019.060546875,2365208,3779.542932128906,3650.0131396484376,3524.2252392578125,3814.20858447897,73.05573311933026,105.97648147945893,76.221392593047,29.755088886411926,4072.3279106603886,3779.542932128906,3486.7579535974237,0.15493142096235707,78.68916568590369,0.0195789948342749,30.24886847505018,38.594860706929836,11.378541140681945,-10519157.0,3265966.4,4074.5027192991724,3534.9447826173177,4074.5027192991724,2970.9656783737587
2024-07-24,4005.188456010749,4053.390931920216,3987.06594524342,4022.703857421875,1809793,3801.8082763671873,3658.4094287109374,3527.907430419922,3834.065277140199,73.23905969218534,109.13660712821138,82.80443550007988,26.332171628131505,4097.431196265366,3801.8082763671873,3506.1853564690086,0.15551700580791042,77.806010042396,0.01934171959957832,31.97835006232576,36.2448736587524,10.685717696887119,-8709364.0,3299119.1,4074.5027192991724,3558.4311210986525,4074.5027192991724,2991.6696905215877
2024-07-25,4012.1938064248666,4057.033224983282,3992.763574168281,4037.883056640625,2810342,3824.0217529296874,3666.1118603515624,3531.6490197753906,3853.4764942354777,74.03181294428428,111.57964331914809,88.55947706389352,23.020166255254566,4120.4950335378135,3824.0217529296874,3527.548472321562,0.15505836512618662,76.83912724043918,0.019029557360278435,33.60906533338825,34.41803645618848,10.047308436851793,-5899022.0,3322668.35,4074.5027192991724,3558.4311210986525,4074.5027192991724,3042.356777084169
2024-07-26,4063.5728185417897,4131.252506902691,4051.475333101173,4098.9306640625,3552210,3845.6388671875,3675.8976025390625,3535.9366552734373,3876.8530818380514,76.98476591056613,117.09203473522666,94.26598859816016,22.8260461370665,4155.776152969082,3845.6388671875,3535.501581405918,0.16129298485502383,78.01986459912678,0.019034199647036804,35.585460873773435,38.27084192031121,9.188450549292034,-2346812.0,3381193.2,4131.252506902691,3619.849165498956,4131.252506902691,3042.356777084169
2024-07-29,4124.292751189664,4139.239225486161,4083.1899468742968,4092.625,1746803,3868.3386962890627,3685.9421337890626,3540.230107421875,3897.402788329666,76.02313691476986,119.57346181992943,99.32748324251402,20.245978577415414,4180.994692249783,3868.3386962890627,3555.6827003283424,0.16164871822658877,76.450537028608,0.018680073798261018,37.46582668874291,37.01290324380152,8.707274797468633,-4093615.0,3332475.9,4139.239225486161,3619.849165498956,4139.239225486161,3042.356777084169
2024-07-30,4101.966100549943,4108.411675663631,4042.3667670930145,4077.91162109375,1797906,3886.8521484375,3694.7874365234375,3544.5175854492186,3914.594105735769,73.70951399952295,118.98122247986794,103.2582310899848,15.722991389883134,4203.083541332035,3886.8521484375,3570.6207555429655,0.16271850886927017,75.7072778530372,0.018565208098534392,38.25851601127617,34.70654467055421,12.016304476074431,-5891521.0,3283237.5,4139.239225486161,3630.6603385899334,4139.239225486161,3042.356777084169
2024-07-31,4063.572272159268,4123.358163060002,4058.9014994326476,4096.5947265625,2330091,3904.4730712890623,3705.252470703125,3548.7889599609375,3931.9274981954577,74.75992384054476,118.6516961114603,106.33692409427991,12.314772017180388,4226.167669774681,3904.4730712890623,3582.7784728034435,0.16478259299629955,74.90366255120271,0.018284372155616,39.11024406210469,33.99856924244719,11.277707276420287,-3561430.0,3240196.65,4139.239225486161,3630.6603385899334,4139.239225486161,3042.356777084169
2024-08-01,4109.720150730294,4128.309738282021,4077.6318451315615,4107.57177734375,2202244,3925.0729858398436,3716.1961474609375,3552.8787622070313,3948.6555247810093,75.38226643454021,117.91702627133782,108.6529445296915,9.264081741646322,4243.36844345379,3925.0729858398436,3606.777528225897,0.16218575234765528,73.1732504511496,0.01781423537252675,39.94065539124663,32.800025932499075,10.719803904420262,-1359186.0,3241328.75,4139.239225486161,3630.6603385899334,4139.239225486161,3042.356777084169
2024-08-02,4077.5849152603046,4108.412017712444,3988.8402263829325,4001.03076171875,2811282,3937.7502685546874,3724.7890478515624,3556.288992919922,3953.643642584603,59.93546436354717,107.49864807014364,108.42208523778194,-0.9234371676382978,4246.806202295875,3937.7502685546874,3628.6943348134996,0.15697081463453166,76.48743194246117,0.019116931735262126,38.810291278275166,29.13746543371422,17.814691004887685,-4170468.0,3260381.05,4139.239225486161,3630.6603385899334,4139.239225486161,3042.356777084169
2024-08-05,3959.881447438652,3959.881447438652,3839.842578366732,3881.458984375,2787771,3944.8753295898437,3729.84509765625,3559.02369140625,3946.7689132313076,48.03807834669919,88.57255586719793,104.45217936366515,-15.879623496467218,4241.594985051057,3944.8753295898437,3648.1556741286304,0.1504329696989759,82.53748561457236,0.021264551795299392,36.460430785729834,25.072978781055117,28.2240280750189,-6958239.0,3275045.1,4139.239225486161,3630.6603385899334,4139.239225486161,3042.356777084169
2024-08-06,3896.312359784595,3977.8638749268666,3886.8303255725164,3896.5458984375,2203067,3953.6215209960938,3736.0221044921873,3561.87712890625,3941.985768965231,49.40281987439081,73.9385616064319,98.34945581221851,-24.410894205786605,4233.3272837327095,3953.6215209960938,3673.915758259478,0.14149344404931577,83.5280145386648,0.021436425161104663,34.04778365106378,24.54371663572772,25.897234438747756,-4755172.0,3331002.85,4139.239225486161,3630.6603385899334,4139.239225486161,3042.356777084169
2024-08-07,3949.6056498315265,3965.439752757732,3905.0462929478185,3923.869873046875,1237666,3964.0927124023438,3742.791259765625,3564.9542541503906,3940.260445544435,51.86842441728487,63.81026707915589,91.441618065606,-27.6313509864501,4222.032202884664,3964.0927124023438,3706.1532219200235,0.13013797062581928,82.48271738020533,0.021020757580871994,31.80746845458816,23.079417470931947,24.35218324206072,-3517506.0,3353212.1,4139.239225486161,3630.6603385899334,4139.239225486161,3042.356777084169
2024-08-08,3905.700184906889,3953.3420670954206,3886.082939299846,3897.806396484375,2441283,3976.8185913085936,3749.172421875,3568.209688720703,3936.21720277681,49.395788433075474,53.06867332682668,83.76702911785014,-30.69835579102346,4191.715627638788,3976.8185913085936,3761.921554978399,0.10807484998176965,81.39531812416027,0.020882339922674135,29.977038643264976,21.71719320115888,24.57896774969052,-5958789.0,3349805.35,4139.239225486161,3630.6603385899334,4139.239225486161,3042.356777084169
2024-08-09,3939.330323030594,3973.567001152208,3928.6340693907664,3950.306640625,1302536,3991.4914672851564,3757.2792822265624,3571.5979418945312,3937.5590540004473,54.13842411550816,48.236177203578336,76.6608587349958,-28.424681531417463,4149.554895685599,3991.4914672851564,3833.4280388847137,0.07920018353838586,80.99283859156546,0.020502924446075693,27.976642284657487,22.049837881875547,22.93674366878126,-4656253.0,3338383.7,4139.239225486161,3701.2116207349213,4139.239225486161,3042.356777084169
2024-08-12,3951.473798487575,3959.8811895481867,3910.698043069639,3919.385498046875,936912,3992.490771484375,3766.0268359375,3575.0460485839844,3935.8282391477264,51.10076261531855,41.433689639774,69.61542491595144,-28.181735276177434,4148.451400711039,3992.490771484375,3836.5301422577104,0.07812698295539432,78.7207177263499,0.020084964279624536,26.37459920472362,21.065816287474654,23.5405976003324,-5593165.0,3159901.05,4139.239225486161,3839.842578366732,4139.239225486161,3042.356777084169
2024-08-13,3935.5940759391647,3955.2113262583484,3907.5694326260445,3920.60107421875,1495593,3994.2381958007813,3776.0130908203123,3578.578135986328,3934.3780329640144,51.21664482337398,35.72889560617659,62.83811905399647,-27.10922344781988,4146.100798576043,3994.2381958007813,3842.3755930255197,0.07604083448749646,76.50080171963234,0.019512518685639673,24.932911632731532,20.128743588061578,22.785556397795066,-4097572.0,2531288.45,4139.239225486161,3839.842578366732,4139.239225486161,3042.356777084169
2024-08-14,3931.856657097139,4022.65666541517,3912.379442730103,4012.427490234375,3226545,4000.145886230469,3787.241259765625,3582.660086669922,3941.8113146088103,59.10147677324413,38.177344913223806,57.90596422584194,-19.728619312618136,4145.025961344225,4000.145886230469,3855.265811116713,0.07243739565222883,78.91340321716339,0.019667247173743664,23.744871941823728,24.224365037997227,20.511157432380156,-871027.0,2363666.6,4139.239225486161,3839.842578366732,4139.239225486161,3042.356777084169
2024-08-16,4063.5722246731834,4135.502123822571,4040.3118679924623,4125.27294921875,3457058,4005.3070556640623,3800.49986328125,3587.41009765625,3959.2838512383287,66.30831321977539,48.6624931506808,56.05727001080972,-7.394776860128914,4159.965025629987,4005.3070556640623,3850.6490856981372,0.07722652361806676,82.06777681509428,0.019893902252125253,23.934393080962078,31.451093021702643,18.314015993379,2586031.0,2423517.8,4139.239225486161,3839.842578366732,4139.239225486161,3042.356777084169
2024-08-19,4129.897338812813,4198.32416081418,4101.265592573427,4194.35400390625,2055210,4014.06943359375,3814.5538671875,3592.326794433594,3981.6714848257498,69.81493344107243,61.833533959649685,57.21252280057771,4.621011159071976,4189.345318138809,4014.06943359375,3838.7935490486916,0.0873307686599412,83.13854763121273,0.019821538085193775,24.6666194966888,34.225812135489875,16.786847342201334,4641241.0,2315702.5,4198.32416081418,3839.842578366732,4198.32416081418,3042.356777084169
2024-08-20,4208.366092318441,4264.415363248319,4203.69531974095,4225.4609375,2212298,4025.090087890625,3827.6651953125,3597.7867883300783,4004.889527937583,71.26522940564867,73.92953460709396,60.555925161880964,13.373609445212992,4222.970890938336,4025.090087890625,3827.2092848429143,0.09832366417985527,82.20446275341678,0.01945455512885493,25.849748415479716,37.88499244513815,15.764909998873875,6853539.0,2223295.3,4264.415363248319,3839.842578366732,4264.415363248319,3042.356777084169
2024-08-21,4220.510508211579,4259.745001647808,4196.736091046363,4251.8046875,1896990,4036.727294921875,3840.1188427734373,3603.470616455078,4028.4052574197176,72.47151965144454,84.66545209888545,65.37783054928187,19.287621549603585,4257.833026930544,4036.727294921875,3815.6215629132057,0.10954702453485825,80.83335188541878,0.019011539293670526,26.82738805151844,35.77563319248724,15.502105698100207,8750529.0,2239090.9,4264.415363248319,3839.842578366732,4264.415363248319,3042.356777084169
2024-08-22,4259.744931072301,4260.63256038501,4201.080205263111,4205.56396484375,1829872,4045.8703002929688,3852.3047265625,3609.1683459472656,4045.2775152696254,67.14334155636085,88.42321639367765,69.98690771816104,18.436308675516614,4278.711876048726,4045.8703002929688,3813.028724537212,0.11510086012341836,79.31328068802453,0.018859130749416926,27.74229832839101,33.93684247623093,14.67069485342555,6920657.0,2215680.0,4264.415363248319,3839.842578366732,4264.415363248319,3042.356777084169
2024-08-23,4203.69572876681,4209.300656405166,4161.658771479141,4169.97265625,1809253,4052.4747802734373,3863.9018115234376,3614.622880859375,4057.153242982042,63.28654460126772,87.52046902862912,73.49361998025466,14.026849048374459,4291.448089485488,4052.4747802734373,3813.5014710613864,0.11793944301655898,77.05103813359595,0.018477588340564063,27.86453744942431,32.438007433929045,17.67723988510215,5111404.0,2216683.95,4264.415363248319,3839.842578366732,4264.415363248319,3042.356777084169
2024-08-26,4193.419813734232,4252.411582886306,4189.683195499672,4205.984375,1844164,4057.8274658203127,3876.600322265625,3620.1306689453127,4071.3276365075617,65.44910245654734,88.68853376793732,76.5326027377912,12.155931030146121,4305.365436346859,4057.8274658203127,3810.2894952937663,0.12200517277365559,77.43588731236095,0.018410883257824976,28.376574315606018,33.94795529425872,16.333000953479466,6955568.0,2166629.5,4264.415363248319,3839.842578366732,4264.415363248319,3042.356777084169
2024-08-27,4208.366896981085,4213.037670451652,4191.365099096131,4201.03369140625,930697,4063.247900390625,3888.3330517578124,3625.6587292480467,4083.680594116961,64.8832785862318,88.19806233663576,78.86569465756011,9.332367679075645,4318.232122139724,4063.247900390625,3808.2636786415264,0.12550758801823816,73.45279331544378,0.017484457091049004,28.852037119917604,33.232491417704495,15.988777801403014,6024871.0,2081227.2,4264.415363248319,3839.842578366732,4264.415363248319,3042.356777084169
2024-08-28,4202.528021816373,4262.080377779873,4163.807131055486,4209.34716796875,1848058,4069.819677734375,3901.0913525390624,3631.4034033203125,4095.6488392457027,65.42385406517357,87.47186703975694,80.58692913399948,6.884937905757468,4332.631767577233,4069.819677734375,3807.0075878915163,0.12915171219043453,75.225682844654,0.017871104435644516,29.731998082602654,34.788196713430004,14.496820489673784,7872929.0,2040421.9,4264.415363248319,3839.842578366732,4264.415363248319,3042.356777084169
2024-08-29,4166.329721782055,4256.008567811444,4166.329721782055,4214.71875,2133641,4075.72587890625,3914.2730224609377,3637.039630126953,4106.9888307461115,65.79028827578315,86.33458248726174,81.73645980465193,4.598122682609812,4345.885885752522,4075.72587890625,3805.5658720599777,0.13257025367896996,76.25805164356366,0.018093271738135235,30.5491046908102,31.866008480314605,13.279096024060514,10006570.0,2042929.5,4264.415363248319,3839.842578366732,4264.415363248319,3042.356777084169
2024-08-30,4203.695925833791,4289.871692313383,4192.29905664945,4253.90673828125,3637222,4083.042626953125,3928.488232421875,3642.914064941406,4120.981012416125,68.41977001637866,87.58578502284536,82.90632484829062,4.679460174554734,4363.968135889775,4083.042626953125,3802.1171180164747,0.1376059642787929,77.78052193073293,0.018284491578242593,31.603423531076874,32.120444210681235,12.089231108434847,13643792.0,2033107.0,4289.871692313383,3839.842578366732,4289.871692313383,3042.356777084169
2024-09-02,4274.691845760554,4285.901701999436,4214.905945819847,4223.35986328125,1216500,4094.15908203125,3942.361845703125,3648.5009216308595,4130.731379165185,64.27266032415176,85.13115555616196,83.35129098986489,1.7798645662970642,4378.794700729275,4094.15908203125,3809.5234633332248,0.13904472835325582,77.29589580565123,0.018301991378399333,32.58243388275307,30.013129195723856,11.296097051290554,12427292.0,2104855.9,4289.871692313383,3839.842578366732,4289.871692313383,3042.356777084169
2024-09-03,4223.358803649795,4255.914177534855,4199.86491040308,4215.23193359375,1717263,4110.847729492188,3955.6348681640625,3654.092164306641,4138.779051015525,63.175399824026755,81.58947533732226,82.99892785935637,-1.4094525220341154,4382.485084036448,4110.847729492188,3839.2103749479274,0.13215636891411472,75.77827947180293,0.017977250283164655,33.1285716808424,28.42747515015345,12.11706880747692,10710029.0,2025116.8,4289.871692313383,3886.082939299846,4289.871692313383,3042.356777084169
2024-09-04,4182.163638580721,4191.551709902781,4144.563915753981,4184.31201171875,1265505,4125.23603515625,3968.1767138671876,3659.4778088378907,4143.115523463451,59.04573205716754,75.41831358794843,81.4828050050748,-6.064491417126362,4379.898761557676,4125.23603515625,3870.573308754824,0.12346577225212288,75.41326078380052,0.018022857896972107,32.41754077314948,26.524708883914794,16.543924036991726,9444524.0,1971591.4,4289.871692313383,3886.082939299846,4289.871692313383,3042.356777084169
2024-09-05,4185.946301664735,4202.761082613176,4160.864162190618,4181.22900390625,1688793,4138.103991699219,3980.2533544921876,3665.0047045898436,4146.745378743717,58.63416671763285,69.47795189512908,79.08183438308566,-9.603882487956582,4376.2387083139865,4138.103991699219,3899.969275084451,0.11509363568071335,73.01923647228318,0.017463582215675358,31.899213133066404,26.53413267625462,15.865884051188234,7755731.0,1924713.3,4289.871692313383,3886.082939299846,4289.871692313383,3042.356777084169
2024-09-06,4179.361098385194,4221.398054814522,4147.646367693666,4163.29345703125,1649179,4151.378344726562,3991.646953125,3670.5062451171875,4148.321386199673,56.180797765317145,62.6012949560818,75.78572649768489,-13.18443154160309,4362.521955673122,4151.378344726562,3940.234733780003,0.1017221719695928,73.07155437575263,0.01755138212809488,31.654484828986085,26.442989303331288,14.722058340666317,6106552.0,1947269.65,4289.871692313383,3907.5694326260445,4289.871692313383,3042.356777084169
2024-09-09,4161.659196670836,4194.588149910487,4138.7724064759,4156.56787109375,1184938,4161.69140625,4001.44654296875,3675.9828857421876,4149.106765713394,55.247278715375366,55.963681724421804,71.82131754303228,-15.857635818610476,4351.627205114586,4161.69140625,3971.755607385414,0.09127817530119692,71.83899645138364,0.017283248747356574,31.223609963744096,24.975486395534762,14.787356630541705,4921614.0,1907664.45,4289.871692313383,3907.5694326260445,4289.871692313383,3042.356777084169
2024-09-10,4149.934709178804,4241.014770036182,4148.06640023814,4211.0283203125,1385591,4176.273547363281,4012.894541015625,3681.397590332031,4155.004056627595,60.911270492581295,54.469933042145385,68.3510406428549,-13.881107600709512,4331.094243396953,4176.273547363281,4021.4528513296086,0.07414298621862034,73.34680883328782,0.017417790443129758,31.413903432709052,27.236010554774857,13.44884217699231,6307205.0,1901784.55,4289.871692313383,3907.5694326260445,4289.871692313383,3042.356777084169
2024-09-11,4223.733271206021,4249.7960919167,4176.838530358877,4184.4052734375,1325919,4189.463757324219,4022.429794921875,3686.249382324219,4157.804172514253,57.1063236911688,50.55510132620657,64.79185277952524,-14.236751453318675,4290.5234607381735,4189.463757324219,4088.4040539102643,0.048244696346770984,73.31900545646893,0.01752196564751893,31.6951332088981,26.155662402902962,12.492946260334634,4981286.0,1924218.5,4289.871692313383,3912.379442730103,4289.871692313383,3042.356777084169
2024-09-12,4213.270346969656,4234.14879133681,4139.518666509012,4220.22998046875,2742216,4199.8538818359375,4031.950869140625,3691.2591638183594,4163.7494875575385,60.66688784656038,49.769610356654084,61.78740429495101,-12.017793938296926,4260.699498185304,4199.8538818359375,4139.008265486571,0.028975111068753796,74.8412282687067,0.017733921756651262,31.066928518255395,23.793410572884216,14.92645725028314,7723502.0,1915734.8,4289.871692313383,4040.3118679924623,4289.871692313383,3042.356777084169
2024-09-13,4231.719780810027,4247.600406919028,4208.365918885027,4224.80712890625,1458786,4204.830590820313,4042.5355419921875,3696.2130383300782,4169.56450101932,61.11105732641259,48.95215080735579,59.220353597431966,-10.268202790076174,4255.969502673557,4204.830590820313,4153.691678967069,0.02432388689565145,72.2978896805134,0.01711270774607655,30.67346025505913,24.20010025006657,14.347867048229446,9182288.0,1891518.35,4289.871692313383,4101.265592573427,4289.871692313383,3042.356777084169
2024-09-16,4228.917867918421,4246.713330569917,4198.511318185657,4216.0732421875,1155120,4205.916552734375,4051.9073046875,3701.1664318847656,4173.993904940099,59.72511661941008,47.05711147000147,56.78770517194587,-9.7305937019444,4257.041876397878,4205.916552734375,4154.791229070872,0.024311145036990844,70.5767555879239,0.016739926356522522,30.07061458340113,23.01952789484763,14.645277801693702,8027168.0,1791604.75,4289.871692313383,4138.7724064759,4289.871692313383,3042.356777084169
2024-09-17,4216.0732990838,4237.138303114714,4171.934493703706,4208.9736328125,1699364,4205.0921875,4061.3076220703124,3705.9926708984376,4177.325307594614,58.562448767783906,44.469780056461786,54.32412014884906,-9.854340092387275,4255.45639066144,4205.0921875,4154.72798433856,0.023953911550929557,70.19297371814423,0.016676981098415724,28.887314167654317,21.492145767222823,16.378005712283546,6327804.0,1746600.25,4289.871692313383,4138.7724064759,4289.871692313383,3042.356777084169
2024-09-18,4200.9394121289515,4200.9394121289515,4036.4816909272813,4059.9755859375,2961779,4195.500732421875,4068.0746923828124,3710.1745336914064,4166.14914362727,40.66903141542273,30.050006348628813,49.46929738880502,-19.419291040176205,4272.59757409898,4195.500732421875,4118.40389074477,0.0367521526483444,77.50004287293527,0.01908879529753121,28.142347360480947,18.075353225437116,26.258374687138463,3366025.0,1720953.55,4289.871692313383,4036.4816909272813,4289.871692313383,3042.356777084169
2024-09-19,4100.984590387466,4131.018021075946,3999.862370444668,4013.267578125,2927551,4185.885913085937,4074.051123046875,3714.3578527832033,4151.588994531816,36.86627288827769,14.684017705328188,42.512241452109656,-27.828223746781468,4296.3199421203635,4185.885913085937,4075.4518840515107,0.05276494932133101,81.33258628424548,0.0202659266298521,27.89192330494518,15.993351040704644,26.449826531972843,438474.0,1774193.0,4289.871692313383,3999.862370444668,4289.871692313383,3042.356777084169
2024-09-20,4032.652226956164,4045.5438351546454,3949.1388902025246,4002.75927734375,5447908,4177.525244140625,4081.2405322265627,3718.4286767578124,4137.414735752,36.04957597387526,1.6395294728381486,34.33769905625535,-32.698169583417204,4313.806197406111,4177.525244140625,4041.244290875138,0.06524482572864565,82.40918333195086,0.02058809376781658,28.206050007428892,14.656955140272368,28.636176100083578,-5009434.0,1829076.95,4289.871692313383,3949.1388902025246,4289.871692313383,3042.356777084169
2024-09-23,4016.864589205444,4025.6455508023273,3972.959325090873,3987.438720703125,1702319,4166.597961425781,4087.85232421875,3722.222586669922,4123.131305747345,34.837835596512065,-9.82134792819761,25.50588965936476,-35.32723758756237,4325.215328209771,4166.597961425781,4007.980594641792,0.07613759150869051,80.28611493048683,0.020134758313308847,28.497739088306627,13.969930413205695,27.29389450877706,-6711753.0,2011009.7,4289.871692313383,3949.1388902025246,4289.871692313383,3042.356777084169
2024-09-24,3971.69815329688,4008.457226546826,3960.815343872883,3990.05419921875,3012026,4156.048986816406,4089.665419921875,3726.149716796875,4110.457295601765,35.23804809204741,-18.480101475589436,16.708691432373925,-35.18879290796336,4331.293734752643,4156.048986816406,3980.8042388801687,0.08433237841620209,77.9543840550194,0.019537174224421017,28.90122821092023,13.360092279040915,27.215153955984665,-3699727.0,2003917.45,4289.871692313383,3949.1388902025246,4289.871692313383,3042.356777084169
2024-09-25,3972.352129245545,4007.149385684038,3960.815229509036,3993.277099609375,2713073,4145.2454833984375,4091.81791015625,3729.9824658203124,4099.297276935823,35.76161258111301,-24.79632828098329,8.407687489702482,-33.20401577068577,4332.260608896312,4145.2454833984375,3958.230357900563,0.09023114613928829,75.69579634930389,0.018955808590570514,29.275897990177874,12.775960387193777,26.025259840181892,-986654.0,2107983.9,4289.871692313383,3949.1388902025246,4289.871692313383,3042.356777084169
2024-09-26,3979.4986179109637,4032.5584170310385,3979.4986179109637,4009.858642578125,3964251,4135.002478027343,4094.129609375,3733.8944458007813,4090.7793117588994,38.515696998624634,-28.139615617832533,1.0982268681954785,-29.23784248602801,4328.019557343812,4135.002478027343,3941.985398710875,0.09335766077148759,74.07893940435895,0.01847420221195881,29.025945890648533,14.57231945455134,24.693769916565028,2977597.0,2151234.65,4289.871692313383,3949.1388902025246,4289.871692313383,3042.356777084169
2024-09-27,4049.559780254749,4089.7284239804594,4016.910897844242,4024.99169921875,3012477,4123.556726074219,4094.1884521484376,3737.794113769531,4084.513824850314,41.00173772068837,-29.231125501663882,-4.967643605776394,-24.263481895887487,4314.146341809913,4123.556726074219,3932.967110338525,0.0924394295490352,74.4925709756429,0.018507509217994635,27.613965517339473,18.93815531284004,22.802607214601025,5990074.0,2242765.15,4285.901701999436,3949.1388902025246,4289.871692313383,3042.356777084169
2024-09-30,4004.6270733006713,4015.6968960109075,3979.544932255997,3987.438720703125,2503416,4111.760668945312,4093.55509765625,3741.1729260253906,4075.268576836296,37.00332891901594,-32.74885802156268,-10.523886488933652,-22.22497153262903,4305.361554297354,4111.760668945312,3918.1597835932703,0.09416933568835437,72.41787068900791,0.018161500592600483,26.85129615339675,18.089235087744964,25.466010358552563,3486658.0,2211527.9,4255.914177534855,3949.1388902025246,4289.871692313383,3042.356777084169
2024-10-01,3975.3415301068503,4012.894728466357,3963.571546741507,4005.5615234375,1823365,4101.2771484375,4093.56537109375,3744.5927355957033,4068.6298098459342,40.042093461141164,-33.686016239008495,-15.156312438948621,-18.529703800059874,4294.036265419999,4101.2771484375,3908.518031455001,0.09399955672634124,70.7682500487109,0.017667497961179453,26.3655633131052,17.188691382580323,25.81046859723234,5310023.0,2275873.7,4249.7960919167,3949.1388902025246,4289.871692313383,3042.356777084169
2024-10-03,3981.927821252049,3997.2478667436026,3932.7911939683495,3954.043212890625,3350119,4089.763708496094,4092.2650244140623,3747.7007409667967,4057.7168006120955,34.88981787404302,-38.14609356138453,-19.754268663435806,-18.391824897948727,4288.717091563668,4089.763708496094,3890.8103254285197,0.09729333880794504,70.91125572159945,0.017933859571999815,26.32678896756247,15.928739547284428,27.019020410675303,1959904.0,2281178.8,4249.7960919167,3932.7911939683495,4289.871692313383,3042.356777084169
2024-10-04,3946.803076909651,4014.9963608420544,3945.9154476118897,3972.2587890625,2965463,4079.3151977539064,4091.256123046875,3750.8253955078126,4049.577942369277,37.930870580906536,-39.75264842347951,-23.753944615444546,-15.998703808034968,4279.899504947766,4079.3151977539064,3878.7308905600466,0.09834214688990084,70.78051697221125,0.017818707373019944,25.905174347205453,16.609392484970797,25.135432460207937,4925367.0,2385409.5,4249.7960919167,3932.7911939683495,4289.871692313383,3042.356777084169
2024-10-07,3992.483121251643,4014.295721663981,3950.913242930845,3991.50244140625,1472619,4070.7256469726562,4090.3285107421875,3753.9121142578124,4044.04694227756,41.06267567088499,-39.02321744842857,-26.80779918204135,-12.215418266387218,4270.902291941969,4070.7256469726562,3870.549002003343,0.09834936683496805,70.25208566942015,0.01760041154945895,25.513675056873936,15.53901809586136,23.515606618357236,6397986.0,2449243.0,4249.7960919167,3932.7911939683495,4289.871692313383,3042.356777084169
2024-10-08,3991.2690982560466,3997.6211671843516,3927.1394751787057,3973.193115234375,1541867,4061.5569091796874,4087.813759765625,3757.2681689453125,4037.2989587496377,39.04410443718336,-39.46758994096399,-29.33975733382588,-10.12783260713811,4261.964413134381,4061.5569091796874,3861.1494052249936,0.09868506508021332,70.26848612200772,0.01768564579772827,25.505323411377393,14.425720526225554,24.247449655528065,4856119.0,2440415.0,4249.7960919167,3927.1394751787057,4289.871692313383,3042.356777084169
2024-10-09,3979.4986935769084,4012.1941053785968,3967.0746195443417,3972.9130859375,1082504,4049.6511474609374,4085.419521484375,3760.2842224121096,4031.1669708627674,39.012516839644206,-39.38831044237622,-31.34946795553595,-8.038842486840274,4241.2219801143665,4049.6511474609374,3858.080314807508,0.09461102977896799,68.47212895859681,0.01723474122828419,25.142725295309393,15.266951986547346,23.10617981344704,3773615.0,2458261.45,4249.7960919167,3927.1394751787057,4289.871692313383,3042.356777084169
2024-10-10,3973.1926630034595,4011.119427271969,3922.1412103434836,3949.044677734375,2378875,4037.8831176757812,4082.8421826171875,3762.2907836914064,4023.345800088635,36.315649313002844,-40.78135980364823,-33.235846325158406,-7.5455134784898235,4223.727233213665,4037.8831176757812,3852.0390021378967,0.09205026996663383,69.93684952787457,0.017709814710933677,25.46677972639703,13.879551194806387,25.59556258898008,1394740.0,2443107.1,4247.600406919028,3922.1412103434836,4289.871692313383,3042.356777084169
2024-10-11,3870.2024438892004,3962.6372224848437,3841.6642037825386,3875.994384765625,5759183,4020.671337890625,4078.43017578125,3763.9403637695314,4009.312331962634,29.576746001437158,-47.23540920040068,-36.035758900206865,-11.199650300193817,4199.40177883769,4020.671337890625,3841.9408969435603,0.08890577016963162,73.58229018319103,0.018984106497264813,26.687689923041606,12.249645021451034,30.401967744346106,-4364443.0,2495754.9,4247.600406919028,3841.6642037825386,4289.871692313383,3042.356777084169
2024-10-14,3867.4000169266274,3891.1274523744905,3850.772247615099,3864.2705078125,2137590,4002.6445068359376,4073.564150390625,3765.7288818359375,3995.4988249007165,28.65763137636192,-52.68894339411236,-39.366395798987966,-13.32254759512439,4167.576807082877,4002.6445068359376,3837.7122065889985,0.0824116655702293,71.20892693863394,0.018427521260395444,27.821392248497283,11.753783302259034,29.171305797315622,-6502033.0,2646603.25,4246.713330569917,3841.6642037825386,4289.871692313383,3042.356777084169
2024-10-15,3859.039242334843,3895.378221785948,3825.3631508944272,3845.7275390625,2759474,3984.1272216796874,4070.4580859375,3767.5907690429685,3981.2348929161244,27.217001993995922,-57.840422752215545,-43.061201189633486,-14.779221562582059,4131.250728322251,3984.1272216796874,3837.0037150371236,0.07385482363213157,71.12365150669729,0.018494199285900424,29.131996811684402,10.927313230451619,29.67192149377224,-9261507.0,2680543.45,4237.138303114714,3825.3631508944272,4289.871692313383,3042.356777084169
2024-10-16,3816.0213698692205,3844.046006612446,3799.3933731218913,3825.316162109375,2359151,3964.9443481445314,4069.3352294921874,3769.316369628906,3966.3854899821486,25.686298007671866,-62.84558995209363,-47.01807894212551,-15.82751100996812,4087.8524620632234,3964.9443481445314,3842.0362342258395,0.061997396748435595,69.35297396626238,0.01812999789487189,30.597780167408047,10.40585248968362,30.930652192163024,-11620658.0,2760761.15,4200.9394121289515,3799.3933731218913,4289.871692313383,3042.356777084169
2024-10-17,3841.990767054733,3858.0118829761873,3823.447935515133,3838.441162109375,2522659,3953.867626953125,4068.173134765625,3770.9399060058595,3954.2003158990274,28.472024988064035,-65.00381963915333,-50.61522708153108,-14.388592557622253,4080.398466837157,3953.867626953125,3827.3367870690936,0.06400357918989667,66.86804350160466,0.017420624852005816,31.572759013037455,11.513492726584712,29.788653091800093,-9097999.0,2793750.5,4131.018021075946,3799.3933731218913,4289.871692313383,3042.356777084169
2024-10-18,3830.013454514362,3882.594110124687,3820.649118439755,3860.96240234375,2361000,3946.2523681640623,4066.9149853515623,3772.806755371094,3945.320514608048,33.10580847646291,-64.15738989220881,-53.32365964366663,-10.833730248542182,4075.862128939093,3946.2523681640623,3816.6426073890316,0.06568751751441068,66.5163969432709,0.017227931798272093,31.81785109074151,13.387380309011975,27.807124634290986,-6736999.0,2771794.5,4089.7284239804594,3799.3933731218913,4289.871692313383,3042.356777084169
2024-10-21,3869.905415130514,3876.788293233767,3811.2845829224775,3820.508544921875,1595450,3937.1398315429688,4065.3690283203123,3774.3994348144533,3933.433660352222,29.419079540294703,-65.99018267806059,-55.856964250545424,-10.133218427515168,4074.9448838929543,3937.1398315429688,3799.334779192983,0.07000262030113348,66.44406218384367,0.01739141828963044,32.164358935913654,12.44467209834746,26.855716083335725,-8332449.0,2743466.95,4089.7284239804594,3799.3933731218913,4289.871692313383,3042.356777084169
2024-10-22,3807.538671802041,3829.8258351822333,3751.6805040836334,3760.248779296875,1928049,3925.7803344726562,4061.56787109375,3775.742731933594,3916.939862156474,24.96009971422808,-71.48115339856486,-58.981802080149315,-12.499351318415542,4081.4279267483416,3925.7803344726562,3770.132742196971,0.07929511027854964,67.27986710632625,0.017892397831961226,33.16175616741177,11.412211865585723,30.95560427612386,-10260498.0,2550844.05,4089.7284239804594,3751.6805040836334,4289.871692313383,3042.356777084169
2024-10-23,3745.359984263881,3852.066320525731,3741.192671772974,3807.773193359375,1966476,3916.6662841796874,4059.335625,3777.3535119628905,3906.5430365567504,33.51830198182685,-71.17747459740986,-61.420936583601424,-9.75653801380843,4077.454407071627,3916.6662841796874,3755.878161287748,0.08210458140965425,70.39370865249988,0.018486843905320852,33.496932167232124,12.385041259032958,27.472987047620393,-8294022.0,2562130.55,4089.7284239804594,3741.192671772974,4289.871692313383,3042.356777084169
2024-10-24,3749.480254699009,3819.712776952362,3749.480254699009,3790.589599609375,2676744,3906.5319091796873,4056.7353955078124,3778.7970556640626,3895.4998520855715,32.09307656282853,-71.4991813104939,-63.43658552897992,-8.062595781513977,4072.203937316122,3906.5319091796873,3740.8598810432527,0.08481795719990586,70.38219533827512,0.01856761157829592,33.80816702420817,11.502276721320493,25.51480392949917,-10970766.0,2509853.05,4089.7284239804594,3741.192671772974,4289.871692313383,3042.356777084169
2024-10-25,3799.1580039005003,3831.8863126796623,3776.3557541640885,3799.626220703125,1759676,3896.0202880859374,4052.4793701171875,3780.4139624023437,3886.369030049148,33.68990392768082,-70.21555518579635,-64.7923794603432,-5.423175725453149,4060.81023521117,3896.0202880859374,3731.230340960705,0.08459398819311166,69.3213641366536,0.01824425880602161,33.75553391143871,12.098491311770509,24.05488365170903,-9211090.0,2508036.6,4089.7284239804594,3741.192671772974,4289.871692313383,3042.356777084169
2024-10-28,3810.301294003955,3871.2163428984345,3793.4923573008123,3830.809326171875,1532534,3886.311169433594,4046.59009765625,3782.6069372558595,3881.077629679884,39.01880678977274,-65.92214675799005,-65.01833291987258,-0.9038138381174718,4042.2035286637692,3886.311169433594,3730.4188102034186,0.08022639075135904,69.92155138386565,0.018252422772954403,32.68283521435007,15.155652207679067,22.144945816792053,-7678556.0,2397807.85,4015.6968960109075,3741.192671772974,4289.871692313383,3042.356777084169
2024-10-29,3835.4913054593726,3842.654930403522,3802.013807284174,3816.20068359375,1445885,3877.749267578125,4039.02703125,3784.841496582031,3874.898872909776,37.49844620329487,-62.972477491633526,-64.60916183422476,1.6366843425912379,4029.231750831487,3877.749267578125,3726.266784324763,0.07812907581204766,67.83009222211437,0.017774246651577605,31.686757852767766,14.50703287585407,21.197204356235794,-9124441.0,2323810.7,4014.9963608420544,3741.192671772974,4289.871692313383,3042.356777084169
2024-10-30,3815.966681601265,3845.9325549291766,3801.967045880175,3825.003173828125,1935002,3868.7213500976563,4031.0178759765627,3786.7934130859376,3870.1469015686666,39.03978974180766,-59.241655027880824,-63.535660472955975,4.29400544507515,4009.824734493897,3868.7213500976563,3727.617965701416,0.07294574699347559,66.12547913832059,0.017287692619648506,30.674443933343703,14.1721213057255,20.190518828658117,-7189439.0,2270934.15,4014.9963608420544,3741.192671772974,4289.871692313383,3042.356777084169
2024-10-31,3811.284820930421,3819.0572656752893,3708.2771230674366,3716.18994140625,3740372,3856.8286865234377,4020.3055810546875,3788.4750842285157,3855.484333934151,29.390816090983435,-64.32378525628246,-63.69328542962127,-0.6304998266611932,4006.9673736560353,3856.8286865234377,3706.68999939084,0.07785603112589026,69.73980568277543,0.01876648039588231,31.15317595361691,12.477807363941624,27.372554444517494,-10929811.0,2276516.0,4014.9963608420544,3708.2771230674366,4289.871692313383,3042.356777084169
2024-11-01,3736.22946325371,3744.7508713227357,3723.306634635094,3730.9384765625,154895,3844.7626708984376,4010.8130712890625,3790.1772033691404,3843.6228237082796,31.849455507435664,-66.39595530588485,-64.23381940487398,-2.1621359010108705,3994.6430155738344,3844.7626708984376,3694.8823262230408,0.07796597996014826,66.79845741375473,0.017903928953366042,31.59771282958489,12.09672736873678,26.53657961238433,-10774916.0,2296028.65,4014.295721663981,3708.2771230674366,4289.871692313383,3042.356777084169
2024-11-04,3714.176555308054,3738.149117791104,3664.49870814831,3712.1630859375,2269192,3830.795703125,4001.6568798828125,3791.6790856933594,3831.1028486824907,30.398319877546413,-68.76055325436664,-65.13916617477253,-3.6213870795941148,3975.3426882250183,3830.795703125,3686.2487180249814,0.07546577593897956,67.28788257297181,0.018126327161614556,32.677651035462745,11.150973423176849,30.704558557659013,-13044108.0,2155500.25,4012.1941053785968,3664.49870814831,4289.871692313383,3042.356777084169
2024-11-05,3690.578402330056,3732.624177811658,3690.578402330056,3718.905517578125,967590,3818.0813232421874,3991.915302734375,3793.111311035156,3820.4173885773134,31.603500452229625,-69.29170464148183,-65.9696738681144,-3.3220307733674304,3954.8134965136637,3818.0813232421874,3681.349149970711,0.0716234997086798,65.48487492358822,0.017608641739904743,33.68045079806361,10.639567080982472,29.29638499426154,-12076518.0,2195328.9,4012.1941053785968,3664.49870814831,4289.871692313383,3042.356777084169
2024-11-06,3749.105477634464,3886.011789226445,3722.557494863472,3876.507080078125,3792017,3813.261022949219,3985.4247705078124,3794.6550280761717,3825.759263958343,52.365948939031924,-56.345995418948405,-64.0449381782812,7.698942759332795,3933.639114362842,3813.261022949219,3692.8829315355956,0.06313655985737975,72.74354611821194,0.01876522978432066,31.35344235322412,23.955252780229973,24.489272561605482,-8284501.0,2166615.05,4011.119427271969,3664.49870814831,4289.871692313383,3042.356777084169
2024-11-07,3904.6469723028927,3938.451856070285,3825.377738858535,3887.041748046875,3724349,3810.1608764648436,3978.978662109375,3796.154940185547,3831.5956910143937,53.38458549850711,-44.72085376368477,-60.180121295361914,15.459267531677142,3919.035667657813,3810.1608764648436,3701.286085271874,0.05714970822648627,75.6243011963218,0.01945548982959105,29.776903997541154,26.349879510724133,21.87380293812631,-4560152.0,2302090.7,3962.6372224848437,3664.49870814831,4289.871692313383,3042.356777084169
2024-11-08,3890.8813609023655,3904.6937556251837,3855.90547671498,3883.389892578125,1648039,3810.530651855469,3972.3520849609376,3797.8318505859374,3836.5284721157013,52.96177893767685,-35.394513543949415,-55.22299974507942,19.828486201130005,3920.343496364209,3810.530651855469,3700.717807346729,0.05763651026151364,73.70744246159907,0.018980180847271506,28.31297552440697,25.104061073587882,20.839612744599542,-6208191.0,2369364.4,3938.451856070285,3664.49870814831,4289.871692313383,3042.356777084169
2024-11-11,3865.784905929242,3965.1401331569796,3855.905258290536,3931.803466796875,1406487,3813.9072998046877,3965.91001953125,3799.6437805175783,3845.6022811329563,57.74027031191224,-23.82214404899787,-48.94282860586311,25.120684556865243,3933.811755596433,3813.9072998046877,3694.002844012942,0.06287748829022974,76.24511620480224,0.01939189403760227,27.735922461254738,28.197841227787322,18.707005434562802,-4801704.0,2163807.2,3965.1401331569796,3664.49870814831,4289.871692313383,3052.786101769985
2024-11-12,3948.0039375194488,3949.8768046624846,3899.6372349991407,3930.586181640625,1587640,3818.1502319335937,3960.0545458984375,3801.3669274902345,3853.6959859432104,57.58187745154385,-14.581100735799282,-42.07048303185035,27.48938229605107,3947.8628195823044,3818.1502319335937,3688.437644284883,0.0679452508514949,74.38757716612665,0.018925313866309197,27.20008747404195,26.83754553759663,17.804558376171215,-6389344.0,2127252.05,3965.1401331569796,3664.49870814831,4289.871692313383,3052.786101769985
2024-11-13,3912.513130781797,3929.977525148187,3868.4536576373816,3886.527099609375,1098813,3821.2107788085937,3953.48044921875,3802.557731933594,3856.8227586733215,52.0196121389116,-10.689485302187222,-35.79428348591773,25.10479818373051,3954.299834336843,3821.2107788085937,3688.121723280344,0.06965805512029094,73.5122162259207,0.01891462849527261,26.123966525629786,25.217324604153134,19.75964215952264,-7488157.0,2068660.35,3965.1401331569796,3664.49870814831,4289.871692313383,3052.786101769985
2024-11-14,3872.152585273737,3895.5634231532636,3854.781926464299,3882.359619140625,1825432,3823.406701660156,3947.4414013671876,3804.1200122070313,3859.2548406225883,51.51273431106352,-7.8511299394317575,-30.20565277662054,22.35452283718878,3958.9864468501123,3823.406701660156,3687.8269564702,0.07092091203956213,71.17430768756668,0.018332744688736843,24.87779914467501,24.1852504979791,20.322992850686475,-9313589.0,2005643.45,3965.1401331569796,3664.49870814831,4289.871692313383,3052.786101769985
2024-11-18,3945.1945196123975,3945.1945196123975,3736.557080351516,3763.99462890625,3313944,3818.558312988281,3939.0967138671876,3805.1665686035158,3850.1824395067465,39.685096809170275,-14.98009712475141,-27.160541646246717,12.180444521495307,3955.3490749641373,3818.558312988281,3681.767551012425,0.0716452392572254,80.9931027999463,0.021517858229112685,24.212427583537217,19.735181332173664,27.00993563846781,-12627533.0,1970782.1,3965.1401331569796,3664.49870814831,4289.871692313383,3052.786101769985
2024-11-19,3764.3689639428794,3869.483625120444,3758.93783249858,3782.77001953125,1776233,3816.67138671875,3931.4862451171875,3806.452731933594,3843.7622090328896,41.961504008198645,-18.897004959405876,-25.50783430887855,6.610829349472674,3954.3408107305586,3816.67138671875,3679.0019627069414,0.07214109367176359,83.10400921579755,0.021969088468691934,23.594582562480692,17.860042933326774,24.443586405917042,-10851300.0,2018429.3,3965.1401331569796,3664.49870814831,4289.871692313383,3052.786101769985
2024-11-21,3787.779869251299,3832.3073290355883,3768.208500051012,3813.953369140625,2384347,3819.3566162109373,3924.633955078125,3807.9378381347656,3840.923271900293,45.63170220175584,-19.262896257496777,-24.2588466986022,4.995950441105421,3954.59272040022,3819.3566162109373,3684.1205120216546,0.07081617024987114,81.7464963421389,0.0214335332475652,23.02086932864249,16.8597310904724,23.07454104275909,-8466953.0,2027468.45,3965.1401331569796,3664.49870814831,4289.871692313383,3052.786101769985
2024-11-22,3812.220700796198,3984.47782250728,3796.3013316206793,3974.78564453125,3096553,3827.707238769531,3919.9091015625,3810.2291857910154,3853.6720692937174,59.76425316370036,-6.500117941278404,-20.70710094713744,14.206983005859037,3978.7525092011388,3827.707238769531,3676.6619683379236,0.07892206013130888,89.34863880960046,0.02247885717624338,22.443519382612656,26.48850062082125,19.603318473270754,-5370400.0,2050283.35,3984.47782250728,3664.49870814831,4289.871692313383,3057.058872291712
2024-11-25,4007.935292636629,4052.977834453394,3981.902624801247,4040.80419921875,4052167,3840.21796875,3917.037080078125,3812.779383544922,3871.4941769056254,63.91116820269523,8.839722628451,-14.797736232019751,23.63745886047075,4016.272276690347,3840.21796875,3664.1636608096533,0.09168974749506367,88.55174960335356,0.02191438764107258,22.596622426368256,30.343233946427727,18.366893438489086,-1318233.0,2106787.2,4052.977834453394,3664.49870814831,4289.871692313383,3083.7522335870945
2024-11-26,4046.3759173117037,4089.0307389004984,4036.0285097141345,4076.014404296875,2060669,3854.0373779296874,3914.1527685546876,3815.32890625,3890.97229380003,65.92812383550765,23.566169945685488,-7.124954996478704,30.69112494216419,4056.5754456243144,3854.0373779296874,3651.4993102350604,0.10510436087333767,86.01249814499715,0.02110210848477965,23.064203868423295,32.00165688985019,17.55846749004872,742436.0,2175558.35,4089.0307389004984,3664.49870814831,4289.871692313383,3137.183806430668
2024-11-27,4081.8672312002336,4099.144155960028,4049.185334306465,4057.14501953125,1558993,3865.3541625976563,3910.7995263671874,3817.265240478516,3906.7982676791935,63.86805799392799,33.33017438733532,0.9660708802841009,32.36410350705122,4085.9262023993615,3865.3541625976563,3644.782122795951,0.11412772570028763,83.43723553846614,0.020565504840669022,23.589098150465556,31.4987781524593,16.807517783289953,-816557.0,2190608.0,4099.144155960028,3664.49870814831,4289.871692313383,3154.4587888727906
2024-11-28,4044.4562188885902,4064.0746832827954,3963.92293923487,3975.06640625,2558544,3873.2974487304687,3905.9793896484375,3818.7587939453124,3913.2999951621273,55.71305194823093,34.05262268371507,7.583381240970295,26.469241442744774,4097.627081070342,3873.2974487304687,3648.967816390596,0.11583392977650105,84.63112900342753,0.021290494385291764,22.772835074235605,28.836250947217383,22.58294865153075,-3375101.0,2191930.95,4099.144155960028,3664.49870814831,4289.871692313383,3154.4587888727906
2024-11-29,3951.749451593235,4025.4469524620627,3928.9472039488446,3999.3671875,2017425,3882.0156494140624,3901.7872607421873,3819.6211511230467,3921.496870622877,57.445502899574954,36.16910321297382,13.300525635371002,22.86857757760282,4111.6501508769725,3882.0156494140624,3652.3811479511523,0.11830683964273574,85.47888753984114,0.02137310317667378,21.548399408722872,26.510955824176843,23.684577955214838,-1357676.0,2247563.9,4099.144155960028,3664.49870814831,4289.871692313383,3154.4587888727906
2024-12-02,3998.5711483563714,4015.6144213940793,3961.160446167199,4004.79833984375,1670944,3896.4460693359374,3900.6837158203125,3820.754007568359,3929.4303438820075,57.842435836025174,37.84838525946725,18.210097560190253,19.638287699276997,4118.739885966549,3896.4460693359374,3674.1522527053257,0.11410080502846365,83.26282237462964,0.020790765304272023,20.411423433603908,25.272513426169763,22.57816799726483,313268.0,2251685.05,4099.144155960028,3664.49870814831,4289.871692313383,3154.4587888727906
2024-12-03,4040.1022227021986,4050.075148671725,3994.310713047887,4029.239501953125,2010905,3911.361120605469,3901.003154296875,3821.774512939453,3938.935977984019,59.66574479693282,40.68246378029471,22.704570804211144,17.977892976083567,4127.1688414841055,3911.361120605469,3695.5533997268317,0.11034916706705436,81.29865189243023,0.02017717036999704,19.776163680688086,27.062004775435287,21.471965507625956,2324173.0,2148213.65,4099.144155960028,3664.49870814831,4289.871692313383,3154.4587888727906
2024-12-04,4039.352798807075,4108.087387887844,4016.4101765929463,4077.606201171875,3302642,3929.6332763671876,3902.5000927734377,3823.038702392578,3952.1426659066715,63.069650038858505,46.297590037363534,27.423174650841624,18.87441538652191,4136.584960693503,3929.6332763671876,3722.681592040873,0.10532875195806289,82.03997756403503,0.020119642142112037,19.828438434342004,29.952803427452405,19.75808860342058,5626815.0,2241014.15,4108.087387887844,3690.578402330056,4289.871692313383,3154.4587888727906
2024-12-05,4121.056708977947,4203.65033349106,4082.850401875924,4180.2861328125,3746747,3952.7023071289063,3906.357041015625,3824.876434326172,3973.8706151357983,69.04263258468194,58.36028931508963,33.61059758369123,24.7496917313984,4163.378390603855,3952.7023071289063,3742.0262236539575,0.10659850760578832,85.1831314751172,0.02037734470051836,20.744123538401603,34.80027510546545,17.669822089367184,9373562.0,2292686.65,4203.65033349106,3722.557494863472,4289.871692313383,3154.4587888727906
2024-12-06,4169.938779273809,4181.175982361904,4132.247327249158,4162.91552734375,1842087,3967.0227294921874,3909.814267578125,3826.4940795898438,3991.874892488937,67.06644937068143,65.7603582352881,40.0405497140106,25.719808521277493,4193.3872391381265,3967.0227294921874,3740.658219846248,0.11412312209005965,82.59352602066211,0.019840307947195587,21.594402563599804,33.32771878874775,16.92213236409575,7531475.0,2431644.5,4203.65033349106,3736.557080351516,4289.871692313383,3193.7859120788967
2024-12-09,4148.821758339719,4185.295566844141,4134.868534150862,4169.14208984375,2066639,3981.1277465820312,3913.3315673828124,3828.371394042969,4008.757482713205,67.42635964050586,71.30543307891548,46.29352638699158,25.011906691923905,4220.577409112636,3981.1277465820312,3741.678084051426,0.12029237832731325,80.29591935442048,0.01925957849938134,22.42040162082176,32.19916160131181,16.163035861322854,9598114.0,2334148.0,4203.65033349106,3736.557080351516,4289.871692313383,3198.5635854845677
2024-12-10,4144.795490622383,4208.145132266229,4131.638781428679,4150.78857421875,2087828,3994.4976806640625,3916.150166015625,3830.1425988769533,4022.2842533327803,65.16572432335997,73.37316929595818,51.709454968784904,21.663714327173274,4240.399169074373,3994.4976806640625,3748.596192253752,0.12312010573976892,80.0252358889297,0.019279525916106634,23.3941427587414,32.039851309150734,15.059299308301934,7510286.0,2251262.5,4208.145132266229,3736.557080351516,4289.871692313383,3206.8799756151684
2024-12-11,4150.13340004317,4165.86530184749,4126.862933306924,4146.01318359375,1635256,4005.2081665039063,3918.570595703125,3831.77380859375,4034.067960976682,64.55922070688595,73.77608623328842,56.122781221685614,17.65330501160281,4257.822419090386,4005.2081665039063,3752.5939139174266,0.1261428830087417,77.09503107833228,0.018594979722545545,24.204524236459804,30.882068624525036,14.957603362518906,5875030.0,2273251.95,4208.145132266229,3736.557080351516,4289.871692313383,3214.1851113453504
2024-12-12,4148.447088243233,4199.904292516949,4144.654715424752,4171.7646484375,1914642,4017.26708984375,3922.2571142578126,3833.647119140625,4047.181931211046,66.3765521176131,75.3052566847341,59.95927631429531,15.345980370438795,4277.395547132052,4017.26708984375,3757.1386325554477,0.1295051842313128,75.53464150789404,0.0181061607912577,25.27857007451238,32.487460536498936,14.17612535114881,7789672.0,2284690.4,4208.145132266229,3736.557080351516,4289.871692313383,3218.5947944190007
2024-12-13,4153.036438989519,4209.175359798749,4115.063781598932,4189.51025390625,1967048,4032.4162475585936,3925.9360888671877,3835.9475744628908,4060.7370095629703,67.60916466723293,77.06074899394707,63.37957085022566,13.68117814372141,4295.596373854767,4032.4162475585936,3769.23612126242,0.13053222194286843,76.86156555731709,0.018346193444842934,25.67257133450578,29.64613130422002,15.686220473133476,9756720.0,2301040.5,4209.175359798749,3736.557080351516,4289.871692313383,3239.131811495445
2024-12-16,4175.557109616659,4190.540046094315,4117.498230765743,4134.54150390625,1646224,4045.025341796875,3929.5460546875,3838.154306640625,4067.766009024235,60.24210479484479,73.17297802260146,65.33825228470081,7.834725737900641,4302.3390357535145,4045.025341796875,3787.711647840236,0.12722476237557306,76.58872625526386,0.018524115958904762,26.038429647356793,27.6266180697896,14.6176652030171,8110496.0,2344452.25,4209.175359798749,3736.557080351516,4289.871692313383,3273.910851221953
2024-12-17,4129.671374366481,4151.162704211867,4043.5194998899015,4053.35205078125,3225027,4059.493212890625,3931.167919921875,3839.512813720703,4066.393251096332,51.34313992482894,62.81647199208783,64.83389622617823,-2.0174242340903987,4282.184197038184,4059.493212890625,3836.8022287430663,0.10971368713731053,78.80690326002828,0.019442402799638117,24.98073401557302,24.931225397871206,19.89673569456653,4885469.0,2335491.85,4209.175359798749,3758.93783249858,4289.871692313383,3273.910851221953
2024-12-18,4037.620675244945,4084.723099385618,4016.9254025729683,4071.47265625,1575404,4073.9283447265625,3932.76732421875,3841.123846435547,4066.87700396811,53.011495993976226,55.43206147005185,62.953529274952956,-7.521467804901107,4256.880083062556,4073.9283447265625,3890.976606390569,0.08981588425472073,78.0205313709298,0.0191627300385188,23.56369960239207,23.383757579380607,21.09647198236989,6460873.0,2331046.0,4209.175359798749,3768.208500051012,4289.871692313383,3273.910851221953
2024-12-19,4009.808411984614,4086.5959621440575,3991.0797412140178,4000.350341796875,3015763,4083.248193359375,3933.31046875,3842.615439453125,4060.5411313803734,46.30102328001549,43.341275304445844,59.031078480851534,-15.68980317640569,4227.085765512306,4083.248193359375,3939.410621206444,0.0704525247261999,79.2702234822948,0.019815820293051695,21.920208544361145,21.371176835214804,21.609645090185108,3445110.0,2321004.55,4209.175359798749,3796.3013316206793,4289.871692313383,3273.910851221953
2024-12-20,4053.8209309249955,4103.45191021329,3888.5404055592617,3905.208740234375,4116989,4079.7693481445312,3931.9563818359375,3843.153193359375,4045.7475703188497,39.15979766717941,25.784876043735494,52.38183799342833,-26.596961949692833,4236.701251149897,4079.7693481445312,3922.837445139165,0.076931752564266,88.9588864231329,0.022779547097345157,21.729417792466716,17.683348225717648,26.113950754506682,-671879.0,2352575.35,4209.175359798749,3888.5404055592617,4289.871692313383,3273.910851221953
2024-12-23,3933.0675361336625,3948.940267652302,3853.3303110561437,3893.971435546875,2195338,4072.4277099609376,3930.8549169921876,3843.5674487304686,4031.2927003405666,38.40633555504434,10.839594470743123,44.07338928889129,-33.23379481814817,4248.53148582897,4072.4277099609376,3896.3239340929044,0.08648589412025295,89.43396286406326,0.022967287856209717,21.927157905045068,16.33302695259058,26.93199708510006,-2867217.0,2403597.15,4209.175359798749,3853.3303110561437,4289.871692313383,3333.269542133453
2024-12-24,3893.971643595964,3949.876912235315,3893.971643595964,3913.82421875,1181886,4064.3182006835937,3931.611513671875,3844.191307373047,4020.10522590337,40.58147340065185,0.5904979443375851,35.37681101998055,-34.786313075642965,4253.468733121938,4064.3182006835937,3875.167668245249,0.09307860413415994,87.03907099437589,0.02223888098433161,22.094245823310885,15.660552929564645,25.696389313938887,-1685331.0,2310755.7,4209.175359798749,3853.3303110561437,4289.871692313383,3347.2420109827135
2024-12-26,3913.824022550346,3932.9742715466155,3879.784571556427,3904.085205078125,1208464,4056.6652099609373,3932.4078076171877,3844.7699389648437,4009.05570011049,39.83823340400754,-8.223051683443828,26.65683847929568,-34.87989016273951,4258.3289958132245,4056.6652099609373,3855.00142410865,0.09942343053457403,84.62125877979106,0.021675054291776834,22.40857449278013,14.957436711644867,25.740218190193687,-2893795.0,2266816.55,4209.175359798749,3853.3303110561437,4289.871692313383,3347.2420109827135
2024-12-27,3898.372975186565,3915.1821407656116,3883.624146371002,3900.10546875,858100,4052.9171630859373,3933.4953662109374,3845.3918225097655,3998.6794875999667,39.51971169542619,-15.352016236417512,18.255067536153042,-33.607083772570554,4263.113758355615,4052.9171630859373,3842.7205678162604,0.10372607522510084,80.83102560942095,0.02072534352137088,22.70045111443014,14.540317259283782,25.022398290826203,-3751895.0,2249290.1,4209.175359798749,3853.3303110561437,4289.871692313383,3347.2420109827135
2024-12-30,3887.135454729253,3932.36500983821,3850.6145482646807,3894.439453125,1527169,4047.6707763671875,3934.87783203125,3846.3027416992186,3988.7518652690173,39.041115398953906,-21.214425423374905,10.361168944247453,-31.575594367622358,4267.947936559513,4047.6707763671875,3827.3936161748616,0.10884144109666262,80.89669960685725,0.020772360330815677,23.357703301225378,13.490762127201975,26.130837648657376,-5279064.0,2164267.9,4209.175359798749,3850.6145482646807,4289.871692313383,3347.2420109827135
2024-12-31,3872.1528852838974,3876.7884144403706,3775.7470931508838,3834.50830078125,1555429,4039.1562744140624,3934.7991748046875,3846.6725109863282,3974.062001984468,34.30835034018226,-30.346553885895446,2.2196243782188736,-32.56617826411432,4277.802622312477,4039.1562744140624,3800.509926515648,0.11816643461413659,83.59638963309004,0.0218010715001081,24.70886026533682,12.122580693807693,29.877765290258594,-6834493.0,2139755.1,4209.175359798749,3775.7470931508838,4289.871692313383,3347.2420109827135
2025-01-01,3834.1334768483284,3871.216337275171,3825.752442210114,3851.036376953125,763161,4030.2461181640624,3934.600654296875,3846.919970703125,3962.3452757910068,36.591297991104305,-35.837046703094984,-5.391709838043898,-30.445336865051086,4282.6201788687795,4030.2461181640624,3777.8720574593453,0.12524002420958028,80.87264002108768,0.021000227498518917,25.963506017726015,11.635801431609353,28.678030934061947,-6071332.0,2133979.35,4209.175359798749,3775.7470931508838,4289.871692313383,3347.2420109827135
2025-01-02,3858.1063282045143,3917.1016434173503,3836.521717202397,3910.3125,1720835,4021.8814331054687,3936.3967333984374,3847.4002014160155,3957.3897733347203,44.09504610432711,-35.00173585581615,-11.31371504159835,-23.6880208142178,4278.476471546889,4021.8814331054687,3765.286394664048,0.12759950421675775,80.85173189207806,0.020676539763018444,26.13580802599586,14.86121037989463,26.636486525216103,-4350497.0,2071592.15,4209.175359798749,3775.7470931508838,4289.871692313383,3347.2420109827135
2025-01-03,3914.245717822352,3914.245717822352,3832.1671775259365,3839.283935546875,1791953,4004.8313232421874,3937.9774365234375,3847.2019104003907,3946.1415983073066,38.25337535174018,-39.614506164256454,-16.97387326612997,-22.640632898126483,4262.373840532891,4004.8313232421874,3747.288805951484,0.12861591238364828,80.93936106381646,0.02108188985826788,26.34637396669813,13.784755083178332,25.09138805188549,-6142450.0,1992501.8,4209.175359798749,3775.7470931508838,4289.871692313383,3347.2420109827135
2025-01-06,3844.52810934996,3885.871560960142,3807.9134644789865,3834.695556640625,2085593,3988.4203247070313,3938.5158837890626,3847.180765380859,3935.5276895771462,37.90403907564982,-43.143077160094435,-22.207714044922866,-20.93536311517157,4245.406661734674,3988.4203247070313,3731.433987679389,0.12886622577650195,80.72641359362638,0.02105158347025247,26.82542641661084,12.833895065545041,25.506630485476784,-8228043.0,1894762.1,4209.175359798749,3775.7470931508838,4289.871692313383,3347.2420109827135
2025-01-07,3853.3774566252837,3877.162777576041,3756.5500894487573,3772.2353515625,2669054,3968.574987792969,3938.148798828125,3846.5762170410158,3919.976038337656,33.428733794028304,-50.398548548705094,-27.845880945679312,-22.55266760302578,4227.96223704364,3968.574987792969,3709.1877385422977,0.1307205987280202,83.57543320317335,0.022155413279968207,27.81159166910666,11.510940867444553,27.267156580757632,-10897097.0,1906937.4,4209.175359798749,3756.5500894487573,4289.871692313383,3347.2420109827135
2025-01-08,3778.4155440164827,3863.7247297154518,3762.355800488186,3847.243408203125,2181277,3953.3977294921874,3939.101142578125,3846.292811279297,3913.0491211819867,42.247311961063566,-49.5251435678947,-32.181733470122396,-17.343410097772306,4203.726035165438,3953.3977294921874,3703.069423818937,0.12663957577848098,84.84639720489423,0.02205381573309971,28.727316546424213,10.52861803080684,24.94022684426591,-8715820.0,1937058.15,4209.175359798749,3756.5500894487573,4289.871692313383,3347.2420109827135
2025-01-09,3840.313752052967,3874.727682896163,3769.4257824077367,3782.114501953125,2392472,3935.2027954101563,3938.12724609375,3845.9925708007813,3900.5791574459045,37.59096073608557,-53.47193112061768,-36.43977300022145,-17.032158120396232,4179.717589015232,3935.2027954101563,3690.68800180508,0.12427049192497375,86.30750458228938,0.02281990789483482,29.302846220531652,10.521675934528007,22.766725000046886,-11108292.0,1941730.6,4209.175359798749,3756.5500894487573,4289.871692313383,3347.2420109827135
2025-01-10,3933.0210297536037,4023.8550868693414,3904.928022398221,3994.497802734375,7894300,3926.339453125,3941.6931884765627,3847.564776611328,3909.5237903305206,55.006233028057984,-39.012519242102826,-36.95432224859773,-2.058196993505099,4147.663031767331,3926.339453125,3705.01587448267,0.11273787265957225,97.40986746328417,0.024386011026618585,27.37021642590771,19.591763438216912,18.731022515379333,-3213992.0,1979591.4,4209.175359798749,3756.5500894487573,4289.871692313383,3347.2420109827135
2025-01-13,3975.1606417511357,4048.1558239473816,3958.6793189021128,4018.330322265625,4003771,3917.7804565429688,3945.5597314453125,3849.285754394531,3919.886317181483,56.474028423827185,-25.338163428897587,-34.631090484657705,9.292927055760117,4108.9133702375075,3917.7804565429688,3726.64754284843,0.09757203897187926,96.84319871914022,0.024100357848266155,25.9085995073248,20.091150368130208,17.49486635723092,789779.0,2278574.3,4190.540046094315,3756.5500894487573,4289.871692313383,3347.2420109827135
2025-01-14,4028.537496859603,4039.6809656649875,3950.8601439567124,3963.97021484375,3441709,3909.2518920898438,3950.5153369140626,3850.725447998047,3924.0847836255084,52.284356954334065,-18.67230162110718,-31.439332711947603,12.767031090840423,4074.3896330045472,3909.2518920898438,3744.1141511751403,0.08448559748674708,96.27017178979271,0.02428630049471435,24.42725148048796,18.767114323390302,16.922080343636264,-2651930.0,2380410.45,4151.162704211867,3756.5500894487573,4289.871692313383,3347.2420109827135
2025-01-15,3949.8768689287285,3985.882923236608,3939.9976774856577,3979.46826171875,1653474,3905.5577026367187,3955.4859326171877,3852.529696044922,3929.3594005867694,53.347011292374894,-12.00065912501941,-27.551597994561966,15.550938869542556,4060.635044299982,3905.5577026367187,3750.4803609734554,0.07941367326800344,92.67124850130396,0.02328734454117215,22.87335962769975,18.103375055593535,17.160845130010593,-998456.0,2470184.7,4103.45191021329,3756.5500894487573,4289.871692313383,3347.2420109827135
2025-01-16,3989.207076624975,4021.0458185510897,3925.3892191834284,3938.92041015625,2637705,3898.9300903320313,3960.0210791015625,3854.28572265625,3930.26997292672,50.197188010175225,-9.871415594608607,-24.015561514571296,14.144145919962689,4035.2764896317826,3898.9300903320313,3762.58369103228,0.0699404175713959,92.88448784890092,0.02358120453751853,21.96187399806503,19.475726485911263,15.898487576767934,-3636161.0,2391607.05,4103.45191021329,3756.5500894487573,4289.871692313383,3347.2420109827135
2025-01-17,3967.1485446760735,3967.816296035525,3910.0716357624865,3933.197998046875,1761466,3895.572473144531,3964.3069287109374,3856.1824609375,3930.5488324619732,49.750739271585886,-8.547198802075854,-20.92188897207221,12.374690169996356,4024.8894892239646,3895.572473144531,3766.2554570650977,0.06639179066538987,90.37450016491073,0.022977358426854784,20.8432090275891,18.586870189178214,16.383537149852906,-5397627.0,2444722.1,4103.45191021329,3756.5500894487573,4289.871692313383,3347.2420109827135
2025-01-20,3953.70197855909,3953.70197855909,3879.6025285384753,3888.85302734375,1287799,3894.7546875,3964.55384765625,3857.6937036132813,3926.5778034030945,46.313205475875165,-10.94979357852253,-18.927469893362275,7.977676314839744,4024.0244605172657,3894.7546875,3765.484914482734,0.06638147117822339,89.2119965831753,0.022940439238998665,19.42858172617691,17.4841382445868,17.851068504062834,-6685426.0,2382007.25,4048.1558239473816,3756.5500894487573,4289.871692313383,3347.2420109827135
2025-01-21,3905.542231174273,3920.514717096685,3843.2678934321675,3848.846923828125,1971591,3892.4984619140623,3963.789951171875,3858.8177795410156,3919.1748624911925,43.3997949744522,-15.89875451198759,-18.321726817087338,2.422972305099748,4023.310135157329,3892.4984619140623,3761.6867886707955,0.06721219007441438,88.35734137469976,0.02295683437750705,18.69069271135167,16.392310346892742,19.673639324032056,-8657017.0,2240547.75,4048.1558239473816,3756.5500894487573,4289.871692313383,3347.2420109827135
2025-01-22,3862.3409864324167,3970.2480248109573,3856.8096861084223,3964.001708984375,2409223,3895.0073364257814,3965.4021875,3860.670067138672,3923.444085966734,52.6358588104494,-10.40882646150294,-16.73914674597046,6.330320284467518,4029.238857831282,3895.0073364257814,3760.775815020281,0.06892491326020299,90.7176099181378,0.02288536095040704,17.541024839750403,18.74126855936441,17.793077154686753,-6247794.0,2229360.4,4048.1558239473816,3756.5500894487573,4289.871692313383,3347.2420109827135
2025-01-23,3974.873845832015,3997.1420062138413,3948.2187353873046,3953.368896484375,1822998,3897.4715209960937,3965.83349609375,3862.1754174804687,3926.294067920795,51.79541041999412,-6.8371832429006645,-14.7587540453565,7.921570802455836,4034.0678068719903,3897.4715209960937,3760.875235120197,0.0700948218043611,87.73229998302344,0.02219178181450292,16.882241904220503,20.18438747522611,17.08435012562493,-8070792.0,2290727.25,4048.1558239473816,3756.5500894487573,4289.871692313383,3347.2420109827135
2025-01-24,3913.839201798022,3984.4103764893116,3913.839201798022,3959.948974609375,1910099,3900.4636962890627,3966.420751953125,3863.4545947265624,3929.4992971292313,52.302971413342846,-3.4360641386638235,-12.494216064017966,9.058151925354142,4039.7548724955977,3900.4636962890627,3761.1725200825276,0.0714228804842142,86.50650531932818,0.021845358582647273,15.69155702800599,19.008228254356997,18.927556428422136,-6160693.0,2321453.95,4048.1558239473816,3756.5500894487573,4289.871692313383,3347.2420109827135
2025-01-27,3911.9316916717908,3963.7634492210204,3853.8058882600144,3876.7890625,1551782,3899.5811767578125,3966.2259912109375,3864.429235839844,3924.47927478359,45.74709147251495,-7.366051400324068,-11.468583131279187,4.1025317309551195,4039.237024333119,3899.5811767578125,3759.925329182506,0.07162607533736169,88.18158072230517,0.022746035262862632,15.438555136313894,17.315213195527782,22.10452651175412,-7712475.0,2374053.9,4048.1558239473816,3756.5500894487573,4289.871692313383,3347.2420109827135
2025-01-28,3882.1775882750967,3911.9318748383976,3841.6468460321344,3853.0908203125,2468272,3900.510302734375,3965.640615234375,3865.3163830566405,3917.6803743577716,44.0525113940098,-12.251615709741145,-11.625189646971581,-0.6264260627695641,4038.6612255418827,3900.510302734375,3762.359379926867,0.07083735823523395,86.90325558544502,0.022554167456244088,15.368042801357063,16.314921672635343,21.82694932256142,-10180747.0,2375284.55,4048.1558239473816,3756.5500894487573,4289.871692313383,3347.2420109827135
2025-01-29,3866.155848644477,3917.5107746444246,3866.155848644477,3909.83349609375,1217089,3903.450158691406,3968.557392578125,3866.6075268554687,3916.933052618341,48.93047739209979,-11.41323622363143,-11.582798962303551,0.16956273867212168,4039.7548063774443,3903.450158691406,3767.145511005368,0.06983803668277551,85.29730549590785,0.021816096665274103,15.198077362283703,15.901982377868919,20.649478633933985,-8963658.0,2420926.7,4048.1558239473816,3756.5500894487573,4289.871692313383,3347.2420109827135
2025-01-30,3909.929064937949,3938.539000483225,3870.447447016769,3910.072021484375,1531251,3903.438134765625,3971.1034326171875,3867.723602294922,3916.279621081773,48.95062660451857,-10.607293162343467,-11.387697802311534,0.7804046399680669,4039.740401328725,3903.438134765625,3767.1358682025248,0.06983703179468179,84.0683232080899,0.021500453890917117,14.642183282788277,16.76865151898263,19.454825264251877,-7432407.0,2443623.1,4048.1558239473816,3756.5500894487573,4289.871692313383,3347.2420109827135
2025-01-31,3919.5611518137493,3937.1564483563893,3895.9579550966228,3921.849853515625,1492943,3907.5664306640624,3973.2613623046873,3868.8210766601565,3916.8101194088063,49.99964898642782,-8.91543330086597,-10.89324490202242,1.97781160115645,4040.8135041183186,3907.5664306640624,3774.319357209806,0.06819951794478481,81.00619249749536,0.02065509785513073,14.125995923256811,16.15948893939559,18.748080805404317,-5939464.0,2434143.9,4048.1558239473816,3756.5500894487573,4289.871692313383,3347.2420109827135
2025-02-01,3922.4220804091583,3944.260904282812,3868.0632040212854,3884.41845703125,437172,3910.0525756835937,3971.4540185546875,3870.0098962402344,3913.7251991823723,46.714172553573405,-10.474282037198464,-10.80945232905763,0.3351702918591659,4039.571654573016,3910.0525756835937,3780.5334967941712,0.06624927741120137,80.66272876635475,0.020765715552696393,14.113109062462785,15.069132381013455,19.953199670318142,-6376636.0,2419193.4,4048.1558239473816,3756.5500894487573,4289.871692313383,3347.2420109827135
2025-02-03,3844.1261184510477,3888.0901447868278,3813.4181682881867,3880.126953125,1265713,3915.447155761719,3968.2404736328126,3871.4936975097658,3910.5253662245277,46.33822354255845,-11.918579426707765,-11.031277748587657,-0.8873016781201084,4029.6363712932302,3915.447155761719,3801.2579402302076,0.05832754778134489,80.23481789008947,0.020678400181073836,14.897287128210506,14.06739244476838,23.491527027953193,-7642349.0,2336772.35,4048.1558239473816,3762.355800488186,4289.871692313383,3347.2420109827135
2025-02-04,3894.4796324423637,3928.0010789730964,3877.6475473199966,3916.74755859375,2547132,3918.92236328125,3965.05513671875,3873.210567626953,3911.117955973977,50.03360277627678,-9.993025327799842,-10.823627264430094,0.8306019366302522,4028.7442948240177,3918.92236328125,3809.1004317384823,0.056047005458314626,78.10044030173306,0.019940126120809754,14.79933861073821,17.069708176371787,22.40969541909181,-5095217.0,2266605.3,4048.1558239473816,3769.4257824077367,4289.871692313383,3347.2420109827135
2025-02-05,3957.707610233867,3957.707610233867,3887.136438388733,3901.536865234375,1693912,3924.8934814453123,3961.9429736328125,3875.0170068359375,3910.205471141634,48.53844173571507,-9.583908335068827,-10.57568347855784,0.9917751434890132,4015.642655345132,3924.8934814453123,3834.1443075454927,0.046242872235300485,77.56263541197598,0.019880021153488855,14.148883229508375,18.696065477000733,20.953288645375707,-6789129.0,2284898.05,4048.1558239473816,3813.4181682881867,4289.871692313383,3347.2420109827135
2025-02-06,3915.174138224137,3947.6941907477535,3863.819444687176,3893.57373046875,2284536,3919.847277832031,3960.3131201171873,3876.605979003906,3908.6214958394544,47.734220077691,-9.789392571810822,-10.418425297208437,0.6290327253976145,4005.642318083189,3919.847277832031,3834.052237580873,0.04377468517018802,78.01350045830465,0.020036476989717247,13.916114891005478,17.260299565603432,21.47906541342345,-9073665.0,2249970.05,4048.1558239473816,3813.4181682881867,4289.871692313383,3347.2420109827135
2025-02-07,3900.487717170586,3900.487717170586,3822.2872299314695,3842.695556640625,1548940,3911.065539550781,3957.1796875,3877.893835449219,3902.3428349633755,42.8492158284859,-13.897482207150006,-11.114236679196752,-2.7832455279532535,3990.457030474647,3911.065539550781,3831.674048626915,0.04059839454032,78.02685665693409,0.020305240294692252,14.308494051111387,16.024677541383614,23.743439685839228,-10622605.0,1969481.85,4039.6809656649875,3813.4181682881867,4289.871692313383,3347.2420109827135
2025-02-10,3852.804230839546,3864.248203802436,3828.34283176266,3849.8955078125,1339511,3905.3618041992186,3954.081630859375,3879.4196313476564,3897.347851425197,43.726861016103676,-16.383340007940205,-12.168057344945442,-4.215282662994763,3985.120515737668,3905.3618041992186,3825.603092660769,0.04084574773722084,75.01817918427994,0.01948577020650232,14.672846128352587,15.476836990126376,22.93171545284664,-9283094.0,1846740.3,4021.0458185510897,3813.4181682881867,4289.871692313383,3347.2420109827135
2025-02-11,3832.2050832252044,3852.804328210295,3771.7428510078503,3779.896728515625,1810908,3895.3832275390623,3949.094775390625,3880.4975854492186,3886.162030195714,37.67011542768995,-23.72819287260654,-14.480084450477662,-9.24810842212888,3984.899191096759,3895.3832275390623,3805.867263981366,0.045960029259687965,75.44984332843457,0.019960821352403433,15.766821529629595,14.289127178551958,26.530245452950478,-11094002.0,1741630.4,4021.0458185510897,3771.7428510078503,4289.871692313383,3347.2420109827135
2025-02-12,3787.0968875876433,3835.399897535905,3757.5807873998447,3767.117431640625,1678002,3886.793078613281,3942.885,3881.654364013672,3874.8244493809434,36.67144938957037,-30.231731558626507,-17.630413872107432,-12.601317686519074,3989.8914332210943,3886.793078613281,3783.694724005468,0.053050601111287544,75.61907667183641,0.0200734588300061,16.95350130476445,13.238780766928205,25.91782087838279,-12772004.0,1749502.1,3997.1420062138413,3757.5807873998447,4289.871692313383,3347.2420109827135
2025-02-13,3784.1405286996596,3799.828262299615,3721.4370912596387,3728.970947265625,2277310,3876.5817260742188,3933.8586962890627,3882.394415283203,3860.933639655675,33.79163328178396,-38.02559986324468,-21.709451070334882,-16.316148792909797,3998.0850822386747,3876.5817260742188,3755.078369909763,0.0626858220721694,75.81708341241782,0.020331905097842842,18.47001058114565,12.26104830804637,27.408854309793746,-15049314.0,1701516.95,3997.1420062138413,3721.4370912596387,4289.871692313383,3347.2420109827135
2025-02-14,3743.133167001155,3765.0674505275315,3719.2915544724856,3752.52685546875,1681975,3869.765417480469,3925.6509228515624,3883.481481933594,3850.609184018825,37.07766340610519,-41.8194629818463,-25.73145345263717,-16.08800952920913,4002.52468278826,3869.765417480469,3737.0061521726775,0.06861359849260754,73.67128431546269,0.019632446922557726,19.902294391047896,11.716873815239635,26.400406351869965,-13367339.0,1727309.15,3997.1420062138413,3719.2915544724856,4289.871692313383,3347.2420109827135
2025-02-17,3677.8073533505512,3751.716356302624,3677.521207418633,3723.583251953125,1799806,3863.502233886719,3916.73974609375,3884.2265185546876,3838.511476203044,34.79267541469564,-46.62417923291696,-29.90999860869313,-16.71418062422383,4010.656714207452,3863.502233886719,3716.347753565986,0.0761767284771021,73.76659601079514,0.01981064770664184,21.68313794407918,10.865896581292475,28.52763237574604,-15167145.0,1747017.95,3997.1420062138413,3677.521207418633,4289.871692313383,3347.2420109827135
2025-02-18,3717.765697945917,3742.5609756413837,3685.4365636204366,3693.7333984375,2149879,3849.988818359375,3907.598642578125,3884.9143676757812,3824.7230878444207,32.56382336082024,-52.238413280068926,-34.375681542968294,-17.86273173710063,4007.050125117542,3849.988818359375,3692.9275116012077,0.0815905261902017,72.57786858294885,0.01964891906212026,23.33677838617966,10.255017765983187,26.9238138469301,-17317024.0,1738428.7,3997.1420062138413,3677.521207418633,4289.871692313383,3347.2420109827135
2025-02-19,3692.7794166411277,3695.4019938643646,3593.550584592638,3608.76171875,4366672,3832.7584594726563,3896.85361328125,3884.818125,3804.1553384068566,27.218496872241502,-62.82008775612712,-40.06456278560006,-22.755524970527063,4014.366079405542,3832.7584594726563,3651.1508395397705,0.0947660134877756,74.6688357750044,0.020690985328027732,25.69021825734405,9.255855454605213,33.09044227898525,-21683696.0,1725461.5,3984.4103764893116,3593.550584592638,4289.871692313383,3347.2420109827135
2025-02-20,3587.209039488717,3612.4811488989126,3577.4817080927064,3604.279541015625,2888572,3814.974987792969,3885.5039111328124,3884.4316076660157,3785.11954817912,26.967035312956995,-70.75222766055458,-46.202095760590964,-24.550131899963617,4012.2599541879526,3814.974987792969,3617.690021397985,0.10342661067307106,71.83530756294738,0.019930559421233295,27.993027839938833,8.933739913928676,33.536642154607925,-24572268.0,1852645.2,3963.7634492210204,3577.4817080927064,4289.871692313383,3347.2420109827135
2025-02-21,3601.1325452240194,3640.137329423988,3600.0834211620527,3610.57373046875,1833931,3801.6642211914063,3873.9251806640623,3884.085814208984,3768.496136968609,27.973355236674763,-75.65847341094786,-52.09337129066235,-23.565102120285516,4015.6839183413476,3801.6642211914063,3587.644524041465,0.11259263559203526,69.56520761287508,0.019267078532652936,29.39601542892807,11.406021405724106,32.157387829916075,-22738337.0,1901568.85,3957.707610233867,3577.4817080927064,4289.871692313383,3347.2420109827135
2025-02-24,3569.7091569360205,3588.8301766028944,3499.9486923438976,3505.289306640625,2508516,3784.2741455078126,3861.34013671875,3883.2910888671877,3743.428819794515,22.410705995133682,-87.03895077534025,-59.082487187597934,-27.95646358774232,4032.534997867973,3784.2741455078126,3536.0132931476523,0.13120658959386572,72.49805264944489,0.020682473344525467,31.45681660338375,10.162843626904166,38.51820954580885,-25246853.0,1915676.3,3957.707610233867,3499.9486923438976,4289.871692313383,3347.2420109827135
2025-02-25,3457.033826816381,3488.504755446709,3453.4575849265707,3461.373046875,4101954,3761.851123046875,3849.500556640625,3882.583507080078,3716.566365230752,20.57298207989507,-98.4666736971185,-66.95932448950205,-31.507349207616443,4039.9199578076277,3761.851123046875,3483.782288286122,0.1478361719618153,71.02188615405984,0.020518414280188576,33.64481497228628,9.633069626222472,41.18604473947278,-29348807.0,1917688.5,3957.707610233867,3453.4575849265707,4289.871692313383,3347.2420109827135
2025-02-27,3444.3496925133104,3469.431112985364,3433.859384035345,3445.160400390625,3823856,3738.6055419921877,3836.9743115234373,3881.5455017089844,3690.718178103121,19.923447220720618,-107.59120705969053,-75.08570100353975,-32.50550605615078,4039.9783419053642,3738.6055419921877,3437.232742079011,0.16122203668086593,68.48973206805692,0.01987998354453723,35.78510071304483,9.275701207259896,41.70203581703735,-33172663.0,2061931.75,3957.707610233867,3433.859384035345,4289.871692313383,3347.2420109827135
2025-02-28,3418.83943788603,3433.192134904543,3296.8181139902795,3321.851806640625,7085018,3708.6056396484373,3823.4043408203124,3880.10654296875,3655.588047487645,15.82984234837268,-123.35053034022803,-84.73866687087741,-38.611863469350624,4048.0855766251716,3708.6056396484373,3369.125702671703,0.18307685958699874,74.19348594893468,0.02233497767739562,38.37532315780705,7.951000077646263,48.93982146021414,-40257681.0,2176562.0,3957.707610233867,3296.8181139902795,4289.871692313383,3296.8181139902795
2025-03-03,3323.5209518650067,3359.9986208488913,3315.0809274786084,3331.197998046875,4990439,3680.944616699219,3811.9241259765627,3878.8105407714843,3624.693757064714,17.218202999105714,-133.54630931860902,-94.50019536042373,-39.04611395818529,4047.6752741086784,3680.944616699219,3314.2139592897593,0.1992589922411355,72.10235790760241,0.02164457289836178,40.780529713657685,7.5971969231161065,46.762100035780165,-35267242.0,2456165.75,3957.707610233867,3296.8181139902795,4289.871692313383,3296.8181139902795
2025-03-04,3313.030356161702,3386.462520072022,3303.7798574035824,3368.390625,2797737,3655.357800292969,3801.412509765625,3877.474261474609,3600.283934963313,22.683610957914013,-137.04562677471404,-103.00928164328181,-34.03634513143223,4034.1399452065903,3655.357800292969,3276.5756553793476,0.20724764338159332,72.85809396194793,0.021629942032613255,42.407172818078614,9.575831340225454,42.97154663388165,-32469505.0,2683829.1,3957.707610233867,3296.8181139902795,4289.871692313383,3296.8181139902795
2025-03-05,3357.7095944485823,3433.5259187324127,3357.7095944485823,3382.695556640625,2501894,3628.6552001953123,3790.7899365234375,3876.521024169922,3579.5612322659144,24.741661228834147,-137.08434958779844,-109.82429523218515,-27.260054355613292,4005.255540836769,3628.6552001953123,3252.0548595538557,0.20757019880047356,73.06939612779668,0.02160093774456083,42.90836706797706,13.466785637288243,39.78676136005585,-29967611.0,2760430.3,3957.707610233867,3296.8181139902795,4289.871692313383,3296.8181139902795
2025-03-06,3392.184489465064,3442.204143903758,3372.2529953515404,3434.718017578125,2786513,3605.3142578125,3781.4025927734374,3875.8926745605468,3565.766640390887,31.846620629637997,-131.4025332601541,-114.13994283777895,-17.26259042237514,3969.014771619384,3605.3142578125,3241.6137440056154,0.2017580093157023,72.84666415811246,0.021208921310366495,43.193746950328595,13.39403536464584,37.05781038329874,-27181098.0,2758168.4,3947.6941907477535,3296.8181139902795,4289.871692313383,3296.8181139902795
2025-03-07,3433.1922948860747,3457.033908045006,3408.778389880028,3443.873291015625,2051315,3582.829235839844,3772.27794921875,3875.2551123046874,3554.157749974195,33.04462263619463,-124.72316779179891,-116.25658782858295,-8.466579963215963,3927.5750716780735,3582.829235839844,3238.0834000016143,0.19244335308513155,71.0901537300314,0.020642499802617988,43.1428540429118,14.234658405939237,35.26105378191891,-25129783.0,2812798.45,3900.487717170586,3296.8181139902795,4289.871692313383,3296.8181139902795
2025-03-10,3439.3908724736634,3454.268131170074,3416.598385027634,3423.321533203125,1004626,3561.8605346679688,3762.8555908203125,3874.2284375,3541.69715790076,31.69764767940491,-119.70815652053079,-116.94690156697251,-2.7612549535582787,3891.5170014864443,3561.8605346679688,3232.204067849493,0.18510352306604597,68.70298175948916,0.02006909987657669,43.09559634316763,13.677169638615291,33.880083417415925,-26134409.0,2801137.4,3864.248203802436,3296.8181139902795,4289.871692313383,3296.8181139902795
2025-03-11,3393.138033446029,3422.46321459512,3373.7308692128186,3409.636474609375,1995450,3539.8475830078123,3754.358154296875,3873.3381420898436,3529.119949968247,30.797413818175045,-115.50650670555751,-116.65882259468952,1.1523158891320122,3847.70584535161,3539.8475830078123,3231.9893206640145,0.17393871070697928,67.33781620454754,0.019749265561297732,43.428345899831584,12.957705596696636,36.64505041058253,-28129859.0,2773921.7,3852.804328210295,3296.8181139902795,4289.871692313383,3296.8181139902795
2025-03-12,3399.8137980328515,3403.8668719856255,3325.285013656077,3343.73828125,3174167,3518.039660644531,3744.2121923828126,3872.129772949219,3511.4645529474615,26.84388260579641,-116.15513829565043,-116.55808573488171,0.4029474392312835,3816.4377520886846,3518.039660644531,3219.6415692003775,0.16963884448618458,68.553076543744,0.020501926519834138,44.11190004096315,11.818857679985143,38.47212483154008,-31304026.0,2806718.65,3835.399897535905,3296.8181139902795,4289.871692313383,3296.8181139902795
2025-03-13,3340.0189616732987,3360.9995790197195,3322.6623157069057,3348.363525390625,1693004,3497.1019653320313,3732.973212890625,3870.9778491210936,3495.931121751572,27.54691228294655,-114.97065481461186,-116.24059955082775,1.2699447362158907,3781.0701389212245,3497.1019653320313,3213.133791742838,0.16240199822839987,66.39480417010613,0.01982903100772501,44.766160638635085,11.331402734636672,37.16754105089382,-29611022.0,2874881.6,3799.828262299615,3296.8181139902795,4289.871692313383,3296.8181139902795
2025-03-17,3327.3354895121856,3366.86483705381,3316.225391054831,3335.63232421875,2690906,3477.4350341796876,3722.9001806640626,3869.931192626953,3480.664569605589,26.783926138644333,-113.74802819429442,-115.74208527952109,1.9940570852266717,3748.6408876036967,3477.4350341796876,3206.2291807556785,0.15598039978221212,65.26942144359703,0.019567330898462857,45.42423526552594,10.703438625933815,35.812223358952316,-32301928.0,2875631.7,3765.0674505275315,3296.8181139902795,4289.871692313383,3296.8181139902795
2025-03-18,3335.63232421875,3335.63232421875,3335.63232421875,3335.63232421875,0,3456.5903076171876,3712.918916015625,3869.1993151855468,3466.8519748068425,26.783926138644333,-111.49385601946688,-114.89243942751025,3.398583408043379,3702.9662482283015,3456.5903076171876,3210.2143670060736,0.14255432011608807,60.607319911911524,0.018169664405715512,46.03530456192458,10.703438625933815,35.81222335895232,-32301928.0,2896311.5,3751.716356302624,3296.8181139902795,4289.871692313383,3296.8181139902795
2025-03-19,3382.647821765271,3382.647821765271,3302.301591434365,3335.06005859375,3051244,3437.1641479492187,3704.17541015625,3868.768173828125,3454.3003637389293,26.745308209830498,-108.5028322740095,-113.61451799681011,5.111685722800601,3655.9985036037538,3437.1641479492187,3218.3297922946836,0.1273342477897673,62.01724208469685,0.018595539808913316,45.3522110542626,15.1279786874054,32.49819435446237,-35353172.0,2812212.75,3742.5609756413837,3296.8181139902795,4289.871692313383,3296.8181139902795
2025-03-20,3349.269474003577,3413.117260947197,3349.269474003577,3398.04931640625,2845192,3422.3799438476562,3695.1915283203125,3868.5033251953123,3448.943121135817,37.43782819648167,-99.89815398954579,-110.87124519535726,10.973091205811471,3607.1896362373495,3422.3799438476562,3237.570251457963,0.10800068690323057,63.16295353246471,0.01858800377837522,44.00124690503883,17.238275625978506,29.629516716499342,-32507980.0,2874784.65,3695.4019938643646,3296.8181139902795,4289.871692313383,3296.8181139902795
2025-03-21,3313.9842232799383,3448.6893373916764,3304.4475780330895,3412.30712890625,4161925,3412.5572143554687,3687.795380859375,3868.2531469726564,3445.453979018715,39.58735835608547,-90.88078107163756,-106.87315237061333,15.992371298975769,3576.390475506817,3412.5572143554687,3248.7239532041203,0.09601788386852972,68.95429680575916,0.020207529451741098,43.29491149307613,14.662574535563634,29.84536981109456,-28346055.0,2909550.3,3640.137329423988,3296.8181139902795,4289.871692313383,3296.8181139902795
2025-03-24,3433.1922402172363,3480.6370496480163,3401.33993867541,3460.80078125,1834751,3405.3832763671876,3677.1214404296875,3868.0988818359374,3446.9155792312185,46.34035039483041,-78.9117698399109,-101.28087586447285,22.369106024561944,3545.9160987105543,3405.3832763671876,3264.850454023821,0.08253568596442101,69.69306924624824,0.020137844866376833,41.92882157204904,16.745248760378193,27.4197836685526,-26511304.0,2899312.95,3640.137329423988,3296.8181139902795,4289.871692313383,3296.8181139902795
2025-03-25,3476.1071349334247,3538.0953280117983,3469.4314833711383,3488.266357421875,3135390,3399.2679077148437,3666.5201611328125,3867.690740966797,3450.8537485827096,49.76534829534166,-66.4440738259591,-94.3135154567701,27.86944163081101,3511.308881268802,3399.2679077148437,3287.2269341608853,0.0659206491489974,70.23603192593039,0.020134939459680704,39.54664066058104,21.272342517331975,25.26439857138032,-23375914.0,2846621.9,3588.8301766028944,3296.8181139902795,4289.871692313383,3296.8181139902795
2025-03-26,3478.7294955586594,3509.9620062788417,3457.8443372465335,3467.333251953125,1734499,3397.3701049804686,3656.587421875,3866.881795654297,3452.4232250941777,47.28796755790146,-57.58861586010289,-86.96853553743667,29.379919677333774,3503.2815960721514,3397.3701049804686,3291.4586138887857,0.06234910405340822,68.94186314781452,0.01988325267234698,37.50796164351757,20.123688464855515,25.100692366752025,-25110413.0,2911694.85,3538.0953280117983,3296.8181139902795,4289.871692313383,3296.8181139902795
2025-03-27,3447.354210516991,3493.2730630548403,3443.2056768112207,3482.019775390625,2528474,3398.40244140625,3646.6384521484374,3866.3105456542967,3455.24194417003,49.1987452915571,-48.822723950414,-79.33937322003214,30.516649269618142,3507.1536211569005,3398.40244140625,3289.6512616555997,0.06400135453389649,67.59368622608632,0.01941220630158639,35.8364826697166,19.0589858073087,25.319584307054175,-22581939.0,2872994.0,3538.0953280117983,3296.8181139902795,4289.871692313383,3296.8181139902795
2025-03-28,3481.8285803264416,3491.3174941481584,3425.466923487325,3439.056640625,2051919,3398.0972534179687,3636.6411767578124,3865.5552368164062,3453.700486689551,44.15615897856667,-44.82573421386496,-72.4366454187987,27.610911204933743,3506.354992058087,3398.0972534179687,3289.83951477785,0.06371668058130339,67.4691779714254,0.019618513162715408,34.551332523770995,17.73028905022955,25.43240434903383,-24633858.0,2794320.0,3538.0953280117983,3296.8181139902795,4289.871692313383,3296.8181139902795
2025-04-01,3407.1571321951615,3417.933587672838,3361.667381848982,3386.27197265625,2618493,3401.31826171875,3625.70265625,3864.6313024902342,3447.278723448284,38.883163267127955,-45.39409771448754,-67.02813587793648,21.634038163448935,3503.999965150961,3401.31826171875,3298.6365582865387,0.06037759217529041,68.17775517175343,0.020133573358041182,34.204293877557184,16.29272974658579,30.054522800652872,-27252351.0,2705723.15,3538.0953280117983,3302.301591434365,4289.871692313383,3296.8181139902795
2025-04-02,3379.786743459071,3398.9554916534353,3366.4831712122864,3379.739013671875,1764313,3403.7453125,3615.5203759765627,3863.4580114746095,3440.846370136245,38.273968111107926,-45.84323282382047,-62.79115526711328,16.94792244329281,3501.8765125921855,3403.7453125,3305.614112407815,0.0576607184631622,65.62736697671025,0.019417880111816745,33.88204370607293,15.716899913082766,28.992313390106467,-29016664.0,2482396.9,3538.0953280117983,3302.301591434365,4289.871692313383,3296.8181139902795
2025-04-03,3329.242651246095,3339.732960373482,3238.7874835027424,3245.463134765625,4537821,3397.5989379882812,3603.4527001953124,3861.8281665039062,3422.2384429580907,28.41864318721383,-56.384155425376775,-61.50975529876599,5.125599873389213,3516.927390274407,3397.5989379882812,3278.2704857021554,0.0702428123295684,71.00766434759757,0.02187905435959465,34.84236068654289,13.48844721956219,37.726841169862794,-33554485.0,2321090.6,3538.0953280117983,3238.7874835027424,4289.871692313383,3238.7874835027424
2025-04-04,3206.7922895105216,3242.1253724074613,3142.80130945332,3146.5205078125,5317367,3385.790185546875,3587.103076171875,3859.7825927734375,3395.979591991844,23.59700647949856,-71.89301767156985,-63.58640777332677,-8.306609898243082,3547.7937239431126,3385.790185546875,3223.7866471506372,0.09569614743866402,73.26867584507669,0.023285618403934692,36.369046380373014,12.138475843451953,43.308558986553024,-38871852.0,2408094.8,3538.0953280117983,3142.80130945332,4289.871692313383,3142.80130945332
2025-04-07,2956.3598667283995,3138.8911537557533,2914.446359699624,3122.34521484375,6623955,3370.1715454101563,3570.4826025390626,3857.678587646484,3369.9191751205967,22.588560378619732,-85.1530554212618,-67.89973730291378,-17.25331811834802,3566.821596878034,3370.1715454101563,3173.5214939422785,0.11670032152262155,84.61192386420522,0.027098836945369416,38.730740711592716,9.760369246292194,54.10127797485964,-45495807.0,2548868.45,3538.0953280117983,2914.446359699624,4289.871692313383,2914.446359699624
2025-04-08,3149.0478246149446,3193.822325127449,3104.464010431693,3140.369384765625,5557558,3354.9963500976564,3554.0910107421873,3855.7320385742187,3348.057290324885,25.1566902061642,-93.13374317530133,-72.9465384773913,-20.187204697910033,3572.3106700987782,3354.9963500976564,3137.6820300965346,0.1295466804277127,84.95095178074455,0.027051260973582788,40.04598604976968,13.64575999543136,50.03641220620033,-39938249.0,2740740.55,3538.0953280117983,2914.446359699624,4289.871692313383,2914.446359699624
2025-04-09,3109.4708094407843,3118.4828923346345,3063.2180815269526,3096.167236328125,2990265,3338.638635253906,3538.47857421875,3853.454970703125,3324.0677613728126,23.13011634337512,-101.85116287874735,-78.72746335766251,-23.12369952108483,3580.754413830144,3338.638635253906,3096.522856677668,0.14503862503695306,84.39383402773939,0.027257517952365386,41.43686814835421,12.754709651818047,50.26003930816156,-42928514.0,2916052.7,3538.0953280117983,2914.446359699624,4289.871692313383,2914.446359699624
2025-04-11,3137.1271167444256,3146.0914699537143,3057.44840084302,3081.766845703125,7108961,3322.245153808594,3523.0520947265627,3851.077706298828,3300.991483689985,22.494349390433285,-108.66910220761565,-84.71579112765315,-23.953311079962504,3586.3162614950697,3322.245153808594,3058.174046122118,0.15897147589108349,84.69735081937903,0.027483374005879663,42.29085487994835,14.12955544686169,46.502792311482,-50037475.0,3015334.65,3538.0953280117983,2914.446359699624,4289.871692313383,2914.446359699624
2025-04-15,3160.825412160961,3160.825412160961,3088.537831919463,3097.69287109375,3512160,3309.9428833007814,3506.8092822265626,3848.6791857910157,3281.6297110617725,24.951216155691583,-111.50194606992545,-90.07302211610761,-21.428923953817844,3591.2265854685756,3309.9428833007814,3028.659181132987,0.16996287373230384,84.29458050784025,0.027212052329150718,42.847252014793526,14.431499805275902,43.38748942767755,-46525315.0,3271010.2,3538.0953280117983,2914.446359699624,4289.871692313383,2914.446359699624
2025-04-16,3097.693028895488,3126.2077375710383,3079.3827167859167,3122.10693359375,2384391,3298.6300537109373,3491.04998046875,3846.3216528320313,3266.437065588628,28.683344244526765,-110.50317264501291,-94.15905222188869,-16.344120423124224,3590.811230901828,3298.6300537109373,3006.4488765200467,0.17715304379900904,81.61818338478892,0.02614202047552581,43.414694699931374,13.840109110634215,42.410721283773064,-44140924.0,3287909.85,3538.0953280117983,2914.446359699624,4289.871692313383,2914.446359699624
2025-04-17,3095.1178702150796,3150.5258660607433,3068.8920987065558,3146.04345703125,2932346,3289.1506103515626,3475.5338525390625,3843.7189282226564,3254.971007630782,32.24116852082982,-106.55189618153372,-96.6376210138177,-9.914275167716028,3588.1374013837953,3289.1506103515626,2990.16381931933,0.18180182451436933,81.61929652546024,0.025943473966656496,43.519933133097084,14.979539067854018,39.380846957841854,-41208578.0,3322479.2,3538.0953280117983,2914.446359699624,4289.871692313383,2914.446359699624
2025-04-21,3137.651464694997,3198.590529231532,3131.92947805952,3167.69189453125,2432946,3280.7535888671873,3461.1993212890625,3841.3642456054686,3246.658711145112,35.38098334430981,-100.51495925223753,-97.41308866150167,-3.1018705907358566,3583.4570664115554,3280.7535888671873,2978.0501113228192,0.18453289425426717,80.55085042878535,0.025428877905660438,42.82158604113004,18.356212202608873,37.05297523787538,-38775632.0,3334551.2,3538.0953280117983,2914.446359699624,4289.871692313383,2914.446359699624
2025-04-22,3168.645674402416,3179.421896695883,3142.3244417890623,3160.825439453125,2710498,3272.041857910156,3446.813291015625,3838.6301599121093,3238.484113841114,34.82969537615146,-95.18744714289915,-96.96796035778118,1.7805132148820348,3578.003509046254,3272.041857910156,2966.0802067740583,0.18701573171897906,77.44703646293073,0.024502155511735676,42.1731208843035,17.72816202097442,35.785223069215164,-41486130.0,3456198.5,3538.0953280117983,2914.446359699624,4289.871692313383,2914.446359699624
2025-04-23,3209.081037662751,3262.390790001095,3182.6645776182195,3254.85693359375,3543923,3264.8822387695313,3433.575478515625,3836.183563232422,3240.0434300080315,47.00703164794743,-82.42762533498671,-94.0598933532223,11.632268018235578,3565.3668137253776,3264.8822387695313,2964.397663813685,0.18407069718330354,79.16977318329067,0.024323580052373547,40.29616805160386,23.58927549457402,32.506068683354506,-37942207.0,3439161.2,3538.0953280117983,2914.446359699624,4289.871692313383,2914.446359699624
2025-04-24,3243.5082751937634,3254.379956863419,3230.7290317834236,3243.985107421875,2252175,3256.4661376953127,3420.424443359375,3833.925621337891,3240.418827856969,45.93824554284744,-72.35853597400819,-89.71962187737948,17.36108590337129,3549.294031056887,3256.4661376953127,2963.6382443337384,0.17984396642233558,75.23821094236466,0.023193143140585955,38.55328327838276,23.048934816440767,31.761478151108182,-40194382.0,3474097.75,3538.0953280117983,2914.446359699624,4289.871692313383,2914.446359699624
2025-04-25,3261.5327442992316,3316.6546015726303,3247.2277761224805,3288.2353515625,2742991,3247.8378662109376,3408.31767578125,3831.629372558594,3244.9727824955908,50.83780560340679,-60.11511559194969,-83.79872062029354,23.683605028343848,3525.8697243386873,3247.8378662109376,2969.806008083188,0.17121042957240548,75.05473117153542,0.022825230905650046,36.07334423142685,27.38149697858959,29.564899625112055,-37451391.0,3378610.25,3538.0953280117983,2914.446359699624,4289.871692313383,2914.446359699624
2025-04-28,3275.837455517982,3297.581052006719,3247.227521408655,3283.943603515625,1593296,3237.621728515625,3397.14263671875,3829.3543017578127,3248.6842892594036,50.36108354668112,-50.17998134089203,-77.07497276441325,26.89499142352122,3493.715049850643,3237.621728515625,2981.528407180607,0.15819842020422256,73.29035970200175,0.022317788777962196,33.77054683671533,26.03776632040615,28.114044606630824,-39044687.0,3424022.25,3509.9620062788417,2914.446359699624,4289.871692313383,2914.446359699624
2025-04-29,3294.910482473902,3333.05705824784,3271.4502452416414,3311.599609375,1578332,3229.8350463867187,3386.37671875,3827.304189453125,3254.6762245085083,53.3939984096396,-39.61801550480368,-69.58358131249133,29.965565807687653,3466.2294797589702,3229.8350463867187,2993.440613014467,0.14638173775265134,72.45582065230153,0.02187940246374656,31.56165475400314,27.95370903439865,26.4065837474916,-37466355.0,3346917.55,3493.2730630548403,2914.446359699624,4289.871692313383,2914.446359699624
2025-04-30,3311.122759184256,3347.2665464023585,3210.0343339326632,3293.670654296875,2809332,3220.417590332031,3376.652197265625,3825.2003125,3258.389979726448,51.20956303697257,-32.3217137248721,-62.131207794967494,29.809494070095397,3429.2791322063495,3220.417590332031,3011.5560484577127,0.12971084402304756,77.08270578211537,0.02340328280289785,29.890726610177072,24.398947117496387,28.739659624440872,-40275687.0,3339109.2,3491.3174941481584,2914.446359699624,4289.871692313383,2914.446359699624
2025-05-02,3311.122947254809,3329.7194038998173,3261.5323962014536,3272.022705078125,1721761,3212.0658935546876,3366.750302734375,3823.3439819335936,3259.6883345218457,48.622932677103414,-27.96380128539704,-55.2977264930534,27.333925207656364,3397.3120838768223,3212.0658935546876,3026.819703232553,0.11534395399163422,76.44729877613311,0.023363926740938616,28.339150476624297,22.84447642651318,26.90863968985564,-41997448.0,3353152.1,3417.933587672838,2914.446359699624,4289.871692313383,2914.446359699624
2025-05-05,3290.142360352066,3342.117073001106,3286.7090751925784,3294.2431640625,1284443,3207.464453125,3358.0557470703125,3821.5309521484373,3262.9792706685744,51.33985752165666,-22.45823439776268,-48.72982807399526,26.271593676232577,3379.2565576327092,3207.464453125,3035.672348617291,0.10712019230039095,75.99351800090795,0.023068581830854234,26.709413881554845,22.504689715536532,25.13579667043509,-40713005.0,3336644.2,3398.9554916534353,2914.446359699624,4289.871692313383,2914.446359699624
2025-05-06,3299.67919921875,3312.076837828531,3277.7449155245213,3299.67919921875,1324763,3203.461462402344,3348.9987939453126,3818.5323510742187,3266.4745019590673,52.008488748483394,-17.45517794173611,-42.474898047543434,25.019720105807323,3362.248862624743,3203.461462402344,3044.6740621799445,0.0991348902342164,73.0176897368438,0.022128723832950753,25.322217023307996,21.748875550528602,25.168524305720187,-39388242.0,3269941.7,3347.2665464023585,2914.446359699624,4289.871692313383,2914.446359699624
2025-05-07,3262.104703449532,3299.202157339632,3262.104703449532,3285.469482421875,1477128,3205.461779785156,3340.2365185546873,3815.531435546875,3268.28354771743,50.071651863320284,-14.470023620192478,-36.87392316207325,22.40389954188077,3367.294002670781,3205.461779785156,3043.629556899531,0.10097279830706433,70.48603302487055,0.021453869348654536,24.258779221492873,20.920744888843124,25.79511915915735,-40865370.0,3247964.2,3347.2665464023585,2914.446359699624,4289.871692313383,2914.446359699624
2025-05-08,3288.235300913292,3315.8915722956835,3269.829528910395,3289.093505859375,2543591,3212.5904296875,3332.143720703125,3812.5055346679687,3270.2654484928535,50.577169930760775,-11.67723105849609,-31.834584741357816,20.157353682861725,3375.9625086338774,3212.5904296875,3049.218350741123,0.10170738070851384,68.741462336329,0.020899820030616068,22.975299081708044,21.653603936676557,24.560497373353968,-38321779.0,3094929.55,3347.2665464023585,2914.446359699624,4289.871692313383,2914.446359699624
2025-05-09,3241.505698660658,3286.518617372084,3240.6474937252347,3280.89208984375,2531757,3220.5177734375,3325.586328125,3808.7997473144533,3271.277509573891,49.359190263242375,-10.010315872561478,-27.469730967598547,17.45941509503707,3380.9648010170704,3220.5177734375,3060.07074585793,0.09964051675349896,67.29178732188694,0.0205102104790931,22.22525432990634,20.540083676824473,26.395093321124936,-40853536.0,2956240.75,3347.2665464023585,3057.44840084302,4289.871692313383,2914.446359699624
2025-05-12,3342.5937062643743,3462.278587900945,3339.923399391301,3452.646484375,2228678,3236.131628417969,3322.5536669921876,3805.9674475097654,3288.5507452692345,67.18266895026161,5.110954744239734,-20.953593825230893,26.064548569470627,3421.226397757018,3236.131628417969,3051.03685907892,0.11439260857849302,75.44140951726607,0.021850313913885252,22.15489011232681,33.6536691481481,21.862045211295367,-38624858.0,2751630.85,3462.278587900945,3057.44840084302,4289.871692313383,2914.446359699624
2025-05-13,3452.647008797929,3455.126629734175,3347.839368943368,3352.130859375,3062887,3248.9298095703125,3317.3848095703124,3802.7028625488283,3294.6059942316883,54.98569832660728,8.88151913353704,-14.986571233477306,23.868090367014346,3428.8688491902653,3248.9298095703125,3068.9907699503597,0.11076819147641155,77.71611317966185,0.023184092877016116,22.089551910288677,30.33517183535422,19.706288049528233,-41687745.0,2585186.85,3462.278587900945,3057.44840084302,4289.871692313383,2914.446359699624
2025-05-14,3357.8528260686357,3395.999407449705,3346.0274789718064,3384.269287109375,2119499,3264.054931640625,3314.9644091796877,3799.52890625,3303.145355458135,57.63411745068736,14.298200350303432,-9.12961691672116,23.427817267024594,3435.920123716041,3264.054931640625,3092.189739565209,0.1053077816855433,75.73438570096447,0.022378356825633078,21.99795554392073,28.905450407073268,18.94840224679596,-39568246.0,2588817.95,3462.278587900945,3068.8920987065558,4289.871692313383,2914.446359699624
2025-05-15,3398.8602651386764,3433.192187008764,3351.272499900048,3414.0234375,3548330,3279.8714599609375,3314.0174169921875,3796.4855041503906,3313.7051727954554,59.98160590787276,20.752646914825164,-3.1531641504118957,23.90581106523706,3445.702209482093,3279.8714599609375,3114.040710439782,0.10112027348969992,76.17619294437529,0.02231273286165754,22.32677280332259,30.17258092439226,17.492897652522107,-36019916.0,2339344.85,3462.278587900945,3068.8920987065558,4289.871692313383,2914.446359699624
2025-05-16,3427.37472311883,3427.37472311883,3381.789746684424,3396.285400390625,1666727,3293.5803833007812,3313.0399169921875,3793.2775158691406,3321.5699563759476,57.92113283383009,24.15805198183898,2.30907907603828,21.8489729058007,3450.0431939603677,3293.5803833007812,3137.117572641195,0.09501077396069597,73.99110605080607,0.021785891739927378,22.632103115624318,28.844799341852934,16.7231011479915,-37686643.0,2341153.35,3462.278587900945,3068.8920987065558,4289.871692313383,2914.446359699624
2025-05-19,3385.508677753182,3385.508677753182,3341.353968714305,3355.75439453125,2537377,3304.0659301757814,3313.71796875,3789.5616345214844,3324.825617152643,53.4066242006471,23.31755631642227,6.510774524115079,16.80678179230719,3447.106193592453,3304.0659301757814,3161.0256667591098,0.08658438810817659,72.62970073834276,0.021643330291604392,22.151839620073865,27.28651699793529,19.796375458950237,-40224020.0,2305270.15,3462.278587900945,3131.92947805952,4289.871692313383,2914.446359699624
2025-05-20,3368.1525972918466,3393.138562626365,3332.1040297404493,3336.204833984375,2038374,3312.4915771484375,3313.81810546875,3785.7795336914064,3325.9093520889987,51.32852384758763,20.833812075488368,9.375382034389737,11.45843004109863,3441.5789783876276,3312.4915771484375,3183.4041759092474,0.07793976119348513,71.8014744631694,0.021521902292017864,21.537123876978022,25.62974658488791,19.514577991196738,-42262394.0,2285521.7,3462.278587900945,3142.3244417890623,4289.871692313383,2914.446359699624
2025-05-21,3345.4551448560997,3373.1114160079887,3336.2046455537043,3362.430419921875,1440153,3322.571826171875,3313.6989013671873,3782.2021276855467,3329.387549025463,53.91892415402522,20.74250578401052,11.648806784313894,9.093698999696624,3432.8232008391165,3322.571826171875,3212.320451504633,0.06636508128961567,69.3089956053919,0.020612767239657045,20.966316401246168,24.654907990450162,18.77233250246448,-40822241.0,2265793.1,3462.278587900945,3182.6645776182195,4289.871692313383,2914.446359699624
2025-05-22,3333.057317857191,3335.7276249349993,3291.382227143766,3315.891357421875,2034383,3325.6235473632814,3312.3628173828124,3778.2986108398436,3328.102197444169,48.94106198442156,16.72206987719437,12.66345940288999,4.058610474304382,3431.5007309500515,3325.6235473632814,3219.7463637765113,0.06367358306126668,69.43322397487168,0.0209395352533071,19.602708853310038,22.85288198252842,22.011314569612107,-42856624.0,2202275.85,3462.278587900945,3210.0343339326632,4289.871692313383,2914.446359699624
2025-05-23,3315.8916316020463,3371.204175356121,3305.0199488920316,3351.74951171875,1274331,3331.011767578125,3310.703447265625,3774.5194995117185,3330.354322613177,52.57411766004004,16.24207035135214,13.37918159258242,2.8628887587697207,3430.4974075641003,3331.011767578125,3231.5261275921494,0.05973298620815644,69.20115272410153,0.020646278154782437,18.901058462234783,24.95354344501815,20.507621793552172,-41582293.0,2126798.85,3462.278587900945,3210.0343339326632,4289.871692313383,2914.446359699624
2025-05-26,3357.8526831208233,3380.7406309750972,3347.457833268305,3373.3974609375,967470,3335.269873046875,3309.2939306640624,3771.3813330078124,3334.453669120255,54.67107321070341,17.407809459935834,14.184907166053105,3.222902293882729,3434.35676300498,3335.269873046875,3236.18298308877,0.05941761460375382,66.63555593715087,0.019753247789139023,18.39636984123834,25.085521273218827,19.775975690461024,-40614823.0,2077906.65,3462.278587900945,3210.0343339326632,4289.871692313383,2914.446359699624
2025-05-27,3368.343258360126,3375.9725749136032,3321.7091540583033,3336.586181640625,2467680,3337.902001953125,3307.5592236328125,3768.6569689941407,3334.6567655507665,50.57595248619711,15.186245917794622,14.385174916401407,0.8010710013932147,3434.1515146589923,3337.902001953125,3241.6524892472576,0.057670664177407446,65.75183200273295,0.01970631910080089,17.4313424372376,23.606772472330796,21.40738686567912,-43082503.0,1989130.6,3462.278587900945,3210.0343339326632,4289.871692313383,2914.446359699624
2025-05-28,3356.8990894476624,3365.482070074091,3331.1501475683763,3335.63232421875,1222933,3339.1036376953125,3306.079140625,3765.852401123047,3334.7496759000983,50.470457071472886,13.196550859182935,14.147450104957715,-0.9508992457747798,3434.6068318755392,3339.1036376953125,3243.6004435150858,0.05720289307710384,63.50755275294595,0.019039134586819387,16.535245562094055,22.695220732197125,20.580762185325355,-44305436.0,2032849.8,3462.278587900945,3210.0343339326632,4289.871692313383,2914.446359699624
2025-05-29,3342.3082066867746,3368.820128574258,3324.951557897849,3336.01416015625,3188072,3341.220812988281,3305.924658203125,3762.913122558594,3334.870102972113,50.51495517500484,11.517744767146269,13.621509037395427,-2.103764270249158,3434.4517528738024,3341.220812988281,3247.9898731027597,0.055806512112642204,62.104768318907595,0.018616458245488614,15.575395096209192,21.55014314607379,20.255287230308987,-41117364.0,2015079.85,3462.278587900945,3240.6474937252347,4289.871692313383,2914.446359699624
2025-05-30,3328.2892004179307,3344.2153514588645,3293.0990724903722,3302.921630859375,3404365,3342.765759277344,3305.0158203125,3759.938698730469,3331.827391342328,46.60686216294817,7.431324611331547,12.383472152182652,-4.952147540851104,3432.3098855976828,3342.765759277344,3253.221632957005,0.053574873484223386,61.31987622244935,0.01856534398198687,14.876662181265065,20.26698529448546,22.75957150919108,-44521729.0,2034016.85,3462.278587900945,3240.6474937252347,4289.871692313383,2914.446359699624
2025-06-02,3290.142346480254,3299.678990962806,3260.1973759363364,3289.95166015625,1877585,3342.5511840820313,3304.10220703125,3756.636923828125,3327.8392264674635,45.13307897551895,3.110384380613141,10.52885459786875,-7.41847021725561,3432.578645183258,3342.5511840820313,3252.523722980805,0.05386751384987439,59.99161755820573,0.018234802135468624,14.816831988438958,19.236017634232212,25.519223624704185,-46399314.0,2118147.05,3462.278587900945,3240.6474937252347,4289.871692313383,2914.446359699624
2025-06-03,3286.3277699067066,3312.553542881876,3242.936036438699,3247.418212890625,2848125,3339.938134765625,3302.3379248046876,3753.2770874023436,3320.1800823172885,40.59912903046366,-3.703395176102731,7.682404643074454,-11.385799819177185,3437.5090662448856,3339.938134765625,3242.367203286364,0.05842678968429911,60.67918104998941,0.018685360822675513,15.050614202417494,17.659619603027753,25.459835445194244,-49247439.0,2147804.15,3462.278587900945,3240.6474937252347,4289.871692313383,2914.446359699624
2025-06-04,3260.6960243688586,3266.276489448532,3242.4153443856753,3252.902587890625,2544807,3338.3097900390626,3300.694775390625,3749.938594970703,3313.7727018957016,41.41634986373908,-8.562122519101194,4.433499210639324,-12.995621729740519,3440.44279699506,3338.3097900390626,3236.1767830830654,0.06118845366642986,58.049321336622796,0.017845391851793947,15.276640421478385,17.14112117617255,24.776387536781787,-46702632.0,2223972.25,3462.278587900945,3240.6474937252347,4289.871692313383,2914.446359699624
2025-06-05,3279.9386829080418,3279.9386829080418,3236.353648443686,3243.4736328125,3584683,3336.0287963867186,3297.60326171875,3746.093825683594,3307.0775524592063,40.387586186924096,-13.023411041710006,0.9421171601694582,-13.965528201879463,3444.3093126374033,3336.0287963867186,3227.748280136034,0.06491581629508972,57.01615798860373,0.017578733309807592,15.136926693026528,17.916744651756343,23.42353832101497,-50287315.0,2277356.2,3462.278587900945,3236.353648443686,4289.871692313383,2914.446359699624
2025-06-06,3243.473730125776,3262.5239346599506,3231.5430403786086,3256.07763671875,2070390,3334.7880737304686,3294.478671875,3741.7478491210936,3302.220417626782,42.4456168939225,-15.364860016569764,-2.3192782751783865,-13.045581741391377,3446.0936842514366,3334.7880737304686,3223.4824632095006,0.06675423328862737,55.15649629522789,0.016939551954544545,15.102891564752905,17.197911086996502,23.106749632281982,-48216925.0,2329410.8,3462.278587900945,3231.5430403786086,4289.871692313383,2914.446359699624
2025-06-09,3271.27954690969,3303.992342378787,3262.5239694574043,3292.350341796875,1718678,3326.7732666015627,3291.1096630859374,3737.2378308105467,3301.280410404886,48.008542294112516,-14.130681343728156,-4.681558888888341,-9.449122454839816,3425.3332058598335,3326.7732666015627,3228.213327343292,0.05925257380642226,54.639225535571384,0.016595811460863787,14.043566611077791,21.541739551428,21.659394476009584,-46498247.0,2306342.45,3455.126629734175,3231.5430403786086,4289.871692313383,2914.446359699624
2025-06-10,3309.7649174374747,3353.831020585222,3293.6009022564963,3331.7978515625,2419874,3325.7566162109374,3287.98029296875,3732.7695153808595,3304.1868333722778,53.295522467536124,-9.855888939614033,-5.71642489903348,-4.139464040580553,3423.6666519737755,3325.7566162109374,3227.8465804480993,0.05887985626223475,55.127900767912514,0.01654599205112621,14.021729048026156,26.283267887954583,19.934011637736553,-44078373.0,2280842.45,3433.192187008764,3231.5430403786086,4289.871692313383,2914.446359699624
2025-06-11,3338.6290574254713,3356.9097352615186,3318.5204057648953,3340.45703125,2847013,3323.5660034179687,3285.4427685546875,3728.2127770996094,3307.6411379320607,54.39189848035249,-5.703614016138999,-5.713862722454584,0.0102487063155845,3418.0416821653366,3323.5660034179687,3229.0903246706007,0.05685199490559766,53.932288534249,0.016145182539308855,14.058195894835539,25.35468876107426,18.920500911405508,-41231360.0,2248691.8,3433.192187008764,3231.5430403786086,4289.871692313383,2914.446359699624
2025-06-12,3340.4572389790806,3343.1512807546196,3293.6010193282204,3304.1845703125,4060134,3318.0740600585937,3281.886064453125,3723.705880126953,3307.311941015912,49.18348712136453,-5.278938364372152,-5.626877850838098,0.34793948646594597,3403.1835578895,3318.0740600585937,3232.964562227687,0.05130054139261955,53.61928659797401,0.016227691116208698,13.484133148280213,23.68107527473422,20.991214875691806,-45291494.0,2285067.5,3427.37472311883,3231.5430403786086,4289.871692313383,2914.446359699624
2025-06-13,3264.7366235777054,3319.867346975648,3264.7366235777054,3315.2490234375,2178493,3314.0222412109374,3279.409912109375,3719.4322619628906,3308.067853627492,50.73324077872736,-4.003421996299494,-5.302186679930378,1.2987646836308837,3391.1983456229113,3314.0222412109374,3236.8461367989635,0.04657548971896697,53.727246369400355,0.016206096733479135,12.73331661678962,21.94538395693441,23.290099959679644,-43113001.0,2310657.7,3393.138562626365,3231.5430403786086,4289.871692313383,2914.446359699624
2025-06-16,3309.765249187461,3376.152982383372,3296.4876555687347,3363.933837890625,1934088,3314.4312133789062,3278.9631494140626,3715.2220092773437,3313.3884235573137,56.95394329315246,0.9252261344481667,-4.056704117054669,4.981930251502836,3392.5682790503556,3314.4312133789062,3236.294147707457,0.047149607664835086,55.579966401203,0.01652231258985009,12.723637196448255,26.932120837425277,20.905616144259813,-41178913.0,2336246.0,3393.138562626365,3231.5430403786086,4289.871692313383,2914.446359699624
2025-06-17,3377.1144735669664,3386.7358823235677,3356.04368234908,3382.2138671875,2111940,3316.7316650390626,3279.012646484375,3711.12791015625,3319.9432277125698,59.04497530538472,6.234394657896701,-1.998484362064395,8.232879019961096,3399.8479224198804,3316.7316650390626,3233.6154076582447,0.05011937399514588,53.802268799294765,0.015907411805402585,12.900117229298845,27.23970738231419,20.053767639395925,-39066973.0,2306081.55,3386.7358823235677,3231.5430403786086,4289.871692313383,2914.446359699624
2025-06-18,3385.8705329382847,3404.0549041256045,3312.747815947458,3320.7333984375,2696327,3314.6468139648437,3280.5180517578124,3706.6848413085936,3320.018482067325,50.21074115258866,5.4185275362924585,-0.5150819823930244,5.933609518685483,3395.123228891568,3314.6468139648437,3234.1703990381193,0.048558063313214245,56.481184469212735,0.017008647696857792,12.111667661791857,24.094313051596096,23.21352471284567,-41763300.0,2309759.85,3404.0549041256045,3231.5430403786086,4289.871692313383,2914.446359699624
2025-06-19,3319.386516107577,3320.3486571267385,3283.787298398597,3294.370849609375,2672768,3313.5707885742186,3283.47505859375,3702.0831018066406,3317.575850404663,46.965829560001765,2.614570454315526,0.1108485049486857,2.5037219493668403,3394.5259317420177,3313.5707885742186,3232.6156454064194,0.04886278177423999,55.08582129561917,0.01672119618899338,11.673488184526107,22.940022113985847,25.856676409917753,-44436068.0,2372568.55,3404.0549041256045,3231.5430403786086,4289.871692313383,2914.446359699624
2025-06-20,3295.332824141505,3315.826473793808,3281.7665424976394,3305.627685546875,2351248,3311.264697265625,3287.1407080078125,3697.341706542969,3316.4379299420166,48.496414116963386,1.2859235223754695,0.34586350843404245,0.940060013941427,3390.344141963826,3311.264697265625,3232.1852525674235,0.047763892003863974,53.58397200994413,0.016209923532595087,11.30522093718178,21.898485214281767,24.952086838341934,-42084820.0,2404487.8,3404.0549041256045,3231.5430403786086,4289.871692313383,2914.446359699624
2025-06-23,3285.71154983106,3295.332959933054,3242.4152043720856,3265.121826171875,3123421,3305.8509155273437,3289.6357568359376,3692.5505163574217,3311.5506819639077,43.618254296818876,-3.0009302180037594,-0.32349523685351794,-2.6774349811502414,3381.943354633939,3305.8509155273437,3229.758476420748,0.04603500947317062,54.27172266457593,0.016621653204347876,11.68175652258208,20.076624088711906,28.055321526489074,-45208241.0,2458333.65,3404.0549041256045,3231.5430403786086,4289.871692313383,2914.446359699624
2025-06-24,3304.569544364703,3311.785601803136,3253.9608342374113,3262.042724609375,3403048,3302.123742675781,3292.9532666015625,3687.7845703125,3306.835638406333,43.262013240449924,-6.571004011399964,-1.5729969917628073,-4.998007019637157,3379.126289523399,3302.123742675781,3225.1211958281633,0.046638195808628935,54.52551158608657,0.016715143298013033,11.646608522540125,20.71110829814126,25.930113921749534,-48611289.0,2566131.2,3404.0549041256045,3231.5430403786086,4289.871692313383,2914.446359699624
2025-06-25,3278.302772484131,3319.386142397456,3271.2790968554636,3314.383056640625,1757699,3301.061279296875,3297.6055908203125,3683.4349255371094,3307.5544401429324,50.641627533614695,-5.1178899950573395,-2.2819755924217136,-2.835914402635626,3376.7604870580326,3301.061279296875,3225.3620715357174,0.0458635580235466,54.72679060051473,0.01651190875202712,11.435488157726914,20.153022171100545,23.98940687290421,-46853590.0,2612899.6,3404.0549041256045,3231.5430403786086,4289.871692313383,2914.446359699624
2025-06-26,3314.3832490719788,3320.7332385135887,3286.000090554292,3311.496826171875,2879106,3299.835412597656,3301.881669921875,3679.0862646484375,3307.9299054790226,50.25347266579153,-4.151327427109663,-2.6558459593593033,-1.49548146775036,3374.009521359758,3299.835412597656,3225.6613038355545,0.04495624750187844,53.29867326899916,0.016095039816363944,11.206288517184678,19.395474114068353,22.872751339007735,-49732696.0,2639637.9,3404.0549041256045,3231.5430403786086,4289.871692313383,2914.446359699624
2025-06-27,3324.197397384813,3335.1657116254887,3301.106011701098,3310.82373046875,1778433,3300.230517578125,3305.656005859375,3674.823916015625,3308.2055078589965,50.156921227612884,-3.40043473136393,-2.804763713760229,-0.595671017603701,3374.5502165560215,3300.230517578125,3225.910818600228,0.04503909565228566,51.924460887241416,0.01568324535353318,10.630397169541988,20.47209755292053,21.80108597614868,-51511129.0,2624189.6,3404.0549041256045,3231.5430403786086,4289.871692313383,2914.446359699624
2025-06-30,3309.66847634863,3333.721999491074,3300.143375143297,3330.931884765625,1468351,3302.2795288085936,3309.3537744140626,3670.6957360839842,3310.369924707247,53.058470685932,-1.169307806669167,-2.477672532342017,1.30836472567285,3377.605538098421,3302.2795288085936,3226.953519518766,0.045620613659561396,50.61404399156538,0.01519516031626289,10.118901403017864,19.50197596620508,20.90383808314924,-50042778.0,2542893.0,3404.0549041256045,3231.5430403786086,4289.871692313383,2914.446359699624
2025-07-01,3324.1969490999145,3353.06117731207,3284.268100073099,3299.854736328125,2375183,3304.9013549804686,3311.99703125,3666.1398681640626,3309.3684781949496,48.37173542340866,-1.8870372104647686,-2.359545467966567,0.4725082575017985,3375.934691608375,3304.9013549804686,3233.868018352562,0.04298666071884996,51.91254636638006,0.01573176715777045,9.649455845050179,20.316968658727887,18.925181602889065,-52417961.0,2522431.3,3404.0549041256045,3231.5430403786086,4289.871692313383,2914.446359699624
2025-07-02,3355.1779803217332,3357.7757139896216,3290.5221534097136,3293.697265625,3090585,3306.9410888671873,3314.6544677734373,3661.686328125,3307.8759817597165,47.47689847165598,-2.919050363995666,-2.471446447172387,-0.44760391682327905,3374.123116397347,3306.9410888671873,3239.7590613370276,0.040630918861136026,53.00833309591778,0.016093869235993402,9.334044715252096,19.111046653549526,17.210106453272527,-55508546.0,2498784.2,3404.0549041256045,3231.5430403786086,4289.871692313383,2914.446359699624
2025-07-03,3300.1437879715377,3305.243182495177,3268.9705120384147,3272.04931640625,2531870,3308.369873046875,3314.9983154296874,3656.9454248046877,3304.4639183927197,44.36923975818218,-5.421244078782365,-3.0614059734943826,-2.3598381052879827,3371.1641617013142,3308.369873046875,3245.5755843924358,0.037960863545531104,51.81292862169238,0.015835008464542166,8.88941134048327,18.155398936452542,19.320594067008493,-58040416.0,2526073.1,3404.0549041256045,3231.5430403786086,4289.871692313383,2914.446359699624
2025-07-04,3278.9765232213795,3297.257202194738,3261.7542933055606,3290.329833984375,1109320,3310.082482910156,3315.9252099609375,3652.273038330078,3303.1178151157346,47.49467659538153,-5.861596794063189,-3.621444137608144,-2.240152656455045,3368.815638480735,3310.082482910156,3251.3493273395775,0.035487427200872466,50.647927212227025,0.015392963553108499,8.66888583262861,17.246365156217017,19.370919892486135,-56931096.0,2473432.45,3404.0549041256045,3242.4152043720856,4289.871692313383,2914.446359699624
2025-07-07,3288.8866014623586,3296.3913481829886,3279.361264698508,3282.536376953125,1639174,3309.5917846679686,3315.81123046875,3647.605354003906,3301.157678147867,46.30039492243791,-6.761503934807024,-4.24945609704792,-2.512047837759104,3369.068605776743,3309.5917846679686,3250.114963559194,0.035942088921242205,48.24665266024514,0.01469797958645261,8.464112146763567,16.81153552523351,18.882524229262895,-58570270.0,2425378.95,3404.0549041256045,3242.4152043720856,4289.871692313383,2914.446359699624
2025-07-08,3276.090106685197,3295.3329266950955,3264.929177120374,3277.24462890625,2325242,3306.864123535156,3315.6772509765624,3642.946708984375,3298.880244886761,45.46443146428582,-7.811638958390631,-4.9618926693164624,-2.8497462890741687,3367.0170746179842,3306.864123535156,3246.711172452328,0.03638066085311211,46.97215958270775,0.014332820677589841,8.68144370955931,16.034276155585378,20.20414176905257,-60895512.0,2421403.75,3404.0549041256045,3242.4152043720856,4289.871692313383,2914.446359699624
2025-07-09,3280.9006731219124,3284.749236961352,3239.528611847941,3255.692626953125,2034938,3302.6259033203123,3314.559111328125,3638.9252941894533,3294.7671384168907,42.1282535925856,-10.264620811209625,-6.022438297695095,-4.242182513514529,3364.6302193342526,3302.6259033203123,3240.621587306372,0.03754849494252675,46.84704997775796,0.014389272989078297,9.53410130161798,14.928733160820071,22.683963424752076,-62930450.0,2416672.15,3404.0549041256045,3239.528611847941,4289.871692313383,2914.446359699624
2025-07-10,3252.036655455352,3270.3173348795094,3228.9452709195743,3253.9609375,3035012,3300.1147216796876,3313.7649169921874,3635.128760986328,3290.880833567663,41.86244494866738,-12.207637423653523,-7.259478122886781,-4.948159300766742,3365.631749714602,3300.1147216796876,3234.5976936447732,0.03970590937612471,46.45597954791347,0.01427674776686328,10.576256627482016,13.979089911476832,22.868241881674937,-65965462.0,2376068.4,3404.0549041256045,3228.9452709195743,4289.871692313383,2914.446359699624
2025-07-11,3174.9690253465947,3208.7402687610033,3137.638142071979,3142.3525390625,7635550,3291.4698974609373,3311.171513671875,3630.826727294922,3276.735281710028,29.112941329712484,-22.494059574586572,-10.30639441322674,-12.187665161359831,3385.944872212583,3291.4698974609373,3196.9949227092916,0.05740594791677991,51.44646639649258,0.01637195882924113,13.120760772483166,11.72142157341041,31.852081250170276,-73601012.0,2324812.3,3404.0549041256045,3137.638142071979,4289.871692313383,2914.446359699624
2025-07-14,3142.3526487027184,3148.125494964879,3078.8513398189525,3100.69189453125,3924009,3278.3078002929688,3307.30048828125,3626.3929931640623,3259.969244835859,25.937457657068776,-33.620235928099646,-14.969162716201321,-18.651073211898325,3398.564203011231,3278.3078002929688,3158.0513975747067,0.07336492486002397,52.71987273573787,0.01700261571577651,16.12859428202646,10.62127858520907,36.82737264342403,-77525021.0,2597665.15,3404.0549041256045,3078.8513398189525,4289.871692313383,2914.446359699624
2025-07-15,3084.624209084001,3136.002447241285,3084.624209084001,3129.17138671875,2590889,3265.6556762695313,3303.89033203125,3622.0885791015626,3247.512305967563,31.442606160234646,-39.68232074933576,-19.91179432282821,-19.770526426507548,3392.5821796042464,3265.6556762695313,3138.7291729348162,0.07773416178383358,52.62404169441975,0.016817244947903393,18.921582540888085,9.880576151336534,34.2591202121111,-74934132.0,2697161.2,3404.0549041256045,3078.8513398189525,4289.871692313383,2914.446359699624
2025-07-16,3115.365810708297,3132.6464874286985,3109.187305299685,3121.2548828125,2540733,3255.681750488281,3300.6060400390625,3617.728468017578,3235.4877894766046,30.758194909761997,-44.611113205795846,-24.85165809942174,-19.759455106374105,3394.5198835828305,3255.681750488281,3116.8436173937316,0.08528974496584427,50.54083743974789,0.016192473648357276,21.515071638402453,9.5529906535552,33.12327643373823,-77474865.0,2721108.65,3357.7757139896216,3078.8513398189525,4289.871692313383,2914.446359699624
2025-07-17,3112.5663349360093,3129.8470122556437,3093.2582102459683,3098.181640625,2947640,3245.8722900390626,3296.787802734375,3613.1700830078125,3222.4110133954996,28.79113635517264,-49.80491449911051,-29.842309379359495,-19.962605119751014,3399.342198448463,3245.8722900390626,3092.402381629662,0.09456312183345543,49.544263480457,0.015991400514032604,24.09521203232718,9.049065391189867,33.67252338883171,-80422505.0,2713328.95,3357.7757139896216,3078.8513398189525,4289.871692313383,2914.446359699624
2025-07-18,3113.434923384125,3117.103513998714,3076.749488627971,3079.549072265625,3432645,3234.568359375,3292.7609423828126,3608.4428698730467,3208.8051142402737,27.274233464287562,-54.79291339292149,-34.832430182071896,-19.960483210849596,3401.482823963907,3234.568359375,3067.653894786093,0.10320663905904214,48.8878179011917,0.01587499232971304,26.662327350074722,8.515531636836418,34.099229601439504,-83855150.0,2727072.55,3357.7757139896216,3076.749488627971,4289.871692313383,2914.446359699624
2025-07-21,3079.6460115490218,3086.9831935033963,3042.9605731669335,3048.946044921875,3844346,3223.7595703125,3284.68693359375,3603.7504064941404,3193.580440971855,24.949186584164707,-60.51773620731274,-39.969491387120065,-20.54824482019267,3408.4147751211826,3223.7595703125,3039.104365503817,0.11455891841883419,48.54030378942535,0.015920355124116055,29.36271640512522,7.963889883274482,36.86240335456237,-87699496.0,2781142.4,3357.7757139896216,3042.9605731669335,4289.871692313383,2914.446359699624
2025-07-22,3050.297607421875,3070.0884350644405,3045.470576289542,3050.297607421875,3198036,3213.172314453125,3278.6502685546875,3598.9740869140624,3179.9344568242377,25.2522501371882,-64.20551848403102,-44.81669680650226,-19.38882167752876,3411.600828658618,3213.172314453125,3014.7438002476324,0.12350941361777847,46.83155771695916,0.015353110989239308,31.87022052767211,7.664863930319843,35.47830394424203,-84501460.0,2817188.65,3357.7757139896216,3042.9605731669335,4289.871692313383,2914.446359699624
2025-07-23,3050.297382705153,3071.92238630693,3048.3665703944635,3069.122802734375,1922875,3200.9093017578125,3272.3473388671873,3594.549484863281,3169.3809659585363,29.521235166491408,-64.86139479004714,-48.825636403211234,-16.03575838683591,3403.0817005336876,3200.9093017578125,2998.7369029819374,0.12632185402119955,45.16900473092398,0.014717236042390202,34.11716089522733,7.669359744791942,34.15672702665761,-82578585.0,2806938.05,3357.7757139896216,3042.9605731669335,4289.871692313383,2914.446359699624
2025-07-24,3055.6074181166887,3063.909770455093,3031.3756269481614,3039.098876953125,2934778,3187.289404296875,3264.84884765625,3589.883685302734,3156.973147958021,26.884087332853113,-67.03116780107075,-52.466742682783135,-14.564425118287616,3394.4663214553616,3187.289404296875,2980.1124871383886,0.13000194891570588,44.638874092016096,0.014688194066515265,36.37309744978318,7.2061237419918145,34.81242451264668,-85513363.0,2815196.85,3357.7757139896216,3031.3756269481614,4289.871692313383,2914.446359699624
2025-07-25,3031.375459671135,3047.6907301283586,3017.47370470728,3027.32080078125,2568917,3173.1142578125,3257.4695556640627,3585.0627770996093,3144.6253053697574,25.90640304900556,-68.90680609064202,-55.754755364354914,-13.152050726287108,3383.3150683853446,3173.1142578125,2962.9134472396554,0.1324886490017249,43.608742044092,0.014405061410352693,38.60004330054233,6.849465856287801,35.36648168389346,-88082280.0,2817980.45,3357.7757139896216,3017.47370470728,4289.871692313383,2914.446359699624
2025-07-28,3002.413314143324,3010.1365638260077,2963.700430830921,2972.775390625,3374473,3155.206433105469,3249.8099755859375,3580.0606884765625,3128.2586468226377,21.92906900845962,-73.94226133179518,-59.39225655784297,-14.55000477395221,3369.560046763605,3155.206433105469,2940.852819447333,0.13587295677966874,45.03814403739464,0.015150200778514169,41.09315849106778,6.158360316666342,40.32624381743788,-91456753.0,2857504.65,3357.7757139896216,2963.700430830921,4289.871692313383,2914.446359699624
2025-07-29,2954.1431191329557,2967.658806606113,2935.993434530025,2950.281494140625,4785312,3137.7277709960936,3242.0915087890626,3574.9475305175783,3111.308441805303,20.529318464722067,-78.83915662396703,-63.281636571067786,-15.557520052899243,3358.9509094076925,3137.7277709960936,2916.5046325844946,0.14100849694896897,44.44841632722182,0.01506582216493515,43.58306221686764,5.794348410117858,42.3951291953034,-96242065.0,2952810.75,3357.7757139896216,2935.993434530025,4289.871692313383,2914.446359699624
2025-07-30,2954.14286063789,2962.831516110354,2941.7856146047457,2947.96435546875,2880121,3120.441125488281,3233.8021875,3569.94212890625,3095.7518621542026,20.384969876318564,-81.9621465432374,-67.0177385655017,-14.944407977735693,3344.229191838094,3120.441125488281,2896.6530591384685,0.14343360912780861,42.776808125678016,0.014510625966804188,45.89511567653893,5.590721239107944,40.90526362084723,-99122186.0,3073317.2,3305.243182495177,2935.993434530025,4289.871692313383,2914.446359699624
2025-07-31,2936.47600158721,2953.9499481457733,2910.6997030967705,2931.74560546875,2968371,3103.4259399414063,3226.1192724609373,3565.2208850097654,3080.13221866035,19.358918430261397,-84.76869537977973,-70.56792992835732,-14.200765451422413,3330.2457442535847,3103.4259399414063,2876.606135629228,0.14617381481090588,42.81062504877265,0.014602435139295709,48.2263733924902,5.1872832352469045,43.140070106846984,-102090557.0,3062794.0,3297.257202194738,2910.6997030967705,4289.871692313383,2910.6997030967705
2025-08-01,2925.0840779463133,2931.7455219766357,2896.2185275661836,2899.11474609375,2053847,3083.865185546875,3217.0665771484373,3560.395106201172,3062.8924593682927,17.455290930756377,-88.60456492687354,-74.17525692806056,-14.429307998812973,3310.3132609259533,3083.865185546875,2857.417110167797,0.1468599058352942,42.290371681186485,0.01458733971746661,50.469453781754005,4.8760185054494585,42.997310360378926,-104144404.0,3084619.05,3296.3913481829886,2896.2185275661836,4289.871692313383,2896.2185275661836
2025-08-04,2905.0038424767117,2972.8717086542492,2888.1092342571515,2968.044677734375,2519252,3068.1406005859376,3208.959521484375,3556.0066918945313,3053.8593373079198,32.544948310631,-85.10145318842842,-76.36049618013413,-8.740957008294288,3280.4576043824954,3068.1406005859376,2855.8235967893797,0.1384010913685055,45.324093303751575,0.01527069105251786,50.81836983753676,10.705959846299843,37.2536631663473,-101625152.0,3131845.4,3295.3329266950955,2888.1092342571515,4289.871692313383,2888.1092342571515
2025-08-05,2968.044724074376,2971.0375775693733,2936.7656575031788,2957.907958984375,1927996,3052.1737670898438,3201.38595703125,3551.6696508789064,3044.7211108009155,31.629248255744955,-82.19565998094686,-77.52752894029668,-4.668131040650181,3246.452173343641,3052.1737670898438,2857.8953608360466,0.12730494465853154,44.53465235821179,0.015056131893131378,51.14236331790645,10.117471395404463,35.20589250013104,-103553148.0,3175849.3,3284.749236961352,2888.1092342571515,4289.871692313383,2888.1092342571515
2025-08-06,2957.0390447864347,2960.7076353045086,2921.319017147813,2927.401123046875,1487081,3035.7591918945313,3193.2213330078125,3547.1144506835935,3033.5477786338643,28.985975231380735,-81.41593244325122,-78.3052096408876,-3.1107228023636253,3213.2303255964107,3035.7591918945313,2858.288058192652,0.11692042911422407,44.1670784866749,0.015087470636994655,51.62050306602055,9.472981635223368,35.46133903308737,-105040229.0,3155987.0,3270.3173348795094,2888.1092342571515,4289.871692313383,2888.1092342571515
2025-08-07,2911.665180402855,2946.0337363593026,2906.741514367591,2941.5927734375,2543076,3020.1407836914063,3185.3329052734375,3542.5176025390624,3024.7901590913534,31.83965574592645,-78.74512043875893,-78.39319180046186,-0.35192863829706766,3171.0424971150233,3020.1407836914063,2869.2390702677894,0.09993025109192118,43.81887445132036,0.01489630884567149,52.225555698082374,8.866239674309917,35.56630924678298,-102497153.0,3128594.15,3208.7402687610033,2888.1092342571515,4289.871692313383,2888.1092342571515
2025-08-08,2942.6545713366527,2953.94977611907,2920.353595060068,2931.359130859375,2762140,3009.59111328125,3177.9016552734374,3538.07185546875,3015.8919659264034,30.876124010747816,-76.57158257322362,-78.02886995501422,1.457287381790593,3154.212822152611,3009.59111328125,2864.9694044098887,0.09610721418809959,43.08868206615476,0.014699216350718044,52.440599886609625,9.684704820560244,33.58552366067339,-105259293.0,3103997.35,3148.125494964879,2888.1092342571515,4289.871692313383,2888.1092342571515
2025-08-11,2931.3592490987544,2944.3922326106717,2916.78175710605,2935.607177734375,1884215,3001.336877441406,3170.814765625,3533.9486474609375,3008.2457956224007,31.798766872242524,-73.65718212930597,-77.15453238987257,3.4973502605666056,3143.0329010786368,3001.336877441406,2859.6408538041755,0.09442193890478853,41.98309588318811,0.014301333026304142,52.68671839107095,9.229760992076836,32.615526993907096,-103375078.0,2860326.85,3136.002447241285,2888.1092342571515,4289.871692313383,2888.1092342571515
2025-08-12,2935.8001676667204,2989.2835752923374,2922.187846369997,2930.393798828125,3358232,2991.397998046875,3164.47427734375,3529.561750488281,3000.8313197372313,31.247532929960002,-70.95030394919286,-75.91368670173664,4.9633827525437795,3123.3862155070597,2991.397998046875,2859.40978058669,0.08824517335798297,43.776855385984724,0.01493889845231424,51.086133484048666,15.544018495929194,29.044881960218675,-106733310.0,2758337.15,3132.6464874286985,2888.1092342571515,4289.871692313383,2888.1092342571515
2025-08-13,2931.0698605624675,2939.0825434733065,2923.8293140563796,2931.166259765625,2148166,2981.8935668945314,3158.03955078125,3525.2646337890624,2994.1965521208876,31.437184410071026,-67.95935915837299,-74.32282119306392,6.363462034690926,3101.9459015543307,2981.8935668945314,2861.841232234732,0.08052087169886937,41.73945353105202,0.01423987922622632,49.59987607038512,15.138276172126236,28.286729368969,-104585144.0,2796704.3,3129.8470122556437,2888.1092342571515,4289.871692313383,2888.1092342571515
2025-08-14,2929.0422751905776,2950.1845757137776,2914.6578177545016,2917.7470703125,3342174,2972.8718383789064,3151.52501953125,3520.8552380371093,2986.9156490915175,29.89444394727944,-65.91203736514944,-72.64066442748103,6.728627062331583,3083.3497461342185,2972.8718383789064,2862.3939306235943,0.07432402993568349,41.29568956163945,0.014153279419527117,47.80106123209413,16.128329953655967,26.548506119558187,-107927318.0,2777075.95,3117.103513998714,2888.1092342571515,4289.871692313383,2888.1092342571515
2025-08-18,2941.1101377304376,2943.5236533530624,2899.501034118434,2907.03125,2945609,2964.245947265625,3144.544091796875,3516.23634765625,2979.3076110828015,28.68392490366618,-64.41169926302109,-70.99487139458904,6.583172131567949,3066.709278666037,2964.245947265625,2861.7826158652133,0.06913281368904581,41.49047025256724,0.014272454158367661,46.46573355202151,14.905998787490136,27.1457923076279,-110872927.0,2796802.65,3086.9831935033963,2888.1092342571515,4289.871692313383,2888.1092342571515
2025-08-19,2907.0311232620697,2920.353776057107,2906.9347240582983,2911.858154296875,2650784,2957.391552734375,3136.934248046875,3511.7146350097655,2972.8838532936657,30.057803514169265,-62.1171320395174,-69.21932352357472,7.102191484057315,3054.4733648617885,2957.391552734375,2860.309740606962,0.06565367513655904,39.48536894872735,0.013560196567425813,45.22578642052551,14.544157032377456,26.486830686031634,-108222143.0,2772450.85,3071.92238630693,2888.1092342571515,4289.871692313383,2888.1092342571515
2025-08-20,2906.741403418293,2996.0414760002127,2906.741403418293,2991.40771484375,4952358,2954.447058105469,3130.1264453125,3507.5466577148436,2974.64803058415,47.87871224151331,-53.26567275195566,-66.02859336925091,12.76292061729525,3043.302620164772,2954.447058105469,2865.5914960461655,0.06015038368382998,43.043562065383945,0.014389065673594492,42.3542523085141,24.948858380799795,22.5617773061644,-103269785.0,2712772.75,3071.92238630693,2888.1092342571515,4289.871692313383,2888.1092342571515
2025-08-21,3021.721568272579,3021.721568272579,2976.444109339037,2995.26953125,3230726,2950.75439453125,3123.2226953125,3503.9420556640625,2976.6119830285165,48.56388059657785,-45.415687411606996,-61.90601217772213,16.490324766115137,3025.212150562934,2950.75439453125,2876.296638499566,0.05046692884347092,43.20312612739525,0.014423785798457182,40.285402732665474,27.32697385099545,20.872845381530528,-100039059.0,2800488.85,3063.909770455093,2888.1092342571515,4289.871692313383,2888.1092342571515
2025-08-22,2979.2435848733217,2988.6079780367672,2944.4889610705222,2948.3505859375,1593791,2946.2169799804688,3116.106015625,3500.0291162109374,2973.920421400801,41.43682800907237,-42.490678153794306,-58.02294537293657,15.532267219142263,3008.6814583207592,2946.2169799804688,2883.7525016401783,0.04240317584532052,43.74437213111543,0.014836896378524077,37.50920856908121,25.061083494576042,24.359954911395587,-101632850.0,2865881.4,3047.6907301283586,2888.1092342571515,4289.871692313383,2888.1092342571515
2025-08-25,2980.4988759076773,3042.960615514831,2970.6517789228456,3031.955078125,3448370,2946.448693847656,3110.44013671875,3496.628076171875,2979.4475315650106,54.30533433366762,-33.045475761304715,-53.0274514506102,19.981975689305486,3010.1372692285736,2946.448693847656,2882.7601184667387,0.043230737744663676,47.377633377273675,0.01562610004320137,36.07241976840959,29.68085519260751,20.885295351024237,-98184480.0,2798832.05,3042.960615514831,2888.1092342571515,4289.871692313383,2888.1092342571515
2025-08-26,3020.756060501902,3052.6144657420946,3012.067404527304,3047.98046875,5522097,2950.208947753906,3104.1210693359376,3493.2734509277343,2985.9744779635807,56.288080509576474,-23.990423059083696,-47.22004577230491,23.22962271322121,3027.168663622766,2950.208947753906,2873.2492318850464,0.05217238319845233,46.88973536566774,0.015383870023582394,34.91565689710614,29.31817083502613,19.595282054810813,-92662383.0,2842804.7,3052.6144657420946,2888.1092342571515,4289.871692313383,2888.1092342571515
2025-08-28,3036.2026334864163,3037.6507428505593,2979.7263682848406,2986.67724609375,3116051,2952.0287353515623,3096.2103369140623,3488.8243017578125,2986.041408261692,47.752099299835066,-21.512898982239676,-42.078616414291865,20.56571743205219,3030.6133245734854,2952.0287353515623,2873.444146129639,0.053241073354636126,48.41576144420286,0.016210576990709467,33.00362118703426,26.365936571493187,22.393434111170084,-95778434.0,2950185.9,3052.6144657420946,2888.1092342571515,4289.871692313383,2888.1092342571515
2025-08-29,2986.001444170926,3007.2403810515466,2970.747978726777,2977.988525390625,2271789,2953.5299438476563,3089.355439453125,3484.279035644531,2985.274467035876,46.67178861584542,-20.019774944138135,-37.66684812026112,17.647073176122987,3032.889892552223,2953.5299438476563,2874.1699951430896,0.05373905138146797,47.5640929356719,0.01597188589886621,31.008588935378445,24.921034537128808,22.51454700448737,-98050223.0,2866722.85,3052.6144657420946,2888.1092342571515,4289.871692313383,2888.1092342571515
2025-09-01,2983.105066117822,3022.7833539936464,2983.105066117822,3004.92333984375,1246862,2957.188830566406,3083.5664892578125,3479.8867028808595,2987.145788255674,50.41664322745791,-16.473156667950207,-33.42810982979894,16.954953161848735,3038.906615662367,2957.188830566406,2875.471045470445,0.05526720799923299,47.36628834048258,0.015762894085326495,29.497285929963784,25.581485911865904,20.993671369281167,-96803361.0,2836306.25,3052.6144657420946,2888.1092342571515,4289.871692313383,2888.1092342571515
2025-09-02,3013.1295666219185,3045.856744495596,2995.752253975034,3003.861572265625,2185229,2962.426171875,3077.5311669921875,3475.2469934082033,2988.737767685193,50.2667923565262,-13.59143826214995,-29.460775516269145,15.869337254119195,3041.98260801398,2962.426171875,2882.8697357360197,0.053710324931828944,47.56187421048827,0.0158335772359228,28.573417410097665,27.121722782027863,19.413958888621924,-98988590.0,2750230.8,3052.6144657420946,2888.1092342571515,4289.871692313383,2888.1092342571515
2025-09-03,3021.6250164070084,3033.209891747505,2981.1745876210657,2990.345947265625,1799774,2963.5412353515626,3072.0356494140624,3470.545792236328,2988.890927645234,48.298845128408566,-12.256963006754631,-26.020013014366242,13.76305000761161,3044.0014262217237,2963.5412353515626,2883.0810444814015,0.054300031266894914,47.881404918770485,0.016011995188233416,27.314054883541225,25.01639147172363,20.08161351375914,-100788364.0,2756799.9,3052.6144657420946,2899.501034118434,4289.871692313383,2888.1092342571515
2025-09-04,3008.205703050011,3010.136515439645,2983.877514079595,2988.60791015625,1481391,2965.0762329101562,3066.566953125,3466.0561962890624,2988.8639735986644,48.03839274327465,-11.210400305335043,-23.058090472560004,11.847690167224961,3046.2164715188155,2965.0762329101562,2883.935994301497,0.054730625612969104,46.336947521719004,0.015504525489694105,26.144646823167385,24.003769343697446,19.26874303108033,-102269755.0,2720826.0,3052.6144657420946,2899.501034118434,4285.901701999436,2888.1092342571515
2025-09-05,2989.959524182405,2996.0413944584525,2923.8292019621163,2942.84765625,2802055,2965.8485595703123,3059.1362451171876,3461.3586364746093,2984.4814671845056,41.66746428558428,-13.913080548250491,-21.229088487698103,7.316007939447612,3045.825378155546,2965.8485595703123,2885.8717409850788,0.05393182893790132,48.18517930562024,0.016373657400608175,24.97929970445917,21.43427029638567,26.107527868639853,-105071810.0,2698495.75,3052.6144657420946,2899.501034118434,4255.914177534855,2888.1092342571515
2025-09-08,2944.488624453979,2958.8730811610762,2911.664816837115,2914.56103515625,2626187,2964.49697265625,3051.197529296875,3457.111468505859,2977.82237841991,38.287239044716934,-18.128494038945064,-20.608969597947496,2.480475559002432,3046.94330527445,2964.49697265625,2882.05064003805,0.055622477188314555,48.11539966407318,0.01650862654227919,24.149950291657674,19.93211579638952,26.08369741685122,-107697997.0,2764244.45,3052.6144657420946,2899.501034118434,4249.7960919167,2888.1092342571515
2025-09-09,2927.208085964641,2954.1428233110028,2925.9530108288373,2943.909423828125,2489301,2965.1244873046876,3043.8592431640627,3452.917165527344,2974.5925732206924,43.416190881858476,-18.88339389926614,-20.263854458211224,1.3804605589450851,3046.73924568339,2965.1244873046876,2883.509728925985,0.05504980227854824,47.50585598483601,0.01613699647153599,23.379840122627716,18.745872890762225,24.53134836723987,-105208696.0,2768400.0,3052.6144657420946,2899.501034118434,4249.7960919167,2888.1092342571515
2025-09-10,2950.667462651561,3014.6739418754814,2947.7712440051832,3002.413330078125,2079428,2968.464794921875,3037.2888720703127,3448.859465332031,2977.242169111876,51.98324879316289,-14.592666010351877,-19.129616768639355,4.536950758287478,3050.44147094333,2968.464794921875,2886.4881189004204,0.05523169832547213,49.167188989301756,0.01637588952085501,22.2502798220264,25.612486426445436,22.009415288429263,-103129268.0,2754758.05,3052.6144657420946,2899.501034118434,4249.7960919167,2888.1092342571515
2025-09-11,3030.4101295308183,3030.4101295308183,3002.5099840051885,3016.1220703125,2263446,2972.7512084960936,3031.61421875,3444.0661474609374,2980.9450168452686,53.75028696397484,-9.97111170820017,-17.297915756551518,7.326804048351349,3055.280264452326,2972.7512084960936,2890.2221525398613,0.05552368844077164,47.65501830811544,0.01580009601639827,21.52595622141846,26.89634330025221,21.085823176715667,-100865822.0,2764518.7,3052.6144657420946,2899.501034118434,4249.7960919167,2888.1092342571515
2025-09-12,3035.237062003493,3039.774423958481,3013.0327196287853,3025.003662109375,1447167,2977.443078613281,3026.2403466796877,3438.987144775391,2985.1410782989933,54.90807713693097,-5.52810187846535,-14.943952980934284,9.415851102468935,3060.648803691421,2977.443078613281,2894.237353535141,0.05589072427667857,46.16121016679973,0.015259885713530312,21.045098069062174,27.232394440989175,20.213305123907645,-99418655.0,2709779.4,3052.6144657420946,2899.501034118434,4249.7960919167,2888.1092342571515
2025-09-15,3025.583130595429,3025.583130595429,2988.8976937854013,3004.24755859375,1732539,2981.768103027344,3020.8843115234376,3433.628310546875,2986.96074308897,51.65374176879496,-3.6398705045235147,-12.683136485652131,9.043265981128616,3061.01040668546,2981.768103027344,2902.5257993692276,0.05315121828398578,45.484369212744575,0.015140020363047322,19.95784290018556,25.66351594061928,22.838961688431674,-101151194.0,2674729.45,3052.6144657420946,2899.501034118434,4249.7960919167,2888.1092342571515
2025-09-16,3019.790531578054,3041.0294675418386,3001.5444490507502,3036.878173828125,2573429,2988.26044921875,3015.8152783203127,3428.526976318359,2991.7147841117467,56.06258531694731,0.4840050977968531,-10.049708168962335,10.533713266759188,3063.1005787844847,2988.26044921875,2913.4203196530157,0.05008942884165314,45.0558441611977,0.014836236945390116,19.29203470570962,26.505818742953707,21.40931232555499,-98577765.0,2594247.7,3052.6144657420946,2906.741403418293,4247.600406919028,2888.1092342571515
2025-09-17,3042.9602758247306,3072.308529384687,3033.692282229551,3063.040771484375,2418271,2995.819580078125,3011.4253662109377,3423.9668481445315,2998.507735290092,59.26973575257332,5.796490865950545,-6.880468361979759,12.676959227930304,3068.781490290121,2995.819580078125,2922.857669866129,0.048709148372742275,44.59587294647901,0.014559346830002358,19.313854976000936,29.876327520082686,20.085123013916,-96159494.0,2575638.7,3072.308529384687,2906.741403418293,4247.600406919028,2888.1092342571515
2025-09-18,3074.8188270106057,3092.1961390627853,3052.035145819797,3066.805908203125,2633138,2999.589489746094,3007.216591796875,3419.304041748047,3005.0123231865714,59.725354027918165,10.192990726074186,-3.46577654436897,13.658767270443155,3078.7760436004537,2999.589489746094,2920.402935891734,0.05279826064536763,44.279095824801104,0.014438180031661902,19.703103618808225,31.14893380698595,18.783898725084065,-93526356.0,2564013.05,3092.1961390627853,2911.664816837115,4246.713330569917,2888.1092342571515
2025-09-19,3060.337557621526,3070.474322402291,3035.2369972120114,3059.565185546875,4901694,3002.8042724609377,3003.29404296875,3414.5778759765626,3010.2078338875526,58.37302626892009,12.943774954720539,-0.18386624455106837,13.127641199271608,3086.1400715438685,3002.8042724609377,2919.468473378007,0.05550531537950244,43.63325506519242,0.014261260152688427,19.57248143252843,29.352130775105593,20.450256368289626,-98428050.0,2448052.05,3092.1961390627853,2911.664816837115,4237.138303114714,2888.1092342571515
2025-09-22,2987.93214013821,2999.420379452393,2958.96995461183,2967.465576171875,3634901,3003.7600219726564,2997.5641357421873,3409.269006347656,3006.137142676536,44.55416886697282,7.604462990500451,1.3737996024592356,6.230663388041216,3084.9876372039157,3003.7600219726564,2922.532406741397,0.054083957864193656,47.70196762732475,0.01607498601175411,18.687575015171486,24.930803161438256,28.78999321323094,-102062951.0,2531600.45,3092.1961390627853,2911.664816837115,4209.175359798749,2888.1092342571515
2025-09-23,2963.79714260431,2974.126942183857,2946.419830367542,2956.4599609375,3177741,2999.9852661132813,2993.8462841796877,3403.6632751464845,3001.4059825109134,43.23695513737764,2.456640002793847,1.590367682526158,0.8662723202676892,3082.62543349855,2999.9852661132813,2917.3450987280125,0.055093715505033586,46.27376364082404,0.01565174710708767,18.106568037083246,23.864539355225272,29.495923725309627,-105240692.0,2633655.95,3092.1961390627853,2911.664816837115,4209.175359798749,2888.1092342571515
2025-09-24,2944.4888232106205,2951.2466664114318,2928.0769182943645,2930.393798828125,1625714,2994.1059326171876,2990.440322265625,3397.4138134765626,2994.642917398267,40.20517756094136,-3.6839025063022746,0.5355136447604716,-4.219416151062746,3078.952957223738,2994.1059326171876,2909.2589080106372,0.05667603385855118,44.995854998132,0.015354883366230847,17.91242137105176,22.789284378633912,31.078779280187195,-106866406.0,2620124.5,3092.1961390627853,2911.664816837115,4209.175359798749,2888.1092342571515
2025-09-25,2917.4573723057974,2924.794553291062,2848.913535961088,2855.092041015625,4974361,2987.5266723632812,2984.9587353515626,3390.874696044922,2981.3523577427773,33.00511608273747,-14.459864895836745,-2.463562063358972,-11.996302832477774,3091.832982132057,2987.5266723632812,2883.2203625945053,0.06982786847306335,47.601884131625205,0.01667262681825559,18.94564327929378,20.002964773858473,39.1577378973711,-111840767.0,2425305.35,3092.1961390627853,2848.913535961088,4209.175359798749,2848.913535961088
2025-09-26,2839.2597533717444,2852.5824066299083,2791.279110356836,2798.809326171875,3934636,2978.5677124023437,2978.50982421875,3384.0230322265625,2963.967307116977,28.846892281423692,-27.22757490484946,-7.41636463165707,-19.81121027319239,3111.471461425554,2978.5677124023437,2845.6639633791333,0.08924003874064541,48.75981602642261,0.017421628394069553,20.562040803333673,18.133088088936596,43.94017793168152,-115775403.0,2518220.85,3092.1961390627853,2791.279110356836,4209.175359798749,2791.279110356836
2025-09-29,2815.124329879908,2827.964278797825,2793.885394606466,2795.912841796875,3110035,2968.1171875,2972.4644482421877,3377.248653564453,2947.9621199436338,28.64686714973071,-37.15153933607235,-13.363399572540127,-23.78813976353222,3122.2605920072992,2968.1171875,2813.9737829927008,0.10386611765631254,47.71117803820379,0.017064615650729944,22.062981361370714,17.207944885867366,41.69836689785381,-118885438.0,2601363.2,3092.1961390627853,2791.279110356836,4209.175359798749,2791.279110356836
2025-09-30,2810.297523025748,2814.448816935253,2785.2935960579534,2788.479248046875,2253458,2957.3480712890623,2966.6430517578124,3370.4609838867186,2932.773275001085,28.108187352333076,-45.09633901197503,-19.709987460427108,-25.386351551547925,3129.088338398966,2957.3480712890623,2785.607804179159,0.11614477766564998,46.38575252671063,0.01663478491338978,23.55259305905728,16.435384029102806,41.14932940426283,-121138896.0,2694521.85,3092.1961390627853,2785.2935960579534,4209.175359798749,2785.2935960579534
2025-10-01,2790.989341906879,2823.620118812873,2767.433524755383,2813.38671875,1952902,2948.500109863281,2961.931865234375,3363.669094238281,2921.403126786696,32.67630210630003,-48.820058029462416,-25.532001574234172,-23.288056455228244,3130.458280613031,2948.500109863281,2766.541939113531,0.12342422517880608,47.085812636052005,0.016736345672724452,25.135256989073284,15.034524924472002,40.35134330297736,-119185994.0,2697933.3,3092.1961390627853,2767.433524755383,4209.175359798749,2767.433524755383
2025-10-03,2822.8477787064007,2822.8477787064007,2791.086008442819,2801.51220703125,2899519,2939.1453247070312,2956.9561572265625,3356.7291040039063,2909.984943952844,31.643970192007913,-52.12840226255639,-30.85128171189862,-21.277120550657774,3130.869317645424,2939.1453247070312,2747.4213317686385,0.1304624111824096,45.99123818087555,0.016416576042555336,26.604873495516717,14.29288812338773,38.360855321680255,-122085513.0,2705589.7,3092.1961390627853,2767.433524755383,4209.175359798749,2767.433524755383
2025-10-06,2801.608774520881,2890.040076154485,2795.4302691582598,2885.019775390625,2112774,2936.2539306640624,2953.2740966796873,3350.481495361328,2907.60730885168,44.84152470336011,-47.46478158161108,-34.17398168584111,-13.290799895769965,3129.4062601767655,2936.2539306640624,2743.1016011513593,0.13156377757084506,49.46399309625768,0.017145114053701893,26.138825855999297,22.04308900124341,33.1199389485295,-119972739.0,2776496.1,3092.1961390627853,2767.433524755383,4209.175359798749,2767.433524755383
2025-10-07,2891.3913224455114,2900.562680563452,2853.2577807972316,2870.828125,3062943,2934.06728515625,2949.908681640625,3344.568875732422,2904.1045294372343,43.311114873386856,-44.402135990018905,-36.21961254667667,-8.182523443342234,3129.13313964681,2934.06728515625,2739.00143066569,0.13296617666364938,49.30977214411216,0.01717614917964208,25.45895745272806,22.05687115079262,30.85041576870131,-123035682.0,2742032.05,3092.1961390627853,2767.433524755383,4209.175359798749,2767.433524755383
2025-10-08,2872.083623568894,2937.7312492504684,2865.3257797487317,2922.477783203125,4121889,2932.995703125,2947.8118212890627,3338.8239013671873,2905.8543631292237,49.99949567646445,-37.37641943350718,-36.45097392404277,-0.9254455094644101,3128.0689821980463,2932.995703125,2737.922424051954,0.13301981920069147,50.95946481251391,0.017437075178262186,24.004901510991388,25.02816659272344,27.719441478961144,-118913793.0,2763869.85,3092.1961390627853,2767.433524755383,4209.175359798749,2767.433524755383
2025-10-09,2929.042474504859,2959.9354735767624,2915.5267874109013,2955.7841796875,3211304,2930.6642456054688,2947.4719970703127,3333.6010705566405,2910.6095837538214,53.786024641247884,-28.789078030837118,-34.91859474540164,6.129516714564524,3123.4645126646624,2930.6642456054688,2737.863978546275,0.13157444927258224,50.491552052038706,0.017082286453463907,22.374356657455376,26.59696430249155,25.978012994812474,-115702489.0,2845499.25,3092.1961390627853,2767.433524755383,4209.175359798749,2767.433524755383
2025-10-10,2944.4888175243354,2963.7969409179377,2902.8797173331764,2923.53955078125,8817365,2926.035119628906,2946.937158203125,3328.692724609375,2911.841009185005,49.850095157595,-24.305244445416974,-32.795924685404714,8.49068023998774,3114.8095141939666,2926.035119628906,2737.2607250638457,0.12903084675825882,51.23624287580461,0.017525414650919592,20.947586490212295,24.338221090723955,25.534965261017202,-124519854.0,2902093.05,3092.1961390627853,2767.433524755383,4209.175359798749,2767.433524755383
2025-10-13,2922.2845232036298,2930.4904757795234,2894.4807779251564,2903.16943359375,2866865,2919.943408203125,2946.041259765625,3323.7387145996095,2911.0151448429806,47.48600350042005,-22.1402531846702,-30.66479038525781,8.52453720058761,3103.3362916268156,2919.943408203125,2736.550524779434,0.1256139984826262,50.148632517130494,0.017273753276967008,19.794644527867845,23.08991474360048,25.421570283252425,-127386719.0,3229789.0,3092.1961390627853,2767.433524755383,4209.175359798749,2767.433524755383
2025-10-14,2916.492200456414,2922.477671901626,2853.2580928331454,2857.89208984375,3611416,2912.625634765625,2944.564189453125,3318.459053955078,2905.955806271625,42.64496859495561,-23.803592260327605,-29.29255076027177,5.4889584999441645,3093.6432740319015,2912.625634765625,2731.6079954993484,0.12429859650043408,51.51084298508406,0.018024068567228626,19.508132270184863,20.873634932180224,28.697715623340912,-130998135.0,3300773.9,3092.1961390627853,2767.433524755383,4209.175359798749,2767.433524755383
2025-10-15,2878.9193527026337,2887.349664986807,2859.539215693528,2877.756591796875,4282226,2904.6695556640625,2944.1370263671874,3313.3274108886717,2903.270166797839,45.2806617813784,-23.25087950271245,-28.084216508759905,4.833337006047454,3076.918272018265,2904.6695556640625,2732.42083930986,0.11860124744194732,49.93560956779642,0.01735227006694703,19.242085173764952,19.994092722228793,27.488493928033886,-126715909.0,3394717.75,3092.1961390627853,2767.433524755383,4209.175359798749,2767.433524755383
2025-10-16,2877.8534092983937,2882.7954389661986,2851.8842144350965,2878.628662109375,3251495,2895.4489501953126,2942.3487060546877,3308.220026855469,2900.9233568275095,45.399287851705964,-22.483308291587036,-26.96403486532533,4.480726573738295,3051.810324108994,2895.4489501953126,2739.0875762816313,0.10800492538687925,48.576724922318256,0.01687495353663388,19.14081296777863,19.085306687028318,27.364679661423718,-123464414.0,3480157.6,3092.1961390627853,2767.433524755383,4209.175359798749,2767.433524755383
2025-10-17,2877.950145926403,2896.1675207642234,2863.8025522629873,2870.391845703125,4374683,2885.6282470703127,2940.5983837890626,3303.0997888183592,2898.0155938632824,44.41977921374056,-22.28278277349318,-26.027784446958904,3.7450016734657225,3020.9649556835534,2885.6282470703127,2750.291538457072,0.09380051553809386,47.418742320812385,0.016519954372012504,18.679840134507153,20.16913495954147,26.03058240677331,-127839097.0,3521818.8,3070.474322402291,2767.433524755383,4209.175359798749,2767.433524755383
2025-10-20,2892.9698128193104,2929.307567962745,2886.186765192536,2921.749267578125,3133039,2878.737451171875,2940.4853466796876,3298.5359936523437,2900.2759437408863,51.4529418345623,-17.774852684975485,-24.37719809456222,6.602345409586736,2989.806017098491,2878.737451171875,2767.668885245259,0.07716477644142382,48.239955173584356,0.01651064165871121,17.41279590742674,23.316682255301828,23.759775743033476,-124706058.0,3608896.05,2999.420379452393,2767.433524755383,4209.175359798749,2767.433524755383
2025-10-21,2937.1568492749448,2937.8351067763124,2903.1446131495227,2913.512939453125,310644,2876.0398193359374,2939.92375,3293.8483764648436,2901.5366099991948,50.352501371775986,-14.697465227476187,-22.441251521145016,7.74378629366883,2980.798820623382,2876.0398193359374,2771.2808180484926,0.07284947905320246,47.27213649167045,0.016225133532629367,16.30421004899174,23.382995351342846,22.51434509076739,-125016702.0,3520463.3,2974.126942183857,2767.433524755383,4209.175359798749,2767.433524755383
2025-10-23,2960.3160263483123,3001.9833223001874,2942.001890896718,2977.951904296875,5564758,2877.1144165039063,2940.85560546875,3289.186573486328,2908.8142570751643,57.93299566264467,-6.978483952982515,-19.348698007512517,12.370214054530003,2985.5282721295744,2877.1144165039063,2768.7005608782383,0.07536290875592352,50.214868374198446,0.016862216042422853,16.573259297509058,29.565169707062243,19.681017042975576,-119451944.0,3354250.45,3001.9833223001874,2767.433524755383,4209.175359798749,2767.433524755383
2025-10-24,2984.541081052346,2994.231149497321,2963.513679841537,2968.26171875,2684318,2879.0078125,2941.5086962890623,3284.8314624023437,2914.475920091815,56.53506299434651,-1.6243284231104553,-15.803824090632107,14.179495667521651,2992.290873560377,2879.0078125,2765.724751439623,0.07869590389336736,48.82219703716885,0.01644807690938013,16.82309074256085,28.236489518749252,18.79653785040035,-122136262.0,3473601.3,3001.9833223001874,2767.433524755383,4209.175359798749,2767.433524755383
2025-10-27,2971.4594315335457,2998.300873295387,2965.3546412157716,2989.2890625,1946312,2885.717663574219,2942.6866015625,3280.6044299316404,2921.6009812735474,58.85519290722696,4.266428583748166,-11.789773555756053,16.05620213950422,3008.0735441547204,2885.717663574219,2763.3617829937175,0.08480100608938489,47.688199540200756,0.015953023793663566,17.131865789848504,27.452657456613785,17.868972204805655,-120189950.0,3526531.5,3001.9833223001874,2767.433524755383,4209.175359798749,2767.433524755383
2025-10-28,2980.6650953225503,2994.424945391891,2945.974602490029,2963.1259765625,3470737,2893.93349609375,2943.3257958984377,3276.5588830566408,2925.5557427296385,54.92653099459798,6.745989997711149,-8.082620845062612,14.828610842773761,3013.886651361146,2893.93349609375,2773.9803408263538,0.08289973175217032,47.74263835174798,0.01611225399438935,16.860233668194624,25.462686237624503,19.473177704132674,-123660687.0,3375129.05,3001.9833223001874,2767.433524755383,4209.175359798749,2767.433524755383
2025-10-29,2963.125962015583,2980.665080689528,2951.691870406029,2962.83544921875,2895420,2902.2796264648437,2944.2275634765624,3272.1368432617187,2929.106190966697,54.882720492660866,8.588612969859241,-4.748374082078241,13.336987051937482,3016.9008024536156,2902.2796264648437,2787.6584504760717,0.07898699694101331,46.40196491830163,0.01566133715948925,16.608003840944594,24.327057353859466,18.604679272618974,-126556107.0,3351934.1,3001.9833223001874,2767.433524755383,4209.175359798749,2767.433524755383
2025-10-30,2954.598659200471,2968.8430115115416,2938.8038014162025,2941.226318359375,2241536,2909.9169799804686,2944.91146484375,3267.93240234375,2930.2604888136184,51.58685072210189,8.210582204613274,-2.1565828247399383,10.367165029353213,3012.960471024052,2909.9169799804686,2806.873488936885,0.07082228926288817,45.233196716661446,0.015379026236203632,15.99003865497313,23.173091998611593,19.757336237825204,-128797643.0,3341203.35,3001.9833223001874,2767.433524755383,4209.175359798749,2767.433524755383
2025-10-31,2940.9357431934422,2972.3314700068563,2931.342670159881,2963.222900390625,1868085,2917.4087890625,2945.938759765625,3262.776027832031,2933.399766106667,54.5771288290368,9.57554946277287,0.18984363276262317,9.385705830010247,3012.792950204026,2917.4087890625,2822.024627920974,0.06538964405614021,44.930025511683866,0.015162553416336311,15.194848422671354,21.663065782528992,19.65604162278799,-126929558.0,3340607.25,3001.9833223001874,2791.086008442819,4209.175359798749,2767.433524755383
2025-11-03,2952.4667678534975,2963.2228381217715,2916.710511035491,2923.2998046875,2194877,2923.4981689453125,2944.5766015625,3257.3008752441406,2932.4378650191275,48.69799896459034,7.3510968087994115,1.622094267969981,5.7290025408294305,3002.683731233883,2923.4981689453125,2844.312606656742,0.05417178853040819,45.04305150050173,0.01540829012073116,14.19068601095485,20.06522784631805,20.526584094318252,-129124435.0,3336366.4,3001.9833223001874,2795.4302691582598,4209.175359798749,2767.433524755383
2025-11-04,2926.0133591519766,2935.412678861251,2883.764563259587,2897.5244140625,2670720,2924.123400878906,2942.62169921875,3251.968646240234,2929.1127744518294,45.30477826876569,3.468362322822486,1.9913478789404824,1.4770144438820036,3002.274532985271,2924.123400878906,2845.972268772541,0.05345269086993727,45.51484179344192,0.01570818232714299,14.117906670021469,18.438864779827238,24.033188127726945,-131795155.0,3301134.3,3001.9833223001874,2851.8842144350965,4209.175359798749,2767.433524755383
2025-11-06,2897.4276095278424,2930.276848617888,2897.330614208824,2917.582763671875,2542721,2926.4611328125,2942.0063427734376,3246.65921875,2928.0146781870717,48.322486348834495,1.9869046479725512,1.9904592327468964,-0.0035545847743452264,3000.799670516346,2926.4611328125,2852.1225951086544,0.050804390921400745,44.6170841231292,0.015292482763017532,14.050325853440473,17.466317455006973,22.765571433336174,-129252434.0,3329031.6,3001.9833223001874,2851.8842144350965,4209.175359798749,2767.433524755383
2025-11-07,2907.989767522932,2910.896788283535,2868.7449872547954,2899.074951171875,1830520,2925.2909912109376,2939.348740234375,3241.459991455078,2925.2585137094343,45.81093768479627,-0.672831047685122,1.4578011766604928,-2.130632224345615,3000.574245900303,2925.2909912109376,2850.007736521572,0.051470609191054666,44.91856214412566,0.015494101705086482,14.664402333549631,16.109868828903235,25.54320583332612,-131082954.0,3303020.5,3001.9833223001874,2851.8842144350965,4209.175359798749,2767.433524755383
2025-11-10,2900.237480105872,2953.4358611387806,2899.2684732632038,2931.439453125,1556656,2924.0737548828124,2937.017919921875,3236.4511987304686,2925.8471746061546,50.642058363572,-0.16721833380324824,1.1327972745677446,-1.3000156083709928,2998.1226278492404,2924.0737548828124,2850.0248819163844,0.05064774637970488,45.593015560038516,0.015553115214927953,13.930537395680895,21.402283710315768,23.367822646864326,-129526298.0,3188452.05,3001.9833223001874,2851.8842144350965,4209.175359798749,2767.433524755383
2025-11-11,2950.6259510827763,2960.9942773891976,2924.462765309628,2952.56396484375,2806868,2925.5249755859377,2936.335654296875,3231.769753417969,2928.3916308192593,53.55276571865482,1.9159688393524448,1.2894315875246847,0.6265372518277601,3000.605550699616,2925.5249755859377,2850.4444004722595,0.05132793309935128,44.94576531143358,0.015222622048702039,13.04258401458199,21.360938386883326,22.011168705351146,-126719430.0,3105719.65,3001.9833223001874,2851.8842144350965,4209.175359798749,2767.433524755383
2025-11-12,2965.1608589527805,3039.192885115363,2962.3508338140637,3034.735595703125,4460315,2932.1032836914064,2937.470595703125,3227.699196777344,2938.5196274748655,62.75391443934317,10.081263031155686,3.0477978762508853,7.033465154904801,3020.1341536575824,2932.1032836914064,2844.0724137252305,0.06004622719520877,47.92313352287497,0.015791535048631327,13.713481185036825,30.258200829223178,19.169111855007188,-122259115.0,2805194.8,3039.192885115363,2851.8842144350965,4209.175359798749,2767.433524755383
2025-11-13,3034.7357539410323,3034.8325126833847,3005.859301984357,3009.444580078125,1740435,2939.680908203125,2937.5610205078124,3222.9264111328125,2945.2743848656523,58.887283189563156,14.346170191045076,5.307472339209724,9.038697851835352,3026.9427409877726,2939.680908203125,2852.4190754184774,0.059368234519022164,46.56956760688588,0.015474472570508987,14.336457129030597,28.913550122381753,18.317251562624453,-123999550.0,2884867.3,3039.192885115363,2851.8842144350965,4209.175359798749,2767.433524755383
2025-11-14,2994.2312415737683,3016.6153949995773,2981.924901585002,3009.7353515625,2210794,2946.2798461914062,2937.67849609375,3218.208243408203,2951.4135245510665,58.9186237779969,17.547327996651802,7.75544347069814,9.791884525953662,3033.7729564632727,2946.2798461914062,2858.7867359195398,0.05939226064012011,45.72106230743514,0.01519105734120414,14.239445232244833,27.34655534783844,21.063728094925096,-121788756.0,2791318.25,3039.192885115363,2851.8842144350965,4209.175359798749,2767.433524755383
2025-11-17,3009.7352518307202,3026.6928715689805,2990.93661372188,3006.052978515625,2232853,2952.6510620117188,2937.99263671875,3213.4387634277346,2956.617282071501,58.31237296029535,19.56163751016402,10.116682278591316,9.444955231572703,3038.0437063609734,2952.6510620117188,2867.258417662464,0.05784133821154903,45.00929056026839,0.014972886666320089,14.359694122153808,27.394064860906813,19.868482650503438,-124021609.0,2687746.65,3039.192885115363,2863.8025522629873,4209.175359798749,2767.433524755383
2025-11-18,3005.8592500198897,3008.7662705711664,2982.6030856096777,2991.421142578125,2548350,2958.702526855469,2938.0489013671877,3209.011923828125,2959.9319354530844,55.853121617131265,19.74966360681674,12.0432785442364,7.706385062580338,3036.758474084503,2958.702526855469,2880.6465796264347,0.052763633059111685,43.66314016035555,0.014596119395855086,14.229131813270197,26.221588515918572,20.38138670834836,-126569959.0,2636814.55,3039.192885115363,2868.7449872547954,4209.175359798749,2767.433524755383
2025-11-19,3001.0142221592077,3057.216619603584,2987.932629650603,3050.142822265625,3151053,2965.122204589844,2940.1948046875,3204.9971838378906,2968.52344848285,62.65937503193807,24.356260625057075,14.505874960400536,9.850385664656539,3050.7203278149723,2965.122204589844,2879.5240813647156,0.057736657931081035,45.49320085982882,0.014915105131384235,15.075068897778555,30.976300006110403,18.164251957220646,-123418906.0,2545497.9,3057.216619603584,2868.7449872547954,4209.175359798749,2767.433524755383
2025-11-20,3050.433782640164,3066.422396812198,3040.8407087665255,3047.3330078125,2700767,2971.8132080078126,2942.850244140625,3200.6846813964844,2976.02912079996,62.16549511376949,27.46370886673367,17.097441741667165,10.366267125066503,3061.0711520599775,2971.8132080078126,2882.5552639556477,0.06006968662206059,44.070949944531925,0.0144621378206932,16.022713141342386,31.184003521622135,17.41112833701691,-126119673.0,2546398.6,3066.422396812198,2868.7449872547954,4209.175359798749,2767.433524755383
2025-11-21,3047.3325941742696,3071.7515179167412,3038.0300343800313,3052.952880859375,4177037,2975.5632568359374,2945.03111328125,3196.399085693359,2983.355193186571,62.79710024104965,30.033651534273304,19.684683700188394,10.34896783408491,3071.5836801594774,2975.5632568359374,2879.5428335123975,0.06453932585902622,43.33170234397321,0.014193374098776062,16.99880070413737,30.329039335302987,16.44329672675029,-121942636.0,2665904.75,3071.7515179167412,2868.7449872547954,4209.175359798749,2767.433524755383
2025-11-24,3060.1236005069036,3080.375748831919,3033.960415828725,3043.84423828125,6703764,2979.3423828125,2945.8597314453127,3192.0090576171874,2989.116054624159,61.0190864217425,30.97826018170599,21.943398996491915,9.034861185214076,3079.7644447131984,2979.3423828125,2878.920320911802,0.06741223330357878,43.55196167677467,0.014308209707000941,18.06435049870549,29.434689971753635,15.191555352181348,-128646400.0,2596518.7,3080.375748831919,2868.7449872547954,4209.175359798749,2767.433524755383
2025-11-25,3047.817296493595,3052.1778273241375,3018.4563415864895,3022.526123046875,2737920,2981.0042358398437,2945.9878125,3187.6995959472656,2992.297965902513,56.95461310922867,29.664719186705042,23.487663034534542,6.1770561521705005,3083.115563767819,2981.0042358398437,2878.8929079118684,0.06850800592653787,42.8497848239799,0.014176812070290704,18.509021484454806,27.780103436568744,16.922061803541855,-131384320.0,2797491.0,3080.375748831919,2868.7449872547954,4209.175359798749,2767.433524755383
2025-11-26,3022.1385231343734,3079.503679669953,3020.394263540353,3064.87158203125,2508527,2986.091516113281,2946.7851708984376,3183.623319091797,2999.209738867155,62.32314937310123,31.675517480694907,25.125233923766615,6.550283556928292,3094.100874640089,2986.091516113281,2878.0821575864734,0.07234162646655488,44.011187060095594,0.014359879649811327,19.456691302226282,29.549977372966197,15.298686897990569,-128875793.0,2837071.4,3080.375748831919,2868.7449872547954,4209.175359798749,2767.433524755383
2025-11-27,3081.4417653096157,3081.4417653096157,3028.1463888655812,3039.386962890625,2836233,2989.919091796875,2947.487958984375,3179.236516113281,3003.0361411551044,57.66217930382352,30.856993620258436,26.27158586306498,4.585407757193455,3099.77050137762,2989.919091796875,2880.06768221613,0.07348119210458416,44.674343444662654,0.014698471760955007,20.37320092890206,27.341825001269342,13.995047502215572,-131712026.0,2788960.9,3081.4417653096157,2868.7449872547954,4209.175359798749,2767.433524755383
2025-11-28,3042.6813060258964,3049.7551028737985,3028.146204245518,3040.2587890625,1616690,2994.870715332031,2947.5555712890623,3174.930125732422,3006.581155241523,57.77851069161975,29.933600733396815,27.00398883713135,2.9296118962654667,3104.4237968564344,2994.870715332031,2885.3176338076278,0.0731604746499099,43.026811672063914,0.014152351709944977,21.224238315643788,26.36099683223356,13.493036432148333,-130095336.0,2786001.55,3081.4417653096157,2868.7449872547954,4209.175359798749,2767.433524755383
2025-12-01,3040.646419381282,3056.2475238822894,3025.433059554359,3036.285888671875,1747647,2998.5238647460938,2947.0204736328124,3170.6436865234373,3009.4101774729847,57.0097695001401,28.552094585937994,27.31360998689268,1.2384845990453144,3108.483958177153,2998.5238647460938,2888.5637713150345,0.07334281692660155,42.15450114748297,0.013883574437031056,22.151362124962294,26.08470385682189,12.788518055876041,-131842983.0,2754759.25,3081.4417653096157,2868.7449872547954,4209.175359798749,2767.433524755383
2025-12-02,3033.96036368288,3046.557452385492,3023.688796726563,3038.5146484375,2512003,3004.2846069335938,2946.4546484375,3166.6227819824217,3012.1820318505575,57.35257430187068,27.322130781215492,27.315314145757245,0.006816635458246623,3109.862058403472,3004.2846069335938,2898.7071554637155,0.07028458703693777,40.776940755443405,0.013420024411076047,22.934410778706102,25.039781864469823,12.581766167533566,-129330980.0,2748737.35,3081.4417653096157,2868.7449872547954,4209.175359798749,2767.433524755383
2025-12-03,3042.6813780586676,3112.3528729457903,3041.7123712503685,3081.441650390625,3952112,3013.48046875,2946.892177734375,3162.7805126953126,3018.7781859972306,63.40525579763864,29.47149683609905,27.74655068382561,1.7249461522734393,3112.0676731698422,3013.48046875,2914.8932643301578,0.06543079037159745,43.1384610235039,0.013999441144061698,24.846707337943077,32.87278038803296,11.043504663683402,-125378868.0,2764593.65,3112.3528729457903,2868.7449872547954,4209.175359798749,2767.433524755383
2025-12-04,3095.00770730463,3149.27208789607,3088.6121678196405,3129.11669921875,5025905,3024.057165527344,2950.1252001953126,3159.5266125488283,3029.2866158278516,68.71565675956045,34.62275337437859,29.121791221936206,5.5009621524423835,3124.5909628693025,3024.057165527344,2923.523368185385,0.06648934979668436,44.90217362935683,0.01434979195265156,27.090728181178022,35.198704090773475,9.851889183082706,-120352963.0,2828663.25,3149.27208789607,2868.7449872547954,4209.175359798749,2767.433524755383
2025-12-05,3129.892081880524,3170.2028609083113,3122.527535293584,3137.837890625,5244013,3035.9953125,2953.7527587890627,3156.38021484375,3039.624832475199,69.58514498177993,38.95978441114312,31.08938985977759,7.8703945513655285,3130.874535173571,3035.9953125,2941.1160898264293,0.06250287823760986,45.10025591402614,0.014373035665345667,29.40478359773598,35.85591864226885,9.108003596239024,-115108950.0,2952822.45,3170.2028609083113,2899.2684732632038,4209.175359798749,2767.433524755383
2025-12-08,3142.489218360763,3158.8653395160463,3109.1554773099156,3136.190673828125,2544725,3046.232873535156,2957.8686962890624,3153.4163134765627,3048.821579270716,69.19397585147462,41.7823551437732,33.227982916576714,8.554372227196488,3137.9076945698994,3046.232873535156,2954.558052500413,0.06018897756057271,45.42951350631933,0.014485571264985222,31.00360116776617,33.05347239498908,10.498616573766201,-117653675.0,3123497.1,3170.2028609083113,2924.462765309628,4209.175359798749,2767.433524755383
2025-12-09,3129.8921475722495,3133.4774256277456,3082.604565643986,3108.86474609375,2734893,3054.0479125976562,2962.944150390625,3150.1980029296874,3054.539976111005,62.87912147516812,41.33777267749292,34.84994086875996,6.487831808732963,3138.8403112576166,3054.0479125976562,2969.255513937696,0.05552787715621603,46.01212741187788,0.014800298877489458,31.47375827461819,30.303875949679963,13.747001108124467,-120388568.0,3172900.55,3170.2028609083113,2962.3508338140637,4209.175359798749,2767.433524755383
2025-12-10,3125.0471830165943,3125.0471830165943,3079.6008550466445,3090.356689453125,1386849,3056.828967285156,2968.77509765625,3147.0318701171873,3057.9510916673976,58.95462855852398,39.04194118212445,35.68834093143286,3.353600250691585,3142.5487791631062,3056.828967285156,2971.109155407206,0.05608413999954994,45.97171316602587,0.014875859904107414,31.799565657118496,28.16405096612959,13.242996053573009,-121775417.0,3169301.8,3170.2028609083113,2981.924901585002,4209.175359798749,2767.433524755383
2025-12-11,3105.6669848803986,3108.9615135733166,3055.3756234989633,3092.972900390625,1914362,3061.0053833007814,2974.716298828125,3144.028067626953,3061.2865020219906,59.34093424416518,37.00699098353516,35.95207094185332,1.0549200416818394,3145.209522719922,3061.0053833007814,2976.801243881641,0.05501730893941815,46.515582945192115,0.015039117523246796,31.235694528745668,25.846554574040727,15.873275007624212,-119861055.0,3015628.5,3170.2028609083113,2981.924901585002,4209.175359798749,2767.433524755383
2025-12-12,3098.5931202045713,3123.1090405337873,3086.9650381423917,3120.6865234375,1146554,3066.552941894531,2981.3604443359377,3141.5876916503908,3066.943646918706,63.28312678397673,37.20169803984936,36.20199636145253,0.999701678396832,3151.13355395562,3066.552941894531,2981.9723298334425,0.055163314420937,45.77475576277808,0.014668168500422223,31.000719608002786,26.596429474214997,14.978015975069082,-118714501.0,3024324.85,3170.2028609083113,2982.6030856096777,4209.175359798749,2767.433524755383
2025-12-15,3111.578048266741,3137.8379924435076,3098.2057061744017,3130.0859375,1562190,3072.75458984375,2987.6944287109377,3139.2167236328123,3072.957198402639,64.53893793309072,37.68010613693423,36.49761831654887,1.1824878203853544,3156.869257885864,3072.75458984375,2988.6399218016363,0.05474870549059442,45.33600794180149,0.014483949912893243,31.071723266540264,27.25629267177925,14.04275652675908,-117152311.0,2971112.85,3170.2028609083113,2982.6030856096777,4209.175359798749,2767.433524755383
2025-12-16,3120.202023295087,3120.202023295087,3092.197820262168,3105.763916015625,1734623,3078.471728515625,2993.779462890625,3136.692674560547,3076.081647699114,58.92294374284878,35.68530613861003,36.3351558809611,-0.6498497423510727,3154.887903998982,3078.471728515625,3002.0555530322677,0.049645526886292674,44.80401574866081,0.014426085484997115,30.910546297322735,25.60993257442586,14.152336923654069,-118886934.0,2937579.7,3170.2028609083113,2987.932629650603,4209.175359798749,2767.433524755383
2025-12-17,3101.306446555184,3136.5782015286727,3101.306446555184,3118.0703125,1376350,3081.8681030273438,2998.4404736328124,3134.7565795898436,3080.080568156341,60.78246458948951,34.69746533367834,36.007617771504556,-1.3101524378262184,3158.980972388151,3081.8681030273438,3004.7552336665367,0.05004293940098115,44.12313997900567,0.014150784157150296,31.096672292366257,26.798668327941435,13.344244971852651,-117510584.0,2896893.35,3170.2028609083113,3018.4563415864895,4209.175359798749,2767.433524755383
2025-12-18,3127.9543077224057,3185.9009682967376,3121.171259347543,3179.117919921875,2307422,3088.4573486328127,3004.60626953125,3133.345303955078,3089.5126968959157,68.4197600509598,38.397997883882,36.48569379398005,1.9123040899019514,3174.6298083131783,3088.4573486328127,3002.284888952447,0.05580291385180508,45.81653396598652,0.014411712657425566,32.107271996108835,31.654222737864277,11.933106101852683,-115203162.0,2808158.2,3185.9009682967376,3018.4563415864895,4190.540046094315,2767.433524755383
2025-12-19,3196.753634213965,3215.067769256,3177.179742937931,3180.280517578125,3902511,3094.82373046875,3009.76232421875,3132.0209045410156,3098.1572512466023,68.54538881723559,40.95243433443875,37.37904190207179,3.5733924323669584,3188.0854855524767,3094.82373046875,3001.5619753850233,0.060269510127868284,45.25021199113524,0.01422837128392516,33.44070477359124,34.36512412087478,11.21942067183924,-111300651.0,2788490.95,3215.067769256,3018.4563415864895,4151.162704211867,2767.433524755383
2025-12-22,3207.4127224224762,3225.436344736965,3189.0015919916527,3221.850830078125,2632816,3103.7240600585938,3015.0836572265625,3131.5208996582032,3109.9375920876996,72.72367393745577,45.803229310408824,39.0638793837392,6.739349926669625,3209.024993465474,3103.7240600585938,2998.4231266517136,0.06785457171401522,45.243470217399874,0.014042695519923494,34.80978524004442,33.55217641100401,10.419585882349152,-108667835.0,2774764.65,3225.436344736965,3018.4563415864895,4103.45191021329,2767.433524755383
2025-12-23,3217.005670614833,3217.005670614833,3191.423985009323,3207.41259765625,2365420,3112.9683837890625,3020.7611181640623,3130.90197265625,3119.220925951371,69.2813969773799,47.92996775296615,40.837097057584586,7.0928706953815635,3220.569954698884,3112.9683837890625,3005.366812879241,0.06913116848225122,44.18513984964287,0.013775945097281916,36.08107424460809,31.901836699423068,9.90707497547906,-111033255.0,2571217.25,3225.436344736965,3020.394263540353,4103.45191021329,2767.433524755383
2025-12-24,3201.695681385047,3223.98283930865,3193.943626455098,3216.1337890625,1367708,3120.531494140625,3027.0204052734375,3130.1406884765624,3128.450722438145,70.19898457364678,49.7457129383406,42.61882023373579,7.126892704604813,3234.615915560387,3120.531494140625,3006.447072720863,0.07311858357076442,43.174716492779226,0.013424415563683567,37.357129091984135,31.47071600323125,9.414722112309569,-109665547.0,2552592.25,3225.436344736965,3023.688796726563,4103.45191021329,2767.433524755383
2025-12-26,3210.4167512800273,3217.102804044398,3170.3967202884214,3178.342529296875,1176664,3127.4792724609374,3033.4294140625,3129.1189233398436,3133.2023230913574,61.6107690085697,47.58671521978522,43.612399230945684,3.9743159888395354,3237.8137860237375,3127.4792724609374,3017.1447588981373,0.07055811019075472,43.426957011579034,0.013663397387564176,37.51872036542103,29.053070377010858,12.564454031521985,-110842211.0,2495551.3,3225.436344736965,3023.688796726563,4048.1558239473816,2767.433524755383
2025-12-29,3178.342279524835,3186.094333865139,3142.392032892103,3150.7255859375,2079473,3133.0026123046873,3038.8887939453125,3127.6989611816407,3134.871205267181,56.199791437043025,43.14983303304916,43.51988599136638,-0.37005295831721696,3236.1446087184663,3133.0026123046873,3029.8606158909083,0.06584226646265455,43.44662443739739,0.013789402870028056,36.606671876316284,26.965638725861815,16.26583181754605,-112921684.0,2412572.85,3225.436344736965,3023.688796726563,4048.1558239473816,2767.433524755383
2025-12-30,3149.2721612242462,3166.229780553915,3139.097589626445,3146.17138671875,2807593,3138.4968872070312,3044.2396484375,3126.210451660156,3135.947413024473,55.33670655259966,38.818609353249485,42.579630663743,-3.7610213104935184,3231.6708191583566,3138.4968872070312,3045.322955255706,0.05937487612692294,42.281307758116874,0.013438971550184206,35.641145073574414,25.729636852449005,16.076820012981482,-115729277.0,2435712.0,3225.436344736965,3023.688796726563,4048.1558239473816,2767.433524755383
2025-12-31,3139.582067367493,3145.3961082329884,3099.3682847144837,3106.82958984375,3362634,3141.912634277344,3048.9684033203125,3124.6279919433596,3133.1742870072612,48.419009229367106,31.844446214052823,40.432593773804975,-8.588147559752151,3224.5926573401252,3141.912634277344,3059.2326112145624,0.05263037689894152,42.60429306141326,0.013713109080938016,33.44856975741073,23.710680660133512,21.476150879846497,-119091911.0,2488709.3,3225.436344736965,3041.7123712503685,4048.1558239473816,2767.433524755383
2026-01-01,3115.35696849259,3133.865093634826,3099.0776063813255,3127.37255859375,1255735,3144.2091796875,3053.080869140625,3123.2166723632813,3132.62174144407,51.80688111158771,27.656213954408486,37.87731780992568,-10.221103855517192,3222.4768263373753,3144.2091796875,3065.941533037625,0.04978526693167029,42.04594978941948,0.013444496618697007,31.40391067362987,22.309433070349904,20.256340010908975,-117836176.0,2531240.85,3225.436344736965,3055.3756234989633,4048.1558239473816,2767.433524755383
2026-01-02,3133.7680727866077,3153.4389586535176,3119.717473820805,3149.950439453125,1184324,3145.250866699219,3057.809619140625,3122.247733154297,3134.272093635408,55.28314847500855,25.860749387008127,35.47400412534217,-9.613254738334042,3223.241378200218,3145.250866699219,3067.2603551982197,0.04959255385745831,41.4513451496547,0.01315936423331512,30.032856136593452,24.38601447062977,19.079273500801104,-116651852.0,2396422.0,3225.436344736965,3055.3756234989633,4048.1558239473816,2767.433524755383
2026-01-05,3140.066522757738,3146.3650669323792,3092.1006863508537,3116.4228515625,2341703,3144.1801147460938,3060.5790380859376,3121.0880297851563,3132.572165818941,49.565570888502315,21.48477156786157,32.67615761384605,-11.19138604598448,3223.1304427612213,3144.1801147460938,3065.229786730966,0.050219977949006976,42.622660003413024,0.01367678971486268,27.914373055369843,22.0218714199591,21.857720936759748,-118993555.0,2204342.95,3225.436344736965,3055.3756234989633,4048.1558239473816,2767.433524755383
2026-01-06,3110.512016678168,3162.063134250383,3105.666982384277,3154.892578125,2912325,3145.1152099609376,3064.3116552734373,3120.1843310546874,3134.697919371899,55.28058006887823,20.880268312058888,30.31697975348862,-9.436711441429733,3224.1078793837737,3145.1152099609376,3066.1225405381015,0.05023197189893543,43.60648085074823,0.01382185915080006,26.378800434585685,22.558911394011616,19.838539833815123,-116081230.0,2059227.45,3225.436344736965,3055.3756234989633,4048.1558239473816,2767.433524755383
2026-01-07,3142.3921354819236,3198.3040184958663,3123.3027483604965,3193.458984375,1989442,3149.344921875,3068.3950537109376,3119.473464355469,3140.294211276956,60.155154698379334,23.24522531036655,28.90262886486421,-5.657403554497659,3229.1752723054205,3149.344921875,3069.51457144458,0.05069647968752334,45.84896579964977,0.014357148791946356,25.828785329935762,25.56901421348141,17.520500812780686,-114091788.0,2077607.45,3225.436344736965,3055.3756234989633,4048.1558239473816,2767.433524755383
2026-01-08,3185.028395467413,3185.028395467413,3083.3796755266676,3104.600830078125,4159336,3150.05712890625,3071.22455078125,3118.321168212891,3136.894841638972,47.34887398213029,17.744809221992455,26.67106493628986,-8.926255714297405,3228.001598445251,3150.05712890625,3072.112659367249,0.049487654572198,50.43684744598424,0.01624583970903436,24.177612515610615,21.58295533125029,20.443056115295295,-118251124.0,2040334.9,3225.436344736965,3055.3756234989633,4048.1558239473816,2767.433524755383
2026-01-09,3092.1007650495476,3129.6012816982266,3092.1007650495476,3108.380126953125,1938673,3150.827490234375,3074.1354443359373,3116.872822265625,3134.1791545260344,47.85731660493374,13.534628741391316,24.04377769731015,-10.509148955918835,3226.7790483140357,3150.827490234375,3074.8759321547145,0.048210546794493596,49.512823817605295,0.015928818804455045,22.644380616594407,20.415332894818754,19.337101410617468,-116312451.0,2178959.25,3225.436344736965,3083.3796755266676,4048.1558239473816,2767.433524755383
2026-01-12,3103.7290773163704,3151.2104150586442,3075.9186268106855,3139.19482421875,2228342,3151.7529052734376,3078.094814453125,3115.5072607421876,3134.656837353912,51.93310765992858,12.539965995826606,21.74301535701344,-9.203049361186835,3226.6567223362954,3151.7529052734376,3076.84908821058,0.04753152884385735,51.3541784197734,0.016359028762273107,21.761832698622637,21.2829857795898,17.312054138713677,-114084109.0,2180174.8,3225.436344736965,3075.9186268106855,4048.1558239473816,2767.433524755383
2026-01-13,3144.42719813222,3178.3424375573745,3110.9964621274244,3166.71435546875,5645341,3153.584326171875,3082.1646435546877,3114.036828613281,3137.70993431723,55.29398241995491,13.813056468722607,20.157023579355275,-6.3439671106326685,3228.069511950306,3153.584326171875,3079.099140393444,0.0472384297196507,52.496449634786025,0.016577576548427047,21.552802077818583,23.024435264526158,15.725692202704076,-108438768.0,2234264.2,3225.436344736965,3075.9186268106855,4048.1558239473816,2767.433524755383
2026-01-14,3158.9624073145064,3158.9624073145064,3084.348878061986,3093.554443359375,3539511,3152.9738525390626,3085.569736328125,3112.063269042969,3133.5046494641006,46.07136504873788,8.816959930571556,17.88901084959853,-9.072050919026974,3229.196626227876,3152.9738525390626,3076.751078850249,0.048349765810732595,54.629951618498744,0.01765928242697245,20.58167816246528,20.544871076750784,17.516316759566806,-111978279.0,2438421.75,3225.436344736965,3075.9186268106855,4048.1558239473816,2767.433524755383
2026-01-15,3093.554443359375,3093.554443359375,3093.554443359375,3093.554443359375,0,3151.7480590820314,3089.4903369140625,3110.194375,3129.699867930317,46.07136504873788,4.802161105175401,15.271640900713907,-10.469479795538506,3230.9085464884383,3151.7480590820314,3072.5875716756245,0.05023275079256363,50.7278122171774,0.016397905110760128,19.679920241065787,20.544871076750784,17.516316759566806,-111978279.0,2528666.15,3225.436344736965,3075.9186268106855,4048.1558239473816,2767.433524755383
2026-01-16,3176.3318131508636,3178.7983689605644,3128.579389024886,3163.8017578125,4293470,3150.9822509765627,3094.414716796875,3108.6032849121093,3132.947666966715,54.51895251032146,7.205712339599813,13.65845518849109,-6.452742848891276,3229.361287665851,3150.9822509765627,3072.6032142872746,0.049748954736255104,53.19324888746397,0.016813078997794915,20.50933265687228,29.63983175614011,15.511283046389194,-107684809.0,2459848.65,3225.436344736965,3075.9186268106855,4039.6809656649875,2767.433524755383
2026-01-19,3145.3520534559602,3176.9239686725823,3109.9324074221513,3121.278564453125,3387562,3148.0321533203123,3098.8587890625,3107.01439453125,3131.8363238701827,49.4675233644168,5.6145565733486364,12.049675465462599,-6.435118892113962,3226.2193978110895,3148.0321533203123,3069.844908829535,0.04967372674914456,54.178842627675905,0.01735790045934862,20.75098655483987,27.022022045821267,16.599706196668887,-111072371.0,2559151.05,3225.436344736965,3075.9186268106855,4021.0458185510897,2767.433524755383
2026-01-20,3109.4391143226594,3117.7266457653604,3049.7484617692403,3060.798583984375,4499273,3139.979541015625,3101.4459716796873,3105.3870275878908,3125.0708248334395,43.319684177821394,-0.5206728145071793,9.535605809468644,-10.056278623975823,3219.263629315265,3139.979541015625,3060.6954527159846,0.05049974833530017,55.418218345976534,0.018105803706245913,19.52583462736447,24.5307216481321,22.82640515790859,-115571644.0,2533403.6,3223.98283930865,3049.7484617692403,4021.0458185510897,2767.433524755383
2026-01-21,3058.5291438659533,3096.5141025881594,3040.769942385441,3080.826904296875,2015150,3133.650256347656,3104.01123046875,3103.8924670410156,3120.8571181156713,45.725252587021046,-3.7238421069637297,6.883716226182169,-10.6075583331459,3210.5663843082416,3133.650256347656,3056.7341283870705,0.049090435542244015,55.44149990717238,0.0179956555916359,18.198449043710248,22.768961852760494,22.34380271308983,-113556494.0,2626726.45,3223.98283930865,3040.769942385441,3997.1420062138413,2767.433524755383
2026-01-22,3107.8603302315137,3117.7265535020897,3080.5309399469356,3108.2548828125,2269827,3128.256311035156,3105.4816162109373,3103.20642578125,3119.656905229655,48.922311513214126,-4.00302384075394,4.706368212794947,-8.709392053548887,3195.8432219120878,3128.256311035156,3060.6694001582246,0.04321059667554334,54.138222310599645,0.017417562057077104,17.39921322291005,24.450292568944462,21.24728213035336,-111286667.0,2609212.95,3217.102804044398,3040.769942385441,3997.1420062138413,2767.433524755383
2026-01-23,3147.621264153488,3151.7650297600667,3109.8335807806325,3120.193115234375,2068857,3125.348840332031,3107.6965869140627,3103.0747888183596,3119.707972849152,50.294728832411316,-3.2237998339642218,3.1203346034431134,-6.344134437407336,3188.952725053646,3125.348840332031,3061.744955610416,0.04070194270848682,53.379074070383005,0.01710761869506061,17.29276455854036,27.581551459067512,20.010210455694164,-109217810.0,2654318.9,3198.3040184958663,3040.769942385441,3997.1420062138413,2767.433524755383
2026-01-27,3132.5259981161435,3132.5259981161435,3088.127991843631,3115.75341796875,4279874,3123.600231933594,3109.8169482421877,3103.0418298339846,3119.331348574828,49.759268927070266,-2.9307221195326747,1.9101232588479558,-4.840845378380631,3186.232828949184,3123.600231933594,3060.967634918004,0.0401028251792763,52.73756922767795,0.016926104910464673,16.683332741685135,25.92298065729428,21.746767881386365,-113497684.0,2698928.55,3198.3040184958663,3040.769942385441,3997.1420062138413,2767.433524755383
2026-01-28,3133.5125881835056,3162.3219126707263,3128.184923835551,3157.290283203125,2751234,3124.1561767578123,3112.8416943359375,3103.126434326172,3122.9464852060946,54.62639722066602,0.6457778420326576,1.6572541754848962,-1.0114763334522385,3187.769999277518,3124.1561767578123,3060.542354238107,0.04072384280463386,52.29692104727069,0.01656386215910897,16.661949378280184,28.34376953599271,20.363574945209397,-110746450.0,2808948.6,3198.3040184958663,3040.769942385441,3997.1420062138413,2767.433524755383
2026-01-29,3157.2902623909354,3157.2902623909354,3083.786897692938,3102.335205078125,2457641,3123.9314575195312,3115.0599755859375,3103.157274169922,3120.983506146288,48.000812282525075,-0.9433612161942619,1.1371310971490647,-2.080492313343327,3187.819682246905,3123.9314575195312,3060.0432327921576,0.04090244974715436,53.811668508907566,0.017345536491615982,15.659275973820439,25.578353626415534,24.270070899721095,-113204091.0,2806130.65,3198.3040184958663,3040.769942385441,3984.4103764893116,2767.433524755383
2026-01-30,3098.980713054142,3098.980713054142,3050.636219281569,3082.109375,3022068,3121.6682983398437,3115.699306640625,3103.1589868164065,3117.2812079418795,45.7990939336883,-3.7911191601692735,0.151481045685397,-3.9426002058546707,3188.06609034273,3121.6682983398437,3055.270506336957,0.04253994060688508,53.66076260088245,0.01741040179694546,14.989652573671808,23.81812234496574,27.01260392511556,-116226159.0,2760881.0,3198.3040184958663,3040.769942385441,3963.7634492210204,2767.433524755383
2026-02-02,3155.218220087344,3155.218220087344,3092.074390792288,3127.1982421875,2636272,3120.5306884765623,3117.296611328125,3103.306513671875,3118.225687393843,51.175573271522694,-2.382232199207465,-0.35526160329317535,-2.0269705959142894,3185.719877094429,3120.5306884765623,3055.3414998586954,0.04178083481671646,55.04991134991542,0.017603588607611766,14.509289484282958,28.85567462035535,24.450175670282555,-113589887.0,2849197.65,3198.3040184958663,3040.769942385441,3957.707610233867,2767.433524755383
2026-02-03,3305.1848335937134,3305.1848335937134,3143.674804974814,3182.153076171875,4366060,3123.8171997070312,3119.880615234375,3103.6067443847655,3124.314010134608,56.800208293493675,3.1326059621137574,0.3423119097882112,2.7902940523255464,3194.262317043973,3123.8171997070312,3053.3720823700896,0.04510194600602644,63.83110278250813,0.020059092461792206,15.912258858234074,39.890082783221864,19.58040077424096,-109223827.0,2921795.05,3305.1848335937134,3040.769942385441,3957.707610233867,2767.433524755383
2026-02-04,3078.2617963038065,3078.2617963038065,2946.0543986420407,2958.979248046875,10852595,3114.021533203125,3118.1833154296874,3102.671423339844,3108.5678423167287,37.770504573232834,-10.38539152217436,-1.8032287766043027,-8.582162745570056,3213.116782636849,3114.021533203125,3014.9262837694005,0.06364454990251377,76.13592955017428,0.02573047093872967,15.076322174904101,31.054386035390504,33.78350716418233,-120076422.0,3023012.9,3305.1848335937134,2946.0543986420407,3957.707610233867,2767.433524755383
2026-02-05,2950.000779389259,2989.1696378838233,2932.5376122480607,2951.480712890625,3521545,3101.9226196289064,3116.7624072265626,3101.5903674316405,3093.607163323766,37.31810773107209,-21.456236896719474,-5.733830400627338,-15.722406496092137,3217.0580856915494,3101.9226196289064,2986.7871535662634,0.07423490536744404,74.74279355628774,0.02532382923250955,14.441236908450533,29.37369578096611,33.24685742973856,-123597967.0,3420026.4,3305.1848335937134,2932.5376122480607,3957.707610233867,2767.433524755383
2026-02-06,2936.7800719556926,2945.0676030314735,2876.990663463912,2902.248291015625,4687389,3091.8049926757812,3113.50994140625,3100.297481689453,3075.382508818229,34.404435675969296,-33.812833315275384,-11.349630983556947,-22.463202331718435,3236.0937413154547,3091.8049926757812,2947.5162440361078,0.09333625437663828,74.72474040417526,0.025747190767756736,14.412089565957906,27.282164306599018,36.18921322834937,-128285356.0,3496631.55,3305.1848335937134,2876.990663463912,3957.707610233867,2767.433524755383
2026-02-09,2919.5143380742375,2937.174782066686,2898.2031986297916,2908.760009765625,2380318,3081.8239868164064,3110.89740234375,3098.5669970703125,3059.5136993846477,35.12591093829559,-42.58914259402718,-17.597533305650995,-24.991609288376186,3246.34422025472,3081.8239868164064,2917.303753378093,0.10676809197547102,72.17094347794092,0.0248115840549376,14.385024176500467,26.229871858997395,34.793369579844345,-125905038.0,3523034.2,3305.1848335937134,2876.990663463912,3957.707610233867,2767.433524755383
2026-02-10,2910.3385905230825,2971.3118985519286,2904.1228216834434,2944.673095703125,3547763,3072.097900390625,3108.9856884765627,3097.0704370117187,3048.5764990340267,39.10402588396521,-46.11496047160654,-23.301018738842103,-22.813941732764434,3244.7023932977754,3072.097900390625,2899.4934074834746,0.11236913568750743,71.8150958629798,0.02438813869280518,13.901563436077469,27.872334702633534,32.46821739051906,-122357275.0,3545116.45,3305.1848335937134,2876.990663463912,3957.707610233867,2767.433524755383
2026-02-11,2940.134620504305,2957.893822910036,2865.348597754142,2870.873779296875,3363513,3057.305871582031,3105.6774462890626,3094.9836291503907,3031.652430487631,34.43155134690596,-54.23895173605979,-29.48860533828564,-24.75034639777415,3244.9887668450738,3057.305871582031,2869.6229763189885,0.12277665575274899,73.29581938390226,0.025530840092124713,13.877580217587965,25.358596039269504,33.31863025117954,-125720788.0,3611087.5,3305.1848335937134,2865.348597754142,3957.707610233867,2767.433524755383
2026-02-12,2831.4086986412967,2841.472197833708,2703.3450771056805,2713.31005859375,10612156,3038.29365234375,3099.1733544921876,3092.130461425781,3001.3341093548806,27.010751592908917,-72.55498014195155,-38.10188029901882,-34.45309984293272,3277.422996700262,3038.29365234375,2799.1643079872383,0.15741029124821207,80.02673958442313,0.029494137365892955,15.242328985004258,21.5667449780663,42.796288446802194,-136332944.0,3496996.1,3305.1848335937134,2703.3450771056805,3947.6941907477535,2703.3450771056805
2026-02-13,2550.4187054416375,2676.706362809734,2550.4187054416375,2656.1845703125,11168735,3016.425158691406,3090.668212890625,3088.853386230469,2968.4627246841774,24.9142271838561,-90.63532647507782,-48.608569534230625,-42.02675694084719,3306.0121721835585,3016.425158691406,2726.8381451992536,0.19200676181721138,85.9456405535438,0.032356802879640365,17.399581320188304,18.647095293570057,49.71219796640497,-147501679.0,3850628.35,3305.1848335937134,2550.4187054416375,3900.487717170586,2550.4187054416375
2026-02-16,2663.880286127823,2683.4154564010123,2635.2682386101537,2670.39208984375,2918730,2991.754675292969,3081.493720703125,3085.736993408203,2940.0750451755653,26.443404662563253,-102.63459538913594,-59.413774705211694,-43.220820683924245,3309.6067036526756,2991.754675292969,2673.902646933262,0.21248535582455869,83.24575321335199,0.031173606875918684,19.312281783550116,18.452408056958497,47.658464695629135,-144582949.0,4409065.1,3305.1848335937134,2550.4187054416375,3864.248203802436,2550.4187054416375
2026-02-17,2679.666188399951,2723.0775699498763,2659.144396219614,2681.04736328125,4209118,2969.743115234375,3072.35791015625,3082.782116699219,2915.4057421380116,27.633734769986532,-110.01611366138468,-69.5342424964463,-40.48187116493838,3308.9250664086726,2969.743115234375,2630.5611640600778,0.22842511154203235,81.86628325027415,0.030535187244913334,20.547439039422333,20.88362902765895,44.99998589150731,-140373831.0,4340328.1,3305.1848335937134,2550.4187054416375,3852.804328210295,2550.4187054416375
2026-02-18,2693.478928386682,2693.478928386682,2621.751534036431,2658.848388671875,2950820,2949.64560546875,3062.811064453125,3079.6051428222654,2890.9717084745703,26.665569151791644,-116.31646796134373,-78.8906875894258,-37.42578037191794,3311.7252140223172,2949.64560546875,2587.565996915183,0.24550719441159874,81.1420769002725,0.030517752439733464,21.923631343098773,19.565017497335536,45.450302267833536,-143324651.0,4381405.9,3305.1848335937134,2550.4187054416375,3835.399897535905,2550.4187054416375
2026-02-19,2671.7733571903564,2711.9288391622777,2630.9272877397234,2642.075927734375,3238849,2927.708056640625,3053.4752880859373,3076.3171264648436,2867.2673484040756,25.926471133858854,-121.26507328012758,-87.36556472756615,-33.89950855256143,3308.0430845250394,2927.708056640625,2547.3730287562103,0.2598175914580957,81.13203936614977,0.03070768652576986,22.939896926174754,19.794092321094382,42.20907350307558,-146563500.0,4303983.25,3305.1848335937134,2550.4187054416375,3799.828262299615,2550.4187054416375
2026-02-20,2631.3217917460984,2666.4456435463158,2612.0826560359187,2650.264892578125,2293482,2904.808557128906,3044.6734521484377,3073.141103515625,2846.600447849223,26.990485619544202,-123.10699679556956,-94.51385114116684,-28.59314565440272,3293.952098374479,2904.808557128906,2515.665015883333,0.2679305941113035,79.219964233596,0.02989133820375683,24.011311224464194,18.823858902895562,41.83926397583926,-144270018.0,4365168.2,3305.1848335937134,2550.4187054416375,3765.0674505275315,2550.4187054416375
2026-02-23,2650.0675026055624,2667.8267040377664,2624.612599044486,2640.497314453125,4699596,2880.823767089844,3035.6239404296875,3069.898122558594,2826.971578001976,26.501498402933507,-123.9263505478898,-100.39635102251144,-23.529999525378358,3273.029835512019,2880.823767089844,2488.6176986676687,0.2722874428506778,76.64811714500202,0.0290279095250194,24.984463305105322,18.19449839987877,40.15434107880221,-148969614.0,4366350.95,3305.1848335937134,2550.4187054416375,3751.716356302624,2550.4187054416375
2026-02-24,2605.669504618486,2612.0825495938816,2527.035755172012,2539.269775390625,7798833,2851.9995849609377,3023.99560546875,3066.190010986328,2799.571406324704,22.044149557408133,-131.23115958904737,-106.56331273581864,-24.667846853228724,3255.479081196244,2851.9995849609377,2448.5200887256315,0.28294498944734764,79.27764872615279,0.031220648351141512,26.528281251073203,16.334510846226944,44.84104328493007,-156768447.0,4497887.9,3305.1848335937134,2527.035755172012,3742.5609756413837,2527.035755172012
2026-02-25,2561.2716479227247,2618.6930211303556,2560.2850255621997,2594.126220703125,3621285,2823.8413818359377,3013.2764111328124,3061.8974096679685,2780.005198170268,29.012087390481994,-131.08277605403964,-111.46720539946284,-19.6155706545768,3216.6306619613893,2823.8413818359377,2431.052101710486,0.27819500248989,79.28804851283692,0.03056445283196216,27.853176323411947,15.761291041742474,41.632650174668946,-153147162.0,4673835.85,3305.1848335937134,2527.035755172012,3695.4019938643646,2527.035755172012
2026-02-26,2614.549064594777,2635.26813265383,2599.749730266882,2612.27978515625,3464267,2799.3386108398436,3003.406728515625,3058.198154296875,2764.03134931179,31.203581541532458,-128.02455274625936,-114.77867486882215,-13.24587787743721,3180.5495437321792,2799.3386108398436,2418.127677947508,0.2723578572568373,76.56332447268464,0.029309006220444,28.80100753358463,16.70267939205655,40.03467617307556,-149682895.0,4717338.4,3305.1848335937134,2527.035755172012,3640.137329423988,2527.035755172012
2026-02-27,2645.726576120342,2652.6329325338243,2590.969035984877,2602.11767578125,5083717,2775.3390258789063,2993.08767578125,3054.2873962402346,2748.6109994517387,30.633471407540426,-124.98019218180207,-116.81897833141815,-8.161213850383916,3142.4973207270414,2775.3390258789063,2408.1807310307713,0.2645862659837472,75.49907962098912,0.029014475526485006,29.380423198808455,17.37111487632644,37.69908088001261,-154766612.0,4767669.7,3305.1848335937134,2527.035755172012,3640.137329423988,2527.035755172012
2026-03-02,2557.324974292137,2588.6996112720262,2545.7815416803182,2578.537353515625,3374385,2747.9059814453126,2981.076064453125,3050.1099658203125,2732.413509362585,29.295915497516305,-123.05178505782669,-118.06553967669987,-4.986245381126821,3086.6981357183213,2747.9059814453126,2409.113827172304,0.24658205670837008,74.13029779812788,0.028748971852999253,30.266116146382714,16.428159907437546,40.00672510882663,-158140997.0,4870752.15,3305.1848335937134,2527.035755172012,3588.8301766028944,2527.035755172012
2026-03-04,2589.8837001747893,2599.7499237945026,2545.880246481027,2553.181396484375,3446434,2716.4573974609375,2968.53408203125,3045.8944458007813,2715.343784326565,27.88592637827965,-122.16132265768556,-118.88469627289702,-3.2766263847885426,3000.5234021155034,2716.4573974609375,2432.3913928063716,0.20914445771914647,72.68311062065273,0.028467664193673962,30.88687616944229,16.6444133094617,37.88877446608028,-161587431.0,4907657.8,3078.2617963038065,2527.035755172012,3538.0953280117983,2527.035755172012
2026-03-05,2565.2181034037962,2574.5910157046947,2512.335049229941,2544.3017578125,2960636,2695.723522949219,2954.9831005859373,3041.8371826171874,2699.0540675157017,27.388783300068027,-120.77986235039998,-119.26372948839762,-1.5161328620023653,2966.1640229516497,2695.723522949219,2425.283022946788,0.20064409254147778,71.93831461023137,0.028274285622504686,31.729804698855762,15.615541716387133,38.877436426552634,-164548067.0,4861676.5,2989.1696378838233,2512.335049229941,3538.0953280117983,2512.335049229941
2026-03-06,2537.5927639837228,2584.161292192951,2519.4390085227947,2523.385498046875,3998643,2674.3187622070313,2941.30255859375,3037.7730859375,2682.3237275662896,26.203743134703004,-119.98964650861217,-119.40891289244054,-0.5807336161716279,2927.6232032181347,2674.3187622070313,2421.014321195928,0.18943474098208032,71.42288382879744,0.028304388641402372,32.324653268183944,15.56189157261395,36.3609995829861,-168546710.0,4467078.55,2971.3118985519286,2512.335049229941,3538.0953280117983,2512.335049229941
2026-03-09,2496.1544256648085,2525.7530947438377,2471.4888680989507,2493.589111328125,3653428,2653.8858032226562,2926.8516650390625,3033.428879394531,2664.349002210274,24.572657662471954,-120.38004789208435,-119.60313989236931,-0.7769079997150357,2896.033245714417,2653.8858032226562,2411.7383607308957,0.18248520128312756,70.19726545851812,0.028151095599358765,33.26433821798578,14.702625285363474,39.23241029509686,-172200138.0,4490933.45,2971.3118985519286,2471.4888680989507,3538.0953280117983,2471.4888680989507
2026-03-10,2507.007379980955,2511.1511456572443,2456.7883989435327,2479.480712890625,4323710,2632.421838378906,2912.8744287109375,3029.246826171875,2646.742498465546,23.816706248876656,-120.43952180985252,-119.77041627586595,-0.669105533986567,2855.768724707347,2632.421838378906,2409.0749520504655,0.16968928237275357,69.06622840531766,0.02785511822949369,34.2498411200356,13.876011765403376,38.54700743344098,-176523848.0,4439235.4,2971.3118985519286,2456.7883989435327,3538.0953280117983,2456.7883989435327
2026-03-11,2474.547570466413,2487.2749022159755,2427.1896984686477,2431.92529296875,2720664,2606.7844482421874,2898.4984228515623,3024.647705078125,2626.2837169896607,21.424198639550468,-122.9071827726998,-120.39776957523273,-2.509413197467069,2795.9783486319498,2606.7844482421874,2417.590547852425,0.14515500160923547,68.42472664403267,0.028136031498115565,35.38866856247181,13.005667462550509,39.219033973275984,-179244512.0,4536405.0,2957.893822910036,2427.1896984686477,3538.0953280117983,2427.1896984686477
2026-03-12,2426.8936916820116,2439.818299872899,2403.412031703097,2409.726318359375,2752075,2583.7270751953124,2883.769521484375,3019.8293493652345,2605.6592028343953,20.39429204598673,-125.21074209678727,-121.36036407954364,-3.850378017243628,2749.5146154165272,2583.7270751953124,2417.9395349740976,0.12833208415303107,66.13769389587334,0.02744614332008548,36.61937859955495,12.494301607600406,40.24497584049082,-181996587.0,4495050.05,2841.472197833708,2403.412031703097,3538.0953280117983,2403.412031703097
2026-03-13,2404.398666093815,2413.179508655849,2364.9337721078678,2378.253173828125,2466488,2566.974230957031,2869.1979931640626,3015.037684326172,2584.0014857861793,18.99974571977782,-128.0993001953966,-122.70815130271424,-5.3911488926823665,2744.3112892489617,2566.974230957031,2389.6371726651005,0.13816816402228937,64.85969694245249,0.027271990070784558,38.02690642940148,11.830454640192599,42.34420755316309,-184463075.0,4464478.15,2723.0775699498763,2364.9337721078678,3538.0953280117983,2364.9337721078678
2026-03-16,2377.759805019881,2392.5591399058967,2334.4471812699776,2376.970458984375,3807907,2553.013525390625,2854.189951171875,3010.244375,2564.284245138388,18.942893777881665,-129.00491926081213,-123.96750489433383,-5.037414366478302,2743.5323349270393,2553.013525390625,2362.494715854211,0.14925013725280895,64.37771563484296,0.027083935936818532,39.52907977485722,11.06766752188234,42.996556451259366,-188270982.0,4057194.75,2723.0775699498763,2334.4471812699776,3538.0953280117983,2334.4471812699776
2026-03-17,2387.6260500920594,2387.6260500920594,2328.428710007132,2359.70458984375,2993367,2537.479150390625,2838.3850341796874,3005.3628271484376,2544.800468443661,18.15540136694024,-129.6216426280016,-125.09833244106738,-4.523310186934225,2737.6047934113244,2537.479150390625,2337.3535073699254,0.15773579301322868,64.00768880984899,0.027125297414490053,40.9623440200033,10.33653161079991,40.82780511553549,-191264349.0,3689153.35,2723.0775699498763,2328.428710007132,3538.0953280117983,2328.428710007132
2026-03-18,2377.759931791064,2449.684606821956,2377.759931791064,2408.14794921875,3082388,2523.8341796875,2824.2195361328127,3000.8889587402346,2531.7859428031934,27.288789590920103,-124.76323320624988,-125.0313125941039,0.26807938785401575,2720.1209027771756,2523.8341796875,2327.5474565978247,0.15554644965936673,65.86285510758879,0.02735000361126316,40.84294773552285,16.05813336572797,36.843674984742485,-188181961.0,3692885.2,2711.9288391622777,2328.428710007132,3538.0953280117983,2328.428710007132
2026-03-19,2384.6661390424383,2391.5724952581177,2318.7597201236085,2324.482177734375,2757060,2507.115869140625,2807.611328125,2996.061611328125,2512.042727082354,22.598320219624142,-126.20917644771998,-125.26688536482712,-0.942291082892865,2711.3533457263998,2507.115869140625,2302.87839255485,0.1629262365570541,67.54323896384255,0.029057327094534045,41.23182499623933,14.540155373136928,39.6002481353958,-190939021.0,3636548.7,2711.9288391622777,2318.7597201236085,3538.0953280117983,2318.7597201236085
2026-03-20,2354.0808258010857,2375.5892402804725,2332.5724113216993,2358.619384765625,4206320,2492.9430419921873,2790.9145361328124,2991.6176171875,2497.4309801950462,28.033655332103805,-123.18056074612014,-124.84962044108573,1.669059694965597,2697.0921747746434,2492.9430419921873,2288.7939092097313,0.1637816262495225,66.36922636257505,0.028139015048911815,41.59292530976178,13.740403665034286,37.42211693426142,-186732701.0,3626860.7,2667.8267040377664,2318.7597201236085,3538.0953280117983,2318.7597201236085
2026-03-23,2333.3618520807718,2374.602714385491,2316.589272171523,2351.910400390625,3860515,2478.0253173828123,2775.8607275390623,2987.11265625,2483.5718773565295,27.623109188124758,-119.93913624918378,-123.86752360270535,3.928387353521572,2677.561586393764,2478.0253173828123,2278.4890483718605,0.16104457659189197,65.77238463767452,0.027965514599004492,42.062293842844134,12.87472542114031,36.800197322050714,-190593216.0,3675234.25,2667.8267040377664,2316.589272171523,3538.0953280117983,2316.589272171523
2026-03-24,2371.9388633725343,2402.819949907421,2347.2733048784753,2366.709716796875,3420182,2464.3359375,2761.0273193359376,2982.7288366699217,2472.4421477794194,30.056431251384225,-114.85215863941403,-122.06445061004709,7.212291970633061,2654.76684041459,2464.3359375,2273.90503458541,0.15454946707288378,65.04197466562245,0.0274820246031908,41.8388540018172,15.188149900606485,34.555353008434274,-187173034.0,3753585.9,2652.6329325338243,2316.589272171523,3538.0953280117983,2316.589272171523
2026-03-25,2368.781573169959,2389.204849113034,2338.097761710688,2345.595947265625,5843778,2454.65224609375,2745.155341796875,2978.1764282226563,2460.3615572542963,28.58013747322373,-111.24206766970065,-119.89997402197781,8.657906352277166,2648.5224457424547,2454.65224609375,2260.782046445045,0.1579614382910844,64.04662557538843,0.027305054670669383,41.72449704622778,14.322461263085737,33.609090230542094,-193016812.0,3689615.2,2652.6329325338243,2316.589272171523,3538.0953280117983,2316.589272171523
2026-03-27,2371.7413083689694,2389.69802736586,2353.0942427947716,2357.830078125,4979411,2442.837438964844,2728.97765625,2973.503826904297,2450.5966544800776,30.704043503511144,-106.16999088505008,-117.15397739459227,10.983986509542191,2629.9513191694473,2442.837438964844,2255.7235587602404,0.15319388610966536,62.62201518430605,0.02655917225133734,41.60594488030067,13.658235126934208,31.918412798559373,-188037401.0,3591862.45,2652.6329325338243,2316.589272171523,3538.0953280117983,2316.589272171523
2026-03-30,2343.3267357786763,2365.9202902405636,2314.8132066050703,2327.34326171875,6804756,2428.590612792969,2713.6534326171877,2968.481553955078,2438.858236121856,28.434756436971,-103.41822387666207,-114.40682669100623,10.988602814344162,2605.0144071074474,2428.590612792969,2252.1668184784903,0.14528903585902003,61.799520073676575,0.026553676498943884,41.896248676757374,12.851441338483522,34.45755251996695,-194842157.0,3659768.75,2652.6329325338243,2314.8132066050703,3538.0953280117983,2314.8132066050703
2026-04-01,2396.5056797013217,2438.9304406017563,2365.8216283746565,2375.98388671875,4132661,2417.2839233398436,2699.302021484375,2963.659188232422,2432.8702028453695,36.498712464043834,-96.20356198830541,-110.76617375046608,14.562611762160671,2575.8561639828454,2417.2839233398436,2258.7116826968418,0.13119868883578248,65.35578141720013,0.027506828553225973,40.48916156634845,19.26355190506892,30.25525615564581,-190709496.0,3826793.2,2599.7499237945026,2314.8132066050703,3538.0953280117983,2314.8132066050703
2026-04-02,2354.080866963729,2436.858383664294,2343.91860884341,2417.915283203125,5378361,2409.252819824219,2684.3842919921876,2959.227841796875,2431.4459247842037,42.51245239179787,-86.10975751875003,-105.83489050412288,19.725132985372852,2549.5621458941278,2409.252819824219,2268.94349375431,0.11647538599136799,67.32606666032041,0.02784467558810846,39.457581484548044,17.364106982855667,29.595763404319378,-185331135.0,3779240.4,2599.7499237945026,2314.8132066050703,3509.9620062788417,2314.8132066050703
2026-04-06,2440.903690225315,2448.7966690134326,2415.4487854587173,2440.804931640625,2572417,2403.633996582031,2670.7748193359375,2954.8556213378906,2432.3372587705294,45.5441847233919,-75.39424351461139,-99.74676110622059,24.3525175916092,2528.599761493129,2403.633996582031,2278.6682316709334,0.10398069347396409,64.89905358134861,0.0265892012671925,38.24555434717252,18.040731770883912,28.509509316232265,-182758718.0,3879439.2,2584.161292192951,2314.8132066050703,3493.2730630548403,2314.8132066050703
2026-04-07,2428.0775971710527,2509.868493428073,2415.251506653692,2505.823486328125,4516550,2401.7100830078125,2659.6753173828124,2950.565069580078,2439.335947109348,53.10886669530917,-60.95303879539006,-91.98801664405448,31.034977848664425,2518.896648701353,2401.7100830078125,2284.523517314272,0.09758593805525478,67.02176309513665,0.026746402314772016,35.94266774952033,22.730277544515797,25.634660758150574,-178242168.0,3835738.35,2584.161292192951,2314.8132066050703,3491.3174941481584,2314.8132066050703
2026-04-08,2537.592681428627,2545.781695099603,2506.119524847839,2524.9638671875,4769337,2401.7890014648438,2648.558056640625,2946.278819580078,2447.490987116791,55.08682928498603,-47.41721510014804,-83.0738563352732,35.656641235125164,2519.3048897714552,2401.7890014648438,2284.2731131582323,0.09785696265153926,65.08865207201818,0.02577805287349278,33.54102123055262,25.674678215407017,24.510572858963005,-173472831.0,3913534.05,2545.781695099603,2314.8132066050703,3462.278587900945,2314.8132066050703
2026-04-09,2519.8334525275204,2570.1511917909907,2497.2398973257214,2554.365234375,5628261,2404.8278076171873,2637.480263671875,2942.4469787597654,2457.6694868556683,58.01642943531739,-33.92644969319099,-73.24437500685677,39.31792531366578,2534.224468968223,2404.8278076171873,2275.4311462661517,0.1076140761023948,65.64741224296469,0.025700088366191393,31.68959597624038,26.289407751109035,22.56609669654492,-167844570.0,3952068.75,2570.1511917909907,2314.8132066050703,3462.278587900945,2314.8132066050703
2026-04-10,2531.4755878535475,2531.4755878535475,2467.641172150841,2490.53076171875,10480239,2405.3803100585938,2624.8870166015627,2938.4277783203124,2460.7991320807237,50.33906417215373,-28.062344133900297,-64.20796883226548,36.14562469836518,2536.134518205779,2405.3803100585938,2274.6261019114086,0.10871811629987117,67.15288724162141,0.026963283599548183,29.460870675375386,23.864318709314304,23.63279792607566,-178324809.0,4050810.4,2570.1511917909907,2314.8132066050703,3462.278587900945,2314.8132066050703
2026-04-13,2456.5908344868626,2471.390169384871,2436.9571465386753,2439.5224609375,3739587,2405.7601684570313,2611.3623974609377,2934.097252197266,2458.7727824480357,45.19270803497759,-27.21719888186135,-56.80981484218466,29.592615960323307,2536.8643096897686,2405.7601684570313,2274.656027224294,0.10899186290612063,66.18293923722523,0.027129465006766676,27.81626227424989,22.48448767711081,25.577956257845784,-182064396.0,4358636.85,2570.1511917909907,2314.8132066050703,3462.278587900945,2314.8132066050703
2026-04-15,2468.430210056267,2524.7664391435346,2460.0439205944767,2520.72119140625,5261384,2411.309912109375,2598.631015625,2930.3752490234374,2464.672630920247,53.36589464915363,-19.767488930399395,-49.40134965982761,29.633860729428214,2551.68497585092,2411.309912109375,2270.93484836783,0.11643054510462925,67.54444202071161,0.026795681430769495,26.23878919152439,26.102169073241363,23.272207965558326,-176803012.0,4409583.0,2570.1511917909907,2314.8132066050703,3462.278587900945,2314.8132066050703
2026-04-16,2537.5926488552986,2559.298340252972,2523.779936147688,2542.427001953125,3905403,2419.518603515625,2587.4328515625,2926.777170410156,2472.077809113854,55.28550402725264,-11.97403340992605,-41.915886409847296,29.941852999921245,2570.035767728515,2419.518603515625,2269.0014393027345,0.12441910055511443,65.47534965114093,0.025753089312236667,25.270746115686723,28.770831906349912,22.292804009431922,-172897609.0,4535048.45,2570.1511917909907,2314.8132066050703,3462.278587900945,2314.8132066050703
2026-04-17,2535.6194192375438,2554.365243737743,2521.707947863873,2546.965576171875,2718206,2428.018359375,2576.7299755859376,2922.9400830078125,2479.2099774050944,55.696160521672674,-5.369542014214403,-34.60661753072072,29.237075516506316,2586.930003288377,2428.018359375,2269.1067154616226,0.13089822265947196,63.131202952764454,0.02478683007865836,24.333660560035725,27.70776514316778,21.703527976059263,-170179403.0,4606994.2,2570.1511917909907,2314.8132066050703,3462.278587900945,2314.8132066050703
2026-04-20,2552.490731944509,2559.2983296867455,2526.937069016173,2545.091064453125,2288558,2437.2876831054687,2565.08783203125,2919.1080541992187,2485.484366647764,55.46957165389054,-0.2834252798761554,-27.741979080551808,27.458553800675652,2600.7412806642833,2437.2876831054687,2273.834085546654,0.13412745544305243,60.933349932607875,0.023941520515180816,23.53892506115686,27.23494218409749,20.88020037176338,-172467961.0,4552509.15,2570.1511917909907,2314.8132066050703,3462.278587900945,2314.8132066050703
2026-04-21,2525.7532081976633,2579.0308149330826,2525.7532081976633,2575.57763671875,2719959,2445.6591674804686,2552.9563232421874,2915.4318237304688,2494.064678083096,58.4315524477375,6.136631205878075,-20.966257023265833,27.102888229143907,2619.128902559041,2445.6591674804686,2272.1894324018963,0.14185928880456533,60.38651113280869,0.023445812804051315,23.106121238085027,27.85267236410281,19.56433519036201,-169748002.0,4517268.7,2579.0308149330826,2314.8132066050703,3462.278587900945,2314.8132066050703
2026-04-22,2545.485597963241,2545.485597963241,2470.107748698972,2504.540771484375,5232045,2454.6620971679686,2543.8675537109375,2911.2998681640624,2495.0624012641706,50.073696322883556,5.429898391623283,-15.687025940288011,21.116924331911292,2620.5662083455613,2454.6620971679686,2288.757985990376,0.13517470397982864,63.60675233902078,0.02539657292195836,21.61293796888497,24.55381074590303,23.495968209335,-174980047.0,4499147.25,2579.0308149330826,2314.8132066050703,3462.278587900945,2314.8132066050703
2026-04-23,2495.167841496993,2525.2598221872495,2482.637786236952,2488.064208984375,2509050,2461.1343383789062,2534.5992236328125,2907.2409155273435,2494.3959067613328,48.34635290789528,3.499941504196613,-11.849632451391088,15.3495739555877,2621.5553911559523,2461.1343383789062,2300.71328560186,0.13036350781462158,62.10784402554056,0.024962315603138278,20.22641064748492,23.350220648769128,22.344231928886266,-177489097.0,4622896.5,2579.0308149330826,2314.8132066050703,3462.278587900945,2314.8132066050703
2026-04-24,2454.7163513416886,2471.4889309127534,2356.8434646078067,2364.8349609375,5107719,2461.78056640625,2523.85095703125,2902.596604003906,2482.0567690638245,37.83431753426499,-7.882271758969637,-11.056160312906798,3.173888553937161,2620.5318940373263,2461.78056640625,2303.0292387751733,0.12897276857037218,67.04447976489968,0.028350595653542348,20.480593973332397,20.085827745907118,32.62248883120509,-182596816.0,4538033.0,2579.0308149330826,2314.8132066050703,3462.278587900945,2314.8132066050703
2026-04-27,2364.8349883004043,2426.1043319099444,2364.8349883004043,2414.85693359375,5853425,2464.1879272460938,2513.9728955078126,2898.310642089844,2475.6567847333413,43.23030981056311,-12.719776961134812,-11.3888836425524,-1.3308933185824117,2618.4975985371416,2464.1879272460938,2309.878255955046,0.1252418044783621,66.63197199401002,0.0275925132735915,20.716621347333625,18.766591869640358,30.479845860068043,-176743391.0,4600393.2,2579.0308149330826,2314.8132066050703,3462.278587900945,2314.8132066050703
2026-04-28,2411.3050180002156,2453.7297789552113,2394.9269906770533,2411.99560546875,4508363,2467.50791015625,2503.319345703125,2893.9189709472657,2469.5938152795707,43.000385709405926,-16.593144511707123,-12.429735816383346,-4.163408695323778,2614.134584589044,2467.50791015625,2320.881235723456,0.11884596100322874,66.07274458573487,0.027393393435679255,20.398019645321988,20.560087796543545,28.542262914722947,-181251754.0,4722055.35,2579.0308149330826,2314.8132066050703,3462.278587900945,2314.8132066050703
2026-04-29,2418.211337173827,2454.6176048964962,2414.8569175928637,2441.59423828125,2835961,2471.6961181640627,2494.7337548828127,2889.714260253906,2466.9271888987782,46.18868044499582,-17.07759402626698,-13.359307458360075,-3.7182865679069046,2610.107373559524,2471.6961181640627,2333.284862768601,0.11199698407769576,64.39769136016425,0.026375263485834865,20.08473166554768,19.68657660656083,27.19291517090168,-178415793.0,4655284.6,2579.0308149330826,2314.8132066050703,3462.278587900945,2314.8132066050703
2026-04-30,2445.8368019678887,2457.6762701500647,2405.3852856787867,2440.804931640625,3970446,2477.3692016601562,2489.28365234375,2885.532061767578,2464.4393548741923,46.1146033723307,-17.32549666540217,-14.152545299768494,-3.1729513656336756,2600.0567876781142,2477.3692016601562,2354.6816156421983,0.09904667090859248,63.532926582386665,0.026029497793452105,19.93519254286558,18.52921219839122,26.65912995897357,-182386239.0,4548112.1,2579.0308149330826,2343.91860884341,3462.278587900945,2314.8132066050703
2026-05-01,2440.804931640625,2440.804931640625,2440.804931640625,2440.804931640625,0,2480.61025390625,2484.9760595703124,2881.457623291016,2462.1884574233763,46.1146033723307,-17.322280822383618,-14.78649240429152,-2.535788418092098,2595.596421924515,2480.61025390625,2365.6240858879846,0.09270796799875759,58.99486039793047,0.02417024795106267,19.796334786089343,18.529212198391225,26.65912995897357,-182386239.0,4406396.6,2579.0308149330826,2343.91860884341,3462.278587900945,2314.8132066050703
2026-05-04,2460.6360738276094,2464.8785979918853,2392.559133533261,2398.77490234375,2632358,2479.6532348632813,2479.5437158203126,2877.1816931152343,2456.1490712253167,41.958803243885946,-20.475179227491935,-15.924229768931603,-4.550949458560332,2597.0049641922897,2479.6532348632813,2362.301505534273,0.09465172603900694,59.94661783083717,0.024990514021247117,20.38321514379944,16.932526499971463,30.110540938065085,-185018597.0,4199763.55,2579.0308149330826,2356.8434646078067,3462.278587900945,2314.8132066050703
2026-05-05,2397.4922011892513,2427.485422911908,2379.9302759850466,2394.828369140625,3385720,2477.3544067382813,2473.8193359375,2873.444072265625,2450.3090043601082,41.57988958752668,-23.026886561344327,-17.34476112741415,-5.682125433930178,2599.3687639665727,2477.3544067382813,2355.34004950999,0.09850375618152846,59.061512766267455,0.02466210669930449,21.099405509886946,15.958688561675599,29.906122774673282,-188404317.0,4062463.4,2579.0308149330826,2356.8434646078067,3462.278587900945,2314.8132066050703
2026-05-06,2409.2328690917466,2437.9436740268407,2374.306536440952,2402.81982421875,3147628,2472.2042236328125,2468.6987646484376,2869.9547119140625,2445.7862252990262,42.70813839789684,-24.12617781028075,-18.701044463987472,-5.425133346293279,2597.6250708851235,2472.2042236328125,2346.7833763805015,0.10146479490113458,59.3883431105261,0.02471610335154262,21.4957788080574,15.995083212086174,27.617145378492935,-185256689.0,4103128.55,2579.0308149330826,2356.8434646078067,3462.278587900945,2314.8132066050703
2026-05-07,2405.582406456141,2407.0623398832377,2365.9202387848723,2369.274658203125,5829594,2464.4197631835937,2463.2427392578124,2866.1552282714842,2438.4994093851305,39.278951443013135,-27.388471344906975,-20.438529840171373,-6.949941504735602,2594.9961037581834,2464.4197631835937,2333.843422609004,0.10596923667411937,58.08504010965748,0.024515958885792326,21.991164601307982,15.185837062762875,27.251182422601772,-191086283.0,4034682.45,2579.0308149330826,2356.8434646078067,3462.278587900945,2314.8132066050703
2026-05-08,2365.920344937355,2374.7999458983372,2343.326789953136,2362.368408203125,3792199,2454.819921875,2457.4848095703123,2862.3607958984376,2431.248837843987,38.591924154698766,-30.183205922236084,-22.387465056584315,-7.795740865651769,2585.7642274340888,2454.819921875,2323.8756163159114,0.10668343074148831,56.18419124076774,0.023782992968274075,22.787860539695146,14.578210347489643,29.03315822415949,-194878482.0,4087695.3,2579.0308149330826,2343.326789953136,3462.278587900945,2314.8132066050703
2026-05-11,2339.2814955090735,2382.6928771212197,2339.2814955090735,2360.888427734375,1975188,2448.3378051757813,2451.8926318359377,2858.6743298339843,2424.5478464049766,38.43677144138612,-32.14690574617225,-24.339353194501903,-7.807552551670348,2584.30806704422,2448.3378051757813,2312.3675433073427,0.11107148824071401,55.2718476958662,0.0234114611459669,23.297692172487647,14.780370703455523,27.40436531418529,-196853670.0,3995892.2,2579.0308149330826,2339.2814955090735,3462.278587900945,2314.8132066050703
2026-05-12,2343.2279819983573,2343.2279819983573,2252.4587296430527,2269.52734375,6347884,2439.8380493164063,2446.497783203125,2854.6242211914064,2409.7839890092646,30.330333371128035,-40.607134179676905,-27.592909391536907,-13.014224788139998,2596.6118445697853,2439.8380493164063,2283.0642540630274,0.12851164059623038,59.06883700982735,0.02602693339319999,24.885591590726328,12.84240039363006,34.31014534291751,-203201554.0,3570639.65,2579.0308149330826,2252.4587296430527,3462.278587900945,2252.4587296430527
2026-05-13,2275.1510766173806,2278.308219875756,2238.6460506699204,2242.395263671875,3171843,2425.9217529296875,2439.4631640625,2850.5914672851563,2393.842205643799,28.41378912198421,-48.937141372505266,-31.86175578773058,-17.075385584774686,2599.966815610035,2425.9217529296875,2251.87669024934,0.14348777941428695,57.68264645239937,0.02572367476282716,26.503042868347386,12.211661726670448,34.33547247892254,-206373397.0,3701054.5,2579.0308149330826,2238.6460506699204,3462.278587900945,2238.6460506699204
2026-05-14,2234.6996825737074,2234.6996825737074,2176.883514966109,2215.953857421875,5633313,2409.598095703125,2431.5366455078124,2846.419748535156,2376.9004581940917,26.646651202936255,-57.01509803215686,-36.89242423661584,-20.12267379554102,2597.556722856014,2409.598095703125,2221.6394685502364,0.15600827996010022,58.24186804192556,0.02628297870321468,28.56843145510897,11.230522530500279,39.15144428956649,-212006710.0,3596577.45,2579.0308149330826,2176.883514966109,3462.278587900945,2176.883514966109
2026-05-15,2221.873423006846,2274.06564640704,2221.873423006846,2233.712890625,3410637,2393.9354614257813,2424.1685498046877,2842.2426989746095,2363.263546997035,29.80435170537494,-61.277561734687424,-41.76945173623016,-19.508109998457265,2585.6652953228154,2393.9354614257813,2202.2056275287473,0.16017961802766686,58.232576680728364,0.026069857466970478,29.447834907108152,15.258668697664076,36.36071320164232,-208596073.0,3682972.95,2579.0308149330826,2176.883514966109,3455.126629734175,2176.883514966109
2026-05-18,2233.7129057172556,2262.226194073794,2222.070714305826,2252.656005859375,3773336,2379.3137084960936,2417.6509228515624,2838.3104846191404,2352.729495460115,33.11197563099232,-62.4076473321079,-45.89709085540571,-16.51055647670219,2567.2698741809504,2379.3137084960936,2191.3575428112367,0.1579919159156691,56.94135547267404,0.025277430430817708,30.264423826821677,14.4900594139935,34.52915225216419,-204822737.0,3717594.5,2579.0308149330826,2176.883514966109,3433.192187008764,2176.883514966109
2026-05-19,2269.2314317901273,2345.793423403843,2266.3703232911885,2295.968994140625,10394707,2365.3332763671874,2412.5066748046875,2834.6537255859375,2347.323733429687,40.06591995256611,-59.12667661440764,-48.5430080072061,-10.583668607201545,2533.3543246523095,2365.3332763671874,2197.3122280820653,0.1420696609343596,59.52678847780218,0.025926651722961484,29.13900032229075,22.898226078237258,30.670198094112468,-194428030.0,3791833.4,2545.485597963241,2176.883514966109,3433.192187008764,2176.883514966109
2026-05-20,2292.8114703818346,2310.669430390967,2286.793218866712,2296.2646484375,2537422,2354.919470214844,2407.5459326171876,2831.271171875,2342.460963430431,40.11168939620003,-55.858722272134855,-50.00615086019185,-5.8525714119430035,2512.639579794995,2354.919470214844,2197.1993606346928,0.1339494717972347,56.98031869540597,0.02481435174912369,28.093964210940605,22.2128730326698,29.75222682419236,-191890608.0,4175570.8,2525.2598221872495,2176.883514966109,3427.37472311883,2176.883514966109
2026-05-21,2299.816595750975,2304.650948701518,2283.0440165455843,2296.0673828125,3299087,2345.31962890625,2402.9995703125,2828.000101318359,2338.042527181104,40.08969123389123,-52.677528837053615,-50.54042645556421,-2.137102381489406,2492.473339356567,2345.31962890625,2198.1659184559326,0.12548712647660995,54.45364822830079,0.02371604972742542,27.182477463585563,21.58330477177146,29.400769178124822,-195189695.0,4040839.65,2471.4889309127534,2176.883514966109,3404.0549041256045,2176.883514966109
2026-05-22,2299.9154856057353,2308.696328282268,2277.223171267918,2286.300048828125,2617262,2341.3928833007812,2398.8537890625,2824.691779785156,2333.1146720998677,38.95064994742429,-50.36398764493697,-50.50513869343877,0.14115104850179705,2490.4332459706206,2341.3928833007812,2192.352520630942,0.12730914468291163,52.81218457016144,0.023099411031912046,26.432085173728016,20.664557455220347,28.936522284408266,-197806957.0,4080341.5,2464.8785979918853,2176.883514966109,3404.0549041256045,2176.883514966109
2026-05-25,2325.0,2326.10009765625,2293.0,2308.199951171875,3298364,2336.0600341796876,2395.428173828125,2821.5740515136717,2330.741841535297,42.870065437592196,-46.230434812922795,-49.650197917335575,3.4197631044127803,2481.8003285300742,2336.0600341796876,2190.319739829301,0.12477444262391456,51.88274630287312,0.02247757880617414,25.330077610279517,21.92829513720467,27.35097591590965,-194508593.0,3955818.65,2464.8785979918853,2176.883514966109,3404.0549041256045,2176.883514966109
2026-05-26,2308.199951171875,2327.89990234375,2272.39990234375,2276.199951171875,3587597,2329.2702514648436,2392.3136669921873,2818.4594775390624,2325.5473757863997,38.93647306426112,-45.01776026005791,-48.72371038588005,3.7059501258221346,2472.864236402304,2329.2702514648436,2185.676266527383,0.1232952551101842,52.141121566953615,0.022907091945112014,24.6777778270378,20.261088438564027,28.093508305485727,-198096190.0,3828065.6,2464.8785979918853,2176.883514966109,3404.0549041256045,2176.883514966109
2026-05-27,2275.0,2295.60009765625,2260.89990234375,2284.199951171875,2653950,2321.400537109375,2389.8031396484375,2815.04025390625,2321.6095258231117,40.408594139277874,-42.916459567527454,-47.56226022220953,4.645800654682077,2456.5095067779594,2321.400537109375,2186.2915674407905,0.11640297958819561,50.89534112020693,0.022281473692395373,24.274973106387968,19.274380491028147,28.33932055320155,-195442240.0,3782027.3,2464.8785979918853,2176.883514966109,3404.0549041256045,2176.883514966109
2026-05-28,2284.199951171875,2284.199951171875,2284.199951171875,2284.199951171875,0,2313.5702880859376,2387.9220751953126,2811.6717138671875,2318.0467091896608,40.40859413927787,-40.781064898821114,-46.20602115753185,5.424956258710736,2437.805859956374,2313.5702880859376,2189.334716215501,0.1073972746885673,47.25995961162072,0.020689939857224275,23.900940151498837,19.274380491028147,28.33932055320155,-195442240.0,3772926.75,2464.8785979918853,2176.883514966109,3404.0549041256045,2176.883514966109
2026-05-29,2291.0,2334.0,2235.0,2258.89990234375,16331582,2304.4750366210938,2385.5606640625,2808.329207763672,2312.4136799662406,37.12583780939585,-40.66153092075274,-45.097123110176035,4.435592189423296,2416.1156306381536,2304.4750366210938,2192.834442604034,0.09689026111625958,50.95567678221924,0.022557740043881332,22.316692153855797,23.580421416037115,24.406501018466003,-211773822.0,3574404.45,2464.8785979918853,2176.883514966109,3404.0549041256045,2176.883514966109
2026-06-01,2284.0,2335.0,2280.0,2297.39990234375,7505095,2299.406286621094,2384.3145703125,2805.108243408203,2310.983796383146,44.51303857910826,-37.03327460265609,-43.48435340867205,6.451078806015957,2402.325536016814,2299.406286621094,2196.4870372253736,0.08951810734322807,52.75170684465001,0.022961482148072712,20.822819064521482,21.28601715624964,21.891569380570175,-204268727.0,4390983.55,2437.9436740268407,2176.883514966109,3404.0549041256045,2176.883514966109
2026-06-02,2320.0,2457.39990234375,2316.199951171875,2446.89990234375,11306127,2302.00986328125,2385.089609375,2802.685947265625,2323.928187427013,62.79362707724446,-21.842666095855293,-39.156015946108695,17.313349850253402,2416.44349478787,2302.00986328125,2187.5762317746303,0.09942062658542031,60.412299212889295,0.024689321845582524,21.35369049679035,31.731179109404447,17.750204664956204,-192962600.0,4634620.4,2457.39990234375,2176.883514966109,3404.0549041256045,2176.883514966109
2026-06-03,2393.0,2393.0,2224.800048828125,2241.699951171875,15660062,2293.9538696289064,2383.43396484375,2799.2164111328125,2316.0969268312856,42.22868369613553,-26.061499796877797,-36.53711271626251,10.475612919384716,2401.333510808093,2293.9538696289064,2186.57422844972,0.09361970404100341,71.96141023451327,0.03210126769949501,20.10224833034526,24.73587207201366,22.90939083896381,-208622662.0,5030640.75,2457.39990234375,2176.883514966109,3404.0549041256045,2176.883514966109
2026-06-04,2241.699951171875,2253.10009765625,2216.60009765625,2241.0,4867263,2287.54013671875,2381.0815771484376,2795.769442138672,2308.9448385616397,42.17794112138222,-29.125693248176958,-35.054828822645405,5.929135574468447,2391.4247923895778,2287.54013671875,2183.6554810479224,0.09082652059590957,69.42845236061946,0.03098101399402921,18.80621462264,23.80700285492696,22.892726563024286,-213489925.0,5656262.45,2457.39990234375,2176.883514966109,3404.0549041256045,2176.883514966109
2026-06-05,2262.89990234375,2271.800048828125,2192.0,2198.89990234375,5019717,2279.3667114257814,2378.0213671875,2792.1081103515626,2298.46436844565,39.132159169726336,-34.552910229629106,-34.95444510404215,0.4015348744130449,2384.1348666405743,2279.3667114257814,2174.5985562109886,0.09192742413023891,70.169280679727,0.031911084540471986,17.724677375813755,21.87310816496007,23.537258779516897,-218509642.0,5608145.9,2457.39990234375,2176.883514966109,3404.0549041256045,2176.883514966109
2026-06-08,2170.0,2177.0,2143.300048828125,2151.39990234375,6536734,2268.89228515625,2373.7151708984375,2788.2763745117186,2284.4582288168976,35.97558173401471,-42.20041173669688,-36.403638430573096,-5.796773306123782,2380.6216668056427,2268.89228515625,2157.1629035068577,0.09848804403836925,69.12860731086256,0.032131918959163924,17.444273925892038,20.616504549909685,27.217073956541288,-225046376.0,5669521.8,2457.39990234375,2143.300048828125,3404.0549041256045,2143.300048828125
2026-06-09,2174.0,2174.0,2132.800048828125,2151.0,4148655,2262.96591796875,2369.823251953125,2784.4962182617187,2271.747921310526,35.94929007579826,-47.74302864017818,-38.67151647249412,-9.071512167684062,2385.939919007915,2262.96591796875,2139.9919169295854,0.1086839179173735,67.13370330093488,0.031210461785650807,17.330710337776605,19.712765402691478,27.141167737690004,-229195031.0,5897599.1,2457.39990234375,2132.800048828125,3404.0549041256045,2132.800048828125
2026-06-10,2151.300048828125,2180.800048828125,2144.800048828125,2153.89990234375,2848650,2258.541149902344,2365.7446484375,2780.706427001953,2260.5243004565473,36.3127668300912,-51.31012342157874,-41.199237862311044,-10.110885559267693,2390.2177971524807,2258.541149902344,2126.864502652207,0.1166032748669027,64.90986735086811,0.030135972094263493,17.089894271545433,19.680132600914977,26.06596026876428,-226346381.0,5787637.65,2457.39990234375,2132.800048828125,3404.0549041256045,2132.800048828125
2026-06-11,2127.0,2154.60009765625,2110.0,2135.60009765625,3079815,2254.5234619140624,2361.90978515625,2776.427388916016,2248.6267573327095,34.96434475922595,-54.979938528270395,-43.955377995502914,-11.024560532767481,2395.7124739980923,2254.5234619140624,2113.3344498300326,0.1252495389550412,63.45916951553825,0.02971491225589593,17.37451015942284,18.692167940680246,28.674454750912297,-229426196.0,5771478.0,2457.39990234375,2110.0,3404.0549041256045,2110.0
2026-06-12,2150.0,2168.0,2138.0,2161.39990234375,2124656,2250.9078125,2357.61810546875,2772.2580407714845,2240.3194378099515,38.435329601886956,-55.17049371054145,-46.198401138510626,-8.972092572030824,2397.6382760870024,2250.9078125,2104.177348912998,0.13037447626434262,61.240650431839086,0.028333789765342253,17.352066387669264,19.548701974068667,27.59084965348269,-227301540.0,5643803.1,2457.39990234375,2110.0,3404.0549041256045,2110.0
2026-06-15,2192.0,2192.0,2159.300048828125,2162.0,3337083,2246.3750122070314,2352.4997998046874,2768.326287841797,2232.860443732813,38.5175240986743,-54.6431944681126,-47.88735980443102,-6.755834663681576,2398.1246495020696,2246.3750122070314,2094.6253749119933,0.13510623691094775,59.202029056127365,0.02738299216287112,16.8286484184201,21.673096342744664,26.502301735635307,-223964457.0,5579504.05,2457.39990234375,2110.0,3404.0549041256045,2110.0
2026-06-16,2167.0,2209.0,2160.60009765625,2199.0,3079898,2241.5265625,2347.663701171875,2764.161512451172,2229.6356395677835,43.52407898100439,-50.65578686258414,-48.44104521606165,-2.2147416465224836,2392.8239131326095,2241.5265625,2090.229211867391,0.1349949210183489,58.430448576671836,0.026571372704261863,15.998081677098744,22.468943944934235,24.934248425936943,-220884559.0,5557691.4,2457.39990234375,2110.0,3404.0549041256045,2110.0
2026-06-17,2209.0,2231.0,2200.699951171875,2223.0,2865010,2237.863330078125,2342.0072314453123,2760.036610107422,2229.0036738946615,46.56369188423254,-45.03994572591591,-47.76082531803251,2.720879592116596,2387.2172932479493,2237.863330078125,2088.5093669083003,0.13347907458192318,56.54255939262385,0.025435249389394444,14.916562515691968,24.339840347915374,23.926289669861465,-218019549.0,5191950.95,2457.39990234375,2110.0,3404.0549041256045,2110.0
2026-06-18,2209.0,2214.0,2182.0,2203.300048828125,3735188,2233.224963378906,2335.573955078125,2756.119724121094,2226.5557096026105,44.448960746951236,-41.69830053310989,-46.548320361047985,4.850019827938098,2380.8119894455626,2233.224963378906,2085.6379373122495,0.13217389961766768,55.432376578865004,0.025158796056101378,14.1505946232014,23.053931905626563,25.071851801585733,-221754737.0,5208330.35,2457.39990234375,2110.0,3404.0549041256045,2110.0
2026-06-19,2105.0,2138.0,2059.89990234375,2125.0,13286502,2225.1599609375,2326.986650390625,2751.8547814941408,2216.883737259505,37.21456494431672,-44.8511658807829,-46.208889464994975,1.3577235842120743,2377.806247516196,2225.1599609375,2072.5136743588037,0.1372002815603275,61.71578871497286,0.029042724101163698,15.221310061308678,19.227708872193947,35.04232951658003,-235041239.0,5230135.4,2457.39990234375,2059.89990234375,3404.0549041256045,2059.89990234375
2026-06-22,2132.199951171875,2157.0,2125.699951171875,2146.39990234375,2173671,2217.069958496094,2320.104033203125,2747.5621643066406,2210.170991077052,40.08476623041797,-45.10312041486259,-45.987735654968496,0.8846152401059086,2368.399392574766,2217.069958496094,2065.740524417422,0.13651299860769692,59.593232378189086,0.027764272777461727,15.829855084610431,20.767568906655555,33.69827164315497,-232867568.0,5763597.4,2457.39990234375,2059.89990234375,3404.0549041256045,2059.89990234375
