Date,open,high,low,close,volume,sma_20,sma_50,sma_200,ema_20,rsi_14,macd,macd_signal,macd_hist,bb_upper,bb_mid,bb_lower,bb_width,atr_14,atr_pct,adx_14,plus_di,minus_di,obv,avg_volume_20,recent_high_20,recent_low_20,recent_high_52w,recent_low_52w
2024-06-26,3380.2335830585553,3380.2335830585553,3348.9305232713014,3351.663330078125,1485709,,,,3351.663330078125,,0.0,0.0,0.0,,,,,,,,,,0.0,,,,,
2024-06-27,3359.888494481596,3382.320984429915,3350.96539716155,3370.456787109375,1462935,,,,3353.4531831287204,,1.4991931534900687,0.29983863069801375,1.199354522792055,,,,,,,,,,1462935.0,,,,,
2024-06-28,3370.456796367075,3409.638684191286,3356.249552694116,3393.98583984375,1005498,,,,3357.3134361491993,,4.53365133342777,1.146601171243965,3.3870501621838045,,,,,,,,,,2468433.0,,,,,
2024-07-01,3371.852473732355,3424.693449813909,3371.353973958001,3421.154052734375,1001832,,,,3363.393494871597,,9.026675137093662,2.7226159644139045,6.304059172679757,,,,,,,,,,3470265.0,,,,,
2024-07-02,3435.6604899430276,3439.6484881902047,3375.142665223735,3389.449462890625,878947,,,,3365.875015635314,,9.914841318959134,4.161061035322951,5.753780283636183,,,,,,,,,,2591318.0,,,,,
2024-07-03,3410.5360958042284,3416.6675456491894,3331.8726855761483,3350.167724609375,980605,,,,3364.379083156653,,7.3641224097341365,4.801673310205189,2.5624490995289477,,,,,,,,,,1610713.0,,,,,
2024-07-04,3354.903465289292,3359.788665691261,3320.0084812521077,3325.990478515625,741143,,,,3360.723025571793,,3.353105086940559,4.511959665552263,-1.1588545786117042,,,,,,,,,,869570.0,,,,,
2024-07-05,3322.0024508526385,3322.0024508526385,3247.227485722402,3259.54052734375,2001382,,,,3351.086597169123,,-5.128492682086744,2.5838691960244615,-7.7123618781112055,,,,,,,,,,-1131812.0,,,,,
2024-07-08,3194.386608389134,3194.386608389134,3116.7204395871063,3146.72998046875,5323920,,,,3331.624062245278,,-20.714306722697074,-2.0757659877198456,-18.63854073497723,,,,,,,,,,-6455732.0,,,,,
2024-07-09,3160.4884984373452,3212.382372463967,3155.5035008057403,3205.5029296875,2044328,,,,3319.612525811204,,-28.00091372028146,-7.260795534232169,-20.74011818604929,,,,,,,,,,-4411404.0,,,,,
2024-07-10,3208.0952397309534,3242.9403246453567,3180.927002520894,3215.323486328125,1437517,,,,3309.6802363366246,,-32.607288886996685,-12.330094204785073,-20.27719468221161,,,,,,,,,,-2973887.0,,,,,
2024-07-11,3237.2075879273298,3248.9722311090127,3220.3084945092783,3238.852783203125,1105185,,,,3302.934764609625,,-33.96769829667937,-16.657615023163935,-17.31008327351544,,,,,,,,,,-1868702.0,,,,,
2024-07-12,3256.20061701659,3259.1916157462438,3210.3885351556773,3220.1591796875,1496692,,,,3295.0513755694224,,-36.13767747876909,-20.55362751428497,-15.584049964484123,,,,,,,,,,-3365394.0,,,,,
2024-07-15,3232.023269573219,3242.6412173463914,3195.782238810125,3214.52587890625,1243810,,,,3287.3822806491203,,-37.875358353511274,-24.01797368213023,-13.857384671381045,,,,,59.78769431890198,0.018599226315528957,,14.840597205049047,32.618814802289364,-4609204.0,,,,,
2024-07-16,3218.2646409433733,3241.2455291968117,3214.426338730029,3224.346435546875,501336,,,,3281.378866829859,36.46098039439674,-38.02175499511441,-26.818729944727064,-11.203025050387343,,,,,57.432801186607755,0.01781223027198276,,14.345592863503361,31.530822538897528,-4107868.0,,,,,
2024-07-18,3223.2495735893417,3259.2912525515285,3196.3804850061692,3252.312255859375,1086374,,,,3278.6106181660034,40.285883461487316,-35.472265216511005,-28.549436999083856,-6.922828217427149,,,,,57.82408449794715,0.017779376624667914,,13.230767903118231,31.30965558247009,-3021494.0,,,,,
2024-07-19,3252.26257713348,3269.161671584938,3225.2936894105746,3249.2216796875,1111191,,,,3275.8116716442414,39.99931456870457,-33.31710106503124,-29.502969812273335,-3.814131252757903,,,,,56.8272200462626,0.017489486913594664,,13.741884648733647,29.583255286652204,-4132685.0,,,,,
2024-07-22,3240.248459384825,3263.578150929161,3213.5288234073573,3244.68505859375,696255,,,,3272.847232306099,39.55452958492487,-31.61079577929877,-29.924535005678425,-1.6862607736203437,,,,,56.34308486594411,0.01736473150659598,,12.869966157648795,29.197689612907052,-4828940.0,,,,,
2024-07-23,3245.3333426767954,3479.5284403380283,3222.45200820655,3456.447998046875,7159507,,,,3290.3330195195063,61.22766217547394,-13.020939820948115,-26.543815968732364,13.522876147784249,,,,,70.68118109919655,0.020449079847038393,,31.34979313264921,21.612282097640694,2330567.0,,,,,
2024-07-24,3459.5884359151196,3541.8408987286634,3451.76189209023,3467.963134765625,3862140,3299.9239501953125,,,3307.25017335247,62.02503087015805,2.610735324223697,-20.712905710141154,23.32364103436485,3482.849886917185,3299.9239501953125,3116.99801347344,0.11086675904215645,72.0667400662849,0.02078071111651404,,34.72690838147487,19.682708700264826,6192707.0,,3541.8408987286634,3116.7204395871063,,
2024-07-25,3404.7534017000667,3444.035085896709,3374.295017316564,3395.5810546875,1476422,3302.119836425781,,,3315.6626382415207,54.44544635950897,9.053953220057792,-14.759533924101365,23.813487144159158,3488.499219143023,3302.119836425781,3115.7404537085395,0.11288468738250214,73.60969559362604,0.02167808525495512,,31.570487879017865,25.410841153769734,4716285.0,1831315.3,3541.8408987286634,3116.7204395871063,,
2024-07-26,3395.5812480048753,3491.193411201591,3382.819604587411,3483.666015625,1830745,3307.7802978515624,,,3331.6629598970903,60.7339961682337,21.02559998565357,-7.602507142150379,28.62810712780395,3508.446503971252,3307.7802978515624,3107.114091731873,0.12132982728630687,76.09284638080847,0.02184275014869838,,32.785562285706945,22.825775937783014,6547030.0,1830850.95,3541.8408987286634,3116.7204395871063,,
2024-07-29,3484.513491637484,3489.049888355427,3377.8345378162503,3401.46337890625,2213293,3308.1541748046875,,,3338.3106188503434,53.33459795210144,23.60801204397694,-1.3604033049249145,24.968415348901857,3509.4882056681054,3308.1541748046875,3106.8201439412696,0.12171985961041527,78.60159667783476,0.023108170784748923,,29.472054712304963,20.97187866946268,4333737.0,1849241.45,3541.8408987286634,3116.7204395871063,,
2024-07-30,3414.6736200454043,3468.561495350681,3400.366822296563,3457.84375,1316880,3309.988659667969,,,3349.694726578882,57.187288622080004,29.859811640807948,4.8836396842216585,24.97617195658629,3516.0214967276547,3309.988659667969,3103.955822608283,0.12449156673567173,77.85824499042643,0.022516415031889867,,27.628193533582152,19.659814298621164,5650617.0,1909631.2,3541.8408987286634,3116.7204395871063,,
2024-07-31,3468.611321454025,3489.398615956821,3436.2088361879028,3448.571533203125,1361595,3312.9447631835938,,,3359.1115653050006,56.363141677715824,33.67799845634363,10.642511438646054,23.035487017697577,3525.0598604128504,3312.9447631835938,3100.829665954337,0.12805229932383383,76.09621176031868,0.022066009368707656,,28.20469541656697,18.678255024933772,4289022.0,1925383.6,3541.8408987286634,3116.7204395871063,,
2024-08-01,3464.57355338404,3481.5225463070697,3432.171066913542,3457.943603515625,879399,3318.3335571289062,,,3368.524140372679,57.03710357336552,37.03329004949683,15.920667160816208,21.11262288868062,3539.2509195970983,3318.3335571289062,3097.416194660714,0.1331495816588942,74.18587373411934,0.02145375467046252,,26.86448700819596,18.179486030958135,5168421.0,1949516.0,3541.8408987286634,3116.7204395871063,,
2024-08-02,3404.7534005942553,3467.4645737719798,3399.768402935991,3451.96142578125,1168195,3324.6321044921874,,,3376.470548506829,56.43791805356003,38.76283720435913,20.489101169524794,18.273736034834336,3553.1170055500943,3324.6321044921874,3096.1472034342805,0.13744973511456013,73.72232352711,0.02135664755014611,24.99611207494923,25.10244764702155,20.12654582191032,4000226.0,1944455.7,3541.8408987286634,3116.7204395871063,,
2024-08-05,3310.088379581103,3448.621417322425,3306.548982523799,3365.820556640625,1932064,3329.9461059570312,,,3375.4562635671905,48.53177540490384,32.80451749732856,22.95218443508555,9.852333062243012,3557.067902797649,3329.9461059570312,3102.8243091164136,0.13641169533303454,78.8430463649915,0.02342461371252767,23.82815574151554,21.795508451831882,25.92041834439377,2068162.0,1965808.3,3541.8408987286634,3116.7204395871063,,
2024-08-06,3370.8055445622945,3406.099474307244,3311.13526816504,3325.09326171875,976535,3338.8642700195314,,,3370.6597872006723,45.3006133293451,24.513576622014625,23.264462872471366,1.249113749543259,3549.950167916053,3338.8642700195314,3127.77837212301,0.1264417363664123,79.9945577776495,0.024057838827744666,22.74362486046997,19.947353120934213,23.722490296596256,1091627.0,1962342.4,3541.8408987286634,3155.5035008057403,,
2024-08-07,3349.9185104284106,3358.742053868223,3307.097428150833,3316.269775390625,1277139,3344.4026123046874,,,3365.4797860759063,44.60769557859144,17.03460037019977,22.018490372017048,-4.983890001817279,3546.8368390752275,3344.4026123046874,3141.9683855341473,0.12105852688055348,77.96956263048813,0.023511224330747958,21.794068027683934,19.003602443263233,22.97003996000606,-185512.0,1744973.15,3541.8408987286634,3180.927002520894,,
2024-08-08,3326.9876140384454,3349.8687058249648,3274.0468387293126,3286.609130859375,1280733,3347.96689453125,,,3357.968295102903,42.26720863422653,8.614785790128735,19.337749455639386,-10.722963665510651,3543.5801172028355,3347.96689453125,3152.3536718596647,0.11685493246131591,77.81615580657127,0.023676729634784434,21.378570447511073,17.680990004224086,24.405132719818837,-1466245.0,1706613.7,3541.8408987286634,3195.782238810125,,
2024-08-09,3339.9485096810986,3339.9485096810986,3275.2433359164847,3321.703369140625,1019809,3352.109423828125,,,3354.514492630305,45.88508198171785,4.719431143960719,16.414085793303656,-11.694654649342937,3541.7213100142626,3352.109423828125,3162.497537641987,0.11312989059265262,76.8796570892886,0.02314464855697772,20.99275126592199,16.618056458966265,22.937961806981537,-446436.0,1698774.5,3541.8408987286634,3195.782238810125,,
2024-08-12,3321.653386524888,3334.9634276126762,3285.4624983149342,3310.885986328125,874598,3356.6457641601564,,,3350.359396792002,44.950038233955475,0.7508072948944573,13.281430093621816,-12.530622798727359,3537.554732491585,3356.6457641601564,3175.7367958287277,0.10779151631848927,74.9240336756067,0.0226296024644146,20.63449059730355,15.833824753591989,21.855484024449186,-1321034.0,1694505.7,3541.8408987286634,3195.782238810125,,
2024-08-13,3320.0085734771596,3394.5342914553635,3295.482286652197,3373.39794921875,1314371,3364.5893676757814,,,3352.553544642168,51.14571434758744,2.619639697358707,11.149072014369196,-8.529432317010489,3533.3855947053535,3364.5893676757814,3195.7931406462094,0.1003368961759363,76.64746018471808,0.022721143884749495,19.175985928315782,19.92371360327446,19.838056717522413,-6663.0,1663401.0,3541.8408987286634,3196.3804850061692,,
2024-08-14,3379.8284474589036,3405.949786778295,3346.7780100040686,3391.94189453125,997803,3372.969140625,,,3356.304816060176,52.84129043304637,5.533260268977301,10.025909665290818,-4.492649396313517,3529.2614949592735,3372.969140625,3216.6767862907263,0.09267345642261827,75.39919708396869,0.022228917660863556,18.021272269336123,19.88830966283975,18.726020374277827,991140.0,1666929.05,3541.8408987286634,3196.3804850061692,,
2024-08-16,3399.768571200967,3439.7483517622013,3360.0879391956523,3434.414306640625,1161982,3382.0742431640624,,,3363.743815163076,56.56001295544874,11.141066978897015,10.24894112801206,0.8921258508849554,3530.1930244560754,3382.0742431640624,3233.9554618720495,0.08759049662578788,75.7035696184387,0.02204264333282731,17.516964603918808,21.58246033352941,17.318535782672555,2153122.0,1691752.4,3541.8408987286634,3213.5288234073573,,
2024-08-19,3425.8899174726134,3493.685889097806,3425.8899174726134,3454.4541015625,1135205,3392.3358642578123,,,3372.382890058259,58.23353193636212,17.00630012740021,11.60041292788969,5.405887199510518,3530.306071032467,3392.3358642578123,3254.3656574831575,0.0813423035309273,75.13874119034969,0.021751263435911144,17.834060091297324,25.318929129137953,16.202384378795823,3288327.0,1695532.8,3541.8408987286634,3213.5288234073573,,
2024-08-20,3469.558427871756,3472.649223834534,3444.0351420736,3464.4736328125,526591,3403.32529296875,,,3381.1534369872343,59.082303740836785,22.207043119789887,13.721738966269731,8.485304153520156,3526.748658793987,3403.32529296875,3279.901927143513,0.0725310425543094,71.8155512311057,0.020729137768846287,18.128505901005944,24.598355087343183,15.74126623517318,3814918.0,1696733.5,3541.8408987286634,3222.45200820655,,
2024-08-21,3464.473580918054,3571.252328298247,3444.1847864601523,3549.717041015625,1990034,3407.9887451171876,,,3397.207113561367,65.50500053589353,32.82867155316808,17.5431254836494,15.285546069518677,3545.3497312382387,3407.9887451171876,3270.6277589961364,0.0806111735655558,75.76212198874778,0.021343144006506824,19.558592726249266,30.947794391932277,13.855472767957911,5804952.0,1688250.3,3571.252328298247,3274.0468387293126,,
2024-08-22,3564.223615995652,3614.1234938824637,3543.037374824617,3593.585205078125,1531544,3414.2698486328127,,,3415.9097889439154,68.26563786630237,44.27579897971009,22.88966018286154,21.38613879684855,3572.0039767405797,3414.2698486328127,3256.5357205250457,0.09239698975224761,75.4281217793977,0.020989657257273208,21.2777371231268,32.92428151679993,12.922766652187752,7336496.0,1429776.65,3614.1234938824637,3274.0468387293126,,
2024-08-23,3600.613912007638,3611.979852719968,3533.366342240021,3559.288330078125,1173387,3422.455212402344,,,3429.5648880995545,63.956153356423044,50.00384555059418,28.312497256408072,21.691348294186106,3592.0083670119643,3422.455212402344,3252.9020577927236,0.09908276023317479,75.65564954372267,0.021255836146902452,22.658038535945373,30.480602855017786,12.876692486377284,6163109.0,1313246.85,3614.1234938824637,3274.0468387293126,,
2024-08-26,3581.222525688669,3629.078505987404,3563.3264317377416,3619.307861328125,1156681,3429.2373046875,,,3447.6356474546565,67.78843744552266,58.70966976652198,34.39193175843086,24.317738008091126,3617.824488044703,3429.2373046875,3240.650121330297,0.1099878291300627,75.2366871412624,0.0207875897889642,24.10331001929423,30.08434736148506,12.02351199320849,7319790.0,1298095.1,3629.078505987404,3274.0468387293126,,
2024-08-27,3619.3077940124144,3647.822079106646,3519.906985463965,3540.5947265625,1169007,3436.1938720703124,,,3456.488893083975,58.93806178130347,58.58230568354929,39.23000654345455,19.352299140094743,3630.3519707895402,3436.1938720703124,3242.0357733510846,0.11300765087637343,78.99943046279229,0.022312474757451673,24.471933393650392,26.60489903112582,14.558752661967045,6150783.0,1264391.9,3647.822079106646,3274.0468387293126,,
2024-08-28,3548.9694547330123,3569.208594872375,3509.338721459846,3516.916015625,727481,3439.1474853515624,,,3462.2438571355015,56.54636401949068,55.926014367874814,42.56920810833861,13.356806259536206,3636.3071704338413,3439.1474853515624,3241.9878002692835,0.114656138430844,77.63303353063064,0.02207417896410423,24.58903674022666,25.139366839197535,14.72914746968632,5423302.0,1212177.6,3647.822079106646,3274.0468387293126,,
2024-08-29,3526.3875240490474,3543.0872670594576,3499.4685353158484,3522.598876953125,927472,3442.8488525390626,,,3467.9919542609896,56.99738731730855,53.66087461831785,44.787541410334455,8.873333207983393,3643.328790093877,3442.8488525390626,3242.368914984248,0.1164616549500643,75.20344054584339,0.021348851564641013,24.482097109932262,24.097861205180795,15.056404421540256,6350774.0,1182707.65,3647.822079106646,3274.0468387293126,,
2024-08-30,3539.348434901835,3587.2044137399444,3531.8709382083803,3554.452880859375,2116894,3447.67431640625,,,3476.2263282227404,59.5328494741112,53.81573268035072,46.59317966433771,7.222553016013009,3653.937707442816,3447.67431640625,3241.410925369684,0.1196536401684071,74.44644742019882,0.0209445588155327,24.95049555269131,26.83699163133991,14.123109297095512,8467668.0,1161001.5,3647.822079106646,3274.0468387293126,,
2024-09-02,3554.452952055237,3591.142585247635,3541.3425049533485,3576.785888671875,718800,3453.9155395507814,,,3485.8034292178963,61.25756348951146,55.105325999688375,48.29560893140784,6.809717068280534,3667.735694760167,3453.9155395507814,3240.095384341396,0.12381319274367385,72.6859926254908,0.020321594551045496,25.433890371781498,25.910631983609523,13.431944513586057,9186468.0,1222876.25,3647.822079106646,3274.0468387293126,,
2024-09-03,3576.7858724485113,3623.9936562597827,3549.467938060294,3610.284912109375,1112614,3466.1387573242187,,,3497.658808540894,63.75305173128979,58.159996982791654,50.26848654168461,7.8915104411070445,3686.2740827377097,3466.1387573242187,3246.0034319107276,0.12702049215330927,72.8174015950621,0.02016943353994663,26.278756944276267,27.23890420384039,12.450011535868342,10299082.0,1200406.5,3647.822079106646,3274.0468387293126,,
2024-09-04,3575.3401998079667,3606.645888456487,3557.4937617372993,3596.875244140625,529856,3479.7278564453127,,,3507.1079928837253,62.030607406285945,58.820748633211224,51.97893895998993,6.841809673221292,3696.8926474822406,3479.7278564453127,3262.563065408385,0.12481711213978142,71.3869550791345,0.01984693664186022,27.063275904449984,25.800092822964086,11.79237794841576,9769226.0,1159434.0,3647.822079106646,3274.0468387293126,,
2024-09-05,3605.748727753288,3742.686472098319,3589.597140057635,3711.679931640625,3437885,3499.4983642578127,3401.853212890625,,3526.5910346700966,69.60255466436794,67.82631831791923,55.1484148315758,12.677903486343432,3725.3604875421784,3499.4983642578127,3273.636240973447,0.1290825711428886,77.2228391478166,0.020805360529479386,29.048973201523232,34.73003735923572,10.122546954653986,13207111.0,1137100.05,3742.686472098319,3274.0468387293126,,
2024-09-06,3703.803457948726,3730.77234466433,3654.003378726555,3684.411865234375,1408795,3519.3885009765627,3408.50818359375,,3541.621589961933,66.22446039797492,71.93378421720126,58.505488708700895,13.42829550850037,3736.6566855067567,3519.3885009765627,3302.1203164463686,0.1234692813651612,77.19041963281362,0.020950540399994975,30.892834977376964,32.26286492687247,9.403455623611013,11798316.0,1245137.35,3742.686472098319,3275.2433359164847,,
2024-09-09,3679.0282694304474,3713.275059162532,3642.7872371183857,3673.494873046875,923357,3536.978076171875,3414.5689453125,,3554.1809502557367,64.86707173523247,73.46125488439156,61.49664194383903,11.964612940552534,3744.105485993888,3536.978076171875,3329.8506663498615,0.11712111602692797,76.71166266219453,0.020882474404699043,32.31600782389478,30.145344589138926,9.830644396197112,10874959.0,1251540.45,3742.686472098319,3285.4624983149342,,
2024-09-10,3692.8863721006087,3738.7483518837157,3655.0003888015203,3716.216064453125,1109078,3557.244580078125,3421.0135498046875,,3569.612865893583,67.66053911641606,77.2287841530947,64.64307038569017,12.585713767404528,3750.791896897261,3557.244580078125,3363.6972632589896,0.10881867269013304,77.21425554933745,0.02077765506906828,33.84851758314275,30.16636038492269,9.069037767519541,11984037.0,1246717.85,3742.686472098319,3295.482286652197,,
2024-09-11,3720.702483582888,3732.267775602727,3688.99809295764,3699.965087890625,831810,3573.5729370117188,3426.5897705078123,,3582.0273632266344,65.52619235452904,78.00407779563284,67.3152718676787,10.688805927954135,3757.1703629786048,3573.5729370117188,3389.9755110448327,0.102752863424365,74.78964319903385,0.020213607810465023,35.27156235958729,28.919731664897505,8.694258616182688,11152227.0,1258441.85,3742.686472098319,3346.7780100040686,,
2024-09-12,3724.7903290413096,3762.6763120454775,3699.9651375412905,3752.95556640625,1337327,3591.6236206054687,3433.859892578125,,3598.306239719931,68.96411941602483,81.94972690945906,70.24216287603477,11.70756403342429,3771.1852104181285,3591.6236206054687,3412.062030792809,0.09998909060654283,73.92689898159233,0.01969831448134707,36.84644935340352,30.1055187505631,8.167456746023811,12489554.0,1234313.8,3762.6763120454775,3360.0879391956523,,
2024-09-13,3765.667261020872,3788.4487978636757,3728.7782780561456,3755.697265625,1003355,3607.6877685546874,3441.9704833984374,,3613.2958612346997,69.13562235981618,84.32585846726306,73.05890199428043,11.266956472982628,3785.595653869678,3607.6877685546874,3429.779883239697,0.09862709676024091,72.90858618344502,0.01941279635362517,38.50846418244633,30.870504712312243,7.68999349369994,13492909.0,1251290.0,3788.4487978636757,3425.8899174726134,,
2024-09-16,3756.6943045883545,3777.6312951394043,3724.192021893488,3729.42626953125,386602,3621.436376953125,3450.03919921875,,3624.3559001200856,65.40598657927902,83.13082956100106,75.07328750762457,8.057542053376494,3792.20832988951,3621.436376953125,3450.66442401674,0.09431172339416488,71.51792097362156,0.01917665501471641,39.91002744884529,29.22286839352851,7.73761188085936,13106307.0,1243358.65,3788.4487978636757,3444.0351420736,,
2024-09-17,3748.618450760153,3765.6672401558653,3716.1164119945533,3756.095947265625,392339,3636.0174926757813,3459.9703076171877,,3636.9025712768034,67.33264376181174,83.3746891310766,76.73356783231498,6.641121298761618,3800.370173008519,3636.0174926757813,3471.6648123430436,0.09040257956063293,69.94884291559944,0.018622751893896915,40.9521336382179,27.744219069463057,8.17074057435107,13498646.0,1205928.5,3788.4487978636757,3444.1847864601523,,
2024-09-18,3757.691296185591,3774.6402885005696,3696.8743237612553,3714.17236328125,420638,3644.2402587890624,3471.3191552734374,,3644.2615990867507,61.5313451094331,79.27127680538979,77.24110962692994,2.0301671784598483,3806.946838775436,3644.2402587890624,3481.533678802689,0.08929519923608932,70.5072087601505,0.018983289374826316,41.30577392783609,25.558468947681494,9.476385489038298,13078008.0,1199215.9,3788.4487978636757,3499.4685353158484,,
2024-09-19,3738.7483807954545,3783.613361365,3729.875182001606,3769.60546875,945257,3653.0412719726564,3482.6012060546873,,3656.1991104832505,65.73516147038853,79.57499035621458,77.70788577278687,1.867104583427718,3822.728337240016,3653.0412719726564,3483.3542067052967,0.09290180571966437,70.43105085469332,0.018683931631192228,41.73919053573511,24.66854256260813,8.809015812697663,14023265.0,1120746.1,3788.4487978636757,3499.4685353158484,,
2024-09-20,3781.619291198779,3807.541279485404,3728.778315076044,3785.806640625,1951755,3664.3671875,3494.010869140625,,3668.5426847824647,66.87452104194814,80.19850624667652,78.2060098675648,1.9924963791117136,3837.7107782924536,3664.3671875,3491.0235967075464,0.09461038259690158,71.02618753716955,0.01876117675292677,42.41384069576184,25.120915219338766,8.111260899037015,15975020.0,1091431.75,3807.541279485404,3499.4685353158484,,
2024-09-23,3785.8067472228045,3817.5113824707787,3769.6554027479797,3808.63818359375,530107,3673.833703613281,3505.4065771484375,,3681.8851132406826,68.46587370251683,81.59439242335793,78.88368637872344,2.7107060446344917,3856.7169894742183,3673.833703613281,3490.950417752344,0.09955991512684319,69.37117269328594,0.01821416720341463,43.150031154950646,24.909654441316118,7.711576211126485,16505127.0,1130350.15,3817.5113824707787,3499.4685353158484,,
2024-09-24,3806.544239128682,3828.3784316651104,3770.203654621133,3773.54345703125,1281513,3685.4811401367188,3516.4742626953125,,3690.6144793159747,63.42230894895873,78.95860548644578,78.8986702002679,0.05993528617787547,3862.516523948119,3685.4811401367188,3508.4457563253186,0.0960717893158627,68.57143014690676,0.018171628584040155,43.95394065527723,24.53214541464287,7.244264527342555,15223614.0,1099021.45,3828.3784316651104,3499.4685353158484,,
2024-09-25,3788.598343743729,3792.1377408780563,3698.9182816306775,3726.03662109375,942343,3695.9371704101563,3526.7044775390623,,3693.9880166281437,57.27190037424555,72.20399797691152,77.55973575559663,-5.355737778685111,3855.781851309254,3695.9371704101563,3536.092489511059,0.08649750984882612,70.33200365408334,0.01887582190038645,42.48296515689086,22.209616743567434,13.798109700323717,14281271.0,1104646.75,3828.3784316651104,3499.4685353158484,,
2024-09-26,3726.7842452614123,3765.8166795198954,3690.293965079405,3746.275634765625,1863893,3707.1210083007813,3537.1430615234376,,3698.9677897840943,59.09197161609979,67.70359719566659,75.58850804361063,-7.884910847944042,3846.933627526991,3707.1210083007813,3567.3083890745716,0.07542921793658694,70.70276871025526,0.018872815458139288,40.892128130993235,20.515067481964778,13.616626563377107,16145164.0,1115389.85,3828.3784316651104,3531.8709382083803,,
2024-09-27,3762.6764571534063,3855.397419134134,3739.9448177926392,3805.248291015625,2164755,3719.660778808594,3548.2017822265625,,3709.0897422823355,63.91527166481048,68.11046264117931,74.09289896312437,-5.982436321945059,3846.872674528472,3719.660778808594,3592.448883088716,0.06839972959073116,73.89918532677237,0.019420332045415253,40.68083234331626,26.88432004137738,12.097109562627969,18309919.0,1162210.9,3855.397419134134,3541.3425049533485,,
2024-09-30,3774.6402347356,3851.9575972586726,3774.6402347356,3812.476318359375,1068609,3731.4453002929686,3559.466875,,3718.936082861101,64.4682474829261,68.22963903028585,72.92024697655667,-4.690607946270816,3846.630649432027,3731.4453002929686,3616.25995115391,0.061737659201390314,74.1433408407938,0.019447554463157934,40.48462911190193,24.881804474664076,11.196039713209611,19378528.0,1164603.95,3855.397419134134,3549.467938060294,,
2024-10-01,3812.476339209312,3826.4343327579913,3745.7272687420664,3764.620361328125,774221,3739.162072753906,3569.8655810546875,,3723.286966524627,58.11795239214549,63.727895879311745,71.08177675710769,-7.353880877795945,3840.718063957816,3739.162072753906,3637.6060815499964,0.05432018683753574,74.61217821044602,0.01981931006294709,39.546141989715736,22.95935175722275,13.098924310382563,18604307.0,1182094.4,3855.397419134134,3557.4937617372993,,
2024-10-03,3678.031274186905,3770.65243846659,3639.098391628468,3663.923583984375,1597560,3742.5144897460937,3574.0150927734376,,3717.633311044603,47.5126801563774,51.44185395435352,67.15379219655686,-15.711938242203345,3828.2566746363213,3742.5144897460937,3656.772304855866,0.04582062948595011,78.67945454099429,0.021474098118452956,36.89337423487567,20.2173075130322,21.21473989696161,17006747.0,1165174.75,3855.397419134134,3589.597140057635,,
2024-10-04,3614.123357833208,3742.5369481669413,3614.123357833208,3659.088134765625,1542987,3739.884899902344,3577.8375927734373,,3712.0575799704143,47.068511489251726,40.844071836673265,61.89184812458015,-21.047776287906885,3832.22070360339,3739.884899902344,3647.5490962012977,0.04937895479267678,82.23189281190422,0.022473329360559773,34.81804818193142,17.962206588896603,21.017772923542903,15463760.0,1218559.95,3855.397419134134,3614.123357833208,,
2024-10-07,3728.728499671182,3736.7543949053597,3541.641627396217,3578.480712890625,2523321,3734.588342285156,3581.4955859375,,3699.335973581863,40.30436025176499,25.645284992773213,54.64253549821877,-28.997250505445557,3848.64314208191,3734.588342285156,3620.5335424884024,0.06108025267757612,90.29481243313555,0.025232722956384807,33.866346513254776,15.189815206480871,23.50750399517529,12940439.0,1123815.05,3855.397419134134,3541.641627396217,,
2024-10-08,3578.480565841405,3584.2133131433734,3469.5583671040163,3482.868408203125,1360120,3725.057019042969,3581.4796337890625,,3678.720014974364,34.053156452059554,5.817957205612402,44.877619839697495,-39.05966263408509,3881.809102001468,3725.057019042969,3568.30493608447,0.08416090393095323,92.03482197643709,0.0264250069740417,33.75061076415823,13.838162642929007,27.010118029279454,11580319.0,1179541.35,3855.397419134134,3469.5583671040163,,
2024-10-09,3507.444405130109,3548.1220353152257,3476.1387167283983,3482.968017578125,1063802,3713.3946166992187,3583.1097265625,,3660.0769676032937,34.06463009114387,-9.774629426272895,33.94716998650342,-43.72179941277631,3902.426236881017,3713.3946166992187,3524.3629965174205,0.10181068251228607,90.60257173432211,0.026013035800806012,33.64314185428287,13.052851545782,25.477302873758635,12644121.0,1201379.5,3855.397419134134,3469.5583671040163,,
2024-10-10,3499.4684607635613,3520.953849994883,3404.8532997431926,3436.90673828125,1488328,3700.24169921875,3582.690986328125,,3638.8226600488133,31.34853549263383,-25.554055712243553,22.046924846754024,-47.60098055899758,3924.504927165673,3700.24169921875,3475.978471271827,0.1212154481661416,92.42385591413414,0.026891580991910777,34.20034108816924,11.881661000540987,28.70050658538084,11155793.0,1199115.7,3855.397419134134,3404.8532997431926,,
2024-10-11,3453.6063998237105,3480.5253873512047,3433.9655576056384,3463.97509765625,858463,3685.79267578125,3582.9990576171876,,3622.1705112495215,34.64631717949217,-35.466340450970165,10.544271787209187,-46.01061223817935,3930.879454984027,3685.79267578125,3440.7058965784736,0.1329899974098936,89.14785404495072,0.025735708696424747,34.71774037677802,11.438410115170921,27.62982084927372,12014256.0,1231941.6,3855.397419134134,3404.8532997431926,,
2024-10-14,3463.9752395899745,3514.4235156458903,3442.1909448357246,3487.30517578125,593206,3672.3730712890624,3583.5862890625,,3609.3261935858764,37.43588143053779,-40.96711182944864,0.2419950638776207,-41.209106893326265,3929.7624910329387,3672.3730712890624,3414.983651545186,0.1401760740248149,87.93961952818036,0.025217070229157538,34.494464392278346,13.52067249557555,26.00876296426839,12607462.0,1207998.4,3855.397419134134,3404.8532997431926,,
2024-10-15,3513.376494664981,3518.8599921573987,3466.5674147522313,3497.972900390625,578719,3660.800402832031,3584.5065185546873,,3598.7211180434715,38.72382907072476,-43.958984743127075,-8.59820089752332,-35.360783845603756,3927.5318730622466,3660.800402832031,3394.0689326018155,0.14572303369714967,85.39340223367942,0.02441225380109245,34.19575737669879,13.300361763126405,24.871116315308797,13186181.0,1187490.95,3855.397419134134,3404.8532997431926,,
2024-10-16,3497.474432687806,3499.4684317942415,3429.678463069,3460.58544921875,591644,3646.0248779296876,3586.40181640625,,3585.5653400601645,35.93197500876197,-48.78456236449938,-16.635473190918532,-32.14908917358085,3922.5630670445157,3646.0248779296876,3369.4866888148595,0.1516929798196298,84.27887126879101,0.02435393447308678,34.31701192363019,12.513660746855098,26.526454725171874,12594537.0,1197096.8,3855.397419134134,3404.8532997431926,,
2024-10-17,3476.5375907040125,3476.5375907040125,3369.958431271654,3393.138671875,560796,3629.973193359375,3587.762724609375,,3567.2389907091965,31.51743629197891,-57.38970584610706,-24.78631972195624,-32.60338612415082,3925.446059151359,3629.973193359375,3334.5003275673907,0.1627961695874329,85.87174899476013,0.025307468187649583,34.990604509947396,11.404285878075163,29.142345756373008,12033741.0,1207062.05,3855.397419134134,3369.958431271654,,
2024-10-18,3384.8135922819374,3412.081628304651,3286.210430653519,3371.30419921875,1249585,3610.0581298828124,3588.8634130859373,,3548.578534376773,30.22292191722744,-65.2193949299608,-32.872934763557154,-32.346460166403645,3918.603540877723,3610.0581298828124,3301.512718887902,0.17093653337096062,88.72885247021527,0.026318850874025808,36.24343991632896,10.248701773190586,32.931271204170244,10784156.0,1214069.95,3855.397419134134,3286.210430653519,,
2024-10-21,3407.694517375616,3409.588962539974,3325.4919542661255,3353.15869140625,714746,3588.425732421875,3590.194404296875,,3529.967120760533,29.151339422035903,-72.0580306481661,-40.70995394047895,-31.34807670768715,3905.207020787653,3588.425732421875,3271.644444056097,0.17655724932725758,88.39800645618908,0.02636260749684849,37.40678707939756,9.552269488953355,30.693485293807463,10069410.0,1229286.35,3855.397419134134,3286.210430653519,,
2024-10-22,3364.773614767125,3411.2338902053475,3309.2906883133423,3319.80908203125,882086,3563.98427734375,3590.1565185546874,,3509.9520694529824,27.239733678509324,-79.25512968638168,-48.41898908965949,-30.83614059672219,3884.4419531708854,3563.98427734375,3243.5266015166144,0.17983113891062041,89.36552041589023,0.026918873407386208,38.601794825769126,8.773934037853692,29.487470805880626,9187324.0,1167435.9,3855.397419134134,3286.210430653519,,
2024-10-23,3320.0085953295393,3324.993593220425,3272.65111536613,3278.73291015625,877837,3539.24375,3589.51345703125,,3487.931197139008,25.05999381642998,-87.26742179254643,-56.18867563023688,-31.07874616230955,3867.4744703199462,3539.24375,3211.013029680054,0.18548070915994194,86.72101737577628,0.026449552236215406,39.96091149402275,8.395668964429138,31.23404856856724,8309487.0,1185034.85,3855.397419134134,3272.65111536613,,
2024-10-24,3291.1454706764557,3332.8697565276557,3269.3609327653344,3320.90576171875,764369,3518.98720703125,3588.46361328125,,3472.024012813269,31.151490861839733,-89.18614201555238,-62.788168907299976,-26.3979731082524,3848.6083163622866,3518.98720703125,3189.3660977002132,0.18733862326775405,85.06300354624379,0.025614398495372854,41.02789845293325,8.609306637588869,29.568360781508716,9073856.0,1164851.05,3855.397419134134,3269.3609327653344,,
2024-10-25,3322.0025972008975,3332.3216402067033,3222.651686517598,3256.7490234375,805013,3494.510876464844,3585.759755859375,,3451.5216328727197,27.490587037482754,-94.79096299885578,-69.18872772561114,-25.60223527324463,3825.6837615190957,3494.510876464844,3163.337991410592,0.18953890645163857,86.82064284216246,0.026658683926010125,42.339592301637495,7.832514531364469,30.74333140440142,8268843.0,1155952.35,3855.397419134134,3222.651686517598,,
2024-10-28,3260.188569916221,3305.0535502361686,3244.2864755733253,3273.199462890625,736462,3467.9084350585936,3582.535458984375,,3434.5385690649014,29.76963934647881,-96.78967984707697,-74.70891814990432,-22.080761697172647,3779.884268153672,3467.9084350585936,3155.932601963515,0.17992160919889305,84.9596736864968,0.025956155330499563,43.55759373257715,7.432359144467513,29.172685142161228,9005305.0,1103008.35,3851.9575972586726,3222.651686517598,,
2024-10-29,3275.941284892478,3288.1046311471814,3217.3176606161173,3273.54833984375,702769,3440.9620361328125,3578.91734375,,3419.2061662819347,29.820018702574288,-97.22477916099388,-79.21209035212223,-18.012688808871644,3720.6658989180946,3440.9620361328125,3161.2581733475304,0.16257305942243547,83.94733774682304,0.025644141778834992,44.86998271439017,6.984702484388533,29.710297266627176,9708074.0,1031593.7,3826.4343327579913,3217.3176606161173,,
2024-10-30,3251.2156122340325,3311.833235041328,3225.3934206193935,3298.523193359375,895278,3417.657177734375,3575.5983349609373,,3407.7125498131195,33.497745262208355,-94.46539823861713,-82.26275192942121,-12.202646309195913,3660.903159509211,3417.657177734375,3174.4111959595393,0.1423466246758476,84.12537179504528,0.025503950363122335,45.44161049597304,8.486800709185136,27.529748566048173,10603352.0,1013301.7,3770.65243846659,3217.3176606161173,,
2024-10-31,3281.12565008825,3289.9988490743817,3243.8379627923296,3257.24755859375,1170306,3397.323376464844,3569.7489453125,,3393.38255064937,30.63995828837298,-94.51960458286021,-84.71412246010902,-9.805482122751187,3622.115668072984,3397.323376464844,3172.5310848567037,0.13233493942048727,82.02250456447386,0.02518153842745849,45.97240772172856,8.082641025011817,26.218722790011867,9433046.0,1019354.55,3742.5369481669413,3217.3176606161173,,
2024-11-01,3294.086526901833,3307.645818201471,3272.5015839177877,3283.8173828125,176636,3378.5598388671874,3563.5535888671875,,3382.9477727601443,34.51297307091694,-91.36539731280436,-86.0443774306481,-5.321019882156264,3573.485099865019,3378.5598388671874,3183.634577869356,0.11538955667169062,79.76362992470578,0.024289910377534578,45.9626934099996,9.29814835164645,25.03542480337558,9609682.0,997991.85,3736.7543949053597,3217.3176606161173,,
2024-11-04,3308.0444754204495,3308.0444754204495,3180.528331552138,3212.33251953125,1122152,3360.2524291992186,3556.61447265625,,3366.698701024059,29.706739335051296,-93.55544740784308,-87.5465914260871,-6.008855981755971,3545.1519844846034,3360.2524291992186,3175.3528739138337,0.11005099121642373,83.1745237778205,0.025892252209916766,46.74795579092007,8.279924459226274,30.192313280406644,8487530.0,929674.3,3584.2133131433734,3180.528331552138,,
2024-11-05,3196.3806217531055,3249.1218016483626,3175.4436307809233,3220.557861328125,872402,3347.1369018554688,3548.63947265625,,3352.7805258149224,30.89916241302295,-93.54898705511323,-88.74707055189234,-4.801916503220895,3532.597830656755,3347.1369018554688,3161.6759730541826,0.11081765355846475,82.49621285565041,0.025615504023774882,47.51425491856307,7.751718663071546,28.706492399116797,9359932.0,859615.85,3548.1220353152257,3175.4436307809233,,
2024-11-06,3135.5636927651212,3199.3217675023657,3104.6567056504255,3167.517578125,4522923,3331.3643798828125,3541.1779296875,,3335.1364355587393,27.64278292324427,-96.70897390544451,-90.33945122260278,-6.369522682841733,3521.530802276752,3331.3643798828125,3141.197957488873,0.11416729046051047,84.88228020008249,0.026797729801495918,48.69142533124154,6.995685762127001,31.863450196345685,4837009.0,835229.95,3520.953849994883,3104.6567056504255,,
2024-11-07,3170.4585088854715,3176.4904047302202,3098.7743399629003,3111.486083984375,1608603,3315.0933471679687,3533.0693310546876,,3313.8364020754666,24.683380687663103,-102.55239933039229,-92.78204084416068,-9.770358486231615,3521.3595278711073,3315.0933471679687,3108.82716646483,0.12444064712648199,84.37040766917087,0.027115791423091114,49.819315436310774,6.535404906720651,30.265000961277096,3228406.0,1008186.0,3518.8599921573987,3098.7743399629003,,
2024-11-08,3111.635718204443,3183.319891311852,3096.6807243649473,3176.68994140625,1719882,3300.7290893554687,3526.15115234375,,3300.774834392684,33.593049130932584,-100.76044601622334,-94.37772187857321,-6.382724137650129,3503.5057031733395,3300.7290893554687,3097.952475537598,0.12286777153072378,84.53246190329473,0.026610233753525878,50.67116068158615,6.634037025381711,28.049339484783314,4948288.0,1014199.75,3518.8599921573987,3096.6807243649473,,
2024-11-11,3182.0240099568505,3220.358595765524,3148.77397604611,3196.97900390625,1054929,3286.212780761719,3519.0016748046874,,3290.8895172035,36.12511068897182,-96.5897260861334,-94.82012272008525,-1.7696033660481447,3474.5373704775557,3286.212780761719,3097.888191045882,0.11461497004596552,83.60761603301755,0.02615206916619128,50.438881640212564,9.392650569482058,26.33392732184794,6003217.0,1057270.7,3518.8599921573987,3096.6807243649473,,
2024-11-12,3192.0436214722763,3229.2816533063387,3175.4436757581625,3188.853271484375,992983,3270.756799316406,3511.2430224609375,,3281.1717795159643,35.54062881414423,-92.869536976998,-94.4300055714678,1.5604685944697962,3436.400714985478,3270.756799316406,3105.1128836473345,0.10128782164647128,81.4812132841003,0.02555188537921399,49.98666054857806,9.73157571029579,25.091076949380895,5010234.0,1080356.85,3499.4684317942415,3096.6807243649473,,
2024-11-13,3165.4736144942412,3211.933891522183,3152.711971398283,3178.28515625,911537,3256.6417846679688,3502.60302734375,,3271.3730534906344,34.75308463486191,-89.73955712982479,-93.4919158831392,3.752358753314411,3402.0522035987015,3256.6417846679688,3111.231365737236,0.08930083720924685,79.89126377265742,0.02513659405782194,49.798491489160334,9.216301598799484,25.794916360863695,4098697.0,1101070.05,3476.5375907040125,3096.6807243649473,,
2024-11-14,3135.613525179911,3185.5630572554533,3126.5906304505943,3174.1474609375,1161637,3245.6922241210937,3494.1484716796876,,3262.113473247479,34.4313854449675,-86.5946932616148,-92.11247135883431,5.517778097219519,3380.967502997318,3245.6922241210937,3110.416945244869,0.08335681237481225,78.39706113210039,0.024698619738651156,49.875802485868995,8.721104763978191,26.788890644726663,2937060.0,1117064.7,3412.081628304651,3096.6807243649473,,
2024-11-18,3174.1474358495875,3197.5769254015186,3148.0260961796916,3162.78173828125,943251,3235.2661010742186,3483.1705078125,,3252.6533080126,33.513682777429196,-84.05060180170221,-90.5000974474079,6.449495645705682,3362.087790791472,3235.2661010742186,3108.4444113569652,0.07839954164830164,76.33661599565228,0.024135910193137728,49.601323267784316,9.440894934497218,25.546824521762392,1993809.0,1147106.75,3411.2338902053475,3096.6807243649473,,
2024-11-19,3182.422577318581,3273.1495367596804,3162.781734780533,3215.0244140625,1174506,3228.3593872070314,3473.7827587890624,,3249.069603826876,41.263139659375966,-76.93201923601055,-87.78648180512843,10.854462569117885,3343.229499962889,3228.3593872070314,3113.489274451174,0.07116315067712191,78.76741499447336,0.02449978751325965,47.48191344078973,15.34914874155037,22.98997782297047,3168315.0,1131790.05,3411.2338902053475,3096.6807243649473,,
2024-11-21,3215.3237101417926,3224.246807880565,3138.9037881616646,3168.913330078125,1582159,3220.814599609375,3463.6911279296874,,3241.4356729936617,37.14753549801125,-74.15644108516472,-85.0604736611357,10.904032575970987,3330.366436334802,3220.814599609375,3111.2627628839477,0.06802740942537566,79.23710104621814,0.025004502424894236,45.841808669184914,14.168296151734978,23.37378119428301,1586156.0,1154778.05,3332.8697565276557,3096.6807243649473,,
2024-11-22,3165.3242132287655,3307.0476061312966,3142.6921280412716,3298.7724609375,2207527,3221.8165771484373,3455.342255859375,,3246.8963194645034,51.74469197282496,-60.77762222509136,-80.20390337392683,19.42628114883547,3333.8084008821797,3221.8165771484373,3109.824753414695,0.0695209184334535,85.31698512077577,0.025863252507124717,42.750307022239035,19.150927125683612,20.15753250416095,3793683.0,1189781.7,3332.8697565276557,3096.6807243649473,,
2024-11-25,3349.9185676572224,3359.739110821481,3288.154492747662,3299.17138671875,1892510,3220.7298583984375,3447.3263818359374,,3251.874897298241,51.78173971833842,-49.571196021970536,-74.07736190353558,24.50616588156504,3329.221631199942,3220.7298583984375,3112.238085596933,0.06737092371693273,84.33610176027885,0.02556281316568911,40.30371183072948,22.452545449443363,18.9354078018406,5686193.0,1256266.2,3359.739110821481,3096.6807243649473,,
2024-11-26,3300.068620574286,3333.717356509145,3285.811477852118,3317.51611328125,721345,3223.768212890625,3438.6175927734375,,3258.1264416775757,53.547883360786365,-38.76292156699583,-67.01447383622762,28.251552269231794,3339.299932129795,3223.768212890625,3108.236493651455,0.07167495403497212,81.73394296718942,0.024637089972216884,37.99206261992438,21.512553989002537,18.347423497002033,6407538.0,1312673.25,3359.739110821481,3096.6807243649473,,
2024-11-27,3315.02346951233,3319.908669893638,3270.3079427934163,3281.7734375,732835,3224.196911621094,3429.1391162109376,,3260.3785365178064,49.726154576295485,-32.704425158131926,-60.15246410060849,27.448038942476565,3340.5200586772007,3224.196911621094,3107.873764564987,0.07215635412144891,79.43871326240601,0.024206032127227252,35.573266592908745,20.553109661405344,18.923166494075662,5674703.0,1308489.85,3359.739110821481,3096.6807243649473,,
2024-11-28,3282.122588405071,3295.0835828307286,3190.747675067422,3202.711669921875,1701387,3220.655078125,3418.60482421875,,3254.8864539848605,42.500520774407555,-33.89196156587468,-54.90036359366174,21.008402027787056,3335.049599985236,3220.655078125,3106.2605562647636,0.07103804604051817,81.21708429818463,0.02535884983369914,33.95191103020428,18.667134761620222,24.183900796798127,3973316.0,1308308.5,3359.739110821481,3096.6807243649473,,
2024-11-29,3202.7115295241524,3250.218459646237,3202.7115295241524,3239.25146484375,1139585,3217.6914916992187,3408.2679345703127,,3253.3974073999925,46.37857346034452,-31.521278967734816,-50.22454666847636,18.70326770074154,3326.812762308517,3217.6914916992187,3108.5702210899203,0.06782581294123564,78.80921614274892,0.024329452960994615,32.44636657912156,17.863368844289006,23.142595022944143,5112901.0,1358239.4,3359.739110821481,3096.6807243649473,,
2024-12-02,3239.251458597794,3299.9686323421633,3212.382370065127,3296.927978515625,915980,3219.6755126953126,3399.923046875,,3257.543176077672,51.8938577530997,-24.703714257843785,-45.12038018634985,20.416665928506063,3332.9647620754026,3219.6755126953126,3106.3862633152225,0.07037308507232228,79.43614800948374,0.02409398947357299,30.194692930633533,20.930011178418916,21.319951078950975,6028881.0,1370454.75,3359.739110821481,3096.6807243649473,,
2024-12-03,3280.128513456652,3328.682342770577,3266.7688168745035,3322.750244140625,1162310,3221.6221557617187,3390.9859423828125,,3263.7533730360483,54.16680670990892,-17.020897762825825,-39.500483701645045,22.47958593881922,3340.4554023733926,3221.6221557617187,3102.7889091500447,0.07377230529604246,78.18453214424017,0.02353006587904452,28.41713114123154,22.369390015832693,20.114018956364706,7191191.0,1357738.45,3359.739110821481,3096.6807243649473,,
2024-12-04,3331.972632477376,3372.849615700468,3327.9846341141474,3354.355224609375,1630076,3228.723291015625,3382.3569140625,,3272.3821208049367,56.85386399583234,-8.286431722066936,-33.257673305729426,24.97124158366249,3360.730828897286,3228.723291015625,3096.715753133964,0.0817707347352995,76.17844924535464,0.02271031066908719,27.394168666683925,25.45991059488124,19.169151328128265,8821267.0,1407022.15,3372.849615700468,3096.6807243649473,,
2024-12-05,3364.823574340231,3455.0021347349916,3343.5377800447804,3430.725341796875,2383630,3239.2316650390626,3374.7986572265627,,3287.462427566074,62.56505428686385,4.743446253280581,-25.657449393927426,30.400895647208007,3397.762158051233,3239.2316650390626,3080.701172026892,0.09788154068953192,78.69887106284439,0.022939426279349168,27.406052801104554,30.340520993462977,17.229863132964162,11204897.0,1432418.35,3455.0021347349916,3096.6807243649473,,
2024-12-06,3443.586543660326,3489.1493743689784,3419.7084531428854,3459.688232421875,1278516,3253.840197753906,3368.521552734375,,3303.8648851713883,64.48504497389348,17.20841376241833,-17.084276762658277,34.29269052507661,3435.4164017852104,3253.840197753906,3072.2639937226018,0.11160732733995024,78.03758893164786,0.022556248912931513,27.756325961297062,31.537609155936774,16.134733772016535,12483413.0,1507979.75,3489.1493743689784,3096.6807243649473,,
2024-12-09,3457.0960942779,3477.7838358658646,3436.5578052658843,3457.7939453125,926422,3271.1555908203127,3363.15669921875,,3318.524795661018,64.25292985286181,26.627195445896177,-8.341982320947386,34.969177766843565,3460.9900292382617,3271.1555908203127,3081.3211524023636,0.11606567351957967,75.40819190795732,0.02180817975292691,28.081579610047246,30.306054403048986,15.504666731574268,11556991.0,1345759.4,3489.1493743689784,3096.6807243649473,,
2024-12-10,3459.588541479357,3506.3976230635744,3425.740454430941,3465.3212890625,1063355,3285.587158203125,3357.5376123046876,,3332.5054140802067,64.7952138217831,34.30361084809829,0.1871363128617487,34.11647453523654,3487.9713111200226,3285.587158203125,3083.2030052862274,0.12319512048956312,75.78311881686275,0.02186900217767829,28.673213847145355,30.69907274435962,14.325962349643557,12620346.0,1311650.35,3506.3976230635744,3126.5906304505943,,
2024-12-11,3474.2941464947744,3480.2761437338786,3449.9175564270427,3462.67919921875,554702,3298.87216796875,3350.68623046875,,3344.9029174267343,64.42578011707548,39.71620707769398,8.092950465828196,31.623256611865784,3510.8990922275225,3298.87216796875,3086.8452437099777,0.1285450987264693,72.53850942328941,0.020948665830682656,29.22258849587931,29.781352834954475,13.897701177746374,12065644.0,1278824.0,3506.3976230635744,3126.5906304505943,,
2024-12-12,3460.086871196628,3462.67916733961,3401.7623986523254,3435.4111328125,926472,3311.200061035156,3343.1449267578123,,3353.522747463474,60.586407742015304,41.32900843226071,14.740162059114699,26.58884637314601,3524.8709647356845,3311.200061035156,3097.5291573346276,0.12905949490332524,71.70838736208478,0.020873305869326505,28.713164036715682,27.9742473006179,17.85112622575619,11139172.0,1253812.65,3506.3976230635744,3126.5906304505943,,
2024-12-13,3409.7385127589628,3507.4444701421144,3370.1077800448784,3498.322021484375,1242351,3327.201904296875,3337.8189599609377,,3367.313154513083,65.66959018980465,47.14014581570609,21.220158810432977,25.919987005273114,3546.5205545999715,3327.201904296875,3107.8832539937785,0.13183368885420516,76.39612327173843,0.021837933387082172,28.767968880222842,28.56762048019351,15.558924470184111,12381523.0,1250487.1,3507.4444701421144,3126.5906304505943,,
2024-12-16,3494.483407391407,3500.465404665116,3418.711441924432,3427.8837890625,1295227,3339.888720703125,3333.0981640625,,3373.0817863749326,56.831716957678964,45.53681729539858,26.0834905074261,19.45332678797248,3551.546664060444,3339.888720703125,3128.2307773458056,0.12674550624714245,76.7788260909488,0.02239831651700982,28.818859092050918,26.394852377285652,14.375559029306492,11086296.0,1267027.8,3507.4444701421144,3138.9037881616646,,
2024-12-17,3411.7824657332308,3439.0502582358376,3387.4058746530377,3395.88037109375,1005604,3351.54365234375,3327.8340087890624,,3375.253080157677,53.320556075394016,41.208730926762655,29.10853859129341,12.100192335469245,3548.036328029731,3351.54365234375,3155.0509766577693,0.11725502996123749,74.98350876893817,0.022080727403476632,28.20545037944783,25.09633268259951,16.650478143065815,10080692.0,1273707.3,3507.4444701421144,3138.9037881616646,,
2024-12-18,3390.9947759589672,3413.7264140801376,3379.8284298281737,3391.692626953125,646145,3360.377062988281,3324.0982470703125,,3376.8187512810528,52.860343593088466,37.01409984123802,30.689650841282337,6.324448999955685,3547.1714488033654,3360.377062988281,3173.5826771731968,0.1111746582682443,72.04882844629714,0.021242735227166236,27.478868417501605,24.25294126478099,16.842140659379996,9434547.0,1276824.95,3507.4444701421144,3138.9037881616646,,
2024-12-19,3339.5498293492997,3389.748611237777,3322.002539699533,3346.778076171875,732634,3369.270300292969,3321.3764404296876,,3373.9577346039882,48.06836691716884,29.722967733661335,30.496314219758137,-0.773346486096802,3534.4402072903167,3369.270300292969,3204.100393295621,0.09804491315700366,71.88034693253249,0.021477476335912585,25.703017853299446,22.573374690380362,21.42203226044838,8701913.0,1250406.9,3507.4444701421144,3142.6921280412716,,
2024-12-20,3339.9484404096834,3408.7414082867786,3323.1489008909543,3346.1796875,1235769,3371.640661621094,3318.640673828125,,3371.31220630837,48.00592725239591,23.62408430536925,29.121868236880363,-5.497783931511112,3534.032994984717,3371.640661621094,3209.248328257471,0.09632837521039052,72.85978696562475,0.02177402105386032,24.361177011812305,22.541187588666357,19.624484305623973,7466144.0,1207930.65,3507.4444701421144,3190.747675067422,,
2024-12-23,3367.964272910767,3396.07961150319,3326.6384468896463,3386.757568359375,691202,3376.019970703125,3317.6376904296876,,3372.783193170371,52.510839827685295,21.81351844799201,27.660198279102694,-5.846679831110684,3535.047960554065,3376.019970703125,3216.9919808521854,0.0942103371609019,72.61559965476181,0.021441038571278225,23.115181944717104,21.001488597017943,18.284013730232378,8157346.0,1159342.75,3507.4444701421144,3190.747675067422,,
2024-12-24,3375.192464553979,3408.7414014577967,3328.183790553953,3343.338134765625,485245,3377.311071777344,3315.224951171875,,3369.9789018937286,47.74399754089277,16.682738319228974,25.464706287127953,-8.781967967898979,3534.8303213994027,3377.311071777344,3219.791822155285,0.09328086532411879,73.18288617255338,0.021889166821495804,22.177694603111394,20.586041397737155,16.84640550858213,7672101.0,1099277.35,3507.4444701421144,3190.747675067422,,
2024-12-26,3354.9034274167925,3361.7329715787814,3302.7104045185583,3313.079345703125,637094,3378.8763671875,3311.7404345703126,,3364.5598965422423,44.6987062153728,10.05897312710158,22.383559655122678,-12.324586528021097,3533.1558811122095,3378.8763671875,3224.5968532627903,0.0913200112457079,72.17143480738693,0.021783793044675846,20.782715919495185,19.383506853084448,18.38344071295369,7035007.0,1087472.35,3507.4444701421144,3190.747675067422,3855.397419134134,3096.6807243649473
2024-12-27,3309.8891877770916,3334.9636301141104,3291.1954454558245,3299.27099609375,568989,3383.7043334960936,3307.766396484375,,3358.341906023338,43.34015674406966,3.6532605646916636,18.637499837036476,-14.984239272344812,3520.706283449347,3383.7043334960936,3246.70238354284,0.08097749475155898,70.14263122530829,0.02126003935668071,19.339861803202382,18.519572393041344,18.7366863298127,6466018.0,1082685.3,3507.4444701421144,3202.7115295241524,3855.397419134134,3096.6807243649473
2024-12-30,3300.018691710639,3307.9946883036805,3237.7062183275016,3247.57666015625,941859,3384.1205932617186,3303.506220703125,,3347.7928349883773,38.60912041908997,-5.530857393061979,13.803828391016786,-19.334685784078765,3519.404234695668,3384.1205932617186,3248.836951827769,0.0799520216290868,70.15304827894191,0.02160166044411917,18.96606006290609,17.19419224201569,22.841944961986627,5524159.0,1026065.4,3507.4444701421144,3212.382370065127,3855.397419134134,3096.6807243649473
2024-12-31,3240.2484648667582,3265.8214053877796,3221.1061226174706,3243.388916015625,616440,3381.443640136719,3300.5112255859376,,3337.84960461002,38.244902569368556,-12.997426751317107,8.443577362550009,-21.441004113867116,3525.3657368082977,3381.443640136719,3237.52154346514,0.08512464615010397,68.33606502832527,0.02106934037138951,18.885761608932032,16.390555551377087,23.50947110935355,4907719.0,1016179.1,3507.4444701421144,3221.1061226174706,3855.397419134134,3096.6807243649473
2025-01-01,3238.2546133374153,3260.0888066244493,3234.316513705401,3244.087158203125,357376,3377.5104858398436,3297.966884765625,,3328.919847809363,38.349331237514235,-18.643483974294213,3.026165095181165,-21.669649069475376,3531.575630433211,3377.5104858398436,3223.4453412464763,0.09123000223939068,65.29579559194833,0.020127632954262294,18.811198758813262,15.92845820001243,22.846670858467395,5265095.0,1001202.1,3507.4444701421144,3221.1061226174706,3855.397419134134,3096.6807243649473
2025-01-02,3254.206687217814,3390.745733454845,3241.2456924464195,3378.78173828125,1152493,3378.7318115234375,3298.479345703125,,3333.668599282876,54.376703075761625,-12.109704937923652,-0.0010089114397984211,-12.108696026483853,3532.430192207481,3378.7318115234375,3225.033430839394,0.0909799233900973,71.31038455026813,0.021105353963036082,18.584989421547743,26.630553590386036,19.425431790304987,6417588.0,960955.4,3507.4444701421144,3221.1061226174706,3855.397419134134,3096.6807243649473
2025-01-03,3384.813528941025,3471.5025925838304,3367.814637647198,3441.29345703125,1630862,3379.260217285156,3300.909033203125,,3343.918585735102,59.6230182231926,-1.8659551380555968,-0.3739981567629581,-1.4919569812926388,3533.740642692297,3379.260217285156,3224.779791878015,0.09142854676710754,73.62306814929413,0.021394010440715972,19.333341823566183,31.78656399181578,17.471285636767725,8048450.0,937076.25,3507.4444701421144,3221.1061226174706,3855.397419134134,3096.6807243649473
2025-01-06,3479.528348635974,3517.912830418921,3430.8747230450626,3459.987060546875,2145936,3379.2751586914064,3304.5341162109376,,3354.9727261933663,61.06488598185678,7.672266839019358,1.235254842393505,6.437011996625852,3533.786751984022,3379.2751586914064,3224.763565398791,0.09144658900901621,74.58128523676302,0.021555365361677084,20.482344420064717,33.58171120965913,16.014899943546386,10194386.0,899437.85,3517.912830418921,3221.1061226174706,3855.397419134134,3096.6807243649473
2025-01-07,3479.5284612475266,3565.9682743395924,3474.543463452043,3494.583251953125,2389563,3381.1146240234375,3308.007666015625,,3368.2689667419145,63.651869183571236,17.8176096758134,4.551725809077484,13.265883866735916,3540.1317590587305,3381.1146240234375,3222.0974889881445,0.09406196045851103,76.82413727647405,0.021983776530015986,21.968382062479954,34.74067906331039,14.436825846601513,12583949.0,942808.85,3565.9682743395924,3221.1061226174706,3855.397419134134,3096.6807243649473
2025-01-08,3477.185487990186,3503.955024077708,3381.124724497449,3473.596435546875,1317377,3381.5283813476562,3312.3446142578123,,3378.300154247149,61.003901243331576,23.88902842806465,8.419186332874919,15.46984209518973,3541.4602076345786,3381.5283813476562,3221.596555060734,0.09459144401632022,80.1102917267444,0.02306263643840135,21.735484451236715,30.93591732707496,21.185195668644337,11266572.0,1015965.9,3565.9682743395924,3221.1061226174706,3855.397419134134,3096.6807243649473
2025-01-09,3475.490605452535,3495.929096655722,3451.163913286127,3476.58740234375,826237,3382.2237915039063,3316.412373046875,,3387.6608445420634,61.25130616829562,28.61219399350466,12.457787865000867,16.154406128503794,3543.674734903585,3382.2237915039063,3220.7728481042277,0.09547029017136056,77.58564112980517,0.0223166088324144,21.519222383653705,29.660964907964857,20.312096733788447,12092809.0,1028667.0,3565.9682743395924,3221.1061226174706,3855.397419134134,3096.6807243649473
2025-01-10,3451.612474792893,3477.53446333842,3418.4622394414014,3429.927734375,570060,3381.9496215820313,3319.5399609375,,3391.6862626213906,55.351578990861654,28.26447619121609,15.619125530243913,12.645350660972177,3543.056607855304,3381.9496215820313,3220.842635308759,0.09527462221504573,76.26325418460614,0.022234653348608465,20.801800924730703,28.01990200704123,22.251138281883414,11522749.0,1042243.75,3565.9682743395924,3221.1061226174706,3855.397419134134,3096.6807243649473
2025-01-13,3369.858592941671,3456.597556724489,3342.4411043896307,3372.600341796875,1282557,3375.663537597656,3321.02150390625,,3389.868555876199,49.094717149271816,23.09682008699474,17.11466444159408,5.98215564540066,3527.671354282576,3375.663537597656,3223.6557209127363,0.09006099985491953,78.96991119533844,0.02341514060135105,19.550086627069373,25.126709108381316,26.829737922722416,10240192.0,1024423.15,3565.9682743395924,3221.1061226174706,3855.397419134134,3096.6807243649473
2025-01-14,3389.7984710073365,3418.7114579659283,3300.0685114806715,3312.531005859375,1133561,3369.8958984375,3322.1271728515626,,3382.5030749222155,43.54081266231156,13.993019188821563,16.49033539103958,-2.497316202218016,3522.293621739116,3369.8958984375,3217.4981751358837,0.09044654665580476,81.8036994303326,0.024695225278083138,18.896220966117273,22.523694797592867,27.750146987049995,9106631.0,1026433.45,3565.9682743395924,3221.1061226174706,3855.397419134134,3096.6807243649473
2025-01-15,3312.0325768144935,3330.4770688888666,3273.149593522571,3313.528076171875,1169593,3365.778283691406,3322.72138671875,,3375.934027422183,43.65475327941976,6.780485413884435,14.548365395608553,-7.767879981724118,3519.5887995096564,3365.778283691406,3211.967767873156,0.09139670106229282,80.0553977114728,0.024160168820407567,18.595866610891036,21.371611726209988,28.73254342704585,10276224.0,1018350.15,3565.9682743395924,3221.1061226174706,3855.397419134134,3096.6807243649473
2025-01-16,3317.017546858087,3328.832089045572,3272.152566512847,3306.94775390625,1170734,3361.5410400390624,3324.61369140625,,3369.3639061349513,43.037452868669966,0.5274433819731712,11.744180992881477,-11.216737610908305,3516.923643475941,3361.5410400390624,3206.158436602184,0.09244724463341547,78.38569234156225,0.023703335575523107,18.32859494351269,20.267790797186688,27.339391823597015,9105490.0,1026549.6,3565.9682743395924,3221.1061226174706,3855.397419134134,3096.6807243649473
2025-01-17,3309.938688972625,3357.894464405308,3275.193400906873,3347.326171875,559153,3361.5684448242187,3327.1490576171873,,3367.26507430067,47.90538669368579,-1.1566039946033015,9.164023995384522,-10.320627989987823,3516.940816633652,3361.5684448242187,3206.1960730147853,0.09244040355546473,78.69393313848173,0.023509490589738804,17.61672276108828,21.38429516618828,25.287139972625138,9664643.0,1052779.05,3565.9682743395924,3221.1061226174706,3855.397419134134,3096.6807243649473
2025-01-20,3363.976357481839,3397.4753970983365,3337.456071470025,3372.101806640625,722342,3362.86455078125,3331.2407421875,,3367.725715475904,50.68991228850209,-0.48642974714630327,7.233933246878357,-7.7203629940246605,3518.1342578425943,3362.86455078125,3207.5948437199054,0.09234371751623043,77.36003260204099,0.022941191291940576,16.3631653035114,23.85384492170829,23.885791501091127,10386985.0,1044105.0,3565.9682743395924,3221.1061226174706,3855.397419134134,3096.6807243649473
2025-01-21,3390.7456072629593,3402.460352101122,3325.1429874876303,3343.28857421875,1016047,3360.6911010742188,3335.8767919921875,,3365.398368689508,47.509449838039835,-2.254312569862577,5.336284083530171,-7.5905966533927485,3515.778995219046,3360.6911010742188,3205.6032069293915,0.09229523897346865,77.3569848885732,0.023137992180842407,15.377636595622736,22.15087152237937,23.31748188965713,9370938.0,1018433.65,3565.9682743395924,3221.1061226174706,3855.397419134134,3096.6807243649473
2025-01-22,3344.7341984671266,3374.8435367306374,3324.6445111327193,3346.379150390625,598329,3360.843151855469,3339.270576171875,,3363.587014565805,47.88714873893523,-3.367174088822594,3.5955924490596187,-6.962766537882213,3515.8686456655173,3360.843151855469,3205.8176580454206,0.0922539296274277,75.4171306535264,0.02253693537527656,14.47008163660411,21.097726778385436,22.25608298820666,9969267.0,1034675.9,3565.9682743395924,3221.1061226174706,3855.397419134134,3096.6807243649473
2025-01-23,3346.3792469681425,3422.6996147613213,3315.522158138297,3388.35302734375,713603,3364.6068359375,3343.098056640625,,3365.9456824494187,52.84937297301585,-0.8523583243531903,2.706002294377057,-3.5583606187302474,3518.4617184528634,3364.6068359375,3210.7519534221365,0.09145489503976115,77.68572536563339,0.022927281997689,13.987795438864635,23.41880690562913,20.062859350052392,10682870.0,1040330.1,3565.9682743395924,3221.1061226174706,3855.397419134134,3096.6807243649473
2025-01-24,3396.7774396732993,3437.305373693309,3370.3070531509634,3391.94189453125,564244,3369.240380859375,3347.1598291015625,,3368.421512171498,53.25919072111743,1.4139438117622376,2.4475905978540933,-1.0336467860918557,3520.5054879121617,3369.240380859375,3217.975273806588,0.08979181652465199,76.92233930682711,0.022677964923528682,13.752141950006166,23.31810716133312,18.814682205374822,11247114.0,1044155.55,3565.9682743395924,3221.1061226174706,3855.397419134134,3096.6807243649473
2025-01-27,3377.8345482197856,3391.7426435604993,3297.32683282169,3309.390625,618309,3372.3310791015624,3349.7819384765626,,3362.7995229170697,43.82371978581626,-3.4118631246774385,1.275699853347787,-4.687562978025225,3515.8542807708873,3372.3310791015624,3228.8078774322375,0.08511809683144249,78.1861051927366,0.023625529305032283,13.173680845130884,21.302546118520997,23.855648884828685,10628805.0,1043918.3,3565.9682743395924,3221.1061226174706,3855.397419134134,3096.6807243649473
2025-01-28,3309.3905020726343,3360.735978097318,3289.649862608711,3315.920654296875,579957,3375.957666015625,3352.61740234375,,3358.3348687627654,44.65892399369611,-6.632970346072398,-0.3060341865362499,-6.326936159536148,3509.589667452053,3375.957666015625,3242.3256645791967,0.07916687035601576,77.67896307101306,0.023426062071284545,12.747398042936942,19.9100793427092,23.00222018502171,11208762.0,1027740.8,3565.9682743395924,3234.316513705401,3855.397419134134,3096.6807243649473
2025-01-29,3329.180846009845,3364.8734785528536,3299.1214069646767,3360.63623046875,570137,3381.785119628906,3356.5744921875,,3358.5540460680973,50.126988998436865,-5.513985934923767,-1.3476245362137536,-4.166361398710013,3501.328660051397,3381.785119628906,3262.2415792064153,0.07069848390344137,76.82704225081048,0.022860862343346947,12.279141684704637,19.077616774393867,21.596052713644884,11778899.0,1025916.65,3565.9682743395924,3241.2456924464195,3855.397419134134,3096.6807243649473
2025-01-30,3360.536461895515,3379.828500700806,3335.162871832935,3358.293212890625,688608,3380.760693359375,3359.4398681640623,,3358.5292048131,49.84905326681188,-4.761358685299911,-2.0303713660309852,-2.7309873192689254,3500.73998380799,3380.760693359375,3260.7814029107603,0.07097768894691833,74.52979843774341,0.02219276093929644,11.57500622513593,19.694233481261545,20.67158904202998,11090291.0,1036554.7,3565.9682743395924,3272.152566512847,3855.397419134134,3096.6807243649473
2025-01-31,3389.7986186967264,3516.8661682365464,3382.221324421104,3479.77783203125,1212261,3382.684912109375,3365.657158203125,,3370.0766931195903,61.70518829175037,5.573647765768783,-0.5095675396710315,6.083215305439815,3507.617915435012,3382.684912109375,3257.751908783738,0.07386617824107727,80.53288107404184,0.023143109980395614,12.473532494178222,29.07885981211551,17.7642096298889,12302552.0,1013360.45,3565.9682743395924,3272.152566512847,3855.397419134134,3096.6807243649473
2025-02-01,3516.417539648108,3624.2429475054346,3397.7745889199746,3541.342529296875,2186692,3386.752685546875,3370.5085595703126,,3386.3877251364743,66.08138866956668,18.518501630208902,3.2960462943049555,15.222455335903947,3525.9697522618458,3386.752685546875,3247.5356188319042,0.08221271503472108,90.95684375342886,0.025684283008762816,14.280993895031523,32.33961835614896,14.604915907696528,14489244.0,992430.4,3624.2429475054346,3272.152566512847,3855.397419134134,3096.6807243649473
2025-02-03,3554.303475050544,3631.620840559701,3541.0932307183084,3569.5576171875,1543897,3390.5014038085938,3375.9162841796874,,3403.8324767603817,67.89231426443459,30.700220340002943,8.776881103444554,21.92333923655839,3544.3949465789965,3390.5014038085938,3236.607861038191,0.09077922374403512,90.9261841882834,0.025472675871786404,16.017648452130686,30.619353987633595,13.566280525395266,16033141.0,994468.2,3631.620840559701,3272.152566512847,3855.397419134134,3096.6807243649473
2025-02-04,3579.2284254961887,3603.156414970258,3509.43845619682,3586.9052734375,1279779,3396.166845703125,3381.3040673828127,,3421.2679812058213,68.98861032977432,41.278300507619406,15.277164984279525,26.001135523339883,3569.050542794866,3396.166845703125,3223.283148611384,0.10181107404100341,91.12559665865159,0.025405074768345262,17.06455383576623,28.37003823952422,15.050945178680639,17312920.0,952184.9,3631.620840559701,3272.152566512847,3855.397419134134,3096.6807243649473
2025-02-05,3585.2105358197646,3641.0425130182925,3461.781937545684,3480.42578125,2165947,3396.3587646484375,3385.2771142578126,,3426.9020574005053,56.28513828795171,40.60147162674775,20.34202631277317,20.25944531397458,3569.6072735782504,3396.3587646484375,3223.1102557186246,0.10202014624196874,97.42095228821995,0.027991101782159272,17.245235466836935,24.64127935380645,16.566907404180732,15146973.0,950305.0,3641.0425130182925,3272.152566512847,3855.397419134134,3096.6807243649473
2025-02-06,3480.4257773341196,3493.7358192466777,3387.655160052069,3400.516357421875,1059617,3394.8881958007814,3389.2332080078127,,3424.389133593017,48.99386389978803,33.233956823516564,22.92041241492185,10.313544408594716,3567.4699953200065,3394.8881958007814,3222.3063962815563,0.10167156593415694,98.03950278153344,0.028830769352882268,16.350586658782312,22.73682605904254,20.68714839353541,14087356.0,1017290.5,3641.0425130182925,3272.152566512847,3855.397419134134,3096.6807243649473
2025-02-07,3404.653728151637,3443.5367113122215,3378.0338883617796,3414.524169921875,740155,3396.9843872070314,3392.738662109375,,3423.4496132433846,50.2114404366376,28.200385176272448,23.97640696719197,4.223978209080478,3569.450807301972,3396.9843872070314,3224.517967112091,0.10154089653425862,95.71545422216977,0.02803185728345855,15.392028159453726,21.625402096435685,20.3939135782506,14827511.0,1041768.35,3641.0425130182925,3272.152566512847,3855.397419134134,3096.6807243649473
2025-02-10,3404.7534226976054,3414.723418078858,3301.0654707325834,3317.466064453125,904436,3397.2311401367188,3393.149423828125,,3413.355941930027,42.619862385737534,16.192804843445174,22.419686542442612,-6.226881698997438,3569.2270136884977,3397.2311401367188,3225.23526658494,0.10125650358006379,96.99706087389153,0.029238297842206027,15.026692734286442,19.815407037473257,24.3549403784423,13923075.0,1014648.25,3641.0425130182925,3272.152566512847,3855.397419134134,3096.6807243649473
2025-02-11,3324.694303076231,3337.9544455828946,3261.783778417297,3271.953125,903965,3395.152392578125,3392.1334814453126,,3399.88900698431,39.596605202170174,2.9699612092895222,18.529741475811996,-15.559780266522473,3572.0788501391376,3395.152392578125,3218.225935017112,0.10422298448091917,95.50946132329909,0.029190351351167078,15.109667864003164,18.686608791212862,25.905300749178707,13019110.0,1003192.0,3641.0425130182925,3261.783778417297,3855.397419134134,3096.6807243649473
2025-02-12,3272.900265240313,3307.4462022051775,3202.9608443317934,3245.68212890625,774619,3392.089111328125,3389.96001953125,,3385.2026376435424,37.92433163935058,-9.519354274627858,12.919922325724025,-22.43927660035188,3576.9612209196025,3392.089111328125,3207.2170017366475,0.10900191800627161,96.15059679116231,0.029624156948346553,15.76166167444224,17.2361482843548,28.264374427742162,12244491.0,989910.6,3641.0425130182925,3202.9608443317934,3855.397419134134,3096.6807243649473
2025-02-13,3240.49794167128,3268.1147818395307,3205.553057098396,3221.80419921875,727243,3385.8130126953124,3385.7815966796875,,3369.6408816030857,36.418833529520626,-21.10073995049288,6.115789870480645,-27.216529820973527,3584.354659100622,3385.8130126953124,3187.271366290003,0.11727856539086216,93.75139164473177,0.029099034530858638,16.367084498421384,16.41458092592068,26.917142606960564,11517248.0,970104.85,3641.0425130182925,3202.9608443317934,3855.397419134134,3096.6807243649473
2025-02-14,3226.5897756209774,3243.239619854071,3176.88924940753,3203.60888671875,587411,3377.3883666992188,3380.660009765625,,3353.8283106617205,35.26985096961822,-31.385488813914435,-1.3844658663983704,-30.001022947516063,3591.250368903853,3377.3883666992188,3163.5263644945844,0.12664341732996814,91.794175844861,0.02865336534225932,17.20786107537069,15.56709989011771,27.757857621057816,10929837.0,978509.35,3641.0425130182925,3176.88924940753,3855.397419134134,3096.6807243649473
2025-02-17,3185.662937705252,3228.7831699424014,3166.4706956112605,3223.4990234375,712614,3371.398889160156,3375.974111328125,,3341.4159975927473,37.58788206981985,-37.49899352633702,-8.6073713983861,-28.891622127950917,3595.2231225368705,3371.398889160156,3147.574655783442,0.13277825658444756,89.68834002245242,0.02782328748057441,18.089977430160932,14.794563960164185,27.210083429817583,11642451.0,971762.8,3641.0425130182925,3166.4706956112605,3855.397419134134,3096.6807243649473
2025-02-18,3225.0942009915375,3234.2665481925856,3182.7217200118257,3212.18310546875,592636,3364.6890869140625,3370.91134765625,,3329.108103104748,36.78088577454645,-42.76413177401764,-15.438723473512407,-27.325408300505234,3598.915339395764,3364.6890869140625,3130.462834432361,0.1392260897998888,86.96380346233153,0.02707311526365836,18.80662164638277,14.618591376672422,26.058094228289292,11049815.0,956591.15,3641.0425130182925,3166.4706956112605,3855.397419134134,3096.6807243649473
2025-02-19,3210.3385716248868,3243.8875093346855,3182.223232815878,3200.667724609375,521953,3355.304821777344,3365.6711181640626,,3316.875686105189,35.935375152963005,-47.320505435210634,-21.815079865852056,-25.50542556935858,3599.8008026566263,3355.304821777344,3110.8088408980616,0.14573697107481876,85.15669439493696,0.02660591530329188,19.284535327341143,14.669465032646402,24.710281788893607,10527862.0,956306.5,3641.0425130182925,3166.4706956112605,3855.397419134134,3096.6807243649473
2025-02-20,3200.3686585075066,3208.992607529341,3178.584120275609,3181.874267578125,653151,3344.8014404296873,3360.600380859375,,3304.0184081502302,34.53987250072106,-51.85024199350664,-27.822112291382975,-24.028129702123667,3599.9174473621415,3344.8014404296873,3089.685433497233,0.1525447841828727,81.24610817056518,0.02553404105197577,19.77236714149644,14.277291311073162,24.36961401194489,9874711.0,946724.0,3641.0425130182925,3166.4706956112605,3855.397419134134,3096.6807243649473
2025-02-21,3181.8742806207065,3196.3307746202627,3152.7619413859793,3170.35888671875,407794,3337.849853515625,3354.0411181640625,,3291.288929918661,33.676900100628316,-55.726900824332915,-33.40306999797296,-22.323830826359952,3603.793709413491,3337.849853515625,3071.905997617759,0.1593504007484086,78.55487424654505,0.024777912234361446,20.539350930462,13.711676755337676,25.752143699155024,9466917.0,951169.35,3641.0425130182925,3152.7619413859793,3855.397419134134,3096.6807243649473
2025-02-24,3121.6055121459385,3178.384586401629,3121.6055121459385,3163.4794921875,431232,3330.2277954101564,3348.7530322265625,,3279.116602515693,33.14413054376837,-58.677888351554884,-38.45803366868935,-20.21985468286553,3606.775400782247,3330.2277954101564,3053.680190038066,0.16608329661606847,76.999459961484,0.02434011668216632,21.607742875508432,12.989467318460017,27.285976390498966,9035685.0,940643.6,3641.0425130182925,3121.6055121459385,3855.397419134134,3096.6807243649473
2025-02-25,3130.5785273332094,3201.863993799555,3127.1389276328846,3189.2021484375,642281,3321.6560913085937,3344.6194677734375,,3270.5533211749125,37.14797196487566,-58.269271945799574,-42.4202813241114,-15.848990621688174,3604.4588381631593,3321.6560913085937,3038.853344454028,0.1702781619051677,76.83700326185446,0.02409286074872976,22.067182031621172,14.269823207719275,25.390548123382786,9677966.0,933207.35,3641.0425130182925,3121.6055121459385,3855.397419134134,3096.6807243649473
2025-02-27,3189.202304886031,3218.314643937676,3167.417766701837,3213.429443359375,604023,3314.4129028320312,3341.0542041015624,,3265.112951859147,40.74728310965688,-55.35243189685798,-45.006711438660716,-10.345720458197263,3600.4927592374784,3314.4129028320312,3028.333046426584,0.1726277713685,74.98413711713907,0.0233346144481546,22.129167750677638,15.145032675019575,24.15952622188413,10281989.0,936814.55,3641.0425130182925,3121.6055121459385,3855.397419134134,3096.6807243649473
2025-02-28,3192.392538773712,3208.2946328133435,3050.818603575128,3068.016845703125,1322618,3293.824853515625,3335.4789794921876,,3246.341894130002,29.73920985112241,-64.03622674964618,-48.812614500857805,-15.22361224878837,3588.4760109446506,3293.824853515625,2999.173696086599,0.17891124788528648,81.24318730764679,0.026480684883275978,23.471073847289457,12.979799271229211,30.956857016319436,8959371.0,932585.3,3641.0425130182925,3050.818603575128,3855.397419134134,3050.818603575128
2025-03-03,3080.7286821349267,3092.7924743375943,3048.5754458893434,3072.752685546875,516171,3270.395361328125,3330.010439453125,,3229.8095885506564,30.39870203181418,-69.73222436187734,-52.99653647306171,-16.735687888815633,3557.005062634377,3270.395361328125,2983.7856600218734,0.17527526163678142,78.59846167483279,0.025579169467341685,24.737432083623858,12.458225855633346,29.916756272076704,9475542.0,938103.15,3641.0425130182925,3048.5754458893434,3855.397419134134,3048.5754458893434
2025-03-04,3040.84877087989,3060.7887628200856,3007.9477841785665,3039.353271484375,1186136,3243.885144042969,3323.062353515625,,3211.670891687201,28.37581561238278,-76.0645720532334,-57.610143589096054,-18.45442846413735,3512.4190018533654,3243.885144042969,2975.3512862325724,0.16556311082932687,77.61320736722391,0.02553609285745147,26.273626461637104,11.715206055280422,31.871517216634157,8289406.0,854577.1,3641.0425130182925,3007.9477841785665,3855.397419134134,3007.9477841785665
2025-03-05,3039.3531802903995,3098.1262560890555,3026.5915371499586,3077.2890625,579883,3218.404333496094,3317.7413720703125,,3198.8726222408013,33.767019273710815,-77.13276344489304,-61.514667560255454,-15.61809588463759,3445.4101374068264,3218.404333496094,2991.3985295853613,0.14106729943663746,77.17902962235769,0.025080201454866637,26.882621609389133,14.395158080542597,29.761469561933207,8869289.0,836689.05,3641.0425130182925,3007.9477841785665,3855.397419134134,3007.9477841785665
2025-03-06,3081.924919368353,3122.2535019489055,3037.8575885249293,3111.7353515625,1399483,3199.9698120117187,3313.7144921875,,3190.5738345571535,38.3078365904833,-74.34280756220642,-64.08029556064565,-10.262512001560765,3396.735955452266,3199.9698120117187,3003.2036685711714,0.1229799998124649,77.6945213224733,0.024968229153375928,26.950838301547634,15.49638674092968,27.452291840035357,10268772.0,801694.25,3493.7358192466777,3007.9477841785665,3855.397419134134,3007.9477841785665
2025-03-07,3111.735326021436,3115.224824371474,3065.424503192318,3070.110595703125,1020056,3183.4495239257812,3309.1312841796876,,3179.1011451424843,35.170028417913514,-74.63022655387249,-66.19028175929103,-8.439944794581464,3364.9822630324334,3183.4495239257812,3001.916784819129,0.11404781997786397,75.7020784550935,0.02465776918950244,27.01418237283767,14.768226853641567,26.162335796331114,9248716.0,763371.05,3443.5367113122215,3007.9477841785665,3855.397419134134,3007.9477841785665
2025-03-10,3070.758588659431,3073.749587284749,3012.035413012265,3017.71826171875,855408,3163.609228515625,3304.5341162109376,,3163.7313467211766,31.65534257923524,-78.18437090730595,-68.58909958889402,-9.595271318411932,3325.454395047772,3163.609228515625,3001.7640619834783,0.10231678746751223,74.70294244204996,0.024754776941801945,27.676230459057535,13.896766701942122,29.72341379554338,8393308.0,761393.0,3414.723418078858,3007.9477841785665,3855.397419134134,3007.9477841785665
2025-03-11,3005.953589397834,3046.7307728990663,3000.968591737141,3037.25927734375,576260,3149.5988891601564,3300.4115234375,,3151.68638773285,34.29283132742725,-78.51913950008384,-70.57510757113198,-7.944031928951858,3304.0889416997434,3149.5988891601564,2995.1088366205695,0.0981014141650157,72.63574520775533,0.02391489779933417,28.406862442871578,13.271389492139653,29.47410116753614,8969568.0,767155.65,3337.9544455828946,3000.968591737141,3855.397419134134,3000.968591737141
2025-03-12,3028.286439347942,3044.637378571859,2987.060652590733,3009.891845703125,489535,3136.4958251953126,3295.7276171875,,3138.182145634781,32.406615789221505,-80.06977451703824,-72.47404096031323,-7.595733556725008,3291.7050871139495,3136.4958251953126,2981.2865632766757,0.09896985079453877,71.5601009772818,0.02377497420029889,29.233045133595525,12.508670816566609,29.168435692301955,8480033.0,750746.85,3307.4462022051775,2987.060652590733,3855.397419134134,2987.060652590733
2025-03-13,3010.3404101027927,3040.3501945809317,2991.2978643239117,3001.1181640625,785215,3124.267626953125,3288.174345703125,,3125.128433104088,31.80268895156462,-81.07207827069033,-74.19364842238866,-6.878429848301664,3281.661693230968,3124.267626953125,2966.8735606752816,0.10075581548776498,69.95240306869168,0.023308780009514776,30.000214774982048,11.882143323734853,27.70746296769249,7694818.0,730025.35,3268.1147818395307,2987.060652590733,3855.397419134134,2987.060652590733
2025-03-17,2976.0934973410876,3027.2892771898255,2976.0934973410876,3008.296630859375,632348,3113.592248535156,3279.5144091796874,,3114.0015947950674,32.90442868486207,-80.36081943553063,-75.42708262501706,-4.933736810513565,3272.0353458386894,3113.592248535156,2955.149151231623,0.10177511032671382,68.6126442672664,0.022807805441601662,30.886323597538237,11.248861888481867,27.813577856896032,8327166.0,730555.15,3243.8875093346855,2976.0934973410876,3855.397419134134,2976.0934973410876
2025-03-18,3008.296630859375,3008.296630859375,3008.296630859375,3008.296630859375,0,3103.8266357421876,3270.4806005859373,,3103.9344553726205,32.90442868486207,-78.8877725483203,-76.11922060967771,-2.768551938642588,3262.9479124484096,3103.8266357421876,2944.7053590359656,0.1025323224395701,63.71174110531881,0.02117867648148726,31.709138932768983,11.248861888481866,27.813577856896025,8327166.0,725810.4,3243.8875093346855,2976.0934973410876,3855.397419134134,2976.0934973410876
2025-03-19,3078.784569159933,3085.713667486077,3049.024034648242,3067.06982421875,730983,3096.00517578125,3261.93033203125,,3100.423538119871,41.828071553758896,-72.146210160176,-75.32461851977737,3.1784083596013772,3245.941149851086,3096.00517578125,2946.069201711414,0.09685770246298181,64.69069078541762,0.02109201762365999,30.509175653353076,18.83534770100325,25.43606114785209,9058149.0,696439.85,3243.8875093346855,2976.0934973410876,3855.397419134134,2976.0934973410876
2025-03-20,3090.6985337800365,3195.3834841177472,3070.75854323952,3183.519287109375,1542807,3094.571984863281,3256.1287890625,,3108.3374189760143,54.68721327891174,-56.75276440998232,-71.61024769781837,14.857483287836047,3240.5338355039767,3094.571984863281,2948.6101342225857,0.09433411234551982,69.23518857924473,0.021748003493991724,29.132573414681666,27.65636718508379,22.06886948226064,10600956.0,697358.3,3243.8875093346855,2976.0934973410876,3855.397419134134,2976.0934973410876
2025-03-21,3177.387688468152,3180.428585797634,3145.4837026545083,3153.21044921875,1181974,3092.19912109375,3249.66125,,3112.611040903894,51.49646587066747,-46.46341632449594,-66.58088142315388,20.117465098657945,3232.622668316148,3092.19912109375,2951.7755738713518,0.09082438854890339,67.00664542750344,0.021250292838559264,27.854299907343925,26.535022020551704,21.174072999591374,9418982.0,744866.85,3218.314643937676,2976.0934973410876,3855.397419134134,2976.0934973410876
2025-03-24,3158.6938395647617,3166.420585866734,3065.7735327181413,3069.861328125,1481216,3086.5984741210937,3242.459921875,,3108.5396396868564,43.909300151794916,-44.521396386656306,-62.168984415854375,17.64758802919807,3221.078110676284,3086.5984741210937,2952.1188375659035,0.08713775872223427,69.40953169329555,0.02260998927130343,26.340779744697866,23.786663621549035,27.183857864874547,7937766.0,777867.9,3218.314643937676,2976.0934973410876,3855.397419134134,2976.0934973410876
2025-03-25,3075.7437334880083,3090.6488286688336,3036.8607494990188,3044.53759765625,1174346,3080.307409667969,3235.8986669921874,,3102.444207112513,41.88989811347389,-44.512631100823,-58.63771375284811,14.125082652025107,3210.2193983460543,3080.307409667969,2950.3954209898834,0.0843500153720624,68.29371365590407,0.02243155535621502,25.329686251827464,22.448495124698532,28.67856856415953,6763420.0,819271.15,3218.314643937676,2976.0934973410876,3855.397419134134,2976.0934973410876
2025-03-26,3059.7417682196988,3068.515413078751,3025.4450805257015,3048.326171875,1010449,3074.5497436523438,3230.6145703125,,3097.2901085184644,42.317308031430734,-43.696274815545166,-55.64942596538752,11.953151149842355,3199.31176825331,3074.5497436523438,2949.7877190513773,0.08115791579469335,66.49204357712874,0.021812640717587657,24.544692115965496,21.409848674557317,28.577988766686197,7773869.0,857598.75,3218.314643937676,2976.0934973410876,3855.397419134134,2976.0934973410876
2025-03-27,3038.4059629828116,3088.4053919939442,3038.4059629828116,3078.385498046875,1635143,3069.0089111328125,3225.91171875,,3095.4896694259323,45.72810648672229,-40.16082122430271,-52.55170501717056,12.390883792867854,3182.2196319159857,3069.0089111328125,2955.7981903496393,0.07377672992248537,65.31399967955758,0.021216965750714772,23.45636626094129,22.414356226081082,27.015336340788416,9409012.0,886559.6,3218.314643937676,2976.0934973410876,3855.397419134134,2976.0934973410876
2025-03-28,3084.7166304761386,3102.46327127879,3041.895548169086,3054.15869140625,778417,3061.045373535156,3220.8559375,,3091.55338580501,43.49577235224327,-38.865828527575104,-49.814529719251475,10.94870119167637,3152.8911320405628,3061.045373535156,2969.1996150297496,0.06000940678597997,64.97497992456806,0.02127426453228962,22.192732685276066,22.467345201834302,25.21655888048864,8630595.0,936202.7,3208.2946328133435,2976.0934973410876,3855.397419134134,2976.0934973410876
2025-04-01,3044.5375137307856,3066.471504094303,2973.0526938185776,2977.98779296875,1068622,3056.5439208984376,3213.469169921875,,3080.7376150586992,37.32605020730211,-43.484628671562405,-48.54854950971366,5.063920838151255,3155.157221751529,3056.5439208984376,2957.930620045346,0.06452601592199936,67.00668209250786,0.022500657071434477,22.001901643986564,20.22996422806416,30.043992678099357,7561973.0,944922.4,3195.3834841177472,2973.0526938185776,3855.397419134134,2973.0526938185776
2025-04-02,3001.9657551489604,3095.683716286125,2962.2352242610814,3089.1533203125,1674921,3057.3639526367188,3207.8102001953125,,3081.5391107971564,48.751331108009516,-37.73989009402794,-46.386817626576516,8.646927532548574,3156.772317841457,3057.3639526367188,2957.9555874319803,0.06502880700153939,71.75252565911757,0.0232272465038605,21.29083568436278,20.450526896357733,26.052768794863976,9236894.0,932222.6,3195.3834841177472,2962.2352242610814,3855.397419134134,2962.2352242610814
2025-04-03,3061.7856419507675,3141.545606573386,3058.7946432774193,3118.166015625,1115568,3061.30458984375,3203.3077490234373,,3085.0273874474274,51.24917021735268,-30.494539273662667,-43.20836195599375,12.713822682331084,3163.7468166445215,3061.30458984375,2958.8623630429784,0.0669271702924538,72.53812834746394,0.023263074507251506,19.86529541057515,23.300149663298043,23.929854007627444,10352462.0,990160.1,3195.3834841177472,2962.2352242610814,3855.397419134134,2962.2352242610814
2025-04-04,3089.70160915198,3105.5538046527363,3040.848631143446,3066.969970703125,901801,3060.7886352539062,3197.7195654296875,,3083.3076334717794,46.90475101958432,-28.554481225563904,-40.27758580990779,11.723104584343886,3163.0073401477866,3060.7886352539062,2958.569930360026,0.0667923970420786,72.87950378561324,0.02376270536776892,18.814556960511826,21.534508593921796,23.875368269809563,9450661.0,986631.7,3195.3834841177472,2962.2352242610814,3855.397419134134,2962.2352242610814
2025-04-07,2916.223769645376,3038.854717907386,2916.223769645376,3013.132080078125,1378989,3055.8584716796877,3190.215146484375,,3076.6242474342885,42.796219698074125,-31.003846038585834,-38.4228378556434,7.418991817057567,3157.2811192906975,3055.8584716796877,2954.435824068678,0.06637915240574715,78.44141073362294,0.026033180308375033,19.36051554715983,18.578484899823536,31.94632849475771,8071672.0,1002727.6,3195.3834841177472,2916.223769645376,3855.397419134134,2916.223769645376
2025-04-08,3140.2495763107845,3217.566943599943,3091.6957447063055,3112.931884765625,2830156,3057.9995361328124,3184.6349462890626,,3080.0821176563204,51.310224289744035,-24.60830589094121,-35.659931462702964,11.051625571761754,3162.3023026775063,3057.9995361328124,2953.6967695881185,0.06821633902312267,87.44094307563688,0.028089578028855706,18.41400780250877,30.07451545265111,26.611345430653962,10901828.0,1001702.9,3217.566943599943,2916.223769645376,3855.397419134134,2916.223769645376
2025-04-09,3128.4350881695523,3178.683767368816,3081.4264140508526,3164.6259765625,1215988,3065.344921875,3181.7396533203123,,3088.1339137426235,55.042765726617105,-15.193373314079054,-31.566619832978184,16.37324651889913,3177.6506282666496,3065.344921875,2953.0392154833507,0.07327443354919723,88.14211523580306,0.027852300994996363,17.416211481411455,27.704181258816213,25.346167877746097,12117816.0,1092207.9,3217.566943599943,2916.223769645376,3855.397419134134,2916.223769645376
2025-04-11,3212.3326504228253,3232.821040496807,3191.6449091142363,3225.19384765625,814920,3074.741650390625,3179.9251171875,,3101.1872407820165,59.00786016773831,-2.812232737103386,-25.815742413803225,23.00350967669984,3205.9359825466995,3074.741650390625,2943.547318234551,0.08533681660012442,86.71732585712479,0.02688747714192197,17.047842375275323,30.607241671130854,23.922425751221756,12932736.0,1110236.9,3232.821040496807,2916.223769645376,3855.397419134134,2916.223769645376
2025-04-15,3260.1886678889364,3275.143661778335,3235.363475395776,3263.578369140625,1121769,3087.4259765625,3177.9839599609377,3354.8955432128905,3116.6530625304554,61.33524256466236,9.982152422951003,-18.656163446452382,28.638315869403385,3238.61839073792,3087.4259765625,2936.2335623870804,0.09794075409299721,84.09107501890767,0.025766525423151023,17.10947620405683,32.90359212490307,22.907437181342324,14054505.0,1122169.9,3275.143661778335,2916.223769645376,3855.397419134134,2916.223769645376
2025-04-16,3240.248682300242,3276.1406677041828,3235.363481650169,3262.282470703125,889943,3100.4841918945312,3176.0637451171874,3354.4486389160156,3130.5225299754716,61.20889083713425,19.789110124014314,-10.967108732359044,30.75621885637336,3264.1980555789587,3100.4841918945312,2936.770328210104,0.10560535293965884,80.99722580712954,0.024828391328624612,17.176273691283782,31.8083030200151,22.08368689796092,13164562.0,1153781.6,3276.1406677041828,2916.223769645376,3855.397419134134,2916.223769645376
2025-04-17,3240.2486455789817,3324.7942589206323,3201.5650130670647,3317.51611328125,1083612,3115.945166015625,3172.8185107421873,3354.183935546875,3148.33144267126,64.55995514597143,31.653209609723035,-2.4430450639426287,34.09625467366566,3299.1579493513686,3115.945166015625,2932.7323826798815,0.11759692393433141,84.0137986675894,0.02532430764427969,17.70057573656541,32.61229163651461,19.76998866772019,14248174.0,1159018.0,3324.7942589206323,2916.223769645376,3855.397419134134,2916.223769645376
2025-04-21,3304.0565443751057,3343.438027025322,3280.1285549167465,3326.09033203125,672129,3131.834851074219,3168.513466796875,3353.8444580078126,3165.260860705545,65.06449233194672,41.27170717419949,6.299905383685797,34.971801790513695,3329.5001043391107,3131.834851074219,2934.169597809327,0.12622967855223444,82.5349181990884,0.024814394667592853,18.35758560747179,32.43895361039703,18.68678692071905,14920303.0,1181581.2,3343.438027025322,2916.223769645376,3855.397419134134,2916.223769645376
2025-04-22,3326.0903257686723,3348.722167073805,3310.1383328264683,3327.38623046875,609213,3144.8506713867187,3163.6700390625,3353.3756188964844,3180.7013721115645,65.14525708914508,48.440610757630566,14.728046458474752,33.712564299155815,3357.460813878903,3144.8506713867187,2932.2405288945342,0.13521159807466102,79.39555505967756,0.023861238089120964,19.017484300819497,31.78831876614095,18.03812890109784,15529516.0,1215187.65,3348.722167073805,2916.223769645376,3855.397419134134,2916.223769645376
2025-04-23,3346.9274139601193,3363.5772573884615,3305.5519335671065,3347.2265625,628656,3153.03603515625,3158.87646484375,3353.1645043945314,3196.5609140533206,66.42503058568467,55.0879479065984,22.800026748099484,32.28792115849892,3382.8777630099753,3153.03603515625,2923.1943073025245,0.14579073964965675,77.86910997122595,0.02326377032365163,19.775439282732723,31.458994652520033,17.078030354222825,16158172.0,1209099.15,3363.5772573884615,2916.223769645376,3855.397419134134,2916.223769645376
2025-04-24,3346.728289499282,3384.8136253503217,3333.9666460004346,3372.450927734375,901747,3163.9980590820314,3156.7169677734373,3353.2759204101562,3213.312343927707,68.0321235855467,61.68039278096376,30.57609995467234,31.104292826291417,3412.946103704898,3163.9980590820314,2915.0500144591647,0.1573629565974474,75.93895778398746,0.022517438922381453,20.687506362760594,31.951911181432063,16.26124061932245,17059919.0,1163391.6,3384.8136253503217,2916.223769645376,3855.397419134134,2916.223769645376
2025-04-25,3372.45072113993,3409.239906582039,3306.0504548109493,3355.102783203125,704325,3178.2601318359375,3155.8086962890625,3353.421481933594,3226.8161952872706,65.70281602427826,64.75860566544134,37.412601096826144,27.346004568615193,3436.5107084816095,3178.2601318359375,2920.0095551902655,0.16251066050813928,77.88542164020906,0.023214019561526415,21.009904987783894,28.928146887296936,17.282549128733397,16355594.0,1149380.25,3409.239906582039,2916.223769645376,3855.397419134134,2916.223769645376
2025-04-28,3345.9304197427305,3387.2061028852604,3340.9454220971065,3358.9912109375,384147,3193.9828125,3154.698037109375,3353.9187353515626,3239.4042920158636,65.98394296325642,66.74250907607438,43.2785826926758,23.463926383398586,3456.015159644242,3193.9828125,2931.950465355758,0.16407874589603294,75.62651157934798,0.02251465003334751,21.309275139591247,27.6641950374203,16.527426098317687,16739741.0,1110535.7,3409.239906582039,2916.223769645376,3855.397419134134,2916.223769645376
2025-04-29,3365.77079702271,3387.8045851842357,3343.9366035043927,3368.462890625,575435,3209.9896484375,3155.7179736328126,3355.027399902344,3251.695587121496,66.69996492912537,68.29182654863735,48.28123146386811,20.010595084769236,3473.5832065982954,3209.9896484375,2946.3960902767044,0.16423327613477057,73.35804515795476,0.021777899160511035,21.59461130355231,26.540816283346537,15.821470979017127,17315176.0,1071025.75,3409.239906582039,2916.223769645376,3855.397419134134,2916.223769645376
2025-04-30,3363.8764774257143,3398.771461631375,3344.2356349972897,3369.559326171875,708818,3224.54833984375,3157.67009765625,3355.8476818847657,3262.920705126294,66.78711940720473,68.81488977961453,52.3879631270174,16.426926652597132,3489.618722671521,3224.54833984375,2959.477957015979,0.16440775878746192,72.01360097767838,0.021371815720334076,22.000576182915843,26.19292792210045,14.96564356120621,18023994.0,1049275.05,3409.239906582039,2916.223769645376,3855.397419134134,2916.223769645376
2025-05-02,3352.012445531442,3371.354140367856,3314.026663487433,3331.97265625,514587,3238.4390380859377,3159.395908203125,3356.430927734375,3269.4970814237895,60.90253481060729,65.44211505479325,54.998793512572576,10.443321542220673,3495.3280650099728,3238.4390380859377,2981.5500111619026,0.1586499075035039,70.96459211358872,0.021298071573449373,21.71660137642607,24.681535887241587,17.142739914380552,17509407.0,1002958.8,3409.239906582039,2916.223769645376,3855.397419134134,2916.223769645376
2025-05-05,3347.62543949489,3398.2730668164622,3297.077609494511,3311.833251953125,565178,3255.131311035156,3161.1964892578126,3356.795830078125,3273.5290976646784,57.95595235464709,60.44728647970078,56.08849210599822,4.358794373702558,3484.01515965351,3255.131311035156,3026.247462416802,0.14062956406238938,73.12393962847177,0.022079595820637274,21.8347749011997,24.871265948217435,15.448192845975653,16944229.0,989767.3,3409.239906582039,2916.223769645376,3855.397419134134,2916.223769645376
2025-05-06,3311.8331244412807,3315.3226228352714,3235.7620107706616,3289.400634765625,650789,3265.1436767578125,3162.91232421875,3357.1420373535157,3275.0406726266733,54.77689302297784,54.055604755144486,55.681914635827475,-1.6263098806829888,3481.2731863529043,3265.1436767578125,3049.0141671627207,0.13238591069272748,73.58370194533877,0.022369942161387626,20.729190091462847,22.950447411591927,20.207100112374675,16293440.0,964595.1,3409.239906582039,2916.223769645376,3855.397419134134,2916.223769645376
2025-05-07,3270.1586574100547,3370.8556160681082,3250.418016833093,3328.8818359375,1047443,3275.6794677734374,3165.01998046875,3357.713817138672,3280.1684024657993,59.03581781450675,51.58135614984212,54.861802938630404,-3.280446788788282,3482.4643254425214,3275.6794677734374,3068.8946101043534,0.12625463492595074,76.93040889460137,0.02310998487963324,20.49564002727767,25.540174353252215,17.94745619708133,17340883.0,913388.5,3409.239906582039,2916.223769645376,3855.397419134134,2916.223769645376
2025-05-08,3339.848736275286,3402.2610062364442,3315.0235445380736,3359.190673828125,1597339,3290.2905029296876,3167.9601318359373,3358.388038330078,3287.694333071735,61.99482438293255,51.47281959679367,54.18400627026306,-2.711186673469392,3476.2715273427903,3290.2905029296876,3104.309478516585,0.11304839147029992,77.66662695201346,0.02312063663343789,20.67583229260867,26.379364575370058,16.507519357852306,18938222.0,909982.25,3409.239906582039,2916.223769645376,3855.397419134134,2916.223769645376
2025-05-09,3356.8974935577767,3519.4084206293296,3344.1358506030547,3499.767578125,2863992,3314.622277832031,3173.94212890625,3359.625314941406,3307.89178498157,72.07152296439625,62.01531102083072,55.7502672203766,6.265043800454123,3474.7271531391743,3314.622277832031,3154.517402524888,0.09660520076626149,84.63848002874641,0.02418402883602101,22.014004560278003,32.36377734913352,14.065776765774146,21802214.0,944759.15,3519.4084206293296,3081.4264140508526,3855.397419134134,2916.223769645376
2025-05-12,3526.586876196193,3574.2435049437295,3519.7076764369476,3552.209716796875,956930,3336.5861694335936,3181.348837890625,3361.140255126953,3331.1601594401704,74.76005396708162,73.75178902749576,59.35057158180044,14.401217445695323,3500.4692871110783,3336.5861694335936,3172.703051756109,0.0982340088673957,83.91258337088806,0.023622643385637247,23.676104552444524,34.97975322933272,13.174064973935604,22759144.0,1019009.3,3574.2435049437295,3081.4264140508526,3855.397419134134,2916.223769645376
2025-05-13,3552.2096405124134,3577.6331293321473,3529.478245235364,3552.5087890625,996541,3355.9803100585937,3188.9918359375,3362.679373779297,3352.2409813089635,74.77496748015717,82.13041671741166,63.90654060892268,18.22387610848898,3525.5786574691483,3355.9803100585937,3186.381962648039,0.10107231374524575,81.3584619941663,0.022901691966154613,25.24454120913134,33.798487462755794,12.617098085538451,23755685.0,925348.0,3577.6331293321473,3191.6449091142363,3855.397419134134,2916.223769645376
2025-05-14,3544.3334105714875,3599.1683859811733,3539.348412806971,3576.835693359375,588159,3373.56240234375,3197.2589599609373,3363.2813122558596,3373.630953885193,76.01634070177151,89.69951719652727,69.0651359264436,20.634381270083665,3557.5772927329203,3373.56240234375,3189.5475119545795,0.10909232937936933,79.81999850702603,0.022315813570977547,26.86413627711921,33.91634286420844,11.941690487075556,24343844.0,914375.65,3599.1683859811733,3201.5650130670647,3855.397419134134,2916.223769645376
2025-05-15,3586.207309476769,3654.003277518031,3543.236532369733,3625.887939453125,1227751,3391.677880859375,3205.99267578125,3364.070936279297,3397.6554287011863,78.33186289592149,98.52050709281093,74.95621015971707,23.564296933093857,3598.712021669819,3391.677880859375,3184.643740048931,0.12208361058036933,82.03048040997403,0.02262355643079976,28.75243611830204,35.4198660830465,10.789904171784217,25571595.0,903037.6,3654.003277518031,3201.5650130670647,3855.397419134134,2916.223769645376
2025-05-16,3643.036503649814,3644.9307055085037,3602.558222912686,3622.79736328125,525064,3409.7036254882814,3214.1800341796875,3365.2070178222657,3419.0975177088117,77.82206097582619,104.06225655233857,80.77741943824137,23.2848371140972,3630.832624447038,3409.7036254882814,3188.5746265295247,0.12970570069830645,79.19776628039145,0.021860942895426044,30.50585739940038,34.06626760813447,10.377559365140106,25046531.0,908336.7,3654.003277518031,3201.5650130670647,3855.397419134134,2916.223769645376
2025-05-19,3606.147363842015,3638.549849140568,3600.5640690119503,3606.84521484375,376760,3424.1700805664063,3224.9566015625,3365.822913818359,3436.9782507692817,75.10501877183994,105.94565233271169,85.81106601713543,20.134586315576257,3656.837600129682,3424.1700805664063,3191.5025610031307,0.13589717454968772,76.25405298383617,0.021141481943837595,32.08652075708674,32.85412243539615,10.195101336802692,24669771.0,890092.75,3654.003277518031,3235.7620107706616,3855.397419134134,2916.223769645376
2025-05-20,3606.845226748082,3609.138374396859,3564.373191922964,3569.856689453125,811416,3436.3583984375,3234.898681640625,3366.6648803710937,3449.633340167743,69.08229516335065,103.26323785788054,89.30150038528446,13.961737472596084,3672.707598725671,3436.3583984375,3200.009198149329,0.13755794529210802,74.0048479474118,0.020730481468921036,32.70196120728106,31.434600774091997,13.247702643084914,23858355.0,854750.15,3654.003277518031,3235.7620107706616,3855.397419134134,2916.223769645376
2025-05-21,3559.2883408174484,3612.229113502087,3556.5964907539105,3569.7568359375,415016,3448.4769287109375,3245.5067529296875,3367.2244458007813,3461.073673098196,69.0661935082062,99.97687651757406,91.43657561174237,8.540300905831685,3686.084906944057,3448.4769287109375,3210.868950477818,0.13780459208230156,72.69254614746642,0.020363444763423413,33.09485694407897,29.716219357342077,13.287661223668254,23443339.0,861714.5,3654.003277518031,3235.7620107706616,3855.397419134134,2916.223769645376
2025-05-22,3554.3034780352036,3564.2734737660176,3505.5502962747623,3530.37548828125,709846,3457.634375,3254.5684814453125,3367.633465576172,3467.6738459727726,62.84483471202882,93.12122236079449,91.77350496155279,1.3477173992417022,3693.0345948602426,3457.634375,3222.2341551397576,0.13616258651422186,72.08640282712865,0.0204189053165627,32.358092044619575,27.82565515545018,17.500328774388937,22733493.0,852004.65,3654.003277518031,3235.7620107706616,3855.397419134134,2916.223769645376
2025-05-23,3520.4053992746503,3595.479513820155,3512.4294029013295,3568.959228515625,416717,3467.4597900390627,3263.712958984375,3368.188543701172,3477.3200728816155,66.06966123908772,89.7666780417203,91.3721395775863,-1.6054615358659987,3704.218124743323,3467.4597900390627,3230.701455334802,0.1365601039610575,72.86952483367841,0.020417583998006545,32.05144436319841,28.619324447255007,16.075664770819106,23150210.0,856064.15,3654.003277518031,3235.7620107706616,3855.397419134134,2916.223769645376
2025-05-26,3565.270396000376,3629.0783672934476,3559.6871011489948,3599.467529296875,525514,3479.67802734375,3274.30009765625,3368.92607421875,3488.953163968783,68.40476972822071,88.54920232081668,90.80755212623238,-2.2583498054157047,3717.20225138914,3479.67802734375,3242.1538032983594,0.1365208057635764,72.62107778444802,0.020175505736159238,32.14446701869078,29.970717015808393,14.978471772987714,23675724.0,831812.65,3654.003277518031,3235.7620107706616,3855.397419134134,2916.223769645376
2025-05-27,3604.1534130784125,3628.0814025428335,3551.511787575067,3578.630126953125,1019733,3490.6599731445312,3285.5183349609374,3369.9901220703123,3497.4938271101487,65.10890412459422,84.92398893575455,89.63083948813681,-4.706850552382264,3725.139367861092,3490.6599731445312,3256.1805784279704,0.1343467404562651,72.90311615468505,0.02037179411350772,32.05080623682885,27.722286512372307,14.655769067923234,22655991.0,822872.1,3654.003277518031,3235.7620107706616,3855.397419134134,2916.223769645376
2025-05-28,3584.213505476824,3590.793800096295,3534.3635262629605,3563.974365234375,449324,3500.435546875,3296.05263671875,3371.1845275878904,3503.8253069315037,62.816422776203304,79.94680669997024,87.6940329305035,-7.747226230533258,3729.9718485831363,3500.435546875,3270.8992451668637,0.13114728075085053,71.72648456030286,0.020125421007506594,31.581167819219807,26.164407868273077,15.539878707192868,22206667.0,854651.4,3654.003277518031,3235.7620107706616,3855.397419134134,2916.223769645376
2025-05-29,3569.2585460954137,3589.1985379730418,3549.418351540415,3577.53369140625,513095,3510.834265136719,3307.4054736328126,3372.4908471679687,3510.845153071956,64.07667184926191,76.21788587709852,85.39880351982251,-9.180917642723983,3734.4801642380153,3510.834265136719,3287.1883660354224,0.12740327922747285,69.4446061226117,0.019411307373408564,31.145075002868555,25.09384748001865,14.904038650503782,22719762.0,848345.85,3654.003277518031,3235.7620107706616,3855.397419134134,2916.223769645376
2025-05-30,3569.2584855177565,3594.183474941763,3531.4722989142024,3544.33349609375,962944,3521.4523071289063,3318.2697802734374,3373.7794689941406,3514.0345190740313,58.81992682637373,69.77933818892734,82.27491045364349,-12.495572264716145,3729.761360196863,3521.4523071289063,3313.14325406095,0.11830860389405304,68.96364683010806,0.01945743731680827,30.315788417444427,23.463936278495193,15.79473097362882,21756818.0,838559.7,3654.003277518031,3235.7620107706616,3855.397419134134,2916.223769645376
2025-06-02,3514.5231725476074,3531.3723673946956,3465.4706004987693,3514.921875,726392,3531.60673828125,3328.40228515625,3374.7455615234376,3514.119029162219,54.550416723264775,61.593459677167175,78.13862029834823,-16.545160621181054,3716.5410816362846,3531.60673828125,3346.672394926215,0.10473099473416342,69.67073602759896,0.019821418087023333,28.197453745240576,21.566814737859882,21.28438121696166,21030426.0,860977.55,3654.003277518031,3235.7620107706616,3855.397419134134,2916.223769645376
2025-06-03,3514.9218623425054,3569.2583370262855,3492.987872561897,3509.239013671875,676943,3542.5986572265624,3338.4211328125,3375.737326660156,3513.654265782186,53.73875706175323,54.02476866112693,73.31584997090397,-19.29108130977704,3691.2079635588107,3542.5986572265624,3393.989350894314,0.08389847155228802,70.14214520165537,0.019987850621853903,26.86148957214739,23.749816514285246,19.631238530179328,20353483.0,869038.25,3654.003277518031,3250.418016833093,3855.397419134134,2916.223769645376
2025-06-04,3495.580218109533,3509.2390632570186,3475.5404297999444,3489.299072265625,410354,3550.619519042969,3346.8657177734376,3376.3168322753904,3511.3347235425135,50.878209258561085,45.888565061609825,67.83039298904514,-21.941827927435313,3665.774120524896,3550.619519042969,3435.464917561042,0.06486451215869254,67.53903721989957,0.019356047108924378,25.290561861014417,22.9033892433407,20.776817664057088,19943129.0,870345.95,3654.003277518031,3315.0235445380736,3855.397419134134,2916.223769645376
2025-06-05,3488.202425743534,3524.3935596344136,3463.7759357262657,3493.486572265625,608651,3557.3343139648437,3353.0650634765625,3376.8245556640627,3509.634899611381,51.46253405561441,39.32514554561658,62.129343500359425,-22.804197954742847,3637.359700715078,3557.3343139648437,3477.3089272146094,0.044991771752282445,67.04465055477445,0.019191329111448135,24.090143193049936,23.03880070987087,19.43502389703927,20551780.0,838491.5,3654.003277518031,3344.1358506030547,3855.397419134134,2916.223769645376
2025-06-06,3513.426562012434,3560.1857455113895,3475.7399287553108,3549.21875,602422,3559.8068725585936,3360.9852294921875,3377.398577880859,3513.404790124583,58.53259088190284,38.18058721935404,57.339592244158354,-19.159005024804316,3635.503603010899,3559.8068725585936,3484.110142106288,0.042528560206918656,68.28759099772476,0.019240175319631896,23.55176140677561,24.747632662669748,17.718327911428656,21154202.0,789057.1,3654.003277518031,3463.7759357262657,3855.397419134134,2916.223769645376
2025-06-09,3554.1040631607975,3569.2584077186543,3510.6347851895894,3523.296630859375,540262,3558.361218261719,3370.053935546875,3377.742790527344,3514.3468701945635,54.55235781020514,34.780885724946074,52.8278509403159,-18.046965215369823,3635.670283256959,3558.361218261719,3481.052153266479,0.04345206135818107,67.59730753567763,0.01918581221450827,23.191911655020185,24.173296964999544,16.620743443736277,20613940.0,675978.6,3654.003277518031,3463.7759357262657,3855.397419134134,2916.223769645376
2025-06-10,3534.363371548687,3534.363371548687,3495.5801867812484,3513.625732421875,561695,3556.4170654296877,3379.4356982421873,3377.9885510253907,3514.2781904066883,53.10158553351553,30.949470881322213,48.45217492851717,-17.502704047194953,3636.1351635170113,3556.4170654296877,3476.698967342364,0.04483056774315193,65.53915590937486,0.018652856308688282,22.516592100478828,23.15153324699941,17.558955183550296,20052245.0,655145.2,3654.003277518031,3463.7759357262657,3855.397419134134,2916.223769645376
2025-06-11,3514.4233432512588,3538.3513319712674,3494.4833526512516,3530.9736328125,505077,3554.1239624023438,3389.0886474609374,3377.894833984375,3515.8682325405753,55.39325027118024,28.978827705868298,44.55750548398739,-15.578677778119093,3633.999061501169,3554.1239624023438,3474.2488633035186,0.04494784084280224,63.99121472442064,0.018122824291228194,21.959547033445027,22.463029205463258,16.69915425374379,20557322.0,633402.9,3654.003277518031,3463.7759357262657,3855.397419134134,2916.223769645376
2025-06-12,3537.354438778133,3549.1190822674134,3435.1619838810757,3442.34033203125,811822,3544.94658203125,3396.367744140625,3377.1386096191404,3508.8655753492108,43.65588957924308,20.034170708864167,39.65283852896275,-19.61866782009858,3631.6197412992947,3544.94658203125,3458.273422763205,0.04889955730637907,67.56020641455757,0.019626242584414005,20.60194268109734,19.756637206520246,20.95900518267643,19745500.0,629248.8,3644.9307055085037,3435.1619838810757,3855.397419134134,2916.223769645376
2025-06-13,3399.469466137835,3430.476250866793,3372.8496256662515,3411.6328125,821750,3534.3883544921873,3403.5172265625,3376.40033203125,3499.6053122207145,40.45740594945247,10.348336224857121,33.791938068141626,-23.443601843284505,3631.3867836728555,3534.3883544921873,3437.389925311519,0.05488838206326914,67.69809926816049,0.019843313448070693,20.369967674626817,18.308081370579245,25.99689693849862,18923750.0,608452.35,3638.549849140568,3372.8496256662515,3855.397419134134,2916.223769645376
2025-06-16,3400.7653950752065,3443.3372263026217,3386.0097533572025,3427.7841796875,534665,3525.435302734375,3412.513154296875,3375.442713623047,3492.7652043604085,42.829975254091885,3.9302178580437612,27.819594026122054,-23.889376168078293,3626.9781873455668,3525.435302734375,3423.8924181231832,0.057605870419708875,66.95734024510755,0.019533709456355512,19.88690509402344,18.56041848047056,24.40703987380315,19458415.0,623286.65,3629.0783672934476,3372.8496256662515,3855.397419134134,2916.223769645376
2025-06-17,3417.71458478781,3427.2858781877967,3385.2123008831218,3395.4814453125,1000345,3516.7165405273436,3418.639716796875,3374.717147216797,3483.500084451084,39.444696368800585,-3.719867568753216,21.511701707147,-25.231569275900217,3630.6895164893353,3516.7165405273436,3402.743564565352,0.06481783484596751,65.21552157076974,0.01920656101973418,19.451476497462735,17.694989222573412,23.356338760054932,18458070.0,631181.9,3629.0783672934476,3372.8496256662515,3855.397419134134,2916.223769645376
2025-06-18,3395.780399882879,3469.55836511815,3379.828407399577,3457.39501953125,972739,3511.0984497070312,3425.424296875,3374.419542236328,3481.0138877920526,47.93837158734682,-4.732158007411726,16.262929764235256,-20.995087771646983,3625.136782976992,3511.0984497070312,3397.0601164370705,0.06495877851529692,66.96655272418427,0.019369077685911493,18.166847987390327,20.51033717389052,21.12093359546666,19430809.0,640628.35,3629.0783672934476,3372.8496256662515,3855.397419134134,2916.223769645376
2025-06-19,3468.3620384354285,3511.033667306038,3457.395043527043,3494.882080078125,1022566,3509.323779296875,3433.9825390625,3374.280958251953,3482.334668009774,52.30085927900183,-2.480914540998583,12.514160903188488,-14.995075444187071,3623.211517531866,3509.323779296875,3395.4360410618838,0.06490580259756454,66.01455951351309,0.0188889232886614,17.508685180070884,23.807643847961117,19.895123577028862,20453375.0,668514.5,3629.0783672934476,3372.8496256662515,3855.397419134134,2916.223769645376
2025-06-20,3489.4984148550725,3534.3633944746375,3478.5314198369565,3508.44140625,2941214,3506.297888183594,3443.8887255859377,3374.0509008789063,3484.8210240326525,53.808574217655774,0.3928083770642843,10.089890397963648,-9.697082020899364,3616.8540784575835,3506.297888183594,3395.741697909604,0.06306149323283097,65.28723202238223,0.018608614043283834,17.278380009939266,24.90580754077447,18.67985200974753,23394589.0,684150.5,3629.0783672934476,3372.8496256662515,3855.397419134134,2916.223769645376
2025-06-23,3469.7579070666457,3517.9130357042,3462.5795587362013,3495.181396484375,643325,3501.0835815429687,3451.5337158203124,3373.642878417969,3485.807726170912,52.075054310253236,1.582045686242509,8.38832145561942,-6.806275769376912,3603.076297485987,3501.0835815429687,3399.09086559995,0.05826351389078758,64.57624951849769,0.018475793440492574,16.727066917534906,23.38144687279048,19.301005798945514,22751264.0,810375.35,3628.0814025428335,3372.8496256662515,3855.397419134134,2916.223769645376
2025-06-24,3512.5292088270726,3556.2973916696947,3495.5802164922297,3515.42041015625,968797,3497.923095703125,3458.5496044921874,3373.168555908203,3488.627981788563,54.48528894043957,4.110263521261004,7.532709868747737,-3.4224463474867335,3593.8448086381295,3497.923095703125,3402.0013827681205,0.054844952453549055,64.32908849469926,0.01829911674542506,16.840197783655583,26.056814222624475,17.991222658753163,23720061.0,816265.9,3594.183474941763,3372.8496256662515,3855.397419134134,2916.223769645376
2025-06-25,3539.348394131293,3654.0033421101944,3539.348394131293,3641.24169921875,2697912,3501.7864624023437,3466.8705615234376,3373.3903881835936,3503.162621543819,65.95002300727745,16.081246268540326,9.242417148706256,6.83882911983407,3613.037363453843,3501.7864624023437,3390.535561350844,0.06353951175833703,69.63293445607391,0.019123403555170223,18.168471584124493,32.37521737051691,15.433651707837413,26417973.0,813719.1,3654.0033421101944,3372.8496256662515,3855.397419134134,2916.223769645376
2025-06-26,3644.0334236165336,3689.3969039926083,3633.0664283607794,3683.6142578125,1620497,3507.0904907226563,3475.271279296875,3373.250059814453,3520.3484916646457,68.8002446041562,28.657106413989368,13.12535500176288,15.531751412226487,3640.2406804163593,3507.0904907226563,3373.9403010289534,0.07593199550791549,68.68275882577069,0.018645480774786033,19.750511068423307,34.159450544697236,14.529510327232858,28038470.0,926148.5,3689.3969039926083,3372.8496256662515,3855.397419134134,2916.223769645376
2025-06-27,3688.8983405536014,3697.9711338354978,3648.519858717812,3655.19970703125,601285,3512.6338012695314,3483.1296240234374,3373.1039990234376,3533.1914645567035,64.87829489833663,35.91672377144687,17.68362875569968,18.23309501574719,3659.9970244613687,3512.6338012695314,3365.270578077694,0.0839046889195096,67.30908141805034,0.018414611187611063,21.302002113828088,33.276736498494685,13.76703328276446,27437185.0,981518.6,3697.9711338354978,3372.8496256662515,3855.397419134134,2916.223769645376
2025-06-30,3655.199696380574,3687.4028304818394,3641.042351472131,3679.127685546875,921775,3520.844091796875,3490.36185546875,3373.1321630859375,3547.0901522700533,66.60471729369019,43.103935385841396,22.767690081728023,20.336245304113373,3685.12823501035,3520.844091796875,3356.5599485834,0.09332088495269446,65.81275267459733,0.017888140423377222,22.56238716974733,31.602369904033818,13.885881793540795,28358960.0,963435.65,3697.9711338354978,3372.8496256662515,3855.397419134134,2916.223769645376
2025-07-01,3687.90147327536,3715.3189619250143,3655.9974864830347,3689.39697265625,947173,3529.8519897460938,3497.62798828125,3372.9980676269533,3560.6431827830243,67.34657260635399,49.06293108805721,28.02673828299386,21.03619280506335,3709.629046043811,3529.8519897460938,3350.0749334483767,0.10186096007422037,65.34909001512464,0.017712675133485394,24.024617273101576,32.604585121168626,12.985518402738833,29306133.0,973204.8,3715.3189619250143,3372.8496256662515,3855.397419134134,2916.223769645376
2025-07-02,3693.883268979761,3710.7324637206434,3677.931276455152,3696.874267578125,583514,3540.230749511719,3505.0177490234373,3372.9826135253907,3573.617571811129,67.90562423599954,53.769017559765416,33.175194138348175,20.59382342141724,3732.946332143706,3540.230749511719,3347.5151668797316,0.10887176360386522,63.02423981872228,0.017047980336104412,25.38240236907338,31.39250147871473,12.50277849403425,29889647.0,986716.3,3715.3189619250143,3372.8496256662515,3855.397419134134,2916.223769645376
2025-07-03,3690.8924927105236,3701.7596909092877,3661.1818561621353,3667.662353515625,528710,3548.9395385742187,3511.42646484375,3372.5561474609376,3582.574217687748,63.342928877937965,54.51307486953965,37.44277028458647,17.070304584953178,3748.054286596469,3548.9395385742187,3349.8247905519684,0.11221084262384722,61.420925170752994,0.016746613851157312,26.188558604074753,29.911108086942317,13.860629313074554,29360937.0,995374.3,3715.3189619250143,3372.8496256662515,3855.397419134134,2916.223769645376
2025-07-04,3655.000452669006,3679.0282398602117,3634.1632588536363,3675.837646484375,629926,3555.2704833984376,3517.49419921875,3372.1568493652344,3591.4564490017124,64.0705319239366,55.126954253684744,40.979607078406126,14.147347175278618,3761.92713051371,3555.2704833984376,3348.6138362831653,0.11625368482103893,60.238357730454595,0.01638765460386082,26.23662733834893,28.31985656694962,16.327025118891395,29990863.0,991377.25,3715.3189619250143,3372.8496256662515,3855.397419134134,2916.223769645376
2025-07-07,3664.47179593491,3684.9102864305337,3636.9545113678096,3655.10009765625,829472,3561.8606567382812,3523.4941455078124,3371.7852185058596,3597.5177488735735,60.77518015313212,53.32540908684041,43.44876748009298,9.876641606747427,3772.3885009434216,3561.8606567382812,3351.332812533141,0.11821228537217847,59.361030397045276,0.01624060321497329,26.36769827935435,27.393447909919097,15.38487846764327,29161391.0,992752.45,3715.3189619250143,3372.8496256662515,3855.397419134134,2916.223769645376
2025-07-08,3581.800048828125,3581.800048828125,3435.0,3441.300048828125,3952270,3558.2443725585936,3525.140322265625,3370.2112390136717,3582.639872678769,38.684292339777734,34.25097055573724,41.60920809522183,-7.358237539484591,3774.3723753526842,3558.2443725585936,3342.116369764503,0.12148013467590002,70.84239234413133,0.020585938842576507,25.951401616196083,21.314258437739348,32.33320289742501,25209121.0,1007212.95,3715.3189619250143,3372.8496256662515,3855.397419134134,2916.223769645376
2025-07-09,3441.300048828125,3461.5,3420.60009765625,3432.10009765625,1868271,3553.3006958007813,3526.41306640625,3368.8008776855468,3568.3027512480526,38.043481898504204,18.182386193660932,36.92384371490965,-18.74145752124872,3776.1174160016844,3553.3006958007813,3330.4839755998782,0.1254139400384681,68.7036430583898,0.020017960171181164,25.725578949947597,20.40793190059435,32.45543117713288,23340850.0,1176741.7,3715.3189619250143,3372.8496256662515,3855.397419134134,2916.223769645376
2025-07-10,3432.10009765625,3445.0,3414.0,3419.800048828125,496586,3552.173681640625,3527.417880859375,3367.0518505859377,3554.159636731869,37.15725576779345,4.404632314649007,30.42000143485752,-26.015369120208515,3777.4385351803394,3552.173681640625,3326.908828100911,0.1268321167424856,66.01052569707625,0.019302451826005533,25.591917300604795,19.723359378433642,32.080914497286116,22844264.0,1244901.4,3715.3189619250143,3372.8496256662515,3855.397419134134,2916.223769645376
2025-07-11,3408.0,3422.199951171875,3357.0,3361.60009765625,856956,3549.6720458984373,3528.0104296875,3364.930817871094,3535.8206330103812,33.21456001775901,-11.082830587913122,22.119435030303396,-33.202265618216515,3782.1210349637636,3549.6720458984373,3317.223056833111,0.13096927606814585,65.95262751670472,0.01961941504067891,26.085928228161237,18.33062588293719,35.98883411982549,21987308.0,1229139.6,3715.3189619250143,3357.0,3855.397419134134,2916.223769645376
2025-07-14,3372.0,3410.0,3344.0,3404.699951171875,755781,3548.5178344726564,3529.867763671875,3362.9111267089843,3523.332949025762,38.42519372079251,-19.65241770305647,13.765064483631424,-33.41748218668789,3783.5907060793584,3548.5178344726564,3313.4449628659545,0.1324907370187339,65.95601126551153,0.019372048113317566,26.675564747106286,17.020422217255035,34.82435339647541,22743089.0,1230899.9,3715.3189619250143,3344.0,3855.397419134134,2916.223769645376
2025-07-15,3418.0,3422.0,3387.699951171875,3415.0,686088,3549.493762207031,3532.3797509765627,3361.1184094238283,3513.015525309023,39.63725863684573,-25.320866189281332,5.947878349048873,-31.268744538330203,3782.1669673009305,3549.493762207031,3316.8205571131316,0.1311021912878225,63.694871091412494,0.01865149958752928,26.970858094118533,17.71143848222748,33.484845429552564,23429177.0,1241955.7,3715.3189619250143,3344.0,3855.397419134134,2916.223769645376
2025-07-16,3417.0,3422.199951171875,3388.5,3417.300048828125,669532,3547.489013671875,3534.148115234375,3359.5747265625,3503.899765644175,39.92165448128841,-29.289921749871155,-1.0996816707351327,-28.19024007913602,3783.9617270931067,3547.489013671875,3311.0163002506433,0.13331836265588176,61.552376811445534,0.018011990733021333,27.2406540712561,17.041997587530595,32.175347829495315,24098709.0,1226242.85,3715.3189619250143,3344.0,3855.397419134134,2916.223769645376
2025-07-17,3418.39990234375,3448.0,3416.5,3433.300048828125,559482,3544.409912109375,3535.630302734375,3358.0098486328125,3497.1759830902656,41.96986905536254,-30.789439106460122,-7.037633157880132,-23.751805948579992,3785.1083682179706,3544.409912109375,3303.7114560007794,0.1358186338923476,59.40577846777085,0.01730282166513457,26.916978821291384,19.498687361662064,30.956703204618623,24658191.0,1211082.5,3715.3189619250143,3344.0,3855.397419134134,2916.223769645376
2025-07-18,3444.0,3444.0,3392.0,3402.89990234375,293360,3539.1328369140624,3533.69294921875,3355.998106689453,3488.1973087334545,39.23302731120329,-34.03848075374981,-12.437802677054068,-21.600678076695743,3787.267128322195,3539.1328369140624,3290.99854550593,0.14022321446656547,58.876794291501504,0.017301947157173227,26.943013725409426,18.268598380319567,31.97608546290787,24364831.0,1187928.3,3715.3189619250143,3344.0,3855.397419134134,2916.223769645376
2025-07-21,3391.0,3439.10009765625,3365.199951171875,3433.0,561799,3536.0237670898437,3531.3087548828125,3354.1007250976563,3482.940422187411,43.18362243937035,-33.79497589795119,-16.709237321233495,-17.085738576717695,3787.814257980674,3536.0237670898437,3284.2332761990133,0.14241447879070934,59.94989087670675,0.01746282868532093,27.305579296165693,16.660050121304913,32.35374310625847,24926630.0,1055535.6,3715.3189619250143,3344.0,3855.397419134134,2916.223769645376
2025-07-22,3450.0,3490.0,3430.300048828125,3472.39990234375,1752275,3533.8727416992188,3529.7065771484376,3352.6396228027343,3481.936563154681,47.95341091432669,-30.076055657034885,-19.382600988393776,-10.69345466864111,3787.0616893880547,3533.8727416992188,3280.683794010383,0.14329262324658198,59.93203804064734,0.017259543752490974,26.53345713486014,21.541038403439845,30.05171073423709,26678905.0,1051459.3,3715.3189619250143,3344.0,3855.397419134134,2916.223769645376
2025-07-23,3472.39990234375,3481.89990234375,3444.0,3471.39990234375,584590,3525.380651855469,3527.597861328125,3351.677004394531,3480.933071648878,47.84362687355959,-26.899396714356953,-20.885960133586412,-6.013436580770541,3774.96256906059,3525.380651855469,3275.798734650348,0.14159147158974833,58.35831406229753,0.016811175809187624,25.81648655650498,20.541788871852937,28.65766661657856,26094315.0,1090633.2,3715.3189619250143,3344.0,3855.397419134134,2916.223769645376
2025-07-24,3467.39990234375,3489.800048828125,3458.0,3484.39990234375,630718,3515.4199340820314,3524.7681005859376,3350.8035632324218,3481.263246000771,49.463398461209174,-23.066978491867758,-21.32216380524268,-1.7448146866250767,3754.6323488033654,3515.4199340820314,3276.2075193606975,0.13609322311805042,56.461295116999494,0.016204022701016986,24.97825754813668,20.714833785708265,27.504771654490067,26725033.0,984967.1,3715.3189619250143,3344.0,3855.397419134134,2916.223769645376
2025-07-25,3476.39990234375,3480.0,3447.0,3462.800048828125,624410,3505.799951171875,3521.568154296875,3350.2251599121096,3479.504846270043,46.859431069073715,-21.524565310344315,-21.36264410626301,-0.16192120408130606,3737.097371286594,3505.799951171875,3274.502531057156,0.1319512940476845,55.09976706176739,0.015911911252402273,24.384889559475873,19.710509134566145,27.59723280002186,26100623.0,935478.15,3715.3189619250143,3344.0,3855.397419134134,2916.223769645376
2025-07-28,3453.0,3462.60009765625,3382.0,3393.0,603916,3491.4935668945313,3517.29125,3349.7758178710938,3471.26628948242,39.60375961232932,-25.638922806148912,-22.217899846240194,-3.4210229599087185,3713.3405211750055,3491.4935668945313,3269.646612614057,0.12707854104843352,56.93550147365008,0.016780283369776033,24.791861701645065,17.71249627128985,32.95435010408131,25496707.0,936634.4,3715.3189619250143,3344.0,3855.397419134134,2916.223769645376
2025-07-29,3390.0,3397.0,3355.60009765625,3379.199951171875,511042,3475.9837158203127,3513.478115234375,3349.2569775390625,3462.4980667861773,38.33978077376731,-29.67109940816954,-23.708539758626063,-5.962559649543476,3683.2098455099385,3475.9837158203127,3268.757586130687,0.11923308429005205,55.82581582151436,0.016520423954834187,25.49821122738239,16.774251885471852,34.586574166284876,24985665.0,920741.45,3710.7324637206434,3344.0,3855.397419134134,2916.223769645376
2025-07-30,3380.0,3393.5,3345.300048828125,3376.5,443735,3459.9650024414063,3509.612978515625,3348.954943847656,3454.3077747113034,38.08368505241567,-32.707460663825714,-25.508323939665996,-7.199136724159718,3644.727409019122,3459.9650024414063,3275.2025958636905,0.10680015921972885,55.281111203682975,0.016372311921718636,26.279566818536576,15.729567848581757,33.76342255170277,24541930.0,898934.9,3701.7596909092877,3344.0,3855.397419134134,2916.223769645376
2025-07-31,3340.0,3364.5,3315.5,3347.300048828125,553157,3443.946887207031,3505.9514697265627,3348.3715686035157,3444.1165627224295,35.33474330659372,-37.042982417280655,-27.815255635188926,-9.227726782091729,3608.3301809069385,3443.946887207031,3279.5635935071236,0.09546215379251614,55.68960326056276,0.016637170988020464,27.356094309035107,14.498889765336612,34.94399185685663,23988773.0,891945.95,3684.9102864305337,3315.5,3855.397419134134,2916.223769645376
2025-08-01,3340.0,3347.300048828125,3307.0,3316.0,422977,3425.9550048828123,3500.89228515625,3347.5150427246094,3431.9149853202935,32.61694383054673,-42.51448646206245,-30.75510180056363,-11.759384661498821,3561.0344343711904,3425.9550048828123,3290.8755753944342,0.07885651113097358,54.59034937253149,0.01646271090848356,28.452898325923165,13.734356457300676,34.2135584894503,23565796.0,893168.3,3684.9102864305337,3307.0,3855.397419134134,2916.223769645376
2025-08-04,3315.0,3365.0,3308.10009765625,3356.300048828125,450434,3411.015002441406,3496.028935546875,3346.8066784667967,3424.7135627972298,39.11077720986363,-43.101963098185934,-33.22447406008809,-9.877489038097842,3499.459931359214,3411.015002441406,3322.5700735235982,0.05185842270087003,54.75531744190424,0.016314190222957697,28.967335512148296,15.023874498906741,31.6740163071546,24016230.0,882820.85,3581.800048828125,3307.0,3855.397419134134,2916.223769645376
2025-08-05,3356.300048828125,3443.0,3348.0,3418.199951171875,837335,3409.859997558594,3492.82033203125,3346.5947509765624,3424.09321883291,47.482644920760606,-38.13316240563927,-34.20621172919833,-3.9269506764409385,3497.2902966366682,3409.859997558594,3322.4296984805196,0.05128087319753481,57.62993762462536,0.016859732738825843,27.60344841536682,22.92246256078834,27.944516783116146,24853565.0,863868.95,3490.0,3307.0,3855.397419134134,2916.223769645376
2025-08-06,3437.0,3462.39990234375,3400.0,3417.699951171875,635456,3409.139990234375,3489.89484375,3346.717557373047,3423.484336198526,47.425921498042776,-33.84554747665652,-34.13407887868997,0.28853140203344907,3496.061518745756,3409.139990234375,3322.218461722994,0.050993229236916855,57.970649390277124,0.016961889638790528,25.956818089998023,23.55040447679452,25.795972480771567,24218109.0,708122.2,3490.0,3307.0,3855.397419134134,2916.223769645376
2025-08-07,3380.0,3437.0,3377.699951171875,3415.699951171875,509599,3408.9349853515623,3486.6581689453124,3346.9395361328125,3422.7429661959877,47.18311583161306,-30.2601449257254,-33.35929208809706,3.0991471623716578,3495.7742809406145,3408.9349853515623,3322.09568976251,0.05094805032199609,58.06560649298054,0.01699962154844986,24.813506749057066,21.832470697422735,26.657439482656308,23708510.0,646481.45,3490.0,3307.0,3855.397419134134,2916.223769645376
2025-08-08,3450.10009765625,3489.800048828125,3403.10009765625,3460.199951171875,2184271,3413.8649780273436,3484.975498046875,3347.4747424316406,3426.310298098453,52.95445079569753,-23.556366346782852,-31.398706939834216,7.8423405930513646,3500.5906661062254,3413.8649780273436,3327.1392899484617,0.05080791925695615,60.11091682718729,0.017372093426805978,23.32044135397186,25.857328788534314,23.91108939767451,25892781.0,647132.1,3490.0,3307.0,3855.397419134134,2916.223769645376
2025-08-11,3473.0,3487.300048828125,3402.800048828125,3467.89990234375,563586,3417.0249755859377,3484.03505859375,3348.215196533203,3430.2712127884815,53.89326683215813,-17.421428433936853,-28.603251238654746,11.181822804717893,3506.738729827959,3417.0249755859377,3327.3112213439163,0.05250986158018214,61.85299419667391,0.01783586491492188,21.928301613767168,23.334129212081795,21.612456974201592,26456367.0,713497.85,3490.0,3307.0,3855.397419134134,2916.223769645376
2025-08-12,3467.89990234375,3534.0,3460.10009765625,3486.800048828125,929276,3420.6149780273436,3483.586279296875,3349.2555322265625,3435.654911458924,56.20353754137638,-10.908614356071212,-25.06432386213804,14.155709506066827,3515.324519753857,3420.6149780273436,3325.90543630083,0.055375739353823616,62.713487635750774,0.01798597188181986,21.421646634854643,26.68907537641606,19.793346740828458,27385643.0,703888.1,3534.0,3307.0,3855.397419134134,2916.223769645376
2025-08-13,3486.800048828125,3494.89990234375,3463.199951171875,3466.800048828125,360474,3423.089978027344,3483.136298828125,3349.985003662109,3438.621115017895,53.16758510159929,-7.277109145708437,-21.506880918852122,14.229771773143685,3519.8877527739855,3423.089978027344,3326.2922032807023,0.05655578752996973,60.498235031188216,0.01745074252310522,20.95118129729301,25.690176830251005,19.052536315427748,27025169.0,716047.5,3534.0,3307.0,3855.397419134134,2916.223769645376
2025-08-14,3476.5,3505.800048828125,3464.10009765625,3489.39990234375,597987,3425.894970703125,3483.0545654296875,3351.1482580566408,3443.4571900013098,56.0561974201925,-2.546145419582899,-17.71473381899828,15.16858839941538,3526.874618967886,3425.894970703125,3324.9153224383645,0.05895081380386616,59.1555004698087,0.01695291515027421,20.697091879961086,25.712799444583933,18.093212610780153,27623156.0,700594.6,3534.0,3307.0,3855.397419134134,2916.223769645376
2025-08-18,3496.0,3574.800048828125,3493.5,3554.800048828125,1253006,3433.4899780273436,3483.16619140625,3352.556260986328,3454.0612717943395,63.14122279411884,6.406571697013533,-12.890472715795918,19.29704441280945,3548.3102811891395,3433.4899780273436,3318.6696748655477,0.06688256199761157,61.03011804227772,0.017168368741976612,21.46423703411607,31.218422045133927,16.284781138279058,28876162.0,702519.85,3574.800048828125,3307.0,3855.397419134134,2916.223769645376
2025-08-19,3555.0,3577.300048828125,3545.0,3568.10009765625,537433,3440.244982910156,3484.0622607421874,3354.0290197753907,3464.9221123526168,64.39833287188823,14.408771946197248,-7.430623783397284,21.839395729594532,3569.183380991982,3440.244982910156,3311.30658482833,0.0749588466648995,58.97797024126681,0.016529236463967815,22.20885761304188,30.299971897813112,15.647740339376897,29413595.0,750502.15,3577.300048828125,3307.0,3855.397419134134,2916.223769645376
2025-08-20,3560.0,3602.89990234375,3552.0,3595.0,517031,3446.3749877929686,3485.68974609375,3355.511403808594,3477.3104826047484,66.86019899527722,22.659960682281962,-1.4125068902614348,24.072467572543395,3591.48817793981,3446.3749877929686,3301.261797646127,0.0842120724882413,58.40096539144418,0.016245052960067924,23.22987413948702,31.544716170842516,14.673602265464503,29930626.0,749283.85,3602.89990234375,3307.0,3855.397419134134,2916.223769645376
2025-08-21,3595.0,3625.0,3588.199951171875,3616.300048828125,673486,3453.6199951171875,3487.3962744140626,3357.3066662597657,3490.547584149832,68.70553801722711,30.56548326599068,4.983091140988988,25.58239212500169,3616.4006249046,3453.6199951171875,3290.839365329775,0.09426667092358504,56.85804277977853,0.015722711614652544,24.446690394533817,32.8627388650765,13.99523451024515,30604112.0,687521.65,3625.0,3307.0,3855.397419134134,2916.223769645376
2025-08-22,3616.300048828125,3641.39990234375,3607.699951171875,3621.0,691835,3460.45,3490.9694677734374,3358.9925793457032,3502.9716237546095,69.11421701090966,36.78586905023121,11.343646722837434,25.44222232739378,3638.564205599464,3460.45,3282.3357944005356,0.10294279969337178,55.203893379213994,0.015245482844301021,25.769489853721137,33.551765757216934,13.384979002676976,31295947.0,691966.45,3641.39990234375,3307.0,3855.397419134134,2916.223769645376
2025-08-25,3629.699951171875,3669.60009765625,3615.5,3651.39990234375,700503,3469.879992675781,3495.7648095703125,3361.1879162597656,3517.1076502869087,71.68950506633588,43.66524192798079,17.807965763866108,25.85727616411468,3666.5020659127026,3469.879992675781,3273.2579194388595,0.11333076282289371,55.12505082757371,0.015096963439197718,27.312517541368805,34.853825751667515,12.44668550932403,31996450.0,695022.3,3669.60009765625,3307.0,3855.397419134134,2916.223769645376
2025-08-26,3662.800048828125,3672.800048828125,3589.10009765625,3594.0,960778,3479.9299926757812,3499.0891259765626,3363.055126953125,3524.430731211965,61.29679905117782,43.978544799901556,23.042081571073197,20.93646322882836,3680.3178123476664,3479.9299926757812,3279.542173003896,0.11516773043919963,57.166115137880944,0.015905986404530035,27.984724303535547,31.208729968050946,14.443626805677313,31035672.0,698826.95,3672.800048828125,3307.0,3855.397419134134,2916.223769645376
2025-08-28,3552.10009765625,3650.89990234375,3552.10009765625,3637.699951171875,989246,3492.8549926757814,3503.93349609375,3365.4060388183593,3535.2182759700518,65.40829198527025,47.208866006144035,27.875438458087366,19.33342754805667,3698.8550399606,3492.8549926757814,3286.8549453909627,0.11795510991254045,60.139950105710874,0.016532410840079583,27.64859361715198,27.546538197060954,17.143249564906448,32024918.0,716670.05,3672.800048828125,3307.0,3855.397419134134,2916.223769645376
2025-08-29,3637.699951171875,3642.0,3603.60009765625,3628.800048828125,660956,3505.4699951171874,3507.3615966796874,3367.992608642578,3544.130825766059,63.9190276268635,48.49178794935506,31.998708356340906,16.49307959301415,3712.3225540312524,3505.4699951171874,3298.6174362031225,0.1180170186606603,58.587089551285096,0.016145031074447064,27.3364722655101,26.25690207613272,16.34066037163535,31363962.0,740580.25,3672.800048828125,3307.0,3855.397419134134,2916.223769645376
2025-09-01,3631.0,3653.39990234375,3610.39990234375,3618.60009765625,297533,3519.0349975585937,3509.83595703125,3370.202159423828,3551.2231373746486,62.171876401042795,48.13064193731316,35.22509507253535,12.905546864777804,3718.0527897346637,3519.0349975585937,3320.0172053825236,0.11310929974503975,57.47372601190759,0.015882862007640206,27.232665395182394,26.270502632497045,15.467406197527117,31066429.0,751441.3,3672.800048828125,3307.0,3855.397419134134,2916.223769645376
2025-09-02,3614.0,3655.800048828125,3606.10009765625,3620.60009765625,536300,3534.265002441406,3512.079130859375,3372.320264892578,3557.830466925277,62.38896261086847,47.45873959810888,37.671823977650064,9.786915620458814,3714.5390196279113,3534.265002441406,3353.990985254901,0.10201499721270207,56.91845638047669,0.015720724422816575,27.013981373358668,24.632014896678697,15.042300722627251,31602729.0,738660.1,3672.800048828125,3308.10009765625,3855.397419134134,2916.223769645376
2025-09-03,3605.0,3697.89990234375,3590.0,3690.60009765625,791874,3550.9800048828124,3515.9875048828126,3374.8289990234375,3570.4751936615603,69.07767225252309,51.975525633226425,40.53256430876534,11.442961324461088,3723.997297377945,3550.9800048828124,3377.96271238768,0.0974476298133041,60.55998823499621,0.0164092523255108,27.490246504388445,26.462777365099694,13.127950026376068,32394603.0,744326.25,3697.89990234375,3348.0,3855.397419134134,2916.223769645376
2025-09-04,3740.0,3740.0,3676.800048828125,3691.10009765625,635811,3564.6250122070314,3519.5010986328125,3377.3930737304686,3581.9632797562926,69.11991597222914,54.961890468338424,43.41842954067995,11.543460927658472,3736.644947534031,3564.6250122070314,3392.605076880032,0.09651502457504986,60.748557016201836,0.016458116932340998,28.496186223818267,29.446462025886575,12.152399751832682,33030414.0,761398.25,3740.0,3377.699951171875,3855.397419134134,2916.223769645376
2025-09-05,3695.0,3700.0,3660.0,3665.300048828125,454120,3577.005017089844,3519.982265625,3379.848836669922,3589.900114905991,64.24294029156565,54.61716511390841,45.65817665532565,8.958988458582766,3740.368103354782,3577.005017089844,3413.641930824906,0.09134070848905086,59.266517229330276,0.016169622251875137,28.938297713017764,28.026895758480634,13.591310128398971,32576294.0,751322.05,3740.0,3377.699951171875,3855.397419134134,2916.223769645376
2025-09-08,3653.0,3683.60009765625,3640.0,3658.0,548987,3589.12001953125,3519.46998046875,3382.3249279785155,3596.3858182482772,62.890791850262225,53.142323233249044,47.15500597091033,5.987317262338713,3738.145444914126,3589.12001953125,3440.0945941483737,0.08304287656690809,58.147487259824544,0.01589597792778145,28.784009086486225,26.52581702421816,15.320186642549668,32027307.0,742255.25,3740.0,3402.800048828125,3855.397419134134,2916.223769645376
2025-09-09,3667.800048828125,3667.800048828125,3619.199951171875,3630.10009765625,428367,3597.615026855469,3518.96798828125,3384.400306396484,3599.5967020014173,57.876997073915774,49.155576578720684,47.5551200924724,1.6004564862482837,3735.207589765903,3597.615026855469,3460.022463945035,0.07649098743658415,57.46553085956922,0.015830288232732605,28.082020103150064,24.92341880827199,16.98011626333658,31598940.0,744224.65,3740.0,3402.800048828125,3855.397419134134,2916.223769645376
2025-09-10,3632.0,3648.699951171875,3608.199951171875,3620.60009765625,408800,3605.250036621094,3517.7974365234377,3386.658740234375,3601.5970253971154,56.23309080749561,44.714044851341896,46.9869050442463,-2.272860192904403,3729.503808645535,3605.250036621094,3480.9962645966525,0.06892935067599042,56.25370722674285,0.015537122496118248,27.141735887156667,23.641727455321416,17.503644034293693,31190140.0,656429.45,3740.0,3460.10009765625,3855.397419134134,2916.223769645376
2025-09-11,3620.0,3644.0,3580.0,3584.199951171875,495417,3610.1200317382813,3515.69349609375,3388.085877685547,3599.940161185188,50.33385855156668,37.820935147646196,45.153711064926284,-7.332775917280088,3722.4885048541373,3610.1200317382813,3497.7515586224254,0.062251931862636875,56.80701385340407,0.015849287045169087,25.56523996877323,21.73920766003548,19.640907656829434,30694723.0,648690.15,3740.0,3463.199951171875,3855.397419134134,2916.223769645376
2025-09-12,3589.89990234375,3598.199951171875,3563.89990234375,3571.89990234375,275049,3615.3750244140624,3513.1940087890625,3389.4495202636717,3597.269660343147,48.48296640938766,31.00814233769097,42.324597319479224,-11.316454981788254,3708.650134257,3615.3750244140624,3522.099914571125,0.05159913381768992,55.199373494455564,0.015453785101378611,23.752570259603072,20.774321082241695,20.852522953334187,30419674.0,626997.2,3740.0,3464.10009765625,3855.397419134134,2916.223769645376
2025-09-15,3556.0,3576.5,3515.0,3534.10009765625,362285,3617.6100341796873,3510.522763671875,3390.532440185547,3591.2535115158234,43.222781591981146,22.301745974903497,38.32002705056408,-16.018281075660582,3700.2383677546404,3617.6100341796873,3534.981700604734,0.04568117226249873,55.649418244851596,0.015746418241451978,23.072305783063157,19.134436468307285,25.482991167847178,30057389.0,622725.95,3740.0,3493.5,3855.397419134134,2916.223769645376
2025-09-16,3525.0,3570.300048828125,3502.0,3556.800048828125,724742,3617.7100341796877,3508.14201171875,3391.9075732421875,3587.97222935509,46.945451213082684,17.0371666277415,34.06345496599956,-17.026288338258063,3700.0383617534485,3617.7100341796877,3535.381706605927,0.04551405546377831,56.55303471508541,0.015899975803733524,22.677823506334583,17.483795043633805,24.92663660959955,30782131.0,610940.85,3740.0,3502.0,3855.397419134134,2916.223769645376
2025-09-17,3561.89990234375,3572.699951171875,3513.199951171875,3523.0,659866,3615.455029296875,3505.500009765625,3393.5090148925783,3581.7843979879385,42.47928697597316,10.022040262590963,29.255172025317844,-19.23313176272688,3705.2290917397554,3615.455029296875,3525.680966853995,0.04966128009637518,56.76353223543645,0.016112271426465073,22.24738508653822,16.476740565414726,23.060329115707145,30122265.0,584527.65,3740.0,3502.0,3855.397419134134,2916.223769645376
2025-09-18,3530.0,3546.0,3503.39990234375,3511.300048828125,829442,3611.2700317382814,3506.900009765625,3394.8692578125,3575.071602829861,41.024382015404846,3.4783179142164045,24.099801203097556,-20.62148328888115,3711.6458047904403,3611.2700317382814,3510.8942586861226,0.0555902893829532,55.751858336923135,0.015877839421763452,22.041170206445592,15.577461435558472,23.057296046403643,29292823.0,590649.3,3740.0,3502.0,3855.397419134134,2916.223769645376
2025-09-19,3504.0,3511.300048828125,3460.0,3467.199951171875,2337255,3603.8150268554687,3507.6020068359376,3395.7206176757813,3564.7981121957673,36.01705666425885,-5.20612553830415,18.23861585481722,-23.44474139312137,3722.1330932405526,3603.8150268554687,3485.4969604703847,0.06566267441773954,55.43387194343755,0.015988080504183648,22.62263163049728,14.547760248687206,27.12539906029917,26955568.0,606269.85,3740.0,3460.0,3855.397419134134,2916.223769645376
2025-09-22,3458.199951171875,3477.0,3440.0,3457.5,817833,3595.640026855469,3508.356005859375,3396.394366455078,3554.579244367599,35.00499162842053,-12.724632889023269,12.045966106049121,-24.77059899507239,3729.6340382494604,3595.640026855469,3461.6460154614774,0.07453138267079235,54.11716680462058,0.015652108981813618,23.473944095419586,13.83730819888527,28.440482469131734,26137735.0,689458.3,3740.0,3440.0,3855.397419134134,2916.223769645376
2025-09-23,3465.199951171875,3465.300048828125,3405.0,3439.199951171875,1144975,3585.030029296875,3509.9080029296874,3396.8185900878907,3543.590740253721,33.11445458085251,-19.930024219732786,5.65076804089274,-25.580792260625525,3732.6002621006623,3585.030029296875,3437.4597964930877,0.08232580011762412,54.5588012348709,0.015863806120455574,24.756719049479578,12.74492145132745,30.7774597670376,24992760.0,695758.2,3740.0,3405.0,3855.397419134134,2916.223769645376
2025-09-24,3430.0,3437.39990234375,3411.0,3418.300048828125,690454,3576.2450317382813,3510.1800048828127,3396.756463623047,3531.658293451283,31.05183482433297,-27.015379731673875,-0.8824615136205827,-26.13291821805329,3740.598170083387,3576.2450317382813,3411.891893393176,0.09191380170346963,52.67602623037119,0.01541000657576265,25.947867221106712,12.257567514527592,29.600558344816378,24302306.0,717981.8,3740.0,3405.0,3855.397419134134,2916.223769645376
2025-09-25,3408.0,3419.89990234375,3370.0,3378.5,1139904,3563.2850341796875,3509.4500048828127,3396.3505224609376,3517.0717893130654,27.534578414934018,-35.433649287356275,-7.792699068367721,-27.640950218988554,3746.0564379274506,3563.2850341796875,3380.5136304319244,0.10258590148954465,52.477731667041105,0.015532849390866096,27.577430130355886,11.425035583476975,33.170691735482905,23162402.0,704465.6,3740.0,3370.0,3855.397419134134,2916.223769645376
2025-09-26,3387.699951171875,3402.0,3303.10009765625,3327.300048828125,7524068,3548.2100341796877,3507.6500048828125,3395.6980529785155,3498.9982902192614,23.799830810249702,-45.709683941133335,-15.376096042920844,-30.333587898212492,3755.0329119309818,3548.2100341796877,3341.3871564283936,0.11657871194714073,55.793601001091744,0.01676843091465173,29.750313060556728,9.978460447355909,37.53551903759899,15638334.0,711998.5,3740.0,3303.10009765625,3855.397419134134,2916.223769645376
2025-09-29,3327.0,3418.0,3327.0,3401.199951171875,1452636,3537.3400268554688,3507.0080029296873,3395.3774462890624,3489.684162690939,37.068059553942454,-47.34465125851011,-21.7698070860387,-25.574844172471412,3750.962392768682,3537.3400268554688,3323.7176609422554,0.12078135790814191,58.308343786728045,0.017143462490830052,31.26728168041601,10.826121659594817,33.35119724247491,17090970.0,1055154.1,3740.0,3303.10009765625,3855.397419134134,2916.223769645376
2025-09-30,3452.0,3474.5,3355.0,3367.0,1733728,3524.660021972656,3506.2900048828124,3394.8990502929687,3477.999956720373,34.10813091577967,-50.814269606250946,-27.57869959008115,-23.235570016169795,3746.939310695022,3524.660021972656,3302.38073325029,0.1261280732534097,62.67917637339033,0.018615733998630927,31.118935705659805,15.790493645102345,28.809397122888086,15357242.0,1112909.25,3740.0,3303.10009765625,3855.397419134134,2916.223769645376
2025-10-01,3370.0,3414.89990234375,3351.0,3408.300048828125,798754,3510.54501953125,3505.796005859375,3394.763494873047,3471.361870254445,40.30702705642006,-49.65896077438856,-31.994751826942633,-17.66420894744593,3724.5820629272507,3510.54501953125,3296.5079761352495,0.12193949498165398,62.76637108555887,0.01841574103991807,31.03625007714312,14.642232033452478,27.169622695670526,16155996.0,1172780.65,3740.0,3303.10009765625,3855.397419134134,2916.223769645376
2025-10-03,3379.89990234375,3459.0,3378.0,3453.300048828125,1655328,3498.6550170898436,3505.4140087890623,3394.5383850097655,3469.6416967852715,46.2414280502068,-44.59814660954589,-34.51543078346329,-10.082715826082605,3697.1033413465393,3498.6550170898436,3300.206692833148,0.11344263626298523,64.0687731508761,0.01855291235773671,29.896891402251864,18.23657160277205,24.716076819310032,17811324.0,1173124.65,3700.0,3303.10009765625,3851.9575972586726,2916.223769645376
2025-10-06,3453.300048828125,3459.300048828125,3401.0,3425.39990234375,1184781,3486.660009765625,3504.4940087890627,3394.525965576172,3465.4281925527457,43.36302315110377,-42.350532990721604,-36.082451224914955,-6.268081765806649,3671.9310696863286,3486.660009765625,3301.3889498449216,0.10627423345080181,63.65672141353674,0.018583734229098654,28.83202675162359,17.077241517069364,23.099202913001864,16626543.0,1224100.5,3683.60009765625,3303.10009765625,3826.4343327579913,2916.223769645376
2025-10-07,3425.0,3445.89990234375,3411.0,3418.199951171875,996165,3474.6700073242187,3503.170009765625,3394.6375634765627,3460.9302648021867,42.625629816680465,-40.681310072410724,-37.00222299441411,-3.6790870779966127,3644.423365122497,3474.6700073242187,3304.91664952594,0.09770905291176274,61.60266290855197,0.018021960034091185,27.84322386175448,16.386183657477552,22.164456765189854,15630378.0,1260633.55,3667.800048828125,3303.10009765625,3770.65243846659,2916.223769645376
2025-10-08,3474.0,3580.0,3460.0,3565.60009765625,4531362,3471.4450073242188,3505.2260107421876,3395.5071008300783,3470.8988203120975,58.27060269800189,-27.151493421733903,-35.03207707987807,7.880583658144168,3631.434237128053,3471.4450073242188,3311.4557775203843,0.09217442849665287,68.75961904566432,0.019284164562049903,27.271061998647404,27.562515471185034,18.439045338468055,20161740.0,1282992.45,3648.699951171875,3303.10009765625,3742.5369481669413,2916.223769645376
2025-10-09,3559.800048828125,3561.699951171875,3526.39990234375,3550.60009765625,597739,3467.9450073242188,3508.3780126953125,3396.5262109375,3478.4894181543978,56.579787197689306,-17.438372189189067,-31.513336101740272,14.074963912551205,3617.4482217509576,3467.9450073242188,3318.44179289748,0.08622006064743908,66.64823163615259,0.018770976680856588,26.739768840047976,26.40456385046783,17.664387362983966,19564001.0,1488142.2,3644.0,3303.10009765625,3740.0,2916.223769645376
2025-10-10,3548.89990234375,3571.699951171875,3523.300048828125,3531.89990234375,825274,3465.3300048828123,3511.43201171875,3397.454812011719,3483.576130934336,54.45825325479574,-11.121402505552396,-27.434949382502698,16.3135468769503,3608.294551181679,3465.3300048828123,3322.365458583946,0.08251136030186028,65.34477954383811,0.01850131129154472,26.392567296079363,26.10070493720752,16.72983394024592,18738727.0,1497589.15,3598.199951171875,3303.10009765625,3740.0,2916.223769645376
2025-10-13,3518.0,3545.0,3509.5,3533.60009765625,606122,3463.4150146484376,3514.574013671875,3398.189024658203,3488.340318241185,54.62484143570927,-5.9098419876822845,-23.12992790353862,17.220085915856334,3601.563214971647,3463.4150146484376,3325.266814325228,0.07977571254898112,63.21300957642111,0.017889123791441124,25.75203500608929,25.053706371248126,17.61809568889687,19344849.0,1514082.0,3580.0,3303.10009765625,3740.0,2916.223769645376
2025-10-14,3533.0,3549.39990234375,3506.5,3537.39990234375,925998,3463.5800048828123,3518.3760107421876,3399.159333496094,3493.012659584286,55.02083943441568,-1.4562435785232992,-18.795191038535556,17.338947460012257,3602.072939341308,3463.5800048828123,3325.0870704243166,0.07997097469280576,61.76207334551603,0.01745973739203045,25.23034483206071,24.319539536774432,16.743987144381137,20270847.0,1530635.65,3580.0,3303.10009765625,3740.0,2916.223769645376
2025-10-15,3532.89990234375,3561.89990234375,3511.0,3549.0,1005045,3463.1900024414062,3523.0360107421875,3400.338936767578,3498.3447872429256,56.27538343998061,2.9750022083940166,-14.441152389149643,17.41615459754366,3600.6709257792963,3463.1900024414062,3325.709079103516,0.07939554182182999,60.98620398824703,0.01718405296935673,24.958698915250775,24.33375564718659,15.745790298491379,21275892.0,1558821.3,3580.0,3303.10009765625,3740.0,2916.223769645376
2025-10-16,3549.0,3652.0,3540.0,3640.300048828125,1528118,3469.0550048828127,3528.7160107421873,3402.04408203125,3511.8643359653256,64.63587041578565,13.696067592314648,-8.813708392856785,22.509775985171434,3625.00870894885,3469.0550048828127,3313.101300816775,0.08991134694983353,64.6300465605151,0.01775404381331715,25.94627681518714,31.279473696735845,13.796753757569428,22804010.0,1572836.45,3652.0,3303.10009765625,3740.0,2916.223769645376
2025-10-17,3635.0,3715.0,3633.0,3674.800048828125,1123500,3477.2300048828124,3533.8480126953127,3404.1801989746095,3527.38202290464,67.18891787187059,24.69181890345135,-2.1126029335951584,26.804421837046508,3656.5718884068247,3477.2300048828124,3297.8881213588,0.10315215460132113,65.8707575204783,0.0179249909233794,27.486931482178584,35.329702722552554,12.569964196241184,23927510.0,1616249.05,3715.0,3303.10009765625,3740.0,2916.223769645376
2025-10-20,3680.0,3749.89990234375,3676.199951171875,3737.199951171875,707974,3490.7300048828124,3540.2380126953126,3406.649254150391,3547.3646827396146,71.23397995358826,38.003105514772415,5.910538756078356,32.09256675869406,3702.6999682860237,3490.7300048828124,3278.760041479601,0.12144735519888904,66.52997866298878,0.01780209235048474,29.21150412841406,36.228046115986466,11.556454960248857,24635484.0,1630951.95,3749.89990234375,3303.10009765625,3749.89990234375,2916.223769645376
2025-10-21,3737.199951171875,3746.0,3719.0,3729.0,156306,3504.3050048828127,3546.504013671875,3409.073818359375,3564.6632843834605,70.01248363813673,47.34496523910775,14.197424052684235,33.14754118642352,3739.5236571085343,3504.3050048828127,3269.086352657091,0.13424553621786556,63.70640875848958,0.017084046328369424,30.812893014204143,35.13132168882357,11.206608700096288,24479178.0,1549487.9,3749.89990234375,3303.10009765625,3749.89990234375,2916.223769645376
2025-10-23,3765.0,3800.0,3738.300048828125,3772.300048828125,1622402,3520.960009765625,3552.746015625,3411.0414099121094,3584.438214330571,72.67687000666685,57.578677291595795,22.873674700466548,34.705002591129244,3781.2190974386735,3520.960009765625,3260.700922092576,0.14783416281423375,64.22737956145461,0.017026052734433736,32.72607812829137,38.362783077512944,10.321728825834745,26101580.0,1516411.55,3800.0,3303.10009765625,3800.0,2916.223769645376
2025-10-24,3775.0,3781.0,3706.10009765625,3714.89990234375,563296,3535.790002441406,3557.686015625,3412.4094421386717,3596.863136998493,64.49601183357117,60.361446532921946,30.371229066957632,29.990217465964314,3804.6204338587913,3535.790002441406,3266.959571024021,0.1520624421878913,64.98970261733285,0.017494334793874394,33.6763512247009,35.2047347467545,13.01105447234902,25538284.0,1540282.9,3800.0,3303.10009765625,3800.0,2916.223769645376
2025-10-27,3714.0,3753.89990234375,3710.0,3739.800048828125,856124,3553.8550048828124,3562.746015625,3413.808507080078,3610.4761762203625,66.26977437568675,63.840135583621304,37.065010370290366,26.775125213330938,3826.5093913044575,3553.8550048828124,3281.2006184611673,0.15344148033447177,63.48328831207694,0.0169750487949134,34.558747671366895,33.46582444395535,12.368383626083538,26394408.0,1533925.0,3800.0,3303.10009765625,3800.0,2916.223769645376
2025-10-28,3750.0,3770.0,3688.10009765625,3717.0,1482961,3573.3400024414063,3567.7500146484376,3414.9205908203126,3620.6213022946135,63.15829248423553,64.01927398652788,42.45586309353787,21.563410892990007,3833.8771057094414,3573.3400024414063,3312.8028991733713,0.14582273340349855,64.79876074291073,0.017433080641084404,34.80726791072376,30.444550004235577,13.665829981267654,24911447.0,1519736.0,3800.0,3327.0,3800.0,2916.223769645376
2025-10-29,3734.199951171875,3753.5,3714.199951171875,3748.300048828125,789557,3590.6950073242188,3572.928017578125,3416.2941088867187,3632.7811829168527,65.54962341237774,65.92693020316847,47.150076515463994,18.776853687704474,3849.288436315525,3590.6950073242188,3332.1015783329126,0.14403530707221476,62.97742417756889,0.01680159628556371,35.03803670441228,29.087519157363918,13.05669130685454,25701004.0,1217680.65,3800.0,3351.0,3800.0,2916.223769645376
2025-10-30,3745.0,3773.89990234375,3720.10009765625,3750.699951171875,544151,3609.8800048828125,3576.846015625,3417.664671630859,3644.0115417982834,65.73327966085223,66.86167380541474,51.092395973454146,15.769277831960594,3855.869293558092,3609.8800048828125,3363.890716207533,0.13628668451170034,62.32187992827826,0.01661606653147669,35.49938767523652,29.632027975834884,12.251599782724204,26245155.0,1184526.7,3800.0,3351.0,3800.0,2916.223769645376
2025-10-31,3758.89990234375,3783.0,3739.5,3746.699951171875,900994,3626.8,3580.4180126953124,3419.248532714844,3653.791390310054,65.1102450549243,66.51297806580169,54.17651239192365,12.336465673878038,3861.283749986675,3626.8,3392.3162500133253,0.1293061376346503,60.977459933401235,0.016274978174948062,36.036922777358825,29.188089403242724,11.627312205067785,25344161.0,1125047.85,3800.0,3378.0,3800.0,2916.223769645376
2025-11-03,3730.0,3762.0,3667.300048828125,3724.5,1119367,3640.359997558594,3583.0080126953126,3421.0080310058593,3660.525543613858,61.619472475549216,63.710864466174826,56.08338280677389,7.627481659400935,3864.270127435132,3640.359997558594,3416.449867682056,0.12301537761468831,63.386209307577936,0.0170187164203458,34.67224500389037,26.07327189744074,18.52255835442664,24224794.0,1130159.85,3800.0,3401.0,3800.0,2916.223769645376
2025-11-04,3724.5,3827.0,3715.0,3813.5,2524600,3659.765002441406,3586.95201171875,3423.5128759765626,3675.094539460157,68.83356927089845,67.8891416805277,58.44453458152466,9.444607099003044,3872.798926935715,3659.765002441406,3446.731077947097,0.1164194555400116,66.85862292846522,0.01753208940041044,34.29682298381921,29.897752987632682,16.306232915089407,26749394.0,1103361.8,3827.0,3411.0,3827.0,2916.223769645376
2025-11-06,3780.0,3837.699951171875,3761.60009765625,3774.39990234375,927231,3677.575,3590.020009765625,3425.8172351074218,3684.5521930681184,63.21217224944799,67.26995915303496,60.20961949582672,7.060339657208239,3864.850642274834,3677.575,3490.2993577251655,0.10184735445223245,67.51871082754806,0.017888594895740028,34.079062024676915,28.622741861250272,14.993473066723183,25822163.0,1170352.75,3837.699951171875,3460.0,3837.699951171875,2916.223769645376
2025-11-07,3766.0,3792.0,3736.0,3769.300048828125,728998,3687.7599975585936,3592.3780126953125,3428.128996582031,3692.6234174262145,62.49527698798013,65.6114094946006,61.2899774955815,4.32143199901909,3871.695449970311,3687.7599975585936,3503.824545146876,0.09975456783168549,66.69594576843748,0.017694517524327425,33.28925757459236,26.906131261821876,16.835923109511924,25093165.0,1166906.05,3837.699951171875,3506.5,3837.699951171875,2916.223769645376
2025-11-10,3788.0,3815.0,3769.300048828125,3803.0,599567,3700.379992675781,3596.5580126953123,3430.4073657226563,3703.1354729094323,65.29612306595331,66.25258282441519,62.28249856134824,3.970084263066944,3879.5131206872306,3700.379992675781,3521.2468646643315,0.0968187744858693,65.19623186868301,0.017143368884744416,32.87024856282549,28.078844868586586,15.992972481861441,25692732.0,976787.85,3837.699951171875,3506.5,3837.699951171875,2916.223769645376
2025-11-11,3810.5,3820.0,3752.10009765625,3812.39990234375,668789,3714.404992675781,3600.05201171875,3432.608856201172,3713.541609046034,66.0575448308135,66.7497611720687,63.175951083492336,3.5738100885763657,3882.138289656172,3714.404992675781,3546.67169569539,0.09031502881949308,65.38935118833065,0.01715175555117689,32.08051476212796,25.99620909876617,16.68560803004836,26361521.0,976879.25,3837.699951171875,3506.5,3837.699951171875,2916.223769645376
2025-11-12,3838.0,3877.0,3804.199951171875,3851.10009765625,805025,3730.279992675781,3604.4980126953124,3435.1479138183595,3726.642417485102,69.06672185566042,69.46580239618925,64.43392134603172,5.031881050157523,3886.2460939556145,3730.279992675781,3574.313891395948,0.08362165927815873,65.91868673403025,0.017116845852474166,32.10543812066537,30.1219356967339,15.369361844788093,27166546.0,969055.0,3877.0,3506.5,3877.0,2916.223769645376
2025-11-13,3860.0,3867.89990234375,3817.0,3839.199951171875,668623,3745.3699951171875,3608.910009765625,3437.6120178222654,3737.362182598128,67.09688315970314,69.85282241181903,65.51770155918919,4.335120852629842,3880.8201987942725,3745.3699951171875,3609.9197914401025,0.07232941143527635,64.8459164204388,0.016890476465193035,32.128581239307245,28.433093162656984,14.507649892859604,26497923.0,979000.15,3877.0,3511.0,3877.0,2916.223769645376
2025-11-14,3839.199951171875,3854.699951171875,3800.0,3829.199951171875,575050,3759.379992675781,3613.0820068359376,3439.816252441406,3746.108636748009,65.40866153312675,68.56227886381566,66.1266170201145,2.435661843701169,3865.469081934562,3759.379992675781,3653.290903417,0.05643967327882211,64.12120461696995,0.016745326813593663,31.725765769160112,26.700560869263477,15.517380788608996,25922873.0,966131.4,3877.0,3540.0,3877.0,2916.223769645376
2025-11-17,3848.0,3874.300048828125,3821.5,3868.60009765625,504928,3770.7949951171877,3616.6420068359375,3442.1995434570313,3757.774490167841,68.7454097875191,69.91286436354903,66.8838664888014,3.028997874747631,3872.20251652386,3770.7949951171877,3669.387473710515,0.05378575156590869,63.31255063205245,0.016365752218847764,31.628736384076788,27.32131214041938,14.59303408647821,26427801.0,944631.65,3877.0,3633.0,3877.0,2916.223769645376
2025-11-18,3865.0,3900.0,3841.60009765625,3879.199951171875,849966,3781.014990234375,3620.40400390625,3445.0485900878907,3769.338819787273,69.5951490099352,71.01985995730956,67.71106518250303,3.308794774806529,3882.8629806607883,3781.014990234375,3679.166999807962,0.05387335976687036,62.96164718288799,0.01623057537002386,31.883476572523392,28.42678462121098,13.62619633265618,27277767.0,893472.15,3900.0,3667.300048828125,3900.0,2916.223769645376
2025-11-19,3882.89990234375,3940.5,3862.39990234375,3933.10009765625,1578123,3790.8099975585938,3625.7600048828126,3448.1344873046874,3784.935131965271,73.53530577776264,75.37754784909703,69.24436171582184,6.1331861332751885,3910.10487980535,3790.8099975585938,3671.5151153118377,0.0629389931563892,64.04296507384241,0.016283075305407527,32.60733388163976,30.467674941505425,12.439261834813724,28855890.0,879795.45,3940.5,3667.300048828125,3940.5,2916.223769645376
2025-11-20,3950.0,3956.0,3895.0,3902.39990234375,762391,3799.4799926757814,3630.6480029296877,3450.8433056640624,3796.1222529536976,68.12048334628423,75.48366896047901,70.49222316475327,4.991445795725738,3924.607766887953,3799.4799926757814,3674.35221846361,0.06586573660257669,63.825610425710806,0.01635547663564097,33.45171828788892,30.122394631863955,11.590078560416789,28093499.0,923302.9,3956.0,3667.300048828125,3956.0,2916.223769645376
2025-11-21,3901.0,3925.0,3882.10009765625,3904.199951171875,383311,3806.074987792969,3636.13,3453.5728393554687,3806.4153670697146,68.2680245279682,74.85019316838725,71.36381716548007,3.4863760029071784,3938.4701844916463,3806.074987792969,3673.6797910942914,0.0695704614981585,62.33091699128504,0.015965093430364893,33.8650959711267,28.64153380245801,12.498567172768979,28476810.0,953607.15,3956.0,3667.300048828125,3956.0,2916.223769645376
2025-11-24,3915.5,3937.199951171875,3865.0,3874.300048828125,1258036,3814.0449951171877,3641.2039990234375,3455.545450439453,3812.88057485623,63.04832781629178,71.11570917658128,71.31419556770032,-0.1984863911190473,3942.663643031106,3814.0449951171877,3685.4263472032694,0.06744474597367273,63.03584800418432,0.01627025455172245,33.763664775084045,26.298289660435604,13.413708377114292,27218774.0,891652.6,3956.0,3667.300048828125,3956.0,2916.223769645376
2025-11-25,3874.39990234375,3908.39990234375,3845.0,3855.10009765625,680366,3819.8099975585938,3646.622001953125,3457.11423828125,3816.901481789565,59.882115003070005,65.84777593650915,70.2209116414621,-4.373135704952944,3944.8878031741865,3819.8099975585938,3694.732191943001,0.06548901945150958,63.061851885581866,0.016358032291799895,33.12172879634738,24.40977075124921,14.71579985493738,26538408.0,926389.6,3956.0,3667.300048828125,3956.0,2916.223769645376
2025-11-26,3845.0,3914.5,3843.5,3897.699951171875,364592,3828.8449951171874,3653.1380029296874,3458.754949951172,3824.5965741116897,64.18026496006382,64.36835472189796,69.05040025754927,-4.682045535651312,3948.917150878849,3828.8449951171874,3708.772839355526,0.06271977889665739,63.62886246518316,0.016324720543471446,32.62592422748414,23.149017696961447,13.542902447309036,26903000.0,917601.7,3956.0,3667.300048828125,3956.0,2916.223769645376
2025-11-27,3900.60009765625,3927.0,3875.10009765625,3903.300048828125,542241,3836.5949951171874,3660.522001953125,3460.336923828125,3832.0921431323027,64.71544554548004,62.92245295970224,67.82481079797986,-4.902357838277624,3954.8670793946303,3836.5949951171874,3718.3229108397445,0.061654714364152124,62.791079599366505,0.01608666482563083,32.37410689775669,23.20426694856562,12.743340153985445,27445241.0,861683.25,3956.0,3667.300048828125,3956.0,2916.223769645376
2025-11-28,3906.199951171875,3934.89990234375,3896.5,3907.699951171875,574817,3844.4449951171873,3667.54,3462.4732946777344,3839.292886755119,65.15593840655328,61.42354831349803,66.5445583010835,-5.121009987585467,3959.672540259678,3844.4449951171873,3729.2174499746966,0.05994495709463432,61.04885265253675,0.015622707325374071,32.273042909246755,23.08603452834851,12.1707974909207,28020058.0,849317.45,3956.0,3667.300048828125,3956.0,2916.223769645376
2025-12-01,3907.699951171875,3910.699951171875,3861.300048828125,3894.89990234375,603073,3851.8549926757814,3674.977998046875,3464.9452124023437,3844.588793001655,62.70349357080361,58.528122848690145,64.94127121060484,-6.413148361914693,3959.818299932298,3851.8549926757814,3743.891685419265,0.056057825365599945,60.2167847733377,0.015460419082170081,31.133936189854797,21.733246246692936,15.633001260988383,27416985.0,850850.75,3956.0,3667.300048828125,3956.0,2916.223769645376
2025-12-02,3875.0,3899.60009765625,3867.5,3885.800048828125,661018,3859.9199951171877,3682.467998046875,3467.301591796875,3848.513674508938,60.947163253434766,54.86672571862027,62.926362112207926,-8.059636393587652,3951.475951732761,3859.9199951171877,3768.3640385016142,0.047439302747928486,58.20844997926001,0.01497978517881136,30.076194236133695,20.877161253688424,15.017208405045883,26755967.0,835954.7,3956.0,3715.0,3956.0,2916.223769645376
2025-12-03,3870.0,3880.0,3785.89990234375,3817.800048828125,770638,3860.1349975585936,3689.48,3469.80326171875,3845.5885673012417,49.73612993578241,45.94834647746984,59.53075898526031,-13.582412507790472,3951.27315133261,3860.1349975585936,3768.9968437845773,0.04722018988022859,61.18642830105394,0.016026619392976102,28.681323197939253,18.442410927825414,22.79179482780915,25985329.0,813037.25,3956.0,3736.0,3956.0,2916.223769645376
2025-12-04,3805.0,3830.0,3778.0,3800.39990234375,776693,3861.4349975585938,3696.337998046875,3472.4454956054688,3841.284884924338,47.33664359040778,37.049338560693286,55.03447490034691,-17.98513633965362,3948.2852024121335,3861.4349975585938,3774.584792705054,0.04498338307310679,60.53025485097866,0.015927338281860538,27.536362351044737,17.310739111560107,22.32546003180626,25208636.0,725339.15,3956.0,3736.0,3956.0,2916.223769645376
2025-12-05,3777.0,3828.0,3777.0,3813.300048828125,508448,3863.6349975585936,3703.82,3475.283585205078,3838.619662438984,49.28993431499979,30.68403819091054,50.16438755845964,-19.480349367549096,3942.9396190219454,3863.6349975585936,3784.3303760952417,0.041051818566434944,59.84952236162304,0.015694941807691095,26.493124529524223,16.257087434280905,21.085924585669606,25717084.0,717812.25,3956.0,3752.10009765625,3956.0,2916.223769645376
2025-12-08,3796.300048828125,3825.0,3758.10009765625,3767.0,545864,3861.834997558594,3710.7939990234377,3478.0095642089846,3831.7987422067,43.1097012048808,21.65385265916848,44.46228057860141,-22.80842791943293,3947.9082625732854,3861.834997558594,3775.7617325439023,0.04457635557661371,60.35312093177497,0.016021534624840714,25.90425323431178,14.96990395602105,21.65323332199339,25171220.0,706784.75,3956.0,3752.10009765625,3956.0,2916.223769645376
2025-12-09,3775.0,3874.0,3751.0,3849.0,1121068,3863.665002441406,3720.2039990234375,3481.2365197753907,3833.436957234633,54.08911938735017,20.873463964393977,39.744517255759924,-18.871053291365946,3946.9680214952823,3863.665002441406,3780.36198338753,0.043121243172603164,64.82789800807676,0.016842789817634908,24.12693584269576,18.34003792104017,18.718707798657118,26292288.0,704099.6,3956.0,3751.0,3956.0,2916.223769645376
2025-12-10,3831.0,3858.199951171875,3825.60009765625,3845.699951171875,616248,3863.3949951171876,3730.5719970703126,3484.3475244140627,3834.6048614191327,53.6404517594289,19.760922328758625,35.74779827035967,-15.986875941601042,3946.8939448988544,3863.3949951171876,3779.8960453355207,0.043225686158002645,62.52589483004449,0.016258651383083432,22.47656969333803,17.657026561938405,18.021594188029177,25676040.0,726713.55,3956.0,3751.0,3956.0,2916.223769645376
2025-12-11,3830.39990234375,3855.800048828125,3777.0,3844.800048828125,669180,3863.675,3739.4439990234373,3487.5106091308594,3835.5758316485603,53.5101019790169,18.592290121522637,32.31669664059226,-13.724406519069625,3946.884587061223,3863.675,3780.4654129387773,0.04307276728048964,63.68833440133596,0.01656479754278713,21.9588159552075,16.096554024273956,21.87956384603241,25006860.0,717274.7,3956.0,3751.0,3956.0,2916.223769645376
2025-12-12,3844.800048828125,3894.800048828125,3831.89990234375,3880.199951171875,547866,3866.225,3749.707998046875,3490.908270263672,3839.825747793638,57.84934133635033,20.28874097095013,29.911105506663837,-9.622364535713707,3948.1684828574266,3866.225,3784.281517142573,0.04238940199156889,63.63203526441018,0.016399163977411115,20.569805319323414,19.337873299542622,20.3347133123451,25554726.0,717302.55,3956.0,3751.0,3956.0,2916.223769645376
2025-12-15,3861.300048828125,3876.39990234375,3850.0,3866.199951171875,332337,3866.1049926757814,3758.86599609375,3494.3298986816408,3842.3375766868035,55.63760136344788,20.269849289209105,27.982854263172893,-7.713004973963788,3948.0412403533956,3866.1049926757814,3784.1687449981673,0.042386974918084144,61.24402925780052,0.01584088511491419,19.28000972885962,18.6567540407215,19.618483319258313,25222389.0,715943.35,3956.0,3751.0,3956.0,2916.223769645376
2025-12-16,3850.0,3937.5,3828.0,3929.5,1560827,3868.6199951171875,3768.3899951171875,3498.125604248047,3850.6387598594893,62.600122423769164,25.07362922525408,27.40100925558913,-2.32738003033505,3954.978188344529,3868.6199951171875,3782.261801889846,0.0446454773724683,64.69088431081477,0.016462879325821293,18.946326198010293,23.147445472194693,17.246517506824844,26783216.0,707313.8,3956.0,3751.0,3956.0,2916.223769645376
2025-12-17,3930.0,3935.699951171875,3890.0,3907.89990234375,601010,3867.3599853515625,3778.0399951171876,3501.847706298828,3856.0922020008475,59.18653692876529,26.828450396582866,27.286497483787876,-0.45804708720501,3950.5971917962097,3867.3599853515625,3784.1227789069153,0.043046009039719904,63.33438908660478,0.016206758276643727,18.636477205078776,21.954415967451425,16.357624420785204,26182206.0,742856.85,3956.0,3751.0,3956.0,2916.223769645376
2025-12-18,3900.0,3924.0,3890.10009765625,3919.300048828125,516547,3868.2049926757813,3788.0619970703124,3505.498195800781,3862.1119969367787,60.41347428708133,28.806986356957623,27.59059525842183,1.2163910985357944,3953.1730529656506,3868.2049926757813,3783.236932385912,0.043931518857325984,61.231925747829436,0.015623178880151788,18.34876028307094,21.08622676220425,15.710760802701817,26698753.0,694001.2,3937.5,3751.0,3956.0,2916.223769645376
2025-12-19,3919.0,3961.89990234375,3913.0,3930.10009765625,730780,3869.5,3795.3519970703123,3509.0815490722657,3868.587054148157,61.59147760569581,30.8903789804981,28.250552002837082,2.6398269776610164,3957.363169133746,3869.5,3781.636830866254,0.0454131898869342,60.35106693325233,0.015356114458571482,18.78038522189928,24.35149724551098,14.801492147011633,27429533.0,681709.0,3961.89990234375,3751.0,3961.89990234375,2916.223769645376
2025-12-22,3940.0,3950.800048828125,3917.10009765625,3933.800048828125,569521,3872.475,3803.01599609375,3513.4104650878908,3874.7978155462492,62.0085770805124,32.46579233766079,29.093600069801827,3.37219226785896,3964.707451731126,3872.475,3780.2425482688736,0.047634885560849986,58.44741580743967,0.014857749525131836,19.181179807954166,23.348588102066483,14.19189711220956,27999054.0,699082.45,3961.89990234375,3751.0,3961.89990234375,2916.223769645376
2025-12-23,3933.800048828125,3956.300048828125,3916.39990234375,3925.800048828125,445656,3876.0099975585936,3810.8939990234376,3517.675701904297,3879.6551710969043,60.479261200702894,32.691933374324435,29.813266730706353,2.8786666436180823,3970.694605819867,3876.0099975585936,3781.3253892973203,0.048856740989271376,57.12261085579219,0.014550565526851942,19.655511242376424,22.87140392408437,13.483822767286249,27553398.0,664656.7,3961.89990234375,3751.0,3961.89990234375,2916.223769645376
2025-12-24,3925.800048828125,3935.0,3900.0,3909.300048828125,399227,3876.5900024414063,3818.407998046875,3522.0254357910158,3882.478492785592,57.338256707107405,31.18031243867017,30.086675872299118,1.0936365663710532,3971.9387523235664,3876.5900024414063,3781.2412525592463,0.04919207335421654,55.542424366092746,0.014207767035621242,19.581279571883044,21.841947423710273,14.985964663903426,27154171.0,652921.2,3961.89990234375,3751.0,3961.89990234375,2916.223769645376
2025-12-26,3908.89990234375,4006.89990234375,3900.0,3992.0,1113050,3881.025,3827.5,3526.5989904785156,3892.9091125202976,66.67907832527483,36.23780994793742,31.31690268742678,4.920907260510642,3988.4210682819,3881.025,3773.6289317181004,0.055344177521092865,59.210815650211124,0.014832368649852486,20.749599237057797,27.69885058582435,13.053404899627061,28267221.0,654652.95,4006.89990234375,3751.0,4006.89990234375,2916.223769645376
2025-12-29,4010.0,4031.699951171875,3978.0,3983.699951171875,1242846,3884.825,3836.1939990234373,3530.9588134765627,3901.555859058543,65.13759692012691,39.12515811907497,32.87855377375642,6.246604345318545,4000.765821102989,3884.825,3768.8841788970108,0.05968908308764954,58.81718247318712,0.014764460977008325,22.169730043274022,28.9042538821062,12.20213858562309,27024375.0,683193.4,4031.699951171875,3751.0,4031.699951171875,2916.223769645376
2025-12-30,3982.0,3993.5,3954.10009765625,3974.10009765625,1169570,3888.785009765625,3842.87,3535.4787609863283,3908.4648341630864,63.314456060224586,40.17565446138042,34.337973911281225,5.8376805500991935,4011.0685130255465,3888.785009765625,3766.5015065057037,0.06289033873193796,57.43023389251304,0.014451129181769445,22.77857496899464,27.487846153127247,14.576730498917245,25854805.0,716594.85,4031.699951171875,3751.0,4031.699951171875,2916.223769645376
2025-12-31,3984.0,4061.89990234375,3975.10009765625,4051.5,1358731,3897.0700073242188,3850.4039990234373,3540.6476696777345,3922.087230909459,70.48685547722425,46.71520187423857,36.813419503872694,9.90178237036588,4038.3928364862836,3897.0700073242188,3755.747178162154,0.07252773437298297,59.59948894929782,0.014710474873330328,24.229301628558265,32.7929763874487,13.042879749822935,27213536.0,744919.7,4061.89990234375,3751.0,4061.89990234375,2916.223769645376
2026-01-01,4063.699951171875,4068.0,4035.699951171875,4049.300048828125,444679,3908.6450073242186,3856.6460009765624,3545.707873535156,3934.2027373779033,70.06753731890637,51.13091725380127,39.67691905385841,11.453998199942859,4059.6889459170384,3908.6450073242186,3757.6010687313988,0.07728711014164037,57.64952894064262,0.014236912119497418,25.645051574400362,32.23640515290233,12.520900942809353,26768857.0,779805.35,4068.0,3751.0,4068.0,2916.223769645376
2026-01-02,4039.0,4060.0,3986.199951171875,4051.699951171875,659997,3921.210009765625,3863.1,3550.9169140625,3945.3929482154244,70.27527657262652,54.19928000590835,42.5813912442684,11.617888761639946,4075.9106790648416,3921.210009765625,3766.509340466408,0.07890455696784443,58.80313750403422,0.014513201424756678,25.636532675640495,29.34655901870316,17.4112581947895,27428854.0,763507.4,4068.0,3751.0,4068.0,2916.223769645376
2026-01-05,4051.699951171875,4094.0,4046.0,4079.699951171875,629273,3934.5300048828126,3869.247998046875,3556.309822998047,3958.184091354134,72.6594230657683,58.219230538119064,45.70895910303854,12.510271435080526,4095.519160956824,3934.5300048828126,3773.540848808801,0.0818339958644217,58.03148482517463,0.014224449229043267,26.090679990978536,31.79764862130845,16.382579666883924,28058127.0,757672.6,4094.0,3751.0,4094.0,2916.223769645376
2026-01-06,4079.699951171875,4120.5,4068.5,4111.7998046875,820331,3951.7699951171876,3877.18599609375,3561.8273388671873,3972.8141592906454,75.12287970991767,63.26596949151781,49.22036118073439,14.045608310783415,4111.144695736979,3951.7699951171876,3792.3952944973958,0.08065990723990273,57.6006644805193,0.01400862571539934,26.842471282637177,33.033401071486956,15.326175506122308,28878458.0,763713.85,4120.5,3751.0,4120.5,2916.223769645376
2026-01-07,4225.0,4312.10009765625,4202.0,4273.2001953125,3496340,3972.9800048828124,3887.8539990234376,3568.1518566894533,4001.4223531974885,83.2802886982436,79.37423237390658,55.25113541936883,24.12309695453775,4178.289472469814,3972.9800048828124,3767.6705372958104,0.10335288238786787,67.7934950868215,0.01586480669948199,29.10716335229431,46.24938655082271,12.091733870392138,32374798.0,777437.2,4312.10009765625,3777.0,4312.10009765625,2916.223769645376
2026-01-08,4273.2001953125,4303.2001953125,4239.0,4249.0,1055725,3993.1450073242186,3898.4939990234375,3574.0615075683595,4025.0011767024894,79.09248492101531,89.15961668846876,62.03283167318882,27.126785015279943,4222.323613030285,3993.1450073242186,3763.9664016181523,0.11478601717979554,67.5368308172271,0.015894758959102636,31.21009170269022,43.10906866404133,11.270709182558367,31319073.0,896200.8,4312.10009765625,3777.0,4312.10009765625,2916.223769645376
2026-01-09,4231.0,4279.0,4183.10009765625,4201.7998046875,883117,4010.9949951171875,3907.563994140625,3579.15291015625,4041.8391412724905,71.53665239160236,92.0449065773596,68.03524665402298,24.009659923336613,4246.694941249639,4010.9949951171875,3775.2950489847367,0.11752692108535762,69.56276449769302,0.016555468544714878,31.9758462910585,38.864027200034,15.900783041532964,30435956.0,918174.65,4312.10009765625,3828.0,4312.10009765625,2916.223769645376
2026-01-12,4205.0,4242.0,4145.0,4231.60009765625,514767,4028.5650024414062,3917.1819970703127,3584.5448583984376,4059.9116133090392,73.27270743950174,95.63374787724752,73.5549468986679,22.078800978579622,4274.799641609965,4028.5650024414062,3782.330363272848,0.12224434210163393,71.52256703357209,0.01690201469491084,31.9626943152484,35.099170880895116,18.165436707249302,30950723.0,928871.5,4312.10009765625,3828.0,4312.10009765625,2916.223769645376
2026-01-13,4231.60009765625,4267.60009765625,4210.0,4239.2001953125,770707,4047.2150146484373,3927.032001953125,3590.391552734375,4076.986716356988,73.7130603446503,97.9619504423049,78.4363476073953,19.52560283490959,4297.896407307719,4047.2150146484373,3796.5336219891556,0.12387846543955217,70.52810493519193,0.01663712532689031,32.18994414041392,35.64433763769641,17.105746764933343,31721430.0,927216.55,4312.10009765625,3828.0,4312.10009765625,2916.223769645376
2026-01-14,4241.89990234375,4283.0,4211.0,4221.5,998692,4061.8150146484377,3936.972001953125,3596.276364746094,4090.7498862277507,70.7879076383163,97.25768387498738,82.20061486091373,15.057069014073647,4317.3384126272895,4061.8150146484377,3806.2916166695854,0.12581734867655875,70.63324029696393,0.01673178734974865,32.54391613465693,34.60637826249509,15.860265012091768,30722738.0,949135.05,4312.10009765625,3890.0,4312.10009765625,2916.223769645376
2026-01-15,4221.5,4221.5,4221.5,4221.5,0,4077.49501953125,3945.132001953125,3602.1422338867187,4103.202278015584,70.7879076383163,95.59755840059279,84.88000356884955,10.717554831743243,4331.799253181323,4077.49501953125,3823.1907858811765,0.12473552140809646,65.58800884718079,0.01553665968190946,32.87260441502544,34.6063782624951,15.86026501209177,30722738.0,921028.3,4312.10009765625,3890.10009765625,4312.10009765625,2916.223769645376
2026-01-16,4221.5,4236.39990234375,4181.10009765625,4196.89990234375,686949,4091.3750122070314,3953.582001953125,3607.7348059082033,4112.125861284933,66.53227054991233,91.24505847627461,86.15301455033456,5.092043925940047,4339.863245172644,4091.3750122070314,3842.886779241419,0.1214693017502541,64.8531371214893,0.015452628995338249,32.337021933939674,32.49862037422348,19.34387298421901,30035789.0,890977.8,4312.10009765625,3900.0,4312.10009765625,2916.223769645376
2026-01-19,4165.7001953125,4207.39990234375,4129.10009765625,4144.10009765625,365905,4102.075012207031,3961.0780029296875,3613.1845129394533,4115.17102665363,58.41499938340156,82.58320023028455,85.43905168632456,-2.855851456040014,4340.071880331016,4102.075012207031,3864.078144083047,0.11603730668783423,65.81361337620434,0.015881279849737726,30.8875459820732,29.736886465628743,23.34367347530917,29669884.0,899497.9,4312.10009765625,3900.0,4312.10009765625,2916.223769645376
2026-01-20,4155.0,4155.0,4064.300048828125,4075.5,586156,4109.160009765625,3966.5280029296873,3618.6720739746092,4111.392833638999,49.89714003490328,69.3833525011014,82.22791184927993,-12.844559348178535,4334.813890897614,4109.160009765625,3883.506128633635,0.10982968810935176,67.59120893303796,0.01658476479770285,28.820327369595155,26.88662764709327,27.954094297037933,29083728.0,881254.15,4312.10009765625,3900.0,4312.10009765625,2916.223769645376
2026-01-21,4075.5,4109.89990234375,4053.5,4079.199951171875,552760,4116.830004882812,3971.86400390625,3623.6223071289064,4108.326844832606,50.317926481957805,58.546050783957526,77.49153963621546,-18.945488852257938,4326.924518701539,4116.830004882812,3906.7354910640856,0.10206615943312768,66.79182989094596,0.016373757278497214,27.05429890746512,25.26495456850959,27.42301639803309,29636488.0,882085.9,4312.10009765625,3900.0,4312.10009765625,2916.223769645376
2026-01-22,4099.0,4128.0,3980.800048828125,4018.60009765625,818966,4122.295007324219,3975.21400390625,3628.1244775390624,4099.78144033962,43.82576912164503,44.55391951960428,70.90401561289323,-26.350096093288954,4315.521108389071,4122.295007324219,3929.0689062593674,0.09374685737994998,72.53526712529803,0.018049884378294433,26.35373756541941,21.602696562128834,30.607012828374668,28817522.0,887441.1,4312.10009765625,3900.0,4312.10009765625,2916.223769645376
2026-01-23,4025.10009765625,4063.300048828125,3980.0,4021.800048828125,1015415,4123.785009765625,3978.866005859375,3632.8986279296873,4092.3546411480484,44.23492150001141,33.338953300336925,63.39100315038198,-30.05204985004505,4313.394965341605,4123.785009765625,3934.1750541896445,0.09195918561562288,73.30418010407139,0.018226709238175782,25.71280648497881,19.84923421241825,28.200639844725217,29832937.0,908428.05,4312.10009765625,3954.10009765625,4312.10009765625,2916.223769645376
2026-01-27,4021.800048828125,4040.0,3955.0,3997.0,1760501,4124.450012207031,3982.2220068359375,3637.8179675292968,4083.273246752996,41.699926525514364,22.19401628983178,55.15160577827194,-32.95758948844016,4312.173983378931,4124.450012207031,3936.7260410351323,0.09102982003239085,74.13959581092344,0.018548810560651347,25.423178019020646,18.22374372518123,28.29982109875241,28072436.0,903546.3,4312.10009765625,3954.10009765625,4312.10009765625,2916.223769645376
2026-01-28,4002.0,4025.800048828125,3964.89990234375,3975.199951171875,809022,4124.5050048828125,3984.35400390625,3642.129307861328,4072.980551935746,39.55410771754705,11.470269537022432,46.41533853002205,-34.945068992999616,4312.053329424741,4124.5050048828125,3936.956680340884,0.0909434340944664,73.19392085902712,0.018412638800080938,25.154237300630925,17.14068279672868,26.617925711258366,27263414.0,929429.05,4312.10009765625,3955.0,4312.10009765625,2916.223769645376
2026-01-29,3960.800048828125,3968.60009765625,3843.10009765625,3939.699951171875,1145612,4118.915002441407,3985.56400390625,3646.004677734375,4060.287161386806,36.280085447975445,0.1058494938019976,37.153440722778036,-37.04759122897604,4320.939795368259,4118.915002441407,3916.890209514554,0.09809612133637441,77.40148747735553,0.019646543756290942,26.170968022854286,15.0511311426544,34.61311755702013,26117802.0,911401.65,4312.10009765625,3843.10009765625,4312.10009765625,2916.223769645376
2026-01-30,3945.0,3995.0,3909.800048828125,3977.39990234375,1427639,4115.319995117187,3986.45,3649.7657080078125,4052.3931367160385,41.79046234992016,-5.791701153059876,28.564412347610453,-34.35611350067033,4324.600612959134,4115.319995117187,3906.03937727524,0.10170806551629415,77.95852059839264,0.019600372734070382,26.615492767438624,16.29504776607931,31.911098308168004,27545441.0,900745.7,4312.10009765625,3843.10009765625,4312.10009765625,2916.223769645376
2026-02-02,4000.0,4000.0,3893.300048828125,3953.199951171875,1273196,4110.394995117187,3987.4660009765626,3653.2138159179685,4042.9461666642133,39.43310469822394,-12.276767409718104,20.396176396144742,-32.67294380586284,4329.82250988175,4110.394995117187,3890.967480352624,0.10676711850088616,80.01147992506995,0.020239674419036555,27.1860284804171,14.742876928833482,30.34443684465419,26272245.0,949893.7,4312.10009765625,3843.10009765625,4312.10009765625,2916.223769645376
2026-02-03,4143.0,4143.0,4044.10009765625,4068.60009765625,1043274,4109.840002441406,3990.75400390625,3657.2454040527346,4045.3893981872643,53.037422775375084,-8.012043903677295,14.714532336180337,-22.726576239857632,4329.631102612603,4109.840002441406,3890.048902270209,0.10695847042251404,87.85352056100245,0.021593058657106947,25.469195952083254,24.09432040103406,25.661824600676194,27315519.0,980553.65,4312.10009765625,3843.10009765625,4312.10009765625,2916.223769645376
2026-02-04,4087.0,4160.0,4066.199951171875,4144.0,917279,4111.450012207031,3996.1480029296877,3661.377823486328,4054.7808840741914,59.44679832807799,1.435376054729204,12.05870107989011,-10.623325025160906,4331.746113194668,4111.450012207031,3891.153911219394,0.1071622421936644,88.27827258008264,0.021302671954653147,23.660981025990775,23.641168587756475,23.71418437957989,28232798.0,1001253.7,4312.10009765625,3843.10009765625,4312.10009765625,2916.223769645376
2026-02-05,4152.2998046875,4152.2998046875,4063.10009765625,4097.60009765625,693637,4102.670007324219,4000.9980029296876,3665.2353723144533,4058.8589044153396,54.51598431354291,5.119426535407456,10.67084617099358,-5.551419635586123,4310.10134017215,4102.670007324219,3895.2386744762885,0.1011201644185946,88.3440893265946,0.02155995881031088,22.022373196799325,21.936158966546515,22.254540324044857,27539161.0,1006101.1,4303.2001953125,3843.10009765625,4312.10009765625,2916.223769645376
2026-02-06,4097.60009765625,4154.0,4065.300048828125,4141.0,888701,4097.270007324219,4005.86400390625,3669.3034411621093,4066.681865899593,58.02315062134271,11.409550300847968,10.818586996964457,0.5909633038835107,4294.557772184272,4097.270007324219,3899.9822424641657,0.09630205698300794,88.3695080298289,0.021340137172139315,20.476788156873393,20.500857245099326,20.65898621744301,28427862.0,865965.95,4283.0,3843.10009765625,4312.10009765625,2916.223769645376
2026-02-09,4200.2001953125,4269.39990234375,4155.0,4257.7998046875,1092387,4100.070007324219,4012.9539990234375,3673.856307373047,4084.883574355584,65.69056844385082,25.525049917779597,13.759879581127487,11.76517033665211,4304.666609506203,4100.070007324219,3895.473405142235,0.09980151646996259,91.2288219093947,0.021426282609379378,20.393362028674115,27.475221251456162,18.58209573064125,29520249.0,857614.75,4283.0,3843.10009765625,4312.10009765625,2916.223769645376
2026-02-10,4300.0,4329.60009765625,4239.60009765625,4269.10009765625,1713633,4101.945007324219,4020.182001953125,3678.3395532226564,4102.428005146124,66.33133155560853,37.194766151711065,18.446856895244203,18.747909256466862,4311.944789417899,4101.945007324219,3891.945225230538,0.10239034493086373,91.1410489158665,0.021349007245321617,20.88805353224885,30.255252595975687,17.27142034213161,31233882.0,868078.25,4329.60009765625,3843.10009765625,4329.60009765625,2916.223769645376
2026-02-11,4350.0,4378.39990234375,4208.0,4249.10009765625,3342226,4102.440002441406,4027.266005859375,3682.809539794922,4116.3967758613735,64.05132004391889,44.31839264665177,23.621164045525717,20.697228601126056,4313.773992123414,4102.440002441406,3891.1060127593983,0.10302843651887211,96.80239558928676,0.022781858126308143,21.761430431114942,30.051958026284392,15.099803232185096,27891656.0,928021.55,4378.39990234375,3843.10009765625,4378.39990234375,2916.223769645376
2026-02-12,4232.39990234375,4286.39990234375,4182.2998046875,4275.7998046875,998509,4105.154992675782,4035.0660009765625,3687.393582763672,4131.578016701957,65.7441534191137,51.52441974749945,29.201815185920466,22.322604561578984,4323.805943074481,4105.154992675782,3886.5040422770826,0.106525064602338,97.32366002264128,0.022761510002396908,22.160970300640283,27.75592864161506,15.832357841323574,28890165.0,1056597.5,4378.39990234375,3843.10009765625,4378.39990234375,2916.223769645376
2026-02-13,4267.2998046875,4271.7998046875,4164.7998046875,4179.2001953125,524758,4103.040002441407,4042.29400390625,3691.4472692871095,4136.113462283913,55.551631757406874,48.877042856453954,33.136860720027165,15.740182136426789,4317.934515252545,4103.040002441407,3888.145489630268,0.10474892405790391,98.30054144959547,0.023521376544691955,22.252184812509824,25.51723433173461,15.826986761776595,28365407.0,1056588.35,4378.39990234375,3843.10009765625,4378.39990234375,2916.223769645376
2026-02-16,4155.0,4196.0,4128.7998046875,4181.10009765625,500349,4102.250012207031,4049.9080078125,3695.504973144531,4140.397903747945,55.6971097024111,46.397442996514656,35.78897717532467,10.608465821189988,4315.870926045329,4102.250012207031,3888.6290983687336,0.10414816903047236,96.07908815408865,0.022979380045922978,21.774436662582158,24.24241914422894,17.71265307446238,28865756.0,1082826.25,4378.39990234375,3843.10009765625,4378.39990234375,2916.223769645376
2026-02-17,4167.10009765625,4244.89990234375,4155.0,4236.39990234375,464123,4106.865002441406,4058.3700048828123,3700.027109375,4149.54095123326,59.81936714333396,48.337371195319975,38.298655979323726,10.038715215996248,4327.76691498173,4106.865002441406,3885.963089901082,0.1075769047236783,95.63771773906446,0.022575233675686226,21.84557612175296,26.266873799637185,16.523369017257895,29329879.0,1073496.25,4378.39990234375,3843.10009765625,4378.39990234375,2916.223769645376
2026-02-18,4251.0,4257.89990234375,4214.2998046875,4248.60009765625,387328,4115.520007324219,4068.0020068359377,3704.7109436035157,4158.975155654497,60.68843023405234,50.27963968147469,40.694852719753925,9.584786961720766,4344.253549449917,4115.520007324219,3886.78646519852,0.11115656914248065,91.92074487600628,0.021635537062364277,22.0432163844714,26.3871340283345,15.963554065697107,29717207.0,1078407.15,4378.39990234375,3843.10009765625,4378.39990234375,2916.223769645376
2026-02-19,4225.0,4261.0,4191.0,4198.2001953125,406232,4121.47001953125,4074.9860107421873,3709.25494140625,4162.710873717164,55.36135490130122,47.20786762831631,41.99745570146641,5.2104119268499005,4352.296352764022,4121.47001953125,3890.643686298478,0.1120116522206438,90.35497738486298,0.02152231270098763,21.83497924328901,24.926941419578718,16.922100108400336,29310975.0,1068465.75,4378.39990234375,3843.10009765625,4378.39990234375,2916.223769645376
2026-02-20,4200.5,4252.10009765625,4200.2001953125,4236.39990234375,532169,4132.360009765625,4082.800009765625,3713.7925317382815,4169.728876443505,58.345756130011154,47.31049729140341,43.06006401945381,4.250433271949596,4363.296711032038,4132.360009765625,3901.423308499213,0.1117698848699828,87.75104345335491,0.020713588300483022,21.641616183619647,23.833295728176235,16.179659166227726,29843144.0,1061139.35,4378.39990234375,3843.10009765625,4378.39990234375,2916.223769645376
2026-02-23,4270.0,4280.0,4240.10009765625,4272.7001953125,516387,4144.905017089844,4091.3580126953125,3718.360079345703,4179.535668716742,61.01321890168373,49.747504047267284,44.39755202501651,5.3499520222507755,4377.7067002884805,4144.905017089844,3912.1033338912066,0.1123314923930817,84.59740446784741,0.019799518009865905,21.794809582347057,25.311605362724418,15.584035759331226,30359531.0,1046799.5,4378.39990234375,3843.10009765625,4378.39990234375,2916.223769645376
2026-02-24,4240.39990234375,4300.0,4235.0,4294.5,491126,4159.780017089844,4099.644013671875,3722.3337414550783,4190.484652648482,62.563675009690165,52.82893246015465,46.08382811204414,6.745104348110509,4390.890627331836,4159.780017089844,3928.669406847851,0.1111167462185542,83.19758986300117,0.019373056202817828,22.168833203433802,25.61616917452908,14.714365714094388,30850657.0,1021848.1,4378.39990234375,3843.10009765625,4378.39990234375,2916.223769645376
2026-02-25,4304.0,4349.0,4289.7998046875,4325.0,586295,4177.27001953125,4108.820014648438,3726.1976928710938,4203.2956381105305,64.68005678673129,57.0741663168601,48.28189575300733,8.792270563852767,4402.734167077005,4177.27001953125,3951.8058719854957,0.1079480840317116,81.48349025225109,0.018840113353121638,23.042500559867804,28.58216683617227,13.950763768054879,31436952.0,958379.35,4378.39990234375,3843.10009765625,4378.39990234375,2916.223769645376
2026-02-26,4330.0,4352.2001953125,4307.0,4342.60009765625,520985,4197.415026855469,4117.082016601563,3730.1481494140626,4216.562729495837,65.87879696321883,61.15378278324624,50.856273159055114,10.297509624191129,4405.7169616008505,4197.415026855469,3989.113092110087,0.09925248440416098,78.89182632798315,0.01816695632889659,23.886810632787675,27.70220966892867,13.379839832961165,31957937.0,947243.0,4378.39990234375,3893.300048828125,4378.39990234375,2916.223769645376
2026-02-27,4341.60009765625,4352.0,4311.7998046875,4327.5,1146258,4214.920031738281,4125.474018554687,3733.901470947266,4227.128183829566,63.8757530990884,62.448588090220255,53.17473614528815,9.273851944932105,4404.3061037702555,4214.920031738281,4025.5339597063066,0.08986460981745813,76.12813839830578,0.017591713090307517,24.670812843356128,26.657322660271756,12.875171758231657,30811679.0,916011.65,4378.39990234375,3893.300048828125,4378.39990234375,2916.223769645376
2026-03-02,4288.7998046875,4330.0,4193.0,4270.2998046875,770589,4230.7750244140625,4132.494013671875,3737.1235302734376,4231.239766768417,56.82714915469343,58.18839332756306,54.17746758174313,4.010925745819932,4378.3401451057325,4230.7750244140625,4083.209903722393,0.06975796152720586,80.4761285127125,0.018845545323158346,23.155055489507983,23.41585282323419,21.853949622309045,30041090.0,901942.6,4378.39990234375,4044.10009765625,4378.39990234375,2916.223769645376
2026-03-04,4205.0,4238.2998046875,4083.5,4204.39990234375,1024050,4237.565014648438,4137.980009765625,3740.03154296875,4228.683589204164,49.98380569444047,48.93054603791552,53.12808327297761,-4.197537235062093,4365.900656674647,4237.565014648438,4109.229372622229,0.06057046515278353,88.0706768109116,0.02094726449827393,22.64229271710261,19.868315053116604,27.423896986975187,29017040.0,876812.25,4378.39990234375,4063.10009765625,4378.39990234375,2916.223769645376
2026-03-05,4238.0,4302.5,4173.2001953125,4275.2001953125,691367,4244.125024414063,4144.808012695313,3743.3733178710936,4233.113742166862,56.10037925899603,46.7675204376892,51.85597070591994,-5.088450268230737,4365.904747986049,4244.125024414063,4122.3453008420765,0.057387434569649155,91.0156145163822,0.0212892052672002,21.28804233762295,22.89059887918247,24.641089927653223,29708407.0,875851.05,4378.39990234375,4063.10009765625,4378.39990234375,2916.223769645376
2026-03-06,4250.0,4302.0,4227.0,4244.60009765625,580562,4251.475024414062,4151.184013671875,3746.7470349121095,4234.207680784899,53.07908234607382,42.09884563373362,49.904545691482674,-7.805700057749057,4353.064125108524,4251.475024414062,4149.8859237196,0.04779004938807707,89.87164205092633,0.02117317061283369,20.030524128106126,21.526117208625628,23.172263544984705,29127845.0,864555.45,4378.39990234375,4065.300048828125,4378.39990234375,2916.223769645376
2026-03-09,4160.0,4199.7001953125,4112.7001953125,4159.2001953125,576017,4252.385034179688,4156.182016601562,3749.694251708984,4227.064110739908,45.68446950199345,31.14876523701787,46.15338960058972,-15.00462436357185,4350.257479342269,4252.385034179688,4154.512589017107,0.046031788925934576,92.87366064327088,0.022329692316311513,20.09822380278029,19.3424342985057,29.612318863210312,28551828.0,858901.7,4378.39990234375,4083.5,4378.39990234375,2916.223769645376
2026-03-10,4175.10009765625,4242.89990234375,4175.10009765625,4220.10009765625,788850,4250.500048828125,4160.7440185546875,3753.1428747558593,4226.400871398607,50.93395776083775,27.072782603342603,42.3372682011403,-15.264485597797695,4349.3302179078855,4250.500048828125,4151.669879748364,0.04650284340404065,92.21837824241224,0.021852177936165135,19.572523473346237,21.434529381121738,27.6925416215576,29340678.0,843267.5,4378.39990234375,4083.5,4378.39990234375,2916.223769645376
2026-03-11,4192.0,4234.89990234375,4126.2001953125,4140.2998046875,454575,4244.060034179687,4163.876015625,3755.9995776367186,4218.200769807073,44.821053720310005,17.204991840382718,37.31081292898878,-20.105821088606064,4353.427001606306,4244.060034179687,4134.693066753069,0.05153884089566486,93.39561601304351,0.02255769398807891,19.562212078335868,19.652611033939316,29.130219284300555,28886103.0,828090.65,4378.39990234375,4083.5,4378.39990234375,2916.223769645376
2026-03-12,4100.0,4179.0,4033.800048828125,4129.60009765625,1071366,4238.085034179688,4166.986015625,3758.6502404785156,4209.762610554613,44.0575475396054,8.424210575280995,31.533492458247224,-23.10928188296623,4358.224395048288,4238.085034179688,4117.945673311087,0.05669511578917819,97.09592566724575,0.023512186015869293,20.32929857071312,17.55339233205241,32.81605014567375,27814737.0,765137.75,4352.2001953125,4033.800048828125,4378.39990234375,2916.223769645376
2026-03-13,4091.0,4147.2001953125,4046.0,4073.199951171875,868825,4227.955041503907,4167.420014648437,3761.1230895996096,4196.756642994353,40.172858512881625,-3.0504782901507497,24.61669830856763,-27.66717659871838,4366.4322467049,4227.955041503907,4089.4778363029136,0.06550552399049916,97.38908778476392,0.023909724283666632,21.041593170777713,16.250513353948612,30.380319144485597,26945912.0,651594.75,4352.2001953125,4033.800048828125,4378.39990234375,2916.223769645376
2026-03-16,4057.0,4125.0,4002.199951171875,4090.800048828125,1013667,4223.5350341796875,4168.250014648437,3763.757218017578,4186.6655387880455,41.89461547912237,-10.601859459547086,17.57298675494469,-28.174846214491776,4373.150146715296,4223.5350341796875,4073.9199216440793,0.07084828766652676,99.20415643071829,0.024250551297205762,22.046854321299957,14.813675635258408,30.84782562795285,27959579.0,645110.55,4352.2001953125,4002.199951171875,4378.39990234375,2916.223769645376
2026-03-17,4090.5,4110.0,4036.5,4090.5,1126905,4219.005029296875,4169.026015625,3766.322049560547,4177.506916046327,41.872491464373596,-16.421300345397867,10.774129334876179,-27.195429680274046,4378.636221168572,4219.005029296875,4059.3738374251793,0.07567243497612035,97.36814525709555,0.02380348252220891,22.980311103927754,14.014935997363962,29.1845395078452,26832674.0,669556.0,4352.2001953125,4002.199951171875,4378.39990234375,2916.223769645376
2026-03-18,4083.699951171875,4174.7998046875,4077.800048828125,4145.5,751307,4214.460034179688,4170.342016601562,3769.3278820800783,4174.458638327629,47.36002105893547,-16.406089639492166,5.33808554000251,-21.744175179494675,4377.001016829114,4214.460034179688,4051.919051530262,0.07713490284933414,97.34183172868694,0.02348132474458737,22.824568297183962,17.772339166679537,27.10725521946562,27583981.0,700883.8,4352.2001953125,4002.199951171875,4378.39990234375,2916.223769645376
2026-03-19,4104.39990234375,4138.10009765625,4017.89990234375,4037.89990234375,567278,4203.925024414062,4168.864018554687,3771.942772216797,4161.453044424403,39.50297000404726,-24.790692008988117,-0.6876699697956159,-24.103022039192503,4382.746758444191,4203.925024414062,4025.103290383933,0.08507370278567368,99.50313643779859,0.024642298928718664,23.21969181113364,16.144427658105474,28.92423041804789,27016703.0,715243.0,4352.2001953125,4002.199951171875,4378.39990234375,2916.223769645376
2026-03-20,4046.89990234375,4149.89990234375,4040.89990234375,4106.60009765625,1019586,4199.34501953125,4165.532016601563,3774.929577636719,4156.2289542560075,45.69736098671872,-25.596952450086064,-5.669526465853706,-19.927425984232357,4383.141592738343,4199.34501953125,4015.548446324157,0.08753582873150507,100.3957695493844,0.0244474180981691,23.40470311520579,15.697485498392826,26.619413747156585,28036289.0,724240.5,4352.2001953125,4002.199951171875,4378.39990234375,2916.223769645376
2026-03-23,4056.60009765625,4059.0,3825.0,3853.10009765625,1533645,4180.180029296875,4157.614018554687,3776.748582763672,4127.359539341745,32.481286940293586,-46.15915704125837,-13.767452580934638,-32.39170446032373,4416.85383274105,4180.180029296875,3943.5062258527,0.1132361772868354,113.33893584273194,0.029414999083899572,25.065854114151392,12.911648350198472,35.501723015136044,26502644.0,754908.2,4352.2001953125,3825.0,4378.39990234375,2916.223769645376
2026-03-24,3950.300048828125,3985.0,3843.0,3899.5,1300547,4161.52001953125,4151.568022460938,3778.7786499023437,4105.658630833008,36.12279308444865,-58.041699402461745,-22.62230194524006,-35.419397457221685,4423.5619339728655,4161.52001953125,3899.4781050896345,0.12593567408628337,115.38615471110823,0.029589987103759003,26.608351470315167,11.776668117754149,32.380994139393884,27803191.0,804982.0,4352.2001953125,3825.0,4378.39990234375,2916.223769645376
2026-03-25,3950.0,4097.0,3940.5,4039.300048828125,1306823,4148.760021972656,4147.722021484375,3781.2290563964843,4099.338765880162,45.63630373189398,-55.537799073497354,-29.20540137089152,-26.332397702605835,4408.50124700266,4148.760021972656,3889.0187969426524,0.12521390663926713,121.2514293746005,0.030017930807041127,26.525528038871208,17.004357916967876,28.613588571171977,29110014.0,844190.0,4352.2001953125,3825.0,4378.39990234375,2916.223769645376
2026-03-27,4000.0,4032.800048828125,3972.0,3981.5,1040658,4131.585021972656,4142.568017578125,3783.5200732421877,4088.1160262725275,42.79821412437998,-57.55397451631325,-34.87511599997586,-22.678858516337385,4387.843989618924,4131.585021972656,3875.326054326388,0.12404874462630086,117.39775933556655,0.02948581171306456,26.448620566816103,16.30807174021303,27.441933264529858,28069356.0,884974.85,4352.2001953125,3825.0,4378.39990234375,2916.223769645376
2026-03-30,3942.0,4007.39990234375,3914.10009765625,3951.39990234375,1488223,4112.025012207031,4137.166015625,3785.708944091797,4075.0954430412153,41.35584337650027,-60.87886079290638,-40.075864958561965,-20.802995834344415,4360.4724827214095,4112.025012207031,3863.577541692653,0.12083947435963185,115.67647686070465,0.029274808857511946,26.802126494657465,15.368542589921232,29.436204150881803,26581133.0,907693.0,4352.0,3825.0,4378.39990234375,2916.223769645376
2026-04-01,4000.0,4100.0,4000.0,4065.5,781974,4098.925012207032,4134.046015625,3788.3815759277345,4074.1815913230043,48.44830512114084,-53.68805038981918,-42.79830204481341,-10.88974834500577,4327.369156111598,4098.925012207032,3870.4808683024653,0.11146539310879597,118.02816406038646,0.02903164778265563,25.996332625569117,19.590442199019876,26.789001349588442,27363107.0,956054.9,4330.0,3825.0,4378.39990234375,2916.223769645376
2026-04-02,3996.0,4109.10009765625,3944.699951171875,4097.2001953125,1614868,4090.2700317382814,4132.052021484375,3791.6558752441406,4076.3738393220037,50.248578086807875,-44.91360443210351,-43.221362522271434,-1.6922419098320773,4304.77836079744,4090.2700317382814,3875.761702679123,0.10488712353692534,121.34044851924278,0.029615455124224886,25.683196537518892,17.694553631819396,27.451770060334372,28977975.0,937840.7,4302.5,3825.0,4378.39990234375,2916.223769645376
2026-04-06,4105.0,4257.89990234375,4105.0,4246.10009765625,1678285,4092.3550415039062,4134.092021484375,3795.828211669922,4092.5382448776463,57.71772375056021,-25.64914767505161,-39.70691955282747,14.057771877775863,4312.009111779821,4092.3550415039062,3872.7009712279914,0.10734849154006627,124.1518241272433,0.02923902434513314,23.891102833263297,24.61952574829355,24.913695962524425,30656260.0,980054.65,4302.5,3825.0,4378.39990234375,2916.223769645376
2026-04-07,4235.2998046875,4243.5,4168.7998046875,4230.60009765625,1274146,4090.125036621094,4137.1940234375,3799.8422912597657,4105.6869927613225,56.76240524591046,-11.50008158134915,-34.06555195853181,22.565470377182663,4303.113036183328,4090.125036621094,3877.1370370588593,0.10414742711053487,120.80528618735093,0.028555118280802996,22.227015822168816,23.49428137887595,23.77500643658359,29382114.0,1012766.4,4302.0,3825.0,4378.39990234375,2916.223769645376
2026-04-08,4351.2998046875,4505.0,4309.10009765625,4492.5,3834533,4102.520031738281,4145.460024414063,3805.327384033203,4142.526326784054,66.77049494720087,20.608724024687035,-23.130696761888046,43.73942078657508,4371.5143768018415,4102.520031738281,3833.525686674722,0.13113615191762226,131.7763301985223,0.029332516460439016,22.468696504094606,34.174267607010094,20.238787453904862,33216647.0,1041905.35,4505.0,3825.0,4505.0,2916.223769645376
2026-04-09,4475.0,4497.39990234375,4414.10009765625,4439.7998046875,1385274,4116.550012207032,4153.884018554688,3810.2394079589844,4170.838086584382,63.58130300596323,41.32633421503124,-10.239290566504188,51.565624781535426,4422.621241054067,4116.550012207032,3810.4787833599967,0.14870278652727412,128.31372123344926,0.028900789872997608,22.69311428016855,32.589585832173086,19.30030245133456,31831373.0,1204603.9,4505.0,3825.0,4505.0,2916.223769645376
2026-04-10,4430.10009765625,4523.89990234375,4425.10009765625,4505.0,1565192,4130.795007324219,4163.548017578125,3815.2899975585938,4202.663030719203,65.76025630799968,62.28827989661204,4.266223526119058,58.02205637049298,4478.504760061099,4130.795007324219,3783.0852545873395,0.16835004018372413,126.20558433731003,0.028014558121489463,23.05934807552014,32.26707083296004,18.221073485010486,33396565.0,1245066.75,4523.89990234375,3825.0,4523.89990234375,2916.223769645376
2026-04-13,4391.10009765625,4496.0,4391.10009765625,4439.2998046875,850456,4145.745007324219,4172.394013671875,3819.9442895507814,4225.199866335231,61.750946768023944,72.760577543615,17.965094329618246,54.795483213996754,4518.605619232999,4145.745007324219,3772.8843954154395,0.17987628821842783,125.32660705205573,0.028231165401291922,23.039449347904835,30.17242030158799,18.976027475466125,32546109.0,1283883.85,4523.89990234375,3825.0,4523.89990234375,2916.223769645376
2026-04-15,4490.10009765625,4534.0,4447.2998046875,4522.2001953125,918513,4165.375012207031,4183.334018554688,3825.0793835449217,4253.485611952114,64.67734875616327,86.74932535059997,31.721940533814596,55.02738481678538,4572.530090324955,4165.375012207031,3758.2199340891075,0.19549504038638388,123.13900621351604,0.027229888305510257,23.270862029339135,30.719227369107777,17.933632053854982,33464622.0,1303677.9,4534.0,3825.0,4534.0,2916.223769645376
2026-04-16,4554.0,4554.0,4440.0,4461.39990234375,1283713,4184.785009765625,4193.768017578125,3829.8092810058592,4273.2869729417935,60.99166906099528,91.87040837736185,43.75163410252405,48.118774274837804,4609.161215928314,4184.785009765625,3760.408803602935,0.2028186419002955,122.48622005540776,0.02745466058558456,23.617580893534278,29.843331802243863,16.741408113879967,32180909.0,1296035.25,4554.0,3825.0,4554.0,3081.4264140508526
2026-04-17,4461.39990234375,4531.7998046875,4330.0,4525.89990234375,2124034,4206.540002441407,4204.738017578125,3834.2325720214844,4297.345347170551,63.3760172584083,99.98099583847215,54.99750644971367,44.983489388758485,4653.426212726504,4206.540002441407,3759.65379215631,0.21247210773021605,128.1514761005572,0.02831513707013131,22.75765901172846,26.486601875972042,20.98949870186331,34304943.0,1316779.65,4554.0,3825.0,4554.0,3081.4264140508526
2026-04-20,4532.10009765625,4549.0,4467.7001953125,4513.0,1646815,4227.665002441407,4215.934018554687,3838.379500732422,4317.88388553526,62.552508109317635,104.16700809723716,64.83140677921837,39.33560131801879,4690.280082211162,4227.665002441407,3765.049922671651,0.21885134205411402,124.80492814248169,0.02765453758973669,22.0935842271453,26.238594254025198,20.0128647944255,32658128.0,1372298.0,4554.0,3825.0,4554.0,3191.6449091142363
2026-04-21,4513.5,4544.5,4465.0,4479.7001953125,656106,4244.375012207031,4224.156020507812,3842.502003173828,4333.294962656902,60.37170298496397,103.60316424402208,72.58575827217912,31.01740597184296,4717.925373297361,4244.375012207031,3770.8246511167017,0.22314256385374787,121.56886184659014,0.027137722737293493,21.447886284815745,25.012970114804347,19.23670080459101,32002022.0,1398293.5,4554.0,3825.0,4554.0,3201.5650130670647
2026-04-22,4461.7001953125,4492.0,4445.2001953125,4454.60009765625,596352,4265.210021972656,4230.368022460938,3846.379365234375,4344.847832656839,58.710188937608265,99.97845640645664,78.06429789903463,21.914158507422016,4737.254593038632,4265.210021972656,3793.16545090668,0.22134646061234564,116.22821490665513,0.026091728181797422,20.62596991615976,24.293571327459706,19.9002393617369,31405670.0,1393533.45,4554.0,3825.0,4554.0,3201.5650130670647
2026-04-23,4411.0,4474.0,4393.5,4456.5,680187,4282.705017089844,4237.5460205078125,3850.214880371094,4355.481372403807,58.80261209948333,96.15078912631088,81.68159614448989,14.469192981820996,4755.873831760325,4282.705017089844,3809.5362024193623,0.220967268482108,113.67619955617975,0.025507954573360206,19.298447598989647,23.06474739001044,22.14222786979798,32085857.0,1394987.15,4554.0,3825.0,4554.0,3201.5650130670647
2026-04-24,4475.5,4486.60009765625,4361.39990234375,4410.0,958536,4310.550012207032,4242.926020507813,3853.780509033203,4360.673622651064,55.52660093529265,88.34676730709361,83.01463037701063,5.3321369300829815,4743.119171231196,4310.550012207032,3877.980853182867,0.2007025357781133,114.49934211020263,0.02596356963950173,18.108383500094746,21.26329544349842,22.415341423867286,31127321.0,1378017.2,4554.0,3843.0,4554.0,3235.7620107706616
2026-04-27,4438.7998046875,4464.0,4388.39990234375,4441.7998046875,649222,4337.665002441407,4246.606020507813,3857.6511962890627,4368.399925702153,57.27943934502506,83.76244098725601,83.16419249905971,0.5982484881963046,4729.8742140305585,4337.665002441407,3945.455790852255,0.18083886670289248,111.72082464920602,0.025152152181938798,17.00332397969234,20.235537690399113,21.331899725097507,31776543.0,1349261.75,4554.0,3914.10009765625,4554.0,3235.7620107706616
2026-04-28,4412.2998046875,4475.0,4395.39990234375,4417.0,620778,4356.55,4249.564018554687,3861.3570080566406,4373.02850420671,55.4441449454943,77.23784260220054,81.97892251968788,-4.74107991748734,4725.1364517081765,4356.55,3987.963548291824,0.16921024742430424,109.42648700685203,0.024773938647691198,15.846008009498565,19.9021431046476,20.223509616582547,31155765.0,1316695.5,4554.0,3914.10009765625,4554.0,3235.7620107706616
2026-04-29,4419.89990234375,4472.39990234375,4410.2001953125,4439.7998046875,702730,4379.464990234375,4253.3780126953125,3865.280506591797,4379.3876756810705,56.814131144049455,73.06456227442504,80.19605047063531,-7.13148819621027,4706.587583109215,4379.464990234375,4052.3423973595354,0.14938929463040798,106.05314558002331,0.023886920637289404,14.771357465747203,19.068391670986163,19.37629532172834,31858495.0,1282393.25,4554.0,3914.10009765625,4554.0,3235.7620107706616
2026-04-30,4438.0,4438.0,4358.0,4385.2001953125,869299,4401.155004882812,4255.566020507813,3870.0000073242186,4379.941248979302,52.63996177217002,64.6067292210455,77.07818622071736,-12.471456999671858,4662.853301492965,4401.155004882812,4139.456708272659,0.11892255388406678,104.32076408770021,0.02378928200341058,14.408732140338005,18.000400811919345,21.86521385114114,30989196.0,1265496.85,4554.0,3944.699951171875,4554.0,3235.7620107706616
2026-05-01,4385.2001953125,4385.2001953125,4385.2001953125,4385.2001953125,0,4417.1400146484375,4259.686020507813,3874.7655078125,4380.442101011035,52.63996177217002,57.243962820580236,73.11134154068993,-15.867378720109699,4629.2295500549135,4417.1400146484375,4205.0504792419615,0.09603025247247288,96.86928093857877,0.022090047574595536,14.072008623886607,18.00040081191934,21.865213851141142,30989196.0,1234550.65,4554.0,3944.699951171875,4554.0,3235.7620107706616
2026-05-04,4407.10009765625,4447.39990234375,4352.7001953125,4363.0,709160,4430.430004882813,4263.324018554687,3879.4815075683596,4378.780948533794,50.87727884036979,49.05210504234583,68.29949424102112,-19.247389198675293,4586.601085128482,4430.430004882813,4274.2589246371435,0.07049928791270903,96.71431137376958,0.0221669290336396,13.238149752458712,21.33521382655526,20.33594590689038,30280036.0,1195451.95,4554.0,4105.0,4554.0,3235.7620107706616
2026-05-05,4355.0,4397.0,4330.2998046875,4373.60009765625,850790,4436.805004882813,4266.068022460938,3884.5415075683595,4378.287534164504,51.708783211928754,42.92057633918739,63.223710660654376,-20.303134321466985,4571.2567379937855,4436.805004882813,4302.35327177184,0.060607456475101046,94.57044594082174,0.021623020813334237,12.421176517358958,20.260381715115532,21.003345211983852,31130826.0,1150166.55,4554.0,4168.7998046875,4554.0,3235.7620107706616
2026-05-06,4397.5,4441.10009765625,4297.10009765625,4359.60009765625,1459870,4443.2550048828125,4268.288022460937,3889.316008300781,4376.507778306575,50.49310932513612,36.510739590681624,57.88111644665983,-21.370376855978208,4546.205892803478,4443.2550048828125,4340.304116962147,0.0463403013365335,98.10112837362018,0.022502322730555035,11.98689802401881,21.347099081886636,18.801184936396407,29670956.0,1108791.8,4554.0,4297.10009765625,4554.0,3235.7620107706616
2026-05-07,4349.89990234375,4359.0,4261.0,4307.5,1377631,4434.0050048828125,4270.474018554687,3893.778508300781,4369.935608944044,46.14525481372027,26.91657777137516,51.6882087116029,-24.771630940227737,4550.011494722743,4434.0050048828125,4317.998515042882,0.052325827197841186,98.13676903666517,0.02278276704275454,11.178017736840728,19.81510735616027,20.079438244132497,28293325.0,1118078.0,4554.0,4261.0,4554.0,3235.7620107706616
2026-05-08,4314.0,4605.0,4213.39990234375,4509.0,4777990,4437.465014648437,4275.926020507813,3899.2370080566407,4383.179836663659,60.36141305194625,35.16711677024978,48.38399032333228,-13.2168735530825,4557.996143126682,4437.465014648437,4316.933886170193,0.05432431718576327,119.09843536663551,0.026413491986390668,12.675129095335864,29.915037344095193,15.363585252997812,33071315.0,995232.9,4605.0,4213.39990234375,4605.0,3235.7620107706616
2026-05-11,4350.39990234375,4379.5,4150.10009765625,4205.60009765625,5925166,4422.49501953125,4274.584018554688,3903.0985083007813,4366.267480567716,42.26874262915831,17.027608200404757,42.112713898746776,-25.08510569834202,4575.698880494599,4422.49501953125,4269.291158567902,0.06928390435116268,136.22711157928654,0.0323918366977414,13.283650272016935,24.285518134311374,15.791437584267781,27146149.0,1164868.7,4605.0,4150.10009765625,4605.0,3250.418016833093
2026-05-12,4160.0,4213.60009765625,4047.0,4055.300048828125,1978748,4403.295031738281,4269.80001953125,3906.360509033203,4336.651534687755,36.44144463158592,-9.368051790183017,31.816560760960815,-41.18461255114383,4624.443882131362,4403.295031738281,4182.1461813452,0.10044698290669786,138.39661058478393,0.03412734173018268,12.750695082099373,22.197332347249837,19.75476478751655,25167401.0,1382867.4,4605.0,4047.0,4605.0,3303.10009765625
2026-05-13,4030.0,4110.0,3985.10009765625,4090.699951171875,2841521,4381.72001953125,4265.114018554687,3909.6490087890625,4313.227574352909,38.5888916603313,-27.117729923020306,20.029702624164592,-47.1474325471849,4634.2281158711285,4381.72001953125,4129.211923191371,0.11525524004926796,137.43255999613865,0.03359634332426849,11.996962622157715,20.75639462345635,21.689543375696726,28008922.0,1439282.0,4605.0,3985.10009765625,4605.0,3303.10009765625
2026-05-14,4115.0,4147.0,4059.10009765625,4135.2001953125,1127140,4365.4100341796875,4260.966020507813,3912.9630102539063,4296.27258587287,41.2749583366915,-37.16526191988851,8.59070971535397,-45.755971635242474,4636.668037250719,4365.4100341796875,4094.1520311086565,0.12427607072287487,133.89451302096802,0.03237920939662016,11.322599406069529,21.756923695225463,20.672480069884962,29136062.0,1535432.4,4605.0,3985.10009765625,4605.0,3303.10009765625
2026-05-15,4155.0,4194.0,4142.39990234375,4169.10009765625,901617,4347.570043945312,4257.798022460937,3916.451511230469,4284.16092032843,43.30920285354715,-41.909458460726455,-1.5093239198621156,-40.40013454086434,4621.18283952099,4347.570043945312,4073.9572483696347,0.12586929839427294,128.53060528286315,0.03082934021064148,11.112850391633085,23.65791458517833,19.996966812144642,30037679.0,1527603.75,4605.0,3985.10009765625,4605.0,3303.10009765625
2026-05-18,4130.10009765625,4182.7001953125,4065.60009765625,4169.7001953125,851825,4330.405053710938,4255.786030273437,3919.8780126953125,4273.259898898341,43.34661510548666,-45.100949858198874,-10.227649107529468,-34.87330075066941,4603.424351348,4330.405053710938,4057.385756073876,0.1260941155622835,127.71414045239078,0.030629094292190278,10.457542936467597,22.108503366356555,22.98261545533971,30889504.0,1466482.9,4605.0,3985.10009765625,4605.0,3303.10009765625
2026-05-19,4136.2998046875,4167.89990234375,4095.0,4102.0,711398,4311.520043945313,4253.738032226563,3923.0740124511717,4256.949432336594,40.12914947772218,-52.48802052378869,-18.679723390781312,-33.80829713300738,4592.7475823511695,4311.520043945313,4030.292505539456,0.1304540095091455,123.92743008525572,0.030211465159740547,9.849043156671073,21.156615914161033,21.993092876264384,30178106.0,1426733.4,4605.0,3985.10009765625,4605.0,3303.10009765625
2026-05-20,4053.0,4116.7001953125,4053.0,4106.39990234375,913576,4294.110034179687,4250.362026367187,3926.641011962891,4242.611381861086,40.43857887902318,-57.32646806030334,-26.40907232468572,-30.91739573561762,4580.810171504046,4294.110034179687,4007.409896855329,0.13353180754210797,119.6254847443446,0.029131474671053766,9.683082307313288,20.351913657205994,23.66440163640854,31091682.0,1429498.0,4605.0,3985.10009765625,4605.0,3303.10009765625
2026-05-21,4120.0,4136.39990234375,4070.0,4083.10009765625,863060,4275.4400390625,4247.132026367188,3930.1605126953127,4227.419830984434,39.28081352439299,-62.32265532967813,-33.591788925684206,-28.73086640399392,4566.01469785711,4275.4400390625,3984.865380267889,0.13592736941216768,115.82365743001642,0.02836659759982388,9.314123190901142,20.73340839640336,22.695370665074112,30228622.0,1445359.2,4605.0,3985.10009765625,4605.0,3303.10009765625
2026-05-22,4057.199951171875,4113.7998046875,4054.10009765625,4079.800048828125,768112,4258.930041503906,4245.5440234375,3933.677012939453,4213.360804112405,39.110022321608895,-65.79006913294597,-40.031444967136565,-25.758624165809408,4554.526111833583,4258.930041503906,3963.333971174229,0.1388123624708785,111.81480383010454,0.02740693232312256,9.133414876766865,19.942701438734023,22.845544528240136,29460510.0,1454502.85,4605.0,3985.10009765625,4605.0,3303.10009765625
2026-05-25,4120.10009765625,4170.0,4110.39990234375,4159.2001953125,606086,4244.800061035156,4244.326025390625,3937.736513671875,4208.202650893367,45.27531776558987,-61.423044682245745,-44.30976491015841,-17.11327977208734,4530.9457403474025,4244.800061035156,3958.6543817229103,0.13482174670081648,110.27088578308815,0.02651252178420399,8.628533794640976,22.417897477305473,21.510736169514946,30066596.0,1444981.65,4605.0,3985.10009765625,4605.0,3303.10009765625
2026-05-26,4151.89990234375,4160.0,4091.0,4105.89990234375,766717,4229.245056152344,4243.63802734375,3941.686013183594,4198.459531983879,42.18728015561703,-61.553484284677324,-47.75850878506219,-13.794975499615134,4510.028966130197,4229.245056152344,3948.4611461744908,0.13278204797775556,107.32296537001042,0.026138719384938683,8.082585312882063,21.388404780990495,21.814059239483647,29299879.0,1442824.85,4605.0,3985.10009765625,4605.0,3303.10009765625
2026-05-27,4098.2998046875,4165.10009765625,4091.10009765625,4137.89990234375,474044,4214.150061035156,4243.8040234375,3945.5940124511717,4192.691948208629,44.62906824598063,-58.40150979330974,-49.8871089867117,-8.51440080659804,4480.101740087616,4214.150061035156,3948.1983819826955,0.12621841899342923,104.94275355786682,0.02536135625185765,7.5151123485860545,20.65825691342901,20.715337501750923,29773923.0,1450121.8,4605.0,3985.10009765625,4605.0,3303.10009765625
2026-05-28,4137.89990234375,4137.89990234375,4137.89990234375,4137.89990234375,0,4201.785046386719,4245.0980224609375,3949.192512207031,4187.47365812626,44.62906824598063,-55.26646983804039,-50.96298115697744,-4.303488681062952,4457.577753269915,4201.785046386719,3945.9923395035225,0.12175430397286145,97.44684258944777,0.02354983080529639,6.988173167454046,20.65825691342901,20.715337501750923,29773923.0,1438687.5,4605.0,3985.10009765625,4605.0,3303.10009765625
2026-05-29,4116.2001953125,4163.2998046875,4059.0,4074.89990234375,2001419,4186.270031738281,4244.78001953125,3952.4785119628905,4176.752348051735,40.703716559046406,-57.20606565840717,-52.211598057263394,-4.994467601143775,4433.1683726827605,4186.270031738281,3939.371690793802,0.11795624222642834,97.93633988216578,0.02403404800835377,7.432156956566203,19.08678991773477,24.89398820616344,27772504.0,1395222.55,4605.0,3985.10009765625,4605.0,3303.10009765625
2026-06-01,4100.0,4105.0,4007.0,4024.60009765625,450200,4169.350036621094,4243.462021484375,3955.5230126953124,4162.261657537879,37.84188574335759,-62.08629106928311,-54.18653665966734,-7.899754409615767,4411.825567351381,4169.350036621094,3926.8745058908057,0.11631334793218454,97.94088703343965,0.02433555748569308,8.37124311572513,17.72262492524776,26.907147979957482,27322304.0,1495293.5,4605.0,3985.10009765625,4605.0,3303.10009765625
2026-06-02,4017.39990234375,4088.0,3986.0,4078.10009765625,522015,4154.575036621094,4242.1140234375,3958.6125134277345,4154.246270882485,42.4746611116535,-60.934487148239896,-55.53612675738185,-5.398360390858045,4380.94392425493,4154.575036621094,3928.206148987258,0.10897330563943362,98.23082367390825,0.024087398867517523,9.445428880113868,16.40814972521408,26.438478465607957,27844319.0,1482345.5,4605.0,3985.10009765625,4605.0,3303.10009765625
2026-06-03,4057.0,4103.7998046875,4002.0,4088.800048828125,959352,4141.0350341796875,4243.132026367188,3961.7170141601564,4148.013297353498,43.38352518084238,-58.48410920039805,-56.1257232459851,-2.3583859544129524,4348.321698722941,4141.0350341796875,3933.7483696364347,0.10011345609603862,98.4857508891648,0.024086712412701966,10.195485511428569,16.342610172723205,24.48646878782328,28803671.0,1465906.75,4605.0,3985.10009765625,4605.0,3303.10009765625
2026-06-04,4075.0,4273.7998046875,4052.300048828125,4231.0,1761933,4137.210034179688,4245.620024414063,3965.4380139160157,4155.916792843641,53.824747879767195,-44.554225994499575,-53.81142379568799,9.257197801188418,4334.65840931447,4137.210034179688,3939.7616590449056,0.09545001269143044,107.2724655298941,0.025353927092860815,10.145009976081756,25.25191001065264,20.875006256695276,30565604.0,1440880.85,4605.0,3985.10009765625,4605.0,3303.10009765625
2026-06-05,4269.0,4289.0,4223.2001953125,4260.2001953125,1390200,4124.770043945313,4253.762026367188,3969.4050146484374,4165.848545459722,55.634122931936076,-30.80339905902838,-49.20981884835608,18.4064197893277,4242.015971914698,4124.770043945313,4007.524115975928,0.05684967972529202,104.31013261258025,0.02448479597915439,10.24738294692368,25.15497981941019,19.9344242084882,31955804.0,1460095.95,4379.5,3985.10009765625,4605.0,3303.10009765625
2026-06-08,4196.7998046875,4238.10009765625,4180.7001953125,4192.39990234375,666737,4124.110034179687,4259.620024414063,3972.9200146484377,4168.377246115344,50.66939411747398,-25.08749364488176,-44.38535380766122,19.297860162779457,4239.6648921764645,4124.110034179687,4008.55517618291,0.05603868812378174,102.53798028311023,0.024458062845051268,9.824465520897935,23.76189260144085,21.791027744957923,31289067.0,1290706.45,4289.0,3985.10009765625,4605.0,3303.10009765625
2026-06-09,4190.89990234375,4217.0,4087.199951171875,4104.89990234375,1284964,4126.590026855469,4260.932021484375,3975.670513916016,4162.331784803763,45.078458308521746,-27.303379788841994,-40.968959003897375,13.66557921505538,4238.192745317798,4126.590026855469,4014.9873083931398,0.054089559532703155,104.48527089346842,0.025453792632997237,9.808022770501783,21.653396629068425,26.24931023299616,30004103.0,1027785.0,4289.0,3985.10009765625,4605.0,3303.10009765625
2026-06-10,4104.89990234375,4119.10009765625,4035.0,4042.10009765625,613629,4124.1600341796875,4262.1440234375,3978.0405139160157,4150.881147932571,41.5360477905455,-33.73799432355372,-39.52276606782865,5.784771744274927,4240.7860922939335,4124.1600341796875,4007.533976065441,0.05655748426234077,103.02918709080997,0.025489024171011964,10.272339056961284,20.390888386422095,28.33777914737709,29390474.0,993095.8,4289.0,3986.0,4605.0,3303.10009765625
2026-06-11,4020.10009765625,4069.699951171875,3962.800048828125,4025.199951171875,767665,4118.660021972656,4263.620024414063,3980.191513671875,4138.911510145838,40.6111536667506,-39.743040253222716,-39.566820904907466,-0.1762193483152501,4242.8166950449195,4118.660021972656,3994.5033489003927,0.06028983815605049,103.30566675173426,0.025664729207218243,11.298926213282963,18.88372173805965,31.23534477917294,28622809.0,881701.2,4289.0,3962.800048828125,4605.0,3303.10009765625
2026-06-12,4067.800048828125,4200.0,4052.699951171875,4184.0,1122271,4119.405017089844,4265.990024414063,3983.0300134277345,4143.205652036711,51.53221545951394,-31.327126015213253,-37.91888192696862,6.591755911755371,4244.934621949429,4119.405017089844,3993.875412230258,0.060945502731006546,108.41240832861932,0.025911187459039035,10.808190827471824,25.29385342931933,27.63801025371333,29745080.0,863727.45,4289.0,3962.800048828125,4605.0,3303.10009765625
2026-06-15,4221.0,4297.0,4220.2998046875,4283.5,1076822,4125.095007324218,4269.716020507813,3986.3425134277345,4156.567018509406,56.88243205775856,-16.439134791528886,-33.622932499880676,17.18379770835179,4268.300068105957,4125.095007324218,3981.88994654248,0.06943115759878196,108.74009344800365,0.02538580447017711,10.578138467649865,29.78805235917302,25.586529345929055,30821902.0,874760.15,4297.0,3962.800048828125,4605.0,3303.10009765625
2026-06-16,4298.10009765625,4344.0,4283.5,4338.0,779706,4136.895007324219,4271.554018554688,3989.775513916016,4173.846350079939,59.51836493023883,-0.23983528816825128,-26.94631305753819,26.70647776936994,4306.923712965632,4136.895007324219,3966.866301682805,0.08220112202044484,105.29437248743196,0.02427256166146426,10.738400111569133,31.753849203509134,24.536422333112284,31601608.0,886010.0,4344.0,3962.800048828125,4605.0,3303.10009765625
2026-06-17,4338.0,4395.0,4327.5,4380.5,623868,4150.600012207031,4274.552016601562,3993.7080139160157,4193.527650072326,61.49520708266607,15.844970137975906,-18.388056418435372,34.233026556411275,4350.202467884564,4150.600012207031,3950.9975565294976,0.09618004871126903,102.59477445261538,0.023420790880633577,11.273789545791134,33.812304905662074,23.38333623970561,32225476.0,889425.4,4395.0,3962.800048828125,4605.0,3303.10009765625
2026-06-18,4380.0,4410.0,4333.10009765625,4387.89990234375,562833,4165.840002441406,4272.460014648437,3997.459013671875,4212.0392931457945,61.844582145428326,28.85676181109011,-8.939092772530277,37.79585458362038,4387.792950117332,4165.840002441406,3943.8870547654797,0.10655855603952619,100.75942644483928,0.0229630184569661,11.883565398914325,33.032397056923266,22.10860526007659,32788309.0,874940.0,4410.0,3962.800048828125,4605.0,3303.10009765625
2026-06-19,4360.0,4441.7001953125,4360.0,4419.89990234375,941346,4182.844995117188,4272.062016601562,4001.4145129394533,4231.835541640838,63.391501595234516,41.275040052862096,1.1037337925481978,40.1713062603139,4426.84324040297,4182.844995117188,3938.8467498314058,0.11666616648267464,99.39805279252933,0.022488756530395927,12.690605784883054,33.37105433786833,20.810593796436255,33729655.0,859928.65,4441.7001953125,3962.800048828125,4605.0,3303.10009765625
2026-06-22,4405.2998046875,4414.5,4353.0,4372.5,390835,4193.509985351562,4269.412016601563,4005.184012451172,4245.232156722663,59.54081300300484,46.752900709986534,10.233567176035866,36.51933353395067,4450.730055524172,4193.509985351562,3936.2899151789525,0.1226753106925275,97.07675633190223,0.02220165953845677,13.35289932719292,31.728377552531242,20.30125700323909,33338820.0,868590.35,4441.7001953125,3962.800048828125,4605.0,3303.10009765625
2026-06-23,4375.0,4417.39990234375,4291.10009765625,4305.2998046875,586588,4203.47998046875,4266.7320166015625,4008.607510986328,4250.952885100266,54.48743809671928,45.15117594964249,17.217088930757193,27.9340870188853,4461.7992571431005,4203.47998046875,3945.160703794399,0.12290734242799667,99.16411692873065,0.023033034034183473,13.217379569595282,28.8419014964393,22.91304956364762,32752232.0,857827.8,4441.7001953125,3962.800048828125,4605.0,3303.10009765625
2026-06-24,4302.0,4340.7998046875,4263.7001953125,4323.7998046875,652078,4212.774975585938,4262.764008789062,4011.7735095214844,4257.890686965717,55.604535995413535,44.85750354823813,22.745171854253382,22.112331693984746,4474.344246822593,4212.774975585938,3951.2057043492823,0.12417908516477302,97.58808067489275,0.022569981285695966,12.777493095976189,27.214288103763533,23.62552171971419,33404310.0,848821.35,4441.7001953125,3962.800048828125,4605.0,3303.10009765625
2026-06-25,4335.0,4335.0,4225.0,4291.2998046875,754050,4220.444970703125,4259.362006835938,4014.7745080566406,4261.072507701125,53.1370553651647,41.52362911923774,26.500863307250253,15.022765811987487,4481.77836465301,4220.444970703125,3959.111576753241,0.12384163080621627,98.47464634097184,0.02294751027029279,11.936157316921754,25.04290128155214,24.547595275349316,32650260.0,857723.05,4441.7001953125,3962.800048828125,4605.0,3303.10009765625
