Date,open,high,low,close,volume,sma_20,sma_50,sma_200,ema_20,rsi_14,macd,macd_signal,macd_hist,bb_upper,bb_mid,bb_lower,bb_width,atr_14,atr_pct,adx_14,plus_di,minus_di,obv,avg_volume_20,recent_high_20,recent_low_20,recent_high_52w,recent_low_52w
2021-06-22,251.87802796014483,258.6686929499607,250.51527095479796,257.0980529785156,11505842,,,,257.0980529785156,,0.0,0.0,0.0,,,,,,,,,,0.0,,,,,
2021-06-23,258.6917990855857,259.08444500255894,248.7136981132091,249.52210998535156,22485404,,,,256.3765345982143,,-0.6043487287993798,-0.12086974575987597,-0.4834789830395039,,,,,,,,,,-22485404.0,,,,,
2021-06-24,250.33050012071067,254.32634725323064,249.0832305586748,253.6334228515625,17337360,,,,256.1152858604379,,-0.7429861796561568,-0.24529303253913215,-0.4976931471170246,,,,,,,,,,-5148044.0,,,,,
2021-06-25,254.00297444890418,254.53422776313676,249.6837569981405,252.9174041748047,10079644,,,,255.8107256999014,,-0.9002564851154773,-0.3762857230544012,-0.5239707620610761,,,,,,,,,,-15227688.0,,,,,
2021-06-28,253.95683204723545,254.44187356354396,251.4161088525837,252.8712615966797,6519660,,,,255.53077673768982,,-1.0168955171620269,-0.5044076818759264,-0.5124878352861004,,,,,,,,,,-21747348.0,,,,,
2021-06-29,253.05599805074772,255.8046039489163,249.9147462507697,250.6538543701172,15855760,,,,255.06630794077813,,-1.2735780074409888,-0.658241746988939,-0.6153362604520498,,,,,,,,,,-37603108.0,,,,,
2021-06-30,251.69323818389762,253.14839075921176,250.37669305016928,252.0628204345703,8586644,,,,254.7802615116155,,-1.3477726598405582,-0.7961479295592628,-0.5516247302812953,,,,,,,,,,-29016464.0,,,,,
2021-07-01,251.7625227601675,252.1782886629751,248.5288756788443,249.15249633789062,8658748,,,,254.24428387602265,,-1.622705746671187,-0.9614594929816477,-0.6612462536895393,,,,,,,,,,-37675212.0,,,,,
2021-07-02,249.4989852397784,250.5152800703307,246.49631262847308,248.80606079101562,8314614,,,,253.72635786792674,,-1.847252673179014,-1.138618129021121,-0.708634544157893,,,,,,,,,,-45989826.0,,,,,
2021-07-05,250.79245510603346,250.79245510603346,247.3971085478659,247.76666259765625,6878338,,,,253.1587678421867,,-2.085043395432564,-1.3279031823034098,-0.757140213129154,,,,,,,,,,-52868164.0,,,,,
2021-07-06,247.85905410695003,248.66746591303607,245.68788533157138,246.0343475341797,8386882,,,,252.48025162237653,,-2.385775864991956,-1.539477718841119,-0.846298146150837,,,,,,,,,,-61255046.0,,,,,
2021-07-07,246.7042102639755,247.78980888198936,242.5697551682766,245.82652282714844,10755374,,,,251.84656316568814,,-2.610782752358716,-1.7537387255446384,-0.8570440268140778,,,,,,,,,,-72010420.0,,,,,
2021-07-08,246.63492279548177,248.04386355114397,243.90940865554379,245.29525756835938,9131020,,,,251.22262929927587,,-2.7996978243317017,-1.9629305453020511,-0.8367672790296505,,,,,,,,,,-81141440.0,,,,,
2021-07-09,243.63223320970042,245.27214867013112,241.71513106888023,242.89309692382812,11449216,,,,250.42934050161415,,-3.1074281706055444,-2.19183007036275,-0.9155981002427946,,,,,4.805929938330485,0.0197861940054955,,1.0985092884471004,21.112231605580867,-92590656.0,,,,,
2021-07-12,245.17977856923653,245.82651936213594,241.69206432471364,242.9162139892578,7731112,,,,249.7138046432945,21.937856467824673,-3.311271061519676,-2.4157182685941354,-0.8955527929255407,,,,,4.757967445408472,0.01958686646424877,,1.862571021637124,19.801834536808,-84859544.0,,,,,
2021-07-13,243.90940677569924,244.60233122676658,241.41486747378963,242.45425415039062,8344716,,,,249.02241888206558,21.514277911517055,-3.4700932445498154,-2.6265932637852716,-0.8434999807645438,,,,,4.645788610234792,0.01916150585402012,,1.7712920757712074,19.257594401034606,-93204260.0,,,,,
2021-07-14,243.1009632650298,260.2161893390028,242.80068476392884,259.4770812988281,58696166,,,,250.01810101699533,55.56281540440254,-2.197035031441118,-2.540681617316441,0.34364658587532304,,,,,5.582656222976035,0.021515026279129216,,21.346257507831805,14.881130044566692,-34508094.0,,,,,
2021-07-15,259.153773136181,267.7691460345521,258.22987376671153,266.0368347167969,62132402,,,,251.54369470269071,62.342371773128576,-0.6513021413163642,-2.1628057221164254,1.5115035808000612,,,,,5.865271654752071,0.02204684047228199,,28.06459091847027,13.152368914597169,27624308.0,,,,,
2021-07-16,267.9307745649205,272.2038084696197,262.52595847345685,266.8913879394531,73815654,,,,253.00537977285856,63.13149807169769,0.6353338802903181,-1.6031778016350766,2.2385116819253947,,,,,6.137598679138553,0.022996615688966802,,30.064690764153294,11.671023474280858,101439962.0,,,,,
2021-07-19,264.4892743460827,269.77860363515526,263.3113083425317,265.06671142578125,21715702,251.86879272460936,,,254.15407802551786,60.22926321995249,1.4905835328198407,-0.9844255347440932,2.475009067563934,266.6658172279112,251.86879272460936,237.07176822130754,0.11749787929845469,6.161148437244627,0.02324376533026008,,27.810504887773913,10.795955226115657,79724260.0,,272.2038084696197,241.41486747378963,,
2021-07-20,265.94436627398744,267.0761483305217,259.40776874790294,262.43353271484375,21047054,252.13556671142578,,,254.94259751973937,56.21317097890472,1.9336100752930179,-0.40081841273667107,2.334428488029689,267.4822593311006,252.13556671142578,236.78887409175096,0.12173365955338947,6.26880780477135,0.023887221041919746,,25.380542872378467,14.300454764722,58677206.0,19419012.9,272.2038084696197,241.41486747378963,,
2021-07-22,266.59111248444856,270.2405257339655,263.7732311010159,269.8709716796875,24086770,253.15300979614258,,,256.3643474397344,63.59670932800832,2.851975174707775,0.2497403047522181,2.6022348699555566,270.26800612410204,253.15300979614258,236.03801346818312,0.13521463830702005,6.378678177224951,0.02363602923843127,,26.705179374885986,13.050267954667907,82763976.0,19896073.5,272.2038084696197,241.41486747378963,,
2021-07-23,270.93345607088656,278.0012797206588,269.64000275510597,276.7771301269531,28114910,254.3101951599121,,,258.3084219813743,68.84943556362091,4.089909471470321,1.0177741380958387,3.072135333374482,274.2886946126171,254.3101951599121,234.33169570720705,0.15711913901165,6.520292376391226,0.023557915978825544,,32.76084556712467,11.85491287213961,110878886.0,19976141.8,278.0012797206588,241.41486747378963,,
2021-07-26,277.2159449364329,277.4007360553355,271.7418534297271,272.7581481933594,12199806,255.30223236083984,,,259.68458638251576,63.13976219724529,4.6925898121632486,1.7527372729093207,2.939852539253928,276.81690898004223,255.30223236083984,233.78755574163745,0.168542800587767,6.45876310847817,0.02367945064614358,,30.710588125453913,11.11300212729445,98679080.0,20515019.3,278.0012797206588,241.41486747378963,,
2021-07-27,272.0421573347961,274.69836779468096,269.84789652010863,273.2201232910156,7966274,256.31967544555664,,,260.9736851357062,63.514321426981304,5.1481511716398245,2.4318200526554214,2.716331118984403,279.1619342570708,256.31967544555664,233.47741663404247,0.1782325821988329,6.343885120342038,0.023218952703512836,,29.033373175241636,12.638570121387334,106645354.0,20621027.4,278.0012797206588,241.41486747378963,,
2021-07-28,272.98913070712376,274.0977928663641,269.3166256277125,273.4510803222656,9147860,257.45953674316405,,,262.1620084868071,63.712845233306055,5.464827997977352,3.0384216417198076,2.4264063562575444,281.3100787374088,257.45953674316405,233.60899474891932,0.1852760421769694,6.232262414507008,0.022791142046914594,,27.44241902384881,12.554903781820745,115793214.0,20693358.1,278.0012797206588,241.41486747378963,,
2021-07-29,274.2132725228447,276.24586205010934,271.5801823470619,272.7581481933594,11668940,258.4943031311035,,,263.1711646493359,62.61208551405165,5.595382743394907,3.549813862054828,2.0455688813400794,283.10222828920075,258.4943031311035,233.88637797300626,0.19039433256381333,6.120363649402752,0.02243879308442878,47.99357543338387,28.45507338211554,11.871270736651807,104124274.0,20357963.1,278.0012797206588,241.41486747378963,,
2021-07-30,272.0190259387715,273.9361281643632,270.2405311570868,271.2337341308594,6356412,259.59836502075194,,,263.93902840948095,60.15002745482984,5.512298499139149,3.9423107894716924,1.5699877096674566,284.41124312001693,259.59836502075194,234.78548692148698,0.19116359301632327,5.9471660321080115,0.021926350906037163,47.0988823535297,27.192065043773756,12.953342983982552,97767862.0,20512077.9,278.0012797206588,241.41486747378963,,
2021-08-02,271.7187097170978,275.0447518562355,268.97010447033955,273.589599609375,9247796,260.8375419616699,,,264.8581304285185,62.597791718399435,5.572318078146395,4.268312247206633,1.3040058309397624,285.84539761845724,260.8375419616699,235.82968630488253,0.19175043184897259,5.956271843092865,0.021770827003647412,45.88760321720547,25.21117341047051,13.533232059041417,107015658.0,20396961.1,278.0012797206588,241.41486747378963,,
2021-08-03,279.01756557918736,279.01756557918736,274.46737318017625,276.8926086425781,10331214,262.293839263916,,,266.00427121080986,65.77221151892583,5.8193276645968695,4.578515330684681,1.2408123339121886,287.47901532001214,262.293839263916,237.10866320781992,0.19203787726600147,5.918535709287115,0.021374841814311304,45.34636465474041,28.354276870955655,12.646696138113933,117346872.0,20443620.2,279.01756557918736,241.41486747378963,,
2021-08-04,278.78656556150554,279.0175403465607,274.5366238774589,275.6914978027344,9018712,263.7766967773438,,,266.92686421956455,63.656446111909084,5.850721459753117,4.8329565564983685,1.0177649032547489,288.4449529775441,263.7766967773438,239.10844057714343,0.18703893483830408,5.815848620702448,0.02109549502634232,44.84378598959429,26.79384685970931,11.950706454199942,108328160.0,20616264.0,279.01756557918736,241.41486747378963,,
2021-08-05,276.01490076937404,283.8680443895906,276.01490076937404,277.5855407714844,22588728,265.36464767456056,,,267.94197627212833,65.53898746641087,5.959734596374119,5.058312164473519,0.9014224319005999,289.283920181752,265.36464767456056,241.4453751673691,0.18027474810077732,5.984469903999145,0.021559011637878198,45.00308639680443,29.968364420281873,10.78440780791657,130916888.0,20647855.5,283.8680443895906,241.41486747378963,,
2021-08-06,278.90209051278924,280.1262683165026,275.4605601129767,276.2458801269531,10540400,266.91217880249025,,,268.7328242583021,63.05127236435274,5.870359029816825,5.220721537542181,0.6496374922746444,289.39942734461437,266.91217880249025,244.42493026036612,0.1684992317923735,5.890272639679629,0.021322571894909933,44.970486001243465,28.27278872558184,10.846461273898273,120376488.0,21239523.2,283.8680443895906,241.41486747378963,,
2021-08-09,277.16974206611985,279.94143948678106,275.09096900062394,275.6914978027344,9293502,268.55209884643557,,,269.39555507205756,62.00243317284723,5.689212528390556,5.314419735711856,0.3747927926786998,288.42547363674146,268.55209884643557,248.6787240561297,0.14800386871427834,5.816001057285164,0.0210960479508392,44.81437768306771,26.58856414382571,10.654241213378326,111082986.0,21309992.2,283.8680443895906,241.41486747378963,,
2021-08-10,276.43066977854596,281.30423273439885,273.9823141842223,278.9482727050781,14055564,270.35370178222655,,,270.30533770377383,65.62050810425242,5.742254007763279,5.399986590122141,0.3422674176411382,286.8504984622094,270.35370178222655,253.85690510224376,0.12203862252473387,5.923566592491694,0.021235358566835314,44.8580783057438,25.88435548659687,9.71357378221604,125138550.0,21202206.5,283.8680443895906,241.41486747378963,,
2021-08-11,278.0475014464585,280.17245852654787,276.45376953880714,277.7472229003906,8565026,272.11835021972655,,,271.01408867488016,63.229402246643936,5.62256168943054,5.444501609983821,0.17806007944671975,282.8396075872858,272.11835021972655,261.3970928521673,0.07879848866423148,5.766075335009482,0.020760154772375125,44.8986574553716,24.691964003280354,9.266107255321892,116573524.0,21518429.1,283.8680443895906,242.80068476392884,,
2021-08-12,278.0936671325695,281.2811307415578,277.4700464328473,279.8721618652344,7905016,273.1381042480469,,,271.85771469300914,65.61654738760417,5.634221680075484,5.482445624002153,0.15177605607333078,282.66961774009263,273.1381042480469,263.60659075600114,0.06979263122797268,5.6264331188452665,0.0201035825833744,45.09903431773229,24.90478679606606,8.817790796999676,124478540.0,21529444.6,283.8680443895906,258.22987376671153,,
2021-08-13,279.94143520575244,286.61661203079694,279.94143520575244,284.3299560546875,16729368,274.0527603149414,,,273.0455472036452,70.01447458163258,5.9347568595961775,5.572907871120958,0.3618489884752192,284.1754709275931,274.0527603149414,263.9300497022897,0.07387417372493299,5.706291479325074,0.02006925882346191,45.94941205723839,29.480926718846877,8.073359962364966,141207908.0,18989887.1,286.61661203079694,259.40776874790294,,
2021-08-16,284.6071779438418,286.8245588967725,282.0202710923161,283.6601867675781,7144852,274.89120025634764,,,274.05646525735307,68.59482934511922,6.049157449028428,5.668157786702453,0.3809996623259746,285.276806726583,274.89120025634764,264.5055937861123,0.07556157825750946,5.641862645405884,0.01988951184759898,46.761802783742084,27.951034684238234,7.5823019650086145,134063056.0,16719735.4,286.8245588967725,259.40776874790294,,
2021-08-17,283.52156387176484,294.2849837939735,282.3435980437951,293.29180908203125,23645544,276.30245513916014,,,275.88840276446524,76.099845124041,6.838185816841701,5.902163392730303,0.9360224241113979,288.48057589945506,276.30245513916014,264.1243343788652,0.08815065182219527,6.091828581461062,0.020770537713029787,48.194587347220704,32.78500902175875,6.520655069291285,157708600.0,13386195.3,294.2849837939735,259.40776874790294,,
2021-08-18,293.6844365812362,295.27816822295125,288.53368764232783,290.7510681152344,13847154,277.7183319091797,,,277.3038947026337,71.26197781069018,7.175762200918484,6.156883154367939,1.0188790465505448,289.7004385138189,277.7183319091797,265.73622530454054,0.0862896339774761,6.13844658140123,0.02111237843834286,49.59830945361845,31.367719156622098,6.0089105272178625,143861446.0,13482687.4,295.27816822295125,263.7732311010159,,
2021-08-20,287.5636364482017,291.92906596584635,285.48486317267253,286.4318542480469,12341386,278.54637603759767,,,278.1732241831493,63.83276438802622,7.013917381933311,6.328289999881014,0.6856273820522967,290.5337499020524,278.54637603759767,266.5590021731429,0.08607093752199253,6.160286310813558,0.021506987506629823,49.789912547704255,29.023904817879817,9.095035743913128,131520060.0,13122692.4,295.27816822295125,268.97010447033955,,
2021-08-23,289.1804641292631,294.23881814244265,288.02559007123887,290.49700927734375,14072750,279.2323699951172,,,279.346918001644,67.28923415418897,7.131471074445187,6.48892621479385,0.6425448596513377,292.2612710260914,279.2323699951172,266.20346896414304,0.09331941730969083,6.2779061382122885,0.021610914872512977,50.207585913786296,29.07381500603455,8.287161565715186,145592810.0,12535423.2,295.27816822295125,268.97010447033955,,
2021-08-24,293.79996460529264,293.79996460529264,288.30275273162334,292.6681823730469,8967436,280.2278717041016,,,280.6156098465395,68.99362972022924,7.315500213541043,6.654241014543288,0.6612591989977545,294.1386326008991,280.2278717041016,266.31711080730406,0.09928177959033406,6.222142262173504,0.021260057078027382,50.59542546800534,27.23906656903874,7.764187311160983,154560246.0,11833315.2,295.27816822295125,268.97010447033955,,
2021-08-25,293.3380168179316,296.9412183146143,290.8203856802244,291.7904968261719,12815436,281.15639038085936,,,281.6798847969807,67.4633295168264,7.306300262215473,6.784652864077725,0.5216473981377474,295.54311458666814,281.15639038085936,266.7696661750506,0.10233965649025631,6.214905860188961,0.021299205861016652,51.272014265085694,28.933145825104557,7.217997092460996,141744810.0,11671696.7,296.9412183146143,268.97010447033955,,
2021-08-26,292.0445797986154,294.95485700868835,289.18048627633345,290.5432434082031,8416702,282.01099853515626,,,282.52401418852565,65.24850832973414,7.1163336429376045,6.850989019849702,0.26534462308790285,296.49563364675015,282.01099853515626,267.5263634235624,0.10272390216573908,6.183439065343671,0.02128233647015551,51.292463701310474,27.00321297564841,8.63087877690463,133328108.0,11914154.8,296.9412183146143,268.97010447033955,,
2021-08-27,290.7972798718757,293.79995234076716,288.85708586832783,293.3149108886719,8743108,283.03883666992186,,,283.5517186361586,67.77995156969502,7.107503257125529,6.902291867304868,0.20521138982066134,297.66796816842714,283.03883666992186,268.4097051714166,0.10337190239066504,6.094826737279075,0.020779123430217893,51.190593923600815,25.438967453304958,8.509918575990568,142071216.0,11877596.9,296.9412183146143,268.97010447033955,,
2021-08-30,293.7768578019379,295.41677326547295,291.2823186495421,292.1600341796875,8743710,284.0851516723633,,,284.3715582117328,65.63456032826781,6.92746075861163,6.907325645566221,0.02013511304540927,298.1705891051908,284.0851516723633,269.99971423953576,0.09916348918561092,5.954800157182774,0.02038198062887817,51.299041414314765,26.11676201240279,8.087883636482138,133327506.0,11731305.3,296.9412183146143,268.97010447033955,,
2021-08-31,293.15321193900354,296.8257169864449,290.52012171175005,296.08660888671875,15591816,285.21000213623046,,,285.48727732363625,69.20372336428548,7.020687430039288,6.9299980024608345,0.09068942757845377,299.3561700216357,285.21000213623046,271.0638342508252,0.09919825938396323,5.979856951290778,0.020196310038386917,51.57040376004922,25.832625269998793,7.478708519132846,148919322.0,11850670.2,296.9412183146143,273.9823141842223,,
2021-09-01,297.4031383393907,299.0430537334788,293.4534750113291,296.5947265625,9450444,286.1951080322266,269.6852618408203,,286.5451296320995,69.64310006408827,7.054254039282341,6.954849209825136,0.09940482945720497,300.6283652697158,286.1951080322266,271.76185079473737,0.10086306042564487,5.9519799349235605,0.02006772002963892,52.07534887943619,26.760769985857394,6.977040761215559,158369766.0,12167871.2,299.0430537334788,273.9823141842223,,
2021-09-02,297.95752240836697,303.500918174104,295.9942364080017,300.9371032714844,9077556,287.45738830566404,270.5620428466797,,287.9157937882313,73.16651483352823,7.346562726565196,7.033191913173149,0.313370813392047,302.40214081900257,287.45738830566404,272.5126357923255,0.1039789069359193,6.063030065722042,0.020147166965491795,52.97514070857468,29.645959372636646,6.3600175413799205,167447322.0,12123832.7,303.500918174104,273.9823141842223,,
2021-09-03,301.6530860721514,303.3623052157281,300.03626248677233,302.6231689453125,7549940,288.70926971435546,271.6240640258789,,289.3164961841438,74.40854734352087,7.626358957231048,7.151825321984729,0.47453363524631875,304.3165213998252,288.70926971435546,273.1020180288857,0.10811742692509545,5.867530970238737,0.019388902015295025,53.8106616927747,28.44560381648469,6.102502434614115,174997262.0,12126774.9,303.500918174104,273.9823141842223,,
2021-09-06,303.3392233910798,318.14470278703027,303.3392233910798,317.1053161621094,24676832,290.75224151611326,272.89350189208983,,291.96305046775956,82.08073512759294,8.913933457728149,7.504246949133414,1.409686508594735,309.6490995833586,290.75224151611326,271.85538344886794,0.12998598372764786,6.55710260391581,0.020677996456431886,55.49331904671487,39.73892319709734,5.070685664097837,199674094.0,11374835.5,318.14470278703027,273.9823141842223,,
2021-09-07,318.7452190259142,318.7452190259142,310.77658855026635,311.4695129394531,12812218,292.54114227294923,274.0645440673828,,293.820808798397,72.91909737264457,9.371553866763577,7.877708332659447,1.4938455341041301,312.1566067830757,292.54114227294923,272.9256777628228,0.1341039715488953,6.657926023325241,0.021375851397114048,57.08080853409944,36.9858868732759,4.637191379307459,186861876.0,12081657.1,318.7452190259142,273.9823141842223,,
2021-09-08,312.0007551843434,312.0007551843434,304.8867204295872,305.90301513671875,13432462,293.8888793945313,275.12517913818357,,294.9714951163324,65.1805283671595,9.179238933832323,8.138014452894023,1.0412244809383004,313.28618784751376,293.8888793945313,274.4915709415488,0.13200437180845187,6.69050521842745,0.02187132812482162,56.77117021630016,34.17680064839641,10.573083825598323,173429414.0,12257592.9,318.7452190259142,276.45376953880714,,
2021-09-09,305.3024857107526,306.9885847441446,302.11502236189614,305.9722900390625,11611460,295.30013275146484,276.2315478515625,,296.0191898708781,65.22998252925724,8.929484332619154,8.29630842883905,0.6331759037801046,313.88453962271655,295.30013275146484,276.71572588021314,0.1258679208714952,6.5607235872718075,0.02144221486996166,55.75834863573619,32.363381662670385,13.029707704382394,185040874.0,12226437.8,318.7452190259142,277.4700464328473,,
2021-09-13,305.9723338996502,310.3608554957675,303.89356051201565,309.85272216796875,11177578,296.7991607666016,277.3873458862305,,297.3366691372677,67.9739147511068,8.941597286879244,8.425366200447089,0.5162310864321551,314.9964944561111,296.7991607666016,278.601827077092,0.12262388911415864,6.554050115591811,0.021152146315625755,55.146430508393394,33.757541838678335,12.111333767763991,196218452.0,12378759.5,318.7452190259142,279.94143520575244,,
2021-09-14,309.96819338387803,312.13936222545124,309.50624376631635,311.0999755859375,7322676,298.1376617431641,278.6262954711914,,298.64746022761716,68.82549834272112,8.948684947782738,8.53002994991422,0.41865499786851856,316.40739249159566,298.1376617431641,279.8679309947325,0.12255902620025487,6.273983568702031,0.020167097592615917,54.74240561416171,34.77037597739645,11.74826327242363,203541128.0,12542387.6,318.7452190259142,282.0202710923161,,
2021-09-15,311.35404438846444,314.37980876537233,309.50624590544686,311.37713623046875,8290832,299.5235092163086,279.87771697998045,,299.85981032312685,69.02261788662739,8.87436832386311,8.598897624703998,0.2754706991591114,317.3907431754629,299.5235092163086,281.6562752571543,0.11930438452663175,6.173953518075134,0.01982789614169174,54.56840489225199,35.401935188700236,11.0858502660796,211831960.0,12072053.0,318.7452190259142,282.3435980437951,,
2021-09-16,314.01021149685425,314.47216105403976,307.1964555283679,308.51300048828125,9315692,300.2845687866211,281.09264373779297,,300.68392367218917,64.48492516207284,8.486532581257393,8.576424616014677,-0.08989203475728402,318.32110326600383,300.2845687866211,282.24803430723836,0.1201296127354403,6.2526500900463295,0.020267055456821288,53.77262530392243,32.45947934126525,12.803083913360377,202516268.0,12129352.0,318.7452190259142,285.48486317267253,,
2021-09-17,310.15298260984696,311.5388314540462,306.1571071643392,307.3119812011719,10815562,301.112614440918,282.3181964111328,,301.315167246378,62.625677841293864,7.990152240571717,8.459170140926085,-0.46901790035436797,318.8403699571172,301.112614440918,283.38485892471874,0.1177483417565533,6.190441104307806,0.020143832596801466,52.75222479100263,30.443837512439753,13.207303535803778,191700706.0,11412859.4,318.7452190259142,285.48486317267253,,
2021-09-20,303.84730466446786,309.7371611973025,301.837835478389,306.04156494140625,9092860,302.0930999755859,283.52249725341795,,301.76530036019017,60.634191641003355,7.408850651043849,8.249106242949638,-0.8402555919057892,318.59103544480433,302.0930999755859,285.5951645063675,0.10922417937087422,6.312504291065354,0.020626297255648674,50.71378988562475,27.72264231958127,16.914213333878525,182607846.0,11261279.8,318.7452190259142,288.02559007123887,,
2021-09-21,305.1177214933537,309.0442932309669,303.54708152024165,308.3975524902344,7367102,302.98812713623045,284.7845431518555,,302.3969434201944,62.984984832497865,7.056925612989232,8.010670116957558,-0.9537445039683252,318.8005570784894,302.98812713623045,287.1756971939715,0.10437656479621289,6.254269106755347,0.020279892159498873,48.82095747348814,25.982148501791126,15.85229854952893,189974948.0,11098853.5,318.7452190259142,288.30275273162334,,
2021-09-22,309.0442877344142,311.5850105782696,306.2725900865719,308.6516418457031,9583304,303.7873001098633,286.09971405029296,,302.99262898452855,63.2399433856517,6.721049299701917,7.75274595350643,-1.031696653804513,319.0383020015934,303.7873001098633,288.53629821813314,0.1004057897497011,6.186994205679801,0.02004523341810933,47.43957744644371,27.321867097113582,14.880050812058276,199558252.0,10763571.1,318.7452190259142,288.85708586832783,,
2021-09-23,310.84590221259424,312.7398843255687,310.15297780123774,311.49261474609375,6462586,304.77240600585935,287.4712420654297,,303.8021514380109,66.05527317145635,6.607935504425939,7.523783863690332,-0.9158483592643929,319.3257919046595,304.77240600585935,290.2190201070592,0.09550330418378085,6.0370833681216425,0.019381144471250583,46.3226057774681,27.366696656630655,14.160293887314966,206020838.0,10794364.5,318.7452190259142,288.85708586832783,,
2021-09-24,314.35674027064425,322.9721126156444,311.81601716779556,312.5089416503906,24253176,305.8706909179688,288.87233581542966,,304.6313695534757,67.02812731395241,6.525083987621656,7.324043888476597,-0.7989599008549408,319.2293250261566,305.8706909179688,292.512056809781,0.08734824554844611,6.4258272610808564,0.020562058887484715,46.44936176922166,35.248582234847234,12.353377417851469,230274014.0,10476722.0,322.9721126156444,288.85708586832783,,
2021-09-27,313.22491331834203,313.3634925560691,300.72918256950254,302.06884765625,16798164,306.30838775634766,289.72417114257814,,304.387319848978,50.89252778413703,5.5529838881698765,6.969831888415253,-1.416848000245376,318.5169122845471,306.30838775634766,294.0998632281482,0.07971394200220665,6.869290312901264,0.022740810137159253,44.26072731900557,30.617811553655944,22.258820096780426,213475850.0,11268545.7,322.9721126156444,290.52012171175005,,
2021-09-28,302.06882226908874,302.06882226908874,293.4534518765067,295.4629211425781,16224924,306.47353210449216,290.31269287109376,,303.53737711503516,43.720710103596325,4.201116636646361,6.416088838061475,-2.2149722014151134,317.98129591684034,306.47353210449216,294.965768292144,0.07509792922949445,6.994012131961411,0.02367137001460292,41.124008370559615,27.923827864799602,27.730894069960033,197250926.0,11671298.5,322.9721126156444,290.52012171175005,,
2021-09-29,291.00515169570957,298.6504118194163,289.8040658370317,295.99420166015625,17679132,306.4689117431641,290.89474914550783,,302.81897945266576,44.399335387804975,3.1364667613661936,5.760164422722419,-2.6236976613562257,317.99341525072435,306.4689117431641,294.9444082356038,0.07520830378526853,7.126321692705925,0.02407588274613556,38.643965292207405,25.44785766089034,28.929884895421417,214930058.0,12045359.2,322.9721126156444,289.8040658370317,,
2021-09-30,295.0703489519875,298.7659462774136,292.2062553857483,292.9222717285156,12027918,306.28528900146483,291.4518603515625,,301.8764358598895,41.29843961489833,2.0215419156868393,5.012439921315303,-2.9908980056284635,318.5279070381259,306.28528900146483,294.0426709648038,0.07994257952495061,7.085848064060166,0.024190199066281403,36.32367756274688,23.881590515184516,27.016905866862555,202902140.0,12149725.0,322.9721126156444,289.8040658370317,,
2021-10-01,293.2456032256217,295.53225940636895,291.12064632350956,293.9154357910156,8417708,305.93420562744143,292.0814984130859,,301.1182453771396,42.6919828772426,1.2042145468134322,4.250794846414928,-3.046580299601496,319.1353682208896,305.93420562744143,292.7330430339933,0.08630066432992571,6.894831279688683,0.023458554536724484,34.32081308218792,22.79012759916089,26.906810671473593,211319848.0,12278598.7,322.9721126156444,289.8040658370317,,
2021-10-04,295.60161779139247,297.31080908757485,293.7769108775846,296.1328430175781,10494244,305.6096893310547,292.60673583984374,,300.6434451524195,45.786463006281295,0.7270222895949132,3.5460403350509258,-2.8190180454560125,319.4252674779184,305.6096893310547,291.794111184191,0.09041322071367852,6.65476463185308,0.02247222754504829,32.16404829253968,23.834674330242404,25.886210766972333,221814092.0,12245606.3,322.9721126156444,289.8040658370317,,
2021-10-05,294.007814067801,300.0362504116347,292.8991238043804,298.81207275390625,10912148,304.69502716064454,293.0474346923828,,300.4690287335135,49.34555380198031,0.5585962859587426,2.9485515252324896,-2.389955239273747,317.7462877498134,304.69502716064454,291.6437665714757,0.0856676967181866,6.689219058667452,0.02238604015232181,30.015066911636765,24.92847107104477,23.91338637163258,232726240.0,12392821.5,322.9721126156444,289.8040658370317,,
2021-10-06,300.45205215160485,300.4751439941882,293.06085803417466,293.6844787597656,9673198,303.80577545166017,293.4659613037109,,299.8228811169661,43.464509311304184,0.011233984022169352,2.3610880169904256,-2.3498540329682562,317.3054062711615,303.80577545166017,290.30614463215886,0.08887013947928905,6.7410095516207456,0.02295323736578841,28.09112180564982,23.435080358443052,22.034686373680213,223053042.0,11704587.3,322.9721126156444,289.8040658370317,,
2021-10-07,295.1857915057329,299.59740450344424,294.21570863331084,297.010498046875,7448686,303.361149597168,293.94176879882815,,299.55503511029076,47.8095448995021,-0.1524156710478337,1.8583872793827738,-2.0108029504306075,317.1381136968228,303.361149597168,289.58418549751315,0.09082879675231458,6.681860708196307,0.022497052299955262,26.304601350090515,21.95377900918353,20.641902130715863,230501728.0,11547636.3,322.9721126156444,289.8040658370317,,
2021-10-08,298.4887550418462,308.37445988679025,297.9575017064733,305.4179992675781,22091966,303.33343505859375,294.5811071777344,,300.11341264908003,56.83949840839265,0.391789576016663,1.5650677387095517,-1.1732781626928888,317.09149388433144,303.33343505859375,289.57537623285606,0.0907124453529503,7.016296503319089,0.02297276689698985,25.97303310974945,28.349334913876504,18.253851601232167,252593694.0,11248447.5,322.9721126156444,289.8040658370317,,
2021-10-11,299.782235081859,307.7970503402471,293.3380317377209,301.56072998046875,20422932,302.91883544921876,295.15715881347654,,300.2512523949266,52.363206813085,0.5059939765852732,1.353252986284696,-0.8472590096994228,316.36223111712917,302.91883544921876,289.47543978130835,0.08875906080897407,7.547919510405312,0.025029517307821113,24.813322793596907,24.470275825153855,20.12772858464932,232170762.0,11772472.8,322.9721126156444,289.8040658370317,,
2021-10-12,301.1911468183097,305.99543405789547,296.8257173488576,304.4709777832031,18680432,302.587385559082,295.82190368652346,,300.6531310033339,55.228099488334855,0.8218605655499687,1.2469745021377507,-0.42511393658778207,315.5249691566079,302.587385559082,289.64980196155614,0.08551303996775325,7.663762167450494,0.025170747712142973,23.736448928598115,22.37893541589183,18.40752189648172,250851194.0,12234740.5,322.9721126156444,289.8040658370317,,
2021-10-13,307.1964698701746,311.6773864231033,303.0389236614053,310.707275390625,18925882,302.5538925170898,296.56425720214844,,301.6106685640283,60.684554579155005,1.5574508866636165,1.309069779042924,0.24838110762069254,315.4034513036697,302.5538925170898,289.7043337305099,0.08494062779809779,7.733383638468173,0.024889612348940552,23.527424458772956,25.841434163523875,16.938818158139878,269777076.0,12802628.3,322.9721126156444,289.8040658370317,,
2021-10-14,321.97887864737305,341.7734081871542,321.05497942600323,327.1758117675781,118377606,303.4870330810547,297.5699212646484,,304.04544410722355,70.80373270131106,3.429748759353913,1.7332055751051219,1.6965431842487912,320.0934698967703,303.4870330810547,286.8805962653391,0.10943753772359945,9.400008578329675,0.028730756493109372,25.66198678820485,42.6104823179491,12.940162427957398,388154682.0,13334380.8,341.7734081871542,289.8040658370317,,
2021-10-18,332.14177789583977,332.9732815755998,324.47342545614464,327.8687438964844,21198892,304.51487121582034,298.61346618652345,,306.3143298014389,71.14031709381896,4.912839983176696,2.369132456719437,2.5437075264572586,324.2002835209353,304.51487121582034,284.8294589107054,0.12929031824631776,9.335711974124353,0.0284739309492455,27.64408037982018,39.83938011012751,12.09862037719826,409353574.0,18787476.5,341.7734081871542,289.8040658370317,,
2021-10-19,331.2640711766518,337.2001408890994,327.060340786419,328.70025634765625,21865148,305.64780578613284,299.63576049804686,,308.44632280584057,71.56395861800291,6.0851507388785535,3.112336113151261,2.9728146257272927,327.9839134754468,305.64780578613284,283.3116980968189,0.14615585171216922,9.393146840449784,0.02857663375386887,29.69372130488423,39.981752759468726,11.165739703456737,431218722.0,19306643.0,341.7734081871542,289.8040658370317,,
2021-10-20,329.6472604952751,333.8741110905038,321.4014704824877,324.26556396484375,16108782,306.44120635986326,300.59615417480467,,309.95291720193615,65.99945129484462,6.580516744986085,3.805972239518226,2.774544505467859,330.19401106499004,306.44120635986326,282.6884016547365,0.15502356871179482,9.613110680990236,0.02964579575903555,30.669226338959987,36.27641109791644,14.335672235529769,415109940.0,19945257.4,341.7734081871542,289.8040658370317,,
2021-10-21,327.4991605282576,327.5222523682351,314.9110344675603,321.6554870605469,15916912,307.09139862060545,301.51543395996094,,311.06744766466096,62.89950563029729,6.685421107890136,4.381862013192608,2.303559094697528,331.7454529301222,307.09139862060545,282.4373443110887,0.16056492900978642,9.827261196681992,0.030552132924852468,30.62212378690122,32.95118783919532,17.739129689284745,399193028.0,20382341.4,341.7734081871542,289.8040658370317,,
2021-10-22,324.1731186365441,325.9054295662014,313.31730347735805,315.2344055175781,10758302,307.2784881591797,302.24115661621096,,311.46430079351023,55.93861185417955,6.179200971605042,4.741329804875095,1.4378711667299466,332.1193809672694,307.2784881591797,282.43759535108995,0.16168325323978677,10.024465831836375,0.03180003723063595,30.3553350358244,29.995606719282943,17.283606292204666,388434726.0,20699021.8,341.7734081871542,289.8040658370317,,
2021-10-25,315.3961232072809,316.0659558381134,305.2563227613634,308.44378662109375,17621916,307.07523040771486,302.855087890625,,311.17663277708965,49.677347644219545,5.170469716715047,4.8271577872430855,0.34331192947196154,331.8078961759899,307.07523040771486,282.3425646394398,0.1610853844215088,10.080549206473062,0.03268196554355126,29.059015692079452,27.698102203346032,21.671608633954023,370812810.0,20913807.6,341.7734081871542,289.8040658370317,,
2021-10-26,309.991278791727,313.57138825352325,307.1964893025193,308.6516418457031,12193966,307.4043701171875,303.43067749023436,,310.9361574502909,49.862338682017324,4.337811518217791,4.729288533438027,-0.3914770152202358,332.03678098509346,307.4043701171875,282.77195924928157,0.16026064208856675,9.815859902510983,0.03180239004663384,27.855290587173428,26.413209296541616,20.666279965282822,383006776.0,20582244.6,341.7734081871542,289.8040658370317,,
2021-10-27,308.65164497807785,311.6081055820136,306.48047615953385,310.0143737792969,12631178,308.13194274902344,303.9443658447266,,310.8483685292439,51.13074118050891,3.7447181948018624,4.532374465710794,-0.7876562709089319,332.1627771192143,308.13194274902344,284.1011083788326,0.15597756049436404,9.480986296794466,0.030582408748389515,26.6431477041796,25.392842661895074,20.407357906296323,395637954.0,20352034.7,341.7734081871542,289.8040658370317,,
2021-10-28,309.9682213488314,310.24537986630645,302.57702680102017,303.4547424316406,10357542,308.50496978759764,304.3402569580078,,310.1442136628055,45.202701642128666,2.714093652200745,4.168718303008784,-1.4546246508080394,331.9961317991974,308.50496978759764,285.01380777599786,0.1522903311915733,9.351512494543881,0.030816827641606228,25.005324539212463,23.905525709719196,22.193578587806922,385280412.0,20172347.4,341.7734081871542,291.12064632350956,,
2021-10-29,304.07835104477465,304.6096044097414,297.61105607382615,298.76593017578125,13522634,308.7971527099609,304.4497393798828,,309.06056761642225,41.4990099022633,1.5016581337160346,3.635306269150235,-2.1336481354342003,331.6422592311997,308.7971527099609,285.95204618872214,0.14796189874649626,9.183443626070407,0.030737921223705986,23.556977078037068,22.604239986137376,24.848000222790464,371757778.0,19806267.9,341.7734081871542,291.12064632350956,,
2021-11-01,300.77532321404743,303.4777448412945,299.11231620894256,302.7848205566406,8802466,309.24062194824216,304.69041442871094,,308.4628774202526,45.6123862434437,0.8552265968097572,3.0792903346821396,-2.2240637378723824,331.2417301021235,309.24062194824216,287.23951379436085,0.14229119069333435,8.864041557459181,0.029275052630325052,22.21208300694563,21.745981137095796,23.90454819408807,380560244.0,19881003.7,341.7734081871542,292.8991238043804,,
2021-11-02,303.5008884078851,305.34868681523903,300.77537447897157,302.02264404296875,8079378,309.53511199951174,305.0022302246094,,307.84952186051123,44.96664313213422,0.27821656427619246,2.5190755806009504,-2.240859016324758,330.9771018732797,309.53511199951174,288.0931221257438,0.13854318326123718,8.55756089880263,0.02833416986305552,20.706332678925882,22.477523308919512,22.992047153515202,372480866.0,19900241.6,341.7734081871542,292.8991238043804,,
2021-11-03,304.60958271305225,305.74133669622097,300.3596406815381,301.422119140625,6871182,309.66561431884764,305.220732421875,,307.2373882681411,44.43288847431428,-0.22493250258833086,1.9702739639630944,-2.1952064665514253,330.87547577097575,309.66561431884764,288.45575286671954,0.13698557716059068,8.330713407079788,0.02763802945461076,19.365703259322068,21.440335532447946,22.28757285481176,365609684.0,19779498.3,341.7734081871542,293.06085803417466,,
2021-11-04,302.57693865514074,303.8011161735658,299.0661335457563,301.9764099121094,1565810,310.08021087646483,305.4068969726562,,306.7363427104238,45.08087522765714,-0.5723573509525295,1.4617477009799698,-2.0341050519324995,330.3265956334106,310.08021087646483,289.8338261195191,0.13058804816803912,8.073875494274766,0.026736775553509885,18.30706590579677,20.542204124793933,22.49830050449674,367175494.0,19577450.0,341.7734081871542,293.3380317377209,,
2021-11-08,301.63003103164374,305.3487200926796,299.11239978821493,304.1245422363281,9504460,310.4359130859375,305.65357788085936,,306.48759980812895,47.62970813568232,-0.6666727322010502,1.0360636143437658,-1.702736346544816,329.9894426542692,310.4359130859375,290.8823835176058,0.12597466171975247,7.942621552145476,0.026116345276644755,17.076700777343625,20.781893133683607,21.236513004784943,376679954.0,19172080.6,341.7734081871542,293.3380317377209,,
2021-11-09,306.3187640236682,307.7739165205558,303.3623035437971,304.17071533203125,8284130,310.37354888916013,305.92612731933593,,306.26694414373867,47.685909787674454,-0.7292858154911528,0.6829937283767821,-1.412279543867935,329.9985230335731,310.37354888916013,290.74857474474715,0.12646035214438595,7.690406653903564,0.025283192188665347,16.161882921563603,22.182877690024924,20.36634467532049,384964084.0,19274869.3,341.7734081871542,293.3380317377209,,
2021-11-10,302.9927791168223,304.4248117178526,300.98328127260044,301.46832275390625,8091390,310.36892852783205,306.0891955566406,,305.8099325828022,44.664753721139014,-0.9856061768311406,0.34927374733519756,-1.334879924166338,330.00224154062863,310.36892852783205,290.7356155150355,0.12651596991955963,7.38691549614275,0.024503123341993102,15.096981642417314,21.444670392720553,21.98900950698591,376872694.0,18584477.5,341.7734081871542,296.8257173488576,,
2021-11-11,300.1517839065373,300.1517839065373,294.169530323541,296.4792785644531,12067796,309.9693435668945,306.17558044433594,,304.921298866769,39.668111968414614,-1.5731814245971236,-0.0352172870512667,-1.537964137545857,330.3765878178521,309.9693435668945,289.5620993159369,0.1316726616647076,7.380620991444358,0.024894222042029988,15.09859503546725,19.92989078933656,27.030028213454177,364804898.0,17967900.4,341.7734081871542,294.169530323541,,
2021-11-12,299.3433935695455,306.04166395034554,298.32709863135545,304.9098815917969,12126506,309.6794738769531,306.3520458984375,,304.92021150724787,49.87305293966749,-1.3430776715248385,-0.29678936394598104,-1.0462883075788574,330.2009319779228,309.6794738769531,289.1580157759835,0.13253353762234543,7.536461305333505,0.024717012338167074,14.149469117504838,23.705921284032012,24.580303788073227,376931404.0,17637268.6,341.7734081871542,294.169530323541,,
2021-11-15,305.6027812308216,307.6584627848593,303.57021971510994,304.3786315917969,9435996,308.53961486816405,306.5077239990234,,304.86863246768115,49.307077186374016,-1.1898701422343265,-0.4754055196036502,-0.7144646226306763,327.52193680780096,308.53961486816405,289.55729292852715,0.12304625419168858,7.29016000279178,0.023950958596096972,13.249769513968644,24.340478344754043,23.595705991910403,367495408.0,17297299.8,337.2001408890994,294.169530323541,,
2021-11-16,304.14763889801316,308.9288061525503,302.4153278354755,305.55657958984375,11327094,307.424006652832,306.6001135253906,,304.9341512412205,50.644531661396016,-0.9623086178208382,-0.5727861392470879,-0.38952247857375033,324.228972393803,307.424006652832,290.619040911861,0.1093276086271852,7.23468273952628,0.02367706416022059,12.605614985062322,24.02940891226139,22.07831178632997,378822502.0,11850219.3,337.2001408890994,294.169530323541,,
2021-11-17,305.55656012370144,308.58232428113763,303.96282840866553,305.7182312011719,8854994,306.2749053955078,306.6620147705078,,305.0088255231206,50.836228728541506,-0.7601579089826487,-0.6102604931942001,-0.14989741578844862,319.9559620988429,306.2749053955078,292.5938486921727,0.08933841109618888,7.0478836775938385,0.023053527589449244,12.007471493935025,22.90441309420538,21.044661374035226,387677496.0,11356629.4,333.8741110905038,294.169530323541,,
2021-11-18,306.457407193898,307.63537315508336,298.0730098201531,300.9371032714844,7842498,305.10848236083984,306.3386505126953,,304.62104245153625,45.239514450757916,-0.974515474409543,-0.6831114894372687,-0.29140398497227427,316.18525124386787,305.10848236083984,294.0317134778118,0.07260872459080284,7.227489367403582,0.024016611075316448,11.797562809938285,20.739856665998687,24.876708920180945,379834998.0,10706121.7,327.5222523682351,294.169530323541,,
2021-11-22,303.96288023775327,305.0946625585236,294.7238869174568,297.5186767578125,11582434,303.9016418457031,306.0596337890625,,303.9446266711816,41.70425909990932,-1.4040488390179462,-0.8272989593534043,-0.5767498796645419,312.48239412531376,303.9016418457031,295.3208895660925,0.056470588493676206,7.452009815522384,0.025047200050531626,12.07339436747473,18.678203830670082,25.614012635885388,368252564.0,10292807.5,325.9054295662014,294.169530323541,,
2021-11-23,296.8950394585688,299.7822247104314,289.20356666953944,296.94122314453125,9134924,302.98698272705076,305.8803979492188,,303.27763585911964,41.119700128218966,-1.7706419475169355,-1.0159675569861104,-0.7546743905308251,310.35489177109577,302.98698272705076,295.61907368300575,0.04863515242621806,7.675341831620212,0.025848017160905835,13.016227209910893,16.839380832132072,28.229718789692768,359117640.0,10076083.6,316.0659558381134,289.20356666953944,,
2021-11-24,297.63411547293634,299.1585434823116,292.4602744211234,294.0309143066406,7985552,302.26633911132814,305.6415704345703,,302.3969957112645,38.21259268103404,-2.2698419033803816,-1.2667424262649647,-1.003099477115417,310.1590994244505,302.26633911132814,294.37357879820576,0.05222387869140392,7.605550919446495,0.025866500933690174,13.891714849315902,15.780053949587524,26.453851832427198,351132088.0,9994914.7,313.57138825352325,289.20356666953944,,
2021-11-25,294.26193130875305,296.47928402181026,292.4141326820105,294.12335205078125,6661362,301.53992462158203,305.32698303222656,,301.6090296483613,38.36165129679963,-2.627711884613916,-1.538936317934755,-1.088775566679161,309.62028245824206,301.53992462158203,293.459566784922,0.053593950099977535,7.352665235186013,0.024998576902919813,14.710559189491107,15.15687557623195,25.453974003718017,357793450.0,9513096.5,311.6081055820136,289.20356666953944,,
2021-11-26,291.9521453741599,293.06083568529266,286.24707912790524,287.0785827636719,8277074,300.3931350708008,304.84655517578125,,300.22517756410514,32.021484380148834,-3.440124811508042,-1.9191740166494125,-1.5209507948586296,309.74698463310835,300.3931350708008,291.0392855084932,0.062277385667305146,7.390065784306727,0.025742309695009045,16.201854399731193,14.003012962547947,29.476970370285546,349516376.0,9236466.3,310.24537986630645,286.24707912790524,,
2021-11-29,284.81500354382575,292.34477594336335,278.9944502031193,291.3053894042969,10376060,299.7856674194336,304.4451202392578,,299.37567392983766,38.58051773238659,-3.700245807839508,-2.2753883748874317,-1.4248574329520762,309.8186714649762,299.7856674194336,289.752663373891,0.06693451446099535,7.815798638302249,0.026830257601087017,18.267270673987852,12.294524872807603,32.50870274021024,359892436.0,9018761.1,308.9288061525503,278.9944502031193,,
2021-11-30,291.3054042762871,298.18846454223774,291.2592205947032,294.37738037109375,26850200,299.56623992919924,304.16240783691404,,298.89964597186207,42.89320702334757,-3.616817157382286,-2.5436741313864024,-1.0731430259958836,309.8672358730011,299.56623992919924,289.2652439853974,0.06877274252423402,7.752473303247412,0.026335152835026257,19.005917493374085,16.89376766833515,30.433229322212302,386742636.0,9019687.0,308.9288061525503,278.9944502031193,,
2021-12-01,296.8487758789375,298.39632382151956,292.52955877244335,293.2455749511719,9453644,299.08927764892576,303.8810797119141,,298.36116301751065,41.73059941578253,-3.600522012802628,-2.755043707669648,-0.8454783051329802,309.63057046664187,299.08927764892576,288.54798483120965,0.07048927263845009,7.617779856520897,0.025977475901518134,19.65194455120112,16.159340735077233,28.75909507424315,377288992.0,9686065.3,308.9288061525503,278.9944502031193,,
2021-12-02,294.21574730327677,299.3895608964305,290.5663337413353,298.7890319824219,10210456,298.92759704589844,303.73602905273435,,298.4019124427403,49.01921080879248,-3.1045104752367934,-2.8249370611830775,-0.27957341405371583,309.38280596829514,298.92759704589844,288.47238812350173,0.06995144660926958,7.70388323499049,0.025783688189209432,20.469056121494734,14.837395780888484,28.226659272039992,387499448.0,9718624.2,308.9288061525503,278.9944502031193,,
2021-12-03,297.8420000318154,302.0919419256647,295.6015557842449,295.99420166015625,13405010,298.656201171875,303.4879620361328,,298.1726066539228,45.90180424281519,-2.9034678378916965,-2.8406432165248017,-0.06282462136689482,309.1201012254315,298.656201171875,288.19230111831854,0.07007321470304616,7.617204871164011,0.02573430434934551,20.675685099694526,16.46845597304866,26.508725788784744,374094438.0,9825178.1,308.9288061525503,278.9944502031193,,
2021-12-06,294.3773755698895,297.5879308522505,287.86389764350616,288.4875183105469,9409906,297.98175659179685,303.08467956542967,,297.250217287887,38.769988190490174,-3.3116915905059727,-2.934852891321036,-0.37683869918493684,309.2133801331884,297.98175659179685,286.7501330504053,0.07538463877691474,7.767692609562607,0.0269255760354975,21.709724505287234,14.995874779305547,31.253599479249484,364684532.0,10151869.5,308.9288061525503,278.9944502031193,,
2021-12-07,290.10437320159105,293.1301376970644,287.7946250073109,292.136962890625,8557090,297.3823776245117,302.6975665283203,,296.76324067862396,43.3760905709055,-3.30266115564757,-3.008414544186343,-0.2942466114612272,308.51781234331673,297.3823776245117,286.2469429057067,0.07488967441685541,7.593965472433385,0.025994538305912824,22.676764248460028,14.243297143160643,29.750275053120177,373241622.0,10544074.3,308.9288061525503,278.9944502031193,,
2021-12-08,295.18580534588824,301.6530999857043,294.8393431330409,296.4330749511719,15360658,296.99549560546876,302.37604919433596,,296.7317963236285,48.30604096647676,-2.9152390704510367,-2.9897794494392818,0.07454037898824506,307.6895652207738,296.99549560546876,286.30142599016375,0.07201502900576714,7.731263445479519,0.02608097442147103,21.989929712112364,20.865344160611645,27.13466397869794,388602280.0,10496705.8,308.9288061525503,278.9944502031193,,
2021-12-09,296.45614403006056,299.15853780470337,294.6545293835221,297.1259765625,6865604,296.77837829589845,302.2771917724609,,296.7693372987591,49.07613666293695,-2.5232069484339377,-2.8964649492382133,0.3732580008042756,307.27488884696254,296.77837829589845,286.28186774483436,0.07073635627591915,7.500745229458214,0.025244326720388392,21.37585350007802,19.970407505887614,26.1468251807733,395467884.0,10850532.2,308.9288061525503,278.9944502031193,,
2021-12-10,296.64093962494434,298.3732505823543,293.3841724688814,294.8393249511719,8525212,296.6963806152344,302.2647198486328,,296.5855265989889,46.6084895964986,-2.3697157340998274,-2.791115106210536,0.42139937211070855,307.22652461780774,296.6963806152344,286.166236612661,0.0709826252732702,7.321340435459263,0.02483162799491467,20.975597940944386,18.99835753105158,26.113528567437346,386942672.0,10789242.9,308.9288061525503,278.9944502031193,,
2021-12-13,297.26455746108894,303.2929938964416,295.74012947211634,298.14227294921875,13123680,296.35800018310545,302.30768127441405,,296.73378815615365,50.48164816168834,-1.9589707459984425,-2.6246862341681174,0.665715488169675,306.22469814734035,296.35800018310545,286.49130221887054,0.06658634461117123,7.402221043302867,0.024827814486286064,19.753808801146867,22.19593551279952,23.983326948504857,400066352.0,10612113.7,308.9288061525503,278.9944502031193,,
2021-12-14,298.41950011369204,301.14501456617364,295.30133970228735,298.83526611328125,8609412,296.08083190917966,302.4259411621094,,296.93392891397536,51.28021329881644,-1.5595560357260183,-2.4116601944796976,0.8521041587536793,305.32235252908305,296.08083190917966,286.8393112892763,0.062425659643770136,7.2908963162016835,0.024397710521347506,18.68642782304932,20.925213536757404,23.04015672945753,408675764.0,10661972.4,308.9288061525503,278.9944502031193,,
2021-12-15,298.74281652462037,298.74281652462037,293.49967156739154,293.9847412109375,7123544,295.5022399902344,302.4273272705078,,296.6530538946384,45.72224365885302,-1.6157880237539075,-2.25248576033454,0.6366977365806323,303.68682240810733,295.5022399902344,287.31765757236144,0.055394384950472296,7.151231904036543,0.024325180533453096,17.977073805526295,19.810036492373126,23.611825256297905,401552220.0,10620643.2,308.58232428113763,278.9944502031193,,
2021-12-16,297.49557601681136,300.22109024285913,295.37061889475893,297.6341552734375,12437240,295.09803619384763,302.457353515625,,296.7464921211907,50.10402727199961,-1.350309536183147,-2.0720505155042614,0.7217409793211145,301.9075577474858,295.09803619384763,288.2885146402095,0.04615091067000545,7.085883127456906,0.023807358805803324,17.043961738660787,20.05483983168784,22.127469662725073,413989460.0,10410465.7,307.63537315508336,278.9944502031193,,
2021-12-17,304.88674329666463,312.64749112336455,300.31343086914796,309.87579345703125,104600018,295.544970703125,302.6786279296875,,297.99690177222317,61.369721516887296,-0.15038448955255035,-1.6877173103139194,1.537332820761369,304.62396090279015,295.544970703125,286.46598050345983,0.06143897612647928,7.652129750490488,0.02469418364410438,17.29139252682972,28.843709942191254,19.026492321517086,518589478.0,10589578.0,312.64749112336455,278.9944502031193,,
2021-12-20,308.3744841407053,312.97088881098534,306.2726188659532,307.6353759765625,26298202,296.0508056640625,302.95764587402346,,298.91485169644596,58.75508096746764,0.612718747850522,-1.2276300986810311,1.8403488465315532,306.5322685310444,296.0508056640625,285.56934279708065,0.07080854141552645,7.583996907243465,0.024652551362692628,17.559449970944836,27.32864766590482,17.826177432572813,492291276.0,15427454.0,312.97088881098534,278.9944502031193,,
2021-12-21,312.2779282009905,322.02505343925685,309.9681802113382,319.1147766113281,27362096,297.1594833374023,303.3997314453125,,300.8386540692919,66.60571793189459,2.119344767986888,-0.5582351253474473,2.6775798933343355,311.6913511324184,297.1594833374023,282.62761554238625,0.09780517607453383,8.070116946918528,0.025289073206245412,18.761500874472603,31.861827126375694,15.55578243852337,519653372.0,16163242.4,322.02505343925685,278.9944502031193,,
2021-12-22,321.47076257172057,321.47076257172057,314.68009729190993,316.73577880859375,12327754,298.2947265625,303.6260870361328,,302.3526659492254,63.89154604464632,3.085820089892877,0.17057591770061753,2.9152441721922595,315.04909175281176,298.2947265625,281.5403613721882,0.11233430361566467,7.978727542125108,0.025190483917343368,19.877690999176956,29.92486410209751,14.610106119408801,507325618.0,17074601.0,322.02505343925685,278.9944502031193,341.7734081871542,241.41486747378963
2021-12-23,318.791395137871,324.2886064396287,318.3294455560482,320.8470764160156,12944908,299.6309127807617,304.0118139648437,,304.11403837463405,66.43695052979844,4.135830819728767,0.9636268981062475,3.1722039216225193,318.91325709390236,299.6309127807617,280.3485684676211,0.12870730949746448,7.948306119904384,0.024772879992206877,21.183602544817635,30.426022511595182,13.618451765401328,520270526.0,17291711.1,324.2886064396287,278.9944502031193,341.7734081871542,241.41486747378963
2021-12-24,322.32540276473657,324.4734801450713,318.81459632727405,322.6487731933594,13182426,301.40942230224607,304.37536987304685,,305.87925121451264,67.5175967395462,5.055081922838667,1.7819179030527317,3.2731640197859355,322.23269292819816,301.40942230224607,280.586151676294,0.13817265875033607,7.784775955468159,0.024127709764459077,22.41410547024087,29.015852963403493,12.911346028699667,533452952.0,17605888.4,324.4734801450713,278.9944502031193,341.7734081871542,241.41486747378963
2021-12-27,323.2954190416108,323.826672364212,319.27648004343763,323.179931640625,10188656,303.0031494140625,304.62482299804685,,307.5269350646186,67.84628212382489,5.760056743885116,2.577545671219209,3.182511072665907,325.31506224877484,303.0031494140625,280.6912365793501,0.14727182128541175,7.553734267275746,0.023373153861779614,23.556715329562444,27.767390881478878,12.355810888520603,543641608.0,17851156.0,324.4734801450713,287.7946250073109,341.7734081871542,241.41486747378963
2021-12-28,324.7506029757677,326.8293763945315,324.08077034624336,325.88238525390625,10158044,304.5783996582031,304.5989544677734,,309.2750731778841,69.53535062100822,6.462326117059206,3.3545017603872083,3.1078243566719976,328.61393396105666,304.5783996582031,280.5428653553496,0.15782822636028118,7.274856444892228,0.02232356449466925,24.929234910686915,29.720643406183225,11.913074128313447,553799652.0,17841785.8,326.8293763945315,287.7946250073109,341.7734081871542,241.41486747378963
2021-12-29,325.7899603436287,327.98422097692503,323.3878167481447,325.0739440917969,7898416,306.16981811523436,304.5430584716797,,310.7797275506377,68.37815103086697,6.874401389468289,4.058481686203425,2.815919703264864,331.1878784629102,306.16981811523436,281.15175776755854,0.16342603919410292,7.083538429455664,0.021790545068894725,26.320193418253027,29.5076381505546,11.36091561876873,545901236.0,17007178.0,327.98422097692503,287.7946250073109,341.7734081871542,241.41486747378963
2021-12-30,325.7206879997157,332.5575653981588,325.21255466112535,329.87823486328125,18087350,307.72427825927736,304.5666180419922,,312.59863300898473,71.42185371570173,7.502159896465912,4.747217328255923,2.754942568209989,334.5153320338944,307.72427825927736,280.9332244846603,0.17412375732046656,7.112115777806109,0.02155982124966123,28.04209609681905,31.882965589256507,10.507032783572093,563988586.0,16929416.6,332.5575653981588,287.7946250073109,341.7734081871542,241.41486747378963
2021-12-31,330.66351039563295,332.0493591635905,327.5684425081614,330.45562744140625,8549558,309.44734954833984,304.69041931152344,,314.2992991454058,71.7734940507265,7.954558591696696,5.3886855809440775,2.565873010752618,337.40640123843434,309.44734954833984,281.48829785824535,0.18070312594955296,6.924172983350608,0.020953412223486335,29.641005726916074,30.409195860707644,10.021351901411087,572538144.0,17323261.3,332.5575653981588,287.7946250073109,341.7734081871542,241.41486747378963
2022-01-03,331.67983396603415,335.74498506641714,330.7559347070758,332.0032043457031,9280810,311.62313385009764,304.8973736572266,,315.98538535495794,72.74161685036451,8.341805201787793,5.9793095051128216,2.362495696674971,339.4918050441618,311.62313385009764,283.75446265603347,0.17886137559652454,6.807400457754913,0.02050402034875124,31.452132012666347,32.599222934726264,9.465166085468239,581818954.0,17080488.7,335.74498506641714,287.7946250073109,341.7734081871542,241.41486747378963
2022-01-04,333.8740678497758,334.0357389290219,328.70022677675104,333.296630859375,10228800,313.68111724853514,305.2586181640625,,317.63407540299767,73.55790481491994,8.653319558912244,6.514111515872706,2.139208043039538,341.5688847145721,313.68111724853514,285.7933497824982,0.17780966677660096,6.702265578791765,0.0201090108877206,32.55450021532433,30.7455475077056,11.117797919299095,592047754.0,17074033.9,335.74498506641714,293.3841724688814,341.7734081871542,241.41486747378963
2022-01-05,332.6037161385336,332.9963620253529,324.7505728408183,329.6010437011719,14711264,315.33951568603516,305.68176330566405,,318.77378666949045,67.35180293452362,8.503965512028856,6.912082315103937,1.5918831969249192,342.8697945034188,315.33951568603516,287.8092368686515,0.1746072245813551,6.833965038774976,0.0207340515734862,32.55304317863781,27.999251916259908,14.252895352638827,577336490.0,17157619.4,335.74498506641714,293.3841724688814,341.7734081871542,241.41486747378963
2022-01-06,326.0440268999047,329.0236075033417,323.3416329776981,326.02093505859375,12883220,316.78426361083984,306.0291491699219,,319.4639912779765,61.90302783829003,8.004446233016779,7.130555098686505,0.8738911343302735,343.3556581542121,316.78426361083984,290.2128690674676,0.16775703591144567,6.792925444824889,0.02083585657959063,32.20921848069442,26.156380670312203,14.796310081061819,564453270.0,17125149.7,335.74498506641714,293.3841724688814,341.7734081871542,241.41486747378963
2022-01-07,327.06030050399687,333.29661979326795,326.8755093951378,328.6771240234375,13120326,318.4761535644531,306.4024041748047,,320.3414324918299,64.21607794657183,7.733755932034455,7.251195265356096,0.48256066667835906,343.5073541094207,318.4761535644531,293.4449530194855,0.15719356231110587,6.827408251242697,0.02077238649184433,32.43536193531285,28.635837010259273,13.670037820106524,577573596.0,17426030.5,335.74498506641714,293.49967156739154,341.7734081871542,241.41486747378963
2022-01-10,327.5222796362428,327.5222796362428,318.74523688153386,320.362060546875,27537820,319.58714294433594,306.74055053710936,,320.34339706850085,53.305288750019045,6.7702327586954425,7.1550027640239655,-0.384770005328523,342.8173345054893,319.58714294433594,296.35695138318255,0.14537625855117398,7.049156743432764,0.02200371895286065,30.924293010609347,25.753953284391674,20.532641625635634,550035776.0,17655786.2,335.74498506641714,293.49967156739154,341.7734081871542,241.41486747378963
2022-01-11,321.05496887616005,322.6487006196864,318.28327130312846,320.6623229980469,15487458,320.6784957885742,307.1784783935547,,320.37377096655285,53.611795533560716,5.96213459610226,6.916429130439624,-0.9542945343373646,341.8676609413757,320.6784957885742,299.4893306357727,0.13215208023659722,6.857461927227419,0.02138530608495962,29.43552084590877,24.582892538780936,20.080191450927607,565523234.0,18376493.2,335.74498506641714,293.49967156739154,341.7734081871542,241.41486747378963
2022-01-12,323.3647106517674,324.1731224283968,315.603963235158,319.36883544921875,23460682,321.9477005004883,307.5101586914063,,320.27806282204483,52.027446659888035,5.1578805093082,6.5647194062133405,-1.4068388969051409,339.2788554770151,321.9477005004883,304.61654552396146,0.10766441226065246,6.979726017656804,0.021854749878269245,27.55733132208949,22.42711082939867,21.06120058449155,542062552.0,18720395.5,335.74498506641714,295.37061889475893,341.7734081871542,241.41486747378963
2022-01-13,306.36502305859443,307.658476479836,299.3433825209215,300.15179443359375,61505934,322.0735824584961,307.4727416992188,,318.3612753564781,35.324961045813495,2.936004314598506,5.838976387890374,-2.902972073291868,338.7195476063868,322.0735824584961,305.4276173106054,0.10336746665669658,7.91156365413112,0.026358541913969774,27.5145369467535,18.37234932670961,31.934055660515515,480556618.0,19537252.4,335.74498506641714,299.3433825209215,341.7734081871542,241.41486747378963
2022-01-14,299.9207574317077,299.9207574317077,294.0309004317012,295.5553283691406,26514548,321.35755920410156,307.35540588378905,,316.18928040530307,32.62692950326296,0.7950897259710814,4.830199055506516,-4.035109329535435,341.0025012296238,321.35755920410156,301.7126171785793,0.12226220583811008,7.783658678971223,0.02633570750329916,27.960606578588376,17.34037775439172,35.01544939488082,454042070.0,21990687.1,335.74498506641714,294.0309004317012,341.7734081871542,241.41486747378963
2022-01-17,295.41677557317735,301.02947461232935,292.43719494986414,298.7197265625,20457876,320.9117767333984,307.2902722167969,,314.52551337265515,36.23755186485961,-0.638895235175255,3.7363801973701625,-4.3752754325454175,342.12411960204895,320.9117767333984,299.6994338647479,0.1322004638444475,7.841417320649366,0.026250082011268633,28.512992229153387,15.983176179491215,33.72657903110644,474499946.0,18086413.6,335.74498506641714,292.43719494986414,341.7734081871542,241.41486747378963
2022-01-18,299.7591352197224,300.26726854997025,291.5595290400886,292.5527038574219,14329980,319.58367309570315,307.05883544921875,,312.43286484739485,32.5737453793426,-2.2470630959067535,2.5396915387147794,-4.786754634621532,344.1419632209664,319.58367309570315,295.0253829704399,0.1536892663343847,7.903297477023101,0.027014952768561123,29.104123335800274,14.725316631298297,31.865550459683224,460169966.0,17794397.3,335.74498506641714,291.5595290400886,341.7734081871542,241.41486747378963
2022-01-19,291.4902256792378,291.79050422623004,285.94682994524277,286.9400329589844,17382766,318.09388580322263,306.7142218017578,,310.0049760961177,29.636874874502894,-3.929150544549998,1.245923122061824,-5.175073666611822,346.47928869045097,318.09388580322263,289.7084829159943,0.1784718547202001,7.81062436524853,0.02722040659403211,30.126873340781174,13.835744570451961,35.073361518447165,442787200.0,17142791.5,335.74498506641714,285.94682994524277,341.7734081871542,241.41486747378963
2022-01-20,286.7090680562391,287.5174799620827,282.02026772427865,284.1914367675781,16827124,316.26110382080077,306.3686840820312,,307.5465437791139,28.29163068042675,-5.421509916510331,-0.08756348565260685,-5.333946430857724,348.20877879571464,316.26110382080077,284.3134288458869,0.20203353867389265,7.645380641859638,0.02690222030902466,31.372684585527885,13.125156532910236,36.94050680430276,425960076.0,17395542.1,335.74498506641714,282.02026772427865,341.7734081871542,241.41486747378963
2022-01-21,282.2480820656303,282.71078383950834,277.9912200977369,279.95770263671875,19646694,314.1265502929688,306.0382525634766,,304.91903509888584,26.31057626503923,-6.866687532712888,-1.4433882950646633,-5.423299237648225,349.5928101007619,314.1265502929688,278.66029048517566,0.22580873711385208,7.542154643858321,0.02694033624659808,32.810035306994095,12.354452042403734,38.587114862455465,406313382.0,17589652.9,335.74498506641714,277.9912200977369,341.7734081871542,241.41486747378963
2022-01-24,280.165902586079,280.165902586079,263.0228088274988,265.0124206542969,26150716,311.21817474365236,305.24030334472656,,301.1184051517821,20.779207431426798,-9.112912574971233,-2.9772931510459775,-6.135619423925256,352.32860887755663,311.21817474365236,270.1077406097481,0.26419044561113164,8.2279360091956,0.031047359927060814,34.94359481684148,10.515824560700734,45.838877968485356,380162666.0,17912866.3,335.74498506641714,263.0228088274988,341.7734081871542,241.41486747378963
2022-01-25,260.26966716045087,264.6653326502718,254.809793568676,260.3622131347656,34712370,307.9421661376953,304.35997497558594,,297.2368630549234,19.411732246068468,-11.139881369467048,-4.609810794730192,-6.530070574736856,354.0007898404068,307.9421661376953,261.88354243498384,0.2991381419465402,8.368985371797404,0.03214362510993693,37.24441055438169,9.600121848123456,48.8570331163024,345450296.0,18710969.3,335.74498506641714,254.809793568676,341.7734081871542,241.41486747378963
2022-01-27,256.79948643075596,257.6786311041562,248.5634004420927,252.05679321289062,31351744,304.29130859375,303.28997924804685,,292.9339992604441,17.23067657532998,-13.263552739327395,-6.340559183649633,-6.9229935556777615,355.6139857684496,304.29130859375,252.96863141905038,0.3373259486896416,8.613973037574226,0.034174730733397635,39.59069383853687,8.66086686406806,49.25658601208812,314098552.0,19938685.6,335.74498506641714,248.5634004420927,341.7734081871542,241.41486747378963
2022-01-28,254.5321823732049,261.403319252393,252.93588417318588,255.48074340820312,29899780,300.5714340209961,302.2852294921875,,289.36702251261164,21.16329189960193,-14.503110603388734,-7.973069467597454,-6.53004113579128,354.6475231971965,300.5714340209961,246.49534484479568,0.3598218796296057,8.666298251997663,0.03392153215301549,41.10954480228411,11.063604693804946,45.46210083355804,343998332.0,21111352.0,335.74498506641714,248.5634004420927,341.7734081871542,241.41486747378963
2022-01-31,263.2772479453664,265.77584823811185,260.2928165515506,264.9429626464844,26252174,297.29580078125,301.5653466796875,,287.0409215729805,30.930070159048185,-14.554175650486854,-9.289290704175334,-5.26488494631152,351.670141414735,297.29580078125,242.92146014776503,0.3657928601116944,8.78264157899131,0.03314917856757744,41.78170434527858,13.693401903483178,41.65558992337374,370250506.0,21701973.5,335.74498506641714,248.5634004420927,341.7734081871542,241.41486747378963
2022-02-01,268.32073614193285,269.4774904307995,262.0973924196161,266.81695556640625,20920202,294.03648834228517,300.95131225585936,,285.1148295723544,32.70812478691704,-14.27883201399743,-10.287198966139755,-3.9916330478576754,347.5056166100625,294.03648834228517,240.56736007450786,0.3636904288255163,8.682459895576459,0.03254088510658964,41.81093067603884,15.90727063876799,39.126498102083495,391170708.0,22587104.3,334.0357389290219,248.5634004420927,341.7734081871542,241.41486747378963
2022-02-02,269.2923932756696,272.99400692894346,266.05348132905505,272.068603515625,16368826,290.97508697509767,300.45385986328125,,283.87233185266587,37.55918837087497,-13.481450331180667,-10.926049239147938,-2.5554010920327297,342.0603568584114,290.97508697509767,239.88981709178393,0.3511315722207224,8.558036017313027,0.031455434058643726,41.29391016371742,17.920806974121007,36.8599695504214,407539534.0,23169073.9,333.29661979326795,248.5634004420927,341.7734081871542,241.41486747378963
2022-02-03,270.5417133691381,272.43877920911353,266.5856191353382,267.5572814941406,14082780,287.8728988647461,299.92438720703126,,282.3185175328063,35.210935779433,-13.062963871073066,-11.353432165532965,-1.7095317055401011,336.6837207270224,287.8728988647461,239.06207700246986,0.33911369951646253,8.364830592774618,0.031263700042332074,40.81381968799039,17.025106553964914,35.01767024654908,393456754.0,23476075.2,333.29661979326795,248.5634004420927,341.7734081871542,241.41486747378963
2022-02-04,266.97892800595076,267.3490837830472,262.83774141206277,264.54974365234375,13633558,284.7993392944336,299.3329150390625,,280.6262533537146,33.698319365891564,-12.826141727359186,-11.64797407789821,-1.1781676494609759,331.3014751364009,284.7993392944336,238.2972034524663,0.326560700296373,8.104452699153422,0.03063489152272184,40.65829447683035,16.316936121824593,36.864278364294535,379823196.0,23444651.0,333.29661979326795,248.5634004420927,341.7734081871542,241.41486747378963
2022-02-07,264.61915165296284,265.4982680649843,257.07709026344025,257.7248840332031,15091358,281.25172729492186,298.74584106445315,,278.44517056128495,30.49668868199609,-13.038863701448008,-11.92615200260817,-1.1127116988398384,324.5375178186259,281.25172729492186,237.96593677121786,0.3078081755445671,8.127075920752752,0.031533920177089794,40.92250504974754,15.109263842166998,39.198842083512886,364731838.0,23482167.9,327.5222796362428,248.5634004420927,341.7734081871542,241.41486747378963
2022-02-08,259.76075596782255,261.7966265838389,256.5449733772032,259.2286376953125,13953814,278.19505615234374,298.10430603027345,,276.61502457404947,32.02902518952378,-12.93697762033571,-12.128317126153679,-0.8086604941820319,318.5356854118537,278.19505615234374,237.85442689283374,0.2900168667082197,7.921688584030105,0.030558693879111292,41.204363900681564,14.393790357433799,37.82244870401918,378685652.0,23580719.5,324.1731224283968,248.5634004420927,341.7734081871542,241.41486747378963
2022-02-09,261.1488632036553,264.0870078420439,260.63987436479186,263.254150390625,10207476,275.3246475219727,297.4818414306641,,275.3425603661043,36.091023171323364,-12.38859887886565,-12.180373476696074,-0.2082254021695764,311.07883285123575,275.3246475219727,239.5704621927096,0.25972382531723504,7.702880124223053,0.029260241909931033,41.043351119390685,15.869191783205995,36.11848999269032,388893128.0,22901519.2,324.1731224283968,248.5634004420927,341.7734081871542,241.41486747378963
2022-02-10,264.85045590132034,265.93779356509776,261.98169980490525,265.4288330078125,11603824,272.62764739990234,296.9255065917969,,274.3983958557908,38.23833237006979,-11.644297845529593,-12.07315835046278,0.42886050493318706,302.3071666155353,272.62764739990234,242.94812818426936,0.2177293425570866,7.4352525267923,0.028012226262447735,40.55310283960221,17.044082820116756,34.74580020582918,400496952.0,22637520.1,307.658476479836,248.5634004420927,341.7734081871542,241.41486747378963
2022-02-11,261.88916159363015,261.88916159363015,257.77110517673674,259.78387451171875,15442458,270.60925140380857,296.1454034423828,,273.00653668016486,34.955160804900686,-11.37876753880903,-11.93428018813203,0.5555126493230009,297.92325765878957,270.60925140380857,243.29524514882758,0.20187045426782166,7.451143619955404,0.028682086730596076,40.46263953371755,15.792894756877553,36.23153169190025,385054494.0,22044677.2,301.02947461232935,248.5634004420927,341.7734081871542,241.41486747378963
2022-02-14,254.48594163317546,257.79427017083526,249.85892451257226,250.64552307128906,16241546,268.363761138916,295.23842987060544,,270.8769163364624,30.404045907645454,-11.77004370926096,-11.901432892357818,0.1313891830968572,294.4623199147012,268.363761138916,242.2652023631308,0.19450136385795783,7.627844075611911,0.0304327960146425,40.96713256264264,14.325117255977538,40.27332086122838,368812948.0,19741503.4,301.02947461232935,248.5634004420927,341.7734081871542,241.41486747378963
2022-02-15,252.45006867170875,261.542169541771,251.3627308333783,260.66302490234375,13676992,266.4609260559082,294.6819400024414,,269.9041647713082,39.6760298285571,-11.143350606035085,-11.74981643509327,0.6064658290581857,288.69187261960866,266.4609260559082,244.22997949220775,0.16686083691712467,7.861329960959769,0.030158976187378252,40.75335749065658,16.312187417252,36.285953567358625,382489940.0,19227853.3,300.26726854997025,248.5634004420927,341.7734081871542,241.41486747378963
2022-02-16,261.49585755061804,263.87875418327343,257.9793079482192,260.91748046875,14607822,264.8791648864746,294.0575503540039,,269.0482900758265,39.89507613622135,-10.505063535748377,-11.500865855224294,0.9958023194759171,283.6992843217078,264.8791648864746,246.0590454512414,0.1421034337925324,7.7211954091093755,0.029592480332241062,40.14430530669759,17.583507874628552,34.3056252002016,397097762.0,18888809.1,291.79050422623004,248.5634004420927,341.7734081871542,241.41486747378963
2022-02-17,264.66535859044126,264.85045055721184,259.64505670381595,261.38018798828125,14228840,263.60117263793944,293.3564926147461,,268.31799463891747,40.31945921101211,-9.848354108344608,-11.170363505848357,1.3220093975037486,279.5001042577517,263.60117263793944,247.7022410181272,0.1206286865927541,7.541495297986984,0.028852589616796435,39.405779410166645,17.63693185336445,32.61427541290544,411326602.0,18902701.2,287.5174799620827,248.5634004420927,341.7734081871542,241.41486747378963
2022-02-18,258.650255486029,261.7503625864013,256.96138295073825,260.24658203125,13411838,262.40392990112304,292.6189047241211,,267.54928867628246,39.582086713840596,-9.312036324377289,-10.798698069554144,1.4866617451768551,275.22973694045083,262.40392990112304,249.5781228617952,0.09775621153357522,7.344887036392417,0.028222799235497566,38.97902063885828,16.81553531040837,33.705202183437294,397914764.0,18745004.9,282.71078383950834,248.5634004420927,341.7734081871542,241.41486747378963
2022-02-21,257.1465123668371,264.98931312907445,256.98457804144374,264.11016845703125,17534002,261.6115531921387,292.00432159423826,,267.22175341730616,43.38254340598716,-8.47751793175513,-10.334462041994342,1.856944110239212,271.6586993225408,261.6115531921387,251.56440706173655,0.07680965162133407,7.392019040052295,0.027988392431982114,37.98307450841255,18.644642657952055,31.09813160896676,415448766.0,18574240.6,280.165902586079,248.5634004420927,341.7734081871542,241.41486747378963
2022-02-22,257.37787809987503,263.27732609227667,257.30846153294544,261.0332336425781,21490124,261.41259384155273,291.26214080810547,,266.63237058161775,41.161904838766084,-7.9725365787823534,-9.862076949351945,1.8895403705695912,271.33935146295966,261.41259384155273,251.4858362201458,0.07594704964691733,7.349853888911832,0.02815677447024113,37.05826738728437,17.412204212037455,29.042499130826663,393958642.0,18468606.0,272.99400692894346,248.5634004420927,341.7734081871542,241.41486747378963
2022-02-23,263.36979224364,264.1563907190009,260.3391019990215,262.3981018066406,14408512,261.5143882751465,290.53339752197263,,266.2291068887628,42.566291889599626,-7.377162427852454,-9.365094045052047,1.9879316171995924,271.43772711403176,261.5143882751465,251.59104943626116,0.07589134123239662,7.097527805416657,0.027048701025462363,36.02607431531661,17.62796396601298,27.926782630945965,408367154.0,18235576.4,272.99400692894346,248.5634004420927,341.7734081871542,241.41486747378963
2022-02-24,253.56055530342817,257.6786121148219,245.76404222602028,248.54025268554688,26953888,261.3385612487793,289.6245077514648,,264.5444541075041,33.75634263919868,-7.932100416950675,-9.078495319431774,1.1463949024810987,272.0215108005495,261.3385612487793,250.65561169700908,0.08175563147453509,7.7787086465026345,0.03129758082423879,36.49094465076305,14.935407213425776,37.044805541272595,381413266.0,17220383.5,272.99400692894346,245.76404222602028,341.7734081871542,241.41486747378963
2022-02-25,253.5605732566974,258.53461734886804,253.32922236868947,256.9151611328125,15922624,261.41028213500977,288.81012786865233,,263.8178547765811,41.62025563174971,-7.608402721254947,-8.784476799796408,1.1760740785414612,271.95330463001056,261.41028213500977,250.86725964000897,0.08066264577577462,7.9369697905611005,0.03089334921133003,36.75946892280827,14.362416113712744,33.71284578089006,397335890.0,17000490.7,272.99400692894346,245.76404222602028,341.7734081871542,241.41486747378963
2022-02-28,254.94868429043117,259.1592592499771,251.7560306680408,257.1696472167969,18316874,261.02161636352537,287.75600494384764,,263.1846921518397,41.846168715539754,-7.247787087201004,-8.477138857277328,1.229351770076324,271.5881536196506,261.02161636352537,250.45507910740014,0.08096292869023683,7.89884541851647,0.03071453223193815,37.140005706312614,13.400899010851052,32.878503829539426,415652764.0,16301632.9,272.99400692894346,245.76404222602028,341.7734081871542,241.41486747378963
2022-03-02,256.7994522996303,258.3263623137381,254.67103570312503,256.8919982910156,16354110,260.52536849975587,286.7411373901367,,262.58538797461836,41.65676808982713,-6.90480623879148,-8.16267233358016,1.25786609478868,270.88684617456516,260.52536849975587,250.1638908249466,0.0795429461205732,7.595736932237657,0.029567822208432352,37.493361290995225,12.940258454956723,31.748342915055304,399298654.0,15904867.9,272.99400692894346,245.76404222602028,341.7734081871542,241.41486747378963
2022-03-03,260.5010780680977,266.49307121361574,259.27490716797325,263.5317687988281,25911326,260.098526763916,285.62947723388675,,262.67551948168597,47.747563460995124,-6.0277334966646094,-7.73568456619705,1.7079510695324407,269.1423024002909,260.098526763916,251.05475112754115,0.06954115233865693,7.738975217263547,0.029366384373837057,36.23651414192554,19.33119805876338,28.93495680364508,425209980.0,15676563.3,272.43877920911353,245.76404222602028,341.7734081871542,241.41486747378963
2022-03-04,259.5756326177908,268.3669642037766,256.35985041575606,266.1922607421875,26948372,260.03027572631834,284.6186068725586,,263.0104472207814,49.99997284785342,-5.0596431477027295,-7.200476282498187,2.1408331347954572,268.86607559271494,260.03027572631834,251.19447585992177,0.06795977769678063,8.043842258031903,0.030218167258523432,35.393465549210504,17.270066012440562,28.43839556749072,452158352.0,16153688.3,268.3669642037766,245.76404222602028,341.7734081871542,241.41486747378963
2022-03-07,260.50107869517,268.20507393524855,260.15405239140205,264.5959777832031,21112334,260.0325874328613,283.4935848999023,,263.1614501314882,48.645057640989634,-4.37084686364642,-6.634550398727834,2.2637035350814134,268.8731387103914,260.0325874328613,251.1920361553312,0.06799571826598594,8.044355064161518,0.03040240872728861,34.610634713117975,16.03546758533752,26.405398217528862,431046018.0,16796967.9,268.3669642037766,245.76404222602028,341.7734081871542,241.41486747378963
2022-03-08,264.6653408529503,273.3409966938468,264.6653408529503,271.8140869140625,22039998,260.7370475769043,282.4768911743164,,263.98551077744764,54.631819225603635,-3.205577857281355,-5.948755890438538,2.743178033157183,270.87933220717406,260.7370475769043,250.5947629466345,0.07779703517029603,8.094402481767387,0.029779186846657202,32.96187982871865,19.33017657383767,24.367696349959584,453086016.0,17170906.7,273.3409966938468,245.76404222602028,341.7734081871542,241.41486747378963
2022-03-09,272.0686195692784,275.95532543098284,269.36182572203353,270.911865234375,23527232,261.3212089538574,281.4315298461914,,264.6451635828693,53.787770040834125,-2.328059107571221,-5.224616533865075,2.896557426293854,272.3553053039211,261.3212089538574,250.28711260379373,0.08444853285530321,7.98719514085181,0.029482633157989657,31.002332476584648,20.528338647519163,22.930857259766878,429558784.0,17518338.7,275.95532543098284,245.76404222602028,341.7734081871542,241.41486747378963
2022-03-10,275.30750149825354,276.0015540230391,270.4953926966462,272.18426513671875,16161966,261.7677146911621,280.35756744384764,,265.3631732546645,54.84727050803954,-1.5125118429950817,-4.482195595691077,2.969683752695995,273.75970193996744,261.7677146911621,249.77572744235678,0.09162311909208266,7.809978439819029,0.028693717603021834,29.17503865788265,19.536846198049307,21.776098269643015,445720750.0,17997009.6,276.0015540230391,245.76404222602028,341.7734081871542,241.41486747378963
2022-03-11,271.60590401113,272.99400914236236,269.4774874396689,271.2357482910156,9927188,262.0580604553223,279.280803527832,,265.9224661152694,53.85601739107487,-0.9319788702010783,-3.772152250593077,2.840173380391999,274.6564147172223,262.0580604553223,249.45970619342228,0.09614933606705729,7.503302958595775,0.027663399850027488,27.638326568164963,18.882831901786044,22.016129737610072,435793562.0,18294734.1,276.0015540230391,245.76404222602028,341.7734081871542,241.41486747378963
2022-03-14,271.32829995500225,277.9911877796011,271.14320797053904,276.7650451660156,15006442,262.9071189880371,278.2185397338867,,266.9550926915309,58.55798811396823,-0.025440991286075132,-3.0228099987316766,2.9973690074456014,276.9804847565846,262.9071189880371,248.83375321948958,0.10705960205807798,7.456494162200509,0.02694160369033518,25.97298111816166,22.431115777990954,20.57188521505752,450800004.0,18210902.3,277.9911877796011,245.76404222602028,341.7734081871542,241.41486747378963
2022-03-15,279.3330685225253,279.3330685225253,270.3566427491006,271.9298400878906,13853244,263.97133483886716,277.0480239868164,,267.4288781578509,53.430725194225495,0.2993850442674102,-2.3583709901318595,2.6577560343992697,277.3781224806073,263.97133483886716,250.56454719712704,0.10157760235537606,7.56506070585938,0.02781989907181305,24.6397236623235,21.796967609237527,18.82832446695605,436946760.0,18189101.5,279.3330685225253,245.76404222602028,341.7734081871542,241.41486747378963
2022-03-16,275.42320462524566,277.3665575383506,274.1507748684722,276.8113098144531,11150296,264.7787490844727,275.9441860961914,,268.3224430775273,57.478602628432725,0.9398715740221064,-1.6987224773010663,2.6385940513231727,279.19812120541474,264.7787490844727,250.35937696353062,0.10891638525221545,7.413036187616566,0.02678010588723969,23.401698881902355,20.65511858265174,17.84198983774259,448097056.0,18069686.4,279.3330685225253,245.76404222602028,341.7734081871542,241.41486747378963
2022-03-17,279.9345303546851,282.7107405730787,277.15832013629154,278.17626953125,16881290,265.64168853759764,274.8417788696289,,269.26090273978656,58.56319868138449,1.5398521479729652,-1.05100755224626,2.5908597002192253,281.06428449687024,265.64168853759764,250.21909257832507,0.11611578020134249,7.304921514117208,0.0262600455690437,23.085758394532878,24.68923703656909,16.812766071659034,464978346.0,17943351.6,282.7107405730787,245.76404222602028,341.7734081871542,241.41486747378963
2022-03-21,279.98080019649115,285.0242602539062,276.6956292724609,277.62103271484375,15592952,266.45373077392577,273.8021786499023,,270.05710559455395,57.91605227020062,1.9480818299821863,-0.45118967580057084,2.399271505782757,282.58716425058117,266.45373077392577,250.32029729727037,0.12109744854984901,7.378043618926358,0.02657595336627343,23.11326608049795,24.93828121723343,15.457128688822497,449385394.0,18057025.0,285.0242602539062,245.76404222602028,341.7734081871542,241.41486747378963
2022-03-22,279.1942296997418,282.7107514823074,275.8396422230696,282.27117919921875,15580500,267.5549606323242,272.9271835327148,,271.2203506997601,61.73027588570985,2.616671393501008,0.16238253805974495,2.454288855441263,284.8109579311235,267.5549606323242,250.29896333352488,0.12899029984730956,7.341834021805748,0.02600986059800351,22.94817652238455,23.27118458333789,15.256624923544386,464965894.0,18125230.6,285.0242602539062,245.76404222602028,341.7734081871542,241.41486747378963
2022-03-23,284.0757440168085,284.5615752043085,281.1838580899354,282.8033142089844,11393836,268.4896179199219,272.0097073364258,,272.323490081591,62.15300384820928,3.1531250250312155,0.7605310354540391,2.3925939895771764,286.8853849473852,268.4896179199219,250.09385089245862,0.13703149618954655,7.058682814131985,0.024959689153132767,23.06596215126549,24.348671059062895,14.735154068137618,476359730.0,18233663.7,285.0242602539062,245.76404222602028,341.7734081871542,241.41486747378963
2022-03-24,280.8599474810739,284.00631356740854,280.30469976205666,282.5025329589844,7751490,269.5630828857422,271.252516784668,,273.29292273658086,61.73788637636982,3.51349645970555,1.3111241203043413,2.202372339401209,288.58800760773363,269.5630828857422,250.53815816375072,0.14115378499403358,6.818892170647692,0.024137454978634492,22.962390453911247,23.40455690136012,15.084728898833971,468608240.0,17926655.4,285.0242602539062,245.76404222602028,341.7734081871542,241.41486747378963
2022-03-25,282.7107302206532,284.09883527901974,276.3485820364732,279.1710510253906,11986194,270.4017303466797,270.42269134521484,,273.8527444783723,57.18232322042948,3.49003966356878,1.7469072289572292,1.7431324346115507,289.56757658430286,270.4017303466797,251.2358841090565,0.14175831059254546,6.88541796149761,0.02466379639367185,21.963628173572886,21.522824023171047,17.975945681229177,456622046.0,17239723.7,285.0242602539062,245.76404222602028,341.7734081871542,241.41486747378963
2022-03-28,281.3225986576537,281.7853003001827,276.2791394576604,277.7135314941406,11476810,271.8603942871094,269.58958526611326,,274.220438479874,55.26112728681772,3.315619935742859,2.060649770314355,1.254970165428504,288.41111953218945,271.8603942871094,255.3096690420293,0.12175900272991584,6.786899595856518,0.024438490841054723,21.020946774556165,20.27558787797372,17.007333924794775,445145236.0,17118607.8,285.0242602539062,251.7560306680408,341.7734081871542,241.41486747378963
2022-03-29,279.00915238629733,280.09649019120764,277.22776196351066,278.7778015136719,9402006,272.95352630615236,269.1621054077148,,274.6544730545214,56.41270153246066,3.2260804931553366,2.293735914882552,0.9323445782727848,288.252051118508,272.95352630615236,257.6550014937967,0.11209618735752397,6.50703021241655,0.023341278168797924,20.145599761183497,19.637100960418604,16.471765719383118,454547242.0,16344753.9,285.0242602539062,251.7560306680408,341.7734081871542,241.41486747378963
2022-03-30,279.9808228514,281.9241758858665,277.3897042994941,277.9912109375,15488764,273.9946044921875,268.81082305908205,,274.9722576148051,55.28015066073856,3.0564160919673213,2.446271950299506,0.6101441416678153,287.5945666886059,273.9946044921875,260.3946422957691,0.0992717518771884,6.366133167699109,0.02290048360244882,19.700695615561674,20.688700221845195,15.633728925254912,439058478.0,16018723.0,285.0242602539062,254.67103570312503,341.7734081871542,241.41486747378963
2022-03-31,277.62101077679324,279.1479206878517,273.08653991565285,273.8731384277344,14476178,274.8436614990234,268.3138912963867,,274.86757959698883,49.65919186137659,2.560149980947358,2.469047556429077,0.09110242451828121,285.9602483658216,274.8436614990234,263.72707463222525,0.08089389295839862,6.34436513944909,0.023165342814819894,18.31838073369796,19.2768501901338,19.4115971268945,424582300.0,15877317.5,285.0242602539062,256.35985041575606,341.7734081871542,241.41486747378963
2022-04-01,273.7806118891961,279.1942276320859,272.6701164707827,278.4538879394531,8567994,275.5897674560547,268.0319149780273,,275.20913277246166,55.12520756288263,2.5075779179098276,2.476753628725227,0.030824289184600673,285.5077698188638,275.5897674560547,265.6717650932456,0.07197656469150733,6.357204141010099,0.02283036587512977,17.12649813437133,17.863781638404088,18.45653809800315,433150294.0,15783420.9,285.0242602539062,256.35985041575606,341.7734081871542,241.41486747378963
2022-04-04,279.93454845975924,280.6286010592462,277.1583380618112,280.212158203125,8855948,276.29076232910154,267.89735748291014,,275.68561138490577,57.05281743046655,2.5780734688382267,2.4970175967478268,0.0810558720904,285.40184724676186,276.29076232910154,267.1796774114412,0.06595287400023693,6.1509940593261625,0.021951203326685504,16.117683635158134,18.80956746837931,17.712767014540887,442006242.0,14916254.3,285.0242602539062,260.15405239140205,341.7734081871542,241.41486747378963
2022-04-05,282.4749269755239,284.36446365568736,279.02241840531246,279.53564453125,12862488,277.0377456665039,267.8042416381836,,276.05228120836716,56.05510024819033,2.549958368603029,2.5076057511188674,0.04235261748416175,284.4897378120685,277.0377456665039,269.5857535209393,0.053797666651065265,6.093212001543929,0.021797620878588,15.966695882478858,22.01107736190455,16.603542017503795,429143754.0,14011633.1,285.0242602539062,264.6653408529503,341.7734081871542,241.41486747378963
2022-04-06,278.99914352316256,278.99914352316256,275.73326726118574,276.9229736328125,8235902,277.2931900024414,267.7435470581055,,276.1352042964096,52.25454345587648,2.29045332246244,2.464175265387582,-0.17372194292514198,284.35126991655807,277.2931900024414,270.23511008832475,0.05090698342829493,5.929580949295381,0.021412383636894426,15.035855863140428,21.002882528887156,19.80519182228881,420907852.0,13599140.8,285.0242602539062,269.36182572203353,341.7734081871542,241.41486747378963
2022-04-07,276.1997653374939,276.1997653374939,269.43473730135594,270.9976806640625,15721530,277.29748077392577,267.8632522583008,,275.6459163314242,44.83086701502203,1.5883624275806483,2.2890126978261955,-0.7006502702455473,284.3401255071204,277.29748077392577,270.25483604073116,0.05079486992481055,6.040913476592608,0.022291384419932066,14.978809921794586,19.143247172324234,25.499068618686696,405186322.0,12908936.0,285.0242602539062,269.43473730135594,341.7734081871542,241.41486747378963
2022-04-08,273.4004975883977,273.86705133854855,270.83445196256804,272.3041076660156,8636632,277.3034729003906,268.10209014892575,287.1637627410889,275.3276488394805,46.63115821330091,1.1244066163324646,2.0560914815274494,-0.9316848651949847,284.32888828911456,277.3034729003906,270.27805751166665,0.05066950886148863,5.826033897977458,0.02139532138502722,14.925838690544875,18.43149368241473,24.551003177363317,413822954.0,12518650.9,285.0242602539062,269.43473730135594,341.7734081871542,241.41486747378963
2022-04-11,272.46734528159,272.5839836999468,265.0491304836241,266.44879150390625,17164216,277.06412506103516,268.3899301147461,287.21051643371584,274.48204337894964,40.28589677843513,0.28100397502862506,1.7010739802276846,-1.4200700051990596,285.14674079408206,277.06412506103516,268.98150932798825,0.05834472962723967,5.948092420716407,0.022323585658406732,15.801031745079104,16.763748923356953,29.276935397111966,396658738.0,12142384.2,285.0242602539062,265.0491304836241,341.7734081871542,241.41486747378963
2022-04-12,265.0025182053982,265.0025182053982,259.49718989566287,260.66357421875,16338532,276.25905151367186,268.493586730957,287.2662237548828,273.1659986970258,35.190758714279895,-0.8444827094244829,1.1919626422972511,-2.036445351721734,287.05320860215255,276.25905151367186,265.4648944251912,0.07814518314848043,6.0197716483969055,0.023094027105394814,17.315448576596086,15.380985224210063,33.44976178305698,380320206.0,12504235.6,285.0242602539062,259.49718989566287,341.7734081871542,241.41486747378963
2022-04-13,261.27005731214143,263.8361025178857,258.7506560833038,260.8968200683594,11204576,275.7074005126953,268.41266387939453,287.3025407409668,271.9975054942957,35.54470750871613,-1.6980440302160673,0.6139613077945876,-2.312005338010655,288.3069151313357,275.7074005126953,263.1078858940549,0.09139772523487441,5.953034133124406,0.022817580266270055,18.807915748052913,14.442458095262705,32.304444376998894,391524782.0,12570840.1,285.0242602539062,258.7506560833038,341.7734081871542,241.41486747378963
2022-04-18,256.53458825525985,256.53458825525985,250.0728296992143,251.28585815429688,18930062,274.4311279296875,268.10204193115237,287.29438301086424,270.02496765239107,28.610889029023895,-3.114124146143638,-0.13165578299305752,-2.9824683631505806,290.9014316574302,274.4311279296875,257.9608242019448,0.12003232907283455,6.300959578554453,0.02507486742324146,21.04764543628846,12.670335414344132,38.177922140099895,372594720.0,12438406.7,285.0242602539062,250.0728296992143,341.7734081871542,241.41486747378963
2022-04-19,253.80524187790598,254.52839450052036,245.43059630820574,247.4834442138672,13286008,272.89648666381834,267.6103387451172,287.26744392395017,267.8781558963412,26.415396900559045,-4.491426498358862,-1.0036099260662186,-3.487816572292644,293.00321996465294,272.89648666381834,252.78975336298373,0.1473579491377192,6.500733765251608,0.026267348047871373,23.484357128338157,11.403751421221862,39.46226405649282,359308712.0,12827395.0,285.0242602539062,245.43059630820574,341.7734081871542,241.41486747378963
2022-04-20,250.07278394032502,252.19559758637388,247.9032978384312,250.30606079101562,8660976,271.53073806762694,267.2653143310547,287.26570495605466,266.2046230291673,30.668522098165653,-5.294159195525822,-1.8617197799581393,-3.4324394155676825,293.76631425229476,271.53073806762694,249.29516188295912,0.16377944053707738,6.372978022912686,0.025460741952363603,25.74701798524145,10.801473832431666,37.378104522822454,367969688.0,12647630.9,284.5615752043085,245.43059630820574,341.7734081871542,241.41486747378963
2022-04-21,252.40558698058567,253.10541762840614,250.70265434708307,251.5657958984375,13388782,269.9954689025879,267.00563537597657,287.263219833374,264.8104490167168,32.542495887475795,-5.7622568363548226,-2.6418271912374762,-3.1204296451173463,293.26865112271565,269.9954689025879,246.72228668246018,0.1723968355078174,6.11771936680396,0.02431856582471893,27.60107263414808,11.510711340893312,36.15642315769958,381358470.0,12301032.1,284.5615752043085,245.43059630820574,341.7734081871542,241.41486747378963
2022-04-22,249.6062355634605,252.33556338429042,247.57673830963094,250.86593627929688,9782424,268.3986000061035,266.86845642089844,287.27178703308107,263.48240018458154,32.024610922401976,-6.119162515039989,-3.337294255997979,-2.78186825904201,292.31137217830536,268.3986000061035,244.48582783390162,0.17818850151720675,6.02065548879364,0.023999493825621093,29.585479431954045,10.860835949914362,37.823653944327425,371576046.0,12191446.2,284.36446365568736,245.43059630820574,341.7734081871542,241.41486747378963
2022-04-25,247.25013362578213,247.8100037488252,244.1475401978772,246.97018432617188,9473768,266.6219825744629,266.62328735351565,287.2626076507568,261.90980819806634,29.235545565204717,-6.639827661096319,-3.9978009370176473,-2.642026724078672,291.34538059594274,266.6219825744629,241.898584552983,0.18545656125390975,6.070494102552643,0.024579866266510056,31.69126975770987,10.002263832129044,38.86858562805371,362102278.0,12110875.6,284.36446365568736,244.1475401978772,341.7734081871542,241.41486747378963
2022-04-26,250.53937571962092,250.8892910488383,245.920481983479,246.923583984375,8718740,265.0096092224121,266.29667602539064,287.25839225769045,260.48254874914335,29.202782724149117,-6.975806048821141,-4.593401959378347,-2.3824040894427947,290.4449581688781,265.0096092224121,239.57426027594616,0.19195793708083303,5.991802314181689,0.024265816239573305,32.806561139087584,13.080629158355318,36.566266434267696,353383538.0,12196989.5,284.36446365568736,244.1475401978772,341.7734081871542,241.41486747378963
2022-04-27,245.87382447491478,245.87382447491478,240.0419026420183,242.11807250976562,16275078,263.22983627319337,265.83046081542966,287.2388108825684,258.73355101205976,25.97065539257578,-7.5428862588442485,-5.183298819271528,-2.3595874395727208,289.8157944357549,263.22983627319337,236.64387811063182,0.2019980602424513,6.0553651019084755,0.02500996740614742,34.33885063184812,12.018799570515105,40.53229531948316,337108460.0,12033616.8,284.36446365568736,240.0419026420183,341.7734081871542,240.0419026420183
2022-04-28,244.4741312199241,245.7105098770606,240.74170173565045,243.79762268066406,13241338,261.48082733154297,265.51073577880857,287.2286663818359,257.31108164716494,28.931263114129436,-7.767239842706971,-5.700087023958616,-2.0671528187483545,288.34625832951684,261.48082733154297,234.6153963335691,0.20548681348564055,5.977753890444308,0.02451932805872439,35.76169087512575,11.305212037108051,38.12578704295678,350349798.0,12273530.2,284.36446365568736,240.0419026420183,341.7734081871542,240.0419026420183
2022-04-29,246.57362054005796,246.57362054005796,236.54271639320604,237.38250732421875,24151260,259.4503921508789,265.2454754638672,287.18910263061525,255.41312218783673,24.844306611886665,-8.366246982797804,-6.233319015726455,-2.1329279670713497,287.1431342810345,259.4503921508789,231.75765002072322,0.21347234745400898,6.267264623044852,0.026401543625474377,37.404852007452256,10.012765091125454,38.55274955766607,326198538.0,12465496.8,284.36446365568736,236.54271639320604,341.7734081871542,236.54271639320604
2022-05-02,240.50844307331124,242.1413810961174,229.82436571456867,230.944091796875,43822854,257.30393981933594,264.65109680175783,287.12935760498044,253.08273834107848,21.553452154187127,-9.253818522283325,-6.837418917037829,-2.4163996052454957,286.7891504541981,257.30393981933594,227.8187291844738,0.22918584655613874,6.699389677223701,0.029008707800657205,39.35814161923793,8.697854463002868,40.65294362705647,282375684.0,12898621.6,284.36446365568736,229.82436571456867,341.7734081871542,229.82436571456867
2022-05-04,233.27686366055542,235.07309835835966,228.2614110918535,229.42779541015625,17267854,254.8526351928711,264.02130310058595,287.06191551208497,250.8298866333716,20.8529038014578,-9.964710824555453,-7.462877298541354,-2.5018335260140994,285.0402799009771,254.8526351928711,224.6649904847651,0.23690274723084703,6.70741093360102,0.029235389380828692,41.26025537177955,8.066920527411032,39.368440375216814,265107830.0,14365955.4,284.36446365568736,228.2614110918535,341.7734081871542,228.2614110918535
2022-05-05,233.74340480205348,235.0031054932283,231.55059670647924,233.81338500976562,10869532,252.53269653320314,263.46996704101565,287.0187111663818,249.2092674311234,28.12907764014139,-10.058272166542764,-7.9819562721416375,-2.0763158944011266,281.6818707869672,252.53269653320314,223.38352227943906,0.23085465489362095,6.626546587134666,0.028341177246366353,43.02650385628248,7.582121752358329,37.00251007941337,275977362.0,14800948.4,284.36446365568736,228.2614110918535,341.7734081871542,228.2614110918535
2022-05-06,228.61132093300117,229.0312164299541,224.41233748729297,226.32521057128906,18441782,249.87217483520507,262.7915396118164,286.85295181274415,247.02983344447253,24.061599541854548,-10.614298276678568,-8.508424673049024,-2.1058736036295436,278.38349681132496,249.87217483520507,221.36085285908518,0.22820725833057312,6.8247252253730935,0.030154507348722458,45.047352425711814,6.836096040582223,40.83273823749261,257535580.0,14901627.6,278.99914352316256,224.41233748729297,341.7734081871542,224.41233748729297
2022-05-09,224.87888661716858,228.3080592088449,221.4263920353942,225.41542053222656,16675250,247.2967971801758,262.0176446533203,286.6498447418213,244.97131792902053,23.614808893115935,-11.001546448400518,-9.007049028119322,-1.9944974202811956,274.8584122208698,247.2967971801758,219.73518213948174,0.22290312980166227,6.828792507378636,0.03029425622814636,47.05895805340925,6.344022665068604,41.016803730767755,240860330.0,15180592.3,276.1997653374939,221.4263920353942,341.7734081871542,221.4263920353942
2022-05-10,225.34544573138845,225.69536101979122,222.14954991635852,222.84938049316406,14969534,244.88938217163087,261.253967590332,286.42963470458983,242.86446674465324,22.354020616846967,-11.384270615134625,-9.482493345522384,-1.901777269612241,272.15930876684325,244.88938217163087,217.6194555764185,0.2227122005322406,6.5942938356682115,0.029590810712935737,48.926877564842584,6.100362804775492,39.44143914045213,225890796.0,15602559.7,273.86705133854855,221.4263920353942,341.7734081871542,221.4263920353942
2022-05-11,223.96909679888287,224.8555602146406,215.80440709229592,220.16668701171875,21029342,242.28251113891602,260.4093392944336,286.2051345825195,240.70277343675474,21.086501367215064,-11.768394492262303,-9.939673574870369,-1.8287209173919337,268.519787800013,242.28251113891602,216.04523447781906,0.21658415655146857,6.769783784716531,0.030748447354145805,50.92889948376232,5.517781233447857,42.369616403734135,204861454.0,15564959.9,272.5839836999468,215.80440709229592,341.7734081871542,215.80440709229592
2022-05-12,218.39379870691448,222.07957023931888,215.6177983836872,221.0531463623047,14573000,240.01272888183593,259.85959716796873,285.99823265075685,238.8313803820452,22.647299903813874,-11.864518784070441,-10.324642616710383,-1.5398761673600578,265.33312392299894,240.01272888183593,214.69233384067292,0.2109921016199841,6.747782932639043,0.030525613607776794,52.795176199656666,5.140359452993077,39.669026484078955,219434454.0,16184595.4,265.0025182053982,215.6177983836872,341.7734081871542,215.6177983836872
2022-05-13,223.71250116317134,223.71250116317134,217.88057986069032,218.650390625,16775318,237.91206970214844,259.0943017578125,285.7421297454834,236.9093813575647,21.41115030561768,-11.996294469983496,-10.658972987365008,-1.3373214826184885,263.0009067739978,237.91206970214844,212.82323263029906,0.21090848483020716,6.682364244770613,0.030561867397855755,54.02371638719237,6.565378200696387,37.19613523815901,202659136.0,16055034.6,263.8361025178857,215.6177983836872,341.7734081871542,215.6177983836872
2022-05-16,221.14644427177234,221.30974090735438,216.94746115268805,218.3471221923828,7314066,235.78458480834962,258.3178512573242,285.44997970581056,235.1415471513569,21.253466662219637,-11.987019973856547,-10.924582384663315,-1.062437589193232,259.91428978078994,235.78458480834962,211.6548798359093,0.20467584844067244,6.5166439240488785,0.02984533919484017,55.215850011015085,6.251456574555875,36.440399203907866,195345070.0,16076873.9,256.53458825525985,215.6177983836872,341.7734081871542,215.6177983836872
2022-05-17,219.7467925501364,228.14475914440914,218.4870918657599,227.04835510253906,11321450,234.5727096557617,257.7209783935547,285.2214307403564,234.3707669562314,35.85087216341728,-11.14903396868641,-10.969472701467934,-0.17956126721847632,257.8873947992621,234.5727096557617,211.25802451226133,0.1987842931747258,6.75100056890441,0.02973375678434463,54.384665180315885,12.835161309617746,32.6628660162317,206666520.0,15882348.4,254.52839450052036,215.6177983836872,341.7734081871542,215.6177983836872
2022-05-18,229.03120139979504,231.060712779652,224.22570413363638,224.52896118164062,15390968,233.42498550415038,256.94092224121096,284.9779749298096,233.43345212055607,33.89184948218413,-10.566415001417539,-10.888861161457855,0.32244616004031634,256.34099352789013,233.42498550415038,210.50897748041064,0.19634580226487616,6.757001145840924,0.030094118416976106,52.91489146831412,14.990247996742548,30.30286967628723,191275552.0,15501917.8,253.10541762840614,215.6177983836872,341.7734081871542,215.6177983836872
2022-05-19,217.48400813458414,221.0531411531335,209.94916859807122,210.48570251464844,22945978,231.43396759033203,255.82679107666016,284.6631480407715,231.24795215808868,25.520645925381302,-11.109792114440836,-10.933047352054453,-0.1767447623863827,255.04614272643198,231.43396759033203,207.82179245423208,0.2040510767019001,7.315771962821529,0.03475662182951547,52.7986503619665,12.85635829261661,39.92829661101064,168329574.0,15607165.8,253.10541762840614,209.94916859807122,341.7734081871542,209.94916859807122
2022-05-20,215.54781136976314,215.6411278058515,212.28193543991824,214.42808532714844,12731912,229.57708206176758,254.82343322753906,284.37149772644045,229.6460600789515,30.6958497298111,-11.094415530035235,-10.96532098765061,-0.1290945423846246,252.39209079061843,229.57708206176758,206.76207333291674,0.19875684910667588,7.161461486277354,0.0333979640556472,52.690712191786574,12.195280195025093,37.87517069752114,181061486.0,16321415.9,252.33556338429042,209.94916859807122,341.7734081871542,209.94916859807122
2022-05-23,216.38760811044503,218.25382297724693,213.44832539046783,217.41403198242188,14111568,227.90448684692382,253.73543212890624,284.10239921569826,228.48110502213916,34.41305782776301,-10.717741087928886,-10.915805007706266,0.1980639197773808,249.07709223582586,227.90448684692382,206.73188145802177,0.18580244454004985,6.993178350598907,0.032165257627733576,52.01695735900486,14.265308988308204,36.01612390055837,195173054.0,16288572.4,250.8892910488383,209.94916859807122,341.7734081871542,209.94916859807122
2022-05-24,218.55707588705647,219.09360976848268,213.68158426268351,214.59136962890625,13779460,226.28554611206056,252.6090222167969,283.8074080657959,227.15827307992652,32.631280930771524,-10.525655931141074,-10.837775192393229,0.31211926125215506,246.29911642023558,226.28554611206056,206.27197580388554,0.1768877478216302,6.8802388616846395,0.03206204831807852,51.20672922674761,14.335639426859768,33.99252117927853,181393594.0,16505029.6,250.8892910488383,209.94916859807122,341.7734081871542,209.94916859807122
2022-05-25,214.68469896714367,215.01129227787538,206.77662167763825,207.5464324951172,15481506,224.31668853759766,251.31626556396483,283.4606771850586,225.2904787385161,28.644888338048418,-10.817200654516768,-10.833660284817936,0.016459630301168815,243.5542182717428,224.31668853759766,205.07915880345251,0.171521163757914,6.976983985866961,0.03361649680984569,51.038051090181014,13.127081312646656,38.19592405521296,165912088.0,16720314.2,246.57362054005796,206.77662167763825,341.7734081871542,206.77662167763825
2022-05-26,208.08294305366817,212.14196579950206,207.14983568571452,211.51211547851562,11583082,222.78639068603516,250.12179290771485,283.1397802734375,223.97825366613512,33.564931231424595,-10.605995163847524,-10.788127260623854,0.18213209677633024,240.95583944471514,222.78639068603516,204.61694192735519,0.1631109396110782,6.8352087092898595,0.03231592050330633,50.881421391940606,12.442264749359996,36.20331040256123,177495170.0,17058452.5,246.57362054005796,206.77662167763825,341.7734081871542,206.77662167763825
2022-05-27,214.61471517777443,218.32382301575672,212.86513869534693,217.85726928710938,11414472,221.48937301635743,248.94363739013673,282.8411389160156,223.39530277289458,40.619877808625404,-9.813488619032569,-10.593199532305597,0.7797109132730284,236.9801677803172,221.48937301635743,205.99857825239766,0.13987844701529534,6.833530054143519,0.03136700499599927,49.40572237415424,18.018055308405927,33.625617756485916,188909642.0,16823852.7,246.57362054005796,206.77662167763825,341.7734081871542,206.77662167763825
2022-05-30,220.74987820591633,224.6456044114481,220.74987820591633,222.19619750976562,12291148,220.73005752563478,247.94896453857422,282.5708905029297,223.2811022716442,44.92675053039479,-8.734618976483802,-10.221483421141238,1.4868644446574368,234.413626464646,220.73005752563478,207.04648858662355,0.12398464524861608,6.830301844871747,0.03073995829551292,46.908946694280395,23.350025710580127,31.238545232583565,201200790.0,16732509.4,242.1413810961174,206.77662167763825,341.7734081871542,206.77662167763825
2022-05-31,222.03289266384368,224.29568085130288,219.46684743309555,223.03598022460938,31587004,220.33465194702148,246.87345794677734,282.30761291503904,223.25775731478373,45.746940276930516,-7.72281970690409,-9.72175067829381,1.9989309713897203,233.25025620319917,220.33465194702148,207.4190476908438,0.11723625078531169,6.687339814395717,0.029983233232867636,44.74808937214064,22.145688350768562,30.997763455814063,232787794.0,16139503.8,235.07309835835966,206.77662167763825,341.7734081871542,206.77662167763825
2022-06-01,223.4559035616048,223.4559035616048,218.58041163042893,219.63015747070312,10514566,219.84477005004882,245.70253570556642,282.0110223388672,222.91227161534746,42.95306153781709,-7.113779704474865,-9.200156483530023,2.0863767790551577,232.0683172886974,219.84477005004882,207.62122281140026,0.11120161954151385,6.557922108451442,0.029858932780331932,42.85364875383314,20.96967206434932,30.317171512280503,222273228.0,15527711.3,235.0031054932283,206.77662167763825,341.7734081871542,206.77662167763825
2022-06-02,220.12002663801505,222.28951270069805,218.39378651695768,221.2164306640625,10535040,219.21492233276368,244.57444366455078,281.72836837768557,222.75076295332033,44.6486268595726,-6.429002585101671,-8.645925703844352,2.216923118742681,229.66385167011876,219.21492233276368,208.7659929954086,0.09533045676054686,6.367765256686366,0.028785227379228458,41.1193505011599,20.053314472270827,29.20167714874386,232808268.0,15190046.9,231.060712779652,206.77662167763825,341.7734081871542,206.77662167763825
2022-06-03,223.7824779542263,227.6782041724172,221.37972926190974,221.84628295898438,23269778,218.99097595214843,243.36594573974608,281.4382389831543,222.6646220014788,45.343284991333284,-5.7689866807544945,-8.07053789922638,2.301551218471886,229.00362237322713,218.99097595214843,208.97832953106973,0.09144346133483194,6.374480131805532,0.028733770279054282,38.52025453474333,24.639561535307347,27.087279247182487,256078046.0,15173322.3,231.060712779652,206.77662167763825,341.7734081871542,206.77662167763825
2022-06-06,220.2133537230993,221.84629172740193,216.57424043731777,220.77322387695312,13791156,218.75886611938478,242.12534393310546,281.1204553222656,222.48448884676208,44.32272444589216,-5.271736919724276,-7.51077770332596,2.239040783601684,228.3723031923714,218.75886611938478,209.14542904639816,0.08789071952622214,6.29573521453972,0.02851675173275821,36.79277938483094,23.165763028941093,30.919163002613082,242286890.0,15414722.1,231.060712779652,206.77662167763825,341.7734081871542,206.77662167763825
2022-06-07,219.28025728344934,219.63017258762505,217.01746880216166,218.18385314941406,4701342,218.52558975219728,240.83897033691406,280.7930736541748,222.0749044946337,41.87354393073541,-5.028636487840743,-7.014349460228917,1.9857129723881748,227.95533881126715,218.52558975219728,209.0958406931274,0.08630338506133753,6.114308061700559,0.02802365057469872,35.188695317055156,22.149353986186902,29.56256979085548,237585548.0,15270517.4,231.060712779652,206.77662167763825,341.7734081871542,206.77662167763825
2022-06-08,219.77011496792227,220.21334667871886,216.62087748893634,219.46685791015625,5627652,218.49059829711913,239.64488647460936,280.4239488983154,221.82651910563587,43.53836109633493,-4.678518829663744,-6.547183334115884,1.8686645044521395,227.9009025863178,218.49059829711913,209.08029400792046,0.08613921479954824,5.934176713706413,0.027039056239351197,33.58493981631932,21.893530044817243,28.2842287713176,243213200.0,14757107.8,231.060712779652,206.77662167763825,341.7734081871542,206.77662167763825
2022-06-09,217.90390754907867,222.14954921593062,216.5975628383963,221.63633728027344,7402238,218.51975784301757,238.52334259033202,280.0783752441406,221.80840655083944,46.337200414642574,-4.177829787838675,-6.073312624860443,1.8954828370217678,227.96519218621182,218.51975784301757,209.07432349982332,0.0864492477607426,5.906877403979835,0.0266512137696546,31.712142740175914,22.76500419057505,26.38530845839055,250615438.0,13987023.3,231.060712779652,206.77662167763825,341.7734081871542,206.77662167763825
2022-06-10,217.9738983001107,217.9738983001107,212.88845148713685,215.0579376220703,17453098,218.3401351928711,237.2489453125,279.7215056610107,221.16550474809952,39.88147421218407,-4.262714074951049,-5.7111929148785645,1.4484788399275157,227.90468429931082,218.3401351928711,208.77558608643136,0.08761146087952056,6.109806574633889,0.02841004913462385,30.565189068293893,20.436830688952494,28.0231376059601,233162340.0,13628485.2,231.060712779652,206.77662167763825,341.7734081871542,206.77662167763825
2022-06-13,209.97248672411192,211.3488258326062,207.6163962373284,208.12960815429688,14130822,217.8292594909668,235.85171325683595,279.3096686553955,219.923990786785,34.43940661090706,-4.833328171115568,-5.5356199661259655,0.7022917950103977,228.37855266140113,217.8292594909668,207.27996632053245,0.0968583669162389,6.2049304896416055,0.0298128197360636,30.225947887591506,18.68613165558257,31.691535863577947,219031518.0,13662374.2,231.060712779652,206.77662167763825,341.7734081871542,206.77662167763825
2022-06-14,205.28362150509906,211.67541268810686,204.35051413462133,208.03628540039062,13056384,216.87865600585937,234.53497619628905,278.88650917053224,218.79182836903317,34.37137147011036,-5.232754384420872,-5.475046849784947,0.24229246536407523,227.35983542331323,216.87865600585937,206.3974765884055,0.09665478023960726,6.2849282084875995,0.030210730769353558,30.305117546911568,17.13055054159793,32.76497607224249,205975134.0,14003212.0,231.060712779652,204.35051413462133,341.7734081871542,204.35051413462133
2022-06-15,209.22601809559336,210.2524277203856,204.95704023514023,205.33029174804688,11391596,215.9187225341797,233.07250427246095,278.4542081451416,217.50977726227256,32.374263972131786,-5.701925362731089,-5.520422552374176,-0.18150281035691318,226.92493634503964,215.9187225341797,204.91250872331975,0.1019477485016861,6.214246728256013,0.030264636919141392,30.378632230565913,16.087866954762905,30.770673396995093,194583538.0,14089958.7,227.6782041724172,204.35051413462133,341.7734081871542,204.35051413462133
2022-06-16,208.08294776254766,208.4328630334488,195.83591328100758,197.02561950683594,17944686,215.24571838378907,231.40877349853517,277.98662002563475,215.55890509508814,27.15877365829688,-6.667011232640817,-5.749740288427504,-0.9172709442133131,228.84025152025364,215.24571838378907,201.6511852473245,0.12631640934408878,6.6701540871263845,0.03385424750254349,31.39922067395814,13.91766594756017,36.38733598434749,176638852.0,13889990.1,227.6782041724172,195.83591328100758,341.7734081871542,195.83591328100758
2022-06-17,194.08635148807835,195.36937424430963,187.57792126577823,189.04757690429688,41550546,213.9766929626465,229.59901214599608,277.46528335571287,213.03401669596514,23.2789103516249,-7.983580355619978,-6.1965083018659985,-1.7870720537539793,231.73913783246238,213.9766929626465,196.21424809283062,0.16602223937460925,6.868550098121479,0.03633238897105041,32.97604592392463,12.550254170963752,41.400066103730644,135088306.0,13639925.5,227.6782041724172,187.57792126577823,341.7734081871542,187.57792126577823
2022-06-20,190.82047152142843,194.972796782712,188.55768313131927,193.4564971923828,20750838,212.77881622314453,227.9296826171875,276.9717656707764,211.1694910289573,29.290695026957025,-8.572390667102582,-6.671684774913316,-1.9007058921892659,232.56814263926358,212.77881622314453,192.98948980702548,0.18600842665997044,6.8361617804979975,0.035336945926916975,34.44024079889351,11.709020768719586,38.62505310501778,155839144.0,15080857.2,227.6782041724172,187.57792126577823,341.7734081871542,187.57792126577823
2022-06-21,195.95255221779135,199.1017896641487,194.38959448938883,198.3553009033203,12187804,211.96701278686524,226.47683502197265,276.48310913085936,209.94909196937286,35.35225632044458,-8.545230465060001,-7.046393912942653,-1.4988365521173481,232.70181034058115,211.96701278686524,191.23221523314933,0.19564173954335937,6.751099687017132,0.034035388297021935,34.87346574661175,15.37824776690124,36.31802449778382,168026948.0,15412820.7,227.6782041724172,187.57792126577823,341.7734081871542,187.57792126577823
2022-06-22,197.21225428975734,197.21225428975734,191.4269770308876,191.87020874023438,16202862,211.1832015991211,224.86815704345702,275.95948654174805,208.22729356659775,31.50225899353829,-8.943898850086924,-7.425894900371508,-1.5180039497154167,233.64077026173533,211.1832015991211,188.72563293650688,0.21268328628944969,6.76375855740396,0.03525173919293093,35.536227646777625,14.253075801646414,36.78943092644837,151824086.0,15333237.9,227.6782041724172,187.57792126577823,341.7734081871542,187.57792126577823
2022-06-23,192.4534170876595,196.32580742109633,191.89354690635022,195.50933837890625,19655010,210.38306274414063,223.44936798095702,275.43234771728515,207.01605973919857,35.73191189104041,-8.864020162335521,-7.713519952764311,-1.1505002095712102,233.85419101417114,210.38306274414063,186.91193447411013,0.22312754614258223,6.598889994793816,0.03375230078271176,36.15164941121736,13.565665973303593,35.01511801673532,171479096.0,15369305.7,227.6782041724172,187.57792126577823,341.7734081871542,187.57792126577823
2022-06-24,196.4191153728428,198.75188396396922,193.9697083521601,195.36936950683594,15362102,209.25866775512696,222.14348388671874,274.89607872009276,205.90685114564022,35.64075406005544,-8.711588278110383,-7.913133617833526,-0.7984546602768576,233.33658814162087,209.25866775512696,185.18074736863306,0.23012590727825635,6.469124681723481,0.03311227700664268,36.15668362868531,15.528111391857239,33.16624298492103,156116994.0,15772902.1,227.6782041724172,187.57792126577823,341.7734081871542,187.57792126577823
2022-06-27,199.21844366382456,200.96802015970124,197.8187824671232,198.23867797851562,12447870,208.06079177856446,220.89032104492188,274.3017455291748,205.1765489392474,39.072248808042545,-8.26399352460217,-7.983305599187256,-0.28068792541491483,231.82670691815736,208.06079177856446,184.29487663897157,0.22845164566024095,6.406947965376468,0.03231936386334674,35.661830055385714,17.029574550282153,31.09609965944646,168564864.0,15970283.6,227.6782041724172,187.57792126577823,341.7734081871542,187.57792126577823
2022-06-28,196.88566083110098,200.19819493914724,193.9463782248296,199.33506774902344,12091828,206.87574615478516,219.85130523681642,273.74107330322266,204.6202173973213,40.38032904403758,-7.73167601780051,-7.932979682909907,0.20130366510939712,229.88830333710652,206.87574615478516,183.8631889724638,0.2224770917814917,6.395867161729409,0.03208601092599645,35.647658511562405,15.840572606649532,33.24964778839841,180656692.0,15978119.7,227.6782041724172,187.57792126577823,341.7734081871542,187.57792126577823
2022-06-29,195.95255969042447,198.19201182022212,194.73951718758013,196.30247497558594,16684176,205.7093620300293,218.8276858520508,273.193070602417,203.82805145239413,37.953154977853785,-7.468424106730964,-7.840068567674119,0.3716444609431546,228.38004334855913,205.7093620300293,183.03868071149947,0.22041467723982713,6.26727311885183,0.031926612843935304,35.63449922086933,15.010909519010735,31.50816999387442,163972516.0,15003360.9,227.6782041724172,187.57792126577823,341.7734081871542,187.57792126577823
2022-06-30,196.8390069620179,197.35221888949022,193.61978921782136,194.1096649169922,12123284,204.3540237426758,217.70375793457032,272.63375747680664,202.9024908299749,36.25614536894036,-7.35198738214288,-7.742452330567871,0.3904649484249907,226.38647215524205,204.3540237426758,182.32157533010954,0.2156301893062765,6.086212872624475,0.031354507129911044,35.7545594164637,14.35336756710756,31.442104612905315,151849232.0,15311841.4,227.6782041724172,187.57792126577823,341.7734081871542,187.57792126577823
2022-07-01,193.61978991901705,197.4455360415683,191.94019371306555,196.8856658935547,8907248,203.1059928894043,216.61015533447267,272.0689221954346,202.32945988364918,39.918659544847195,-6.955531324780907,-7.5850681294104785,0.6295368046295717,223.82211961000354,203.1059928894043,182.38986616880504,0.2039932591440533,6.0447221194729215,0.030701687154518258,36.06440021224297,13.419610806582375,31.381366869353805,160756480.0,15391253.6,222.14954921593062,187.57792126577823,341.7734081871542,187.57792126577823
2022-07-04,196.39580061536245,196.76903790845307,194.0863539298553,196.092529296875,6372716,201.8719581604004,215.5146871948242,271.4938849639893,201.7354664944326,39.22520300153138,-6.628922446243507,-7.393838992777085,0.7649165465335779,221.11976488256084,201.8719581604004,182.62415143823995,0.19069321858825794,5.81290710834624,0.029643694888272707,36.35210952260944,12.958006552722667,30.301918840077093,154383764.0,14673127.1,222.14954921593062,187.57792126577823,341.7734081871542,187.57792126577823
2022-07-05,196.46576653044602,197.37553770543045,192.7100006908774,192.96661376953125,11513210,200.61109619140626,214.4346157836914,270.90183235168456,200.9003376634896,36.53164425143658,-6.546849806308643,-7.224441155483397,0.6775913491747545,218.68772253903265,200.61109619140626,182.53446984377987,0.1802156180870393,5.730952101646726,0.029699189873806157,36.79215080504915,12.204503493068044,30.255312272838015,142870554.0,14302205.1,222.14954921593062,187.57792126577823,341.7734081871542,187.57792126577823
2022-07-06,195.2993854176902,195.2993854176902,192.73334001841786,194.1096649169922,10522910,199.34323654174804,213.37833740234376,270.32981567382814,200.25360692572795,38.20274842014678,-6.3167563381142315,-7.042904192009565,0.7261478538953332,215.3956606412761,199.34323654174804,183.29081244222,0.16105310998265274,5.504887337191412,0.028359676678363678,37.20076056731459,11.798146272649845,29.247941132745492,153393464.0,14642798.5,222.14954921593062,187.57792126577823,341.7734081871542,187.57792126577823
2022-07-07,195.95256837192343,197.79546131732397,194.6462236113466,196.3258056640625,10706024,198.0777099609375,212.4624920654297,269.7748847961426,199.87953061509313,41.42299970015127,-5.887711694171571,-6.811865692441966,0.9241539982703948,210.47523387004432,198.0777099609375,185.6801860518307,0.12517838490309383,5.374952270272867,0.027377716607821127,36.78292431814338,14.537333718104039,27.815344276551638,164099488.0,14887561.4,217.9738983001107,187.57792126577823,341.7734081871542,187.57792126577823
2022-07-08,197.81876403591943,198.14535731328965,194.34293335939248,195.53265380859375,9535432,197.10144577026367,211.49719268798827,269.2223402404785,199.46554234780749,40.60741396182044,-5.547740549135085,-6.55904066378059,1.011300114645505,206.77181638755886,197.10144577026367,187.43107515296848,0.0981258212440179,5.262628819103174,0.026914322066404026,36.28530060007486,14.261975594459166,26.379807901662748,154564056.0,15052750.7,211.67541268810686,187.57792126577823,341.7734081871542,187.57792126577823
2022-07-11,193.5031379131024,193.61977633257985,189.2108383810966,191.8468780517578,16689574,196.2873092651367,210.58648010253907,268.63958686828613,198.7399552719932,36.96510128237569,-5.512181273094711,-6.349668785643415,0.8374875125487034,204.77629142720298,196.2873092651367,187.79832710307045,0.08649547638966003,5.3382850054170286,0.027825759061749382,36.60434852824545,13.055574538580357,31.01534187814306,137874482.0,14656867.4,211.67541268810686,187.57792126577823,341.7734081871542,187.57792126577823
2022-07-12,190.82047694093552,193.54981912866225,190.3539232075836,190.8904571533203,9777472,195.4300178527832,209.78540740966798,268.0507809448242,197.99238402259581,36.06120833221881,-5.497800245039969,-6.179295077522726,0.6814948324827572,202.31046394174518,195.4300178527832,188.54957176382123,0.0704134008128167,5.1852572136785735,0.027163522425397376,36.90060731868957,12.480809588980009,29.649907414975658,128097010.0,14784805.0,210.2524277203856,187.57792126577823,341.7734081871542,187.57792126577823
2022-07-13,192.22013505772526,192.22013505772526,189.11755562831925,189.74740600585938,11956780,194.65087356567383,208.99179962158203,267.4420549011231,197.20714802100184,34.960913285067676,-5.515063630890893,-6.04644878819636,0.5313851573054666,200.28714945875123,194.65087356567383,189.01459767259644,0.05791164241732269,5.036494514801961,0.02654315345236622,37.35225735678865,11.93163647747076,30.09871114151223,116140230.0,14620859.4,208.4328630334488,187.57792126577823,341.7734081871542,187.57792126577823
2022-07-14,191.5669680131093,191.5669680131093,186.85477240326168,187.29800415039062,13161242,194.16449279785155,208.06149200439452,266.81600021362306,196.26342003332456,32.66116839848115,-5.661133227866856,-5.969385676130459,0.30825244826360354,200.5289562480008,194.16449279785155,187.8000293477023,0.06555743903984985,5.013330307305222,0.026766597594279632,38.079773388796326,11.130569242988958,31.301893497725324,102978988.0,14649118.6,200.96802015970124,186.85477240326168,341.7734081871542,186.85477240326168
2022-07-15,187.0647006701676,188.53434189081543,182.42248593390335,183.75216674804688,22328354,193.89972229003905,207.21003112792968,266.224416809082,195.07187210139335,29.623269350788348,-5.99391970513912,-5.974292481932192,-0.019627223206928335,201.4278510364277,193.89972229003905,186.3715935436504,0.07764971148466046,5.091796425134284,0.02771012998239056,39.27295571469423,10.176254971678507,34.83581301489243,80650634.0,14409946.4,200.96802015970124,182.42248593390335,341.7734081871542,182.42248593390335
2022-07-18,186.15493210809623,189.28084769086146,185.05852803127027,188.83761596679688,13632394,193.66877822875978,206.4784750366211,265.6912902832031,194.47813342190796,38.46360687269627,-5.7806662131285975,-5.9355672281714735,0.154901015042876,201.5138452248132,193.66877822875978,185.82371123270636,0.08101529908746466,5.123002462111448,0.027129141807277532,40.1106756524434,10.432651952180603,32.15050023804102,94283028.0,13448836.8,200.96802015970124,182.42248593390335,341.7734081871542,182.42248593390335
2022-07-19,188.02114285529433,190.2605949409654,187.18135188268994,189.25750732421875,12897178,193.2138885498047,205.8066375732422,265.15760681152346,193.98093093641376,39.14334268245442,-5.514215121495511,-5.851296806836281,0.3370816853407703,200.97382031080005,193.2138885498047,185.45395678880934,0.08032478223215389,4.977019647551735,0.026297607518551737,40.528386359253425,11.37771056399504,30.729695768000816,107180206.0,13092914.6,200.96802015970124,182.42248593390335,341.7734081871542,182.42248593390335
2022-07-20,191.66024109799386,194.78615636848377,189.93400106943736,192.2667694091797,25237412,193.23371658325195,205.2486392211914,264.65432929992676,193.81767745762957,43.92405362512252,-5.002561990259068,-5.6815498435208385,0.6789878532617708,200.9818312041672,193.23371658325195,185.4856019623367,0.08019423067482219,5.01642174731697,0.026090945214984528,39.43113666548998,16.92595638746312,28.310588061123894,132417618.0,13128383.3,200.96802015970124,182.42248593390335,341.7734081871542,182.42248593390335
2022-07-21,190.75049515917857,194.78618207185164,187.83453434971972,193.1532440185547,45382342,193.11591186523438,204.6906411743164,264.15051834106447,193.75439808247958,45.287573089707294,-4.473968975690525,-5.440033669954776,0.9660646942642508,200.79337060024918,193.11591186523438,185.43845313021959,0.07951140494701957,5.154652174089467,0.026686852712628013,38.76739452832548,15.29548353370558,28.49269037126748,177799960.0,13580110.8,200.96802015970124,182.42248593390335,341.7734081871542,182.42248593390335
2022-07-22,193.969719512004,194.73953034374804,190.84380372481252,191.68360900878906,15468542,192.93162384033204,204.1513055419922,263.6282721710205,193.55718007546145,43.40333531618089,-4.126079589264066,-5.177242853816634,1.0511632645525681,200.56066102397347,192.93162384033204,185.3025866566906,0.07908539856540192,5.0647289201499,0.026422337028919735,38.15106254381559,14.45511952817423,26.927245816605407,162331418.0,14866477.4,200.96802015970124,182.42248593390335,341.7734081871542,182.42248593390335
2022-07-25,191.52029873310846,193.92304750175248,190.61051329967648,193.52647399902344,12535662,192.6960136413574,203.654892578125,263.1018441772461,193.55425568722924,46.41409401303805,-3.6594866566404676,-4.873691614381401,1.2142049577409333,199.93603880036602,192.6960136413574,185.4559884823488,0.07514452449943904,4.9395721545731925,0.025524012567903855,37.62111737159177,13.762707364098695,25.974757594080376,174867080.0,14871799.4,200.19819493914724,182.42248593390335,341.7734081871542,182.42248593390335
2022-07-26,193.52648131739602,193.80641640273717,188.62766715724018,189.04757690429688,15186298,192.1816390991211,202.89487701416016,262.57865966796874,193.1250481840928,40.74146936931475,-3.609509777877747,-4.62085524708067,1.0113454692029231,198.90521328702437,192.1816390991211,185.45806491121783,0.06997103593684581,4.956656232496321,0.02621909422835697,37.485773332166055,12.735609269930391,26.893693018058496,159680782.0,14876189.0,198.19201182022212,182.42248593390335,341.7734081871542,182.42248593390335
2022-07-27,188.9309425030981,190.07399062200287,187.53128128461782,189.7240753173828,14084158,191.85271911621095,202.198779296875,262.0422275543213,192.80114600631092,41.89656087414472,-3.475254403696397,-4.391735078403816,0.9164806747074188,198.37846525927537,191.85271911621095,185.32697297314652,0.06802870632353752,4.784231454274087,0.02521678625272366,37.549097127582115,12.252131815812273,27.509641223604135,173764940.0,15030912.5,198.14535731328965,182.42248593390335,341.7734081871542,182.42248593390335
2022-07-28,192.12680304347305,194.55288791656494,191.7069075718464,194.08633422851562,15898464,191.8515525817871,201.87079193115235,261.485569229126,192.92354488461612,48.82383802112,-2.9824780645899125,-4.109883675641035,1.1274056110511221,198.37569265577082,191.8515525817871,185.3274125078034,0.06801237713416416,4.787415821767518,0.024666424046789686,36.092315612062066,18.051957493458115,25.52767572003889,189663404.0,14900911.6,198.14535731328965,182.42248593390335,341.7734081871542,182.42248593390335
2022-07-29,196.23249836289537,197.95873859181174,194.92613939816147,197.67881774902344,15919784,191.89121017456054,201.53580657958983,260.9661596679687,193.37642801455968,53.71761816843439,-2.2758315002398604,-3.7430732405608,1.4672417403209397,198.54561152291757,191.89121017456054,185.23680882620351,0.06935597875800166,4.722057860448132,0.023887525806853726,33.8060059501496,22.146428236034023,24.032360908383787,205583188.0,15089670.6,198.14535731328965,182.42248593390335,341.7734081871542,182.42248593390335
2022-08-01,198.8451903842038,201.0379842065268,197.16559423559988,200.1515350341797,10365748,192.0941604614258,201.190556640625,260.4445624542236,194.02167630214254,56.78109674636375,-1.49900182735783,-3.2942589579202064,1.7952571305623763,199.45844446688375,192.0941604614258,184.72987645596783,0.07667368948403587,4.661367296910902,0.02328919084290253,31.82802640340548,25.550778148338946,22.606312843948853,215948936.0,15440297.4,201.0379842065268,182.42248593390335,341.7734081871542,182.42248593390335
2022-08-02,200.12821572031672,201.38790217004453,198.12202626335247,200.4314727783203,16912426,192.46740341186523,200.90735870361328,259.89318344116214,194.63213310939756,57.1270790588557,-0.8509607328053335,-2.8055993128972316,1.9546385800918982,200.67869795607416,192.46740341186523,184.2561088676563,0.08532659971140563,4.5616893404667,0.022759346509976425,30.07079030972025,24.792069965851002,21.45026536513976,232861362.0,15639949.0,201.38790217004453,182.42248593390335,341.7734081871542,182.42248593390335
2022-08-03,200.15153507262704,202.01774985185898,199.45170453041504,201.71449279785156,12034938,192.8476448059082,200.79071990966796,259.26587684631346,195.306643555917,58.75671307951194,-0.23118949497049357,-2.290717349311884,2.0595278543413906,201.9805168554345,192.8476448059082,183.7147727563819,0.0947159303782848,4.419143339107931,0.021907911909614653,28.5878561866915,24.781841626575098,20.56059142900374,244896300.0,15909909.8,202.01774985185898,182.42248593390335,341.7734081871542,182.42248593390335
2022-08-04,203.907295630075,205.42359520519744,199.26509470447692,203.18414306640625,17789134,193.1905616760254,200.6241604614258,258.6424538421631,196.05688160453502,60.60395949920725,0.3742579577474885,-1.7577222879000098,2.1319802456474983,203.28452534846798,193.1905616760254,183.0965980035828,0.10449748253612771,4.543383136365973,0.022360913936483068,27.959886187827635,27.736932668177687,18.569903483005284,262685434.0,15985511.2,205.42359520519744,182.42248593390335,341.7734081871542,182.42248593390335
2022-08-05,203.48739575772885,206.21673778187144,203.48739575772885,205.28363037109375,12967586,193.6781105041504,200.37268768310548,258.0253707122803,196.9356195823025,63.1435790480742,1.0118267959175853,-1.2038124711364908,2.215639267054076,205.03983001145232,193.6781105041504,182.31639099684847,0.11732579874645621,4.435469677730203,0.02160654344290458,27.53822004520889,27.65962377106725,17.663009814127502,275653020.0,16339666.7,206.21673778187144,182.42248593390335,341.7734081871542,182.42248593390335
2022-08-08,206.58998245272704,206.58998245272704,203.044185555203,203.34744262695312,9557496,194.25313873291014,199.9957125854492,257.42078010559084,197.54626939607877,59.34419474102853,1.3453620280462815,-0.6939775712999363,2.039339599346218,206.3276803220718,194.25313873291014,182.17859714374848,0.12431759577139861,4.371921622001191,0.02149976201088307,27.001280715169802,26.0572651511254,17.36388627842722,266095524.0,16511274.4,206.58998245272704,182.42248593390335,341.7734081871542,182.42248593390335
2022-08-10,202.9508682238684,203.41742194392327,198.8918451641552,200.68807983398438,11329742,194.74301986694337,199.5487545776367,256.815943069458,197.84548943778407,54.494119513703694,1.3792041434880673,-0.2793412283423356,1.6585453718304028,207.02531559698434,194.74301986694337,182.4607241369024,0.12613849511456435,4.382896990413111,0.02183934887432669,25.26797965948218,24.135441780970698,22.85034941151949,254765782.0,16154670.5,206.58998245272704,182.42248593390335,341.7734081871542,182.42248593390335
2022-08-11,204.35051572582694,206.21673048131396,203.5573687595095,204.5604705810547,9154644,195.48367309570312,199.24736083984374,256.2625733947754,198.48501145142887,59.66367108507513,1.6989098588456386,0.11630898909525922,1.5826008697503795,208.24869388354682,195.48367309570312,182.71865230785943,0.13059935477674714,4.464736537335717,0.021825998564891924,24.31616975009232,26.47911595313678,20.829247926114686,263920426.0,16232284.0,206.58998245272704,182.42248593390335,341.7734081871542,182.42248593390335
2022-08-12,203.9306192383071,204.58379155185838,202.9508536489359,203.4640655517578,7092398,196.29197616577147,198.89231353759766,255.73767478942872,198.95920708003163,57.66618794605043,1.8425682390953,0.4615608390952674,1.3810074000000325,208.9279817781409,196.29197616577147,183.65597055340206,0.12874704161822817,4.2624652063062,0.02094947427078666,23.25954633528193,25.75453941312042,21.27564692193569,256828028.0,16092177.2,206.58998245272704,182.42248593390335,341.7734081871542,182.42248593390335
2022-08-16,204.583805904296,205.19032004412423,203.69735668528187,203.93063354492188,4774208,197.30089950561523,198.5340005493164,255.2140697479248,199.43267626716403,58.305888142972016,1.9713422716334321,0.7635171256029004,1.2078251460305318,208.95497114936882,197.30089950561523,185.64682786186165,0.1181350077263272,4.081307298167645,0.02001321345019317,22.42538555798933,26.037956302485547,20.63287001608841,261602236.0,15788735.0,206.58998245272704,185.05852803127027,341.7734081871542,182.42248593390335
2022-08-17,204.00059833190315,207.56973116693624,203.72066327388146,206.70660400390625,10401476,198.1943489074707,198.25266815185546,254.69753089904785,200.12543128971092,61.98643451721271,2.271213105573622,1.0650563215970448,1.2061567839765774,209.85592685872507,198.1943489074707,186.53277095621632,0.11767820844073323,4.064718769231012,0.01966419403394678,22.204477663300704,28.458071910114548,19.237283787560315,272003712.0,14911027.7,207.56973116693624,187.18135188268994,341.7734081871542,182.42248593390335
2022-08-18,206.100097623985,206.100097623985,202.50762842743714,202.97418212890625,16888260,198.88018264770508,197.94847473144532,254.19512809753417,200.3967408934438,54.96129299737835,2.1825288161469985,1.2885508205070355,0.8939779956399629,209.95749560095888,198.88018264770508,187.8028696944513,0.11139685016154743,4.074308541176591,0.020073038346271305,21.607932362216737,26.363154669271086,19.947774194412396,255115452.0,14749481.8,207.56973116693624,187.53128128461782,341.7734081871542,182.42248593390335
2022-08-19,204.79375323855123,206.45001318582334,201.0846456115025,201.7611541748047,17253908,199.35490188598632,197.59436065673827,253.7101042175293,200.52668501547817,52.86435251049011,1.9914089370251702,1.4291224438106624,0.5622864932145077,210.0655499195479,199.35490188598632,188.64425385242475,0.10745306919703564,4.166527043544036,0.020650789100533105,20.60809064386602,23.938250293772704,20.55244258373578,237861544.0,14949035.9,207.56973116693624,187.53128128461782,341.7734081871542,182.42248593390335
2022-08-22,201.0380087287165,201.0380087287165,195.50934392431128,195.95257568359375,12900580,199.49486846923827,197.0806854248047,253.17594299316406,200.09105555529868,44.17329379467929,1.3556146342887132,1.4144208819062727,-0.05880624761755948,209.9477470860447,199.49486846923827,189.04198985243184,0.1047934585687676,4.31547584404042,0.022023062615970174,20.036687860084204,21.46116211866188,27.65379814694245,224960964.0,14549860.7,207.56973116693624,187.53128128461782,341.7734081871542,182.42248593390335
2022-08-23,193.61977668002876,195.25271455564348,191.28700828629349,194.38958740234375,17028776,199.63016738891602,196.66731842041017,252.63777770996094,199.5480585883506,42.16453573480204,0.7173537691471381,1.2750074593544458,-0.5576536902073077,209.7395230691625,199.63016738891602,189.52081170866956,0.10128084159296019,4.34048238355898,0.022328780268333688,20.335547837678448,19.813410795177084,32.47901734157989,207932188.0,12925772.6,207.56973116693624,187.53128128461782,341.7734081871542,182.42248593390335
2022-08-24,194.92613707863205,195.71928409199992,193.31653529939422,194.1563262939453,7429170,199.66166000366212,196.38785278320313,252.10144874572754,199.03456027459774,41.858604450359,0.19050914229336513,1.0581077959422296,-0.8675986536488645,209.69842630549618,199.66166000366212,189.62489370182806,0.10053774271585214,4.2020728413480315,0.021642729451865773,20.47494315519678,19.7972674830254,31.152479520690903,200503018.0,13003784.3,207.56973116693624,187.53128128461782,341.7734081871542,182.42248593390335
2022-08-25,195.62596305041401,195.9992145577238,193.5964658216543,193.71310424804688,8753902,199.89493637084962,196.10138916015626,251.56013221740722,198.52775493873577,41.24621962602701,-0.25978865325967604,0.7945285061018486,-1.0543171593615246,209.11796827208278,199.89493637084962,190.67190446961646,0.09227879473767538,4.073549690970993,0.02102877710201201,20.517404039355593,19.45402853323131,29.839977675648992,191749116.0,12748459.7,207.56973116693624,187.53128128461782,341.7734081871542,182.42248593390335
2022-08-26,195.25273255747618,197.11894744452493,194.22630867436348,194.66954040527344,7904194,200.14220962524413,195.8881741333008,251.01285720825194,198.16030593554888,43.17807638571325,-0.5333286155436952,0.5289570817727399,-1.062285697316435,208.48435628467388,200.14220962524413,191.8000629658144,0.0833621920638328,4.025856369935783,0.02068046373127784,20.201143512389905,20.26514110434455,28.036807020569437,199653310.0,12426839.9,207.56973116693624,191.28700828629349,341.7734081871542,182.42248593390335
2022-08-29,188.95425804927055,189.5841084237194,186.1549357077999,188.6510009765625,23519514,199.87044296264648,195.7206817626953,250.4352586364746,197.25465784421684,35.310176838212726,-1.2216741402441187,0.1788308373693682,-1.4005049776134868,209.2710191305845,199.87044296264648,190.46986679470845,0.09406669669206555,4.346481250474195,0.02303979956625934,21.358010069455172,17.429519504471724,37.377942250604164,176133796.0,12117841.7,207.56973116693624,186.1549357077999,341.7734081871542,182.42248593390335
2022-08-30,190.89044958333182,194.06302338716668,189.53744665788417,192.9432830810547,19750992,199.63366622924804,195.79859588623046,249.89263343811035,196.84405072391567,43.25212343713533,-1.4046497066425445,-0.13786527143301433,-1.26678443520953,209.471503592862,199.63366622924804,189.79582886563406,0.09855890090518855,4.422591333340622,0.02292171700780436,21.201222727984263,23.139852130941808,34.110784316076845,195884788.0,12498894.2,207.56973116693624,186.1549357077999,341.7734081871542,182.42248593390335
2022-09-01,191.2403656726666,192.05683467708354,188.88427509801357,191.49697875976562,11778706,199.20093841552733,195.75940551757813,249.36772193908692,196.33480577494902,41.407425194247814,-1.647373931511737,-0.4397670034487589,-1.2076069280629782,209.65184887946458,199.20093841552733,188.75002795159008,0.10492832560996228,4.396621094033515,0.022959219108877476,21.167985059356234,21.613926352339014,32.92255381725545,184106082.0,12690454.6,207.56973116693624,186.1549357077999,341.7734081871542,182.42248593390335
2022-09-02,192.47671746812216,192.57003390055957,189.9340084222217,190.2139434814453,9815080,198.6900619506836,195.59657836914062,248.79424224853517,195.75186650890103,39.78630539601807,-1.9211193842352827,-0.7360374796060637,-1.185081904629219,209.82684439003071,198.6900619506836,187.55327951133648,0.11210205815036034,4.270864264340969,0.022452950536497217,20.997435521426173,21.519349673607515,31.471113056543835,174291002.0,12761102.5,207.56973116693624,186.1549357077999,341.7734081871542,182.42248593390335
2022-09-05,189.8873610866937,190.3539147994374,188.48769994846253,189.18753051757812,18018508,198.06371383666993,195.5429248046875,248.21828674316407,195.12669165258455,38.4881342365051,-2.1955783157176256,-1.027945646828376,-1.1676326688892495,209.8403372746172,198.06371383666993,186.28709039872265,0.11891752618209192,4.099103591957676,0.021666880373898707,21.110897306526166,20.819549808949304,32.96793837955237,156272494.0,12406235.2,207.56973116693624,186.1549357077999,341.7734081871542,182.42248593390335
2022-09-06,189.8873533183159,190.0506499587135,187.2046695797893,188.69764709472656,18226162,197.33938903808593,195.4066909790039,247.63399208068847,194.5144016946933,37.853304241775874,-2.424668426072685,-1.307290202677238,-1.1173782233954472,209.54148541892954,197.33938903808593,185.1372926572423,0.12366610072445947,4.009594791026713,0.021248780007383394,21.453172369324513,19.76400976166594,33.58212461643119,138046332.0,12705413.7,207.56973116693624,186.1549357077999,341.7734081871542,182.42248593390335
2022-09-07,187.60125528539152,190.75049292268318,187.08804334132606,190.09732055664062,12248532,196.58007354736327,195.30125,247.0558875274658,194.09372730059306,40.85500402849306,-2.464868567695902,-1.5388058756809708,-0.9260626920149311,208.59890182370404,196.58007354736327,184.5612452710225,0.12227921232764213,3.984798704621743,0.020961887800172586,21.550216118853402,19.72098208397457,31.377445438680017,150294864.0,12727265.1,207.56973116693624,186.1549357077999,341.7734081871542,182.42248593390335
2022-09-08,191.28702381894087,193.31653533390607,191.10040517990615,192.59336853027344,14064948,196.0423698425293,195.18834381103517,246.51416885375977,193.95083598913405,45.875577957521074,-2.269159796795293,-1.6848766599038352,-0.5842831368914578,207.76051980599118,196.0423698425293,184.3242198790674,0.11954711599206301,3.9301141383820077,0.020406279657361304,20.86508959450477,23.230843146084588,29.541607516559726,164359812.0,12691312.4,207.56973116693624,186.1549357077999,341.7734081871542,182.42248593390335
2022-09-09,194.55289881880913,195.69596111381966,191.91687318123212,194.6228790283203,14671342,195.7391098022461,195.0941000366211,245.99968986511232,194.0148400881042,49.62025511337492,-1.9280690699287675,-1.7335151419088217,-0.19455392801994575,207.2731307198375,195.7391098022461,184.2050888846547,0.11785095915930276,3.919326552253832,0.020138056593456907,19.580391101274596,25.967304135205488,27.5069953564887,179031154.0,12916685.0,207.56973116693624,186.1549357077999,341.7734081871542,182.42248593390335
2022-09-12,195.88257826327884,198.00539195149258,195.04277304125844,196.8856658935547,11678424,195.3553695678711,195.10576385498047,245.49941207885743,194.28825206957566,53.48442764473245,-1.4583532340467684,-1.6784827603364112,0.22012952628964277,206.17868926349348,195.3553695678711,184.5320498722487,0.11080647252812889,3.880982721605149,0.019711860200647538,18.550336090485995,28.60117940810887,25.794565174584363,190709578.0,13083765.0,207.56973116693624,186.1549357077999,341.7734081871542,182.42248593390335
2022-09-13,198.2386802356502,198.75189219456877,196.65240037561207,197.18893432617188,9408334,195.0416130065918,195.16734924316407,245.01520217895506,194.56450752258485,53.993741744115574,-1.0495304878444642,-1.552692305838022,0.5031618179935577,205.25301243798324,195.0416130065918,184.83021357520036,0.10470995675211452,3.7537333714159735,0.019036227282444213,17.77324300012502,28.879037679613287,24.764058187099593,200117912.0,13209954.0,207.56973116693624,186.1549357077999,341.7734081871542,182.42248593390335
2022-09-14,190.82046672469625,197.21225822464672,190.82046672469625,194.22630310058594,17583964,194.556396484375,195.1141619873047,244.5157169342041,194.53229757763256,48.41654232587573,-0.9536025595236026,-1.4328743565751383,0.47927179705153566,203.91913897127966,194.556396484375,185.19365399747034,0.09624707957269958,3.9421660948827233,0.02029676738912728,17.35703177278768,25.534451713339674,32.462992120519864,182533948.0,13325750.8,207.56973116693624,186.1549357077999,341.7734081871542,182.42248593390335
2022-09-15,195.81259833066488,196.37245424137936,192.80332119750082,193.6431121826172,10640314,193.90322189331056,195.06517364501954,244.04853958129883,194.44761325429778,47.3790686001332,-0.9141004375202044,-1.3291195727641516,0.4150191352439472,201.4262337755341,193.90322189331056,186.38021001108703,0.07759553254213425,3.915520876953853,0.020220295123439657,16.970549918831576,23.871913277360566,30.349339054726574,171893634.0,13966238.6,206.45001318582334,186.1549357077999,341.7734081871542,182.42248593390335
2022-09-16,192.57002977942778,192.57002977942778,186.71478684054603,187.3912811279297,20192486,193.12407684326172,194.9536669921875,243.528969039917,193.7755816232151,37.982868436342045,-1.3714559481476272,-1.3375868478408468,-0.033869100306780364,199.92055021783113,193.12407684326172,186.3276034686923,0.07038452673185219,4.130721195890803,0.022043294496027335,17.748399743132754,21.011942586670095,37.24165574204732,151701148.0,13978180.5,206.45001318582334,186.1549357077999,341.7734081871542,182.42248593390335
2022-09-19,188.95423297283187,189.5141030620606,185.22180367954138,187.53125,13584188,192.41258163452147,194.82209869384766,242.99473838806153,193.18088337338506,38.277999313633494,-1.702988179520787,-1.4106671141768348,-0.2923210653439523,198.37104368915632,192.41258163452147,186.45411957988662,0.06193422492457032,4.14226249493569,0.022088385242116662,18.705414350804382,19.456727147547866,37.059663760301284,165285336.0,14143391.8,201.0380087287165,185.22180367954138,341.7734081871542,182.42248593390335
2022-09-20,189.42083529830913,191.00711530786882,188.6976826321852,188.90762329101562,8989822,192.0603340148926,194.67373504638672,242.47304862976074,192.77390622268322,41.23927977213544,-1.8335322215752399,-1.495240135656516,-0.33829208591872395,197.97282854248724,192.0603340148926,186.14783948729794,0.0615691371976494,4.094662695859485,0.021675476217026896,19.156006754730516,20.881443518771057,34.81258525218856,174275158.0,13959905.8,198.75189219456877,185.22180367954138,341.7734081871542,182.42248593390335
2022-09-21,189.37415386203048,189.37415386203048,186.38821287387174,186.97140502929688,19290112,191.68942489624024,194.50251007080078,241.9139604949951,192.22128706140833,38.444926324844346,-2.069371520739878,-1.6100664126731883,-0.4593051080666899,197.89439488949057,191.68942489624024,185.4844549029899,0.06473982585746735,4.015468288166575,0.021476376494776753,19.961508657269544,19.7723261609496,37.0716822083505,154985046.0,13764367.9,198.75189219456877,185.22180367954138,341.7734081871542,182.42248593390335
2022-09-22,185.68836105081385,186.78476502523904,184.288700037868,185.6650390625,16500324,191.26486053466797,194.37887329101562,241.36231468200683,191.59688249008371,36.640944511352195,-2.334774849109209,-1.7550080999603925,-0.5797667491488165,197.88469115653615,191.26486053466797,184.6450299127998,0.06922160822811767,3.9202709098281674,0.021114750141562708,21.037826504817538,18.805860189150874,39.08500692932366,138484722.0,13877434.7,198.75189219456877,184.288700037868,341.7734081871542,182.42248593390335
2022-09-23,185.73503478640845,186.34154891413286,183.6588650818092,183.98545837402344,13966710,190.7784782409668,194.2407733154297,240.83980438232422,190.87198495522082,34.40560729779126,-2.6500884536176557,-1.934024170691845,-0.7160642829258106,198.00862666454572,190.7784782409668,183.54832981738787,0.07579626895279805,3.831871832863559,0.020827036368677353,22.13426381443144,17.865436230706663,38.304537554938385,124518012.0,14330992.4,198.75189219456877,183.6588650818092,341.7734081871542,182.42248593390335
2022-09-26,182.8890441736546,186.24823639452856,179.43654975881046,184.1953887939453,18994144,190.2547706604004,194.1297329711914,240.30009651184082,190.23611865414696,34.93986468465246,-2.8501820025280153,-2.117255737059079,-0.7329262654689361,197.79249631787886,190.2547706604004,182.71704500292194,0.07923823020378393,4.04471574735317,0.02195883281246465,23.748136177648416,15.716357905599672,41.153281373252455,143512156.0,14591632.8,198.75189219456877,179.43654975881046,341.7734081871542,179.43654975881046
2022-09-27,185.12851119717075,187.27466116602122,182.88905902677266,185.875,12454694,190.11597061157227,194.1012728881836,239.74730613708496,189.8207740204187,39.20625688283283,-2.8404836668320286,-2.261901323013669,-0.5785823438183595,197.8659582916252,190.11597061157227,182.36598293151934,0.08152905466197785,4.069064775345698,0.02189140430582756,24.903660895231557,16.308224063669076,37.98509252832308,155966850.0,15146130.3,198.75189219456877,179.43654975881046,341.7734081871542,179.43654975881046
2022-09-28,184.75525583935723,186.8547473829863,184.45199879733957,185.71168518066406,8921590,189.75439071655273,194.14046325683594,239.1902346801758,189.42943222615637,38.93887576325494,-2.8135430342328505,-2.3722296652575054,-0.441313368975345,197.61697018072402,189.75439071655273,181.89181125238144,0.08287112023580089,3.9500421903671996,0.021269755785827474,25.97664813298733,15.59965003521677,36.33468289887187,147045260.0,14592889.3,198.75189219456877,179.43654975881046,341.7734081871542,179.43654975881046
2022-09-29,187.08802926983896,187.50792474227822,182.67909121400504,183.2622833251953,11883068,189.34265594482423,194.0289566040039,238.6323494720459,188.84208471177914,35.07524832368553,-2.9557664127269163,-2.4889370147513876,-0.4668293979755287,197.64712599413633,189.34265594482423,181.03818589551213,0.08771895596238052,4.012813000217626,0.02189655682231662,27.240476483188086,14.258800235279542,36.36737502268531,135162192.0,14051419.2,198.75189219456877,179.43654975881046,341.7734081871542,179.43654975881046
2022-09-30,183.09900602878093,185.08185926210385,180.78955950885162,183.9387969970703,13570530,189.02889862060547,193.92258239746093,238.06133209228517,188.3751049294259,36.93644180593379,-2.9795441352980276,-2.5870584388607156,-0.392485696437312,197.64626237508799,189.02889862060547,180.41153486612296,0.09117509351602558,4.0327763397200975,0.021924555371449612,28.682680673070323,13.174771346993134,36.949276438758226,148732722.0,14056637.3,198.75189219456877,179.43654975881046,341.7734081871542,179.43654975881046
2022-10-03,183.77550011223917,185.6883731353721,182.23587859303575,184.05543518066406,8140834,188.77229385375978,193.75835571289062,237.48743293762206,187.9637078104962,37.27033154387403,-2.954914015711836,-2.66062955423094,-0.29428446148089593,197.65697780725736,188.77229385375978,179.8876099002622,0.09413122839287498,3.991327639906973,0.021685464686164734,29.78429621331819,13.446173363046475,34.66634155813247,156873556.0,14244409.8,198.75189219456877,179.43654975881046,341.7734081871542,179.43654975881046
2022-10-04,186.59816310708624,189.42080737394997,186.15493138474395,189.18753051757812,12591696,188.79678802490236,193.6790414428711,236.96344688415527,188.0802623540278,49.85150512426797,-2.492544761060401,-2.627012595596832,0.13446783453643096,197.68321469514086,188.79678802490236,179.91036135466385,0.09413747726541179,4.08947367943404,0.02161597896143621,29.468435958975075,18.70531501710447,31.417620580133022,169465252.0,13750526.1,198.75189219456877,179.43654975881046,341.7734081871542,179.43654975881046
2022-10-06,190.9837573691711,192.686675503607,190.09730819873351,191.35699462890625,11203878,188.85977172851562,193.67250915527345,236.4320610809326,188.39233209449245,54.04718832983474,-1.928821914363624,-2.4873744593501907,0.5585525449865667,197.799870484998,188.85977172851562,179.91967297203325,0.09467446322379008,4.047307344190814,0.021150558682423153,28.197494188657387,23.313920575321614,29.47744511854369,180669130.0,13468802.8,198.75189219456877,179.43654975881046,341.7734081871542,179.43654975881046
2022-10-07,191.19369117989484,192.103476545473,189.53743132142904,190.4005584716797,7580186,188.75013122558593,193.60999084472655,235.83468490600586,188.58359174946267,51.982337007778376,-1.5414747402988667,-2.298194515539926,0.7567197752410593,197.55718166021444,188.75013122558593,179.94308079095742,0.09331967482557885,3.941502907037467,0.020701110010786703,27.141988362028602,22.229769682392842,29.121294359438217,173088944.0,13416570.1,198.75189219456877,179.43654975881046,341.7734081871542,179.43654975881046
2022-10-10,186.761433655658,192.91994796801004,186.5048348251802,191.89352416992188,18714926,188.61366348266603,193.66690979003906,235.25597564697264,188.89882340855402,54.88009670362641,-1.1013339671370659,-2.0588224058593543,0.9574884387222884,197.13234847908748,188.61366348266603,180.09497848624457,0.09032945799501255,4.118189352451207,0.021460804215594827,26.800982337983793,19.75630942653139,31.140962323018343,191803870.0,13092332.0,198.75189219456877,179.43654975881046,341.7734081871542,179.43654975881046
2022-10-11,193.5731146784904,194.972775687356,187.69453559363743,188.67430114746094,22723292,188.20309524536134,193.64591430664063,234.60377326965332,188.87744033606896,48.134726695133544,-1.0007476313560915,-1.8472074509587018,0.8464598196026103,195.832594545214,188.20309524536134,180.57359594550869,0.08107729886063815,4.343907262541734,0.023023311792456008,25.871978938744277,20.767440072054125,27.414044418439243,169080578.0,13294511.2,198.75189219456877,179.43654975881046,341.7734081871542,179.43654975881046
2022-10-12,188.6043424541204,191.10040771888006,187.36797793623825,190.33059692382812,12610118,187.86017837524415,193.57079956054687,233.9717473602295,189.0158362015698,51.44166583022535,-0.7784099829131037,-1.6334479573495824,0.8550379744364787,194.37900369337783,187.86017837524415,181.34135305711047,0.06940082112679094,4.30023029969174,0.022593478763757186,25.082359200561136,19.479917470569923,26.25687665805998,181690696.0,13846754.6,197.21225822464672,179.43654975881046,341.7734081871542,179.43654975881046
2022-10-13,180.5562853692164,183.0523505597937,176.40396020705126,176.87051391601562,84896212,186.9923889160156,193.15463348388673,233.2518645477295,187.85913884104085,33.01748881726898,-1.6690818660050866,-1.6405747390806833,-0.02850712692440327,194.44436083811217,186.9923889160156,179.54041699391905,0.07970347847091772,4.9878307580549635,0.028200465117794376,26.175207425357794,15.594894286216826,36.72137122823537,96794484.0,14006843.8,196.37245424137936,176.40396020705126,341.7734081871542,176.40396020705126
2022-10-14,180.5562771497665,180.78955399362926,175.54082500671743,176.03070068359375,27864794,186.11176834106445,192.672216796875,232.51877418518066,186.732620921284,32.241582858932006,-2.41487448963494,-1.7954346891915347,-0.6194398004434052,194.33461534966125,186.11176834106445,177.88892133246765,0.08836461102801181,5.006466345830454,0.028440870407198587,27.295658005604885,14.427070686642562,35.202949162796486,68929690.0,17372456.2,194.972775687356,175.54082500671743,341.7734081871542,175.54082500671743
2022-10-17,176.03072796653046,176.80055306106334,173.74461738996985,175.0043182373047,16909538,185.4924201965332,192.16367370605468,231.77789611816405,185.615639713286,31.27427766183399,-3.0535416749220303,-2.047056086337634,-1.0064855885843964,195.00181047127774,185.4924201965332,175.98302992178867,0.1025313084455864,4.867142726206385,0.02781155788171222,28.554837664006072,13.780046895524798,36.26022558690248,52020152.0,18233680.2,194.972775687356,173.74461738996985,341.7734081871542,173.74461738996985
2022-10-18,179.0166691824852,179.2732680348594,176.54392590811608,176.9638214111328,22328480,184.96404876708985,191.66866027832032,231.0333032989502,184.79165701784282,35.26721848435702,-3.362810109073223,-2.3102068908847517,-1.0526032181884712,195.1143114229311,184.96404876708985,174.8137861112486,0.10975389783581845,4.824414659874122,0.027262152350709907,28.974195991885978,16.57009919439311,33.96841413572051,74348632.0,18069532.8,194.972775687356,173.74461738996985,341.7734081871542,173.74461738996985
2022-10-19,177.85027073522352,177.85027073522352,175.91406154854081,176.380615234375,10198278,184.33769836425782,191.1325897216797,230.28983665466308,183.9906054194173,34.62246693145025,-3.6133153851544364,-2.5708285897386887,-1.0424867954157477,194.97176075409791,184.33769836425782,173.70363597441772,0.11537588332937533,4.618114268931878,0.026182663343107836,29.454863339536956,16.073867300097678,33.92536131949352,64150354.0,18506747.4,194.972775687356,173.74461738996985,341.7734081871542,173.74461738996985
2022-10-20,175.89072767185195,178.50343098356063,175.42417401754997,177.99021911621094,11868814,183.8886390686035,190.58672149658204,229.53039657592774,183.4191400572072,37.99185848388997,-3.640001370027136,-2.7846631457963786,-0.8553382242307572,194.79494377314674,183.8886390686035,172.98233436406028,0.11861858089530376,4.508195890151791,0.02532833496434072,29.694772027214878,16.324529132214774,32.27020277661951,76019168.0,18567170.2,194.972775687356,173.74461738996985,337.2001408890994,173.74461738996985
2022-10-21,178.45681106415608,178.8300483724527,177.3837431242353,178.48013305664062,8931540,183.52939376831054,190.0893753051758,228.7705191040039,182.9487584381056,39.021964334148784,-3.5803462419013385,-2.9437997650173706,-0.6365464768839679,194.6492193799754,183.52939376831054,172.4095681566457,0.12117759867612964,4.289489415727905,0.024033427935458995,29.80998058598224,16.47525447591216,31.493011315727525,84950708.0,18196105.3,194.972775687356,173.74461738996985,337.2001408890994,173.74461738996985
2022-10-24,180.2763480846874,180.2763480846874,179.15662204452696,179.48321533203125,3472470,183.30428161621094,189.66527801513672,228.00791915893555,182.61870671371756,41.17665197435666,-3.412788267789864,-3.0375974655718694,-0.3751908022179946,194.5595262920264,183.30428161621094,172.0490369403955,0.12280394736638889,4.111398388036397,0.022906868368892327,29.435845888162426,18.473824942796277,30.510234465600618,88423178.0,17817666.1,194.972775687356,173.74461738996985,335.74498506641714,173.74461738996985
2022-10-25,180.29968987816483,180.29968987816483,178.9933309259122,179.4598846435547,5783256,183.0675064086914,189.16326629638672,227.23873542785645,182.3178665165592,41.14023923227037,-3.2444796162956493,-3.0789738957166257,-0.16550572057902357,194.43647056261153,183.0675064086914,171.69854225477127,0.1242051566326505,3.911038428337556,0.02179338539142442,29.121829879196056,18.03306793014807,30.080531158280305,82639922.0,17292954.1,194.972775687356,173.74461738996985,335.74498506641714,173.74461738996985
2022-10-27,180.08973699374135,180.53296872561987,177.8036265997289,178.5267791748047,11723118,182.70009536743163,188.66452056884765,226.4833641052246,181.95681057924924,39.63077514974206,-3.1500755009079455,-3.0931942167548896,-0.05688128415305593,194.15699805313287,182.70009536743163,171.2431926817304,0.12541758845456585,3.8266315495913723,0.021434496086688046,29.078565904112846,17.114348474464187,30.76875994347835,70916804.0,16632409.7,194.972775687356,173.74461738996985,335.74498506641714,173.74461738996985
2022-10-28,178.59674680445875,180.01974410155455,178.22350954776175,178.80670166015625,7609676,182.35484619140624,188.16204193115234,225.74729293823242,181.6568002060023,40.337980688119906,-3.017883867503059,-3.0781321469045237,0.06024827940146471,193.84404109125808,182.35484619140624,170.8656512915544,0.12600920830798612,3.681603192748617,0.020589850148603206,29.03839221296415,16.517919952780392,29.696480386093274,78526480.0,16595830.9,194.972775687356,173.74461738996985,335.74498506641714,173.74461738996985
2022-10-31,180.34632873535156,181.20945593608434,179.50653776269158,180.34632873535156,6638382,182.20904846191405,187.63483642578126,225.005638961792,181.53199339927366,44.20926088792943,-2.7571038311446046,-3.0139264837525404,0.2568226526079358,193.72246288071187,182.20904846191405,170.69563404311623,0.1263758799684901,3.5902568415471507,0.019907568214574844,28.532533085895945,18.095257972952957,28.276897403259103,85164862.0,16530235.2,194.972775687356,173.74461738996985,335.74498506641714,173.74461738996985
2022-11-01,181.02283491039893,183.35560340151233,180.36966258050498,183.07566833496094,11540196,182.1658920288086,187.23686614990234,224.31920700073243,181.6790100598153,50.35858684239252,-2.303643904898962,-2.8718699679818247,0.5682260630828626,193.65950163023516,182.1658920288086,170.67228242738204,0.12618838217649328,3.5487581147338374,0.019384105747143412,27.276939476182193,21.318943957277327,26.56416643327427,96705058.0,16268000.9,194.972775687356,173.74461738996985,335.74498506641714,173.74461738996985
2022-11-02,183.28560101265853,184.21870829617663,182.25917730555375,183.79881286621094,6716614,182.15306091308594,186.87761932373047,223.63488945007325,181.8808960413768,51.872195701515686,-1.8644299384826013,-2.67038196208198,0.8059520235993789,193.63877441062635,182.15306091308594,170.66734741554552,0.12611057360184363,3.435241891583055,0.018690228941160805,25.813020471541716,22.24496230101177,25.481828274671717,103421672.0,16166484.2,194.972775687356,173.74461738996985,335.74498506641714,173.74461738996985
2022-11-03,181.83931091976288,183.70552578487911,179.87977961615505,181.25611877441406,10312476,181.75649032592773,186.58369018554689,222.94432586669922,181.82139344452318,46.503055937306755,-1.7019053631318286,-2.47668664229195,0.7747812791601212,192.78176538562158,181.75649032592773,170.73121526623387,0.12131918964679841,3.469798417188257,0.019143069158987478,25.122338810474808,20.450318174300513,28.32422552368841,93109196.0,16095273.2,194.972775687356,173.74461738996985,335.74498506641714,173.74461738996985
2022-11-04,181.25611029446125,183.07566685520487,179.92642941765632,182.21253967285156,9023630,181.299267578125,186.34014923095702,222.35462959289552,181.85864546626874,48.65584136865336,-1.478880677005776,-2.277125449234715,0.798244772228939,191.4150047833187,181.299267578125,171.18353037293133,0.11159159482908153,3.4469012043568497,0.018916926412120113,24.480991553769822,19.115725909165135,26.475780331898253,102132826.0,15981312.2,194.972775687356,173.74461738996985,335.74498506641714,173.74461738996985
2022-11-07,183.35559222341954,184.2187193601296,180.8362052542268,182.65576171875,8252598,180.91202774047852,186.11013793945312,221.79013175964354,181.93456129983838,49.66668570030773,-1.2519361508581142,-2.072087589559395,0.8201514387012807,190.16025116565532,180.91202774047852,171.66380431530172,0.1022400062691635,3.442302125895846,0.01884584473823629,23.445879843151236,20.14589276811255,24.617499424816476,110385424.0,15872299.8,194.972775687356,173.74461738996985,335.74498506641714,173.74461738996985
2022-11-09,183.84549034321645,184.0087869952081,181.55937992960256,182.39918518066406,6862546,180.43731079101562,185.88385955810546,221.20852905273438,181.97881119325035,49.0644856885575,-1.0803311758505743,-1.8737363068176307,0.7934051309670564,188.24447970669598,180.43731079101562,172.63014187533526,0.08653608149505962,3.3713810501608252,0.01848353130975621,22.484704683291117,19.100422691035536,23.339975548493495,103522878.0,15905920.4,194.972775687356,173.74461738996985,335.74498506641714,173.74461738996985
2022-11-10,181.3960755463409,182.46915761505767,180.55628456916187,181.44273376464844,5494908,180.075732421875,185.61932342529298,220.6529792022705,181.92775620005017,46.7871211199991,-1.0098694858732813,-1.700962942628761,0.6910934567554796,186.93587118538352,180.075732421875,173.21559365836646,0.07619170746935341,3.2672019069990372,0.018006793874903605,21.92116244253753,18.301646491118127,24.556899901282648,98027970.0,15313301.4,191.10040771888006,173.74461738996985,335.74498506641714,173.74461738996985
2022-11-11,185.9216362521636,189.3508085513581,185.3384441685621,186.48150634765625,28417046,179.8832778930664,185.57593353271486,220.15068656921386,182.36144669029835,57.87910896696538,-0.5412026054987109,-1.4690108752027509,0.92780826970404,185.7217440956677,179.8832778930664,174.0448116904651,0.0649139405395096,3.5986928269783687,0.019297853698528954,21.55835481306486,29.087989727123723,20.702369336080086,126445016.0,14451882.2,189.3508085513581,173.74461738996985,335.74498506641714,173.74461738996985
2022-11-14,187.85785186777326,187.85785186777326,184.54531761948658,185.01187133789062,17623428,180.29034576416015,185.41730529785156,219.65478874206542,182.61386808530713,54.322456387407556,-0.28508174438317724,-1.2322250490388362,0.947143304655659,186.36241422395082,180.29034576416015,174.21827730436948,0.06735877546913813,3.5782529285003912,0.01934066664276565,20.94664840629481,27.164565800295154,20.916666801423734,108821588.0,15242228.6,189.3508085513581,173.74461738996985,335.74498506641714,173.74461738996985
2022-11-15,185.71168929364984,186.41151982369212,183.82215255777112,185.2917938232422,12462712,180.75340042114257,185.2932015991211,219.18145919799804,182.86890863177712,54.89104137491952,-0.05883845841691482,-0.997547730914452,0.9387092724975372,186.8678356537729,180.75340042114257,174.63896518851226,0.06765499535150225,3.507618238316149,0.01893024060019742,20.125847150867465,25.732192998801064,21.286383975590468,121284300.0,11878589.4,189.3508085513581,173.74461738996985,335.74498506641714,173.74461738996985
2022-11-16,186.1549232037503,187.41462386803371,184.84857856071386,185.8050079345703,11039528,181.29343490600587,185.2050228881836,218.78542213439943,183.14853713680503,55.97311325557783,0.16002835808328086,-0.7660325131149055,0.9260608711981864,187.18521967272147,181.29343490600587,175.40165013929027,0.06499722143573794,3.4403630289592706,0.01851598655602849,19.652740597420344,26.443920865349323,20.152329532361392,132323828.0,11108485.3,189.3508085513581,175.42417401754997,335.74498506641714,173.74461738996985
2022-11-17,185.64171273563065,185.68837095283456,184.28870986525035,185.1051788330078,6057616,181.70050277709962,185.1233758544922,218.4091369628906,183.33488396501482,54.0684622068032,0.2738547007085401,-0.5580550703502164,0.8319097710587565,187.4630611048394,181.70050277709962,175.93794444935983,0.06342919518289918,3.3029298175564628,0.0178435300318431,19.00132229527232,25.576793185894914,20.70227269081251,126266212.0,10814984.8,189.3508085513581,175.42417401754997,335.74498506641714,173.74461738996985
2022-11-18,185.61838143790777,186.108257098761,183.2622768491055,183.75216674804688,9546202,182.0690803527832,185.0244662475586,218.06761383056642,183.37462518244647,50.4912366444463,0.25198144441284853,-0.39604776739760345,0.648029211810452,187.34594543348254,182.0690803527832,176.79221527208387,0.05796552682613331,3.2702905627063936,0.017797289798440724,18.008646242228053,23.986915928794893,21.65730015866597,116720010.0,10001441.6,189.3508085513581,175.42417401754997,335.74498506641714,173.74461738996985
2022-11-21,183.75218055540807,184.03211562753953,180.8362198833916,181.3260955810547,7904612,182.2358741760254,184.8490417480469,217.69684059143066,183.17952712517103,44.77133108408683,0.03843995172127279,-0.3091502235738282,0.347590175295101,187.18733939742987,182.2358741760254,177.28440895462091,0.05434127878270283,3.264976647095074,0.018006104618491576,17.19203968385654,22.309816150974008,25.45061591788202,108815398.0,9968837.8,189.3508085513581,177.3837431242353,335.74498506641714,173.74461738996985
2022-11-22,181.4893888226855,181.6760074545769,179.38989717820712,181.3960723876953,8410828,182.3816711425781,184.6250958251953,217.27910614013672,183.00967429303049,44.96499429726168,-0.1237205032961981,-0.2720642795183022,0.1483437762221041,187.04556607648504,182.3816711425781,177.71777620867118,0.05114433818583557,3.195057620614696,0.01761370893293623,16.87816131360173,21.16960197326605,27.38327401927636,117226226.0,9770627.7,189.3508085513581,177.8036265997289,335.74498506641714,173.74461738996985
2022-11-23,182.30584905201218,182.86571915892353,181.02282644192124,181.37274169921875,6717760,182.4761474609375,184.3600930786133,216.8518850708008,182.8537759507627,44.90845260971277,-0.2512205101166103,-0.2678955256379638,0.01667501552135353,186.97499079704028,182.4761474609375,177.97730412483475,0.04930883733246099,3.0984744132138093,0.017083462400056756,16.13787086779415,23.012856207287594,26.219926478153937,110508466.0,9744592.1,189.3508085513581,177.8036265997289,335.74498506641714,173.74461738996985
2022-11-24,181.90928175674875,186.5048384729303,181.55936648756878,185.8050079345703,13370266,182.79340362548828,184.1384799194336,216.4205670928955,183.13484566350627,56.181363031005255,0.005320329640341015,-0.21325235458230285,0.21857268422264386,187.29158988229122,182.79340362548828,178.29521736868534,0.04921606762155308,3.2437331532493614,0.017457727266380327,15.699539590265784,28.425661116504482,23.2567797904139,123878732.0,9906856.6,189.3508085513581,177.8036265997289,335.74498506641714,173.74461738996985
2022-11-25,186.15492755105518,188.67431470036894,184.7086082237174,187.92782592773438,13648550,183.26345596313476,183.95325775146483,216.02241981506347,183.59131997438513,60.36454308576741,0.37559484081754135,-0.09548291550233401,0.47107775631987536,187.84401536514096,183.26345596313476,178.68289656112856,0.04998879212370224,3.2953026763495177,0.017534937469114824,15.874511766594761,30.684716431362844,21.257623257197316,137527282.0,10286207.1,189.3508085513581,178.22350954776175,335.74498506641714,173.74461738996985
2022-11-28,187.92782641918757,191.0304199436234,187.55458915093874,189.25750732421875,13679200,183.7859962463379,183.8538818359375,215.64595863342285,184.13095686484547,62.76253294305695,0.7674871209087542,0.07711109177988362,0.6903760291288705,188.59250533355123,183.7859962463379,178.97948715912457,0.05230549862755501,3.308197541802028,0.017479874846574647,16.596768920514595,33.46904752877958,19.662281025340665,151206482.0,10382478.7,191.0304199436234,179.38989717820712,335.74498506641714,173.74461738996985
2022-11-29,188.02114333771092,190.77380735285362,187.9744851195378,189.02423095703125,9102602,184.2198913574219,183.76150421142577,215.302455368042,184.5969829688632,62.053223641827884,1.047169999142966,0.2711228732525001,0.7760471258904658,189.2667743355984,184.2198913574219,179.17300837924537,0.05479194392080704,3.2718493054815845,0.01730915284731584,17.267436277725867,31.423663227564777,18.460665685055773,142103880.0,10685954.9,191.0304199436234,179.38989717820712,335.74498506641714,173.74461738996985
2022-11-30,189.8406982421875,190.35391016131868,187.85784501134043,189.8406982421875,13892346,184.5581428527832,183.81049255371093,214.95551567077638,185.0963844234655,63.60363154365315,1.3194924934512642,0.48079679729225294,0.8386956961590113,190.13220925363362,184.5581428527832,178.98407645193276,0.06040444831845433,3.2164361515170605,0.016942816694730665,17.840999302527774,29.68181721779083,17.69639892207123,155996226.0,10809165.9,191.0304199436234,179.38989717820712,335.74498506641714,173.74461738996985
2022-12-01,192.61670164613855,194.24963962795962,192.05683149999277,193.01327514648438,15852984,185.01886596679688,183.92013305664062,214.60431129455566,185.85037401613397,68.91785823365603,1.7708966794378682,0.738816773721376,1.0320799057164922,191.6824752819532,185.01886596679688,178.35525665164056,0.07203167396293694,3.301615096820994,0.017105637393672976,19.25045940054123,35.278808533100914,16.0084288291098,171849210.0,10926773.4,194.24963962795962,179.38989717820712,335.74498506641714,173.74461738996985
2022-12-02,193.0599259080921,193.106584128258,190.84379571206549,192.40675354003906,11726622,185.57639770507814,183.9901156616211,214.2392008972168,186.47479111364876,66.90659122941702,2.0559962790050577,1.0022526747781124,1.0537436042269452,192.73494824415297,185.57639770507814,178.4178471660033,0.07714936411742786,3.227413191061816,0.016773908044710108,20.046021838449338,33.51205791979559,17.891402822744823,160122588.0,11383591.9,194.24963962795962,179.38989717820712,335.74498506641714,173.74461738996985
2022-12-05,192.8033183378929,193.5964653305863,191.5902758588691,192.3834228515625,9947062,186.08494186401367,184.0983560180664,213.90219863891602,187.03751794583104,66.82580299738896,2.2540736165766475,1.2526168631378194,1.0014567534388281,193.64896111775144,186.08494186401367,178.5209226102759,0.0812964141855752,3.140182925394345,0.016322523421455182,20.89519170964294,33.09708169582407,17.074945746607753,150175526.0,11454299.2,194.24963962795962,179.38989717820712,335.74498506641714,173.74461738996985
2022-12-06,191.5202966188364,192.50006225061878,190.2605959153891,191.9168701171875,8832518,186.54799728393556,184.22339263916015,213.6085553741455,187.5022181526269,65.13211941278908,2.3463570832529115,1.471364907160838,0.8749921760920736,194.3458898274076,186.54799728393556,178.7501047404635,0.08360199688022654,3.075846026096869,0.01602697055354596,21.109193846520775,31.375840969967594,19.27478715072579,141343008.0,11500470.8,194.24963962795962,179.38989717820712,335.74498506641714,173.74461738996985
2022-12-07,190.8204458090268,191.0537226376442,189.09419158202303,189.5607452392578,6568616,186.90607528686525,184.33489837646485,213.25304397583008,187.69826835135368,57.24197501617218,2.203966850833922,1.6178852958954546,0.5860815549384673,194.5655171966663,186.90607528686525,179.2466333770642,0.08196033112401789,3.0577626338874118,0.01613077976681299,20.826016687133027,29.307010085788264,20.728555636935923,134774392.0,11529466.8,194.24963962795962,179.38989717820712,335.74498506641714,173.74461738996985
2022-12-08,190.0039924675181,190.3539077390973,188.16109967529866,188.3477325439453,8940712,187.25132522583007,184.41794525146486,212.89019523620607,187.76012208398143,53.63930404805356,1.9705265750865806,1.68841355173368,0.28211302335290056,194.50641415015738,187.25132522583007,179.99623630150276,0.0774903880181086,2.995980164595357,0.015906643122960532,20.188108733163407,27.774846402850116,21.86949983768272,125833680.0,11514770.3,194.24963962795962,179.38989717820712,335.74498506641714,173.74461738996985
2022-12-09,189.42081220672185,189.42081220672185,182.53914476817715,183.84548950195312,15423336,187.11952438354493,184.3773550415039,212.50252174377442,187.38729993331208,42.85762571813364,1.4060223377457248,1.631935308936089,-0.22591297119036424,194.52008170217695,187.11952438354493,179.7189670649129,0.07909978761449675,3.2735292555917384,0.017805872009478706,19.696854808446364,23.60422195318141,30.852745957811397,110410344.0,11687060.5,194.24963962795962,179.38989717820712,335.74498506641714,173.74461738996985
2022-12-12,183.30894786512758,185.45509775595903,181.02283755801787,184.91856384277344,10365880,187.11485900878907,184.36149261474608,212.12588165283202,187.15218221040365,45.66111878653231,1.03332526345298,1.5122132998394673,-0.47888803638648736,194.52084083105322,187.11485900878907,179.70887718652492,0.07915974029530475,3.35629575147384,0.018150128801170673,19.62095654512173,21.377701552347215,31.16949233136485,120776224.0,11037375.0,194.24963962795962,179.38989717820712,335.74498506641714,173.74461738996985
2022-12-13,185.85166663106702,186.3182203245111,184.75526260385567,185.5717315673828,6813842,187.12885589599608,184.40768157958985,211.73318946838378,187.00166310154452,47.35422543309977,0.7816548925263476,1.3661016183768435,-0.584446725850496,194.52204994364791,187.12885589599608,179.73566184834425,0.07901714582983266,3.2282001778439526,0.017395969475403443,19.243045305347504,22.548185994137135,30.091567525759277,127590066.0,10674497.6,194.24963962795962,179.38989717820712,335.74498506641714,173.74461738996985
2022-12-14,186.994736477945,188.72099104054837,186.2715838638787,186.6448211669922,9995152,187.17084655761718,184.46180206298828,211.36124740600587,186.96767815539667,50.10482952966022,0.6611720925666305,1.225115713214801,-0.5639436206481705,194.54299743794803,187.17084655761718,179.79869567728633,0.07877456362373683,3.22256155608121,0.01726574322251334,18.09102621703266,26.300014653980146,27.99106117736634,137585218.0,10392054.1,194.24963962795962,179.38989717820712,335.74498506641714,173.74461738996985
2022-12-15,186.5048480148208,186.5048480148208,183.84548613776016,184.3820343017578,7766926,187.1346893310547,184.46833404541016,210.97116706848144,186.721426359812,44.79056188600726,0.3787347974505053,1.0558395300619419,-0.6771047326114366,194.55395326706747,187.1346893310547,179.7154253950419,0.07929330433105936,3.192331089877697,0.01731367756065192,17.688327193548776,24.652706280582102,31.666239729792757,129818292.0,10339835.3,194.24963962795962,179.38989717820712,335.74498506641714,173.74461738996985
2022-12-16,182.60910514804263,184.19538479195603,181.04614749259295,181.83929443359375,18012634,187.03904571533204,184.32136932373047,210.6376622772217,186.25646141445787,39.69551440905605,-0.04970369729403501,0.8347308845907465,-0.8844345818847815,194.67637745923355,187.03904571533204,179.40171397143052,0.08166564061201753,3.2025850698267804,0.017612172769380926,17.983248476334133,22.818504134981872,35.55369915277161,111805658.0,10425300.8,194.24963962795962,179.38989717820712,335.74498506641714,173.74461738996985
2022-12-19,181.2328049781259,182.18923444450633,179.94978220034767,181.51272583007812,8838046,187.0483772277832,184.1244839477539,210.260650100708,185.80467707308838,39.080648148899165,-0.410859515425102,0.5856128045875768,-0.9964723200126788,194.65817159461005,187.0483772277832,179.43858286095633,0.08136712522835554,3.133789867993343,0.017264849357873778,18.49816376368851,21.653758561137984,36.2378483580717,102967612.0,10848622.4,194.24963962795962,179.38989717820712,335.74498506641714,173.74461738996985
2022-12-20,181.39607000875586,181.90928191829332,178.69006428659642,181.466064453125,8778558,187.0518768310547,183.94579406738282,209.88213218688963,185.3914758711871,38.98772265012621,-0.6928564683568368,0.3299189499986941,-1.0227754183555309,194.65132776505408,187.0518768310547,179.45242589705532,0.08125500863980321,3.139891851115025,0.01730291479333922,19.247234676393706,20.06798598729762,36.44973625211662,94189054.0,10895294.1,194.24963962795962,178.69006428659642,335.74498506641714,173.74461738996985
2022-12-21,182.37582854679826,183.4722325296855,180.95284553455602,181.72265625,10215214,187.06937255859376,183.74237670898438,209.50628547668458,185.0420644786931,39.83492568229773,-0.8854295904944252,0.08684924190007023,-0.9722788323944954,194.61788455285543,187.06937255859376,179.52086056433208,0.08070280977606137,3.095570075687486,0.017034585227660548,19.358218968080568,22.50778672649005,34.33078679383106,104404268.0,10913680.6,194.24963962795962,178.69006428659642,335.74498506641714,173.74461738996985
2022-12-22,182.00259200997195,182.86571915892353,180.0897190891278,181.37274169921875,9093800,186.84775924682617,183.59634552001953,209.09549034118652,184.6926051663622,39.038819745355845,-1.0541290139922523,-0.14134640927839429,-0.9127826047138581,194.78212630014573,186.84775924682617,178.9133921935066,0.08492868295881731,3.0727436466952165,0.01694159562185442,19.66698432695535,21.055347735992715,34.121815291332574,95310468.0,11088553.3,194.24963962795962,178.69006428659642,335.74498506641714,173.74461738996985
2022-12-23,179.15665008866785,180.01977742239035,175.89077365475984,176.19403076171875,12120710,186.26106948852538,183.31361419677734,208.6454991912842,183.88321712782474,29.607821622839438,-1.587404602755612,-0.43055804797383784,-1.1568465547817741,195.42864486954417,186.26106948852538,177.0934941075066,0.0984379119715466,3.2448311036783375,0.0184162374267184,20.826031831570255,18.51449914665943,39.24732622925904,83189758.0,10874730.0,194.24963962795962,175.89077365475984,335.74498506641714,173.74461738996985
2022-12-26,176.35729739857095,178.03689355474657,175.56415041873865,177.523681640625,7261148,185.67437820434571,183.32667755126954,208.2101377105713,183.27754708142476,34.01543959045107,-1.8810540155462832,-0.720657241488327,-1.1603967740579562,195.47949284188195,185.67437820434571,175.86926356680948,0.10561623776378153,3.1896819631304507,0.017967642027544087,21.962860656905292,17.48928272314322,37.80548447463124,90450906.0,10798338.0,194.24963962795962,175.56415041873865,335.74498506641714,173.74461738996985
2022-12-27,178.45680154393997,180.71958997976216,177.40705565250505,180.3696746826172,7685840,185.241650390625,183.41345703125,207.75291564941406,183.0006068529669,42.337885749228455,-1.8626539223253644,-0.9490565776557346,-0.9135973446696298,195.18020827443854,185.241650390625,175.30309250681148,0.10730370694555759,3.1984571319966406,0.017732787607588264,21.995394264115305,22.186542871702503,35.00877969049353,98136746.0,10477435.4,194.24963962795962,175.56415041873865,335.74498506641714,173.74461738996985
2022-12-28,179.62315983641068,181.74597330287858,178.80669092806335,180.92950439453125,7676002,184.79609069824218,183.53196075439453,207.30300384521485,182.80335899978257,43.838449830575875,-1.7823522891098378,-1.1157157199465553,-0.6666365691632825,194.6687555584581,184.79609069824218,174.92342583802628,0.10684928261103975,3.179944649340826,0.017575600286875832,21.663833373772523,23.027209298722642,32.69740322564604,105812748.0,10406597.3,194.24963962795962,175.56415041873865,335.74498506641714,173.74461738996985
2022-12-29,180.2063858120089,182.93572809522638,179.5298771797438,182.30587768554688,9485398,184.2607208251953,183.6388018798828,206.853611907959,182.7559798269982,47.45863130733696,-1.5893300371464534,-1.210438583386535,-0.3788914537599184,193.42908141783738,184.2607208251953,175.09236023255323,0.09951508440412458,3.196080811208094,0.01753141945714391,20.944288879124034,23.933413753466112,30.208585396021693,115298146.0,10095780.1,193.5964653305863,175.56415041873865,335.74498506641714,173.74461738996985
2022-12-30,183.35560632192124,184.89522785534294,182.67909775348767,183.2389678955078,8256556,183.80233154296874,183.77596893310547,206.41362800598145,182.80197869066578,49.82015678330547,-1.345555207182315,-1.237461908145691,-0.1080932990366239,192.17822427342307,183.80233154296874,175.42643881251442,0.09114022287030929,3.1527429082500915,0.017205635594105432,19.637471399079494,26.9688202220622,28.436418655575732,123554702.0,9777400.8,193.5964653305863,175.56415041873865,335.74498506641714,173.74461738996985
2023-01-02,183.35559951960727,183.7754949915001,182.18921529874464,183.37892150878906,5559512,183.35210647583008,183.88374298095704,205.9466973876953,182.85692562572515,50.1818364826222,-1.1280651780063806,-1.2155825621178291,0.08751738411144849,190.74491366862796,183.35210647583008,175.9592992830322,0.0806405482314152,3.0408526785719032,0.016582345743734565,18.570840887954407,25.96393074866618,28.527561606874805,129114214.0,9603897.5,192.50006225061878,175.56415041873865,335.74498506641714,173.74461738996985
2023-01-03,183.37891773135115,185.57172571663853,182.7490816555303,185.24513244628906,5994422,183.01851959228514,184.01904296875,205.5132738494873,183.08437389435028,54.85455938181057,-0.7959400355977948,-1.1316540568138223,0.33571402121602745,189.36313554385347,183.01851959228514,176.67390364071682,0.06933304854287299,3.0252663487530698,0.01633115164108418,17.483943973918525,28.474598413324237,26.626355869574684,135108636.0,9384520.0,191.0537226376442,175.56415041873865,335.74498506641714,173.74461738996985
2023-01-04,185.45509209698903,185.45509209698903,181.30276709639747,181.81597900390625,8926522,182.63128128051758,184.0656982421875,205.03829719543458,182.96357438097465,46.267087186532315,-0.8002081896775053,-1.0653648833865588,0.2651566937090535,188.2333715174428,182.63128128051758,177.02919104359236,0.061348638608306486,3.1057705381701046,0.01708194491587221,16.45738839015668,25.755333340676728,27.409924307346397,126182114.0,9242615.2,190.3539077390973,175.56415041873865,335.74498506641714,173.74461738996985
2023-01-05,181.95594765048168,182.9823715119509,179.03998695095473,180.50962829589844,9568980,182.23937606811523,184.08669311523437,204.5499639892578,182.72986523001504,43.474874478110394,-0.8986433162798733,-1.0320205699652216,0.13337725368534836,187.25273577081182,182.23937606811523,177.22601636541864,0.05501950029529027,3.165528682657681,0.017536619583907308,16.16411825010222,23.46419205175157,30.07744424269992,116613134.0,9360510.5,189.42081220672185,175.56415041873865,335.74498506641714,173.74461738996985
2023-01-06,180.55627920739937,181.39607015964015,177.9435756787443,178.2235107421875,8484754,181.95827713012696,184.08062774658202,204.05297637939452,182.3006886121267,39.035153390330954,-1.1478922566059282,-1.055194907293363,-0.09269734931256512,187.20491642091088,181.95827713012696,176.71163783934304,0.05766859714803519,3.186026239674692,0.017876576588615724,16.188564331710413,21.648002329525596,30.207452071921157,108128380.0,9391923.9,188.72099104054837,175.56415041873865,334.0357389290219,173.74461738996985
2023-01-09,180.0897248760019,183.35560071572212,179.6698294013699,182.7957305908203,7347432,181.8521354675293,184.1604083251953,203.55559913635253,182.34783546724037,50.0269033923793,-0.9653558856700784,-1.0372271029687061,0.07187121729862778,186.93836843633767,181.8521354675293,176.76590249872095,0.055938116489333556,3.3250307920932585,0.018189871182145847,15.515490685339529,23.47083313732189,26.87714216336373,115475812.0,9044994.8,188.72099104054837,175.56415041873865,333.29661979326795,173.74461738996985
2023-01-10,182.88904583126222,183.7754949915001,180.71957402807544,183.37892150878906,7879496,181.74249496459962,184.22106018066407,203.05847717285155,182.44603413786405,51.23462613800387,-0.7648195003334024,-0.9827455824416454,0.21792608210824305,186.59232153339678,181.74249496459962,176.89266839580245,0.05337030912601738,3.3058086614740723,0.01802720091423174,14.746141811716695,22.828336712724855,25.102464605836335,123355308.0,8894072.4,188.72099104054837,175.56415041873865,333.29661979326795,173.74461738996985
2023-01-11,183.3555932788338,184.75525429622948,182.65576277013596,183.75216674804688,7656600,181.59786224365234,184.23459014892578,202.56472534179687,182.57042771978624,52.033606777462545,-0.5692136579740463,-0.9000391975481257,0.33082553957407934,186.00675540952074,181.59786224365234,177.18896907778395,0.04855666373377149,3.2196431518040325,0.01752166088043288,13.693654051425508,23.93866453101384,23.933248701217362,131011908.0,8947355.1,186.5048480148208,175.56415041873865,333.29661979326795,173.74461738996985
2023-01-12,184.6386273073455,185.6417149176198,182.18922037528344,184.05543518066406,9510500,181.58153228759767,184.23972259521486,202.08914726257325,182.7118570017746,52.71155625821241,-0.3852820984469929,-0.7970877777278992,0.4118056792809063,185.9513014367063,181.58153228759767,177.21176313848903,0.048130105457944716,3.2362753939849127,0.01758315580742437,13.01893048837033,24.07104672890433,22.109516159019748,140522408.0,8830427.5,185.6417149176198,175.56415041873865,327.5222796362428,173.74461738996985
2023-01-13,184.7552783828395,185.0352134704315,180.3230179165845,183.7755126953125,13621860,181.6783432006836,184.2901104736328,201.6194571685791,182.81315754401632,51.981254597239456,-0.2591154953875048,-0.6894933212598203,0.43037782587231554,186.15124100256065,181.6783432006836,177.20544539880655,0.04923974672023785,3.3416982625464913,0.018183588300399973,12.43816695007534,21.646542128019345,23.87157749197365,126900548.0,8917606.2,185.6417149176198,175.56415041873865,324.1731224283968,173.74461738996985
2023-01-16,181.9559428312212,187.08803352646075,181.48938913165395,185.9683074951172,23867444,181.90112228393554,184.36522583007812,201.15540969848632,183.11364801554976,57.00636394081855,0.017609667625151815,-0.5480727234828259,0.5656823911079777,186.74710676318338,181.90112228393554,177.0551378046877,0.053281523702570534,3.5029087005650847,0.018836051947491418,11.905192682077715,23.361254121458533,21.14632246729996,150767992.0,8698067.5,187.08803352646075,175.56415041873865,324.1731224283968,173.74461738996985
2023-01-17,186.6448040085918,187.57791141868466,183.7055213620349,184.91856384277344,14310032,182.07374725341796,184.4104818725586,200.6900464630127,183.28554476099964,54.088215955227504,0.15047621717602055,-0.4083629353510566,0.5588391525270772,187.08847593019854,182.07374725341796,177.05901857663738,0.05508458800269394,3.5293002259997057,0.019085699957092923,11.570469526350983,22.521830352834247,19.489037056323323,136457960.0,9449537.4,187.57791141868466,175.56415041873865,307.658476479836,173.74461738996985
2023-01-18,185.9216481073577,188.41771323195002,185.6883712590423,188.1144561767578,16080426,182.39333724975586,184.52478729248048,200.26125305175782,183.74544108630994,60.68634700622826,0.5078020907069458,-0.22512993013945615,0.732932020846402,188.05128144526137,182.39333724975586,176.73539305425035,0.06204112804578974,3.527146594798054,0.018750002878480772,11.536344548637482,22.626587884681378,18.108012758101843,152538386.0,9726111.1,188.41771323195002,175.56415041873865,301.02947461232935,173.74461738996985
2023-01-19,187.60126475403172,188.48771402683687,186.03830685198315,188.20777893066406,9447456,182.73508911132814,184.66008819580077,199.81002250671386,184.1704256429151,60.86322017105139,0.7894158911842908,-0.022220765874706783,0.8116366570589976,188.9074775093862,182.73508911132814,176.56270071327006,0.06755559020520308,3.4501652076591727,0.018331682288914408,11.528368477297784,21.624117313313246,17.189756598045385,161985842.0,10019371.7,188.48771402683687,175.56415041873865,301.02947461232935,173.74461738996985
2023-01-20,188.27774412481162,189.14087133661505,187.22799827647782,188.09112548828125,9265614,183.32994384765624,184.6922805786133,199.34941734313963,184.54382562818807,60.4968282833939,0.9917516039472787,0.1805737080896903,0.8111778958575884,189.14916253875228,183.32994384765624,177.5107251565602,0.06348355941167692,3.3403586256933195,0.017759256940069912,11.74975175159095,22.136285150103156,16.48662802518161,152720228.0,10037054.5,189.14087133661505,175.56415041873865,300.26726854997025,173.74461738996985
2023-01-23,189.04756863792804,190.23727490099407,187.7878679280199,189.88735961914062,8815290,183.94812774658203,184.78979034423827,198.9011759185791,185.0527336273264,64.08232408980135,1.282264054825049,0.4009117774367621,0.8813522773882869,189.79552930624058,183.94812774658203,178.10072618692348,0.0635766357754321,3.2767192219276664,0.017256120831317164,12.329498538197631,23.344366018321868,15.606338518891432,161535518.0,9894299.7,190.23727490099407,177.40705565250505,291.79050422623004,173.74461738996985
2023-01-24,191.00984343990316,191.85171714417572,189.48980915866605,190.16798400878906,9552640,184.43804321289062,184.8873141479492,198.46740097045898,185.53990033032284,64.62256901683519,1.5176468203015077,0.6242587860097113,0.8933880342917964,190.63548570650724,184.43804321289062,178.240600719274,0.06720351599548387,3.211375562183524,0.016887046360207,13.375393049053958,25.70888413623368,14.786468767516684,171088158.0,9972006.8,191.85171714417572,177.9435756787443,287.5174799620827,173.74461738996985
2023-01-25,189.41965661168612,189.84058632730262,187.0811423325295,187.8060760498047,6355554,184.7818717956543,184.9273355102539,198.0514429473877,185.7557265893211,56.869335524438654,1.4963540863221851,0.7986778460722062,0.697676240249979,190.9253383410586,184.7818717956543,178.63840525025,0.06649425601877441,3.202480284617526,0.017052058974749325,13.215560033921884,23.9388441326634,19.140754402111682,164732604.0,10065346.8,191.85171714417572,177.9435756787443,285.0242602539062,173.74461738996985
2023-01-27,187.80607312913207,188.76487253257056,184.36846861075864,186.1691131591797,7410134,184.97503356933595,184.94861419677736,197.62076797485352,185.79509673883143,52.19531401350213,1.332035342370375,0.90534934533184,0.42668599703853505,191.03735273486424,184.97503356933595,178.91271440380766,0.0655474314403181,3.287760544417126,0.017660075232812655,12.518980516530204,21.652337062259083,23.205981040845703,157322470.0,9999324.4,191.85171714417572,177.9435756787443,285.0242602539062,173.74461738996985
2023-01-30,186.1691109777409,189.32610516851412,184.76600244850837,188.1334686279297,7261256,185.21975860595703,185.036240234375,197.22919136047364,186.01779882350746,56.78528686465513,1.3448164169252834,0.9932427596505288,0.35157365727475465,191.37642246633106,185.21975860595703,179.063094745583,0.06647955819305369,3.3786421283877415,0.017958751055983876,11.66197975385539,20.751433767841124,20.968783516693357,164583726.0,9895561.2,191.85171714417572,177.9435756787443,285.0242602539062,173.74461738996985
2023-01-31,188.15685549302887,188.27378120841684,186.00543374841746,186.5432891845703,9566846,185.3779769897461,185.14058410644532,196.85858993530275,186.06784552456105,52.3992203808577,1.212652614705405,1.0371247306615041,0.17552788404390096,191.49982214105486,185.3779769897461,179.2561318384373,0.06604716753001784,3.299335366360001,0.01768670093028949,10.866193331371633,19.732365707766967,19.939041775494392,155016880.0,9845796.2,191.85171714417572,177.9435756787443,285.0242602539062,173.74461738996985
2023-02-01,187.7826988194839,188.9051828320172,186.30943766096152,188.20362854003906,7029896,185.5259017944336,185.27673522949217,196.49512397766114,186.27125343079706,56.203030729011886,1.2277347967106493,1.0752467438713333,0.152488052839316,191.76952196765234,185.5259017944336,179.28228162121485,0.06730726128081889,3.249078923838264,0.017263635930096024,10.309724029794737,19.994417323888957,18.801210043191034,162046776.0,10046162.9,191.85171714417572,177.9435756787443,285.0242602539062,173.74461738996985
2023-02-02,188.2036322438391,191.75817691444598,188.2036322438391,191.50094604492188,10835460,186.01015014648436,185.47929931640624,196.19619941711426,186.76931939404705,62.595607907024174,1.4885939163725368,1.1579161783715741,0.3306777380009627,192.52416061149668,186.01015014648436,179.49613968147204,0.0700393011874082,3.270898170307454,0.01708032382012449,10.819628025429992,24.672649275846275,17.34180725803524,172882236.0,10097936.6,191.85171714417572,177.9435756787443,285.0242602539062,173.74461738996985
2023-02-03,192.95080107069683,193.1612730581105,189.9575057471882,190.77598571777344,8850236,186.52346801757812,185.5787188720703,195.91266212463378,187.15090666297337,60.50458698547515,1.6181750932425132,1.249967961345762,0.36820713189675125,192.8377249812999,186.52346801757812,180.20921105385634,0.06770469186351101,3.2661031089228,0.017120095575103175,11.722489039813679,26.01247634847507,16.126748181017643,164032000.0,10193383.5,193.1612730581105,177.9435756787443,285.0242602539062,173.74461738996985
2023-02-06,189.60672805694918,189.98089889200642,187.82946297819063,189.25595092773438,5958022,187.07509002685546,185.60528137207032,195.60741157531737,187.35138706914108,56.2608834664634,1.580001728983774,1.3159747148733645,0.2640270141104095,192.2100805872779,187.07509002685546,181.94009946643303,0.0548976409385695,3.243275939684229,0.01713698260892543,11.623488639028952,24.324448685373067,19.766948700992867,158073978.0,10157446.3,193.1612730581105,179.6698294013699,285.0242602539062,173.74461738996985
2023-02-07,189.6535013796536,189.6535013796536,186.63681235621345,187.3149871826172,6683580,187.30105285644532,185.56643096923827,195.28615753173827,187.34792041328166,51.311823027400614,1.3772533900938413,1.3282304499174598,0.049022940176381535,192.04582028454055,187.30105285644532,182.5562854283501,0.05066461032369957,3.227091159952508,0.017228152474560676,11.056423365582303,22.700268232333617,21.086897358616746,151390398.0,10031109.7,193.1612730581105,180.3230179165845,285.0242602539062,173.74461738996985
2023-02-08,187.54885239650957,190.63569421826597,187.54885239650957,190.23814392089844,8300976,187.64401397705078,185.59070922851564,194.9830185699463,187.62317979495944,57.39090356708947,1.4358960736173856,1.349763574657445,0.08613249895994057,192.19275078502818,187.64401397705078,183.09527716907337,0.04848262101804884,3.2337780082165275,0.0169985784215869,10.879036623343335,23.204727796635012,19.54020119790221,159691374.0,9997917.1,193.1612730581105,180.3230179165845,285.0242602539062,173.74461738996985
2023-02-09,190.23814000027207,191.2670920107048,188.74148512567146,190.96307373046875,5277374,188.0045593261719,185.61315673828125,194.70298301696778,187.9412649316746,58.765893477901564,1.5233068666158829,1.3844722330491328,0.13883463356675008,192.40285118912576,188.0045593261719,183.60626746321802,0.04678920424821408,3.183194356560586,0.016669161709522155,10.935993697528556,23.306462057603603,18.432803561790323,164968748.0,10018991.1,193.1612730581105,180.3230179165845,285.0242602539062,173.74461738996985
2023-02-10,190.3550724081829,190.3550724081829,188.39071460035814,189.7938232421875,5160140,188.29147872924804,185.5487677001953,194.41733421325682,188.11769905648535,55.64676411873993,1.4811579405083535,1.4038093745409772,0.07734856596737627,192.35803219688907,188.29147872924804,184.224925261607,0.04319423794518595,3.139563268957016,0.016541967569464883,10.830110412850406,21.942473654292755,18.152083489161658,159808608.0,9900029.8,193.1612730581105,180.3230179165845,285.0242602539062,173.74461738996985
2023-02-13,189.72366438957843,189.72366438957843,186.70698947331798,187.3617706298828,4825356,188.47079162597657,185.4478680419922,194.1435527038574,188.0457058729994,49.73374485135672,1.237246089835594,1.3704967175999005,-0.13325062776430663,192.00665449542203,188.47079162597657,184.93492875653112,0.03752160044472495,3.135796876093624,0.016736588609039798,10.110633928709062,20.399626622217635,20.711014915373333,154983252.0,9682511.8,193.1612730581105,181.48938913165395,285.0242602539062,173.74461738996985
2023-02-14,188.48425180745647,190.0978323771063,187.78269752033194,189.4664306640625,4638822,188.64569778442382,185.38952819824217,193.8718967437744,188.18101299595781,54.263037379242796,1.1999404991309746,1.3363854739061154,-0.13644497477514084,192.0110702197217,188.64569778442382,185.28032534912595,0.03567929165438667,3.1072443668886143,0.016399973103404162,9.491516906234887,19.976701604476247,19.408376652627954,159622074.0,9242686.6,193.1612730581105,183.7055213620349,285.0242602539062,173.74461738996985
2023-02-15,188.34394986883643,190.75261677437803,187.24484527897997,190.54214477539062,5227672,188.9268768310547,185.36203369140625,193.63769493103027,188.40588268923713,56.424253840649705,1.2428498885238355,1.3176783568296595,-0.07482846830582401,191.91861240715656,188.9268768310547,185.93514125495284,0.03167083081331174,3.135853447496432,0.016457532013156185,9.194908247251066,19.87203051549976,17.857644781159035,164849746.0,8281255.5,193.1612730581105,184.36846861075864,285.0242602539062,173.74461738996985
2023-02-16,191.19693449214034,193.27821804850842,191.0800087703929,191.71141052246094,11189362,189.10672454833986,185.40504699707031,193.44153152465822,188.7206948638299,58.70824956126475,1.355579584953773,1.3252586024544823,0.030320982499290716,192.30669658938515,189.10672454833986,185.90675250729456,0.03384302751462776,3.107297720755101,0.0162082043645026,9.873152917838258,24.427867719392005,16.73448640190689,176039108.0,7827137.5,193.27821804850842,184.36846861075864,285.0242602539062,173.74461738996985
2023-02-17,190.28489403914466,190.82274942431212,188.95193815544633,190.02764892578125,5616244,189.1977180480957,185.43864532470704,193.24453079223633,188.84516667925382,54.29496372350267,1.2941352073793837,1.3190339234394628,-0.024898716060079096,192.39376271182704,189.1977180480957,186.00167338436438,0.03378523479779884,3.0824530526307803,0.01622107661730156,9.541021382144574,22.865845876820416,20.595713294147366,170422864.0,7582584.3,193.27821804850842,184.36846861075864,285.0242602539062,173.74461738996985
2023-02-20,189.55996845969187,190.72922564060082,188.11010097389197,190.37844848632812,6497188,189.31208419799805,185.56930450439452,193.02735610961915,188.9911935180228,55.053063116776336,1.2592310564757838,1.307073350046727,-0.04784229357094327,192.5052485348992,189.31208419799805,186.11891986109688,0.03373439524929101,3.0493581679220703,0.01601734961161351,8.886063576610217,21.463009662415317,21.304081973085232,176920052.0,7391023.7,193.27821804850842,184.36846861075864,285.0242602539062,173.74461738996985
2023-02-21,190.54214024996415,190.82276481756284,188.063320828019,188.36732482910156,5761172,189.2360824584961,185.6382797241211,192.8375666809082,188.93177745241127,49.9389971540543,1.0571027712144314,1.2570792342802681,-0.19997646306583672,192.44318693384733,189.2360824584961,186.02897798314487,0.0338952744496243,3.0286500123236264,0.016078425571268287,8.31693635749463,20.286812462075208,19.917622171000552,171158880.0,7252602.4,193.27821804850842,184.36846861075864,285.0242602539062,173.74461738996985
2023-02-22,186.84728486999234,187.24483513924093,184.48539123358978,184.81277465820312,6883372,188.96832199096679,185.6231005859375,192.6345534515381,188.5394914720105,42.435778999486764,0.6031395395423544,1.1262912953326853,-0.5231517557903309,192.67482691114049,188.96832199096679,185.2618170707931,0.03922884937667892,3.089598839694209,0.016717452813574073,8.986220504411902,18.4661401508678,26.401914592748906,164275508.0,7099896.5,193.27821804850842,184.36846861075864,285.0242602539062,173.74461738996985
2023-02-23,185.11677998073148,186.4731296471129,183.99429600955213,184.2515411376953,6078322,188.79059524536132,185.57523498535156,192.44156425476075,188.13111524969477,41.37865065389916,0.19582619070419582,0.9401982744069874,-0.7443720837027916,193.00856546062678,188.79059524536132,184.57262503009585,0.044684113737589425,3.0459727538275345,0.016531599871673314,9.763670871027767,17.392720705837288,26.018822534925075,158197186.0,6966433.1,193.27821804850842,183.99429600955213,285.0242602539062,173.74461738996985
2023-02-24,185.18694899428633,185.44417985228344,183.59674788724075,183.94752502441406,5106634,188.67951583862305,185.5665447998047,192.26046844482423,187.7326780853823,40.785938701636866,-0.14977758953853026,0.722203101617884,-0.8719806911564143,193.26847545555506,188.67951583862305,184.09055622169103,0.048642902188247475,2.9603626974857598,0.01609351741532185,10.614963937333203,16.61743278447372,25.818239192801002,153090552.0,6952571.5,193.27821804850842,183.59674788724075,285.0242602539062,173.74461738996985
2023-02-27,183.69029404215735,183.94752489998044,180.27606895191013,182.56781005859375,5554710,188.40123291015624,185.5811151123047,192.06804176330567,187.24078589235484,38.117431120543266,-0.5289056472352627,0.47198135184725476,-1.0008869990825175,193.7078081531729,188.40123291015624,183.0946576671396,0.05633270187299914,3.011155081415629,0.016493351596041064,12.350721859614671,15.170190948785413,31.446771292652272,147535842.0,6837396.5,193.27821804850842,180.27606895191013,285.0242602539062,173.74461738996985
2023-02-28,183.26938125124516,183.9007830106504,180.39301131746527,181.02439880371094,10061602,188.1252883911133,185.57134857177735,191.87991180419922,186.6487490267697,35.33253055658591,-0.9430370102392089,0.18897767942996205,-1.132014689669171,194.293619170891,188.1252883911133,181.95695761133558,0.06557683799483373,3.0466276965420223,0.016829928543751458,13.96249707316175,13.922592158753659,28.860584081985724,137474240.0,6752069.2,193.27821804850842,180.27606895191013,285.0242602539062,173.74461738996985
2023-03-01,181.51547847452605,183.22259101802018,181.14130763158983,182.8484344482422,4542612,187.85752868652344,185.5989959716797,191.7024183654785,186.28681430500518,40.834184449004724,-1.1112449268724163,-0.07106684183051362,-1.0401780850419027,194.44003076720963,187.85752868652344,181.27502660583724,0.07007972612766958,2.9860251620968237,0.016330602835662015,15.459145485741178,13.190502507198177,27.343012159792746,142016852.0,6776807.0,193.27821804850842,180.27606895191013,285.0242602539062,173.74461738996985
2023-03-02,181.79611423623936,182.5678211296639,181.14131878905818,181.49209594726562,4438972,187.35708618164062,185.594384765625,191.47463706970214,185.83017446141096,38.229666466145225,-1.3385659393908895,-0.3245666613425888,-1.0139992780483007,194.26913447585662,187.35708618164062,180.44503788742463,0.0737847543969043,2.894674483317337,0.015949314311508166,16.84889044027922,12.634858648787581,26.19120033391696,137577880.0,6652442.8,193.27821804850842,180.27606895191013,285.0242602539062,173.74461738996985
2023-03-03,182.68473081792388,183.08228108363787,181.9831765630725,182.6145782470703,4393936,186.94901580810546,185.61922149658204,191.2650651550293,185.52392720290234,41.55218816484658,-1.4118693875119277,-0.5420272065764566,-0.869842180935471,193.96833396564796,186.94901580810546,179.92969765056296,0.07509339513985468,2.801496672821259,0.015341035199451297,17.811582108429775,13.434284166025064,25.12929709486826,141971816.0,6332618.4,193.27821804850842,180.27606895191013,285.0242602539062,173.74461738996985
2023-03-06,183.549996740002,185.51434022688795,183.38629788113846,184.1580047607422,6727722,186.69411849975586,185.7785009765625,191.13342666625977,185.39383935126804,45.864049485294004,-1.3300888413592986,-0.6996395335330251,-0.6304493078262735,193.73006160993356,186.69411849975586,179.65817538957816,0.07537401999288905,2.8085156233210005,0.015250575868096637,17.331440637594056,18.62893692082855,23.27603086386504,148699538.0,6109803.4,193.27821804850842,180.27606895191013,285.0242602539062,173.74461738996985
2023-03-08,183.17582427394015,183.8072259964988,181.86626196083674,183.62014770507812,4908842,186.5093765258789,185.90043029785156,190.97938697814942,185.2249163373452,44.62846049345908,-1.2937640322458606,-0.8184644332755922,-0.4752995989702684,193.66344814748325,186.5093765258789,179.35530490427456,0.07671540975433683,2.7716032787913183,0.01509422203081404,17.459521989797413,17.52867813392526,25.818677689118523,143790696.0,6148288.4,193.27821804850842,180.27606895191013,285.0242602539062,173.74461738996985
2023-03-09,183.71368643495168,184.20478302520016,182.21704577567644,182.45089721679688,4157054,186.12001419067383,185.94205474853516,190.80457130432129,184.96072404015013,41.98071156029141,-1.3438342175356013,-0.923538390127594,-0.4202958274080073,193.26758988163076,186.12001419067383,178.9724384997169,0.07680609441211918,2.715612848129347,0.01488407505556153,17.367242274582853,17.65791221959412,24.468791724244277,139633642.0,6059551.5,193.27821804850842,180.27606895191013,285.0242602539062,173.74461738996985
2023-03-10,181.42192046413118,182.35732610124776,180.81391250926833,181.98316955566406,4567396,185.6710189819336,185.96312805175782,190.64153030395508,184.67714742258002,40.934488138716375,-1.4050602534223628,-1.0198427627865478,-0.385217490635815,192.6719548503526,185.6710189819336,178.6700831135146,0.07541226311792047,2.638567980943575,0.01449896706044843,17.797802500528604,16.87540626292364,27.182879969421563,135066246.0,5852355.4,193.27821804850842,180.27606895191013,285.0242602539062,173.74461738996985
2023-03-13,181.9364167526891,183.62014994230722,179.48097668083406,180.2760772705078,5982520,185.19513168334962,185.92253204345704,190.50517852783204,184.25799788428745,37.282508122674315,-1.5731955891475593,-1.1305133280587503,-0.44268226108880904,192.303493264626,185.19513168334962,178.08677010207322,0.0767661818824743,2.745754072409974,0.015230828815350334,18.641104480435175,15.058309014436215,27.723427102927886,129083726.0,5816856.5,193.27821804850842,179.48097668083406,285.0242602539062,173.74461738996985
2023-03-14,180.79052738362913,181.07115194271225,176.4876698126006,177.4698486328125,8094852,184.7005355834961,185.80714965820312,190.33496719360352,183.61150747938507,32.197295081608274,-1.9108560929176406,-1.2865818810305285,-0.6242742118871121,192.48175900526365,184.7005355834961,176.91931216172856,0.08425772450724653,2.877020362245809,0.016211319186947654,20.248254110691274,13.344743251769103,32.00019444309856,120988874.0,5857975.5,193.27821804850842,176.4876698126006,285.0242602539062,173.74461738996985
2023-03-15,179.4575928055786,179.4575928055786,175.34179908023552,175.73934936523438,7687926,184.0141815185547,185.65435821533202,190.12437759399415,182.86177813518026,29.523066384699348,-2.2916743084655025,-1.4876003665175233,-0.8040739419479792,192.39158749137826,184.0141815185547,175.63677554573113,0.09105174290035736,2.965504173895614,0.016874446073727553,22.006685759778364,12.02181208532949,31.587854867327575,113300948.0,6021450.3,193.27821804850842,175.34179908023552,285.0242602539062,173.74461738996985
2023-03-16,175.55228335295445,176.18368511173645,173.05007002632033,174.38302612304688,7686620,183.2062255859375,185.43711608886719,189.88531173706053,182.0542779435485,27.588915904377245,-2.672116937590971,-1.7245036807322127,-0.9476132568587583,192.01523970053978,183.2062255859375,174.3972114713352,0.09616500843711998,2.977512096147079,0.01707455227922303,24.111936587894913,11.11809183432401,34.71099743591196,105614328.0,6173905.5,193.27821804850842,173.05007002632033,285.0242602539062,173.05007002632033
2023-03-17,176.4175161038826,176.95537151264924,174.85070874283008,176.09011840820312,9044282,182.4251609802246,185.32259887695312,189.65058242797852,181.48626274970607,33.494524735734245,-2.803554747490608,-1.940313894083892,-0.8632408534067162,190.8405423803861,182.4251609802246,174.0097795800631,0.0922611919862715,2.9485716171081706,0.01674467394174239,25.615749003116907,12.294668014423085,32.54799674517805,114658610.0,6296852.9,190.82276481756284,173.05007002632033,285.0242602539062,173.05007002632033
2023-03-20,175.38857235334294,175.83289577923483,170.7816963315634,171.71710205078125,8184754,181.5096336364746,185.1467483520508,189.4110171508789,180.55586649266561,27.342632274779504,-3.2234283564372106,-2.1969367865545557,-1.0264915698826549,190.38875653552222,181.5096336364746,172.630510737427,0.09783638169674917,3.1171323642175666,0.018152719368020483,27.76186276584916,10.799124778642886,37.91288044730226,106473856.0,6189598.9,190.82276481756284,170.7816963315634,285.0242602539062,170.7816963315634
2023-03-21,172.58236335491802,173.16699195706883,170.92202383407343,171.3663330078125,7211152,180.55902786254882,185.0096047973633,189.16176666259764,179.68067282744153,26.91559697983938,-3.543636510960539,-2.4662767314357525,-1.0773597795247865,189.5072317195918,180.55902786254882,171.61082400550583,0.09911665966494719,3.0548349184159833,0.017826342343899692,29.75468268838625,10.232255454352337,35.92275167653612,99262704.0,6318024.4,190.82276481756284,170.7816963315634,285.0242602539062,170.7816963315634
2023-03-22,172.04450789557114,173.05006623663868,171.10910213212983,171.3663330078125,5374846,179.70897827148437,184.78101684570314,188.9093669128418,178.88883093985783,26.915596979839393,-3.754128523638798,-2.7238470898763616,-1.0302814337624362,188.7581352749301,179.70897827148437,170.65982126803863,0.10070901399011106,2.975272717422617,0.017362060943948515,31.60515833074212,9.755457852650533,34.248840980862816,99262704.0,6353722.6,187.24483513924093,170.7816963315634,285.0242602539062,170.7816963315634
2023-03-23,170.6647718403782,170.6647718403782,168.53672952316236,169.0745849609375,9485192,178.92206878662108,184.4949301147461,188.65087371826172,177.9541408466273,24.0674141745385,-4.059079334762629,-2.9908935388536153,-1.0681857959090135,188.76171578378552,178.92206878662108,169.08242178945665,0.10998807541063037,2.9648677722245824,0.017535857165697475,33.73926856906809,9.090429940666024,38.11137462073992,89777512.0,6334406.3,186.4731296471129,168.53672952316236,284.5615752043085,168.53672952316236
2023-03-24,169.9398558337213,171.5768160247955,168.84075113651087,169.1915283203125,7906696,178.16906814575196,184.2037173461914,188.40591209411622,177.11960632031162,24.506416944602208,-4.242414781080328,-3.241197787298958,-1.0012169937813695,188.55206586381652,178.16906814575196,167.7860704276874,0.11655219198397225,2.9485247090860143,0.017427141526281876,35.17030841787584,10.697345233816266,35.5852882305157,97684208.0,6464497.3,185.51434022688795,168.53672952316236,284.5615752043085,168.53672952316236
2023-03-27,169.1914930086235,170.24382434039794,167.99885654187534,168.9576416015625,6227714,177.41957397460936,183.90176147460937,188.15336601257323,176.34227634709742,24.205006050350605,-4.35636468631688,-3.4642311671025428,-0.8921335192143371,188.1830138791714,177.41957397460936,166.65613407004733,0.12133317269832242,2.89827064404577,0.017153829898268226,36.64872563845845,10.105485009736638,35.69130300901172,91456494.0,6555916.0,185.51434022688795,167.99885654187534,284.36446365568736,167.99885654187534
2023-03-28,169.7761534436113,170.2672357814983,166.2216085334106,166.5957794189453,7813096,176.62097244262696,183.55816680908202,187.8781632232666,175.4140385444163,21.34939894028156,-4.584407154431062,-3.6882663645682467,-0.8961407898628155,188.08529186040926,176.62097244262696,165.15665302484467,0.12981832518792555,2.980224687191622,0.017888956716587204,38.31590239425643,9.125620598692182,36.49016638274879,83643398.0,6611970.0,185.51434022688795,166.2216085334106,284.36446365568736,166.2216085334106
2023-03-29,167.43762862983252,168.72381153131866,166.03452001002947,167.9287109375,8823840,175.9661880493164,183.1973748779297,187.64251708984375,174.70115020090043,26.61150061143394,-4.604498230197834,-3.871512737694164,-0.7329854925036696,187.83836976024278,175.9661880493164,164.09400633839002,0.13493707902110239,2.95944374677002,0.017623214816860418,39.893932590753934,8.533292729902897,34.57320761999556,92467238.0,6724889.3,185.51434022688795,166.03452001002947,284.36446365568736,166.03452001002947
2023-03-31,169.93984333981496,171.06232739082353,168.98104387735165,170.82847595214844,7914212,175.3651901245117,182.9155731201172,187.456011428833,174.33232408197168,36.55608852338149,-4.336445901152047,-3.9644993703857407,-0.3719465307663059,186.9974753073273,175.3651901245117,163.73290494169612,0.13266355967859425,2.9718846543809847,0.017396892630555653,39.943275708758954,13.511170972579759,31.969300267263755,100381450.0,6663001.2,185.51434022688795,166.03452001002947,284.36446365568736,166.03452001002947
2023-04-03,172.0912628173828,172.30172052797835,170.7816863233272,172.0912628173828,4053500,174.89514846801757,182.5951092529297,187.27628631591796,174.11888967582036,40.346994778245445,-3.97628007118405,-3.966855510545403,-0.009424560638646717,186.25570421803647,174.89514846801757,163.53459271799866,0.12991276029702295,2.868181050828854,0.016666627950034086,39.32746031100519,16.086269213287046,30.759114910764996,104434950.0,6831581.2,185.51434022688795,166.03452001002947,284.36446365568736,166.03452001002947
2023-04-05,172.90977180884437,173.93870964857035,171.7405145320011,172.9331512451172,6443110,174.41107711791992,182.28961669921875,187.11430061340332,174.00596220622958,42.800865718072316,-3.5816259415473155,-3.8898095967457857,0.30818365519847024,185.22666281907993,174.41107711791992,163.5954914167599,0.12402406865301983,2.820324912667454,0.016308757993254267,37.95186100072042,19.336607829398396,29.0466846492944,110878060.0,6812307.6,185.51434022688795,166.03452001002947,284.36446365568736,166.03452001002947
2023-04-06,172.58236575032916,173.26054064750073,171.10910450709238,171.48326110839844,6429614,173.77733993530273,181.9574594116211,186.98658882141115,173.76570495881708,39.766927931224174,-3.3472684897291742,-3.7813013753424634,0.4340328856132891,183.68109197252846,173.77733993530273,163.873587898077,0.11398208812395096,2.772547143220375,0.016168033692033564,36.87075130105396,18.264837391600338,29.06340252494692,104448446.0,6914766.3,184.20478302520016,166.03452001002947,284.36446365568736,166.03452001002947
2023-04-10,172.11465584460282,175.10795135248588,171.92757755157743,174.59347534179688,5624940,173.32600631713868,181.65158172607423,186.91431831359864,173.8445402333866,48.24247115177575,-2.8774013337631743,-3.6005213670266056,0.7231200332634313,182.15926951468413,173.32600631713868,164.49274311959323,0.10192657622749375,2.833414507568023,0.016228639140272137,35.00964373840512,21.25307176088788,26.407701343039164,110073386.0,6899860.9,184.20478302520016,166.03452001002947,284.36446365568736,166.03452001002947
2023-04-11,174.6870111623863,175.3184128525446,172.39527009547658,173.16697692871094,6784354,172.86181030273437,181.31156158447266,186.81287071228027,173.78001039484607,45.10740949173586,-2.5902756424261497,-3.3984722221065145,0.8081965796803647,180.64107493643218,172.86181030273437,165.08254566903656,0.09000559024661275,2.8398236682465954,0.016399337325243533,33.187704551206636,20.21981815139836,24.46609485289841,103289032.0,6935665.8,183.62014994230722,166.03452001002947,284.36446365568736,166.03452001002947
2023-04-12,173.33068455493364,174.66364057428706,172.74605597391533,174.0556182861328,5578210,172.4654327392578,181.03655242919922,186.69137229919434,173.8062587654448,47.400585366149144,-2.264912036456934,-3.1717601849765984,0.9068481485196642,179.0634395690388,172.4654327392578,165.86742590947682,0.07651396253713282,2.773949449112676,0.01593714397976247,31.495903877379472,19.221416707105874,23.25802343235295,108867242.0,7067030.8,183.62014994230722,166.03452001002947,278.99914352316256,166.03452001002947
2023-04-13,173.00328654349664,173.00328654349664,171.17924822848062,172.2549591064453,6724634,172.0643768310547,180.75826934814452,186.5932960510254,173.6585159407782,43.44047003196642,-2.127828894701622,-2.9629739269216033,0.8351450322199812,177.60494873214327,172.0643768310547,166.5238049299661,0.06440115035000789,2.781265206865499,0.016146212691309572,30.52475275383249,17.801510313798207,25.563810949509143,102142608.0,7117571.5,181.07115194271225,166.03452001002947,276.1997653374939,166.03452001002947
2023-04-17,168.3496439237396,169.28504960905408,164.63140061535125,169.00442504882812,13603290,171.64110565185547,180.3756884765625,186.460771484375,173.2152691891639,37.370808089197325,-2.2554806726268453,-2.821475276062652,0.5659946034358065,176.74111927228455,171.64110565185547,166.5410920314264,0.05942648296351089,3.1271432985961103,0.018503322014749777,31.35051670231744,14.701673951326875,36.068550290787435,88539318.0,7154677.2,179.4575928055786,164.63140061535125,273.86705133854855,164.63140061535125
2023-04-18,169.9866171046055,172.53558923160176,168.02225930327845,172.06788635253906,8024898,171.4575325012207,180.08618041992187,186.3442640686035,173.10599463329487,45.149286179613554,-2.0854105864018777,-2.6742623381304975,0.5888517517286198,176.2064956057807,171.4575325012207,166.7085693966607,0.0553952111089222,3.2261566292909105,0.018749324453727765,30.736406963164598,20.429419442332676,32.46432205345987,96564216.0,7430099.1,176.95537151264924,164.63140061535125,272.5839836999468,164.63140061535125
2023-04-19,172.06788566553118,172.06788566553118,168.5601140865662,168.7471923828125,7475944,171.17574081420898,179.69705169677735,186.196806640625,172.6908706094394,39.43225482197601,-2.193298093794681,-2.578069489263334,0.38477139546865313,175.8653581199408,171.17574081420898,166.48612350847716,0.05479301311535541,3.246272031911051,0.019237487664664075,30.166162205379816,18.8526272189255,29.95864680915951,89088272.0,7446947.7,176.95537151264924,164.63140061535125,265.0025182053982,164.63140061535125
2023-04-20,168.6068890245973,170.10354395682555,167.9053347013327,169.70599365234375,4423266,170.856534576416,179.2611526489258,186.0486612701416,172.40659661352552,41.726679889221444,-2.1763449217461073,-2.497724575759889,0.32137965401378166,175.002225098142,170.856534576416,166.71084405469003,0.04852832268901967,3.171410405024037,0.01868767470594423,29.8066341096931,17.919243051576863,29.950145945722394,93511538.0,7436413.9,175.83289577923483,164.63140061535125,263.8361025178857,164.63140061535125
2023-04-21,170.29061328249801,172.4420492817828,170.08014128734465,172.13803100585938,5299988,170.87758102416993,178.8883935546875,185.92783905029296,172.38101893660493,47.191349000012046,-1.9442521926897598,-2.3870300991458633,0.4427779064561035,175.04475145915632,170.87758102416993,166.71041058918354,0.04877375264806633,3.140313635339395,0.018242997302743067,28.525905864203317,22.12315633020336,28.086245098932828,98811526.0,7205363.1,175.3184128525446,164.63140061535125,256.53458825525985,164.63140061535125
2023-04-24,175.38856619145,177.07229928151952,173.30728283004822,176.76829528808594,17779044,171.1476791381836,178.63864044189452,185.84113220214843,172.79885477960312,55.707519252646904,-1.370890628121117,-2.183802204940914,0.812911576819797,176.043169376859,171.1476791381836,166.2521888995082,0.05720778994289258,3.2684532525051626,0.018490042273578762,27.11254344702414,29.85646502828238,25.05761575157457,116590570.0,7061124.8,177.07229928151952,164.63140061535125,254.52839450052036,164.63140061535125
2023-04-25,176.88521670300042,177.2126001213787,174.96763223791322,175.69256591796875,7528552,171.3639907836914,178.40619201660155,185.7351667022705,173.07444631659033,53.547008633079265,-0.9918662110111995,-1.9454150061549713,0.9535487951437718,176.64606414841367,171.3639907836914,166.08191741896914,0.0616474130949681,3.1953471547166137,0.0181871505946844,25.83909785391018,28.671779954501222,23.800127913460862,109062018.0,7589519.4,177.2126001213787,164.63140061535125,253.10541762840614,164.63140061535125
2023-04-26,176.62799769232976,176.62799769232976,174.6402603632563,175.17811584472656,7008146,171.66916732788087,178.10499145507814,185.63059463500977,173.27479579546045,52.49839972631884,-0.724645192496979,-1.7012610434233728,0.9766158509263938,177.090329779773,171.66916732788087,166.24800487598876,0.06315825417313202,3.1090893100278176,0.017748160465338236,24.541105603453932,27.362440015477805,23.465367157597182,102053872.0,7697204.7,177.2126001213787,164.63140061535125,253.10541762840614,164.63140061535125
2023-04-27,176.0433463550699,176.13689263245726,174.00883614373745,175.10794067382812,8491700,171.96498794555663,177.7878887939453,185.54130126953126,173.44938102197165,52.347807776692505,-0.5126239501145449,-1.4635336247616073,0.9509096746470624,177.45827989055917,171.96498794555663,166.4716960005541,0.06388849277553744,3.0390155370772454,0.017355098377508708,23.106502087878415,25.993838494178547,23.775777715387495,93562172.0,7573352.4,177.2126001213787,164.63140061535125,252.33556338429042,164.63140061535125
2023-04-28,177.727098341112,181.4687214640828,177.727098341112,180.06561279296875,27709406,172.52038650512696,177.59332458496092,185.47108100891114,174.0794983334952,60.88440251235193,0.05481524302382468,-1.159863851204521,1.2146790942283456,178.86527297615947,172.52038650512696,166.17550003409445,0.07355520816485016,3.276284483732775,0.018194948124269,23.230183545745696,34.01341451151045,20.478651898534096,121271578.0,7602602.6,181.4687214640828,164.63140061535125,250.8892910488383,164.63140061535125
2023-05-02,181.93643507229172,183.40969640911908,181.21150125877423,181.63243103027344,9746608,173.27221908569337,177.47873779296876,185.39761413574217,174.79882525699787,63.132284499732506,0.623753783723231,-0.8031403242189706,1.4268941079422017,180.17020811685362,173.27221908569337,166.37423005453311,0.07962025381286064,3.2811272789054575,0.01806465541585235,23.75936478532325,35.76267813508614,18.987824455194943,131018186.0,8676687.2,183.40969640911908,164.63140061535125,250.8892910488383,164.63140061535125
2023-05-03,181.63239994576995,181.63239994576995,178.68586350322406,180.11236572265625,4828488,173.88140182495118,177.29165649414062,185.3205126953125,175.30487672991774,59.556424802465,0.9411362764416253,-0.45428500408685146,1.3954212805284767,180.93439718662802,173.88140182495118,166.82840646327435,0.08112420635735595,3.2572301537728805,0.01808443379611417,23.340073589597456,33.45183774313304,23.299438471747486,126189698.0,8773362.8,183.40969640911908,164.63140061535125,246.57362054005796,164.63140061535125
2023-05-04,179.9486934269577,180.60347464197545,179.15359277597614,179.45761108398438,6253358,174.31285858154297,177.0699658203125,185.25856636047362,175.70037523982887,58.03168695359642,1.1268414345868791,-0.13805971635210537,1.2649011509389845,181.61730068917433,174.31285858154297,167.0084164739116,0.0838084139870194,3.12813384750334,0.01743104585315919,22.95073176499493,32.344349214541595,22.528064981650378,119936340.0,8573595.2,183.40969640911908,164.63140061535125,246.57362054005796,164.63140061535125
2023-05-05,179.0132796913558,179.78498659894663,177.2593938681224,177.44647216796875,7902194,174.58061904907225,176.78466705322265,185.19134643554688,175.866670185366,53.50087905346802,1.0990626969890513,0.10936476631612599,0.9896979306729253,181.9321427758782,174.58061904907225,167.22909532226632,0.08421924228301107,3.085095196311975,0.01738606103925053,21.93032282559655,30.453028709675397,25.59634662973612,112034146.0,8490552.5,183.40969640911908,164.63140061535125,246.57362054005796,164.63140061535125
2023-05-08,178.19481214820237,179.1302179862507,177.54003091620064,177.89080810546875,9613544,174.82850189208983,176.5419302368164,185.13206344604492,176.05944522537578,54.34891758740727,1.1002193996176572,0.30753569297643224,0.792683706641225,182.27482701090804,174.82850189208983,167.38217677327162,0.08518433823123803,2.9849988121669733,0.01677994970036458,20.98280023901234,29.226056224677208,24.565053048707707,121647690.0,8682987.2,183.40969640911908,164.63140061535125,242.1413810961174,164.63140061535125
2023-05-09,178.89637222378238,179.34069572026917,177.750494326418,178.80282592773438,5716698,175.19448013305663,176.31041778564452,185.08958755493165,176.32071957798135,56.11794424463725,1.1613410937710285,0.47829677313535146,0.683044320635677,182.66662310623258,175.19448013305663,167.72233715988068,0.08530112327170364,2.885370425144416,0.016137163437845096,20.168084685957208,28.59658661476853,23.59802243163172,127364388.0,8841508.9,183.40969640911908,164.63140061535125,235.07309835835966,164.63140061535125
2023-05-10,179.597898004886,179.85512886828582,178.66249228611053,179.48097229003906,3670402,175.43885498046876,176.13269073486327,185.0682315826416,176.62169602674874,57.43864238143615,1.2500909503568494,0.6326556085796511,0.6174353417771983,183.1327880447696,175.43885498046876,167.74492191616793,0.0877107077010664,2.7644608649323352,0.01540252891245207,19.57692906930869,29.044568035446847,22.870836858488822,131034790.0,8805863.1,183.40969640911908,164.63140061535125,235.0031054932283,164.63140061535125
2023-05-11,180.39299780928457,180.93085324066539,179.1769675254072,179.9019012451172,4049964,175.77560119628907,176.03447326660157,185.0235530090332,176.9340965237362,58.27800896220097,1.3389566412453178,0.7739158151127845,0.5650408261325333,183.6301848490443,175.77560119628907,167.92101754353385,0.08937057929881849,2.6922769256698955,0.014965249989224157,19.371077703783655,30.547055807965464,21.806606650337223,135084754.0,8708136.2,183.40969640911908,164.63140061535125,231.060712779652,164.63140061535125
2023-05-12,179.87851778686468,180.18252178274255,178.45201553980985,179.2471160888672,4580358,176.0351760864258,175.934384765625,184.97350105285645,177.15438410136773,56.41420852850065,1.341088419177936,0.8873503359258148,0.45373808325212117,183.98775948752277,176.0351760864258,168.08259268532882,0.09035220775639288,2.623579019760096,0.014636659584857015,18.862701539324682,29.107858480825804,22.75293469394145,130504396.0,8571416.7,183.40969640911908,164.63140061535125,231.060712779652,164.63140061535125
2023-05-15,179.2471095027664,181.00099511433945,178.89633238045178,180.41636657714844,5089694,176.44324645996093,175.8637615966797,184.91424903869628,177.4650490990611,58.939504611388884,1.4207490998805952,0.994030088716771,0.42671901116382416,184.41560213268565,176.44324645996093,168.47089078723621,0.09036736551471047,2.586513570769208,0.01433635772541279,18.66783147884099,29.676332153109612,21.430491168911594,135594090.0,8521524.1,183.40969640911908,164.63140061535125,231.060712779652,164.63140061535125
2023-05-16,181.23486148356042,181.84286950314498,180.76715861521575,180.97763061523438,4059352,177.04190673828126,175.8319580078125,184.85337097167968,177.79958067202998,60.13354582830226,1.5117436407926164,1.0975727991319402,0.4141708416606762,184.46954388566817,177.04190673828126,169.61426959089434,0.08390823714260033,2.5036556675711608,0.013834061475221942,18.76664611553285,30.870416489563702,20.55831913566195,139653442.0,8439777.1,183.40969640911908,167.9053347013327,231.060712779652,164.63140061535125
2023-05-17,180.62687878854473,181.1647343079187,178.3585167044084,178.80282592773438,5376102,177.378653717041,175.78752655029297,184.7889670562744,177.8951278392399,53.62611986867195,1.3923191192474178,1.1565220631550357,0.2357970560923821,184.47711770590692,177.378653717041,170.2801897281751,0.08003740968955113,2.5252672344239566,0.014123195320439612,17.77970291962832,28.420064616197106,25.739470192997228,134277340.0,7962580.2,183.40969640911908,167.9053347013327,231.060712779652,164.63140061535125
2023-05-18,180.15914551239229,180.22929808603286,178.7794163804414,178.943115234375,4237016,177.88844985961913,175.70942016601563,184.71605026245118,177.9949361625861,53.97214065708742,1.2940771838742933,1.1840330872988873,0.11004409657540593,183.7992624592759,177.88844985961913,171.97763725996236,0.06645527131549338,2.4484539823644917,0.013682862171911845,16.8632556662884,27.21797277563322,24.65076024397743,138514356.0,7830140.4,183.40969640911908,167.9053347013327,231.060712779652,164.63140061535125
2023-05-19,179.97206610866243,181.56226735094506,179.36405806178456,180.62686157226562,7281582,178.43449325561522,175.69211547851563,184.673946685791,178.2455957254127,58.02070185359843,1.3366756354350287,1.2145615969261156,0.122114038508913,183.10935302375918,178.43449325561522,173.75963348747126,0.0523986106368685,2.4606467062363184,0.013622817142575757,16.519476029678955,29.01799072939246,22.77656970512315,145795938.0,7668194.0,183.40969640911908,170.08014128734465,231.060712779652,164.63140061535125
2023-05-22,180.76716267723717,185.49096460829873,180.25268665586546,185.09341430664062,12197390,179.0822624206543,175.74169219970702,184.6507933807373,178.89776892362488,66.45095441511285,1.7111239209050382,1.3138740617219002,0.39724985918313793,183.67737426122403,179.0822624206543,174.48715058008457,0.051318447493990955,2.659048938107529,0.014365983511992137,17.404359970887267,35.488226363047865,19.571610614875752,157993328.0,7811109.8,185.49096460829873,173.30728283004822,231.060712779652,164.63140061535125
2023-05-23,185.67803639930176,188.06332385251395,185.23371297069488,185.98204040527344,12725634,179.54294967651367,175.77817291259765,184.61027191162108,179.57246144568666,67.83490789961661,2.055882649059839,1.462275779189488,0.5936068698703512,184.90173874735632,179.54294967651367,174.18416060567102,0.05969367307931267,2.681253267233657,0.014416732182263074,18.830635020403186,39.533219161094635,18.02313662582303,170718962.0,8155979.9,188.06332385251395,174.00883614373745,231.060712779652,164.63140061535125
2023-05-24,184.50876599653213,187.29160353768205,183.97091059794184,186.94082641601562,8256974,180.10536270141603,175.8445864868164,184.55658195495604,180.2742104904799,69.30613659781872,2.379048255746767,1.645630274500944,0.733417981245823,186.05784215929071,180.10536270141603,174.15288324354134,0.06609996913576509,2.7269275295555535,0.014587116050760818,19.573973270686047,36.09455892297975,19.763214686202996,178975936.0,7903309.4,188.06332385251395,174.00883614373745,227.6782041724172,164.63140061535125
2023-05-25,186.61345767097376,186.61345767097376,183.64354139225486,184.32171630859375,13605054,180.5625427246094,175.88200286865234,184.4774328613281,180.65968723506217,61.08642051008488,2.3961971611829824,1.7957436518373517,0.6004535093456307,186.33280551176136,180.5625427246094,174.7922799374574,0.0639142836612871,2.7676673505702114,0.015015416555347974,20.114082958722886,33.02301802123004,18.92630488016809,165370882.0,7939730.5,188.06332385251395,174.00883614373745,227.6782041724172,164.63140061535125
2023-05-26,184.81280382536704,188.27380253832197,184.74265124281828,187.8762664794922,7926180,181.2009590148926,175.99986480712892,184.41465682983397,181.34698049643646,66.83522746382377,2.665879682936179,1.9697708580571174,0.6961088248790617,187.23529456406965,181.2009590148926,175.16662346571553,0.06660379262872562,2.852268699081498,0.015181633915387818,21.040222064205892,33.91265249662378,17.053149638602026,173297062.0,8269575.9,188.27380253832197,177.2593938681224,227.6782041724172,164.63140061535125
2023-05-29,188.9519522930396,189.88735799746058,186.77713688489249,186.9875946044922,7959308,181.54705810546875,176.1340951538086,184.3410223388672,181.88418184006082,64.27850389971732,2.77589780900567,2.130996248246828,0.644901560758842,188.05653544844387,181.54705810546875,175.03758076249363,0.07171118508781864,2.870693871473398,0.015352322583459943,22.27623270280262,35.3030504939005,15.733432215955244,165337754.0,8241299.9,189.88735799746058,177.2593938681224,227.6782041724172,164.63140061535125
2023-05-30,187.08113960597825,188.88179842931743,186.82390874828332,188.25039672851562,7378972,181.87795639038086,176.34970611572265,184.26635360717773,182.49048801991367,66.25401297998246,2.931196535232857,2.2910363056440337,0.6401602295888233,189.01383843891995,181.87795639038086,174.74207434184177,0.07846890508515181,2.8126364292991632,0.014940932280506122,23.423956867213867,33.458066128656334,14.911182125836781,172716726.0,7253795.0,189.88735799746058,177.2593938681224,227.6782041724172,164.63140061535125
2023-05-31,187.89962121799198,189.32610921057025,187.31499265166343,188.7882537841797,11783582,182.31175079345704,176.61068420410157,184.18387672424316,183.09027523555804,67.08886312110401,3.0623713532674515,2.4453033151687174,0.6170680380987341,189.9990833742068,182.31175079345704,174.62441821270727,0.08433172900038495,2.7553850099854245,0.01459510830125769,24.59762759652339,32.865538286106336,14.133792054667838,184500308.0,7135413.2,189.88735799746058,177.2593938681224,227.6782041724172,164.63140061535125
2023-06-01,189.41965838001164,190.82276696060433,188.97533495356055,190.4252166748047,7065484,182.86013107299806,176.9315280151367,184.1192655944824,183.78884108691486,69.55732197079077,3.2608287620536203,2.608408404545698,0.6524203575079222,191.19251617622132,182.86013107299806,174.5277459697748,0.09113397277285072,2.7038941647310826,0.014199244259485919,26.03820518486296,35.05287042015167,13.374163152895992,191565792.0,7483167.9,190.82276696060433,177.2593938681224,227.6782041724172,164.63140061535125
2023-06-02,191.15017180190293,191.6646335487828,188.95196256771783,189.3962860107422,6320754,183.4576217651367,177.1976513671875,184.06280662536622,184.3228834606127,66.19646695977846,3.297074955142591,2.746141714665077,0.550933240477514,191.86496288618582,183.4576217651367,175.0502806440876,0.09165431275253563,2.7045210801835036,0.014279694376003278,27.561809755786026,34.76498618982668,12.415987057459855,185245038.0,7523774.2,191.6646335487828,177.54003091620064,227.6782041724172,164.63140061535125
2023-06-05,191.24369658694647,191.64124687255236,188.81165027899956,189.04550170898438,7252860,184.0153564453125,177.54421936035158,183.98523178100587,184.7726566271243,65.04263184144722,3.2599166726060673,2.8488967062532753,0.41101996635279203,192.35118936235656,184.0153564453125,175.67952352826845,0.09059931820985151,2.7134550454241673,0.01435344941241313,28.88829488924229,32.17548617045546,11.860527440258073,177992178.0,7444702.2,191.6646335487828,177.750494326418,227.6782041724172,164.63140061535125
2023-06-06,188.64795668904193,188.64795668904193,184.99986571555587,187.05776977539062,13707400,184.4281036376953,177.8580480957031,183.90320030212402,184.9902864507687,58.78932467299193,3.035088500159958,2.886135065034612,0.1489534351253461,192.50410700176496,184.4281036376953,176.35210027362564,0.08757887984289839,2.808610827424477,0.015014670766132372,28.063342373717013,28.864995861606044,20.3343424354445,164284778.0,7326668.0,191.6646335487828,178.3585167044084,227.6782041724172,164.63140061535125
2023-06-07,188.20362300954693,188.76487213590022,187.54884187757358,188.3907012939453,8215860,184.87359008789062,178.1985354614258,183.82550064086914,185.31413548345222,61.46481744991558,2.9306838878984536,2.89504482960738,0.0356390582910735,192.79025680754626,184.87359008789062,176.95692336823498,0.08564410650425494,2.7299316512162712,0.01449079828497888,27.335494791267013,27.881612845696004,19.426083066818602,172500638.0,7726203.1,191.6646335487828,178.3585167044084,227.6782041724172,164.63140061535125
2023-06-08,188.9987384507241,189.30274247096838,186.49652516441913,186.8706817626953,10615052,185.22202911376954,178.55445739746094,183.7263210296631,185.46237798623727,56.926115972769516,2.6942321762217887,2.854882298930262,-0.16065012270847312,192.84056637316013,185.22202911376954,177.60349185437894,0.08226383541788146,2.7353806265971987,0.014637826548258777,26.163037538685487,25.838495133684912,20.750470725594383,161885586.0,7953476.0,191.6646335487828,178.3585167044084,227.6782041724172,164.63140061535125
2023-06-09,186.82391670293526,187.24484643033955,185.23371553004972,185.81834411621094,12018232,185.55059051513672,178.8869937133789,183.64054183959962,185.49627952242525,53.95559818853325,2.394327322895464,2.7627713037233024,-0.3684439808278386,192.65984510195844,185.55059051513672,178.441335928315,0.07662874655461435,2.6836485032895294,0.014442322775253952,24.51317978590127,24.45539416081571,23.00084661875147,149867354.0,8281730.4,191.6646335487828,178.3585167044084,222.14954921593062,164.63140061535125
2023-06-12,186.98761326473914,186.98761326473914,184.55556675443586,185.0232696533203,11973622,185.78093566894532,179.20830627441407,183.5568524169922,185.45123096346288,51.75806221800088,2.0686486080314808,2.623946764584938,-0.5552981565534574,192.49754400871703,185.78093566894532,179.0643273291736,0.0723067554330812,2.66567693236194,0.014407252327540431,22.832983259567055,22.861677937452534,23.3190651401778,137893732.0,8653624.1,191.6646335487828,178.3585167044084,222.14954921593062,164.63140061535125
2023-06-13,186.12236096621064,186.37959183287708,184.5087803715684,184.99986267089844,13016186,185.9820472717285,179.57638793945313,183.5020888519287,185.40824350702815,51.69131404833759,1.7880456549615928,2.4567665426602696,-0.6687208876986768,192.34276352075648,185.9820472717285,179.62133102270053,0.06840140048286132,2.608900827286707,0.014102177102302802,21.293416040122512,21.690689739149686,22.252744805543987,124877546.0,8997820.5,191.6646335487828,178.3585167044084,222.14954921593062,164.63140061535125
2023-06-14,185.35064003635762,185.74819032698173,183.66692113774045,185.42080688476562,18512564,186.31294631958008,179.92622985839844,183.45724494934083,185.40944001919362,52.8684771055922,1.5814030432072173,2.281693842769659,-0.7002907995624419,191.76963843242189,186.31294631958008,180.85625420673827,0.05857555495346005,2.5712128531406053,0.013866905749895424,20.240835779745606,20.43657996889246,23.304832266823194,143390110.0,9445662.2,191.6646335487828,178.7794163804414,222.14954921593062,164.63140061535125
2023-06-15,185.72481576332765,185.88851462530786,181.5856424371724,181.9130401611328,28702320,186.46144256591796,180.14792114257813,183.39602851867676,185.07644955652117,43.38187722205435,1.1216600270619494,2.0496870796281175,-0.928027052566168,191.22549935287807,186.46144256591796,181.69738577895785,0.051099645282170536,2.6949028056402384,0.014814236534407752,20.095154615214582,18.105830881480102,26.163407543002428,114687790.0,10102485.3,191.6646335487828,179.36405806178456,217.9738983001107,164.63140061535125
2023-06-16,180.32282003127847,181.77270165596752,177.32952477998478,178.3350830078125,41110648,186.34685363769532,180.27279754638673,183.31913841247558,184.43441464712035,36.238918691863745,0.4632589733833754,1.7324014583791691,-1.2691424849957937,191.7359900656141,186.34685363769532,180.95771720977655,0.057839843525306786,2.829803703890795,0.01586790246856154,21.218019020100595,16.011077953170584,33.879525408650544,73577142.0,11325750.5,191.6646335487828,177.32952477998478,211.67541268810686,164.63140061535125
2023-06-19,178.66249436550692,178.66249436550692,176.3707531824659,177.7972412109375,10629440,185.98204498291017,180.37007934570312,183.2347769165039,183.8023028912934,35.29805932364167,-0.1007663712537692,1.3657678924525816,-1.4665342637063508,192.52539294236684,185.98204498291017,179.4386970234535,0.07036537274399723,2.7913706666872393,0.015699741164012637,22.488286041658323,15.072131998665013,34.34611789487981,62947702.0,13017203.8,191.6646335487828,176.3707531824659,211.67541268810686,164.63140061535125
2023-06-20,178.5689493289692,180.0422247819919,178.00771445115188,178.89634704589844,11802658,185.6277603149414,180.51834106445312,183.1860036468506,183.3350690012558,38.79513533892191,-0.45384027698395357,1.0018462585652745,-1.4556865355492281,192.86341889350956,185.6277603149414,178.39210173637326,0.07795879847165016,2.7523430169991796,0.015385126988048706,22.95849154286354,17.774669755653452,32.34505734581116,74750360.0,12938806.3,191.6646335487828,176.3707531824659,210.2524277203856,164.63140061535125
2023-06-21,179.71480994713136,181.1179184177661,179.1769545546862,180.2994384765625,8829264,185.29569091796876,180.63246032714844,183.12278442382814,183.0459613322374,43.02841726498523,-0.6133656413978201,0.6788038785726557,-1.292169519970476,192.86186887870272,185.29569091796876,177.7295129572348,0.08166598935194395,2.714430756632643,0.015055125959172065,22.87339278111087,19.56619681464843,30.454188560647395,83579624.0,12892657.5,191.6646335487828,176.3707531824659,208.4328630334488,164.63140061535125
2023-06-22,180.53333249249673,180.53333249249673,178.475442437888,178.80282592773438,9356174,185.01974639892578,180.7451773071289,183.05931365966796,182.64185319847522,39.8613901311074,-0.850747875059966,0.3728935278461313,-1.2236414029060971,193.09341974328888,185.01974639892578,176.94607305456267,0.0872736397222732,2.667534992202363,0.014918863716843513,23.007972457479106,18.48801891554781,30.654476197562843,74223450.0,12921272.0,191.6646335487828,176.3707531824659,207.56973116693624,164.63140061535125
2023-06-23,178.80279512079548,179.1301928273935,176.83845170068253,177.70370483398438,6470406,184.5111183166504,180.81813903808595,182.99676246643065,182.171553354238,37.66860158458169,-1.1147151496521133,0.07537179234648236,-1.1900869419985955,193.06812378638216,184.5111183166504,175.95411284691863,0.09275327739379458,2.640692573238692,0.014860087333045188,23.60395671343609,17.34195178880898,33.18213966108593,67753044.0,12708828.0,191.6646335487828,176.3707531824659,207.56973116693624,164.63140061535125
2023-06-26,177.72709577207752,178.61572839630605,177.2827723233836,178.1480255126953,4100400,184.06913986206055,180.93600036621095,182.94156494140626,181.78836022647204,39.126437675885825,-1.2733794257499085,-0.1943784512727958,-1.0790009744771127,192.97487766626497,184.06913986206055,175.16340205785613,0.09676513739215911,2.5472828232161038,0.014298686813312884,24.15737066539615,16.693752411626694,31.941873137235287,71853444.0,12636039.3,191.6646335487828,176.3707531824659,207.56973116693624,164.63140061535125
2023-06-27,179.71482209073804,179.71482209073804,178.42863923908018,178.943115234375,5880750,183.60377578735353,181.13477416992188,182.8927922821045,181.517384512939,41.75179644165839,-1.3197516366241473,-0.41945308834306616,-0.9002985482810811,192.5594753607648,183.60377578735353,174.64807621394226,0.09755463399384107,2.4772480914180055,0.013843774252914793,24.07188178277176,19.108691783265943,30.498842816006995,77734194.0,12443093.9,191.6646335487828,176.3707531824659,207.56973116693624,164.63140061535125
2023-06-28,179.48095608642976,179.48095608642976,178.101227066535,178.5221710205078,7140112,183.09047164916993,181.26385986328125,182.83491653442383,181.2321260850884,40.749772227739605,-1.3746228315876863,-0.6104870369919901,-0.7641357945956961,191.97525691823898,183.09047164916993,174.20568638010087,0.09705349698474422,2.3988538720234884,0.01343728825563027,24.10301113378894,18.323649723535578,30.22076593458908,70594082.0,12368182.8,191.6646335487828,176.3707531824659,207.56973116693624,164.63140061535125
2023-06-30,180.06561240189222,182.28720112633115,179.13020662318112,182.00657653808594,9070810,182.66953964233397,181.52904754638672,182.7819825744629,181.30588327108816,51.19179662168845,-1.1239895916914975,-0.7131875479318917,-0.41080204375960583,190.8979017554221,182.66953964233397,174.44117752924583,0.09009013904780436,2.496437888723478,0.01371619606394324,22.741152995563915,24.379003693756033,26.9652103150422,79664892.0,12136009.3,191.6646335487828,176.3707531824659,207.56973116693624,164.63140061535125
2023-07-03,184.22816147566593,184.22816147566593,182.1702716594338,183.15245056152344,9036924,182.35734786987305,181.7979766845703,182.72463043212892,181.4817468225582,54.05918325231208,-0.8234067654964292,-0.7352313914447992,-0.08817537405163,189.99363659563065,182.35734786987305,174.72105914411546,0.08375082018857517,2.4768055350703717,0.01352319080349066,21.53974988719427,28.41461689311982,25.23759602009825,88701816.0,12236275.6,191.64124687255236,176.3707531824659,207.56973116693624,164.63140061535125
2023-07-04,184.15801386990933,185.84174713706614,183.80723670063333,185.1869659423828,12617234,182.16442108154297,182.05895538330077,182.66613693237304,181.83462483397005,58.69863465345216,-0.4162263241013022,-0.6714303779761,0.2552040538747977,189.29317201369392,182.16442108154297,175.03567014939202,0.07826721474837152,2.4919834665326808,0.013456581319594658,20.99821226244711,30.84937376664713,23.292175507158817,101319050.0,12372084.1,189.30274247096838,176.3707531824659,207.56973116693624,164.63140061535125
2023-07-05,184.32171095968704,184.9297190046394,183.2693794620053,184.22816467285156,12366958,182.022940826416,182.2081527709961,182.60133308410644,182.06258100910162,55.836823775835555,-0.16895256018909777,-0.5709348144186995,0.40198225422960177,188.8641292053819,182.022940826416,175.18175244745012,0.07516841940807778,2.45095511037874,0.013303911021048782,20.253170590325844,29.125371157782723,23.557989171072673,88952092.0,12640302.8,189.30274247096838,176.3707531824659,207.56973116693624,164.63140061535125
2023-07-06,184.5087782131612,185.65465592907162,183.877376497724,185.3038787841797,9037242,181.86859970092775,182.40037902832032,182.55672096252442,182.37127603529953,58.29361593564673,0.11251778292717063,-0.43424429494952554,0.5467620778766962,188.25215747121572,181.86859970092775,175.48504193063977,0.07019966922036422,2.4028354190193753,0.012967000123175604,19.825801796219356,29.74160055047811,22.31335456545373,97989334.0,12573280.7,189.30274247096838,176.3707531824659,207.56973116693624,164.63140061535125
2023-07-07,184.74264743012085,185.88852525635644,183.90078791058934,185.14019775390625,9065220,181.78207550048828,182.5996206665039,182.51420639038085,182.63498286564305,57.767023909619816,0.31870355038475395,-0.28365472588266966,0.6023582762674236,187.93482852909887,181.78207550048828,175.62932247187769,0.06769372625623986,2.373185556644213,0.012818315986670385,19.515784722207005,28.666145623041835,20.97840723349793,88924114.0,12614349.8,187.24484643033955,176.3707531824659,207.56973116693624,164.63140061535125
2023-07-10,185.1401813443063,185.1401813443063,182.2404178817626,182.3807373046875,5630400,181.6101951599121,182.7450765991211,182.48915367126466,182.61076900269492,49.62770633213228,0.2564852577100396,-0.1756267291641278,0.4321119868741674,187.48825476735735,181.6101951599121,175.73213555246687,0.06473270514653064,2.4107994363227445,0.013218498137197644,18.421125370981233,26.20325448063814,24.095459795644086,83293714.0,12536858.2,186.98761326473914,176.3707531824659,207.56973116693624,164.63140061535125
2023-07-11,182.40412980958368,183.71369221177324,181.3985714357782,183.3629150390625,9634838,181.5271774291992,182.81102264404296,182.46831199645996,182.68240195853946,52.208815588018915,0.28316618376732094,-0.08386814657783806,0.367034330345159,187.25505721753902,181.5271774291992,175.7992976408594,0.06310768304182819,2.4039652462993373,0.013110422278066487,17.183296933779104,24.400765300367688,24.93932584041893,92928552.0,12217466.6,186.37959183287708,176.3707531824659,207.56973116693624,164.63140061535125
2023-07-12,184.22816386877093,184.2515575769574,182.56782433338353,183.26937866210938,6848220,181.44065322875977,182.84376159667968,182.44012077331544,182.7383045017366,51.93588179297993,0.2933814868328284,-0.008418219895704765,0.3017997067285332,187.00606476702296,181.44065322875977,175.87524169049658,0.061346908085106365,2.3525201032475183,0.012836405734668961,16.12133967546418,24.786435507394017,23.664365671659972,86080332.0,12100527.4,185.88852525635644,176.3707531824659,207.56973116693624,164.63140061535125
2023-07-13,183.26937394986382,186.426368347957,182.9887493709571,184.4152374267578,13595726,181.39037475585937,182.9298190307617,182.42733993530274,182.89801239935767,55.03690423237185,0.3894490874192513,0.07115524156728645,0.31829384585196485,186.82774539763074,181.39037475585937,175.953004114088,0.05995214078023427,2.430027165658404,0.013176932663297475,16.02825925842265,28.67453889678614,21.2731792196493,99676058.0,11792129.1,186.426368347957,176.3707531824659,207.56973116693624,164.63140061535125
2023-07-14,184.6257051610082,189.65351093803375,183.50322114449003,189.4430389404297,31366784,181.76687469482422,183.12952758789064,182.44622993469238,183.52134826041217,65.54210561319704,0.8613557432437631,0.22919534190258178,0.6321604013411812,188.2408560779108,181.76687469482422,175.29289331173766,0.07123389664872654,2.695760210507355,0.014229924865991176,16.97494712440696,32.5525209253735,17.806459873764954,131042842.0,11546287.2,189.65351093803375,176.3707531824659,207.56973116693624,164.63140061535125
2023-07-17,190.3550742446192,198.7503467418213,189.79382507320918,194.213623046875,45759860,182.56080169677733,183.46487060546875,182.49737075805663,184.53966014483723,72.18312356298469,1.6018265761760802,0.5037215887572815,1.0981049874187987,190.8082270333338,182.56080169677733,174.31337636022087,0.09035264152986078,3.1680136098562297,0.01631200510116432,19.57211682031189,46.23182832948972,14.069774021545035,176802702.0,11679510.4,198.7503467418213,176.3707531824659,207.56973116693624,164.63140061535125
2023-07-18,195.49979745165064,196.57550833123594,192.81050597952864,195.12564086914062,17769026,183.4272216796875,183.8095672607422,182.5520220184326,185.54784878524708,73.24474919718934,2.2364666667034783,0.8502706043465209,1.3861960623569574,193.02170057746747,183.4272216796875,173.83274278190754,0.10461346805475215,3.2106556628455913,0.01645429913026546,21.983774395080758,42.35938960706945,12.89127125179885,194571728.0,11911971.0,198.7503467418213,176.83845170068253,207.56973116693624,164.63140061535125
2023-07-19,196.4352103693901,196.90291325122197,193.69914565604174,195.47642517089844,10830990,184.2562255859375,184.14303924560548,182.6000291442871,186.49342748864245,73.66112149006193,2.736187802536648,1.2274540439845465,1.5087337585521015,194.94434662654746,184.2562255859375,173.56810454532754,0.1160136761362779,3.210163658012352,0.016422254781904334,24.269831103236182,40.06824812320469,11.972300812525715,205402718.0,12268950.3,198.7503467418213,176.83845170068253,207.56973116693624,164.63140061535125
2023-07-20,195.73364036021923,196.4351946267433,193.93298155484246,195.33609008789062,8255710,185.0080581665039,184.4601416015625,182.64815116882323,187.33558583142798,73.17053025191598,3.0853307621370902,1.5990293876150554,1.4863013745220348,196.55779275620188,185.0080581665039,173.45832357680592,0.1248565571052416,3.1595957590043877,0.016175176628050358,26.392598046523364,37.801699265393076,11.295061202534079,197147008.0,12220366.9,198.7503467418213,176.83845170068253,207.56973116693624,164.63140061535125
2023-07-21,189.4196630624204,193.7926877679994,187.54885157538416,189.27935791015625,23514212,185.531884765625,184.6476907348633,182.67823654174805,187.52070698178306,55.874333587372064,2.8405572289889562,1.8473349558898358,0.9932222730991205,196.8564867781148,185.531884765625,174.2072827531352,0.12207715160977017,3.4901416699688217,0.01843910349498047,25.718959236777987,31.77716182345254,22.5605814347432,173632796.0,12191689.2,198.7503467418213,176.83845170068253,207.56973116693624,164.63140061535125
2023-07-24,190.02767327042733,190.82277387081936,188.71811092371473,188.975341796875,6808460,186.09546661376953,184.84225524902342,182.70341926574707,187.65924363083943,55.169388163291174,2.592160073138359,1.9962999793395406,0.5958600937988185,196.9163497477766,186.09546661376953,175.27458347976247,0.11629389292394945,3.391178904049951,0.01794508676002315,25.09343748487157,30.36846049765831,21.560456843554693,166824336.0,12899591.1,198.7503467418213,177.2827723233836,207.56973116693624,164.63140061535125
2023-07-25,189.65350639280013,189.65350639280013,187.08114070806423,187.26821899414062,6458200,186.5514762878418,184.9792922973633,182.71948318481446,187.62200318924909,51.258613117748766,2.2318258947109086,2.0434051624138143,0.18842073229709433,196.74473082829994,186.5514762878418,176.35822174738368,0.10928087778550007,3.3326922455275185,0.01779635788404542,23.955078168524917,28.69416450752624,23.880238189331603,160366136.0,12916493.8,198.7503467418213,178.101227066535,207.56973116693624,164.63140061535125
2023-07-26,188.7181019703103,188.7648751104365,187.7359231202941,188.36732482910156,5329662,187.02268676757814,185.12708618164064,182.71538215637207,187.69298620256836,53.5420256033522,2.0117568369688,2.0370754973248117,-0.025318660356011602,196.6193690308758,187.02268676757814,177.42600450428048,0.10262586244655868,3.201546807725258,0.016996295990453218,22.89803023191731,27.736027274152423,23.082844512124773,165695798.0,13034383.8,198.7503467418213,178.101227066535,207.56973116693624,164.63140061535125
2023-07-27,188.95196070187603,190.1679910263714,186.6134463367538,187.05776977539062,8948358,187.44946670532227,185.29218505859376,182.6938860321045,187.63248939998002,50.50604639388939,1.7119461254848716,1.9720496229568236,-0.26010349747195205,196.2196570437297,187.44946670532227,178.67927636691482,0.0935739161338295,3.2267609421461385,0.017250077053846347,22.320165057551254,28.65961251916891,21.266582591160635,156747440.0,13006829.4,198.7503467418213,179.13020662318112,207.56973116693624,164.63140061535125
2023-07-28,187.57223189696435,188.41410563400828,185.4675689640931,186.49652099609375,6760060,187.67396392822266,185.4432531738281,182.67436584472657,187.52430193294322,49.21796305251898,1.4127703534610987,1.8601937690576789,-0.44742341559658017,196.0984077074856,187.67396392822266,179.24952014895973,0.08977743745514878,3.2067449227010707,0.0171946635013542,21.35816511043479,26.778608544535846,22.42318426912145,149987380.0,13097241.7,198.7503467418213,181.3985714357782,207.56973116693624,164.63140061535125
2023-07-31,186.9642194759038,189.88736236952332,186.59006289478396,189.4430389404297,6762180,187.98849334716797,185.6195767211914,182.6621134185791,187.7070387907991,55.617527887792846,1.3973232985352695,1.7676196749531972,-0.3702963764179277,196.1807242169096,187.98849334716797,179.79626247742635,0.08715672671106107,3.2198946691816777,0.016996637549686756,20.901177452648184,28.032501818854442,20.736495090135364,156749560.0,12981704.2,198.7503467418213,181.3985714357782,207.56973116693624,164.63140061535125
2023-08-01,189.65350545686826,190.82276258052343,188.97533061588499,190.33168029785156,7181804,188.2457290649414,185.72434204101563,182.67040031433106,187.9570046486136,57.362676342352856,1.4401857620938472,1.7021328923813273,-0.26194713028748007,196.39289787517055,188.2457290649414,180.09856025471225,0.08655887016080475,3.121861618857161,0.016402217507730372,20.74296835385146,28.987789910395676,19.859974499420183,163931364.0,12867967.0,198.7503467418213,181.3985714357782,207.56973116693624,164.63140061535125
2023-08-02,189.84058297605944,189.84058297605944,186.61343618242358,188.3907012939453,5399618,188.4538558959961,185.77251525878907,182.66070083618163,187.99830909102616,52.50631055892092,1.302519159019397,1.6222101457089413,-0.3196909866895443,196.389795107688,188.4538558959961,180.5179166843042,0.08422156367096663,3.1644603686122195,0.01679732782391804,19.693561139122192,26.55488403210979,23.524449664226836,158531746.0,12596195.5,198.7503467418213,181.3985714357782,207.56973116693624,164.63140061535125
2023-08-03,188.01655455506835,188.01655455506835,185.7014196292685,186.91744995117188,6821698,188.5345344543457,185.7720477294922,182.7109355163574,187.89537012532577,49.107913213446544,1.0622928624974293,1.510226689066639,-0.44793382656920966,196.37294835876693,188.5345344543457,180.69612054992447,0.08315096146291787,3.1305190326168324,0.0167481368563214,18.397984787223812,24.925451751503587,24.161901789823858,151710048.0,12247828.5,198.7503467418213,181.3985714357782,207.56973116693624,164.63140061535125
2023-08-04,187.47868372720512,191.7581618005617,187.2214386047975,191.22030639648438,12481540,188.83853988647462,185.91001953125,182.78688354492186,188.21203072257896,57.715946890359774,1.2052232826547424,1.4492260077842598,-0.24400272512951737,196.59801314074988,188.83853988647462,181.07906663219936,0.08218103422045182,3.2526756623863324,0.017010095442698932,18.304209394399933,30.492380582170032,21.59344921991747,164191588.0,12137051.3,198.7503467418213,181.3985714357782,207.56973116693624,164.63140061535125
2023-08-07,191.73478566167464,193.1612736195778,190.84613884392982,192.2960205078125,8822866,189.33430404663085,185.9984146118164,182.87334205627442,188.60098213069645,59.55763033804004,1.3892830192069425,1.4372374100687964,-0.047954390861853824,196.63337853495793,189.33430404663085,182.03522955830377,0.0771025042195143,3.1857084561907354,0.01656668946022889,18.571840153093373,32.055549613536925,20.472556020476983,173014454.0,12307867.3,198.7503467418213,181.3985714357782,207.56973116693624,164.63140061535125
2023-08-08,192.88064126086343,195.26592851168556,191.7347779089408,194.7280731201172,15724284,189.9025619506836,186.1532241821289,182.96216331481935,189.18451460587937,63.435222215413226,1.7116669753880274,1.4921233231326427,0.21954365225538464,197.02097974059652,189.9025619506836,182.7841441607707,0.07496916015026185,3.2103828952303086,0.0164864923880287,19.311505853673154,34.21978891916482,18.864121297209074,188738738.0,12467490.6,198.7503467418213,182.56782433338353,207.56973116693624,164.63140061535125
2023-08-09,194.33053912685247,195.73364771260594,192.95080997493147,195.40625,9309388,190.50940551757813,186.2963412475586,183.05729148864745,189.77706083389086,64.45855131928545,1.9988404018409085,1.593466738874296,0.4053736629666125,197.32535209115792,190.50940551757813,183.69345894399834,0.07155496134232482,3.1798439554048916,0.016272990016465143,20.103298456810858,33.13132131403719,17.684912744611633,198048126.0,12771962.9,198.7503467418213,182.9887493709571,207.56973116693624,164.63140061535125
2023-08-10,195.07886875536906,196.8093608000394,194.35392074734492,195.80380249023438,9901644,191.07883377075194,186.43665222167968,183.1463594055176,190.3510362297331,65.07559733980602,2.2327686080909075,1.7213271127176184,0.5114414953732891,197.66203090199608,191.07883377075194,184.4956366395078,0.06890556113758123,3.1281008194970052,0.015975689847254206,21.08072556858213,33.7300263362837,16.693342514730354,207949770.0,12895021.3,198.7503467418213,183.50322114449003,207.56973116693624,164.63140061535125
2023-08-11,195.8038007528335,197.44076077343814,192.85727842500864,193.18466186523438,7571468,191.2659149169922,186.4918411254883,183.21988204956054,190.62090533787608,57.93883535361169,2.1816667413854702,1.813395038451189,0.36827170293428124,197.8651743068803,191.2659149169922,184.66665552710407,0.06900612053906355,3.2320566429921835,0.016730399876398398,21.338276724655024,30.313338949330436,18.309973293766078,200378302.0,12710317.2,198.7503467418213,185.4675689640931,207.56973116693624,164.63140061535125
2023-08-14,193.27820701966792,194.6579361668213,191.52432129353662,194.16683959960938,5792180,191.2635757446289,186.58725219726563,183.29330017089845,190.95861336280308,59.72268997899709,2.1951177278611453,1.8897395763331803,0.305378151527965,197.85868596108207,191.2635757446289,184.66846552817572,0.06896357752151232,3.2250250880130755,0.016609556475572173,21.03193622383705,28.20947204246942,19.991450988457792,206170482.0,11520551.4,197.44076077343814,185.4675689640931,207.56973116693624,164.63140061535125
2023-08-16,193.6991395879248,196.5287504982585,193.6289870124796,195.80380249023438,8131780,191.2974838256836,186.72241821289063,183.37501976013183,191.42005994636796,62.571808042131856,2.3112245976812744,1.974036580602799,0.33718801707847534,197.97809024354945,191.2974838256836,184.61687740781775,0.0698452095057709,3.2017921164249197,0.016352042583976927,21.249516942195495,30.55817088570667,18.69819134117899,214302262.0,9522167.4,197.44076077343814,185.4675689640931,207.56973116693624,164.63140061535125
2023-08-17,195.80381319485926,196.62229325717053,193.8628490445816,195.28933715820312,6340960,191.28812942504882,186.88704956054687,183.45883255004884,191.7885625379713,61.10877040993628,2.3348128071198175,2.046191825906203,0.2886209812136147,197.94578821350484,191.28812942504882,184.6304706365928,0.06960869771131978,3.170195837579492,0.016233327859632853,21.476186700728448,28.869016746259838,17.53565351959282,207961302.0,9040305.1,197.44076077343814,185.4675689640931,207.56973116693624,164.63140061535125
2023-08-18,194.12006155653228,194.7280838234643,190.8227621839407,192.5532684326172,10602392,191.14898834228515,186.97030090332032,183.52756538391114,191.86139167079472,53.8917981186348,2.1084241519936597,2.0586382911236942,0.049785860869965504,197.57470992168516,191.14898834228515,184.72326676288515,0.06723259835300456,3.262794347342558,0.016944892049362188,20.46768258759094,26.04615971015981,22.476299719286896,197358910.0,8815803.6,197.44076077343814,185.4675689640931,207.56973116693624,164.63140061535125
2023-08-21,192.60003037302454,195.19578978747012,192.52987779926298,193.90960693359375,7334260,191.38050079345703,187.11107940673827,183.59538177490234,192.05645979106131,56.62645109178133,2.01522444048274,2.0499555209955034,-0.03473108051276341,197.8535684716574,191.38050079345703,184.90743311525665,0.06764605225049848,3.2201598931185997,0.016606500028755022,19.678250014714934,25.543385806959563,21.147176790590294,204693170.0,8933137.7,197.44076077343814,185.4675689640931,207.56973116693624,164.63140061535125
2023-08-22,194.09669378519152,195.5465755572549,193.04436231286218,195.07887268066406,6350240,191.6856773376465,187.29628997802735,183.65539779663087,192.34430863769015,58.89005657085681,2.0125139632478124,2.0424672094459653,-0.029953246198152872,198.2512471710666,191.6856773376465,185.12010750422638,0.06850349931836723,3.1688779896381796,0.016244086025786607,19.059280922034258,24.893394111191697,19.95444399503585,211043410.0,8124140.1,197.44076077343814,185.4675689640931,207.56973116693624,164.63140061535125
2023-08-23,195.14902881711882,195.47642654596788,193.9096190261776,194.213623046875,6134234,192.0329475402832,187.48009704589845,183.70747184753418,192.52233858142205,56.53861691340199,1.9184329751034,2.0176603625774523,-0.09922738747405235,198.35747401436777,192.0329475402832,185.70842106619864,0.06586918083687543,3.0544443846490434,0.015727240637037232,18.484523907402203,23.98130030915829,19.223313293870735,204909176.0,8101229.1,197.44076077343814,185.4675689640931,206.45001318582334,164.63140061535125
2023-08-24,195.85059298159317,196.43522161735913,192.69359834845704,193.02099609375,5776956,192.26563110351563,187.64051971435546,183.76629623413086,192.56982977307234,53.37504301129279,1.7277219827170143,1.9596726866053649,-0.2319507038883506,198.37226344676807,192.26563110351563,186.1589987602632,0.06352286998152715,3.103528590667118,0.016078709847501454,17.42596728080953,21.91616268472499,20.36661265216749,199132220.0,8085030.8,197.44076077343814,185.4675689640931,206.45001318582334,164.63140061535125
2023-08-25,191.758179299146,192.3661873291236,190.40184381239362,191.6178741455078,6598510,192.49363632202147,187.76446105957032,183.81332290649414,192.47916733235192,49.84158351721146,1.446685443150301,1.857075237914352,-0.41038979476405113,198.12769054165102,192.49363632202147,186.85958210239193,0.058537563394608756,3.068930282859208,0.016015887330681745,16.796419442119923,20.580151152468506,24.459062217155417,192533710.0,8107395.5,197.44076077343814,185.4675689640931,201.0380087287165,164.63140061535125
2023-08-28,192.43636215264252,192.90406504836102,190.6590825850164,190.84616088867188,3401974,192.71111831665038,187.94312347412108,183.85427490234375,192.3236429091443,47.96098870964708,1.148452504845892,1.7153506913006602,-0.5668981864547682,197.7014219038058,192.71111831665038,187.72081472949498,0.051790510384104226,3.010076867179595,0.0157722683713585,15.986361385268442,20.760158266386902,23.156054065102587,189131736.0,7989903.1,197.44076077343814,185.7014196292685,198.75189219456877,164.63140061535125
2023-08-29,191.59447106712233,192.64680248741757,190.40183450005108,190.86953735351562,3998562,192.78244323730468,188.19381256103514,183.896626663208,192.1851566657511,48.024963042389956,0.9035712312348778,1.5529947992875037,-0.6494235680526259,197.6223808858339,192.78244323730468,187.94250558877545,0.05021139443254726,2.9554262329072305,0.015484012136695183,15.333765022634008,19.633758237426935,22.52139115975238,193130298.0,7821998.8,197.44076077343814,185.7014196292685,198.75189219456877,164.63140061535125
2023-08-30,191.75817068408986,191.85171696441864,190.19136326411257,190.4486083984375,4018182,192.78828964233398,188.44683990478515,183.94165603637694,192.01977111648313,46.90674454766874,0.6678371973027879,1.3759632788905605,-0.7081260815877726,197.6166401819889,192.78828964233398,187.95993910267904,0.05008966622000351,2.862921052007148,0.015032512319636546,14.813137117886871,18.820428511092956,22.11355716140543,189112116.0,7683817.9,197.44076077343814,185.7014196292685,198.75189219456877,164.63140061535125
2023-08-31,190.82276363276054,191.7581693368427,190.0978299213602,191.0098419189453,22061952,192.91924667358398,188.6891098022461,183.9642977142334,191.92358738338427,48.624399886701966,0.5203053752335052,1.2048316981591494,-0.6845263229256442,197.39240982310568,192.91924667358398,188.4460835240623,0.046373425426963336,2.777022363683961,0.014538634950875387,14.36977611221786,18.01668223744072,21.40975408661877,211174068.0,7525636.8,197.44076077343814,185.7014196292685,198.75189219456877,164.63140061535125
2023-09-01,190.79937226337583,195.38285421738118,190.58890028386077,194.7280731201172,8476130,193.30977783203124,188.9776824951172,184.01287872314452,192.19068126307312,58.259059410673046,0.6953993953555084,1.1029452375984212,-0.4075458422429128,196.89435424531476,193.30977783203124,189.72520141874773,0.03708634352058682,2.9210889043865644,0.015000861753429373,14.303206940302916,24.76801349022086,18.899991015899257,219650198.0,8358753.5,197.44076077343814,187.2214386047975,198.75189219456877,164.63140061535125
2023-09-04,195.49979672523403,204.15229969034607,194.564390999276,203.02981567382812,27634648,193.90025329589844,189.46222229003905,184.10156883239745,193.22297977838312,71.23134653682635,1.4869038097601788,1.1797369520307728,0.307166857729406,199.3295434817467,193.90025329589844,188.47096311005018,0.05600085707534354,3.3972903177211013,0.016732962626429822,16.38014304686246,38.21299538731483,15.089992643767129,247284846.0,8441475.1,204.15229969034607,190.0978299213602,204.15229969034607,164.63140061535125
2023-09-05,203.82491111381864,204.6200117257883,201.252545252123,201.9774932861328,17973426,194.38432693481445,189.94769805908203,184.18243125915527,194.0567429695974,68.33236784257787,2.006137632742451,1.3450170881731085,0.6611205445693427,200.79319043584695,194.38432693481445,187.97546343378195,0.0659401259565713,3.395160043145685,0.016809595900548722,18.387512112586997,36.48974867645126,14.020927864367211,229311420.0,9199130.5,204.6200117257883,190.0978299213602,204.6200117257883,164.63140061535125
2023-09-06,202.86611929032304,203.70797874468505,199.19464891654653,200.7848358154297,13531912,194.6871650695801,190.4004342651367,184.26082954406738,194.69751371681951,65.09868309020112,2.294942024792192,1.5350020754969254,0.7599399492952668,201.6783279291891,194.6871650695801,187.69600220997108,0.07181945309142905,3.4750293135023163,0.01730722989806221,19.379367203524822,33.104571248228936,16.95016444160579,215779508.0,9656658.5,204.6200117257883,190.0978299213602,204.6200117257883,164.63140061535125
2023-09-07,201.08883980278037,202.8427254356463,199.59218502013837,202.44517517089844,9322650,195.039111328125,190.8704754638672,184.35429458618165,195.4353862362556,67.41080462825445,2.6275088101700703,1.7535034224315544,0.8740053877385159,202.80537303971826,195.039111328125,187.27284961653172,0.0796379932077076,3.4589943922170017,0.017086079672173057,20.300375502252802,30.882460786162792,15.812402002182903,225102158.0,9547039.9,204.6200117257883,190.0978299213602,204.6200117257883,164.63140061535125
2023-09-08,202.72582433974847,202.72582433974847,200.7848459185296,201.11224365234375,5748410,195.30453338623047,191.3222769165039,184.45322532653807,195.97603932350208,63.759012200995514,2.7517929931293565,1.9531613365711151,0.7986316565582414,203.50774386920938,195.30453338623047,187.10132290325157,0.08400430180242045,3.3505646800028486,0.016660172544217953,21.155597493928784,29.60459111119998,15.15810864302273,219353748.0,9547703.0,204.6200117257883,190.0978299213602,204.6200117257883,164.63140061535125
2023-09-11,202.51534679400513,204.62000975144858,201.1590112982845,203.38059997558594,8253314,195.81433029174804,191.7497573852539,184.56314796447754,196.6812355760815,67.0320885099884,2.99875867800705,2.162280804858302,0.8364778731487479,204.6686450561206,195.81433029174804,186.96001552737548,0.09043582000541353,3.3617933527958472,0.016529567486768162,22.37809265558701,31.42276524608368,14.028373620996824,227607062.0,9340041.3,204.6200117257883,190.0978299213602,204.6200117257883,164.63140061535125
2023-09-12,204.4329388245437,206.4908287136034,199.6623635730856,203.4507598876953,14545328,196.27852630615234,192.15572357177734,184.67353805541993,197.32595217718756,67.13096782834779,3.1636732254953586,2.3625592889857137,0.8011139365096449,205.69431859708908,196.27852630615234,186.8627340152156,0.09594317287923919,3.6094127662045588,0.017740964782815026,23.892797659292576,30.878803375383473,12.132690099407053,242152390.0,9374133.6,206.4908287136034,190.0978299213602,206.4908287136034,164.63140061535125
2023-09-13,203.4273753024799,204.83048395584154,201.81379464185028,203.7781524658203,7445670,196.67724380493163,192.5275473022461,184.76340377807617,197.94044744277164,67.61902248444298,3.2829433105232795,2.546636093293227,0.7363072172300527,206.63842083665864,196.67724380493163,186.71606677320463,0.10129465757214592,3.567075376760752,0.017504699760976863,25.299309448447747,29.01349463738175,11.399785634723925,249598060.0,9811791.0,206.4908287136034,190.0978299213602,206.4908287136034,164.63140061535125
2023-09-14,205.0409182063355,207.30927979077018,203.59103657595352,204.12890625,14895010,197.11922225952148,192.92556213378907,184.8444091796875,198.5298244720315,68.16441922685108,3.3669564333085304,2.7107001612962875,0.6562562720122429,207.56737356523863,197.11922225952148,186.67107095380433,0.10600844692823932,3.5778730794790308,0.017527518004222056,27.076100980804792,31.808458309320063,10.55356908880632,264493070.0,9777485.5,207.30927979077018,190.0978299213602,207.30927979077018,164.63140061535125
2023-09-15,205.69572113083112,207.54315321803563,204.9707873753332,206.2803497314453,19835876,197.8055763244629,193.34509155273437,184.92952339172362,199.2679697348328,71.35178834784764,3.56603392764805,2.88176691456664,0.6842670130814099,208.75524310198594,197.8055763244629,186.85590954693984,0.11071140643236647,3.5661855000902163,0.017288052423476127,28.767726853492753,30.101660835985705,9.831859750945782,284328946.0,10205188.0,207.54315321803563,190.0978299213602,207.54315321803563,164.63140061535125
2023-09-18,206.28034587093603,206.28034587093603,203.54429548979383,203.96522521972656,6025196,198.30835723876953,193.72159210205078,185.0042283630371,199.71532740006077,63.93390636646602,3.4966854629889212,3.0047506242510966,0.4919348387378246,209.41855918793735,198.30835723876953,187.19815528960171,0.11204976032140473,3.5068904102017355,0.017193570160912733,29.56814667995596,28.42415155777273,12.189436517985417,278303750.0,10666862.2,207.54315321803563,190.0978299213602,207.54315321803563,164.63140061535125
2023-09-20,203.09996053504602,204.31599078723923,200.66790003065958,201.15899658203125,9102700,198.61236343383788,194.09715728759767,185.06081985473634,199.85281970310558,56.294270872852756,3.1786456581778566,3.039529631036449,0.1391160271414078,209.68513287583355,198.61236343383788,187.53959399184222,0.11150131090086184,3.5169761492287295,0.017483563792756,28.967031835498624,26.31816456046723,17.12816319897192,269201050.0,10601409.0,207.54315321803563,190.0978299213602,207.54315321803563,164.63140061535125
2023-09-21,201.06544866179922,201.69685035231635,197.8616813436004,200.6211395263672,8893070,198.9327392578125,194.44232177734375,185.09885917663576,199.9259930196067,54.93922978291452,2.850339314832155,3.00169156779559,-0.15135225296343524,209.847541744383,198.9327392578125,188.017936771242,0.10973359666480184,3.5397042106206738,0.01764372497822174,27.337652597599774,24.28137998585015,21.465338915198238,260307980.0,10739032.0,207.54315321803563,190.0978299213602,207.54315321803563,164.63140061535125
2023-09-22,198.4930865364227,199.59219108772962,194.84501001842347,195.733642578125,19818260,199.06837158203126,194.69160705566406,185.11549362182618,199.5267215489894,44.46521904265368,2.170750949503997,2.8355034441372715,-0.6647524946332743,209.75090083670602,199.06837158203126,188.3858423273565,0.10732522871191268,3.699448874715177,0.018900424198862908,25.895679643999635,21.573401423567272,24.895976462822592,240489720.0,10876973.8,207.54315321803563,190.0978299213602,207.54315321803563,164.63140061535125
2023-09-25,195.7336558141955,196.31828441579106,192.69358708589854,193.67576599121094,9301132,199.1712661743164,194.8768176269531,185.1219553375244,198.96948768634383,40.92720130273001,1.4494109247266636,2.55828494025515,-1.1088740155284866,209.60142143154036,199.1712661743164,188.74111091709244,0.10473554200429089,3.6941094786564155,0.01907367945468229,25.13909734796787,20.061398695430462,27.311055205350435,231188588.0,11579039.0,207.54315321803563,190.0978299213602,207.54315321803563,164.63140061535125
2023-09-26,194.93855559792044,194.93855559792044,192.55328231715168,193.11451721191406,6480566,199.28468399047853,194.95024719238282,185.12794357299805,198.41187145068383,39.99257141295244,0.8229689978520298,2.2112217517745263,-1.3882527539224965,209.3946815315763,199.28468399047853,189.17468644938074,0.10146286547119518,3.6006211788072973,0.018645005206191508,24.47363842122641,19.112119670135197,26.297066411315885,224708022.0,11714170.1,207.54315321803563,190.0978299213602,207.54315321803563,164.63140061535125
2023-09-27,192.81050889136057,194.8216255307516,191.89848258212575,194.40069580078125,7773994,199.46124191284179,194.95398864746093,185.15214332580567,198.02985472212168,43.19405972440743,0.4253894953060353,1.8540553004808282,-1.428665805174793,209.0890707970871,199.46124191284179,189.83341302859648,0.09653834290726375,3.5522298766514786,0.01827272202920378,24.03540640668215,17.98873158942846,26.0680329964368,232482016.0,11868099.7,207.54315321803563,190.0978299213602,207.54315321803563,164.63140061535125
2023-09-28,194.79824284327609,194.79824284327609,188.95195704365796,189.58335876464844,16876116,199.41797943115233,194.8431430053711,185.1583214569092,197.22542653569565,35.54488680340812,-0.27524115481674016,1.4281960094213146,-1.7034371642380548,209.21372365912708,199.41797943115233,189.62223520317758,0.09824334050437677,3.7160910140062393,0.01960135656536948,24.3663856136672,15.967266682813381,28.802307537298944,215605900.0,12056871.3,207.54315321803563,188.95195704365796,207.54315321803563,164.63140061535125
2023-09-29,189.4196538019094,191.4073909097072,187.78269383078177,189.91073608398438,12780272,199.3630241394043,194.73182922363281,185.18864768981933,196.52878934981837,36.369559514543454,-0.7949160813782328,0.9835735912614052,-1.778489672639638,209.35715764717543,199.3630241394043,189.36889063163318,0.10026065315685362,3.709562875786182,0.019533192026309133,24.93504947220484,14.852839942258962,29.04351195391298,228386172.0,12699768.0,207.54315321803563,187.78269383078177,207.54315321803563,164.63140061535125
2023-10-03,190.09784510130277,190.86955201416222,188.76488901191306,189.63014221191406,5728104,199.10812759399414,194.61771026611328,185.21220558166505,195.8717753366846,35.94505947778866,-1.215393485642835,0.5437801758805572,-1.7591736615233922,209.79793860768197,199.10812759399414,188.4183165803063,0.10737694279849454,3.594927170533538,0.018957572507202796,25.46309448370408,14.231722199277941,27.828967081472037,222658068.0,12235684.0,207.54315321803563,187.78269383078177,207.54315321803563,164.63140061535125
2023-10-04,188.34395650940988,189.63013943640368,187.38515703630077,189.37289428710938,6905870,198.4252815246582,194.61958099365233,185.23121139526367,195.25283428434412,35.53555265094393,-1.5514979133485838,0.12472455803472893,-1.6762224713833127,209.75162120345684,198.4252815246582,187.09894184585957,0.1141622639188859,3.4985027423249493,0.01847414729280553,26.270456407144,13.579402218947624,29.370393403597998,215752198.0,12098282.7,207.54315321803563,187.38515703630077,207.54315321803563,164.63140061535125
2023-10-05,190.79939010075213,191.94525355979877,189.41966093529328,190.2615203857422,8125304,197.83948287963867,194.64530456542968,185.2492948913574,194.77747105590583,38.15655541119831,-1.726259153245934,-0.24547218422140366,-1.4807869690245303,209.57486049676237,197.83948287963867,186.10410526251496,0.11863534463707891,3.432349637350981,0.018040167188783773,25.985023600063922,17.67031727077486,27.798142575932367,223877502.0,11061843.8,207.54315321803563,187.38515703630077,207.54315321803563,164.63140061535125
2023-10-06,190.8227770898405,191.6646365736202,190.3316947698289,190.75262451171875,6365004,197.33787231445314,194.71499267578125,185.28114784240722,194.3941523374118,39.61770944104588,-1.804331486099045,-0.557244044596932,-1.247087441502113,209.38039392340963,197.33787231445314,185.29535070549665,0.12204977653521087,3.2874043909600537,0.017233861916055023,25.71997885063242,17.13160506462255,26.950664939592208,230242506.0,10569437.7,207.54315321803563,187.38515703630077,207.54315321803563,164.63140061535125
2023-10-09,189.0455057020781,192.22587950778518,188.67133484230385,189.70028686523438,6030450,196.70062789916992,194.7416519165039,185.32045280456543,193.94711753053775,37.569367666505364,-1.9288842487536613,-0.831572085428278,-1.0973121633253833,208.9418549099022,196.70062789916992,184.45940088843764,0.12446556110646693,3.306485839140145,0.017430051866442968,25.923537643665068,15.816115742896383,28.46799987024928,224212056.0,10211092.3,207.54315321803563,187.38515703630077,207.54315321803563,164.63140061535125
2023-10-10,190.07445455742354,191.1735592204175,189.9809225418843,190.7058563232422,5128014,196.18030853271483,194.81461364746093,185.36641845703124,193.6384259869858,40.72320592533124,-1.924270368157579,-1.0501117419741384,-0.8741586261834406,208.5115573054317,196.18030853271483,183.84905975999797,0.12571342011790662,3.1755420188575005,0.01665151810270067,26.112556522909667,15.291988209211617,27.524603729029614,229340070.0,10046482.3,207.54315321803563,187.38515703630077,207.54315321803563,164.63140061535125
2023-10-11,191.2904661896171,198.2826295261048,191.2904661896171,196.97305297851562,19092228,195.85993118286132,195.02414428710938,185.4439533996582,193.95600950998863,55.73281860226898,-1.398779185866431,-1.119845230752597,-0.2789339551138339,207.75135578583675,195.85993118286132,183.96850657988588,0.12142784418598826,3.4899156748578664,0.017717731547972303,24.84082807311891,27.47081509879418,23.256230438196496,248432298.0,10015462.5,207.54315321803563,187.38515703630077,207.54315321803563,164.63140061535125
2023-10-12,197.25368820217957,197.32384077903637,193.9563886314779,195.07887268066406,10234398,195.44133682250975,195.13686096191407,185.5107344818115,194.06294885957678,51.48922479074825,-1.1222317683915435,-1.1203225382803863,-0.0019092301111571786,206.81248313788726,195.44133682250975,184.07019050713225,0.11636377953865737,3.4811682800507673,0.017844927193880672,23.659937369741776,25.572711443894015,21.64933468955601,238197900.0,10557408.2,207.54315321803563,187.38515703630077,207.54315321803563,164.63140061535125
2023-10-13,192.64681788998664,193.8160751171329,191.313861796408,192.249267578125,10914054,194.864892578125,195.17521270751953,185.56511711120606,193.89021730896232,45.8704111143921,-1.118498081758844,-1.119957646976078,0.0014595652172340046,205.6403823051058,194.864892578125,184.0894028511442,0.11059446968017288,3.5014427517797175,0.018213035585983826,22.22783698373669,23.6085917580616,25.377240905011757,227283846.0,10341861.7,207.54315321803563,187.38515703630077,207.54315321803563,164.63140061535125
2023-10-16,192.22588694777653,192.64681669230038,190.8929308624849,191.8517303466797,5277652,194.25103378295898,195.2444332885742,185.64340560913087,193.69607569350683,45.12536075801607,-1.1345387835521592,-1.1228738742912943,-0.011664909260864942,204.21373059851678,194.25103378295898,184.2883369674012,0.10257548309049758,3.376617257353701,0.017600139708159473,21.02559386764055,22.732677632209633,25.32613968136757,222006194.0,10515280.9,207.54315321803563,187.38515703630077,207.54315321803563,164.63140061535125
2023-10-17,192.5532832964612,193.55884164370562,192.24926500294788,192.4129638671875,5979388,193.5576644897461,195.35434356689453,185.71785202026368,193.5738745671907,46.447815035957916,-1.0894063028818834,-1.116180360009412,0.02677405712752856,201.86832605769592,193.5576644897461,185.24700292179625,0.08587272004813946,3.2573668316160034,0.016929040362708574,19.597246302581546,23.881618019851704,24.3780790151245,227985582.0,10034413.0,206.28034587093603,187.38515703630077,207.54315321803563,164.63140061535125
2023-10-18,191.2904702245965,193.46528567447425,190.35506450222684,190.56553649902344,4881066,192.88768005371094,195.3412481689453,185.76883132934572,193.28736617974621,42.79203247662077,-1.1890043339722922,-1.1307451548019882,-0.05825917917030399,199.77235005537486,192.88768005371094,186.00301005204702,0.07138527457789773,3.2468564273753895,0.017038004284641615,18.87059810686923,22.247573441343366,26.877173911581266,223104516.0,9341588.6,204.31599078723923,187.38515703630077,207.54315321803563,164.63140061535125
2023-10-19,183.31614141019887,185.56110942555463,182.4508882658702,184.8829345703125,25629102,192.073876953125,195.19298645019532,185.7885984802246,192.4869441217049,33.94244970839166,-1.706800046843739,-1.2459561332103384,-0.4608439136334006,198.6982134266283,192.073876953125,185.44954047962167,0.06897696426588991,3.5945558420738077,0.01944233441787332,19.981429590724478,18.660179447891828,38.24990448737874,197475414.0,9284382.1,201.69685035231635,182.4508882658702,207.54315321803563,164.63140061535125
2023-10-20,184.76601933282885,185.23372221864608,182.87182835453285,183.26937866210938,8429336,191.2062889099121,194.96381256103516,185.79341598510743,191.60908074460056,31.923647135335997,-2.2217464465074386,-1.4411141958697584,-0.7806322506376802,197.66877265808486,191.2062889099121,184.74380516173935,0.06759697900122515,3.5065085579337665,0.019133084771344462,21.012915968590065,17.76239256686642,36.40960801299928,189046078.0,10110702.2,199.59219108772962,182.4508882658702,207.54315321803563,164.63140061535125
2023-10-23,182.80165006513045,183.80720827357322,178.75602352646314,179.20033264160156,8837826,190.37962341308594,194.6396942138672,185.7732228088379,190.42729521098158,27.484216325389866,-2.924471696352782,-1.7377856959663633,-1.1866860003864188,198.36457198879577,190.37962341308594,182.3946748373761,0.0838844875576215,3.6168425714463606,0.020183235812848633,22.639902603233466,15.990501266777134,40.905811176514916,180208252.0,10087515.5,198.2826295261048,178.75602352646314,207.54315321803563,164.63140061535125
2023-10-25,179.784982816852,181.32841087272428,178.2415690341388,178.59234619140625,6678294,189.6254524230957,194.29546508789062,185.74928993225097,189.30015720911726,26.8826644522549,-3.4902129428699595,-2.0882711453470826,-1.401941797522877,198.95815717087612,189.6254524230957,180.2927476753153,0.0984330386931087,3.5789853762420125,0.02003997065140875,24.22642848285298,15.005382717778303,39.412484511421354,173529958.0,9538493.8,198.2826295261048,178.2415690341388,207.54315321803563,164.63140061535125
2023-10-26,177.1658459881349,177.9843260316155,175.4119601806765,176.9086151123047,10995582,188.81515731811524,193.96994415283203,185.70760734558107,188.12001034275417,25.235399633245365,-4.027997732714908,-2.4762164628206476,-1.5517812698942608,199.51010663535544,188.81515731811524,178.12020800087504,0.11328485985075214,3.5505139929911373,0.02006976308495326,26.095615933797063,14.045302222079549,42.58333267733157,162534376.0,9407351.9,198.2826295261048,175.4119601806765,207.54315321803563,164.63140061535125
2023-10-27,177.28275916850478,179.7615928316008,177.28275916850478,178.82618713378906,6202812,188.03643188476562,193.66313110351564,185.69265838623048,187.23488432285274,30.46152600818732,-4.250467275948353,-2.831066625446189,-1.4194006505021637,199.24680853930144,188.03643188476562,176.8260552302298,0.11923621972795014,3.500689973441493,0.01957593588249157,27.14735010693663,16.85404945155439,40.10444789699443,168737188.0,9633102.7,198.2826295261048,175.4119601806765,207.54315321803563,164.63140061535125
2023-10-30,179.59789655595551,179.76159541005225,177.91416342111174,178.66249084472656,4688744,187.49038848876953,193.32030487060547,185.6834226989746,186.41846589636452,30.267023396720546,-4.389386795547097,-3.1427306594663706,-1.246656136080726,199.3889366668207,187.49038848876953,175.59184031071834,0.12692435355174375,3.3826001174057088,0.01893290584617163,28.123959410014916,16.19655751436879,38.53992362208906,164048444.0,9554543.6,198.2826295261048,175.4119601806765,207.54315321803563,164.63140061535125
2023-10-31,179.2237346057338,179.64466430853128,177.32952953340813,178.56893920898438,6153536,186.92329864501954,192.9858969116211,185.6851498413086,185.67089192613784,30.148545487987136,-4.455668181610463,-3.4053181638951893,-1.0503500177152736,199.374640746813,186.92329864501954,174.4719565432261,0.13322407845411946,3.306352592956954,0.018515832639221956,29.131050271747185,15.386488920555252,37.87536463465778,157894908.0,8945175.0,198.2826295261048,175.4119601806765,207.54315321803563,164.63140061535125
2023-11-01,179.52775272906075,180.32283905844787,177.79724636971142,178.17141723632812,4241952,186.35036239624023,192.69825988769531,185.66202827453614,184.95665624139406,29.618005751670225,-4.488532351625707,-3.621961001441293,-0.8665713501844143,199.29549976802844,186.35036239624023,173.40522502445202,0.13893332114120305,3.2505840283697753,0.01824413858738168,29.77392749491814,16.022802509916676,35.77337436438949,153652956.0,8613838.2,198.2826295261048,175.4119601806765,207.54315321803563,164.63140061535125
2023-11-02,179.50434141302034,180.13574309155777,178.70925516162606,179.43418884277344,4742730,185.85342712402343,192.4087515258789,185.64230461120604,184.43070696533493,33.614447433135226,-4.362395349822975,-3.77004787111763,-0.5923474787053453,199.05677345870117,185.85342712402343,172.65008078934568,0.1420834314329529,3.1587084445740516,0.01760371568509624,30.37088491643403,15.31107388059729,34.18433058214614,158395686.0,8539530.6,198.2826295261048,175.4119601806765,207.54315321803563,164.63140061535125
2023-11-03,180.53329833485648,180.8606960359187,178.9664909480441,179.38742065429688,5291528,185.30972213745116,192.09492248535156,185.62048088073732,183.9503939833313,33.53849077469347,-4.217586952051732,-3.8595556873044505,-0.35803126474728186,198.63719319074045,185.30972213745116,171.98225108416187,0.14383995507158337,3.068386776238375,0.017104804590236902,30.58539327455075,16.323541239840342,32.676974212721724,153104158.0,8431373.6,198.2826295261048,175.4119601806765,207.54315321803563,164.63140061535125
2023-11-06,180.53330295724183,180.74377495233622,179.13019438503528,179.9019012451172,4939936,184.7671859741211,191.8086880493164,185.59971321105957,183.56482324635854,35.27125779118195,-4.015028223452703,-3.890650194534101,-0.12437802891860139,198.04754631681266,184.7671859741211,171.48682563142955,0.14375236893580906,2.9644720470285586,0.016478269693156,30.784579607087704,15.688898026182711,31.40652562425281,158044094.0,8289684.8,198.2826295261048,175.4119601806765,207.54315321803563,164.63140061535125
2023-11-07,180.01883527353627,181.00101417407393,179.06005008084423,179.2705078125,5692178,184.24569702148438,191.53367828369142,185.57718818664551,183.15584082408628,34.096376600538036,-3.860940624748224,-3.884708280576926,0.023767655828701884,197.52936237420073,184.24569702148438,170.96203166876802,0.14419512170389936,2.8913643360429253,0.01612849972549316,30.83640133849978,15.572105274488628,29.90058953702041,152351916.0,8218431.4,198.2826295261048,175.4119601806765,207.54315321803563,164.63140061535125
2023-11-08,179.8785418675457,180.46317050448314,178.42865999330883,178.7560577392578,7102052,183.64820709228516,191.2764419555664,185.5411269378662,182.73681386362642,33.128104436406375,-3.7372561515518044,-3.855217854771902,0.11796170322009747,196.7900594955789,183.64820709228516,170.50635468899142,0.14311985519891104,2.8301604914094534,0.015832529130496164,31.058800784223077,14.772513773324519,29.958787777447395,145249864.0,8201517.8,198.2826295261048,175.4119601806765,207.54315321803563,164.63140061535125
2023-11-09,179.13019206482082,179.59789491616502,177.58677836464835,178.1246337890625,9231126,182.7057861328125,191.0220114135742,185.50715728759766,182.29755861842983,31.929585236629947,-3.648132550042561,-3.813800793826034,0.16566824378347267,194.52726338226847,182.7057861328125,170.88430888335654,0.12940451968896813,2.7716573528456827,0.015560213620581615,31.49491001499201,14.006874735663066,30.57568398935445,136018738.0,8300219.7,197.32384077903637,175.4119601806765,207.54315321803563,164.63140061535125
2023-11-10,177.8674068787507,178.56896122763848,176.3239930204615,177.3997039794922,10710700,181.82182769775392,190.75261474609374,185.45358352661134,181.83109627186434,30.562496133387626,-3.5945613650076496,-3.7699529080623573,0.17539154305470772,192.38752889167364,181.82182769775392,171.2561265038342,0.11622038264276277,2.7340366995836325,0.015411732028029163,32.22697958129486,13.185352989127653,32.081492388202726,125308038.0,7807164.6,193.8160751171329,175.4119601806765,207.54315321803563,164.63140061535125
2023-11-13,178.94313328091772,179.08343844234872,177.7271028802629,178.49880981445312,3585902,181.13430480957032,190.51361877441406,185.40503868103028,181.5137356568728,35.09960424485185,-3.4239480182169473,-3.700751930093275,0.2768039118763279,190.63196135794539,181.13430480957032,171.63664826119526,0.10486866701876395,2.6590151112459828,0.014896542526025746,32.593036819974486,13.971011454351014,30.630452594090627,128893940.0,7830979.7,193.55884164370562,175.4119601806765,207.54315321803563,164.63140061535125
2023-11-15,180.32285167269782,183.45646688645974,179.71484359750707,183.17584228515625,10792518,180.70051040649415,190.35693878173828,185.38046226501464,181.67203152623313,50.054859277379016,-2.878160634684207,-3.5362336710114617,0.6580730363272549,188.9050032365526,180.70051040649415,172.4960175764357,0.09080763315612192,2.823203822728885,0.015412533593452267,30.76508475776592,23.282604740885034,26.788432538230964,139686458.0,7464572.1,193.55884164370562,175.4119601806765,207.54315321803563,164.63140061535125
2023-11-16,183.17582145426735,186.84729174366186,182.07671688349646,185.7248077392578,13843576,180.36610260009766,190.1768734741211,185.35964950561524,182.05801021318786,56.0050097906425,-2.21441360982638,-3.2718696587744454,1.0574560489480653,187.0353445209151,180.36610260009766,173.69686067928023,0.07395227622791485,2.96230175397435,0.015949951920979644,29.25802704689645,28.78052724943696,23.706943079215698,153530034.0,7740315.4,193.46528567447425,175.4119601806765,207.54315321803563,164.63140061535125
2023-11-17,186.14574837415168,186.61345125951388,184.50878827538403,184.92971801757812,7886928,180.08431167602538,189.8148715209961,185.3334581756592,182.33150619455836,53.849961622067084,-1.732574367466924,-2.964010600512941,1.2314362330460171,185.33033779708632,180.08431167602538,174.83828555496444,0.05826188935878682,2.9010418418426,0.015687266886801002,27.858616315374803,27.289109592610487,22.478440446470703,145643106.0,8133524.8,186.84729174366186,175.4119601806765,207.54315321803563,164.63140061535125
2023-11-20,183.90077772313552,187.5956276124243,183.90077772313552,187.17469787597656,8610496,180.1988998413086,189.51881561279296,185.33030128479004,182.79276254516964,58.68419204703506,-1.156233839963022,-2.6024552484029573,1.4462214084399352,185.9362883786954,180.1988998413086,174.46151130392178,0.06367839695402595,2.957742416660184,0.015802041890405547,26.880023828039363,27.226041986643406,20.472700655415327,154253602.0,8283817.9,187.5956276124243,175.4119601806765,207.54315321803563,164.63140061535125
2023-11-21,188.29717337656265,188.29717337656265,187.10452252545713,187.38514709472656,5440248,180.40468826293946,189.2508218383789,185.33638145446778,183.2301325022703,59.11652923241131,-0.6747205677452826,-2.216908312271422,1.5421877445261396,186.82271705772385,180.40468826293946,173.98665946815507,0.07115146348558445,2.831664447691994,0.015111466899030887,26.197229168291223,28.176603925499478,19.856788698933055,159693850.0,7432887.6,188.29717337656265,175.4119601806765,207.54315321803563,164.63140061535125
2023-11-22,188.2504058018243,188.2971789436118,186.66021889316116,187.1980743408203,5318582,180.8045753479004,188.94587982177734,185.33170448303224,183.60803172498936,58.5302097485824,-0.30470063890913934,-1.8344667775989656,1.5297661386898262,187.8395863127749,180.8045753479004,173.76956438302588,0.07781894845678429,2.7463284193176127,0.014670708707812546,25.357795893341223,26.976976954996434,20.166958485602187,154375268.0,7283433.2,188.2971789436118,175.4119601806765,207.54315321803563,164.63140061535125
2023-11-23,187.31499103048571,189.41965385105297,187.31499103048571,188.25039672851562,9677360,181.28747787475587,188.6886428833008,185.34024002075196,184.0501617253252,60.88060285688485,0.07261933214797978,-1.4530495556495766,1.5256688877975564,188.94697260432943,181.28747787475587,173.6279831451823,0.08450108986419018,2.708846354382973,0.01438959174300983,24.960383966849115,28.35647805854156,18.985577824557655,164052628.0,7107471.0,189.41965385105297,175.4119601806765,207.54315321803563,164.63140061535125
2023-11-24,188.25039564961136,188.71809849594578,184.99985515832375,185.2103271484375,6250566,181.7025634765625,188.3252374267578,185.32527351379395,184.1606536703835,51.754663961845196,0.1249001483016059,-1.1374596148593403,1.2623597631609462,189.26705531351908,181.7025634765625,174.1380716396059,0.08326235681239932,2.7809461389000485,0.015015070604952007,23.547995547168945,25.648348205468793,23.118821407384242,157802062.0,7257424.3,189.41965385105297,176.3239930204615,207.54315321803563,164.63140061535125
2023-11-28,185.67804747638434,186.4965275345296,183.8540090585782,185.60789489746094,8145314,182.0416488647461,187.96838012695312,185.29580825805664,184.2984861682004,52.75211883416818,0.19615234437483764,-0.8707372230125048,1.0668895673873424,189.6677380117349,182.0416488647461,174.41555971775728,0.0837840043149123,2.77105844868943,0.014929636749666823,21.9540110738498,23.901304733876078,24.49768331814153,165947376.0,7020173.5,189.41965385105297,176.3239930204615,207.54315321803563,164.63140061535125
2023-11-29,186.14573910757213,191.07999859324556,186.14573910757213,190.00428771972656,15544086,182.6087387084961,187.69290283203125,185.29194976806642,184.84189583977434,62.086781029235304,0.6004507590930075,-0.5764996265914024,1.17695038568441,190.81043693730194,182.6087387084961,174.40704047969027,0.08982810227826456,2.9639902520533727,0.015599596659763413,21.80305621305287,31.795023771108674,21.26714774125217,181491462.0,7117298.6,191.07999859324556,176.3239930204615,207.54315321803563,164.63140061535125
2023-11-30,190.33168581927893,193.86283672589119,188.9753360979653,193.18466186523438,19825958,183.3395248413086,187.47401794433594,185.3115933227539,185.63644498505624,67.14385476446046,1.1640710926694737,-0.22838548273922718,1.3924565754087008,192.5176343674008,183.3395248413086,174.16141531521637,0.1001214499059755,3.10138385032998,0.016053985965477455,22.34882912883339,34.62522613395932,18.873211841395655,201317420.0,7660065.7,193.86283672589119,176.3239930204615,207.54315321803563,164.63140061535125
2023-12-01,193.51206324920693,193.51206324920693,190.12121742792172,190.65907287597656,9830426,183.96390762329102,187.16159240722655,185.3283137512207,186.11479049847725,60.26888307041,1.3909167213408011,0.09547495807677847,1.2954417632640227,193.34748734971888,183.96390762329102,174.58032789686317,0.10201544256869038,3.1220597053982106,0.016375091194475208,22.855618264915304,31.93906895325525,17.409065056777468,191486994.0,8343686.8,193.86283672589119,176.3239930204615,207.54315321803563,164.63140061535125
2023-12-04,193.0209765202438,193.16128166933584,190.23813878693062,190.56553649902344,10662472,184.5204750061035,186.8935986328125,185.32995071411133,186.53867106995784,60.023756512315856,1.5453322838609154,0.3854464232336059,1.1598858606273095,194.0821239116139,184.5204750061035,174.95882610059311,0.1036378093563234,3.107851360898711,0.016308569838988894,23.326208176991365,29.79329474557336,16.239465440916344,180824522.0,8623110.5,193.86283672589119,176.3239930204615,207.54315321803563,164.63140061535125
2023-12-05,190.54214969008584,191.2904771497043,188.06333014533132,189.11566162109375,11165368,185.00688705444335,186.65273193359374,185.32071365356444,186.7840987414946,56.20759381065383,1.5330429789479751,0.6149657343764798,0.9180772445714953,194.4637492020461,185.00688705444335,175.5500249068406,0.10223254169797266,3.1163724782897293,0.01647865888830295,22.795184433220463,27.589557122551938,20.023024761423205,169659154.0,8919097.6,193.86283672589119,176.3239930204615,207.54315321803563,164.63140061535125
2023-12-06,190.23815123600747,196.62229285432332,189.86399463183844,195.8505859375,22082070,185.8043212890625,186.5573208618164,185.35099746704103,187.64757371254274,66.77476328816434,2.043202950721536,0.9006131776454911,1.142589773076045,196.0607154563702,185.8043212890625,175.5479271217548,0.11039995298442437,3.4299623893568607,0.017513158681340034,23.603095750456134,34.380071799634884,16.89293081711506,191741224.0,9212789.6,196.62229285432332,176.3239930204615,207.54315321803563,164.63140061535125
2023-12-07,196.4352097770659,197.1367640976983,194.86840227302176,195.61672973632812,11250552,186.62163238525392,186.55498260498047,185.39227226257324,188.40654095290324,66.17762911941689,2.400961374658948,1.2006828170481825,1.2002785576107655,197.26306836923845,186.62163238525392,175.98019640126938,0.11404289897129181,3.346990920451123,0.01710994210445361,24.456883260589752,33.81369273828011,16.07515405918553,180490672.0,10069896.3,197.1367640976983,176.3239930204615,207.54315321803563,164.63140061535125
2023-12-08,195.8739504411803,198.53986243042826,194.09668529712067,197.65122985839844,15479122,187.56639099121094,186.63449188232423,185.4331962585449,189.28698751533133,68.79228783919815,2.816191358995468,1.5237845254376396,1.2924068335578283,198.59484671668258,187.56639099121094,176.5379352657393,0.11759522233371138,3.425289935655156,0.017329970261804627,25.529158076798403,33.606611350782096,14.585712742393998,195969794.0,10347815.0,198.53986243042826,176.3239930204615,207.54315321803563,164.63140061535125
2023-12-11,196.43521098667622,197.4641630392035,195.1490280575968,196.71583557128906,10084242,188.49595108032227,186.70651824951173,185.46406471252442,189.99449685399398,66.25622884332483,3.0348022997860653,1.825988080307325,1.2088142194787403,199.3164695181573,188.49595108032227,177.67543264248724,0.11480902773581776,3.359355068879904,0.017077196958363256,26.524841834706436,31.81862948018527,13.809705019362244,185885552.0,10766668.5,198.53986243042826,176.3239930204615,207.54315321803563,164.63140061535125
2023-12-12,196.76258759604735,200.13003943050035,196.5053424739456,197.46414184570312,11903364,189.49917297363282,186.76778717041014,185.49282836914062,190.70589161510912,67.294961117951,3.2311879841218456,2.1070280610702294,1.1241599230516162,199.72258491735147,189.49917297363282,179.27576102991418,0.10789927769385194,3.378308060856678,0.01710846348749466,27.959589895969092,35.01665360871391,12.751356223521784,197788916.0,10809324.3,200.13003943050035,177.7271028802629,207.54315321803563,164.63140061535125
2023-12-13,198.09553790796673,198.44631504812236,194.09668421945574,196.27149963378906,9696816,190.3878074645996,186.90154998779298,185.52404762268065,191.23594952165007,63.9178330893939,3.2530892072622066,2.3362402903086252,0.9168489169535814,199.67924171817026,190.3878074645996,181.09637321102895,0.09760534959990325,3.4476882585573883,0.01756591387435373,28.213325494711317,31.861133059646196,16.592483532351025,188092100.0,10868957.5,200.13003943050035,179.71484359750707,207.54315321803563,164.63140061535125
2023-12-14,198.0721619020769,203.91844767250421,197.95523618666837,203.1701202392578,24681376,191.38752136230468,187.16673767089844,185.58800598144532,192.3725372090413,72.5111121628751,3.783493356799738,2.625690903606848,1.15780245319289,201.61532927032187,191.38752136230468,181.1597134542875,0.1068806141091666,3.747635385711514,0.01844579991043079,29.43351539531192,37.64712117962758,14.174161303869807,212773476.0,11174503.2,203.91844767250421,182.07671688349646,207.54315321803563,164.63140061535125
2023-12-15,203.94184176776508,210.2324514182422,202.74920509412235,208.85272216796875,41567234,192.54391708374024,187.55118927001953,185.69043296813965,193.94207863370107,77.30571343147622,4.609248404376729,3.0224024037608244,1.5868460006159042,204.9476436635299,192.54391708374024,180.14019050395058,0.12884049278373302,4.014464738454967,0.01922151024311933,31.348259390379134,43.86886672398829,12.286901333005266,254340710.0,11868946.1,210.2324514182422,183.8540090585782,210.2324514182422,164.63140061535125
2023-12-18,208.5954976411163,212.10326946243552,206.7246860030794,208.24472045898438,20182072,193.70966720581055,187.92862579345703,185.80759269714355,195.30423499801375,75.78268653542865,5.15517887906222,3.4489576988211033,1.7062211802411165,207.35240811515618,193.70966720581055,180.0669262964649,0.14085761548338877,4.111901789947907,0.01974552718976509,33.31379647560021,43.01992766472102,11.138907609065386,234158638.0,13255129.0,212.10326946243552,183.8540090585782,212.10326946243552,164.63140061535125
2023-12-19,208.40840617248446,209.2268862124446,203.45075279009401,205.18125915527344,16064694,194.6099952697754,188.22702056884765,185.91224128723144,196.24490396537183,68.46373531348296,5.279775028687169,3.8151211647943164,1.4646538638928526,208.77545807799666,194.6099952697754,180.44453246155413,0.14557795747936367,4.23077547797667,0.020619697409961692,33.98604918183524,38.82466769566789,15.580064118731745,218093944.0,13869886.2,212.10326946243552,183.8540090585782,212.10326946243552,164.63140061535125
2023-12-20,206.72466963371417,210.23244117727268,200.80823115154396,202.02426147460938,26449942,195.34195098876953,188.45245330810548,186.0026249694824,196.7953189662516,61.83597745856492,5.065384447415113,4.065173821318476,1.0002106260966368,209.4512345394517,195.34195098876953,181.23266743808736,0.14445728098101493,4.601735088530387,0.022778130977643682,33.78303101357638,33.14525988994902,17.40270531705507,191644002.0,14242596.1,212.10326946243552,183.8540090585782,212.10326946243552,164.63140061535125
2023-12-21,200.59775997132968,204.15230467132707,199.80267364876173,202.98304748535156,10663008,196.1311996459961,188.71810852050783,186.10470115661622,197.38462644426113,63.007241654777665,4.916173794028538,4.2353738158604886,0.6807999781680492,210.0951874111162,196.1311996459961,182.167211880876,0.14239435429267933,4.58372765524717,0.022581824994907313,33.293039309926975,30.89865342352742,17.79010684487583,202307010.0,15293080.8,212.10326946243552,183.8540090585782,212.10326946243552,164.63140061535125
2023-12-22,203.59103077363974,218.089818117931,202.98302282007754,216.38270568847656,46080814,197.53781509399414,189.2316455078125,186.28149269104003,199.1939673246626,74.69559936379953,5.812164690980296,4.55073199088445,1.2614327000958463,213.55911262893554,197.53781509399414,181.51651755905274,0.16220992955012695,5.335375344004762,0.024657124639554304,34.53187744239305,43.30870162129402,14.192133946941844,248387824.0,15560302.1,218.089818117931,183.8540090585782,218.089818117931,164.63140061535125
2023-12-26,212.33710725172563,222.53302431358006,209.6945888376961,219.86712646484375,54628644,199.27065505981446,189.68952697753906,186.46658615112304,201.16283962372748,76.75259259572613,6.725875858034698,4.9857607643145,1.7401150937201981,216.99062330934117,199.27065505981446,181.55068681028774,0.17784824608729036,5.871308210567562,0.02670389296012549,36.03566755297771,41.949849535151834,11.975485149964667,303016468.0,17380474.8,222.53302431358006,183.8540090585782,222.53302431358006,164.63140061535125
2023-12-27,219.11880117987906,222.34594822522834,217.0609113446679,220.26467895507812,25262992,201.0034942626953,190.19324310302736,186.6604490661621,202.98206241718947,76.98249505649551,7.396811861551498,5.4679709837619,1.9288408777895985,219.7865172559263,201.0034942626953,182.22047126946433,0.18689250216399814,5.829431686995625,0.026465576390413956,37.432044084234896,39.23325904067601,11.199976072205763,328279460.0,19799378.7,222.53302431358006,186.14573910757213,222.53302431358006,164.63140061535125
2023-12-28,221.0129777793264,223.28133947412243,218.72123665111164,219.5631103515625,16839956,202.4814353942871,190.7395199584961,186.84519172668456,204.5612098395107,75.56234295977526,7.782214233695299,5.9308196337485795,1.8513945999467198,222.19843500803876,202.4814353942871,182.76443578053545,0.19475365309769982,5.738765339568137,0.026137201875029357,38.804468778190675,38.17070382730876,10.564286294222434,311439504.0,20655262.6,223.28133947412243,188.06333014533132,223.28133947412243,164.63140061535125
2023-12-29,220.26466014964544,222.32254980916113,217.99629850101053,220.4283447265625,15961140,203.8436195373535,191.31105224609374,187.02654342651368,206.07236554303944,76.14678060541284,8.06450300265476,6.357556307529816,1.7069466951249446,224.54314133173978,203.8436195373535,183.14409774296723,0.2030921727289401,5.63787148018117,0.02557688979234885,39.86012958707342,36.078525474102406,10.903700832191609,327400644.0,20720056.1,223.28133947412243,188.06333014533132,223.28133947412243,164.63140061535125
2024-01-01,221.2234645929253,226.13434488515725,219.02525532428155,223.1644287109375,20347278,205.46888732910156,191.92608154296875,187.22426483154297,207.70018108283926,77.94317601478028,8.412029358824924,6.7684509177888375,1.6435784410360865,226.8650668999477,205.46888732910156,184.07270775825543,0.20826685586295754,5.742958485945065,0.02573420199230702,41.17081947371071,37.62941898613171,9.93959613211472,347747922.0,20526815.2,226.13434488515725,188.06333014533132,226.13434488515725,164.63140061535125
2024-01-02,223.56197715396402,223.56197715396402,217.15444197396957,219.44619750976562,14282514,206.91292037963868,192.5036947631836,187.4092413330078,208.8188493139751,70.20538478292337,8.291833224576152,7.0731273791463005,1.2187058454298514,227.98675821730203,206.91292037963868,185.83908254197533,0.20369765019021135,5.790428249805736,0.026386550851709583,41.82238275710592,34.65515308737421,11.461726618304525,333465408.0,21052657.8,226.13434488515725,188.06333014533132,226.13434488515725,164.63140061535125
2024-01-03,216.9673615371041,216.9673615371041,212.80480879120466,213.22573852539062,19534364,208.11842422485353,193.07055084228514,187.56545417785645,209.23855304839563,59.553698416140705,7.60694968788323,7.179891840893687,0.42705784698954297,227.68665188730063,208.11842422485353,188.55019656240643,0.18804897005471619,5.851211140431109,0.027441392305152478,41.23209290012805,31.845498602044962,15.842279242443,313931044.0,21233659.9,226.13434488515725,189.86399463183844,226.13434488515725,164.63140061535125
2024-01-04,213.74021169242843,215.07316772719898,211.1210727645415,211.58877563476562,15170336,208.90533370971679,193.63693878173828,187.72201766967774,209.46238377090705,57.09856971840622,6.8530872027562,7.11453091326619,-0.26144371050999027,227.68690244698175,208.90533370971679,190.12376497245182,0.17980937493307647,5.715559984875849,0.027012585935757644,40.26079559714968,30.272643911872237,17.164027129603014,298760708.0,21652109.7,226.13434488515725,194.09668421945574,226.13434488515725,164.63140061535125
2024-01-05,212.82818309856526,216.54642658614375,212.10324936677364,213.55313110351562,16889130,209.80215377807616,194.32399475097657,187.90243408203125,209.851978754965,59.268576272543804,6.341057062881674,6.959836143189287,-0.618779080307613,227.6496517624717,209.80215377807616,191.95465579368062,0.17013646107059716,5.661423625340298,0.02651060930872531,39.56626573974037,30.237880873730397,16.09042973154521,315649838.0,21306523.0,226.13434488515725,194.09668421945574,226.13434488515725,164.63140061535125
2024-01-08,213.9740622782207,215.14331944913994,210.02196733125015,210.62998962402344,10082886,210.45109176635742,194.9647476196289,188.0768872833252,209.92607502820866,54.82452945106107,5.634446014041799,6.69475811735979,-1.0603121033179903,227.40564201900847,210.45109176635742,193.49654151370638,0.16112579992195022,5.622847089093833,0.02669537751547474,38.38494301504528,28.27066654263436,17.687529222970344,305566952.0,21588451.9,226.13434488515725,194.09668421945574,226.13434488515725,164.63140061535125
2024-01-09,214.2078925802915,216.31255528031622,210.44289057062142,210.81704711914062,14465048,211.15615234375,195.64291625976563,188.25905738830568,210.01092951305932,55.0567648529628,5.031545123375565,6.362115518562946,-1.3305703951873804,226.89666265039844,211.15615234375,195.41564203710155,0.1490888153807975,5.640476919136759,0.02675531697372231,37.47292191019238,27.64995217866018,16.372799134284694,320032000.0,21318640.1,226.13434488515725,194.09668421945574,226.13434488515725,164.63140061535125
2024-01-10,211.1444660994862,213.27250844598856,209.99858836019487,212.1500244140625,8874676,211.89044647216798,196.3093930053711,188.43935691833497,210.2146528369644,56.76252658968044,4.608181701241932,6.011328755098743,-1.4031470538568112,226.32340317854974,211.89044647216798,197.45748976578622,0.13623036759495943,5.47143714532654,0.02579041487474777,36.50422352861337,26.468182048690476,16.253047169149312,328906676.0,21537680.4,226.13434488515725,194.09668421945574,226.13434488515725,164.63140061535125
2024-01-11,212.7814298482315,213.69344189554823,208.92288110848762,209.6244354248047,8638818,212.55809326171874,196.92863189697266,188.62889358520508,210.15844165485396,52.68265671434168,4.02250033488599,5.613563071056193,-1.591062736170203,225.1582476850276,212.55809326171874,199.9579388384099,0.11855727749490602,5.421374548307545,0.0258623215243066,35.30211039244468,24.804554517370516,16.648763571850594,320267858.0,21386246.0,226.13434488515725,197.95523618666837,226.13434488515725,164.63140061535125
2024-01-12,212.80479090230665,219.35263062237763,212.80479090230665,217.69229125976562,36086734,213.28420181274413,197.71109893798828,188.86052337646484,210.87595114103604,62.06315555786101,4.161382347112408,5.323126926267436,-1.1617445791550285,225.29670144031022,213.28420181274413,201.27170218517804,0.11264312617127292,5.729004594683645,0.026316984223604855,35.11690505200702,28.851821108478223,14.629434694575561,356354592.0,21333346.1,226.13434488515725,199.80267364876173,226.13434488515725,164.63140061535125
2024-01-15,239.44048361416074,247.41481162553117,228.7768498989195,231.32583618164062,127844264,214.40785751342773,198.77418731689454,189.16032089233397,212.82355924014124,72.12122477203518,5.310346112885355,5.32057076359102,-0.010224650705664473,228.56491407682861,214.40785751342773,200.25080095002684,0.1320572550613195,7.442827149760924,0.03217464712379425,37.17635798509336,47.55313696811652,10.456445991110273,484198856.0,21903614.0,247.41481162553117,199.80267364876173,247.41481162553117,164.63140061535125
2024-01-16,231.51292041896545,231.51292041896545,224.7312288107331,226.8358917236328,25912492,215.33741607666016,199.72222137451172,189.44912742614747,214.15806709571186,65.92247925888469,5.791842427163999,5.414825096305616,0.37701733085838285,230.178584805741,215.33741607666016,200.49624734757933,0.13784105892491416,7.395603182508882,0.03260332007564028,38.301372998803,44.43844163627672,13.678917781394453,458286364.0,26217465.5,247.41481162553117,199.80267364876173,247.41481162553117,164.63140061535125
2024-01-17,222.22901203837677,229.8759566871802,220.7557508776176,225.61985778808594,28668932,216.35934600830078,200.6468701171875,189.73126907348632,215.2496662092713,64.31030967233045,6.006073670818296,5.533074811208152,0.47299885961014354,231.07665360621814,216.35934600830078,201.6420384103834,0.13604503682824712,7.518789084441291,0.03332503246014513,38.62047253711564,40.588204117713815,16.2704563620801,429617432.0,26503986.5,247.41481162553117,199.80267364876173,247.41481162553117,164.63140061535125
2024-01-18,225.61986017192925,228.7067019485662,219.0720200343425,225.73678588867188,26144924,217.54497222900392,201.5635678100586,190.01516479492187,216.24843951207137,64.40046251612877,6.114800976054994,5.649420044177521,0.46538093187747265,231.236745336064,217.54497222900392,203.85319912194385,0.12587533480339044,7.669924286568606,0.033977290216009516,38.61691274360704,36.946387239094975,16.378600591091093,455762356.0,27134198.4,247.41481162553117,199.80267364876173,247.41481162553117,164.63140061535125
2024-01-19,228.23899734480392,230.7412105186871,226.18110760042512,226.85926818847656,15498620,218.73878326416016,202.51534301757812,190.31648223876954,217.25899462410996,65.30646724836649,6.219844592665794,5.7635049538751755,0.45633963879061845,231.2569781444428,218.73878326416016,206.22058838387753,0.11445793648001619,7.47953145395765,0.03296991793054535,38.7753162893574,37.12358938869205,15.595840785615886,471260976.0,27118947.5,247.41481162553117,202.98302282007754,247.41481162553117,164.63140061535125
2024-01-23,223.5853503488525,227.30359385889423,218.44061880060593,219.77357482910156,19972336,218.9083267211914,203.335693359375,190.57570655822755,217.4984784531568,55.674216867080474,5.666021806725098,5.7440083244451605,-0.07798651772006249,231.38607337407274,218.9083267211914,206.43058006831006,0.1139997444571708,7.578348854266982,0.03448252984991482,37.60267425605729,34.02241021597502,21.58869663920774,451288640.0,27360728.1,247.41481162553117,208.92288110848762,247.41481162553117,164.63140061535125
2024-01-24,220.7578631042886,224.50746587463743,219.37519136128267,224.06219482421875,11708750,219.11808013916016,204.25444458007811,190.8418751525879,218.12359429801984,59.56182935164274,5.509657152886575,5.6971380901334445,-0.18748093724686932,231.7927315127912,219.11808013916016,206.44342876552912,0.11568786442069469,7.403629258487538,0.033042741834676,36.513792367992906,32.33778903958012,20.51973135137819,462997390.0,26055304.2,247.41481162553117,208.92288110848762,247.41481162553117,164.63140061535125
2024-01-25,224.06218596985764,224.67150497812025,219.60953285602577,220.28915405273438,12852980,219.11930389404296,205.11223358154297,191.08286460876465,218.32983808418314,54.99214865498238,5.023377808103959,5.562386033727547,-0.5390082256235882,231.79440257239892,219.11930389404296,206.444205215687,0.11569130106843639,7.2363680344594625,0.03284940679706441,35.52051242083223,30.883931489189642,19.494450757193412,450144410.0,23909309.5,247.41481162553117,208.92288110848762,247.41481162553117,164.63140061535125
2024-01-29,220.28916566618906,223.5700681335578,220.28916566618906,221.6952667236328,10051300,219.22591171264648,205.97616271972657,191.32667518615722,218.65035509746406,56.33661079562249,4.697311778866123,5.389371182755263,-0.6920594038891403,231.9499201087318,219.22591171264648,206.50190331656117,0.11608124511087436,6.953835609199746,0.03136663994666362,34.59818104132589,29.8431130382697,18.837468855593894,460195710.0,23288808.9,247.41481162553117,208.92288110848762,247.41481162553117,164.63140061535125
2024-01-30,222.35143475295413,226.33538757697656,220.99220665018396,221.46090698242188,11828014,219.27753982543945,206.7418640136719,191.57656341552735,218.9180267055553,56.03615802067462,4.369620958610369,5.185421137926285,-0.8158001793159162,232.0289946269952,219.27753982543945,206.5260850238837,0.11630424905083138,6.838788846170664,0.030880343349779033,34.06856165445556,31.065915105723413,17.78619661424187,448367696.0,22949376.1,247.41481162553117,208.92288110848762,247.41481162553117,164.63140061535125
2024-01-31,221.46090062502475,224.92928012330015,219.82044950928383,224.1090545654297,10584480,219.32477111816405,207.50954895019532,191.82414131164552,219.41241031125762,58.71543188357194,4.27433512647201,5.003203935635431,-0.728868809163421,232.14030084857225,219.32477111816405,206.50924138775585,0.1168634957654069,6.715220401016782,0.029964074472752917,33.33811599572622,29.377740559514066,18.066041150227157,458952176.0,22742719.8,247.41481162553117,208.92288110848762,247.41481162553117,164.63140061535125
2024-02-01,223.82783900919088,223.89815550224205,220.5703802667186,220.92190551757812,7828120,219.3985565185547,208.22939270019532,192.06291595458984,219.55617175947862,54.417083582369266,3.896725104580895,4.781908169424525,-0.8851830648436296,232.23301186009436,219.3985565185547,206.56410117701503,0.11699671634306534,6.488324250852091,0.02936931145714671,32.65984502690612,28.23328640008957,17.362251289436937,451124056.0,22254579.9,247.41481162553117,208.92288110848762,247.41481162553117,164.63140061535125
2024-02-02,222.6326406140934,228.0226940184346,222.6326406140934,226.45254516601562,16296222,220.05989685058594,209.0149496459961,192.32490058898927,220.21296922676785,59.902663447579506,3.9976603003582625,4.625058595611272,-0.6273982952530099,232.91698728922108,220.05989685058594,207.2028064119508,0.11685082673073066,6.532071697280975,0.0288452121061047,32.55691087998453,30.55124775000149,16.014115506285485,467420278.0,21931860.2,247.41481162553117,208.92288110848762,247.41481162553117,164.63140061535125
2024-02-05,226.38225855382683,229.42881068757399,224.5777594292722,226.07760620117188,11566604,220.78433837890626,209.788798828125,192.59401382446288,220.77150608147298,59.38094352051559,4.001273538596848,4.500301584208388,-0.49902804561153946,233.27818080909645,220.78433837890626,208.29049594871606,0.11317689037116829,6.411998808782462,0.02836193693185533,32.630035215956156,30.466651865753143,15.148714588255821,455853674.0,21769953.1,247.41481162553117,208.92288110848762,247.41481162553117,164.63140061535125
2024-02-06,227.17903546338917,235.19379895054476,226.42911214137993,234.18609619140625,29024038,221.81598663330078,210.7285592651367,192.91992218017577,222.04908609194283,66.23073029981393,4.605336974744375,4.521308662315586,0.0840283124287895,235.13147599525374,221.81598663330078,208.50049727134783,0.12005887911014912,6.605155518824635,0.028204729598575628,33.32254596779398,33.69745019127943,13.655307531361325,484877712.0,21589766.5,247.41481162553117,208.92288110848762,247.41481162553117,164.63140061535125
2024-02-07,234.79542965631617,235.1469548942664,230.858335548395,232.10040283203125,9103534,222.88950729370117,211.60555938720702,193.22008476257324,223.00635435290363,63.27493674178989,4.859743478958308,4.588995625644131,0.2707478533141767,235.88262116245798,222.88950729370117,209.89639342494436,0.11658793656567962,6.439688649327976,0.02774527131686331,33.9655916659291,32.09449406952499,13.005737350900024,475774178.0,22196511.9,247.41481162553117,208.92288110848762,247.41481162553117,164.63140061535125
2024-02-08,232.42847691568085,234.39702390564375,227.3665193752021,229.1241455078125,11303840,223.80486221313475,212.48383575439453,193.52196952819824,223.5890011295616,59.213847462560935,4.766260885410929,4.624448677597491,0.14181220781343828,235.80881128380528,223.80486221313475,211.80091314246422,0.10727156641698767,6.481889783693238,0.028289859060149657,33.7021018342185,29.60800045326863,15.846010465170663,464470338.0,22147544.3,247.41481162553117,208.92288110848762,247.41481162553117,164.63140061535125
2024-02-09,230.0849910407426,231.8894901868986,226.2650861803442,229.87408447265625,7893788,224.69106521606446,213.36915954589844,193.82280998229982,224.18758049557061,59.91202371932907,4.698527364751243,4.639264415028242,0.05926294972300106,235.69803633368798,224.69106521606446,213.68409409844094,0.09797426619557964,6.420640799611892,0.02793112070175807,33.19731671402185,27.755411040325228,16.079842874845088,472364126.0,21989483.9,247.41481162553117,208.92288110848762,247.41481162553117,164.63140061535125
2024-02-12,230.1318610080605,239.41212177941034,230.1318610080605,235.02978515625,48873500,225.96133270263672,214.2696694946289,194.13726875305176,225.22017141563532,64.42113438364777,5.00319628640429,4.712050789303452,0.29114549710083804,235.48374072694253,225.96133270263672,216.43892467833092,0.08428351798435545,6.643311978693478,0.028265830112880978,33.62226613599237,32.99732108725743,14.430814480155949,521237626.0,21940439.5,247.41481162553117,212.80479090230665,247.41481162553117,164.63140061535125
2024-02-13,235.80314127087928,240.44327172413398,230.45996031550723,239.78709411621094,22373576,227.066072845459,215.20171813964845,194.45236274719238,226.6074973871187,67.99807113733867,5.56438095645521,4.882516822733804,0.6818641337214064,237.57080406072276,227.066072845459,216.56134163019522,0.09252576647514653,6.881883366545854,0.028699973999478903,34.12359947252066,30.648425697325813,12.935508334998739,543611202.0,23952173.6,247.41481162553117,218.44061880060593,247.41481162553117,164.63140061535125
2024-02-14,236.20153383503916,242.31806733749582,232.96749015883574,241.1463165283203,22594656,227.55709686279297,216.2114630126953,194.77963150024414,227.9921468291379,68.95830806104271,6.0490718053932255,5.1158278192656885,0.933243986127537,239.6155584255395,227.55709686279297,215.49863530004646,0.10598185447951328,7.058218638839727,0.02926944413024367,34.783632808454875,29.645532943887183,11.711459410913656,566205858.0,23266515.7,242.31806733749582,218.44061880060593,247.41481162553117,164.63140061535125
2024-02-15,242.29463838279364,245.05995313201026,240.46669567503545,243.0211181640625,14570776,228.36635818481446,217.2605746459961,195.11884651184081,229.42347743246407,70.28283005526954,6.509436882422165,5.394549631896984,1.1148872505251806,242.16889575229183,228.36635818481446,214.5638206173371,0.12088065577774049,6.8821499829922335,0.028319143764066315,35.669122446364106,31.07800695825797,11.153143971654364,580776634.0,18004035.3,245.05995313201026,218.44061880060593,247.41481162553117,164.63140061535125
2024-02-16,244.8959159499813,255.44167309615275,244.16943617912892,254.5042724609375,34942644,229.81057891845703,218.56834686279296,195.51582817077636,231.81212457803295,76.80976752520358,7.711975255544019,5.858034756626392,1.853940498917627,247.6233947780293,229.81057891845703,211.99776305888474,0.15502172218009813,7.277750336499235,0.02859578845622821,37.304574324180116,37.47878696439523,9.793537824146508,615719278.0,17436949.5,255.44167309615275,218.44061880060593,255.44167309615275,164.63140061535125
2024-02-19,255.86350970133537,255.86350970133537,249.04389733094627,251.19993591308594,18602758,231.08373641967773,219.67533386230468,195.87149978637694,233.65858280041894,71.9150298013475,8.302655392998417,6.346958883900798,1.9556965090976197,251.058581834704,231.08373641967773,211.10889100465147,0.17287971645697628,7.245026196062797,0.028841672151419435,38.850861984031994,35.374810161983845,9.135074941295942,597116520.0,17750635.1,255.86350970133537,218.44061880060593,255.86350970133537,164.63140061535125
2024-02-20,251.1296036489805,252.23106646843075,246.65352170806872,249.3251190185547,10374126,232.20702896118163,220.74950164794922,196.20996322631837,235.1506338688128,69.2197594813332,8.521263778129764,6.781819862746592,1.7394439153831724,253.5828958740213,232.20702896118163,210.83116204834198,0.18411042084701998,7.125920379227028,0.02858083616796236,39.674233359495055,33.39707479019401,11.020408072254517,586742394.0,17373526.8,255.86350970133537,218.44061880060593,255.86350970133537,164.63140061535125
2024-02-21,251.1765104066625,251.36397336846022,243.4898137930316,244.38035583496094,13115574,233.4373680114746,221.68408416748048,196.53130317687987,236.02965500844596,62.56010835943817,8.200975691685215,7.065651028534317,1.1353246631508984,254.64096607088402,233.4373680114746,212.2337699520652,0.18166412892701184,7.17936603609857,0.029377836084939088,39.671883096152044,30.78070871584534,13.30467601658688,573626820.0,17117302.1,255.86350970133537,219.37519136128267,255.86350970133537,164.63140061535125
2024-02-22,245.0365273229982,249.81727642059172,244.4037933190335,248.90330505371094,14596482,234.6794235229492,222.72783355712892,196.8785316467285,237.2557169175188,65.80121259272336,8.217384385662456,7.295997699959946,0.9213866857025099,256.44366094012787,234.6794235229492,212.91518610577052,0.18548057678393232,7.054905646779443,0.028343961303595636,39.6697007087621,29.08632269733392,12.572293366419888,588223302.0,16774464.0,255.86350970133537,219.60953285602577,255.86350970133537,164.63140061535125
2024-02-23,250.75466910670673,253.68404608225237,249.9578728479189,251.29368591308594,19860994,236.2296501159668,223.80442443847656,197.2477677154541,238.59266634566808,67.4070873162193,8.327280446527368,7.502254249273431,0.825026197253937,258.0896590880853,236.2296501159668,214.36964114384833,0.185074218764556,6.892465316905299,0.02742792876733549,40.06390818785382,31.652507846024733,11.94940947430862,608084296.0,16918850.6,255.86350970133537,219.82044950928383,255.86350970133537,164.63140061535125
2024-02-26,251.34055091584798,251.45772599786005,246.5598018483168,249.77041625976562,8820636,237.63340759277344,224.87440277099608,197.60716575622558,239.65721395653452,65.30269629987544,8.19696917774894,7.6411972349685335,0.5557719427804066,259.18331853178825,237.63340759277344,216.08349665375866,0.1813710551669936,6.749998090665153,0.027024810190671406,39.600121164113446,30.011961534642893,14.925916122851309,599263660.0,17269251.3,255.86350970133537,219.82044950928383,255.86350970133537,164.63140061535125
2024-02-27,250.28595455272642,251.87954697964815,247.2628319644988,249.0907745361328,10399260,239.014900970459,225.7928158569336,197.95860549926758,240.55564829744864,64.33759341174368,7.947244266390612,7.70240664125295,0.24483762513766205,259.7684274641829,239.014900970459,218.26137447673514,0.17365885063616932,6.5976207281283115,0.026486812851317657,39.21968193090913,28.968570512727357,14.179882017540736,588864400.0,17207718.1,255.86350970133537,219.82044950928383,255.86350970133537,164.63140061535125
2024-02-28,248.41117221569402,248.85644324582205,241.38066734166495,242.6461639404297,12789056,239.94175643920897,226.46868469238282,198.27443145751954,240.7547450253516,55.90106260013964,7.146923969043598,7.59131010681108,-0.4443861377674816,259.5752222674125,239.94175643920897,220.30829061100542,0.1636519305315483,6.677084047152565,0.027517781195138976,37.55106187946325,26.579259952840108,19.30282029142328,576075344.0,17136280.4,255.86350970133537,220.5703802667186,255.86350970133537,164.63140061535125
2024-02-29,242.4586579816602,245.71613076812264,240.53699820632337,243.06796264648438,14462764,241.0490592956543,227.16514953613282,198.59026176452636,240.9750514654595,56.304917074224264,6.472093730077631,7.36746683146439,-0.8953731013867587,258.66076532311035,241.0490592956543,223.43735326819825,0.14612549062765465,6.570087512484473,0.027029837420573365,35.82995802961276,25.082677248829533,19.1331666306674,590538108.0,17246509.2,255.86350970133537,222.6326406140934,255.86350970133537,164.63140061535125
2024-03-01,244.8490563149495,246.1614114772042,242.57584261994688,243.3023223876953,9420630,241.89154815673828,227.92757080078124,198.91053779602052,241.19669631519625,56.54304946455872,5.888319889957813,7.071637443163075,-1.1833175532052618,258.1929846958402,241.89154815673828,225.59011161763632,0.13478301878112015,6.356907608539677,0.026127607604214013,34.30382816895948,24.5724606659057,18.362314662155935,599958738.0,17578241.4,255.86350970133537,224.5777594292722,255.86350970133537,164.63140061535125
2024-03-04,245.10684816407954,246.72387005614186,243.04455522823216,243.95852661132812,5662370,242.78559417724608,228.76625610351562,199.2282485961914,241.4597277719707,57.245647501453824,5.416190638302368,6.7405480821909345,-1.3243574438885668,257.3930541906352,242.78559417724608,228.17813416385692,0.12033218085192435,6.165650981351822,0.025273357184907357,32.98204902783332,24.176673921664324,17.57962895461318,605621108.0,17234461.8,255.86350970133537,226.2650861803442,255.86350970133537,164.63140061535125
2024-03-05,242.66958439611759,243.9585102427411,239.34180934956996,240.5838623046875,10521548,243.10548248291016,229.51827239990234,199.52627975463867,241.37631201318183,52.541048027482645,4.715361842449369,6.335510834242622,-1.6201489917932532,257.2174570242844,243.10548248291016,228.99350794153594,0.11609754249261958,6.055012858523704,0.02516799256824355,30.93076089282662,22.85997425439227,20.9901963422278,595099560.0,16939250.1,255.86350970133537,226.2650861803442,255.86350970133537,164.63140061535125
2024-03-06,240.771359776474,241.3103479794192,234.3501596798078,240.51358032226562,11091922,243.52614135742186,230.00088989257813,199.83483352661133,241.29414709023743,52.44438124625939,4.106936595334901,5.8897959864610785,-1.7828593911261779,256.77609402296764,243.52614135742186,230.27618869187611,0.10881749771659123,6.119668247172824,0.02544416926051761,29.357786805989278,21.0028506453943,25.111209276356885,584007638.0,16014125.6,255.86350970133537,226.2650861803442,255.86350970133537,164.63140061535125
2024-03-07,240.7947951722908,243.91166381788676,239.27151909577512,241.61502075195312,9707982,244.15068511962892,230.43584777832032,200.14819305419923,241.3247064865913,53.876574982935665,3.6713116457435433,5.446099118317571,-1.7747874725740278,255.6939951084861,244.15068511962892,232.60737513077174,0.09455889901108559,6.01398799538274,0.024890786908305762,27.38209000542466,22.93495718245098,23.72729700289676,593715620.0,16113545.0,255.86350970133537,226.2650861803442,255.86350970133537,164.63140061535125
2024-03-11,242.50555181724107,243.23203157624292,240.11516307211664,241.16973876953125,11131512,244.71546783447266,230.85394897460938,200.45090744018555,241.3099476563951,53.179304345039554,3.2526506678848364,5.007409428231024,-1.7547587603461876,254.3583424297739,244.71546783447266,235.07259323917143,0.07880886877018944,5.807050888864421,0.02407868797508549,25.547514404900376,22.05566594232689,22.81762866384124,582584108.0,16033752.1,255.86350970133537,230.1318610080605,255.86350970133537,164.63140061535125
2024-03-12,240.32608988404874,244.8959180193378,237.9825882762082,239.43556213378906,11652760,244.9357566833496,231.2513980102539,200.7226181793213,241.13143474948023,50.44132136122911,2.749233809242469,4.555774304433314,-1.8065404951908448,253.85785917132432,244.9357566833496,236.0136541953749,0.07285259293120777,5.886070807026221,0.024583110188691477,24.259830578140974,20.205315751626234,23.49127340072898,570931348.0,16195638.3,255.86350970133537,230.45996031550723,255.86350970133537,164.63140061535125
2024-03-13,240.8182097940147,243.1148527200106,232.85030464850533,236.4124298095703,13580480,244.76702346801758,231.57107971191405,200.97477012634278,240.68200570758407,45.995500574754175,2.0823270387531636,4.0610848512972835,-1.9787578125441199,254.18603106794586,244.76702346801758,235.3480158680893,0.07696304401200524,6.198819183060438,0.02622036069784306,23.943143885900167,17.815477706811077,26.626675363725912,557350868.0,14334601.3,255.86350970133537,232.85030464850533,255.86350970133537,164.63140061535125
2024-03-14,234.88916223268663,243.20860720655952,232.0769603159742,242.76333618164062,12825472,244.8478744506836,231.96305786132814,201.2538826751709,240.88022765749423,54.97379905248652,2.0427165213127125,3.6574111853003695,-1.614694663987657,254.1684219368347,244.8478744506836,235.5273269645325,0.07613337470918835,6.551164019312216,0.026985804868040277,23.770124012074394,15.653205405335886,24.23817600565819,570176340.0,13894946.5,255.86350970133537,232.0769603159742,255.86350970133537,164.63140061535125
2024-03-15,241.26349372052132,242.90394486772254,237.34984312290723,242.3180694580078,13649086,244.81272201538087,232.42049530029297,201.54386444091796,241.01716497182886,54.292290250108806,1.9528839667739817,3.3165057415950923,-1.3636217748211106,254.16580907906302,244.81272201538087,235.45963495169872,0.07641013903758258,6.47994528541958,0.026741486096820005,23.609462700664746,14.694869541767167,22.754242668541504,556527254.0,13406487.3,255.86350970133537,232.0769603159742,255.86350970133537,164.63140061535125
2024-03-18,242.786777359379,243.04455682625522,238.56847427784538,239.13092041015625,6393960,244.0440544128418,232.93859893798827,201.80013771057128,240.83752263262195,49.556592533645365,1.6060017396939372,2.9744049412148614,-1.3684032015209242,252.5756534409562,244.0440544128418,235.51245538472742,0.0699185157257037,6.336812232776027,0.026499342794763455,23.421759758069147,14.111946283711944,21.60619056589346,550133294.0,13360402.8,255.86350970133537,232.0769603159742,255.86350970133537,164.63140061535125
2024-03-19,238.56847793542434,238.56847793542434,231.13957453388622,231.93637084960938,9617386,243.08087615966798,233.34555084228515,202.02488159179688,239.98979389138265,40.88669877126623,0.7420017194629054,2.5279242968644704,-1.785922577401565,252.46997648032414,243.08087615966798,233.69177583901183,0.07725083494012842,6.454993207311313,0.02783087957988623,24.38522738942803,12.864036995079477,27.91611678670083,540515908.0,11932968.6,253.68404608225237,231.13957453388622,255.86350970133537,164.63140061535125
2024-03-20,232.49878420093285,234.93603154639464,229.28819850447428,231.30360412597656,8385344,242.17980041503907,233.70056030273437,202.24014762878417,239.16253772324873,40.22022729639658,0.006145649083691751,2.0235685673083146,-2.017422918224623,252.41943753634752,242.17980041503907,231.94016329373062,0.08456227235929771,6.397338909783388,0.027657757145449227,25.511164767867363,12.052829908844352,28.222851872051763,532130564.0,11483700.0,253.68404608225237,229.28819850447428,255.86350970133537,164.63140061535125
2024-03-21,234.1861120943506,236.83426604238932,233.6236802923487,234.5610809326172,11644580,241.68883666992187,234.17918212890626,202.46901176452636,238.72430374318859,45.17475733340035,-0.31059409839400587,1.5567360341678507,-1.8673301325618565,252.39054098555027,241.68883666992187,230.98713235429346,0.08855770471719292,6.335433410256914,0.02700973829531808,26.019789382216604,13.441429486828604,26.4630100211983,543775144.0,11384260.9,253.68404608225237,229.28819850447428,255.86350970133537,164.63140061535125
2024-03-22,229.31162736941172,230.01467783656372,224.7652286270561,228.30392456054688,28646502,240.65886764526368,234.52891967773436,202.65840530395508,237.73188667817507,38.563227779708306,-1.0543588635813705,1.0345170546180065,-2.088875918199377,252.308099127002,240.65886764526368,229.00963616352536,0.09681115510698357,6.582606188492926,0.028832645786372367,27.51372410325027,12.012661281455133,33.26250348774405,515128642.0,11310711.2,253.68404608225237,224.7652286270561,255.86350970133537,164.63140061535125
2024-03-26,227.78835740258748,230.1084297272015,224.53088443022622,224.90585327148438,18273346,239.3394760131836,234.7840362548828,202.8359531402588,236.51035968706168,35.522678922287625,-1.8961362740257073,0.4483863888892638,-2.344522662914971,251.81958167996768,239.3394760131836,226.85937034639952,0.10428789997097378,6.510816124813094,0.028949073712874307,28.923737669904664,11.277607914103275,31.48426799793488,496855296.0,12013212.2,251.87954697964815,224.53088443022622,255.86350970133537,164.63140061535125
2024-03-27,224.8355508178661,225.42142622201567,220.87502736437574,221.36715698242188,14320668,237.9193130493164,235.01889068603515,202.99756141662598,235.0681499056674,32.63677826091765,-2.816329262258847,-0.20455674134035834,-2.611772520918489,251.7224117398817,237.9193130493164,224.1162143587511,0.11603176315244453,6.370500605729297,0.028777984469643615,30.578677255027888,10.702720331132408,33.978416756999565,482534628.0,11933829.8,251.87954697964815,220.87502736437574,255.86350970133537,164.63140061535125
2024-03-28,223.4294472923554,226.40568286851436,222.77325540433438,225.0230255126953,15455150,236.71592559814454,235.16550537109376,203.1873876953125,234.11147139205102,38.22083312821074,-3.2135470282628944,-0.8063547987248656,-2.407192229538029,250.60964735029205,236.71592559814454,222.82220384599702,0.11738730055479138,6.275359554326667,0.02788763301012778,31.833927078094447,11.209233496116479,32.02973920182218,497989778.0,12208831.4,248.85644324582205,220.87502736437574,255.86350970133537,164.63140061535125
2024-04-01,226.71034349019942,227.97582573288165,225.70262639050296,227.2962188720703,6041008,235.94842834472655,235.08491302490233,203.3819152832031,233.4623997234814,41.469743616598734,-3.3067985481362996,-1.3064435486071524,-2.000354999529147,250.13969064206543,235.94842834472655,221.75716604738767,0.12029122123759257,6.038033887602357,0.026564603307372918,32.54854563457047,12.675127640846823,30.910909762492796,504030786.0,12461625.9,246.72387005614186,220.87502736437574,255.86350970133537,164.63140061535125
2024-04-02,225.89012998416928,226.24165523201043,224.7886813468805,225.53860473632812,6932654,235.07196044921875,235.05896728515626,203.57525489807128,232.70775258184776,39.729996723621454,-3.4823830768355037,-1.7416314542528228,-1.740751622582681,249.55831518328714,235.07196044921875,220.58560571515036,0.12325038431963721,5.7858555760014605,0.025653504342485263,33.320211462722106,12.282750084697836,31.082315924748052,497098132.0,12124223.5,246.72387005614186,220.87502736437574,255.86350970133537,164.63140061535125
2024-04-03,224.976151195396,228.58514934226153,223.07792064112422,226.4759979248047,13794516,234.23064422607422,235.07609008789063,203.77854316711426,232.11425213831987,41.148069031107795,-3.5054862215864944,-2.0944024077195573,-1.411083813866937,248.6616374125644,234.23064422607422,219.79965103958403,0.12322036883066172,5.765953656368307,0.025459446957742243,33.35039327242813,14.347895978345512,28.961771871051926,510892648.0,11747718.0,246.72387005614186,220.87502736437574,255.86350970133537,164.63140061535125
2024-04-04,227.69461092511693,230.57712935106778,224.78867750808175,228.4445343017578,16004046,233.4549446105957,235.13024505615235,203.99564949035644,231.76475520150444,44.121437429187395,-3.3266041741947276,-2.3408427610145917,-0.985761413180136,247.3695484226237,233.4549446105957,219.5403407985677,0.11920590360797571,5.7675606696981445,0.025247094168073362,32.826131850080564,15.7863091829832,26.885580672877108,526896694.0,11966412.3,244.8959180193378,220.87502736437574,255.86350970133537,164.63140061535125
2024-04-05,228.02271508554298,228.32736744538963,226.17134302373762,227.3430938720703,6414344,232.79290618896485,235.13992156982422,204.2073656463623,231.3436445987012,42.8179229685308,-3.236408596706781,-2.5199559281530295,-0.7164526685537513,246.54680273325442,232.79290618896485,219.03900964467528,0.1181642238971417,5.5179628560068625,0.024271521786854502,32.3393176721864,15.321783450216975,26.094449324938214,520482350.0,12483496.1,244.8959180193378,220.87502736437574,255.86350970133537,164.63140061535125
2024-04-08,229.66315149608945,230.41307485149022,224.13249356925562,224.9292755126953,26640770,232.01369094848633,235.2430355834961,204.40490798950196,230.73275230479587,40.027002115906804,-3.3214157074375237,-2.680247884009929,-0.6411678234275948,245.6953041667833,232.01369094848633,218.33207773018935,0.11793798169724978,5.572435600737416,0.02477416773799594,31.29683878303824,16.76179284020319,23.993696854039456,493841580.0,12278135.9,244.8959180193378,220.87502736437574,255.86350970133537,164.63140061535125
2024-04-09,226.82751779666413,227.43682247030245,222.72639013748815,223.00759887695312,15801250,231.08331985473632,235.2219436645508,204.61038078308104,229.9970234069061,37.90854606306241,-3.5034619707480203,-2.8448907013575475,-0.6585712693904728,244.5558478598265,231.08331985473632,217.61079184964612,0.1166032062682785,5.510863938742907,0.02471155228115606,30.595922032671876,15.738420878564309,24.351297742010306,478040330.0,13055578.3,244.8959180193378,220.87502736437574,255.86350970133537,164.63140061535125
2024-04-10,223.80440862967825,224.71837999892492,221.74213002867953,223.71066284179688,10771534,230.21036605834962,235.29037384033202,204.837258682251,229.39832240070524,39.176881969137966,-3.550080442291545,-2.985928649544347,-0.564151792747198,243.20978383402644,230.21036605834962,217.2109482826728,0.11293512102215204,5.329820083850227,0.0238246135259961,30.130898281126214,15.110666176387108,24.699077662915002,488811864.0,13360241.7,244.8959180193378,220.87502736437574,255.86350970133537,164.63140061535125
2024-04-12,222.63264709245757,224.97614864079924,220.28914554411594,220.6406707763672,13170046,229.2706214904785,235.26928192138672,205.05147583007812,228.56426034124448,35.74346747310284,-3.7910477805745586,-3.1469524757503895,-0.6440953048241691,242.1836903792885,229.2706214904785,216.35755260166852,0.11264477589725783,5.283904584766875,0.02394800816265844,29.970432506835458,14.153260827673508,25.09831969111133,475641818.0,13342242.8,243.20860720655952,220.28914554411594,255.86350970133537,164.63140061535125
2024-04-15,218.62526033742628,219.51578804540725,214.7584828680686,215.2974853515625,12176472,228.21487426757812,235.14601348876954,205.23348152160645,227.30075796127477,30.700466827632283,-4.362874044962155,-3.390136789592743,-0.9727372553694118,242.04012510908248,228.21487426757812,214.38962342607377,0.12115994530044945,5.326639107876283,0.024740832895369557,30.698208098591927,13.036875563539025,30.535053098266015,463465346.0,13418107.1,243.20860720655952,214.7584828680686,255.86350970133537,164.63140061535125
2024-04-16,212.34468293868858,214.89910550859463,208.47790514055137,210.1417999267578,21439424,226.58379745483398,234.8666683959961,205.3826933288574,225.66657148179695,26.77498928727246,-5.172446462116767,-3.746598724097548,-1.4258477380192192,240.84884456190716,226.58379745483398,212.3187503477608,0.1259140968357783,5.433277758100201,0.025855292759431485,32.110445226765265,11.868072829130949,36.05423569842354,442025922.0,13347906.7,243.04455682625522,208.47790514055137,255.86350970133537,164.63140061535125
2024-04-18,212.08690318939765,213.46957490953062,207.56394778320546,208.26699829101562,21986258,224.88124389648436,234.61357025146484,205.53001419067382,224.00946927315113,25.498224058149944,-5.897338412743096,-4.176746661826657,-1.720591750916439,239.35481904979008,224.88124389648436,210.40766874317865,0.1287219414347253,5.467016998687698,0.02625003982171254,33.51482401032822,10.952342147510837,34.46643932592133,420039664.0,13778604.3,243.04455682625522,207.56394778320546,255.86350970133537,164.63140061535125
2024-04-19,206.22814193211624,212.74307355516106,204.82204096439725,212.20407104492188,20470106,223.53490142822267,234.32860076904296,205.7025160217285,222.88514563236737,32.75048915337318,-6.083999084144523,-4.55819714629023,-1.5258019378542924,237.45486233706993,223.53490142822267,209.6149405193754,0.12454395998037895,5.642303826693135,0.026589046095627004,35.088595847278754,9.854084341576947,34.48138880057472,440509770.0,14195462.9,238.56847793542434,204.82204096439725,255.86350970133537,164.63140061535125
2024-04-22,212.20407276236133,218.48465427495057,210.9151468648539,216.53955078125,18881740,222.7650604248047,234.13783966064454,205.89447364807128,222.28080326559427,39.71031631191445,-5.815059641642023,-4.809569645360589,-1.005489996281434,236.44222166055778,222.7650604248047,209.0878991890516,0.12279449218536562,5.779961225507673,0.0266924042497282,34.882695175863525,16.027723230005748,31.255871264914273,459391510.0,14899270.2,236.83426604238932,204.82204096439725,255.86350970133537,164.63140061535125
2024-04-23,218.78930875443902,218.78930875443902,215.69589801321194,216.58642578125,10322712,222.02920150756836,233.78584625244142,206.08269020080567,221.73848160041865,39.78287979321669,-5.534344299035894,-4.9545245760956504,-0.5798197229402433,235.36908702389974,222.02920150756836,208.68931599123698,0.12016334271126637,5.588064762344773,0.025800623202437718,34.6112149710956,15.783390198533342,30.01998150944799,469714222.0,15362487.9,236.83426604238932,204.82204096439725,255.86350970133537,164.63140061535125
2024-04-24,217.43006855333385,217.78159378196187,214.9459626591351,215.55526733398438,5915168,221.07891082763672,233.45494354248046,206.26785568237304,221.14960405123443,38.67999457515736,-5.333598829265554,-5.030339426729632,-0.30325940253592254,233.37984983388176,221.07891082763672,208.77797182139167,0.11128098071584425,5.39146235952206,0.025011972225055638,34.46763047397234,15.190443828802323,29.885747341854493,463799054.0,15459356.3,230.57712935106778,204.82204096439725,255.86350970133537,164.63140061535125
2024-04-25,215.08657302928142,216.79732632894198,213.63359918303325,216.0708465576172,11805090,220.46725692749024,233.19387756347658,206.4381770324707,220.66591286136614,39.581889463535795,-5.074409035061478,-5.039153348396002,-0.03525568666547674,232.48360393144645,220.46725692749024,208.45090992353403,0.1090079966650856,5.232338415692536,0.024215846325650818,34.526304400077564,14.534380711845868,30.386561353192715,475604144.0,15172885.7,230.57712935106778,204.82204096439725,255.86350970133537,167.9053347013327
2024-04-26,216.492682083782,223.0076138858216,216.35207770458655,217.7581787109375,21478294,220.1098731994629,232.9515594482422,206.61120567321777,220.38898579942054,42.55946035277194,-4.6789100896502305,-4.967104696646848,0.28819460699661725,232.00143727905103,220.1098731994629,208.21830911987476,0.1080511646909363,5.354083338014813,0.02458728930279159,32.94847361852995,21.4744394294978,27.574495273315975,497082438.0,14330815.1,230.57712935106778,204.82204096439725,255.86350970133537,167.9053347013327
2024-04-29,219.1877004129109,219.35174838460202,216.3520692161306,216.9848175048828,7249940,219.89075622558593,232.59066009521484,206.77019493103026,220.06477929517885,41.548766579458594,-4.377417962649815,-4.849167349847441,0.47174938719762594,231.84292294893174,219.89075622558593,207.93858950224012,0.1087100424638504,5.185911611618857,0.023899882356986375,31.48334659078733,20.587194559777206,26.43523021937959,489832498.0,14491062.5,230.57712935106778,204.82204096439725,255.86350970133537,167.9053347013327
2024-04-30,217.00824331010656,218.76586947082558,216.30519284581896,216.72702026367188,8902956,219.47595596313477,232.12945861816405,206.93268920898439,219.74689748265436,41.19754965990491,-4.111886099339813,-4.701711099745916,0.589825000406103,231.26153442971838,219.47595596313477,207.69037749655115,0.10739744510841298,4.9912519697179825,0.0230301323925627,30.132106408210102,19.862234330287507,25.571420091285987,480929542.0,14137526.1,230.57712935106778,204.82204096439725,255.86350970133537,170.08014128734465
2024-05-02,216.7270313303772,217.00825439117196,213.46957259500175,214.38352966308594,14937276,218.83032150268554,231.59420288085937,207.0780874633789,219.23610054745737,38.048868579175675,-4.043934332983127,-4.570155746393358,0.526221413410231,230.24030586276405,218.83032150268554,207.42033714260702,0.10428156648244458,4.887496957321713,0.022797912530886352,29.42538922906683,18.835034172274938,28.393093843550552,465992266.0,13809916.4,230.57712935106778,204.82204096439725,255.86350970133537,173.30728283004822
2024-05-03,215.78960704343055,216.539530355598,212.41497359407325,214.36007690429688,9730626,218.271395111084,231.02098205566406,207.22418685913087,218.77171734334686,38.01755325902629,-3.946481923199798,-4.445420981754646,0.4989390585548481,229.40398478364693,218.271395111084,207.13880543852105,0.10200685863484107,4.8330012290505024,0.022546181634410602,28.962581679939596,17.686883839844324,28.220928904030863,456261640.0,14254729.8,230.57712935106778,204.82204096439725,255.86350970133537,174.00883614373745
2024-05-06,215.03970831757135,216.82077817555523,213.72735309892985,214.9694061279297,6918126,217.69606552124023,230.2302847290039,207.38713020324707,218.40959246568806,39.41276146359167,-3.7765487076871693,-4.311646526941151,0.5350978192539815,228.24727687599238,217.69606552124023,207.14485416648807,0.09693525080013622,4.708745789591565,0.021904260119644,28.448028124274256,17.283557331047138,26.896655594953806,463179766.0,14394628.4,230.57712935106778,204.82204096439725,255.86350970133537,174.00883614373745
2024-05-07,216.44579546696352,218.10969013448153,212.78993880367014,217.43006896972656,9278528,217.14534225463868,229.5548873901367,207.5574659729004,218.3163045136917,44.81502699690134,-3.4040803639064734,-4.1301332943342155,0.7260529304277421,226.4739601155589,217.14534225463868,207.81672439371846,0.08592049697276838,4.752389042535838,0.021857092098873994,27.574589250546634,17.83887154773367,24.746105357183545,472458294.0,14050808.9,230.41307485149022,204.82204096439725,255.86350970133537,174.00883614373745
2024-05-08,217.9456445843357,218.6018221589237,216.21144771244036,217.10198974609375,8205680,216.63328704833984,228.9104248046875,207.7266290283203,218.2006554882062,44.24852059208151,-3.099639059822124,-3.924034447431797,0.8243953876096732,224.70644363890128,216.63328704833984,208.5601304577784,0.07453292797759177,4.583673714246374,0.021112997258141652,26.61110775749927,17.94127879559552,23.824317327016107,464252614.0,13714533.0,230.41307485149022,204.82204096439725,255.86350970133537,175.4119601806765
2024-05-09,216.42236533691735,217.66441828159637,212.81336727526312,213.6804656982422,9233484,216.0708465576172,228.29642700195313,207.87295516967774,217.77016122249535,38.74742091762637,-3.098735237820307,-3.7589746055094992,0.6602393676891922,223.27429336996238,216.0708465576172,208.867399745272,0.0666767120794737,4.60277209225258,0.021540443939094447,26.45368843403235,16.590632197479206,27.3041312410009,455019130.0,13804099.8,227.43682247030245,204.82204096439725,255.86350970133537,175.4119601806765
2024-05-10,213.7507745772607,214.43039576067383,211.05574774529595,211.78224182128906,6654714,215.50957870483398,227.5540057373047,207.98465118408203,217.19988318428523,36.06831931970295,-3.214139159623471,-3.650007516332294,0.4358683567088226,222.1942087721561,215.50957870483398,208.82494863751188,0.06203557268772262,4.515048943904388,0.021319299036008786,26.64617815890314,15.704903086507606,28.627010757473236,448364416.0,12933735.5,224.97614864079924,204.82204096439725,255.86350970133537,175.4119601806765
2024-05-13,211.78224392824276,212.43842152009475,208.57164385315423,211.82911682128906,7111608,214.9155014038086,226.76471435546875,208.0727286529541,216.68838162590464,36.18565854238096,-3.264187654943669,-3.572843544054569,0.30865588911090036,220.61902413186993,214.9155014038086,209.21197867574728,0.053076885481097784,4.468743852692683,0.021095984913456284,27.26594991276429,14.734234522202401,30.828270182709797,455476024.0,12476408.7,224.97614864079924,204.82204096439725,255.86350970133537,175.4119601806765
2024-05-14,212.18064981653416,215.55528368519123,211.94629964633856,213.8914031982422,4909420,214.57803802490236,226.0471340942383,208.1665574645996,216.42200272803203,41.290992967929995,-3.1016878459367945,-3.478612404431014,0.3769245584942196,219.65040314771588,214.57803802490236,209.50567290208883,0.0472775794718084,4.4157026392076455,0.02064460082631285,26.823147190455735,18.887982133673475,28.970108070099,460385444.0,12293412.4,223.0076138858216,204.82204096439725,255.86350970133537,175.4119601806765
2024-05-15,213.89140181104298,215.484980097318,213.09460551610587,214.80535888671875,4793424,214.55343170166014,225.36142578125,208.2632021331787,216.26803664790694,43.45021696272636,-2.8661181646319847,-3.3561135564712083,0.4899953918392237,219.6163636702172,214.55343170166014,209.4904997331031,0.04719506864469208,4.271036349350822,0.0198832858336799,26.411973234026362,18.132906906530266,27.811984837210336,465178868.0,11880381.1,223.0076138858216,204.82204096439725,255.86350970133537,175.4119601806765
2024-05-16,216.5395447220328,219.11739644491414,213.77421573457067,217.6878662109375,14621472,214.93073501586915,224.86225982666016,208.37496101379395,216.4032585110527,49.7298350999013,-2.418949104530924,-3.1686806660831515,0.7497315615522275,219.74075434116364,214.93073501586915,210.12071569057466,0.04475878542861121,4.347618089421724,0.019971797992676923,24.952305251549365,22.508935850521137,25.37050903791628,479800340.0,11511228.7,223.0076138858216,204.82204096439725,255.86350970133537,175.4119601806765
2024-05-17,217.66442477779964,217.66442477779964,215.62557553416096,216.0708465576172,6876820,215.32092742919923,224.32231750488282,208.50891845703126,216.37160022977315,46.60339973799039,-2.1700296240381647,-2.9689504576741546,0.7989208336359899,219.05002636458778,215.32092742919923,211.59182849381068,0.03463758938726226,4.184380417089925,0.019365779714174088,23.596899267820724,21.716533700456075,24.477368373986373,472923520.0,11170331.1,223.0076138858216,204.82204096439725,255.86350970133537,175.4119601806765
2024-05-21,217.00824507635056,217.85189991892292,215.46153976376843,216.0239715576172,8467448,215.51192245483398,223.77675048828124,208.64416160583497,216.33849273718687,46.51211268911991,-1.9540168729508594,-2.7659637407294957,0.8119468677786363,218.96390129832423,215.51192245483398,212.05994361134373,0.03203515428909695,4.056236112665966,0.01877678705478341,22.28224989247956,21.13255067086585,23.447037290844086,464456072.0,10414859.2,223.0076138858216,208.57164385315423,255.86350970133537,175.4119601806765
2024-05-22,216.96136437511018,217.21915812032728,215.06313389584702,216.21144104003906,7765884,215.49551696777343,223.22180877685548,208.78887771606446,216.32639257555374,46.95959143408128,-1.7475532844932218,-2.562281649482241,0.8147283649890191,218.93088341556916,215.49551696777343,212.0601505199777,0.0318834145242054,3.9205066920812723,0.018132743915967215,21.17436457816956,20.302441293432004,23.251876773512294,472221956.0,9814726.3,223.0076138858216,208.57164385315423,255.86350970133537,175.4119601806765
2024-05-23,216.77389708893222,219.35174883809788,216.4223718504096,218.3206024169922,13171332,215.58222579956055,222.77654357910157,208.9386441040039,216.51631732235742,51.84113452460677,-1.3976267360073962,-2.329350666787272,0.9317239307798757,219.20574261279793,215.58222579956055,211.95870898632316,0.033616099841240005,3.864778199651097,0.017702306410227714,19.846674504524625,23.065548613299132,21.902362072514237,485393288.0,9258933.5,223.0076138858216,208.57164385315423,255.86350970133537,175.4119601806765
2024-05-24,218.88304563393268,220.52349672540754,216.53954407468288,217.31289672851562,8205526,215.67010726928712,222.31252990722658,209.08991973876954,216.59218202770583,49.4972308859236,-1.1879271676305336,-2.1010659669559244,0.9131387993253908,219.37117204932287,215.67010726928712,211.96904248925136,0.034321536970485914,3.873290660442066,0.01782356555340977,18.956898547689764,23.531795485773145,20.293210337031272,477187762.0,9401364.5,223.0076138858216,208.57164385315423,255.86350970133537,175.4119601806765
2024-05-27,216.53954354958444,216.6098457354718,211.6650631788849,212.06346130371094,40983758,215.4697380065918,221.72149871826173,209.21775444030763,216.16087529208727,39.48260691855961,-1.4288533839279012,-1.96662345035032,0.5377700664224188,219.4830595448004,215.4697380065918,211.4564164683832,0.03725183476192673,4.000043723955541,0.01886248436842591,18.46283329614156,21.158541713005217,26.950912836912803,436204004.0,9515882.4,223.0076138858216,208.57164385315423,255.86350970133537,175.4119601806765
2024-05-28,212.78993306007035,214.3132090125929,212.36810565701444,213.75076293945312,15778126,215.26936721801758,221.17311920166014,209.33929306030274,215.9313407823126,43.44356787148623,-1.4667304498688907,-1.866644850254034,0.39991440038514336,219.20506777093345,215.26936721801758,211.3336666651017,0.03656535626761916,3.8750225800217133,0.01812869590140059,18.004058419703945,20.28110201962984,25.833264890444354,451982130.0,10974815.8,220.52349672540754,208.57164385315423,255.86350970133537,175.4119601806765
2024-05-29,212.78994685419138,213.49299733939245,210.68079539858815,211.29010009765625,9756036,214.98463134765626,220.6102099609375,209.44408515930175,215.48931785996436,39.39411993811399,-1.6759835293691765,-1.8285125860770628,0.1525290567078863,219.19697038961843,214.98463134765626,210.7722923056941,0.039187350421810416,3.817518648653375,0.0180676645374722,18.003501414793394,19.116128294481406,27.50644861797118,442226094.0,10689807.4,220.52349672540754,208.57164385315423,255.86350970133537,175.4119601806765
2024-05-30,210.44643206603615,210.680782213103,203.93150083829713,204.79859924316406,20724568,214.38821029663086,219.97793334960937,209.52612464904786,214.47115418217388,31.14607002050154,-2.338669246380249,-1.9305439181377002,-0.40812532824254877,220.42681891980186,214.38821029663086,208.34960167345986,0.05633340205430036,4.0704529779895005,0.019875394621994065,19.3257449159386,16.64767842854282,35.7982692467878,421501526.0,10815112.2,220.52349672540754,203.93150083829713,255.86350970133537,175.4119601806765
2024-05-31,205.0798243084693,207.23584869390075,204.11899435041784,205.38449096679688,21438004,213.9382583618164,219.2303564453125,209.61845985412597,213.6057576854713,32.519340623336106,-2.784478155015023,-2.1013307655131648,-0.6831473895018583,221.14022719691167,213.9382583618164,206.73628952672112,0.06732754478084202,4.002338789810459,0.019487054601690885,20.55354245271629,15.721641508204907,33.80696942987847,442939530.0,11406192.8,220.52349672540754,203.93150083829713,255.86350970133537,175.4119601806765
2024-06-03,211.00890101467547,211.17293469252593,206.95463158804097,208.1498260498047,8964424,213.62774581909179,218.54699157714845,209.70310745239257,213.08614514874114,38.73068356850331,-2.881430163363376,-2.257350645083207,-0.624079518280169,221.25324819562545,213.62774581909179,206.00224344255813,0.07139056162668336,4.129917713804644,0.019841081744725864,20.401326820767895,20.957040918989573,30.422437449838178,451903954.0,11731229.2,220.52349672540754,203.93150083829713,255.86350970133537,175.4119601806765
2024-06-04,208.99348114347896,208.99348114347896,195.448044022765,205.36105346679688,17730732,213.14732818603517,217.87159423828126,209.7684326171875,212.35042213141313,35.21077196041993,-3.147019092043081,-2.435284334475182,-0.711734757567899,221.54570374911592,213.14732818603517,204.74895262295442,0.0788034795890159,4.802454814298166,0.023385421593947145,21.97514295939574,16.734910318506422,41.407497197571374,434173222.0,11692919.1,220.52349672540754,195.448044022765,255.86350970133537,175.4119601806765
2024-06-05,206.087536522902,213.25864570085392,205.78286987187903,211.61819458007812,12267428,212.85673446655272,217.46523071289062,209.8528832244873,212.2806861741431,46.876477118706376,-2.820092960552671,-2.5122460596906797,-0.3078469008619913,221.04173351678222,212.85673446655272,204.67173541632323,0.07690617889767208,5.023536058566657,0.023738677425800023,22.366807389001963,20.920222851589863,36.75767733695161,446440650.0,12233549.4,220.52349672540754,195.448044022765,255.86350970133537,175.4119601806765
2024-06-06,213.23521535568656,216.53954687552957,212.13376674787273,216.0708465576172,15425568,212.8051773071289,217.16057556152344,209.9562062072754,212.64165382971208,53.31795537897865,-2.176619133278706,-2.445120674408285,0.268501541129579,220.89500064998367,212.8051773071289,204.71535396427413,0.07603032449891213,5.016237218344142,0.023215705858802744,22.00103676566221,24.126016940380325,34.181792666777255,461866218.0,12382994.4,220.52349672540754,195.448044022765,255.86350970133537,175.4119601806765
2024-06-07,220.28915020241553,227.97583258280136,219.49235393769075,227.10873413085938,72672440,213.47659072875976,217.01152862548827,210.1127308654785,214.0194710012499,64.73382368835688,-0.7671529478535035,-2.1095271290973288,1.3423741812438252,223.6945738661516,213.47659072875976,203.25860759136793,0.09572930786003273,5.508290704547002,0.024253980040120963,21.134123790129888,35.23146717562615,28.904892991609817,534538658.0,12743988.8,227.97583258280136,195.448044022765,255.86350970133537,175.4119601806765
2024-06-10,228.9132386409775,228.9132386409775,221.8593043857575,222.7498321533203,18311752,214.02497024536132,216.90044677734375,210.26055671691896,214.85093396811376,58.63569000328513,-0.0018465164795884448,-1.6879910065737809,1.6861444900941924,224.97160153899205,214.02497024536132,203.0783389517306,0.10229302946363085,5.61869381530936,0.025224233666052653,20.45791575769343,33.26380284903147,26.312866884283267,516226906.0,15915936.6,228.9132386409775,195.448044022765,255.86350970133537,175.4119601806765
2024-06-11,224.6012038593448,224.6012038593448,222.32800439810572,223.12478637695312,9371714,214.58975372314453,216.8648254394531,210.40534645080567,215.63891991181274,58.993542264733925,0.6276844606015004,-1.2248559131387247,1.852540373740225,226.17205882382888,214.58975372314453,203.00744862246017,0.10794835167784755,5.379729932875768,0.0241108575171344,19.830008299002436,32.25983239407965,25.518690071223247,525598620.0,16498788.5,228.9132386409775,195.448044022765,255.86350970133537,175.4119601806765
2024-06-12,224.03876660349206,227.03844597344653,222.89044502812223,223.523193359375,13875116,215.07134323120118,216.9079461669922,210.54394340515137,216.38980309729487,59.39550470407148,1.1455353904097763,-0.7507776524290245,1.8963130428388006,227.28141316072916,215.07134323120118,202.8612733016732,0.11354436854381086,5.291749290907806,0.023674273847724893,19.605862762845764,33.74341412671569,24.089895050362806,539473736.0,16611793.8,228.9132386409775,195.448044022765,255.86350970133537,175.4119601806765
2024-06-13,224.97615474346927,227.48370432893392,224.1090562863424,226.1947784423828,12995932,215.64081420898438,216.93138122558594,210.69847061157228,217.32361027301752,62.07980172525414,1.7513224173609387,-0.2503576384710319,2.0016800558319705,228.77552515178704,215.64081420898438,202.50610326618173,0.12182026849586451,5.1966608393828855,0.022974274097607425,19.463586875425175,32.518515938590085,22.778499459021404,552469668.0,17060078.6,228.9132386409775,195.448044022765,255.86350970133537,175.4119601806765
2024-06-14,227.3196499010655,227.6008729472298,223.19509290265046,223.8043975830078,11322596,215.9466407775879,216.86154479980468,210.85472625732422,217.94082811206422,58.362135439679214,2.015298140094899,0.20277351724215426,1.8125246228527445,229.5347696521574,215.9466407775879,202.3585119030184,0.1258470965386718,5.140169354039775,0.022967240186302928,19.130844924015467,30.52762227156422,22.653979937586605,541147072.0,17470204.0,228.9132386409775,195.448044022765,255.86350970133537,175.4119601806765
2024-06-18,225.44485678144505,231.06926069283247,224.99958575035404,230.53025817871094,31870984,216.66961135864258,216.96137786865233,211.0378295135498,219.13982145174487,64.75733705443984,2.7356862536879305,0.7093560645313095,2.0263301891566208,231.67227093462884,216.66961135864258,201.66695178265633,0.13848420627065317,5.291933193738695,0.02295548200720922,19.36298178772586,32.215633237776615,20.432565662661702,573018056.0,17305260.2,231.06926069283247,195.448044022765,255.86350970133537,175.4119601806765
2024-06-19,230.7177336861615,233.01436240505006,228.13988191313175,232.35818481445312,20880284,217.48632202148437,217.0790216064453,211.22422607421876,220.3987132005742,66.27345580424955,3.414734493072899,1.2504317502396276,2.1643027428332715,233.96523662138654,217.48632202148437,201.0074074215822,0.15153977911561997,5.262115143608668,0.022646566755591877,19.861106171130235,32.72433274693202,19.080608729479266,593898340.0,18554968.4,233.01436240505006,195.448044022765,255.86350970133537,175.4119601806765
2024-06-20,233.17840681251423,233.17840681251423,228.84292889690465,229.8506317138672,12571126,218.16828155517578,217.1071435546875,211.4024111175537,221.29889591612593,62.31322247940291,3.707805265272782,1.7419064532462585,1.9658988120265235,235.48718792073345,218.16828155517578,200.84937518961812,0.15876649201343812,5.195926770180161,0.02260566669509259,20.34789421676537,30.999476407799825,17.943405336156943,581327214.0,19175610.2,233.17840681251423,195.448044022765,255.86350970133537,175.4119601806765
2024-06-21,233.3893381448135,234.7954391534893,229.24133730850002,229.9209442138672,95171176,218.74829864501953,217.15870056152343,211.58691085815428,222.12004337305365,62.38110442519505,3.9007739014377023,2.1736799428845472,1.727093958553155,236.80983827999304,218.74829864501953,200.68675901004602,0.16513536102315865,5.221510704095097,0.022710026361226873,21.04414263177916,30.8562363215195,16.5800957182174,676498390.0,19415872.3,234.7954391534893,195.448044022765,255.86350970133537,175.4119601806765
2024-06-24,229.71003764472528,231.95979353716695,229.40538528689868,229.9209442138672,9934518,219.37870101928712,217.25853393554686,211.7784262084961,222.86298631027398,62.38110442519505,4.0075068910092,2.540445332509478,1.4670615584997222,238.06514293423777,219.37870101928712,200.69225910433647,0.17035784994740938,5.03100338596461,0.02188144887437869,21.69065901714911,29.737183426825347,15.978790882642313,676498390.0,23515864.5,234.7954391534893,195.448044022765,255.86350970133537,175.4119601806765
2024-06-25,229.92092828350803,233.41275126789063,229.33505290381956,232.87374877929688,9258210,220.4192153930664,217.45585693359374,211.9885641479492,223.81639225970474,65.4151538900206,4.2810113707817266,2.8885585401639275,1.392452830617799,239.66949194127145,220.4192153930664,201.16893884486134,0.1746696767237526,4.962910170115071,0.02131159134994905,22.52239246640255,30.083128332374926,15.041024715952235,685756600.0,23602314.1,234.7954391534893,195.448044022765,255.86350970133537,175.4119601806765
2024-06-26,232.873755494802,234.30328574102677,231.4442109449787,232.10040283203125,12812090,221.33669738769532,217.62365173339845,212.1947184753418,224.60534564754536,63.96019674932607,4.384817638391098,3.1878103598093617,1.1970072785817365,240.97345961348296,221.33669738769532,201.6999351619077,0.1774379256359076,4.812636214824572,0.020735148048439317,23.436050440183756,30.128300089990642,14.402773175742764,672944510.0,22016036.7,234.7954391534893,195.448044022765,255.86350970133537,175.4119601806765
2024-06-27,230.67086627460867,239.951141460201,229.28820887292332,239.41212463378906,42137138,222.74279861450196,217.99908081054687,212.43953605651856,226.01551507480667,70.61491049730799,4.999449158300536,3.5501381195075967,1.4493110387929389,243.3061480176543,222.74279861450196,202.17944921134963,0.1846376137056718,5.230514527142651,0.021847325130852833,25.063227256733406,33.453970439912865,12.305522531800413,715081648.0,21867734.9,239.951141460201,195.448044022765,255.86350970133537,175.4119601806765
2024-06-28,239.97456404050502,241.98996969674948,237.09205993081633,241.3103485107422,16405832,224.56838607788086,218.51933807373047,212.69103858947753,227.4721658782291,72.05744288073201,5.575449556866317,3.9552004069793414,1.620249149886976,244.91714977360792,224.56838607788086,204.2196223821538,0.18122554159221732,5.206757044199115,0.021577015143912616,26.810425384869667,34.00309610747149,11.478693930978933,731487480.0,23486790.0,241.98996969674948,195.448044022765,255.86350970133537,175.4119601806765
2024-07-01,242.73990284115155,251.12962125518663,240.95881877116275,247.16909790039062,30757528,226.65761642456056,219.25988403320312,212.9532437133789,229.34806416605403,75.97724030573134,6.430558657402742,4.450272057064022,1.9802866003387196,247.2771876817131,226.65761642456056,206.03804516740803,0.18194465804783957,5.561331718472313,0.0225001093005305,29.25817412631807,41.299991505003106,9.979213299661206,762245008.0,23270853.2,251.12962125518663,195.448044022765,255.86350970133537,175.4119601806765
2024-07-02,248.08308733936664,255.44168849072264,247.6143869935121,252.25453186035156,36276968,228.86285171508788,220.13963470458984,213.19936729431151,231.52963251789188,78.76217658273201,7.4329088536899235,5.046799416389202,2.3861094373007212,250.50187256023372,228.86285171508788,207.22383086994205,0.18910033395969675,5.7549930664622915,0.022814230626581024,31.820747144854742,42.41143385743831,8.954588184834725,798521976.0,23736829.4,255.44168849072264,195.448044022765,255.86350970133537,175.4119601806765
2024-07-03,253.98871318717073,255.65259359083234,250.9890197159408,252.6294708251953,16049384,231.2262725830078,220.94814270019532,213.45262718200684,233.53914092811124,78.95588136698467,8.163430106054165,5.670125554322195,2.4933045517319696,252.4019124303719,231.2262725830078,210.05063273564372,0.18315946203528635,5.677034552778666,0.022471782623915797,34.21387230791863,40.1882114630133,8.429158136918904,814571360.0,25102456.6,255.65259359083234,205.78286987187903,255.86350970133537,175.4119601806765
2024-07-04,253.75435680202736,257.2227218978826,247.98932015949612,248.7392578125,19524632,233.08232574462892,221.5921368408203,213.6923992919922,234.98677110757683,71.65348886008944,8.332414891297674,6.202583421717291,2.129831469580383,253.5536123511443,233.08232574462892,212.61103913811354,0.17565713351379764,5.931060780322081,0.02384449013992364,35.52497174689268,35.71931801100252,11.104422195041497,795046728.0,25018389.2,257.2227218978826,212.13376674787273,257.2227218978826,175.4119601806765
2024-07-05,249.04390273668014,251.4577208192969,248.1533892960466,250.80152893066406,10376090,234.81885986328126,222.27643890380858,213.93418106079102,236.49293851929943,73.07513429086458,8.534365739404166,6.668939885254666,1.8654258541494997,255.11485256698228,234.81885986328126,214.52286715958024,0.17286509878736286,5.7434372619598095,0.02290032794635644,36.74242122594002,34.25145051148655,10.648091521651136,805422818.0,25381249.4,257.2227218978826,219.49235393769075,257.2227218978826,175.4119601806765
2024-07-08,251.1999373811253,254.50426885196282,250.75466636427274,253.66061401367188,12176360,236.14645385742188,223.03854583740235,214.19692291259764,238.12795523304916,74.95078434810509,8.823406772440876,7.0998332626919085,1.7235735097489675,257.68689091673815,236.14645385742188,214.6060167981056,0.18243286492306798,5.6010204923691145,0.022080765333427874,38.15514263105272,36.498814942177866,10.138922694889624,817599178.0,25128775.5,257.2227218978826,221.8593043857575,257.2227218978826,175.4119601806765
2024-07-09,254.9729649231747,255.41823593262316,251.97327154002355,253.56686401367188,8681444,237.68730545043945,223.78846618652344,214.44785423278807,239.59832749787037,74.76686123977673,8.941833145646967,7.468233239282921,1.4735999063640461,259.58008456971464,237.68730545043945,215.79452633116426,0.18421496325002587,5.447016485242722,0.021481578464246923,39.548351666224846,36.048497521689995,9.680897019499332,808917734.0,22103971.5,257.2227218978826,222.32800439810572,257.2227218978826,175.4119601806765
2024-07-10,253.56687364257888,254.66830795396993,249.23139567364385,251.012451171875,9233748,239.08168869018556,224.4535516357422,214.68566268920898,240.68538689539463,69.74485996738396,8.728945283763096,7.7203756481789565,1.0085696355841396,260.6366201081834,239.08168869018556,217.52675727218767,0.1803143648188789,5.446294756320105,0.021697309160934333,39.96293272351226,33.478040677277654,12.586586754590492,799683986.0,21622456.1,257.2227218978826,222.89044502812223,257.2227218978826,175.4119601806765
2024-07-11,251.55146268016742,252.88724712387784,248.41116487446595,250.33282470703125,8807618,240.42217025756835,225.12051177978515,214.91843605041504,241.60419049650287,68.42792325250217,8.408462422883474,7.85799300311986,0.5504694197636137,261.2627979363777,240.42217025756835,219.581542578759,0.17336693747072013,5.376993862969519,0.021479379978483867,40.09319942468067,31.48741081659541,12.92778221249135,790876368.0,21615557.8,257.2227218978826,223.19509290265046,257.2227218978826,175.4119601806765
2024-07-12,255.44168928176285,264.7219504369816,253.8246673621174,262.5425109863281,54186042,242.23955688476562,226.0368215942383,215.2105040740967,243.59831625743863,76.87566826136113,9.03554099663532,8.093502601822953,0.9420383948123661,264.11416190187634,242.23955688476562,220.3649518676549,0.1806030798472486,6.020717567753865,0.022932353107826386,41.36174286959792,40.15265722784519,10.72088480756539,845062410.0,21362182.9,264.7219504369816,223.19509290265046,264.7219504369816,175.4119601806765
2024-07-15,265.7062214945412,265.7062214945412,260.66769308026113,262.3315734863281,16099478,244.16591567993163,226.99578247070312,215.4907601928711,245.38243599352333,76.49486217085192,9.407045822262688,8.3562112459109,1.0508345763517877,265.9930024839693,244.16591567993163,222.33882887589397,0.17878897423709222,5.950561199648592,0.022683358775945118,42.61229785866531,38.90567762001637,10.072476784514059,828962932.0,23421688.4,265.7062214945412,224.99958575035404,265.7062214945412,175.4119601806765
2024-07-16,263.3392620048659,263.69078724307144,260.784868159663,262.3315734863281,11239032,245.7559814453125,227.95521240234376,215.7825919342041,246.99663956426664,76.49486217085192,9.590908055192841,8.603150607767288,0.9877574474255528,268.0072842253238,245.7559814453125,223.50467866530116,0.1810845266035802,5.733086762774295,0.021854352819917367,43.77352749137074,37.49710270183847,9.707804093264075,828962932.0,23660532.5,265.7062214945412,228.13988191313175,265.7062214945412,175.4119601806765
2024-07-18,260.8551257570378,269.2214426192982,260.761379982961,268.65899658203125,25019786,247.5710220336914,229.0290042114258,216.1200919342041,249.05972118500614,79.95004363469222,10.130413264636445,8.908603139141121,1.221810125495324,271.0433976189631,247.5710220336914,224.09864644841971,0.18962134899679334,5.927870753743076,0.022064664981107693,45.25091450987263,40.338856630997576,8.718185559511632,853982718.0,22628934.9,269.2214426192982,228.84292889690465,269.2214426192982,175.4119601806765
2024-07-19,271.79932340076317,271.79932340076317,259.98806977220414,261.1598205566406,26523490,249.13648147583007,229.90359924316405,216.42278533935547,250.2121116013523,67.31954278342644,9.83943135816213,9.094768782945323,0.7446625752168075,271.836226077878,249.13648147583007,226.43673687378217,0.18222738370213457,6.348112387658501,0.024307385317266735,46.78484203413414,37.87845833512656,7.559543042357083,827459228.0,22835910.0,271.79932340076317,229.24133730850002,271.79932340076317,175.4119601806765
2024-07-22,244.19286943918488,246.88789630919507,235.0766423922326,237.06861877441406,76014568,249.4938652038574,230.30293182373046,216.6294602203369,248.96035037973914,43.52879428745636,7.577518538744954,8.79131873410525,-1.213800195360296,271.17442792867695,249.4938652038574,227.81330247903787,0.1737963593381721,7.75775994314061,0.032723689804438495,43.455588306233,28.78166286296571,28.68093676200164,751444660.0,23533528.2,271.79932340076317,229.28820887292332,271.79932340076317,175.4119601806765
2024-07-23,238.0997792833103,238.0997792833103,227.95241950331436,234.6079559326172,25847632,249.72821578979492,230.72148162841796,216.83412117004394,247.59345567048945,41.90002504344874,5.5227189402691295,8.137598775338025,-2.614879835068896,270.645321971735,249.72821578979492,228.81110960785483,0.1675189654944457,7.9284456457731345,0.03379444492517679,41.12243794569817,26.15046897501902,32.477271806429684,725597028.0,22575697.8,271.79932340076317,227.95241950331436,271.79932340076317,175.4119601806765
2024-07-24,235.52189627050302,237.32639525190206,234.27984335984578,234.3970184326172,12240276,249.80437927246095,231.17377716064453,217.04053367614745,246.33665212402542,41.75578496780547,3.833069323910337,7.276692885052489,-3.443623561142152,270.48520706927656,249.80437927246095,229.12355147564534,0.16557618290797924,7.579738949079073,0.03233718158944092,38.9559411823444,25.399700933409108,31.54486414008005,713356752.0,23371353.5,271.79932340076317,227.95241950331436,271.79932340076317,175.4119601806765
2024-07-25,232.475344223646,237.86539756754104,231.20984771711852,237.5607452392578,21887890,250.07739639282227,231.6884097290039,217.25633392333984,245.50085146833328,44.823772067760224,2.7179651324335055,6.364947334528693,-3.646982202095187,269.94429457740665,250.07739639282227,230.21049820823788,0.15888599666462783,7.513725442032176,0.03162864906180007,37.27474025874865,23.79265168303269,32.46747236468714,735244642.0,23520456.8,271.79932340076317,227.95241950331436,271.79932340076317,175.4119601806765
2024-07-26,239.03716370040993,247.73154893317167,238.33411321893814,245.9739227294922,26153996,250.4054862976074,232.3300601196289,217.53828674316406,245.54590587415794,52.05612520335906,2.48447070662354,5.588852008947662,-3.1043813023241222,269.7673345155972,250.4054862976074,231.0436380796176,0.15464396171398742,7.7035167457380105,0.03131842863769706,34.76572988169169,30.696963529114768,29.405602806016315,761398638.0,23974246.8,271.79932340076317,227.95241950331436,271.79932340076317,175.4119601806765
2024-07-29,247.47376291497562,248.6689429803416,245.05994488305888,245.7864532470703,12011554,250.62929153442383,232.94968200683593,217.8176653289795,245.56881514776865,51.892898669145744,2.2582655914325187,4.922734725444633,-2.6644691340121147,269.6661924973523,250.62929153442383,231.59239057149537,0.15191281790232217,7.411051127991204,0.030152398678138057,32.54311713451783,30.532673374958,28.38276000059394,749387084.0,23175089.7,271.79932340076317,227.95241950331436,271.79932340076317,175.4119601806765
2024-07-30,245.7864579398003,246.98163802798547,243.60699002054713,244.42721557617188,10816526,250.4921974182129,233.48446899414063,218.09165069580078,245.46009137904514,50.65275640064152,1.94687492525469,4.327562765406645,-2.380687840151955,269.6657985491151,250.4921974182129,231.31859628731073,0.15308741213117005,7.122736619380285,0.029140521862879857,30.294480047425896,29.499392499997928,28.87929529529722,738570558.0,22955375.8,271.79932340076317,227.95241950331436,271.79932340076317,175.4119601806765
2024-07-31,244.56781427582933,246.02080239068675,243.46637999813763,244.66156005859375,7758508,250.112548828125,234.05628326416016,218.3680940246582,245.38404077709737,50.87075199158645,1.699415417015075,3.801933295728331,-2.102517878713256,269.4316727726987,250.112548828125,230.79342488355132,0.15448344383431634,6.796428460320916,0.02777889775039956,28.187731343205567,28.707443892531064,28.251771203668067,746329066.0,21958325.7,271.79932340076317,227.95241950331436,271.79932340076317,175.4119601806765
2024-08-01,245.13025897958767,246.91131441325822,242.5524073077182,244.4506378173828,10759752,249.70360717773437,234.62481658935548,218.6390396118164,245.29514525712455,50.653856932778844,1.4693446216080588,3.335415560904277,-1.8660709392962183,269.13821766734674,249.70360717773437,230.268996688122,0.15566143164106697,6.622319792122282,0.02709062185826447,26.245607629160823,27.35775413023551,27.909319160550993,735569314.0,20532402.7,271.79932340076317,227.95241950331436,271.79932340076317,175.4119601806765
2024-08-02,241.3806663923336,243.3726427654742,234.81886186904686,235.3578643798828,15652228,249.0345375061035,235.00774505615234,218.86206581115724,244.3487375545301,42.28402885825912,0.5469956088634262,2.777731570496107,-2.2307359616326807,269.452361614606,249.0345375061035,228.616713397601,0.16397584297320275,6.837280946137544,0.029050573534699187,25.43091248089771,24.6049497384238,33.18019301080916,719917086.0,20267921.1,271.79932340076317,227.95241950331436,271.79932340076317,175.4119601806765
2024-08-05,229.66315798415351,232.4050577310106,225.09332984059128,227.3196563720703,21938080,247.86044387817384,235.1877261352539,219.05016265869142,242.72692029905772,36.53653026957178,-0.8231006451507596,2.0575651273667335,-2.880665772517493,270.33390197280886,247.86044387817384,225.38698578353882,0.1813396098465875,7.082084774219972,0.03115473992547401,25.642839686923818,22.05769378525609,39.55416324509307,697979006.0,20074300.9,271.79932340076317,225.09332984059128,271.79932340076317,175.4119601806765
2024-08-06,229.545977568115,234.04550341945009,228.069574447539,229.42880249023438,11271584,246.64885330200195,235.4300442504883,219.24377738952637,241.46043288869362,38.88394557895136,-1.7189068444803866,1.3022707329973096,-3.021177577477696,270.32164777086064,246.64885330200195,222.97605883314327,0.1919554390944054,7.056639222302815,0.030757425160701783,25.581853826784737,22.21648947226968,36.86130657400269,709250590.0,20652400.4,271.79932340076317,225.09332984059128,271.79932340076317,175.4119601806765
2024-08-07,233.74086504405375,234.39704265867312,230.90521940774983,233.1315460205078,7079826,245.62708740234376,235.85140594482422,219.42456985473632,240.667205567914,42.87849164743138,-2.105785074081723,0.6206595715815031,-2.726444645663226,269.77655780103214,245.62708740234376,221.4776170036554,0.19663523802756236,6.907467861312524,0.02962905698186764,25.467779564748206,21.4386260580858,34.967540211700744,716330416.0,20607161.6,271.79932340076317,225.09332984059128,271.79932340076317,175.4119601806765
2024-08-08,231.5379571546469,231.5379571546469,227.9524025816965,228.3976593017578,13160570,244.4963478088379,236.14434387207032,219.5911637878418,239.49867735208963,39.338450668959375,-2.7625292363866834,-0.055978190012134166,-2.7065510463745492,269.6290524458733,244.4963478088379,219.3636431718025,0.2055875669495536,6.784016116848152,0.029702651671596796,25.660950684782236,20.269557496532805,36.1697334488197,703169846.0,20527080.7,271.79932340076317,225.09332984059128,271.79932340076317,175.4119601806765
2024-08-09,232.1706904264926,232.6862636038011,229.499093064547,230.27244567871094,6065948,243.4933288574219,236.5239907836914,219.78127967834473,238.61998862129164,41.40179502155703,-3.0960349604141015,-0.6639895440925278,-2.4320454163215737,269.20868691733864,243.4933288574219,217.77797079750513,0.2112202266943785,6.605772415790662,0.02868676882429697,25.633877884949126,20.571269087104028,34.492437715106895,709235794.0,20723421.8,271.79932340076317,225.09332984059128,271.79932340076317,175.4119601806765
2024-08-12,230.38963102077716,231.53795249853513,228.44452760038564,229.21788024902344,7338468,241.82709732055665,237.0123764038086,219.96811042785646,237.72454972869465,40.56594899861933,-3.4061710467307194,-1.2124258446201661,-2.193745202110553,266.69389744944567,241.82709732055665,216.96029719166762,0.2056576819092077,6.354890450244865,0.02772423531419486,25.725167433635836,19.85600806682803,34.478464008901746,701897326.0,20586338.3,271.79932340076317,225.09332984059128,271.79932340076317,175.4119601806765
2024-08-13,229.21788552915535,230.92865313820266,228.3273577828285,229.8975067138672,6289418,240.20539398193358,237.50263671875,220.15553314208984,236.97911706061583,41.38720951292308,-3.5561231793077184,-1.6811653115576766,-1.8749578677500418,263.704636089249,240.20539398193358,216.7061518746182,0.19565957048477295,6.0867765148969575,0.026476044050676124,25.823528043845254,19.249877460421327,33.563463077429965,708186744.0,18243959.6,271.79932340076317,225.09332984059128,271.79932340076317,175.4119601806765
2024-08-14,231.06926248414877,232.873761613761,229.87408236515307,232.07696533203125,11121756,238.69266357421876,237.98117950439453,220.36309028625487,236.5122454674173,44.056866283115426,-3.4592214768372287,-2.036776544613587,-1.4224449322236419,260.10204640146776,238.69266357421876,217.28328074696972,0.1793886959629324,5.866269567304883,0.025277259028753857,25.51109032158629,20.91517755361151,32.33757299333299,719308500.0,17753456.6,271.79932340076317,225.09332984059128,271.79932340076317,175.4119601806765
2024-08-16,234.81887248411016,242.52899886895034,233.38934215549696,241.966552734375,25931140,237.35804138183593,238.7132894897461,220.6485083770752,237.03170330236566,54.241569531036745,-2.5549670570298986,-2.1404146470968493,-0.4145524099330493,253.90446863117546,237.35804138183593,220.8116141324964,0.13942166992119243,6.19382413656304,0.025597852540232988,23.823060779915238,29.528798982101492,28.439757201612547,745239640.0,17747592.8,271.79932340076317,225.09332984059128,271.79932340076317,175.4119601806765
2024-08-19,241.8493532563357,245.22400111623534,240.77134829465552,243.6069793701172,11466562,236.48039932250975,239.35306518554688,220.95019638061524,237.65792007072292,55.68281218279546,-1.6865289388649387,-2.0496375054504674,0.3631085665855287,249.3337311551336,236.48039932250975,223.62706748988592,0.10870526157302858,6.069454756921381,0.024914946084939264,22.638184133713054,31.153076852079273,26.94948018309032,756706202.0,17793160.5,248.6689429803416,225.09332984059128,271.79932340076317,175.4119601806765
2024-08-20,243.67729904833905,247.28626849680413,243.56012397255262,245.90362548828125,9543812,236.92214965820312,239.94972076416016,221.28371284484862,238.44322534858563,57.69195538646005,-0.8037007634819417,-1.8004501570567624,0.9967493935748206,250.41725260752273,236.92214965820312,223.42704670888352,0.11392014607995392,5.902075454587819,0.024001579654908695,21.823177457354948,32.24404745367435,25.734197539984667,766250014.0,17040314.1,248.6689429803416,225.09332984059128,271.79932340076317,175.4119601806765
2024-08-21,245.31775066510264,247.520619209121,244.21628778589715,246.7003936767578,6454402,237.52677154541016,240.34155395507813,221.6242530822754,239.22962233222108,58.39663186984591,-0.039307428548681855,-1.4482216113551463,1.4089141828064644,251.6231273086613,237.52677154541016,223.430415782159,0.11869277447368685,5.716522309490393,0.02317192212096968,21.099614655302894,31.20557956455941,24.67168444224678,772704416.0,13716776.3,248.6689429803416,225.09332984059128,271.79932340076317,175.4119601806765
2024-08-22,247.3800196828274,248.6689455446344,242.81019162732986,243.25546264648438,11496506,237.9696937561035,240.75166656494142,221.9559873199463,239.61303569548426,54.19373137873626,0.2852148733692559,-1.1015343144102658,1.3867491877795217,252.2008931047929,237.9696937561035,223.73849440741412,0.11960514067203049,5.726681710048546,0.023541842175897835,20.166433712026492,28.92520373820335,24.622594532753723,761207910.0,12747114.8,248.6689455446344,225.09332984059128,271.79932340076317,175.4119601806765
2024-08-23,243.677300636345,244.40378038951596,239.66990443617465,240.16204833984375,11277706,238.09975891113282,241.09241180419923,222.26266662597655,239.6653226139947,50.66733131656947,0.2894518333351641,-0.8233370848611798,1.112788918196344,252.36114745047948,238.09975891113282,223.83837037178617,0.1197933891623091,5.655767013140887,0.02354979503313378,18.736416541617338,27.195890150552362,27.11648907676817,749930204.0,12709926.3,248.6689455446344,225.09332984059128,271.79932340076317,175.4119601806765
2024-08-26,241.84936558650088,245.97392268901726,241.82593629189515,243.7241668701172,17351380,237.98727111816407,241.49643127441405,222.5879750061035,240.0518792098159,54.35090732946428,0.5736303960272551,-0.5439435886834929,1.117573984710748,252.03230194283964,237.98727111816407,223.9422402934885,0.1180317817729168,5.666917537143217,0.023251356687017288,17.67837513518389,27.18272014849396,25.13005230490063,767281584.0,12179417.1,248.6689455446344,225.09332984059128,271.79932340076317,175.4119601806765
2024-08-27,243.72416642727842,245.2474424674489,241.84936514706857,242.3883819580078,7965796,237.81736755371094,241.82030334472657,222.90707221984863,240.27440328107227,52.75997232943346,0.6831819789821338,-0.29851847515036756,0.9817004541325014,251.55985382549522,237.81736755371094,224.07488128192665,0.11557176343464952,5.504857521660154,0.02271089677315406,16.695908114924265,25.984181475027643,24.022019724308304,759315788.0,11739286.3,248.6689455446344,225.09332984059128,271.79932340076317,175.4119601806765
2024-08-28,243.72418592958056,252.20765095848034,242.7164687179534,250.56719970703125,34375566,238.1243667602539,242.35555938720702,223.26905113220215,241.25466960735406,60.40272223268606,1.413668743567058,0.04391896859311756,1.3697497749739405,252.69325692699167,238.1243667602539,223.55547659351615,0.12236370737653966,5.813029770146752,0.023199484118206517,16.901026261749706,31.40150869232366,21.123621238068544,793691354.0,11536998.4,252.20765095848034,225.09332984059128,271.79932340076317,175.4119601806765
2024-08-29,250.75466422677115,254.01213708162365,250.30939321371423,252.48886108398438,25685318,238.51573181152344,242.7947314453125,223.6343244934082,242.3245926051284,61.959948136104586,2.1231721733142876,0.4597696095373516,1.663402563776936,254.14777116882965,238.51573181152344,222.88369245421723,0.13107763784452375,5.662295062844085,0.02242592025063893,17.34131806008123,32.21108537265817,20.13695217620265,819376672.0,12714950.4,254.01213708162365,225.09332984059128,271.79932340076317,175.4119601806765
2024-08-30,253.8949719537182,254.03557632987824,251.0827700017269,252.3482666015625,19434804,238.9106132507324,243.1945330810547,223.99912872314454,243.2792282238364,61.76855347487189,2.64363972026419,0.8965436316827192,1.7470960885814706,255.49253445872554,238.9106132507324,222.32869204273928,0.13881276333748058,5.468760153223173,0.02167147897178903,17.75350115306253,30.99940864233185,19.36032642048664,799941868.0,13611290.9,254.03557632987824,225.09332984059128,271.79932340076317,175.4119601806765
2024-09-02,252.34826667654755,254.03557640536468,249.27825665895344,249.5594940185547,15735982,239.620694732666,243.58871032714845,224.34741668701173,243.87734877571435,57.94502412632718,2.7988203020475453,1.2769989657556846,1.5218213362918607,256.7408166807639,239.620694732666,222.50057278456813,0.14289351733328393,5.417942981308036,0.021710025509609397,17.71429260296527,29.055153370411123,20.52508148138865,784205886.0,14045043.5,254.03557640536468,225.09332984059128,271.79932340076317,175.4119601806765
2024-09-03,249.81729577303778,253.49658221349424,248.17684448747377,251.246826171875,15056686,240.81705322265626,244.0152279663086,224.7072982788086,244.5792037658249,59.57549798919285,3.023107137019622,1.6262206000084722,1.3968865370111496,257.6736174772733,240.81705322265626,223.96048896803921,0.13999477220603382,5.410928320216066,0.02153630516516262,17.421911796392003,27.014761535158474,20.537664044535088,799262572.0,14049231.2,254.03557640536468,227.9524025816965,271.79932340076317,175.4119601806765
2024-09-04,247.47376140904146,247.5909364854662,242.20088296992836,243.32577514648438,20402128,241.51190185546875,244.28332458496095,225.03014686584473,244.459829611602,49.81215219240067,2.532500363111666,1.807476552629111,0.7250238104825548,257.55972993808666,241.51190185546875,225.4640737728508,0.13289471830851338,5.670572240339679,0.023304445395996135,16.43472761212945,23.936538586124296,25.725016671557068,778860444.0,13705161.5,254.03557640536468,227.9524025816965,271.79932340076317,175.4119601806765
2024-09-05,244.2866060124916,246.53636176725539,243.48980976823037,245.99734497070312,12069118,242.15519180297852,244.54579650878907,225.36951042175292,244.6062596458021,52.63174735243204,2.3323781146814326,1.9124568650395755,0.4199212496418572,257.83496429963407,242.15519180297852,226.47541930632295,0.12950184862782443,5.49485898179906,0.022337066208797766,15.51805658388565,22.9375485589171,24.65138461685716,790929562.0,14161688.7,254.03557640536468,227.9524025816965,271.79932340076317,175.4119601806765
2024-09-06,245.99734742064334,248.36430688306228,242.99768258681615,244.00537109375,14579954,242.93557739257812,244.78389587402344,225.70253875732422,244.5490321646543,50.35992158058808,1.9901034727107003,1.9279861865738006,0.06211728613689971,257.2969823186369,242.93557739257812,228.57417246651937,0.11823220855668302,5.485699361402422,0.02248187954557257,14.529999701358719,23.714859347975445,22.92879243534707,776349608.0,14411153.3,254.03557640536468,228.3273577828285,271.79932340076317,175.4119601806765
2024-09-09,242.36492423162332,244.54439216432323,240.6541852265123,241.3103485107422,11919540,243.4874725341797,244.8218603515625,226.01659645080565,244.24058610237697,47.38012324840504,1.4842727810952567,1.839243505478092,-0.3549707243828353,256.65899071865823,243.4874725341797,230.31595434970117,0.10819052041890631,5.371735616860172,0.022260693128214697,13.849801223124564,22.488124812344925,24.858894720127967,764430068.0,14482122.5,254.03557640536468,228.3273577828285,271.79932340076317,175.4119601806765
2024-09-10,242.22431593215074,247.4737651569187,240.91196077775797,246.419189453125,10287272,244.34753799438477,244.92403717041014,226.3328131866455,244.44807213578156,53.051263557293574,1.4785947613462156,1.7671137566517168,-0.2885189953055012,255.81596338422534,244.34753799438477,232.8791126045442,0.09386978468433864,5.456740528453068,0.022144137964917193,13.113317598506889,24.391074314220656,22.72366918203196,774717340.0,14774802.1,254.03557640536468,228.3273577828285,271.79932340076317,175.4119601806765
2024-09-11,246.0676740009327,246.65354941522062,240.5604451066261,241.0760040283203,8261524,244.9064628601074,244.80217529296874,226.60956916809081,244.12692279221383,47.30848401447317,1.0310590736798417,1.619902820057342,-0.5888437463775003,254.42775998796137,244.9064628601074,235.38516573225345,0.07775455997902839,5.502195084177457,0.022823487166856678,12.352466056571886,22.46174873569444,21.382566509027814,766455816.0,14922242.3,254.03557640536468,229.87408236515307,271.79932340076317,175.4119601806765
2024-09-12,243.93508916590199,249.34857218263818,242.66959257060324,248.43460083007812,15779474,245.72434463500977,244.72577667236328,226.92709358215333,244.537177843439,54.597741830967166,1.2556863102788327,1.5470595181016402,-0.2913732078228075,253.31049825515566,245.72434463500977,238.13819101486388,0.06174523433088485,5.700078874901772,0.022943981457721568,12.197294703924562,23.51043008225616,19.16594632030135,782235290.0,15020847.6,254.03557640536468,233.38934215549696,271.79932340076317,175.4119601806765
2024-09-13,250.19224593940146,258.95694837507466,248.8095741587643,258.06640625,35919706,246.52933731079102,244.8345153808594,227.28155212402345,245.825675786921,62.00655535810704,2.185715645268658,1.674790743535044,0.5109249017336142,255.61772390600964,246.52933731079102,237.4409507155724,0.07373066990206693,6.044526637051398,0.023422369168018736,13.548272437679907,31.9413479052916,16.782789737726198,818154996.0,15253733.5,258.95694837507466,239.66990443617465,271.79932340076317,175.4119601806765
2024-09-16,259.19127912827776,260.99576393249436,257.31647783259405,258.67572021484375,11088578,247.28277435302735,245.03324462890626,227.63800498962402,247.04948954196126,62.424286221935816,2.938068908963089,1.927446376620653,1.010622532342436,257.6811872002545,247.28277435302735,236.8843615058002,0.08410139262172871,5.875580884397748,0.022714079541434232,15.051533319817214,32.991216117486765,16.032120068821808,829243574.0,15753161.8,260.99576393249436,239.66990443617465,271.79932340076317,175.4119601806765
2024-09-17,257.31647783259405,260.08182118660653,256.4025064795087,258.67572021484375,8728238,247.92137908935547,245.19072845458984,227.99539321899414,248.1567496060453,62.424286221935816,3.494037204917845,2.2407645422800915,1.2532726626377535,259.4137747694633,247.92137908935547,236.4289834092476,0.09271000122958971,5.718704728876325,0.022107620785308497,16.21835279004404,31.475075257662038,16.436931019276923,829243574.0,15734262.6,260.99576393249436,239.66990443617465,271.79932340076317,175.4119601806765
2024-09-18,257.33991079967575,257.33991079967575,249.65324254199962,252.23109436035156,16665520,248.19791412353516,245.16213806152345,228.31529670715332,248.54478243978875,55.00569420106873,3.3757056056076067,2.4677527549455944,0.9079528506620123,259.8248586936061,248.19791412353516,236.57096955346424,0.09369091284372243,5.954688510588311,0.023608066744067277,15.806842285857538,28.06859788083319,22.753976699008202,812578054.0,15693483.9,260.99576393249436,239.66990443617465,271.79932340076317,175.4119601806765
2024-09-19,255.06672369609075,258.46480106712386,248.01278949559256,249.98130798339844,20969182,248.53420639038086,245.09042694091798,228.63915161132812,248.681594396323,52.6532395691395,3.065055945244552,2.587213393005386,0.47784255223916583,259.9571658795771,248.53420639038086,237.11124690118464,0.09192263435362936,6.275925872084239,0.02510558058405323,15.108912865617981,24.729610638988554,21.914265388797297,791608872.0,16204039.8,260.99576393249436,239.66990443617465,271.79932340076317,175.4119601806765
2024-09-20,252.11392829410843,253.44971284123818,248.87988445436426,252.6763458251953,16664232,249.15992126464843,245.12370483398436,228.9744938659668,249.06204691335847,55.12888657966298,3.0017288204282693,2.670116478489963,0.33161234193830635,260.0379167054983,249.15992126464843,238.2819258237986,0.08731737741477001,6.154061765997787,0.024355511972835184,14.460835546824107,23.417932491734092,20.75191538485903,808273104.0,16677673.6,260.99576393249436,240.5604451066261,271.79932340076317,175.4119601806765
2024-09-23,252.67634326025052,253.28567659140745,249.3485822705716,250.70782470703125,8544290,249.50910415649415,245.13120483398438,229.27801155090333,249.218787655613,52.95101322843534,2.7608727921810043,2.688267741228171,0.07260505095283332,260.1115937645613,249.50910415649415,238.906614548427,0.08498679552323812,5.99570694848622,0.023915116951346065,13.859049465086938,22.319544097086844,19.778573138122415,799728814.0,16946999.9,260.99576393249436,240.5604451066261,271.79932340076317,175.4119601806765
2024-09-24,249.4423018356755,253.98870040248872,248.1064888353461,252.88723754882812,12355694,250.03404693603517,244.93809936523436,229.5765244293213,249.5681638359192,55.06741871596159,2.7145612840146214,2.6935264497854616,0.02103483422915975,260.2051799269894,250.03404693603517,239.86291394508095,0.08135798396732942,5.987600135533105,0.023676956550158067,13.02400189283306,20.753351614892203,19.872428912076927,812084508.0,16506645.4,260.99576393249436,240.5604451066261,271.79932340076317,175.4119601806765
2024-09-25,252.53573283182234,252.81697019497548,248.7627008855675,251.31712341308594,8065196,250.0715431213379,244.71781036376953,229.87981468200684,249.734731414697,53.21037831606914,2.522090897454518,2.659239339319273,-0.13714844186475483,260.25578237313164,250.0715431213379,239.88730386954418,0.08145060509225717,5.854524173227928,0.023295365209178125,12.24860057574017,19.70900714008426,18.87241398820079,804019312.0,16726140.3,260.99576393249436,240.5604451066261,271.79932340076317,175.4119601806765
2024-09-26,252.4888769568637,254.5511412728415,251.08277594757047,253.9887237548828,11403400,250.14653625488282,244.55095336914061,230.19693061828613,250.13987354233373,55.9334592070707,2.5556723495242295,2.6385259413602644,-0.08285359183603491,260.4225475848745,250.14653625488282,239.87052492489116,0.08215993300439785,5.684084255516721,0.022379277991105884,11.918266945224728,21.029223204344856,18.049861258529003,815422712.0,15410621.8,260.99576393249436,240.5604451066261,271.79932340076317,175.4119601806765
2024-09-27,257.2696230089627,261.9566263167798,253.426274575113,253.94183349609375,26462384,250.22621459960936,244.25661010742186,230.52106147766114,250.50196496650136,55.87199800731468,2.549117599310506,2.620644272950313,-0.07152667363980703,260.59358394894645,250.22621459960936,239.85884525027228,0.0828639746313236,5.887389075956013,0.023184006332877705,12.9582909724544,27.837502323940654,16.18180464467334,788960328.0,14696525.9,261.9566263167798,240.5604451066261,271.79932340076317,175.4119601806765
2024-09-30,252.16077964026402,255.20733181063895,250.28597830464867,253.77780151367188,8199446,250.43712997436523,244.1089697265625,230.810697555542,250.81394939956522,55.641662950065935,2.501847165652862,2.596884851490823,-0.09503768583796113,260.91273290208864,250.43712997436523,239.96152704664186,0.08365854479162631,5.818386535244175,0.02292709015737422,13.153750689266737,26.15566408297216,19.059299052214882,780760882.0,15047904.9,261.9566263167798,240.5604451066261,271.79932340076317,175.4119601806765
2024-10-01,253.19192045820077,257.5976863344701,253.19192045820077,256.26190185546875,9411274,250.68788375854493,244.4928353881836,231.1139234161377,251.33280201441318,58.43617889602887,2.6344626974245386,2.6044004206775666,0.03006227674697204,261.4647672953161,250.68788375854493,239.91100022177372,0.08597849545174802,5.717485059603114,0.022311100550669313,13.728636480888794,27.702294648242137,18.010251281404443,790172156.0,14671078.1,261.9566263167798,240.5604451066261,271.79932340076317,175.4119601806765
2024-10-03,253.14502093574376,254.22305451298524,246.65353321468234,248.48147583007812,14035368,250.9456687927246,244.7703057861328,231.3680746459961,251.06124713971462,48.19495537939795,2.0876806225999474,2.501056461062043,-0.4133758384620956,261.24173235196633,250.9456687927246,240.64960523348287,0.08205810930130891,5.995405315401921,0.024128178148385703,12.865338163727618,24.531129812442124,23.7383233327014,776136788.0,14388807.5,261.9566263167798,240.5604451066261,271.79932340076317,175.4119601806765
2024-10-04,247.49720614125317,254.01215223973594,247.49720614125317,250.07505798339844,11922754,251.14955444335936,245.08386657714843,231.63487075805665,250.96732436292262,50.123038643374855,1.7626222386278698,2.3533696165752085,-0.5907473779473387,261.2042577352796,251.14955444335936,241.09485115143914,0.08006944956924322,6.032515371336268,0.024122819044739535,12.063704012077954,22.638777894482775,21.90712917119186,788059542.0,14070469.5,261.9566263167798,240.5604451066261,271.79932340076317,175.4119601806765
2024-10-07,252.16075571042475,253.89495250273478,246.51292294429763,249.0907745361328,9878074,251.40382461547853,245.31446716308594,231.89300392150878,250.7886053317998,48.91215901248689,1.4093416657781006,2.164564026415787,-0.7552223606376862,260.96825292048163,251.40382461547853,241.8393963104754,0.07608816866355861,6.128909241843473,0.024605123386271462,11.283645246130131,20.691098217847077,21.16951533755214,778181468.0,14063151.3,261.9566263167798,240.5604451066261,271.79932340076317,175.4119601806765
2024-10-08,249.13766913567852,250.19224493932543,243.86479011744396,246.98165893554688,11502804,251.68739013671876,245.33462188720702,232.14655471801757,250.42603900834715,46.32939291396169,0.948245480555272,1.921300317243684,-0.973054836688412,260.32984980205566,251.68739013671876,243.0449304713819,0.06867614353378791,6.143091068989045,0.024872660971931384,11.0787099065838,19.168807476703428,22.691133332190685,766678664.0,13828057.3,261.9566263167798,240.5604451066261,271.79932340076317,175.4119601806765
2024-10-09,248.31741747355073,252.48886165790805,247.70811279454935,248.95018005371094,8841688,251.81393966674804,245.39789642333983,232.37545501708985,250.2854810126675,49.03440801861315,0.733214592948741,1.6836831723846954,-0.9504685794359544,260.21487568911795,251.81393966674804,243.41300364437816,0.06672335958436404,6.097670472801339,0.02449353710644342,10.39060334006911,20.622467569306117,21.227287755918027,775520352.0,13807220.5,261.9566263167798,240.5604451066261,271.79932340076317,175.4119601806765
2024-10-10,250.75467601957777,251.9732854321209,245.3411929409685,246.0676727294922,12620244,252.06352310180665,245.43070556640626,232.56152976989745,249.88378498569844,45.4241748010876,0.3264437737415449,1.4122352926560655,-1.0857915189145206,259.40312955416937,252.06352310180665,244.7239166494439,0.058236164932109716,6.135843474112128,0.024935593554612924,10.22046313743779,19.030299552303376,22.3438026599195,762900108.0,13734941.3,261.9566263167798,242.66959257060324,271.79932340076317,175.4119601806765
2024-10-11,243.88820651883304,250.4734690747405,243.88820651883304,247.6143798828125,8436982,252.02251205444335,245.4897619628906,232.7583780670166,249.66765116637595,47.65138828853542,0.12741257692110253,1.1552707495090728,-1.0278581725879703,259.45139184599446,252.02251205444335,244.59363226289224,0.05895409684628714,6.167944837097509,0.024909477551411142,10.339567034540956,17.579022918730026,22.322480846112867,771337090.0,13952877.3,261.9566263167798,243.86479011744396,271.79932340076317,175.4119601806765
2024-10-14,252.48886235429111,258.65225425758405,251.36397016903481,257.5742492675781,33136266,251.99790420532227,245.75223419189453,233.0203430175781,250.42066050934758,59.19838667107694,0.7645439539585368,1.0771253903989657,-0.3125814364404289,259.3493978344896,251.99790420532227,244.64641057615495,0.05834567277335362,6.515796946931369,0.025296771573475523,10.378967604029437,24.417825346091718,19.621432682271198,804473356.0,13585752.7,261.9566263167798,243.86479011744396,271.79932340076317,175.4119601806765
2024-10-15,259.1209417728941,259.1209417728941,248.809535476888,249.7938232421875,21601252,251.55380935668944,246.04095336914062,233.25919082641602,250.36096172199902,49.93259571911317,0.6343474415896253,0.9885698006370978,-0.35422235904747246,258.2849702438149,251.55380935668944,244.82264846956397,0.05351666829724721,6.78691190043671,0.02717005493709291,9.907923309964325,21.767954938985405,20.180480381065784,782872104.0,13446580.7,261.9566263167798,243.86479011744396,271.79932340076317,175.4119601806765
2024-10-16,249.81726810254594,252.535724210365,247.94246684098837,249.41888427734375,12553622,251.09096755981446,246.4829379272461,233.491370010376,250.27124006060328,49.530263193130736,0.49520293536900795,0.8898964275834799,-0.3946934922144719,257.0255185063661,251.09096755981446,245.15641661326282,0.04727012687254806,6.630222291075276,0.02658267961660327,9.300830064855269,20.69078981055373,20.1159783782339,770318482.0,13972214.4,261.9566263167798,243.86479011744396,271.79932340076317,175.4119601806765
2024-10-17,250.73124992237834,252.16078022264702,246.09110516313436,247.82530212402344,23755278,250.87067794799805,246.85086791992188,233.6485829925537,250.0382935904528,47.76852489384223,0.2534198833886592,0.7626011187445157,-0.5091812353558566,256.94502739533516,250.87067794799805,244.7963285006609,0.048426141285401667,6.590183203106518,0.026592051524297066,8.898075796853417,19.329605335704432,20.799231825959687,746563204.0,14163483.6,261.9566263167798,243.86479011744396,271.79932340076317,175.4119601806765
2024-10-18,249.34856373542928,261.7222633035247,245.97391579802175,257.1524353027344,74653054,251.22923431396484,247.33128570556642,233.83500953674317,250.71583089638438,57.334081811544145,0.8051455534050262,0.7711100056766179,0.03403554772840833,257.87132508751137,251.22923431396484,244.5871435404183,0.05287673460203927,7.244337796134834,0.02817137542409968,9.612109679730679,25.755697630696545,17.569581108584508,821216258.0,14517971.5,261.9566263167798,243.86479011744396,271.79932340076317,175.4119601806765
2024-10-21,258.53507385155694,263.3627098238487,256.37906391598284,256.8946228027344,23966964,251.4401481628418,247.90122497558593,234.01815925598146,251.3042872684177,57.0232180005122,1.2076675677665207,0.8584215180945984,0.3492460496719223,258.50696712458034,251.4401481628418,244.37332920110325,0.0562107444922584,7.225716946972766,0.028127163068420037,10.499055419086643,25.599272022725042,16.356654180736395,797249294.0,17202165.1,263.3627098238487,243.86479011744396,271.79932340076317,175.4119601806765
2024-10-22,257.69143816141,260.36303578923787,254.90266544996865,255.65260314941406,18478300,251.68738708496093,248.408828125,234.1986067199707,251.71841259041736,55.46305395331494,1.41019273410663,0.9687757612970048,0.4414169728096252,258.97690817852646,251.68738708496093,244.3978659913954,0.057925199812296005,7.099620760708227,0.02777057879813143,11.007909138815108,24.192944333129365,16.943470809289302,778770994.0,17567301.7,263.3627098238487,243.86479011744396,271.79932340076317,175.4119601806765
2024-10-23,256.6134437401879,259.8943462172314,254.129337586152,256.47283935546875,12698576,251.86666717529297,248.9539273071289,234.37882919311522,252.1712151394699,56.313143143964396,1.6182276730714023,1.0986661436518843,0.5195615294195179,259.43639205998403,251.86666717529297,244.29694229060192,0.06010898519908325,7.004291322877595,0.027310070495105015,11.312703475711498,22.77062716801655,16.73598097875527,791469570.0,18064002.2,263.3627098238487,243.86479011744396,271.79932340076317,175.4119601806765
2024-10-24,256.47281872887993,258.01952405079675,255.51198880217376,256.33221435546875,9576604,252.1174217224121,249.48262145996094,234.54466812133788,252.56750077908885,56.11538503945176,1.751558720145539,1.2292446589506154,0.5223140611949235,259.9262017879963,252.1174217224121,244.30864165682792,0.06194558085067103,6.683094460430837,0.02607200377539381,11.595726788543859,22.160365061409674,16.28744985429975,781892966.0,18081146.3,263.3627098238487,243.86479011744396,271.79932340076317,175.4119601806765
2024-10-25,257.668016433276,258.7225922167683,253.3325382122523,254.7152099609375,10124540,252.15374603271485,249.93538635253907,234.72101318359375,252.7720445106935,53.776801758020596,1.7070677800256817,1.3248092831656288,0.38225849686005287,260.00365780149843,252.15374603271485,244.30383426393124,0.062262900252650924,6.590734427865492,0.02587491508212733,11.354207780881604,20.86584680629497,17.698032133603558,771768426.0,18156716.7,263.3627098238487,243.86479011744396,271.79932340076317,175.4119601806765
2024-10-28,254.71521623537433,262.37845567464154,254.3636909655511,261.8160095214844,11185858,252.54745483398438,250.33237548828126,234.96396453857423,253.63337451172117,61.38684198546753,2.219201990972266,1.5036878247269563,0.7155141662453097,261.4375338036471,252.54745483398438,243.65737586432164,0.07040323550682193,6.6924508765244175,0.025561656404266758,11.783075232125451,22.982853574053834,16.184113519697036,782954284.0,18092773.7,263.3627098238487,243.86479011744396,271.79932340076317,175.4119601806765
2024-10-29,262.37843420176176,264.0657725231426,259.3084528179905,263.5033264160156,12055630,253.03373107910156,250.7303024291992,235.22353729248047,254.57336993117778,62.94788216728797,2.729757469870549,1.7489017537556748,0.9808557161148741,263.122889595773,253.03373107910156,242.9445725624301,0.07974556177664283,6.554227221426395,0.02487341359432657,12.459812309533728,23.630144689227617,15.345036696705439,795009914.0,17328947.4,264.0657725231426,243.86479011744396,271.79932340076317,175.4119601806765
2024-10-30,263.6439354216193,271.26031577824386,262.9877435172464,264.932861328125,20755492,253.46727905273437,251.1108871459961,235.4804359436035,255.55998815945847,64.2659676613488,3.2126939495190356,2.0416601929083473,1.1710337566106883,264.7488085154058,253.46727905273437,242.18574959006293,0.0890176397113909,6.67696615282433,0.025202483826854402,14.08974994010012,29.23547323898508,13.987031942368475,815765406.0,17521756.6,271.26031577824386,243.86479011744396,271.79932340076317,175.4119601806765
2024-10-31,264.7219497131614,265.42500023219804,256.98839400375823,258.62884521484375,15680094,253.97464752197266,251.34945617675783,235.72043022155762,255.85226025997136,54.9778898955822,3.0515666131468606,2.24364147695605,0.8079251361908106,265.2263106104662,253.97464752197266,242.7229844334791,0.08860461623454065,6.802654729654008,0.02630276883463259,14.27112273606003,26.64564213184998,19.047365945352983,800085312.0,18088967.5,271.26031577824386,243.86479011744396,271.79932340076317,175.4119601806765
2024-11-01,258.58196998971823,260.08181672195786,257.7851737312912,258.41790771484375,1962810,254.39179000854492,251.652705078125,235.95843452453613,256.0966076366259,54.69305177469153,2.8737246360672657,2.3696581087782933,0.5040665272889724,265.65283096198215,254.39179000854492,243.13074905510769,0.0885330533116574,6.480796748297769,0.025078744757306565,14.43954033230852,25.971171189787853,18.565227260558135,798122502.0,18171203.8,271.26031577824386,243.86479011744396,271.79932340076317,175.4119601806765
2024-11-04,258.25387829445106,258.9334994850865,250.3797185796895,253.47312927246094,9855560,254.61090774536132,251.91892669677733,236.16505004882814,255.84675255432447,48.366946159661545,2.3071854946772987,2.3571635859580944,-0.04997809128079567,265.6185245413119,254.61090774536132,243.60329094941076,0.08646618397794163,6.628867045233428,0.026152149003960058,13.593509923392974,23.577401779439946,24.833726028843795,788266942.0,17673206.6,271.26031577824386,243.86479011744396,271.79932340076317,175.4119601806765
2024-11-05,254.5042862406195,255.60572060375378,253.2856767917391,254.83238220214844,6862260,255.0034439086914,252.14109100341796,236.39108978271486,255.75014585411722,50.076365450373366,1.945453517954519,2.2748215723573795,-0.32936805440286054,265.43991896854726,255.0034439086914,244.56696884883553,0.08185360087601667,6.321093957146376,0.02480490863257756,12.807910257971395,22.95928312700624,24.182670861211097,795129202.0,17672080.9,271.26031577824386,243.88820651883304,271.79932340076317,176.3239930204615
2024-11-06,256.59001385603284,265.2140831830394,253.5668908591009,264.3001403808594,19554884,255.77094192504882,252.579326171875,236.6241290283203,256.56443104714026,60.00808690708092,2.3951376243172717,2.298884782749358,0.0962528415679138,266.56543641316915,255.77094192504882,244.97644743692848,0.08440751249439084,6.7015295547743845,0.02535575480632514,13.164090036326947,30.350187227554304,21.1805820296892,814684086.0,17440053.7,271.26031577824386,243.88820651883304,271.79932340076317,176.3239930204615
2024-11-07,265.2843747406764,267.01857160441347,259.8708918962945,264.0657653808594,11997142,256.6708465576172,252.84929748535157,236.78782867431642,257.2788438408278,59.69150965152809,2.701462635008113,2.379400353201109,0.3220622818070038,267.0733429156799,256.6708465576172,246.2683501995545,0.08105709314148823,6.733397422870427,0.025498941194285127,13.721725383471862,29.963155106118705,19.57459997091935,802686944.0,17975713.5,271.26031577824386,243.88820651883304,271.79932340076317,176.3239930204615
2024-11-08,264.81568938189946,271.2837482860708,264.81568938189946,266.69049072265625,20852658,257.62465209960936,253.133330078125,236.98710166931153,258.1751911629067,62.10272069264431,3.1200547631285076,2.527531235186589,0.5925235279419185,268.0288669447667,257.62465209960936,247.220437254452,0.0807703359159481,6.768010671609071,0.02537777276298703,14.74504751186248,32.18204014618687,18.08345566593665,823539602.0,17944558.4,271.2837482860708,245.97391579802175,271.79932340076317,176.3239930204615
2024-11-11,266.6904702357032,273.34602020555536,265.3077986316712,268.79962158203125,16139444,258.18592071533203,253.46235717773436,237.20300048828125,259.18704167901376,63.96794908693229,3.5807051341914757,2.7381660149875664,0.8425391192039093,269.67343903765584,258.18592071533203,246.69840239300822,0.0889864039874552,6.858740021771579,0.025516181836135715,15.924252029189688,31.63571763047583,16.569653849329555,839679046.0,18565342.2,273.34602020555536,245.97391579802175,273.34602020555536,176.3239930204615
2024-11-12,269.5027022748737,271.7055996496908,266.71392946032864,267.4638671875,11260890,259.06942291259764,253.82044464111328,237.4116358947754,259.97531077506005,61.89038264222701,3.7942518819369866,2.9493831883774506,0.844868693559536,270.5573022131369,259.06942291259764,247.5815436120584,0.08868572115833924,6.7253778908851904,0.025144996075939122,17.019227652422096,29.958540832201,15.691208817162199,828418156.0,17715501.1,273.34602020555536,245.97391579802175,273.34602020555536,176.3239930204615
2024-11-13,267.1591910578455,268.84650082164734,265.0734688448139,266.69049072265625,11391200,259.9330032348633,254.1293179321289,237.6107920074463,260.61485172245017,60.66193187516944,3.8566274007023367,3.130832030842428,0.7257953698599087,270.977361190613,259.9330032348633,248.8886452791136,0.08497849690730144,6.514496039881496,0.024427177820360385,17.665857459808773,28.71916711365994,16.84076193122955,817026956.0,17198483.0,273.34602020555536,245.97391579802175,273.34602020555536,176.3239930204615
2024-11-14,266.66706355556084,269.29177401068847,264.4407369456442,265.61248779296875,9783520,260.82236251831057,254.57505218505858,237.83998657226562,261.0908170624996,58.906784543482054,3.775552403626591,3.259776105399261,0.5157762982273302,270.61756678600074,260.82236251831057,251.0271582506204,0.07511015676044658,6.395677541678839,0.024078979097789784,18.121008285917714,27.1632307216015,16.635020628440497,807243436.0,17140361.9,273.34602020555536,245.97391579802175,273.34602020555536,176.3239930204615
2024-11-18,265.61248855685375,265.61248855685375,253.23878813064115,259.1209716796875,15289764,260.9207893371582,254.83752471923827,238.01528045654297,260.903212740327,49.600176117943484,3.151164127323966,3.2380537097842024,-0.08688958246023626,270.60544463792786,260.9207893371582,251.23613403638856,0.07423444736138117,6.822679176288393,0.026330092589812646,17.19392172358367,23.64440276065587,26.20769619677444,791953672.0,16441774.0,273.34602020555536,250.3797185796895,273.34602020555536,176.3239930204615
2024-11-19,260.5973745325706,267.06543314305475,259.9880698459302,263.4095764160156,12919778,261.2465370178223,255.2256088256836,238.23088256835936,261.1419140427735,54.69286651762342,2.9681712501862876,3.18407721786462,-0.21590596767833237,270.80503642521285,261.2465370178223,251.68803761043168,0.07317608506128066,6.902806482508311,0.026205601847999523,16.09412424127684,23.204130614577313,24.053230545670846,804873450.0,13473609.5,273.34602020555536,250.3797185796895,273.34602020555536,176.3239930204615
2024-11-21,263.4095988473706,266.03430938588815,260.2693007553304,261.13641357421875,11672608,261.5207275390625,255.62213012695312,238.4280883026123,261.14139018862545,51.71027152123269,2.6096405214572087,3.069189878583138,-0.45954935712592926,270.7298640546688,261.5207275390625,252.31159102345615,0.07042758409450188,6.821535207368986,0.026122497104105347,15.072883721991927,21.803398445989473,22.60124191729212,793200842.0,12921250.2,273.34602020555536,250.3797185796895,273.34602020555536,176.3239930204615
2024-11-22,263.3861572118334,268.8464989137181,261.487926589228,267.93255615234375,14733232,262.0937133789063,256.0523974609375,238.66044654846192,261.78816789945574,58.92270827750398,2.841143312628674,3.0235805653922454,-0.1824372527635716,271.4007547177437,262.0937133789063,252.7866720400688,0.07102071407094276,6.8850030739497265,0.025696776729271315,14.352571252126673,22.976889882567516,20.793404733349973,807934074.0,12580965.6,273.34602020555536,250.3797185796895,273.34602020555536,177.7271028802629
2024-11-25,269.73706404714477,275.3848978074911,268.9871548949329,272.9945373535156,23297474,262.9268295288086,256.6907681274414,238.90487396240235,262.85544118079474,63.31741517050976,3.3939472099347086,3.097653894300738,0.29629331563397043,272.9752775120337,262.9268295288086,252.87838154558347,0.07643531853506887,6.925527258320985,0.025368739336174846,14.654355091337987,27.954419677138702,19.19518133185992,831231548.0,12682698.4,275.3848978074911,250.3797185796895,275.3848978074911,179.71484359750707
2024-11-26,274.1896823954299,276.6972176206119,271.5180848968043,276.0644836425781,15771340,263.9942932128906,257.2433657836914,239.18058685302734,264.1134452247741,65.71321128614007,4.033274215670303,3.2847779585746513,0.7484962570956522,274.83158272371196,263.9942932128906,253.1570037020693,0.08210245288963057,6.800784791570032,0.02463476902872822,15.1089879214798,27.812128657708637,18.15103301639652,847002888.0,13368741.9,276.6972176206119,250.3797185796895,276.6972176206119,182.07671688349646
2024-11-27,277.236255886505,279.3454074528436,272.73674398786227,273.2054443359375,13659676,264.56376495361326,257.5461465454102,239.41435134887695,264.97934990202776,61.67339326550078,4.260136691820378,3.479849705223797,0.7802869865965811,276.06027436828776,264.56376495361326,253.06725553893875,0.08690917606717778,6.787061839670837,0.024842337443778627,15.876300243210896,28.66478022364263,16.888609309341035,833343212.0,13651081.9,279.3454074528436,250.3797185796895,279.3454074528436,183.8540090585782
2024-11-28,274.54119072952585,274.65836580025973,267.41694070746576,268.1903076171875,11896556,264.79811401367186,257.736438293457,239.62491485595703,265.28515539870966,55.256301391101175,3.9892614953787415,3.581732063254786,0.40752943212395554,276.3892963154751,264.79811401367186,253.2069317118686,0.08754731766106756,6.819516357751062,0.02542790012935583,15.538063008934936,26.490622494334055,21.17968370851169,821446656.0,13774772.8,279.3454074528436,250.3797185796895,279.3454074528436,183.8540090585782
2024-11-29,269.5027163471136,272.19774351058476,267.90912362496346,270.8385009765625,8540112,265.09339599609376,257.9796939086914,239.8081768798828,265.8140454537433,57.75583370385501,3.942827561075376,3.6539511628189043,0.2888763982564715,276.98037899943,265.09339599609376,253.20641299275755,0.08968147213679653,6.638738038313222,0.02451179582805222,15.223985577107259,25.268270877892615,20.202393702497115,829986768.0,13766819.1,279.3454074528436,250.3797185796895,279.3454074528436,183.8540090585782
2024-12-02,272.9945005601026,274.44746007438744,271.00252424786237,273.978759765625,11194000,265.8608917236328,258.4146472167969,240.0175686645508,266.5916372929701,60.568816752431644,4.112020164824742,3.745564963220072,0.3664552016046696,277.9594875370792,265.8608917236328,253.76229591018637,0.0910144830629932,6.422325256849773,0.023440960395410756,15.276479217339542,26.756155438600913,19.391499009436192,841180768.0,13156050.1,279.3454074528436,250.3797185796895,279.3454074528436,183.8540090585782
2024-12-03,276.86127701481433,277.65807325800534,271.1899861368519,273.39288330078125,15445286,266.60964050292966,258.88287872314453,240.23891235351562,267.23937500799974,59.76916143385891,4.150981259856508,3.8266482225473593,0.3243330373091484,278.62629972884486,266.60964050292966,254.59298127701447,0.0901442213660923,6.425593961442891,0.023503150059592384,15.786971864261613,28.401363813176086,17.997232071897944,825735482.0,12931745.4,279.3454074528436,250.3797185796895,279.3454074528436,183.8540090585782
2024-12-04,276.2050993867047,278.40799666424186,273.533501778083,275.5957946777344,14036431,267.71577377319335,259.3412677001953,240.467520904541,268.0352245003554,61.81076027219859,4.309932526662749,3.9233050833704377,0.38662744329231113,278.7222529384147,267.71577377319335,256.70929460797197,0.0822251076960895,6.3248453473012995,0.02294971646681766,16.36618130028244,27.63969958184556,16.977916814675442,839771913.0,13605869.2,279.3454074528436,253.23878813064115,279.3454074528436,183.8540090585782
2024-12-05,276.5332141995554,282.06387276210654,275.50206767940523,280.56402587890625,13487264,269.0023559570312,259.93839172363283,240.6951921081543,269.228443679265,66.00124098011653,4.781677090474375,4.094979484791225,0.6866976056831495,279.6953709439834,269.0023559570312,258.30934097007906,0.07950127387479239,6.341771042687014,0.02260364999689652,17.396643171424163,29.71461893510741,15.723132351264567,853259177.0,13814912.75,282.06387276210654,253.23878813064115,282.06387276210654,183.8540090585782
2024-12-06,280.4233936811406,280.4233936811406,277.6580789777082,278.736083984375,7894350,269.72415313720705,260.45536865234374,240.8899370574951,270.1339332321326,63.25121390360617,4.95096675896275,4.266176939625531,0.6847898193372188,280.983972444418,269.72415313720705,258.4643338299961,0.08349136832016027,6.096355032580659,0.02187142384092043,18.35350062319862,28.702900757919313,15.187793875719983,845364827.0,14146162.95,282.06387276210654,253.23878813064115,282.06387276210654,186.14573910757213
2024-12-09,276.5331875522441,286.56338579786535,275.3614367575312,284.7354431152344,9285213,270.7576370239258,261.12373504638674,241.10788269042968,271.52455322099945,67.96847241027226,5.5057611961779,4.5140937909360055,0.9916674052418948,283.4531271686682,270.7576370239258,258.0621468791834,0.09377752209900209,6.461040318848767,0.022691380630945685,19.983677278864658,31.93624538575477,13.30692811687985,854650040.0,13563136.25,286.56338579786535,253.23878813064115,286.56338579786535,188.06333014533132
2024-12-10,286.8445938175806,291.5315969845345,284.4542336453129,288.8131408691406,17028502,271.86376953125,261.8202233886719,241.33684280395508,273.17108537796526,70.71964520584072,6.202971915718763,4.8518694158925575,1.3511024998262053,286.6344588020299,271.86376953125,257.0930802604701,0.10866243263122291,6.505063391732538,0.022523432874821787,21.98322222269208,34.90971708304336,12.272810982264865,871678542.0,13427539.8,291.5315969845345,253.23878813064115,291.5315969845345,188.06333014533132
2024-12-11,288.8600030466854,290.5004541755,286.4227556481499,289.65679931640625,8608406,272.90662841796876,262.53452270507813,241.5126054382324,274.7411533721025,71.26946483933943,6.745830880773724,5.230661708868791,1.5151691719049332,289.49769903320157,272.90662841796876,256.31555780273595,0.12158789041813113,6.3316801871337915,0.021859249298054242,23.839942527674687,33.30383209864157,11.708248318352771,880286948.0,13236332.0,291.5315969845345,253.23878813064115,291.5315969845345,188.06333014533132
2024-12-12,288.71940287042946,294.1563152478376,288.20384395103997,289.75054931640625,12958440,274.0209625244141,263.2539776611328,241.70535850524902,276.17061965251236,71.33388207629572,7.101750800622767,5.604879527219587,1.4968712734031806,291.94065745598783,274.0209625244141,256.1012675928403,0.13079068671600036,6.304593837824066,0.021758695031633843,25.89776947591279,35.19979656629739,10.918653870654124,893245388.0,12859780.1,294.1563152478376,253.23878813064115,294.1563152478376,188.06333014533132
2024-12-13,289.75053651755866,291.5784505569044,285.1572792144073,290.5473327636719,7382211,275.2138046264648,263.9396862792969,241.9114695739746,277.53983042500374,71.91032823791701,7.363234878341984,5.956550597444067,1.4066842808979176,294.1690412804529,275.2138046264648,256.2585679724767,0.13774917053826696,6.312920802443567,0.02172768458204512,26.99533332571098,32.642412025172185,13.572461985225278,900627599.0,12944657.6,294.1563152478376,253.23878813064115,294.1563152478376,189.86399463183844
2024-12-16,290.59420841136273,291.90656363113567,287.8757521831477,289.84429931640625,7221189,276.4253952026367,264.7669427490234,242.13878929138184,278.7116846051373,70.56204420930555,7.428107372176612,6.250861952390576,1.1772454197860363,295.86253510794825,276.4253952026367,256.98825529732517,0.1406320854931793,6.149912991411023,0.02121798843694876,28.05048346875838,31.49530984205641,12.937051890529249,893406410.0,12744208.15,294.1563152478376,253.23878813064115,294.1563152478376,194.09668421945574
2024-12-17,291.53161056824155,292.70336141457693,288.06321662020946,289.5162048339844,10568517,277.9451568603516,265.55576568603516,242.3418537902832,279.74068653169417,69.90333214145298,7.368109824621115,6.474311526836684,0.8937982977844312,296.4640377763821,277.9451568603516,259.42627594432105,0.1332556474465572,6.042072405907913,0.020869548249890135,29.121517354759597,30.709592917683914,12.227387699273043,882837893.0,12616091.6,294.1563152478376,259.9880698459302,294.1563152478376,194.09668421945574
2024-12-18,289.65681539218355,293.6407683546974,289.23497363562603,293.0314636230469,10965226,279.42625122070314,266.43457946777346,242.550542678833,281.00647482610873,72.82990099444018,7.517555640055548,6.6829603494804575,0.8345952905750904,297.79571226184214,279.42625122070314,261.05679017956413,0.13147985173826776,5.925195428276731,0.020220338645609917,30.226067140048652,30.20859113889287,11.577965356456346,893803119.0,12380029.25,294.1563152478376,260.2693007553304,294.1563152478376,194.09668421945574
2024-12-19,287.17269956831524,293.7813628165425,282.2982046653291,293.17205810546875,12405595,281.0280334472656,267.3583874511719,242.76755088806152,282.1651018050954,72.94322242802572,7.560188181913304,6.858405915967027,0.7017822659462771,298.29245011543856,281.0280334472656,263.7636167790927,0.12286615293425933,6.322192765629353,0.021564786243561253,29.420626458613786,26.289403576321657,17.913078488413436,906208714.0,12282301.65,294.1563152478376,261.487926589228,294.1563152478376,194.09668421945574
2024-12-20,295.7498799595312,299.96818252630743,285.3447279067109,286.09466552734375,22214824,281.93613891601564,268.10127716064454,242.95257034301758,282.53934596911904,59.49181441988095,6.942855430049292,6.8752958187834805,0.06755961126581145,298.23329534692095,281.93613891601564,265.6389824851103,0.11560885024221734,6.915140040912724,0.02417081083342256,29.515156833745575,28.708940061442235,15.207306507113005,883993890.0,12318951.0,299.96818252630743,267.41694070746576,299.96818252630743,194.09668421945574
2024-12-23,287.40706191293526,291.20352332581405,285.9072150632945,288.62567138671875,6693583,282.71769561767576,268.9524371337891,243.18246788024902,283.11899600889046,62.17797589011403,6.58197291033332,6.816631237093449,-0.23465832676012877,298.72124227010784,282.71769561767576,266.7141489652437,0.11321220355498343,6.799509199598927,0.023558227398589638,29.602935039225095,27.111646240120077,14.361209901986594,890687473.0,12693030.6,299.96818252630743,267.41694070746576,299.96818252630743,195.448044022765
2024-12-24,288.2507084616561,289.8443010570064,283.8449138325335,286.18841552734375,8837902,283.22389221191406,269.7239178466797,243.39807014465333,283.4113216773146,58.17728126830654,6.029796988322744,6.659264387339308,-0.6294673990165638,298.99236388515016,283.22389221191406,267.45542053867797,0.11134986918008874,6.742357629947069,0.023559156360411358,29.18705911211981,25.38849672334656,15.63324972684411,881849571.0,11862836.05,299.96818252630743,267.41694070746576,299.96818252630743,195.448044022765
2024-12-26,286.282136457567,287.73512454649966,284.96978134386995,285.95404052734375,6516148,283.8613220214844,270.291513671875,243.61132873535155,283.6534853773174,57.79219075024338,5.509768308817854,6.429365171635017,-0.9195968628171629,298.975431795376,283.8613220214844,268.7472122475928,0.1064893918358321,6.458285170852972,0.022585046040765465,28.800888608379193,24.611997953808633,15.155111958032826,875333423.0,11516164.15,299.96818252630743,267.41694070746576,299.96818252630743,195.448044022765
2024-12-27,286.09469246903194,291.43785905913353,285.62599213969685,289.75054931640625,8063921,284.9393341064453,271.09064819335936,243.84028884887695,284.2341581334211,62.161394825450905,5.342404451252776,6.211973027558569,-0.8695685763057934,298.4155477872335,284.9393341064453,271.4631204256571,0.09459005526947611,6.412112438608951,0.022129768015062345,28.98580158303438,27.14327647116792,14.173938830137946,883397344.0,11158987.75,299.96818252630743,267.90912362496346,299.96818252630743,195.448044022765
2024-12-30,289.7505565953558,290.0317653571421,283.70431075216334,284.6885986328125,13709891,285.6318389892578,271.79604248046877,244.06081253051758,284.2774381809822,54.11751540528466,4.746594486078891,5.9188973192626335,-1.1723028331837426,297.4612919683084,285.6318389892578,273.8023860102072,0.08283007259212076,6.406065450492509,0.022502009147036355,28.66153251589655,25.228262701026296,15.316641398775216,869687453.0,10967356.0,299.96818252630743,271.00252424786237,299.96818252630743,195.448044022765
2024-12-31,282.11075183055044,284.0324118207817,276.7675564029234,282.95440673828125,9337030,286.08062133789065,272.4986245727539,244.27301666259766,284.15143518643924,51.65152233066914,4.087359467805356,5.552589748971179,-1.4652302811658222,296.7298097112386,286.08062133789065,275.4314329645427,0.07444886216721522,6.514278077592266,0.023022359512561503,26.84549509241728,23.037096379674516,21.59243462851814,860350423.0,11225844.95,299.96818252630743,271.1899861368519,299.96818252630743,195.448044022765
2025-01-01,281.2201645693241,284.3604621284538,280.23590543620924,281.5013732910156,7878201,286.48604583740234,272.98560333251953,244.47244842529298,283.899048339256,49.611659790067066,3.408373700227287,5.123746539222401,-1.7153728389951137,295.69179948102806,286.48604583740234,277.28029219377663,0.06426668088993429,6.343583692924571,0.02253482325418919,25.218649897154915,22.336582259682103,20.58963034334232,852472222.0,11132996.45,299.96818252630743,273.533501778083,299.96818252630743,195.448044022765
2025-01-02,279.3453756223808,285.3916208664818,278.54857940000534,284.78228759765625,8800435,286.94537048339845,273.543356628418,244.6905111694336,283.98316636386556,54.02663276983875,3.099288286270223,4.718854888631966,-1.6195666023617425,294.74043481855426,286.94537048339845,279.15030614824263,0.054331347615220064,6.379259248178276,0.0224004775788267,23.464826452046374,20.62511889876853,20.901320242463736,861272657.0,10754642.2,299.96818252630743,275.3614367575312,299.96818252630743,195.448044022765
2025-01-03,284.3135807821824,284.78228106610106,275.5957669441733,276.0176086425781,12535720,286.71804962158205,273.9506567382812,244.87342140197754,283.2245418189811,43.149797167318695,2.122631155998249,4.1996101421052225,-2.0769789861069734,295.45276271761634,286.71804962158205,277.98333652554777,0.060928937732121054,6.5797779199857525,0.023838254205390447,22.396606717035183,18.568242261547738,22.022404926330267,848736937.0,10492842.4,299.96818252630743,275.3614367575312,299.96818252630743,195.448044022765
2025-01-06,276.53317550190167,279.1578857248041,272.36173141162175,275.8769836425781,9173687,286.57509460449216,274.33873962402345,245.07074417114256,282.5247743736094,43.00021614115631,1.3220364681100136,3.624095407306181,-2.302058939196167,295.9012329021962,286.57509460449216,277.2489563067881,0.06508687232974832,6.595233376642652,0.023906428472435858,21.961531475768496,17.201533994191347,23.904022420865065,839563250.0,10445265.2,299.96818252630743,272.36173141162175,299.96818252630743,195.448044022765
2025-01-07,275.87698931370414,278.8766827219958,273.06478747112936,275.64263916015625,7381943,286.1204544067383,274.7249481201172,245.23514068603515,281.86933292470906,42.734356874351164,0.6610298283678162,3.031482291518508,-2.370452463150692,296.57879641674845,286.1204544067383,275.66211239672816,0.07310446945637063,6.539280653372922,0.023723763033532026,21.557533037449428,16.10952316840806,22.386515245506995,832181307.0,10509232.05,299.96818252630743,272.36173141162175,299.96818252630743,195.448044022765
2025-01-08,274.6583919292054,279.7672369420987,271.1899980626469,278.9235534667969,7937785,285.62597503662107,275.20911499023435,245.4181681060791,281.58878250014595,47.617425640909,0.3973393877506055,2.5046537107649276,-2.107314323014322,296.45684955160675,285.62597503662107,274.7951005216354,0.07583956265600156,6.68484909809284,0.02396659950371888,21.506312146691137,14.633101033796228,22.338052263616337,840119092.0,10414068.55,299.96818252630743,271.1899980626469,299.96818252630743,195.448044022765
2025-01-09,278.40796073453504,279.3453612757288,273.1116533982294,274.0021667480469,7964702,284.84324340820314,275.4528381347656,245.59252433776857,280.8662476666127,41.85245704118685,-0.20637302491536502,1.962448363628869,-2.168821388544234,296.61737787753344,284.84324340820314,273.06910893887283,0.08267097599683648,6.652624725193308,0.024279460283650217,21.458749890987008,13.653697297304738,20.84295072619107,832154390.0,9959532.7,299.96818252630743,271.1899980626469,299.96818252630743,195.448044022765
2025-01-10,275.8769943454597,284.2667414383746,275.8769943454597,281.7357482910156,19505556,284.44250335693357,275.81748657226564,245.8415212249756,280.94905724988917,51.740147907998484,-0.06009136730949649,1.5579404174411962,-1.6180317847506926,296.0658783862631,284.44250335693357,272.81912832760406,0.08172741339393909,6.910621151274338,0.024528733727237528,20.192369969107475,17.29187160539612,18.63161317767028,851659946.0,9927347.5,299.96818252630743,271.1899980626469,299.96818252630743,195.448044022765
2025-01-13,280.23593358556946,280.517142335508,272.0805365509815,273.58038330078125,9541248,283.5941558837891,275.99043701171877,246.0529051208496,280.24727877854554,43.36568215474634,-0.595368855673371,1.1272785628182829,-1.7226474184916538,295.7747722613565,283.5941558837891,271.4135395062217,0.08590174462240152,7.106663336185751,0.02597650917234261,19.74022289300871,15.613801785228976,20.63932259979507,842118698.0,10254703.3,299.96818252630743,271.1899980626469,299.96818252630743,195.448044022765
2025-01-14,273.53350388088376,276.1113557216663,268.6121503666625,274.5177917480469,7670070,282.8278305053711,276.3082159423828,246.25268867492676,279.7016133470695,44.47808985781131,-0.9331819535478303,0.7151864595450603,-1.6483684130928906,295.264936904944,282.8278305053711,270.39072410579814,0.08794825019411766,7.134702051815614,0.025989944062947516,19.897728374183043,14.441552353513941,22.56211887949386,849788768.0,10362655.15,299.96818252630743,268.6121503666625,299.96818252630743,195.448044022765
2025-01-15,274.65838769369384,276.2519802255805,271.56497702261646,274.3302917480469,4662694,282.0685348510742,276.6264636230469,246.48282051086426,279.1900589090673,44.29069661897518,-1.2021730478534778,0.3317145580653527,-1.5338876059188304,294.63317805278444,282.0685348510742,269.503891649364,0.08908929319850632,6.959866419754787,0.025370389742256156,20.008440124399783,13.891201563600323,21.476827899588926,845126074.0,10385099.2,299.96818252630743,268.6121503666625,299.96818252630743,195.448044022765
2025-01-16,277.3768504370937,277.93929655628637,268.7527815025328,270.01824951171875,10345666,280.9178741455078,276.95736602783205,246.70838249206543,278.31655325217696,40.10582917154487,-1.7432016557162342,-0.08326868469096471,-1.6599329710252695,293.47091730041893,280.9178741455078,268.3648309905967,0.08937162288512103,7.1189127507547,0.02636456151992697,20.56449646817988,12.610792032913299,22.31887411146127,834780408.0,10089808.05,299.96818252630743,268.6121503666625,299.96818252630743,195.448044022765
2025-01-17,269.7839116227367,269.7839116227367,262.94089791489023,264.3001403808594,9358955,279.47427825927736,277.14672119140624,246.92304740905763,276.98165678824193,35.337568631562874,-2.6033643799426045,-0.5872878237412927,-2.0160765562013117,292.68184526867543,279.47427825927736,266.2667112498793,0.09451722778684475,7.1159440969028305,0.02692372424263066,21.866812954787957,11.714906400030124,26.567179382681108,825421453.0,10058830.05,299.96818252630743,262.94089791489023,299.96818252630743,195.448044022765
2025-01-20,283.0950105462245,286.2821671951727,278.3611484683808,281.4545593261719,39380165,279.2422729492188,277.4898095703125,247.205205078125,277.40764750614,53.28245600604222,-1.879169397531541,-0.8456641384993424,-1.0335052590321987,292.13579525916595,279.2422729492188,266.3487506392716,0.09234649305617067,8.177807148146437,0.029055514921218047,20.684499549513596,23.875939524788862,21.466262098768595,864801618.0,9906498.05,291.43785905913353,262.94089791489023,299.96818252630743,195.448044022765
2025-01-21,283.4699227271931,286.70396609185593,279.15787444337417,279.6734619140625,15619474,278.79466247558594,277.80196350097657,247.46709129333496,277.62343935451355,51.67884922306239,-1.4324469752691584,-0.9630207058533056,-0.46942626941585286,290.9548042736898,278.79466247558594,266.6345206774821,0.08723367721696394,8.132684612456103,0.029079214584024772,19.6453042162861,22.663985673008447,20.043551598162384,849182144.0,10764765.1,291.43785905913353,262.94089791489023,299.96818252630743,195.448044022765
2025-01-22,280.61089289437155,290.5942041877699,280.61089289437155,289.75054931640625,30859317,278.97276916503904,278.2631646728516,247.78815101623536,278.77840220802716,59.16674347926773,-0.2622563733066272,-0.82286783934397,0.5606114660373428,291.6540520273671,278.97276916503904,266.291486302711,0.09091412685390697,8.331831588259766,0.028755188240079724,19.212168029691178,23.87720084718183,18.16700947401595,880041461.0,11211059.65,291.43785905913353,262.94089791489023,299.96818252630743,195.448044022765
2025-01-23,291.6253448776712,304.28025351993773,291.20350314671674,297.81219482421875,39904371,279.5656768798828,278.8434161376953,248.14483200073244,280.59114436195017,63.97609555348881,1.3006425305442804,-0.39816576536632,1.6988082959106003,294.4198324825352,279.5656768798828,264.7115212772304,0.10626594629522113,8.774536775064888,0.02946332261593246,20.236388237820673,32.194093024509215,16.018249124390916,919945832.0,12312130.4,304.28025351993773,262.94089791489023,304.28025351993773,195.448044022765
2025-01-24,299.030804257817,302.31170649889026,296.78104844252056,300.06195068359375,17479586,280.0812469482422,279.49537780761716,248.5029190826416,282.44550686877335,65.20764747765014,2.689781540513934,0.2194236958097308,2.4703578447042034,296.89956468052264,280.0812469482422,263.2629292159618,0.12009599297012831,8.542831152300947,0.028470224674734264,21.187449859655207,30.705338328326985,15.277515611867392,937425418.0,13981541.55,304.28025351993773,262.94089791489023,304.28025351993773,195.448044022765
2025-01-27,297.90592005623495,299.1714166761132,287.5476541452274,288.67254638671875,12372895,280.2804443359375,279.9350189208984,248.80956634521485,283.03855825143484,54.96328517588111,2.8389290654913566,0.743324769746056,2.0956042957453005,297.40392646563674,280.2804443359375,263.15696220623823,0.12218820453399493,8.826507251305618,0.030576192165780915,20.6098802292971,27.595746324773383,21.202461331353316,925052523.0,14452324.8,304.28025351993773,262.94089791489023,304.28025351993773,195.448044022765
2025-01-28,290.63240522437604,294.07411059505756,288.2901258146439,290.25,12077491,280.6452239990234,280.4277691650391,249.13616996765137,283.7253622274887,55.994463993551925,3.0492668269691876,1.2045131811906824,1.8447536457785052,298.28409517825884,280.6452239990234,263.006352819788,0.12570227227025108,8.609184217670478,0.029661272067770812,20.073565572536,26.27146806638711,20.184987180267193,937130014.0,14385475.0,304.28025351993773,262.94089791489023,304.28025351993773,195.448044022765
2025-01-29,291.63618831954506,300.86187738666854,291.63618831954506,298.7108154296875,16338112,281.50569610595704,281.21956604003907,249.51468605041504,285.15254824674577,61.13455942341361,3.8542487333218105,1.734460291616908,2.1197884417049027,300.82653066133565,281.50569610595704,262.18486155057843,0.1372678053953577,8.752233729741768,0.029300022890540185,20.29231330375376,29.53583539105228,18.436857048799993,953468126.0,14522498.05,304.28025351993773,262.94089791489023,304.28025351993773,195.448044022765
2025-01-30,297.32456115920183,299.9058471546361,292.4966338138521,295.4125061035156,9984186,282.03720703125,281.85962463378905,249.87319526672363,286.12968709024767,58.27681415850932,4.177896505916863,2.223147534476899,1.9547489714399635,302.25347016177017,282.03720703125,261.8209439007298,0.1433588379584273,8.65630370195907,0.02930242803913593,20.4954361970274,27.730072024466136,17.30966356966128,943483940.0,14945493.6,304.28025351993773,262.94089791489023,304.28025351993773,195.448044022765
2025-01-31,297.99380954721744,301.81791988250086,295.9383269014854,298.18499755859375,15597644,283.1455764770508,282.60059631347656,250.26091690063475,287.2778118967568,59.970677928665495,4.605022751450122,2.6995225778715435,1.9055001735785781,304.3277972879029,283.1455764770508,261.96335566619865,0.14962070800755717,8.495525850318081,0.028490789006407672,20.883643211050106,27.844289181557794,16.377445503249334,959081584.0,15004681.15,304.28025351993773,262.94089791489023,304.28025351993773,195.448044022765
2025-02-01,298.80639980983835,299.4756307667261,290.01096383380866,291.3971862792969,6046117,283.92158660888674,283.0698889160156,250.64141540527345,287.67013326652256,54.17210703921662,4.345709106708,3.028759883638835,1.316949223069165,305.11896937393294,283.92158660888674,262.72420384384054,0.14931857079431185,8.564750213360893,0.029392014119010042,20.27059504114343,25.646435716381372,20.028033494416757,953035467.0,15157777.35,304.28025351993773,262.94089791489023,304.28025351993773,195.448044022765
2025-02-03,289.6763734491237,300.1926774357255,287.09508716397124,299.8102722167969,14877076,285.1299682617188,283.60620361328125,251.08975776672364,288.82633697607247,59.410584283486266,4.7641487577595285,3.3758376584629737,1.3883110992965548,307.04503529583707,285.1299682617188,263.2149012276005,0.15371984339438224,8.888524503246133,0.0296471646469095,19.26634581562902,22.94707634398921,20.263237969212252,967912543.0,15001398.85,304.28025351993773,262.94089791489023,304.28025351993773,195.448044022765
2025-02-04,304.0167677325222,304.8293970034145,299.57124536024196,302.3437194824219,15366864,286.3009765625,284.1317883300781,251.56014137268068,290.1137067385819,60.86143038863108,5.239792155040504,3.7486285577784804,1.491163597262024,309.24316152043775,286.3009765625,263.35879160456227,0.1602662012082199,8.629212156098019,0.02854106634287046,18.903084371885267,25.786375024032758,19.38129039644244,983279407.0,15376155.5,304.8293970034145,262.94089791489023,304.8293970034145,195.448044022765
2025-02-05,303.825543331492,307.3150672250492,301.0530692751639,303.1563415527344,9628027,287.75868530273436,284.7308062744141,252.0149027252197,291.35586243516786,61.33878972572133,5.6175590598862755,4.122414658200039,1.495144401686236,311.09133866190416,287.75868530273436,264.42603194356457,0.16216819544211397,8.460125427082822,0.027906806711517115,18.852425006864454,26.52169673475889,18.356604467689337,992907434.0,15747609.45,307.3150672250492,262.94089791489023,307.3150672250492,195.448044022765
2025-02-06,305.92883909582355,309.3705443707811,300.71847688471377,303.968994140625,15062390,288.87034759521487,285.4463800048828,252.4520499420166,292.55711307378283,61.840034022007515,5.9143395016355385,4.48079962688714,1.4335398747483987,313.05234935362205,288.87034759521487,264.6883458368077,0.1674246038731028,8.473835574153144,0.027877302414051147,19.03899583456636,26.320069407814536,17.017839991019084,1007969824.0,15830775.7,309.3705443707811,262.94089791489023,309.3705443707811,195.448044022765
2025-02-07,304.97278167916545,304.97278167916545,300.1926440352914,304.0167541503906,8589587,290.3921661376953,286.10994506835937,252.8892015838623,293.6485074620312,61.87132145409229,6.083269825703724,4.801293666650457,1.2819761590532668,314.3636409988834,290.3921661376953,266.4206912765072,0.16509725575600773,8.21000000770464,0.02700509065906061,19.117720958407784,25.225467402876276,16.76758479187811,1016559411.0,15608617.4,309.3705443707811,262.94089791489023,309.3705443707811,195.448044022765
2025-02-10,304.7815924611163,306.88486488761436,301.96132849791144,305.0205993652344,12304840,291.9173065185547,286.73078186035156,253.33652824401855,294.7315638337648,62.56604918722347,6.226376452004445,5.086310223721254,1.1400662282831906,315.5335393591501,291.9173065185547,268.3010736779593,0.1618008409453059,7.9752526064188025,0.026146603288485327,19.424219312895925,25.825625859528902,16.028192055332443,1028864251.0,15561034.35,309.3705443707811,262.94089791489023,309.3705443707811,195.448044022765
2025-02-11,305.45081258658024,306.3112315756385,297.89820052050766,299.23663330078125,10627890,293.1626235961914,287.2476568603516,253.75235717773438,295.16061806871875,56.210882417168385,5.806142168870565,5.230276612751116,0.5758655561194486,315.53173368772576,293.1626235961914,270.793513504657,0.15260547075977918,8.006522495612518,0.026756491701217168,18.954109886146107,23.887279498854408,18.45003107443955,1018236361.0,15792772.85,309.3705443707811,262.94089791489023,309.3705443707811,195.448044022765
2025-02-12,299.6668737481264,301.86572563753896,295.7471546109734,296.5597839355469,9668342,294.4897003173828,287.6669366455078,254.1463652038574,295.2938719607976,53.502291112822824,5.197194081224211,5.2236601064457355,-0.026466025221524525,314.20031383176433,294.4897003173828,274.7790868030013,0.13386283794060463,7.871668819252022,0.026543278103287327,18.142445826472546,22.56104033841737,19.37755961952239,1008568019.0,16091032.65,309.3705443707811,262.94089791489023,309.3705443707811,195.448044022765
2025-02-13,296.6553480791362,299.8580463253531,293.4526790085659,294.9822998046875,8832731,296.02380828857423,287.95530212402343,254.53635261535644,295.2641984221205,51.914698169457026,4.535031528256411,5.0859343908078705,-0.5509028625514594,310.0545232048928,296.02380828857423,281.99309337225566,0.0947945031680759,7.766932997647392,0.02633016626011121,16.998737741579387,21.232038544528653,20.34620058948596,999735288.0,16057166.45,309.3705443707811,278.3611484683808,309.3705443707811,195.448044022765
2025-02-14,296.41632971990714,298.66300029384246,291.158178203552,294.5520935058594,7371341,296.6786849975586,288.2716223144531,254.92547798156738,295.1963789062861,51.466174755411025,3.930243481115781,4.854796208869453,-0.9245527277536718,309.0530978265279,296.6786849975586,284.3042721685893,0.083419628404185,7.748210789979041,0.026305061008927814,16.010408804308284,19.763103363325644,21.053787586429504,992363947.0,16030855.25,309.3705443707811,279.15787444337417,309.3705443707811,195.448044022765
2025-02-17,294.5520797861102,296.6553227892994,288.72030617720344,291.9230041503906,7507772,297.291162109375,288.4153735351563,255.3131753540039,294.88462892953413,48.69724195320319,3.201889666753175,4.524214900446197,-1.3223252336930225,307.2064713658677,297.291162109375,287.37585285288236,0.06670436609107651,7.761554062987393,0.026587675354933168,15.479866462453549,18.319904228738572,21.75987821657125,984856175.0,14430414.05,309.3705443707811,280.61089289437155,309.3705443707811,195.448044022765
2025-02-18,291.92300744702777,298.9976052206366,291.92300744702777,298.4718017578125,10368789,297.7272247314453,288.60854675292967,255.7337339782715,295.22626443698925,55.16753628066229,3.1171645254172518,4.242804825440408,-1.1256403000231563,307.02557775483683,297.7272247314453,288.42887170805375,0.06246222885245919,7.712485992077293,0.025839915015943106,14.562598023555863,19.288854625515913,20.334152471539884,995224964.0,14024828.95,309.3705443707811,287.09508716397124,309.3705443707811,195.448044022765
2025-02-19,297.5635846018467,302.58272940235975,294.7432915674903,300.28826904296875,7835672,297.8510284423828,288.82117614746096,256.16032829284666,295.7083601137492,56.79520481982227,3.1601645596489334,4.026276772282113,-0.8661122126331797,307.2163050064801,297.8510284423828,288.4857518782855,0.06288564194707127,7.721553980848161,0.025713804956341037,13.940818477847735,21.206479737395796,18.859538824923675,1003060636.0,13000302.55,309.3705443707811,287.09508716397124,309.3705443707811,195.448044022765
2025-02-20,297.51580286650704,300.47946510667174,296.60756496991,299.5234375,7697134,297.8241027832031,289.0166339111328,256.57079513549803,296.0717008172017,55.87535578188704,3.096828570965158,3.8403871320187224,-0.7435585610535642,307.1668679058745,297.8241027832031,288.4813376605317,0.06274015457689344,7.446578706270558,0.02486142242631867,13.363451756833046,20.418875743724417,18.159099700597118,995363502.0,11396867.6,309.3705443707811,287.09508716397124,309.3705443707811,195.448044022765
2025-02-21,299.0454193049779,299.0454193049779,291.6362054620812,292.8790588378906,8722925,298.03442840576173,289.0632684326172,256.94968048095706,295.76763967631496,48.52301050703882,2.481878959253038,3.568685497465586,-1.086806538212548,306.7091507469086,298.03442840576173,289.35970606461484,0.05821288760194247,7.478053944245433,0.025532907589629193,12.878803835740179,18.880580084138142,21.539571607203968,986640577.0,10907745.0,309.3705443707811,287.09508716397124,309.3705443707811,195.448044022765
2025-02-24,289.62856900845134,289.96315532321836,280.450698342668,282.075927734375,12600963,297.62572479248047,288.90790100097655,257.2916577911377,294.46366711041594,39.436724821432804,1.1100090733377215,3.0769502126400132,-1.9669411393022918,308.27457152519304,297.62572479248047,286.9768780597679,0.07155864460397351,7.831647269315234,0.02776432335867431,13.907395373755232,16.74041132329175,29.29974482159268,974039614.0,10725246.5,309.3705443707811,280.450698342668,309.3705443707811,195.448044022765
2025-02-25,281.40671574777946,283.2709519686693,277.3435986520473,278.4908142089844,10810040,296.61472473144534,288.68739318847656,257.62520065307615,292.9424430245653,36.963040443518956,-0.2634593985454785,2.408868290402915,-2.6723276889483936,310.11668490442185,296.61472473144534,283.1127645584688,0.09104039042701721,7.6956262726942875,0.027633321747263646,15.185424612805267,15.81942127868118,30.571710634766582,963229574.0,10751420.1,309.3705443707811,277.3435986520473,309.3705443707811,195.448044022765
2025-02-27,281.0721265601788,282.7929646443696,278.5386591457014,281.5501403808594,15555649,295.9216064453125,288.4577667236328,257.97380577087404,291.8574618204028,40.39867463749922,-1.0924874878936635,1.7085971347435995,-2.801084622637263,310.93761627095114,295.9216064453125,280.9055966196738,0.1014864038217073,7.453235141457925,0.02647214145010108,16.372166049066013,15.167187441869485,29.31124074943124,978785223.0,10475016.5,309.3705443707811,277.3435986520473,309.3705443707811,195.448044022765
2025-02-28,281.07212843212847,281.07212843212847,264.8196584207469,265.4410705566406,17458839,294.28441009521487,287.90314697265626,258.231554107666,289.3416150333778,30.860857139110493,-3.014614922928672,0.7639547232091453,-3.778569646137817,314.27308011786477,294.28441009521487,274.29574007256497,0.13584593228151381,8.115895628504678,0.03057513146509437,18.650436066976123,12.933877408808256,37.069462817215424,961326384.0,10753589.65,309.3705443707811,264.8196584207469,309.3705443707811,195.448044022765
2025-03-03,267.1619143334405,273.7584986875257,267.0184868583757,271.08160400390625,11471554,293.2686309814453,287.6028857421875,258.51293533325196,287.6025663639044,36.51285616650834,-4.0362435509043735,-0.19608493161355844,-3.840158619290815,315.6611862235797,293.2686309814453,270.8760757393109,0.15271019724950494,8.130290807246134,0.029992041832277844,20.765972512178365,11.98876452915611,34.36069841169561,972797938.0,10846649.4,309.3705443707811,264.8196584207469,309.3705443707811,195.448044022765
2025-03-04,266.7316860743931,270.6514048590025,264.1504000227699,267.6877136230469,9331785,291.6625030517578,287.1841265869141,258.7629345703125,285.70591372191797,34.676023110343735,-5.061405457325407,-1.169149036755928,-3.8922564205694785,316.4299412546684,291.6625030517578,266.89506484884726,0.16983628641845255,8.044641748238293,0.030052338373537067,22.93477058067392,11.250948024048483,34.792642301956164,963466153.0,11117921.25,309.3705443707811,264.1504000227699,309.3705443707811,195.448044022765
2025-03-05,269.0261326251861,274.3321027547898,266.3970570005739,272.5634460449219,10285712,290.1734893798828,286.9116271972656,259.04539756774903,284.4542501336326,39.39309729480731,-5.417967835171453,-2.018912796439033,-3.3990550387324197,315.76048738858276,290.1734893798828,264.5864913711829,0.17635655182270993,8.036813462950978,0.02948602822414569,24.182101856134558,13.728769111391552,32.33892275032399,973751865.0,10840656.7,309.3705443707811,264.1504000227699,309.3705443707811,195.448044022765
2025-03-06,275.7661654071248,279.16005162477023,271.033817245282,273.3282775878906,9782051,288.6820861816406,286.65911193847654,259.33191909790037,283.3946337007048,40.123507864995275,-5.5745703974616845,-2.7300443166435633,-2.844526080818121,314.5440017149747,288.6820861816406,262.82017064830654,0.17917229209062585,8.043200671275066,0.02942688821755268,24.426108092632223,17.025534972833377,30.00515328475166,983533916.0,10586599.1,309.3705443707811,264.1504000227699,309.3705443707811,195.448044022765
2025-03-07,274.7623193772562,275.0491451553082,270.4601952872919,272.2766418457031,8097300,287.0974685668945,286.3096337890625,259.6122451019287,282.33577733356174,39.420036836993816,-5.717628015185937,-3.327561056352038,-2.3900669588338994,312.90220520372304,287.0974685668945,261.292731930066,0.17976289909930673,7.796468471042298,0.028634363999026,24.712314238516903,16.309740867219322,29.26919783531395,975436616.0,10594300.3,306.88486488761436,264.1504000227699,309.3705443707811,195.448044022765
2025-03-10,271.9420414434207,273.0892569692443,265.7278625243644,268.5481262207031,8165123,285.3240371704102,285.9868243408203,259.86338272094724,281.02266770376565,36.94672657035007,-6.0619834861643085,-3.874445542314492,-2.1875379438498164,311.109059423416,285.3240371704102,259.53901491740436,0.1807420258644783,7.765391754887838,0.02891620159176215,25.4530836590679,15.205367959404096,31.640259942658286,967271493.0,10246045.8,306.88486488761436,264.1504000227699,309.3705443707811,195.448044022765
2025-03-11,264.81963094991136,267.01848264133116,261.18673793565813,265.5366516113281,8602609,283.34983978271487,285.63846923828123,260.1045014953613,279.54780902829543,35.034725147977824,-6.502926818463152,-4.400141797544224,-2.102785020918928,308.8448346695456,283.34983978271487,257.8548448958841,0.17995418600823226,7.736534364184777,0.029135467052242993,26.547194097998908,14.17193534052713,33.68248314697057,958668884.0,10224822.6,306.3112315756385,261.18673793565813,309.3705443707811,195.448044022765
2025-03-12,265.48888718012614,265.48888718012614,250.67045876671983,256.7412109375,18584311,281.2250686645508,285.1432659912109,260.32789024353025,277.3757520672673,30.13039060456805,-7.475918408137034,-5.015297119662787,-2.460621288474247,308.11487973135723,281.2250686645508,254.33525759774437,0.19123338608821516,8.245795684215029,0.03211714883678082,28.321790775008715,12.346912436890594,38.45459150413599,940084573.0,10039711.05,302.58272940235975,250.67045876671983,309.3705443707811,195.448044022765
2025-03-13,256.7412104685791,259.17909845043056,251.76988425725986,252.39129638671875,8683943,279.0166442871094,284.49544616699217,260.5210929107666,274.9962800976912,28.039821970534703,-8.500039835344012,-5.712245662799032,-2.78779417254498,307.7011343915285,279.0166442871094,250.33215418269026,0.20561131883517786,8.186039863426148,0.032433922962554707,29.969630546517823,11.548681368288348,35.9684922606283,931400630.0,10437532.1,302.58272940235975,250.67045876671983,309.3705443707811,195.448044022765
2025-03-17,252.3912756253402,253.53852036662278,247.5155292383579,248.42376708984375,12697926,276.6887176513672,283.9435693359375,260.70676124572753,272.4655645731343,26.250758976125653,-9.522045685637522,-6.47420566736673,-3.047840018270792,307.3045207387458,276.6887176513672,246.07291456398858,0.22130142021876784,8.031536382343198,0.032329983867600526,31.769210629116845,10.930069915767648,37.82543631366684,918702704.0,10388312.15,302.58272940235975,247.5155292383579,309.3705443707811,195.448044022765
2025-03-18,248.42376708984375,248.42376708984375,248.42376708984375,248.42376708984375,0,274.3823013305664,283.39450500488283,260.9248870849609,270.1758695747257,26.250758976125653,-10.214249178766181,-7.22221436964662,-2.992034809119561,306.19441569555374,274.3823013305664,242.57018696557907,0.23188167903483825,7.457855212175827,0.030020699305629055,33.440249277244504,10.93006991576765,37.825436313666835,918702704.0,10581571.9,302.58272940235975,247.5155292383579,309.3705443707811,195.448044022765
2025-03-19,250.4792267992334,254.78135092364772,244.98206819581512,254.01654052734375,14044300,272.4869781494141,282.96198303222656,261.16804733276365,268.63688585592746,33.21691661972015,-10.194024984023486,-7.816576492521993,-2.377448491501492,304.40968499051905,272.4869781494141,240.56427130830915,0.23430629278438858,7.625100034722739,0.030018124091025212,33.67800420648271,15.88224417890115,34.35323695091049,932747004.0,10213004.85,302.58272940235975,244.98206819581512,309.3705443707811,195.448044022765
2025-03-20,257.3626378399473,261.9037688737735,255.7373792733719,256.21539306640625,17038774,270.37415771484376,282.50781982421876,261.40837516784666,267.45388654263974,35.78509479596812,-9.886601552160073,-8.23058150444961,-1.656020047710463,300.69104831957077,270.37415771484376,240.05726711011673,0.22425878908665092,7.643823485558955,0.029833584134337388,32.67633168156134,21.367297471824234,31.821297042800985,949785778.0,10539831.25,302.58272940235975,244.98206819581512,309.3705443707811,195.448044022765
2025-03-21,252.391273473307,257.69721471129446,248.7583804496312,252.67807006835938,22659168,267.99364776611327,282.081337890625,261.64496025085447,266.0466659260416,33.54991045826698,-9.815254526445585,-8.547516108848805,-1.2677384175967799,295.92402616962045,267.99364776611327,240.06326936260606,0.20844060026290576,7.7363242552806915,0.030617315753550402,32.41561399062139,19.603828668056266,35.63867454363135,927126610.0,10873330.5,300.47946510667174,244.98206819581512,309.3705443707811,195.448044022765
2025-03-24,255.30713203162898,259.7048643637758,253.72969249282735,257.5538024902344,9269617,265.895166015625,281.5976989746094,261.8746382904053,265.2378217892981,39.18821766923679,-9.258553791432007,-8.689723645365447,-0.5688301460665599,290.09153105004333,265.895166015625,241.6988009812067,0.1819992848835503,7.685643543861816,0.029840924379880708,31.85210108014754,20.189455747906994,33.3112773317275,936396227.0,11614505.3,299.0454193049779,244.98206819581512,309.3705443707811,195.448044022765
2025-03-25,260.0394931244234,262.62077917496083,257.5060259566859,259.0834655761719,12563930,264.20538635253905,281.30776062011716,262.0897013854981,264.6516926261432,40.88297052448147,-8.594857256672185,-8.670750367626795,0.07589311095460971,285.12658177360385,264.20538635253905,243.28419093147426,0.15837069569163792,7.502008520605609,0.02895595249168836,30.868732967959595,21.982569807575153,31.68905497745183,948960157.0,11693129.45,289.96315532321836,244.98206819581512,309.3705443707811,195.448044022765
2025-03-26,260.0395176396513,260.2785245492466,255.02037253815067,255.64178466796875,7308412,262.88367919921876,280.9302404785156,262.2323666381836,263.7936061539361,38.29689220126108,-8.25147004682617,-8.58689430346667,0.3354242566404988,282.41582151787526,262.88367919921876,243.35153688056226,0.14859912473953646,7.341733055640631,0.028718830394554553,30.220859442243224,20.85800374544051,32.48625360960344,941651745.0,11885179.7,283.2709519686693,244.98206819581512,309.3705443707811,195.448044022765
2025-03-27,258.1274405933101,261.521326753075,257.74503540533806,260.230712890625,14783522,261.9706741333008,280.6482489013672,262.4197710418701,263.45428298600166,43.434665478037836,-7.52233228862292,-8.37398190049792,0.8516496118750005,280.1602696197042,261.9706741333008,243.7810786468974,0.13886741748160575,7.237290843459605,0.02781105567082483,29.411956346260627,20.87423623576435,30.60113330090878,956435267.0,11620552.15,282.7929646443696,244.98206819581512,309.3705443707811,195.448044022765
2025-03-28,259.08347247099175,259.8961017437606,250.09681911340022,250.71823120117188,14283389,260.42907867431643,280.26224853515623,262.5577382659912,262.2413256731607,36.626493840520745,-7.624176375928641,-8.224020795584066,0.5998444196554242,276.8609900787349,260.42907867431643,243.99716726989797,0.12619106505358912,7.4441910530142605,0.029691462871884945,29.450919680379123,18.844491631765102,34.96419967058272,942151878.0,11819226.25,281.07212843212847,244.98206819581512,309.3705443707811,195.448044022765
2025-04-01,248.90179432089164,251.4352616545245,247.13313740568285,251.0528564453125,8388635,259.70966796875,279.9973028564453,262.6953865814209,261.1757571752704,37.00058725822232,-7.590389799488207,-8.097294596364895,0.5069047968766878,276.45768879156265,259.70966796875,242.9616471459374,0.12897495078872345,7.219757709859075,0.02875791899795322,29.75650924075424,18.04241342534352,36.40813256964742,950540513.0,11755613.25,279.16005162477023,244.98206819581512,309.3705443707811,195.448044022765
2025-04-02,251.24405624408524,253.8731322972224,249.6188267348078,252.00889587402344,7136992,258.7560325622559,279.4083895874023,262.8244571685791,260.30272276562783,38.12439895518724,-7.401153412813102,-7.958066359654537,0.5569129468414351,274.96882725844387,258.7560325622559,242.54323786606793,0.1253133659195924,7.007939699327327,0.027808302857810708,29.605357836088828,19.7448612573871,34.8293995534062,957677505.0,11302103.05,279.16005162477023,244.98206819581512,309.3705443707811,195.448044022765
2025-04-03,248.4715688242457,249.04519122265188,244.07385059181817,245.0776824951172,12262561,257.6255310058594,278.71647399902344,262.9308235931396,258.8527189303411,33.46371787992851,-7.72146496444401,-7.910746080612432,0.1892811161684218,274.3350206324814,257.6255310058594,240.91604137923738,0.12971920571212314,7.074161526675751,0.028864976421574793,29.9835957457422,18.16288308051442,37.63765514910868,945414944.0,11085374.95,279.16005162477023,244.07385059181817,309.3705443707811,195.448044022765
2025-04-04,241.8749865951261,242.7832099118118,234.08336736800152,235.4696044921875,14639785,255.77083892822264,277.63085510253904,262.95552032470704,256.62575565051696,28.299172968711446,-8.65088377049176,-8.058773618588297,-0.5921101519034622,273.63130553925504,255.77083892822264,237.91037231719025,0.13965991342777434,7.354172498135745,0.03123193974014487,31.092565313781513,16.22337711342321,43.32197032796041,930775159.0,11231913.75,279.16005162477023,234.08336736800152,309.3705443707811,195.448044022765
2025-04-07,220.89016799643343,233.12732353468408,217.97428105597103,232.21908569335938,13011904,253.7153793334961,276.31899291992187,262.95482482910154,254.3013108926924,26.79265450975437,-9.53977597262383,-8.354974089395403,-1.1848018832284257,272.4605359509047,253.7153793334961,234.97022271608742,0.14776523730371968,8.078540422284368,0.03478844298332962,32.98078972418394,13.713789852514166,50.86379192155548,917763255.0,11449617.4,275.0491451553082,217.97428105597103,309.3705443707811,195.448044022765
2025-04-08,233.98775388835296,238.52888496483783,233.1273348879378,236.37782287597656,13806651,251.92043838500976,275.04531036376954,262.9874607849121,252.59431203395758,31.79539407052829,-9.795734977132526,-8.64312626694283,-1.1526087101896962,270.07829409957867,251.92043838500976,233.76258267044085,0.14415547885652913,7.952201768655374,0.03364191137688818,33.90408185212365,17.788356647181143,47.98102950692559,931569906.0,11611110.05,273.0892569692443,217.97428105597103,309.3705443707811,195.448044022765
2025-04-09,230.1158262017896,231.64547610252296,223.7104445946359,226.24391174316406,19063559,249.80522766113282,273.79673767089844,262.9690756225586,250.08475010150104,26.960551794774744,-10.693043518585824,-9.053109717271429,-1.6399338013143954,269.5123852961427,249.80522766113282,230.09807002612288,0.15778018594345178,8.289000090990037,0.036637450383194624,35.23146317495475,15.846610786231771,50.858295199604,912506347.0,11896577.6,267.01848264133116,217.97428105597103,309.3705443707811,195.448044022765
2025-04-11,234.2267558522468,234.2267558522468,227.86917831424364,229.20761108398438,11205821,247.98877563476563,272.5758898925781,262.96550895690916,248.09645114745183,30.29866404524857,-11.037784525088227,-9.45004467883479,-1.587739846253438,268.2503375692873,247.98877563476563,227.727213700244,0.16340708874955368,8.267131806568088,0.03606831277316927,36.08644614961501,16.983876445059625,47.35048126389299,923712168.0,12441499.4,265.48888718012614,217.97428105597103,309.3705443707811,195.448044022765
2025-04-15,234.27455327732176,234.27455327732176,230.7372542714784,233.27072143554688,10694621,246.81525115966798,271.2670880126953,262.96749382019044,246.68447688917516,34.704571653318624,-10.857971273931668,-9.731629997854165,-1.1263412760775022,267.6245147792286,246.81525115966798,226.00598754010736,0.16862218620435934,8.038546834194467,0.034460161929989706,36.87309540104917,16.261672550190468,45.218591398548284,934406789.0,12571660.0,262.62077917496083,217.97428105597103,309.3705443707811,195.448044022765
2025-04-16,233.27072857099728,237.52504836712504,230.59384844032286,236.76022338867188,16203319,246.03369750976563,270.09404235839844,262.99079292297364,245.7393098891272,38.31111154245323,-10.314989553557666,-9.848301908994866,-0.4666876445627999,267.11886785714364,246.03369750976563,224.94852716238762,0.17140067040240367,7.959450626523589,0.03361819190995247,37.09756588241527,18.16719355870248,42.40595024583842,950610108.0,12177175.5,262.62077917496083,217.97428105597103,309.3705443707811,195.448044022765
2025-04-17,224.6664788678326,227.3433589804182,221.94179445919988,226.48292541503906,54875421,244.9366554260254,268.66000091552735,262.9261469268799,243.90536851064263,32.59994283677122,-10.591868220066601,-9.997015171209213,-0.594853048857388,267.6319072339352,244.9366554260254,222.2414036181156,0.18531527482838595,8.449377648162761,0.03730690793877259,37.82571612500623,15.891377027696697,44.40792219208085,895734687.0,12553144.3,262.62077917496083,217.97428105597103,309.3705443707811,195.448044022765
2025-04-21,226.96095079784922,230.21145345345894,226.96095079784922,227.96478271484375,16298364,243.9137062072754,267.39135284423827,262.8594190979004,242.38721748247133,34.12481763212229,-10.569880060565623,-10.111588149080497,-0.4582919114851265,267.7058405655375,243.9137062072754,220.12157184901326,0.19508648962960545,8.112174104609698,0.03558520753952176,38.06518598575129,17.89504988101527,42.95000597094412,912033051.0,14662019.05,262.62077917496083,217.97428105597103,309.3705443707811,195.448044022765
2025-04-22,227.9647728170045,228.49059090191665,223.2324392284416,223.85385131835938,18367713,242.40557174682618,265.87222442626955,262.7428428649902,240.62213499065115,31.964300777895318,-10.760135943746633,-10.241297708013725,-0.5188382357329075,267.2457384630854,242.40557174682618,217.56540503056695,0.20494715973115377,7.908315359528652,0.035328029037488586,38.5182837514278,17.045176929019913,44.27784440506004,893665338.0,15476937.25,262.62077917496083,217.97428105597103,309.3705443707811,195.448044022765
2025-04-23,226.76973574749184,234.56136916342427,225.71811417753992,232.88832092285156,31898042,241.23921813964844,264.4831164550781,262.64601181030275,239.88558126990833,40.830408535219625,-10.065875759057207,-10.206213318222423,0.14033755916521606,265.56134261957817,241.23921813964844,216.9170936597187,0.20164320434706567,8.108258394209813,0.034816079922255175,38.033009778547985,20.785334444704173,40.1012754053883,925563380.0,15693107.9,262.62077917496083,217.97428105597103,309.3705443707811,195.448044022765
2025-04-24,234.03555834125805,234.37015924705375,230.8806643579328,232.07569885253906,23000820,240.20909957885743,263.0615036010742,262.54324295043943,239.1417829444446,40.321426242207735,-9.472053434678088,-10.059381341513557,0.5873279068354691,264.2496010851844,240.20909957885743,216.16859807253044,0.20016312078497925,7.7783467152748935,0.03351642052025988,37.58239823230244,20.119288405355405,38.816268626803684,902562560.0,16436071.3,262.62077917496083,217.97428105597103,309.3705443707811,195.448044022765
2025-04-25,233.22292437952927,235.32618213035408,227.58236751306862,230.30703735351562,16620430,238.84676132202148,261.58826446533203,262.45108184814455,238.30037860245136,39.17673597455317,-9.03995420114444,-9.855495913439734,0.8155417122952944,261.86771425663494,238.84676132202148,215.82580838740805,0.1927675536163189,7.775880136847078,0.03376310262248432,37.41972829405362,18.68812253546708,39.08489872389366,885942130.0,16453153.9,262.62077917496083,217.97428105597103,309.3705443707811,195.448044022765
2025-04-28,229.9246368408203,231.31087393747262,228.25158854779977,229.9246368408203,14218414,237.3888198852539,260.10642211914063,262.3466973876953,237.50268891086745,38.919472884479944,-8.628900378720317,-9.61017680649585,0.9812764277755335,258.7307486247831,237.3888198852539,216.04689114572471,0.1798056770310007,7.438980512048919,0.03235399483178924,37.26867763710829,18.1391581008478,37.93677807724264,871723716.0,16820694.55,261.521326753075,217.97428105597103,309.3705443707811,195.448044022765
2025-04-29,230.97626662263193,232.88832176160133,229.3032183760337,230.78504943847656,16647246,236.1459831237793,258.6217111206055,262.23231956481936,236.86291372302068,39.87615782162505,-8.139877713717794,-9.31611698794024,1.1762392742224463,255.9294904369783,236.1459831237793,216.3624758105803,0.16755319782703398,7.163703574443113,0.0310405877324945,36.85523258121149,19.06360036864085,36.580663183908655,888370962.0,16903418.75,261.521326753075,217.97428105597103,309.3705443707811,195.448044022765
2025-04-30,230.92846530739808,232.69710758108045,228.68179465498002,230.8806610107422,14206640,234.67848052978516,257.2545916748047,262.1188885498047,236.29317536947036,39.988641109866585,-7.656351024959918,-8.984163795344177,1.3278127703842593,251.18008008741293,234.67848052978516,218.1768809721574,0.1406315527557151,6.93881852813292,0.03005370175984587,36.52931503403083,18.27562842018609,35.70834055764997,902577602.0,17370360.45,259.8961017437606,217.97428105597103,309.3705443707811,195.448044022765
2025-05-02,231.3969048811204,234.99157785344963,230.16363574375234,231.052734375,10822257,233.69520568847656,255.94445068359374,262.0190899658203,235.79408575094936,40.20545679799819,-7.176541059981389,-8.62263924827162,1.4460981882902306,248.51444848363462,233.69520568847656,218.8759628933185,0.12682538994755932,6.788041641101803,0.029378754852062344,35.80147085708165,19.761575100625556,33.89424905715618,913399859.0,17341516.35,253.8731322972224,217.97428105597103,309.3705443707811,195.448044022765
2025-05-05,233.27073452426686,236.01452906962498,232.02789572604007,232.85964965820312,12170446,232.7855453491211,254.70199768066405,261.93172409057615,235.51461564687827,42.55258368390097,-6.574696237933779,-8.213050646204051,1.6383544082702723,245.28282713783628,232.7855453491211,220.2882635604059,0.10737163057072409,6.657595430639174,0.028590592833113635,34.934771604959785,19.807089636509694,32.08990492868553,925570305.0,17168459.75,253.8731322972224,217.97428105597103,309.3705443707811,195.448044022765
2025-05-06,233.74873844060858,235.08717118959743,230.02979181539362,230.58428955078125,8869045,231.71431503295898,253.4226416015625,261.7719329833984,235.04506078058333,40.401912711401614,-6.209750289195824,-7.812390574802406,1.602640285606582,240.58300032914536,231.71431503295898,222.8456297367726,0.07654844539859271,6.543294283750933,0.028377016909948295,34.36219603923271,18.713582274547992,32.49947983229904,916701260.0,17357550.3,249.04519122265188,217.97428105597103,309.3705443707811,195.448044022765
2025-05-07,225.63205980019728,233.70093476268548,225.63205980019728,233.3089599609375,9130056,231.12587890625,252.25036071777345,261.6268199157715,234.87971784537896,44.04867089063355,-5.635704965708385,-7.377053452983603,1.7413484872752178,237.6113404230168,231.12587890625,224.6404173894832,0.05612060014618664,6.652264332232166,0.028512682639132002,34.309169309035006,17.09224867473537,34.40580132289154,925831316.0,17444152.95,242.7832099118118,217.97428105597103,309.3705443707811,195.448044022765
2025-05-08,232.41986209217805,235.02025823803473,228.7869544247762,230.9475860595703,11434833,230.89977798461913,250.8998764038086,261.46989997863767,234.50522910387338,41.668967392493556,-5.310101505356272,-6.963663063458137,1.653561558101865,237.07144646672876,230.89977798461913,224.7281095025095,0.05345755232835898,6.622338580876905,0.028674638665280302,33.98532311811738,17.366117925685217,32.09261532193619,914396483.0,17287527.7,238.52888496483783,217.97428105597103,309.3705443707811,195.448044022765
2025-05-09,226.19612707242462,232.26689334025846,226.10051848106667,231.36822509765625,10582438,230.85723495483398,249.52147552490234,261.28344612121583,234.206466817567,42.26729827877471,-4.960929850984002,-6.56311642096331,1.6021865699793088,237.00361813431496,230.85723495483398,224.710851775353,0.053248347886376494,6.589769743613682,0.02848174048459879,33.982302309298376,16.205379417956355,32.859480378755265,924978921.0,17127280.1,238.52888496483783,221.94179445919988,309.3705443707811,195.448044022765
2025-05-12,234.3128027502575,246.59776333804783,234.1120451219244,245.96678161621094,19791711,231.3366828918457,248.45034240722657,261.20748092651365,235.32649679839022,58.26685352508072,-3.466270287235176,-5.943747194217684,2.477476906982508,240.07869906405887,231.3366828918457,222.59466671963253,0.07557829621253996,7.206896064812103,0.02930028200335292,31.563080335521768,27.962834099107383,27.899600796683487,944770632.0,17005806.8,246.59776333804783,221.94179445919988,309.3705443707811,195.448044022765
2025-05-13,245.65129117460626,245.65129117460626,239.59962043164262,240.5078582763672,11714159,232.04988021850585,247.4029183959961,261.22467712402346,235.8199597962928,52.41706105600637,-2.691208726938214,-5.29323950076179,2.602030773823576,241.324742645538,232.04988021850585,222.7750177914737,0.07993852371997472,7.146915001937547,0.02971593133445577,29.31665993130063,26.18340627367409,26.12419685157035,933056473.0,17305059.8,246.59776333804783,221.94179445919988,309.3705443707811,195.448044022765
2025-05-14,240.5078586142634,242.5346323593957,239.72390901830983,241.81761169433594,8839105,232.68038024902344,246.5977520751953,261.260725402832,236.39116473896357,53.620197861434995,-1.9488159642813798,-4.6243547934657085,2.6755388291843287,242.77488215632982,232.68038024902344,222.58587834171706,0.08676710856757977,6.837187026162426,0.028274148347825125,27.230698127381004,25.414561353753687,25.35709054666894,941895578.0,16937589.8,246.59776333804783,221.94179445919988,309.3705443707811,195.448044022765
2025-05-15,242.0661716362689,245.79468781692438,239.59961881800155,245.28799438476562,12083645,233.28124389648437,245.93369567871093,261.3151802825928,237.23848184808756,56.741311691061696,-1.068120839153778,-3.9131080026033227,2.8449871634495447,244.77800459509422,233.28124389648437,221.78448319787452,0.09856566697416438,6.79132145278817,0.027687133525724508,25.77442971718119,27.187418350739843,23.70488815613486,953979223.0,16819254.0,246.59776333804783,221.94179445919988,309.3705443707811,195.448044022765
2025-05-16,245.69908156861143,245.69908156861143,242.381664786632,243.1273651123047,6640387,233.599600982666,245.16524017333984,261.34301338195803,237.79932787325112,54.29167581310361,-0.5383031094164608,-3.23814702396595,2.6998439145494895,245.79544710180522,233.599600982666,221.40375486352679,0.10441666910248017,6.54318540487326,0.026912583048193075,24.4221804791385,26.20283895013752,22.8464269270834,947338836.0,16888705.2,246.59776333804783,221.94179445919988,309.3705443707811,195.448044022765
2025-05-19,243.12737520712,243.5384746583959,240.23061276300297,240.67994689941406,6788784,234.30945205688477,244.6700177001953,261.31654350280763,238.0736725424095,51.57549793457707,-0.3123048810560931,-2.652978595383979,2.340673714327886,246.41812472587003,234.30945205688477,222.2007793878995,0.10335624587646226,6.312090868481808,0.026226077202517344,22.792348813183573,25.222007373765866,24.425396334393568,940550052.0,16410558.6,246.59776333804783,223.2324392284416,309.3705443707811,195.448044022765
2025-05-20,241.87498444087518,243.4046344463817,238.34724023889126,238.7296600341797,9366429,234.84769592285156,244.02297882080077,261.28125953674316,238.1361475416257,49.45231891658986,-0.2872601514356745,-2.1798349065943183,1.8925747551586438,246.73541268714928,234.84769592285156,222.95997915855384,0.10123766995102124,6.222469678410995,0.026064920787471923,21.37040085831543,23.757756032764345,25.169340664072607,931183623.0,14006226.75,246.59776333804783,223.2324392284416,309.3705443707811,195.448044022765
2025-05-21,238.72964367759857,241.02410394082963,237.19043875310246,239.8864288330078,5313593,235.649324798584,243.466953125,261.25855560302733,238.30284099794778,50.74742364967246,-0.17208673941701136,-1.778285273158857,1.6061985337418456,246.58789035723754,235.649324798584,224.71075923993044,0.09283765670029435,6.0518407862192936,0.025227941470720557,20.24701301510676,22.682766910107397,25.395828109968832,936497216.0,13659630.0,246.59776333804783,225.63205980019728,309.3705443707811,195.448044022765
2025-05-22,238.05086933031822,238.90173329983332,234.22675897963038,235.12542724609375,11469037,235.76118011474608,242.71819274902344,261.2108749389648,238.00023016443785,45.572082614882774,-0.45968505614291644,-1.514565229755669,1.0548801736127527,246.63005472450607,235.76118011474608,224.8923055049861,0.09220241096918544,6.0238285767305895,0.025619639046634272,19.693572049077304,21.16051513905377,27.205735127543274,925028179.0,13006924.0,246.59776333804783,225.63205980019728,309.3705443707811,195.448044022765
2025-05-23,235.27839693227736,239.47535749023734,234.8003831348431,236.4829864501953,7437642,235.9815444946289,241.98128692626952,261.1710366821289,237.85573076308143,47.224805175355925,-0.5714774754027871,-1.3259476788850928,0.7544702034823056,246.72053140650112,235.9815444946289,225.2425575827567,0.09101548118833203,5.927481846635137,0.025065151348143598,19.059778639415562,20.65967072295729,25.673090630850133,932465821.0,11985473.75,246.59776333804783,225.63205980019728,309.3705443707811,195.448044022765
2025-05-26,237.56329514317483,239.81952078260178,237.28603897983504,239.23634338378906,3690751,236.4280097961426,241.32048095703124,261.19042907714845,237.9872176793393,50.50732661761906,-0.43291055589918415,-1.1473402542879112,0.714429698388727,246.92597396708564,236.4280097961426,225.93004562519954,0.0888047417054756,5.742414167047375,0.024003101225449044,18.395679422953023,20.230341942128728,24.607596151438045,936156572.0,11207314.85,246.59776333804783,225.63205980019728,309.3705443707811,195.448044022765
2025-05-27,239.95336787014628,239.95336787014628,237.08528512638918,237.33384704589844,6861143,236.7984703063965,240.69619537353515,261.2405000305176,237.92499190472586,48.27309168114776,-0.4711793660810599,-1.0121080766465411,0.5409287105654812,246.86642064602256,236.7984703063965,226.73051996677043,0.08503391366168049,5.537104779669498,0.023330447167945106,17.817443440002407,19.481855182178904,23.956130931768406,929295429.0,10560830.9,246.59776333804783,225.63205980019728,309.3705443707811,195.448044022765
2025-05-28,238.61491930645585,239.140737391071,236.10057670009755,236.54989624023438,6205160,237.0867126464844,240.11646026611328,261.2761054992676,237.79403041286952,47.343726157937176,-0.5583298729023909,-0.9213524358977112,0.3630225629953203,246.77234123532799,237.0867126464844,227.4010840576408,0.08170536830788709,5.358751630476925,0.022653789816228478,17.476127771819947,18.69238599238731,24.297899697953778,923090269.0,10192967.35,246.59776333804783,225.63205980019728,309.3705443707811,195.448044022765
2025-05-29,238.67227305837383,240.6703817332923,237.19044201969984,239.14073181152344,11785042,237.49971618652344,239.76445068359374,261.3061514282227,237.9222876889318,50.72036527119672,-0.4135711090510199,-0.819796170528373,0.40622506147735304,246.7878751553209,237.49971618652344,228.21155721772598,0.07821616899535902,5.27030404923271,0.022038504312123838,16.766836445296846,19.721639823996522,22.940982278037954,934875311.0,9670863.05,246.59776333804783,225.63205980019728,309.3705443707811,195.448044022765
2025-05-30,239.00688182575962,240.0680729645789,237.5919651699414,238.69139099121094,13858429,237.88164901733398,239.4904525756836,261.3576200866699,237.99553562248218,50.120067301068005,-0.3312879138185849,-0.7220945191864153,0.3908066053678304,246.69401017386002,237.88164901733398,229.06928786080795,0.07409029820441422,5.070718602475909,0.021243826940799147,16.108208784953966,19.033756114752812,22.14080906100609,921016882.0,9549783.15,246.59776333804783,225.63205980019728,309.3705443707811,195.448044022765
2025-06-02,236.71242528722712,237.49636028617456,235.37397797543446,236.7888946533203,5846259,238.07811126708984,239.25775512695313,261.390202331543,237.88061743494296,47.553797320401785,-0.41481175175806584,-0.6606379657007454,0.24582621394267956,246.6044262036919,238.07811126708984,229.55179633048778,0.07162619773169107,4.945482489140236,0.020885618374885593,15.99551110703416,18.121771859961388,24.28343564160839,915170623.0,9701591.75,246.59776333804783,225.63205980019728,309.3705443707811,195.448044022765
2025-06-03,237.09484010992873,238.52888148156134,234.9246534162675,235.3931121826172,8573438,238.31855239868165,238.99714202880858,261.42107849121095,237.6437121728167,45.704821183556554,-0.5868679272737438,-0.645883958015345,0.05901603074160122,246.23544382654887,238.31855239868165,230.40166097081442,0.06643957298484349,4.849678601722637,0.020602466048200565,15.592341143055037,18.680529370712087,22.994351096763452,906597185.0,9385382.4,246.59776333804783,225.63205980019728,309.3705443707811,195.448044022765
2025-06-04,235.670358869473,238.82525287299606,235.670358869473,236.00497436523438,6698150,238.45335311889647,238.6369107055664,261.45161582946776,237.4876419054279,46.68347367341788,-0.6661723017593033,-0.6499416267641368,-0.016230674995166505,246.11206125596922,238.45335311889647,230.79464498182372,0.06423653127036551,4.748425893769511,0.020120024616180277,15.13004998459392,18.161905385794647,21.807193051224733,913295335.0,9370602.05,246.59776333804783,226.10051848106667,309.3705443707811,195.448044022765
2025-06-05,236.04319875424977,238.5193212216614,236.0240887062802,237.0374755859375,6468060,238.75784759521486,238.25335235595702,261.4764183807373,237.4447689226193,48.37451050061965,-0.638348881807218,-0.6476230777727531,0.009274195965535026,245.64396237731972,238.75784759521486,231.87173281311,0.057682835152538706,4.588848819673618,0.019359170141051978,14.700779623165742,17.451093285978764,20.953713399472154,919763395.0,9249006.75,246.59776333804783,226.10051848106667,309.3705443707811,195.448044022765
2025-06-06,236.23441802954062,238.98776750731147,236.23441802954062,237.6588897705078,4445411,239.07238082885743,237.95296875,261.45488006591796,237.46516138432295,49.41441455564403,-0.5597037730264844,-0.6300392168234994,0.07033544379701495,245.1009038404143,239.07238082885743,233.04385781730056,0.050432617859546516,4.457741723823421,0.018756890298225245,14.145995505524512,17.431795718236994,20.029271969898232,924208806.0,9000668.1,246.59776333804783,234.1120451219244,309.3705443707811,195.448044022765
2025-06-09,238.62448376550557,242.2573768073284,238.26118862619418,240.2401580810547,9193904,238.78604965209962,237.6066958618164,261.4380459594727,237.72944678401169,53.59582514269109,-0.28579570265009124,-0.5611905139888178,0.27539481133872656,243.96111833073147,238.78604965209962,233.61098097346778,0.04334481588159513,4.467794960466076,0.018597202882953006,13.6401018387767,21.37751079927376,18.556759908970616,933402710.0,8693816.75,245.79468781692438,234.22675897963038,309.3705443707811,195.448044022765
2025-06-10,241.77937470124814,244.5518634996342,240.75643275281624,243.66275024414062,10739851,238.94379425048828,237.29828155517578,261.4268415832519,238.29452330402395,58.49480019672478,0.20508886353371736,-0.4079346384843108,0.6130235020180281,244.4976504910147,238.94379425048828,233.38993800996187,0.0464867167439739,4.45664570747418,0.018290221640397612,13.76792026987886,23.57767832262927,17.274384785510094,944142561.0,8163926.4,245.79468781692438,234.22675897963038,309.3705443707811,205.78286987187903
2025-06-11,244.7621797999991,250.09683023683849,242.92662311522986,247.53468322753906,17268454,239.22964782714843,237.13613952636717,261.4310130310059,239.17453853483494,63.22479476581726,0.8962199854185258,-0.14710371370374345,1.0433236991222692,245.83475035582765,239.22964782714843,232.6245452984692,0.05521976551544846,4.6504715227694975,0.018787151206987374,15.033205492504422,29.49781282348173,15.371952247156138,961411015.0,8115211.0,250.09683023683849,234.22675897963038,309.3705443707811,212.13376674787273
2025-06-12,248.56717017950135,251.43525291234172,245.0489956960389,248.19430541992188,14528657,239.37496337890624,236.89541137695312,261.45570724487305,240.03356395246226,63.97794009588591,1.480110583604727,0.17833914575795065,1.3017714378467764,246.60512364854958,239.37496337890624,232.1448031092629,0.06040865901417372,4.774456215164735,0.01923676776985997,16.438236243824566,28.68188815507117,13.903284754042982,975939672.0,8536678.45,251.43525291234172,234.22675897963038,309.3705443707811,217.97428105597103
2025-06-13,243.78703354142425,250.71823351466082,242.83100595890886,248.76792907714844,8692116,239.65699157714843,236.85640533447267,261.49873664855954,240.86540825005142,64.65582813569327,1.966466522548103,0.5359646211159812,1.4305019014321219,247.8292932770504,239.65699157714843,231.48468987724647,0.06819998570558042,4.996797025206679,0.020086178486685324,16.998020729829022,25.44809405133277,15.506320266016944,984631788.0,8658929.05,251.43525291234172,234.22675897963038,309.3705443707811,217.97428105597103
2025-06-16,248.5671597955976,253.64366368660225,246.65510472024687,251.33009338378906,10935361,240.1894989013672,236.86195007324218,261.53676628112794,241.86204492945498,67.58967486352527,2.5294939234175615,0.9346704815762974,1.5948234418412641,249.81733523733593,240.1894989013672,230.56166256539845,0.0801686699877114,5.13906573528873,0.020447474737699686,18.0536847721936,27.04229031249704,14.00011495399854,995567149.0,8761515.5,253.64366368660225,234.22675897963038,309.3705443707811,217.97428105597103
2025-06-17,251.33011785589142,253.77754625659574,250.1541933668183,251.34922790527344,7528454,240.8204772949219,236.84875671386717,261.58157051086425,242.7655861652472,67.61129749139317,2.943312516428932,1.3363988885468245,1.6069136278821077,251.57149501252238,240.8204772949219,230.0694595773214,0.0892865742844136,5.030800532037923,0.020015181960033282,19.057622461700653,25.841182070636254,13.279875179423371,1003095603.0,8968844.35,253.77754625659574,234.22675897963038,309.3705443707811,217.97428105597103
2025-06-18,251.33964354462043,253.92092966647772,249.551876648098,250.08724975585938,5016660,241.33051834106445,236.94894805908203,261.5791707611084,243.46288745959123,64.55245736588951,3.1333167182204704,1.6957824544815536,1.4375342637389168,252.79977897773466,241.33051834106445,229.86125770439423,0.09505022999586887,4.983532852490909,0.019927176844704967,19.772814111158265,24.222974123640494,13.311568030962283,998078943.0,8876945.6,253.92092966647772,234.22675897963038,309.3705443707811,217.97428105597103
2025-06-19,251.29185778614354,254.72399333206667,250.29758092368093,253.90179443359375,14184486,242.26933670043945,237.31759185791014,261.5862354278564,244.4570690761629,69.10269120175941,3.550767258381029,2.0667794152614487,1.4839878431195803,254.59513019716053,242.26933670043945,229.94354320371838,0.10175281498344663,4.958762189899223,0.01953023688139452,20.59888801877225,23.76189487097175,12.422487749675604,1012263429.0,8862098.95,254.72399333206667,234.8003831348431,309.3705443707811,217.97428105597103
2025-06-20,254.30333228264814,255.45057703087332,251.3109613361813,254.81959533691406,12904674,243.1861671447754,237.76960205078126,261.5985920715332,245.44397633909156,70.09729146097965,3.9105799501291756,2.4355395222349943,1.4750404278941813,256.35310686492073,243.1861671447754,230.01922742463003,0.10828691347651127,4.900251725955852,0.019230278265990105,21.51411143197156,23.38718025716255,11.672900525363225,1025168103.0,8997871.4,255.45057703087332,234.9246534162675,309.3705443707811,217.97428105597103
2025-06-23,252.39127839952664,253.53852315341928,250.2975756878425,251.66468811035156,6214062,243.8075843811035,238.07533935546874,261.6091180419922,246.03642507921154,62.633532332093765,3.8962459560735283,2.727680809002701,1.1685651470708271,257.3383089024175,243.8075843811035,230.27685985978954,0.11099510752022933,4.873235149035545,0.019364000510467713,21.950347379515808,21.83706173916213,12.3845644525029,1018954041.0,9271223.0,255.45057703087332,234.9246534162675,309.3705443707811,217.97428105597103
2025-06-24,253.82532749356554,256.83680859480046,253.0700575212962,253.31863403320312,6319428,244.60682373046876,238.61683380126954,261.61947708129884,246.7299687891155,64.75240686511003,3.9725526616297486,2.9766551795281107,0.995897482101638,258.3994134075846,244.60682373046876,230.81423405335292,0.11277354790652795,4.89458410156507,0.01932184783896918,23.03808581961389,25.00214358263235,11.449792786418131,1025273469.0,9397388.55,256.83680859480046,234.9246534162675,309.3705443707811,217.97428105597103
2025-06-25,254.20771898265866,258.0891884905033,254.15992927555354,257.5633850097656,5331739,245.65749816894532,239.18394927978517,261.69066513061523,247.7617227148917,69.52811817553192,4.325678475661647,3.2464598387548183,1.0792186369068286,260.0245278834987,245.65749816894532,231.29046845439194,0.11696797225112816,4.885724841260436,0.018969019377793904,24.278006242003396,25.089334944842374,10.65122930684826,1030605208.0,9370302.8,258.0891884905033,234.9246534162675,309.3705443707811,217.97428105597103
2025-06-26,257.26703676855806,259.3702800140189,255.44102052469756,256.7125244140625,8564099,246.53608779907228,239.65278533935546,261.744241027832,248.61418001957466,67.55233252655944,4.485173598956379,3.4942025907951306,0.9909710081612486,261.34395517323486,246.53608779907228,231.7282204249097,0.12012738180733236,4.817405887550499,0.01876576103384929,25.656788965496222,25.52713199086367,10.030690179659103,1022041109.0,9326631.75,259.3702800140189,234.9246534162675,309.3705443707811,217.97428105597103
2025-06-27,257.17141639795153,258.12744396820415,252.86929233181482,253.3950958251953,8906108,247.2712730407715,239.98548278808593,261.7911896514893,249.06950533439567,60.35131387541862,4.294382898164201,3.654238652268945,0.6401442458952564,261.9072660522267,247.2712730407715,232.6352800293163,0.11838005144286966,4.848887726753272,0.019135681023985874,25.875299692366262,23.549866593489142,13.0421308708932,1013135001.0,9165584.6,259.3702800140189,234.9246534162675,309.3705443707811,217.97428105597103
2025-06-30,254.39894410501742,255.01078658303396,251.33964418799587,254.2842254638672,7119563,248.14603958129882,240.5415087890625,261.85605903625486,249.56614534672627,61.53481744488139,4.1668918883986805,3.7567692994948922,0.4101225889037883,262.2531893443032,248.14603958129882,234.03888981829442,0.11370038213632297,4.7647630602021875,0.01873794196832411,25.50641032759932,22.253820830689815,14.617464710648324,1020254564.0,8917968.55,259.3702800140189,234.9246534162675,309.3705443707811,217.97428105597103
2025-07-01,253.82532160833816,256.55000603700324,252.10448364057402,252.91708374023438,3886095,249.0222381591797,241.04055480957032,261.8885485076904,249.8852823365842,58.63652547493243,3.910460083553005,3.787507456306515,0.12295262724649003,261.98240481205886,249.0222381591797,236.0620715063005,0.10408842799489096,4.741960155646976,0.01874907019138865,25.52146251855622,23.08217156515027,13.638630994251576,1016368469.0,8981633.75,259.3702800140189,235.670358869473,309.3705443707811,217.97428105597103
2025-07-02,253.3472985542669,256.88461212886756,252.82149507658215,255.2593536376953,8750887,249.98495712280274,241.66866485595702,261.9594652557373,250.39709865097575,61.94369122631062,3.8518360677755936,3.800373178600331,0.05146288917526265,261.7386416098457,249.98495712280274,238.2312726357598,0.09403513413224338,4.693471362549721,0.018387069056092033,25.612726905740587,22.164103663044894,12.79528088571048,1025119356.0,8747266.6,259.3702800140189,236.0240887062802,309.3705443707811,217.97428105597103
2025-07-03,256.5978025215564,258.9400818165316,254.73356620319072,255.30715942382812,9357962,250.89844131469727,242.11704162597655,261.99382804870606,250.8647234864855,62.01045352310922,3.7658235703449066,3.7934632569492464,-0.027639686604339797,261.2400561490787,250.89844131469727,240.55682648031583,0.08243666066789271,4.6586888090348015,0.018247388046416062,26.157033715203863,23.88612897433426,11.970040274194568,1034477318.0,8849903.45,259.3702800140189,236.23441802954062,309.3705443707811,217.97428105597103
2025-07-04,256.50221401676157,259.4659056499897,255.73740354557657,258.1752624511719,7141779,251.92425994873048,242.63903289794922,261.9943723297119,251.56096529264613,65.8780200871706,3.8843140367004594,3.8116334128994893,0.07268062380097007,260.7714664036049,251.92425994873048,243.07705349385606,0.0702370343902166,4.6229786245438556,0.01790635779993906,26.775210345896458,23.163744289651458,11.200895470436915,1041619097.0,8994398.55,259.4659056499897,238.26118862619418,309.3705443707811,217.97428105597103
2025-07-07,258.1752311140299,258.65324489441184,255.54615532192918,255.97637939453125,4849218,252.7110710144043,243.15241973876954,261.98087562561034,251.9814809213971,60.769974000834004,3.7574732860310576,3.8008013875258033,-0.04332810149474575,259.9066990309614,252.7110710144043,245.51544299784715,0.056947469595797745,4.514700835110913,0.017637177484069715,27.260879549600105,22.02505424808919,10.952858735612121,1036769879.0,9129216.95,259.4659056499897,240.75643275281624,309.3705443707811,217.97428105597103
2025-07-08,256.02415940654697,258.41422821794356,255.59396452588237,257.7928161621094,5519016,253.41757431030274,243.7097833251953,261.9764611053467,252.53494142051255,63.30140743687452,3.76017735986008,3.7926765819926587,-0.03249922213257861,259.62812017368094,253.41757431030274,247.20702844692454,0.049014326494764414,4.393669610607361,0.017043413683973507,27.71185809589635,21.015217266433325,10.4506760085465,1042288895.0,8911982.65,259.4659056499897,242.83100595890886,309.3705443707811,217.97428105597103
2025-07-09,256.2153871048982,257.553819859123,253.203906113981,256.024169921875,11564433,253.84204864501953,244.21456573486327,261.9954264831543,252.86724889683276,59.289671536007994,3.578356323213285,3.749812530236784,-0.17145620702349929,259.5242447623592,253.84204864501953,248.15985252767985,0.044769541907423244,4.407615356144577,0.017215622093373243,27.010747980748835,19.45238738669711,13.546756211423538,1030724462.0,8650940.9,259.4659056499897,242.83100595890886,309.3705443707811,217.97428105597103
2025-07-10,255.78516475082685,255.78516475082685,251.57864927684457,253.3950958251953,6911031,254.1020881652832,244.66485443115235,262.01249542236326,252.9175200328673,53.8285917537831,3.1853982460687007,3.6369296734031678,-0.45153142733446705,259.1693776937012,254.1020881652832,249.03479863686516,0.0398838873383989,4.41032287677928,0.01740492594150971,25.693167404200583,18.05184221543871,15.203636835761886,1023813431.0,8365739.85,259.4659056499897,242.83100595890886,309.3705443707811,217.97428105597103
2025-07-11,249.52319590064903,250.5270131794162,246.41610629652217,246.94190979003906,13109857,254.01078720092772,244.98263793945313,261.9838232421875,252.3484142954551,43.28881880981545,2.3264402028111135,3.374831779284757,-1.0483915764736436,259.5068821726329,254.01078720092772,248.5146922292225,0.04327450052235523,4.59379906620027,0.018602751837896295,24.898460154700533,16.092934193384213,21.580995746998973,1010703574.0,7984858.55,259.4659056499897,246.41610629652217,309.3705443707811,217.97428105597103
2025-07-14,246.94190727505418,248.13694172600904,240.58432983110347,243.07000732421875,10388421,253.59778289794923,245.18684509277344,261.9456341552734,251.46475648867067,38.42709088062524,1.318085525460532,2.9634825285199122,-1.6453970030593803,260.810804367123,253.59778289794923,246.38476142877545,0.056885524682022855,4.8051428396792195,0.01976855512769983,25.416675436405658,14.286184183653267,27.82705299052203,1000315153.0,8205745.6,259.4659056499897,240.58432983110347,309.3705443707811,217.97428105597103
2025-07-15,242.83100920352794,248.42377647110078,241.68377900674525,246.0814971923828,8750149,253.3343963623047,245.49678924560547,261.91160545349123,250.95206512711945,43.72129511691699,0.7532759469287384,2.5214412122016774,-1.768165265272939,261.2108104636995,253.3343963623047,245.4579822609099,0.062181955664089086,4.943346741441813,0.020088250428585367,25.79606207889275,13.309324719812047,25.116999654384504,1009065302.0,8178398.6,259.4659056499897,240.58432983110347,309.3705443707811,217.97428105597103
2025-07-16,246.081490768803,252.39127856813562,244.7908477137231,251.24403381347656,12179338,253.39223556518556,245.85549072265624,261.91124000549314,250.97987166867728,51.430982352847394,0.7140032617625423,2.1599536221138504,-1.4459503603513082,261.1890072370668,253.39223556518556,245.59546389330433,0.06153915217244689,5.133138463796863,0.020430886998127496,24.855769417586338,17.422564456592962,22.460590568739516,1021244640.0,8239483.35,259.4659056499897,240.58432983110347,309.3705443707811,217.97428105597103
2025-07-17,252.24788247748376,252.72589626683822,246.65511530690716,249.1407928466797,7484171,253.15418548583983,246.21935485839845,261.8870003509521,250.8047213046775,48.5150355939999,0.5073173684917265,1.8294263713894257,-1.3221090028976992,261.16205662191703,253.15418548583983,245.14631434976266,0.06326477376393293,5.200112927806448,0.020872185836731196,23.882746283070645,16.429360713989723,20.587646001868503,1013760469.0,8597617.25,259.4659056499897,240.58432983110347,309.3705443707811,217.97428105597103
2025-07-18,256.7890180670817,259.94389746296383,253.9209352796809,255.21157836914062,30319126,253.17378463745118,246.69622192382812,261.89334907531736,251.22442197748353,56.22906265908963,0.8238817687922051,1.6283174508699816,-0.8044356820777765,261.1997623801242,253.17378463745118,245.14780689477817,0.06340291317417664,5.60032661984057,0.02194385793790359,23.153143061832505,23.37171112099607,17.7509429121739,1044079595.0,8262601.5,259.94389746296383,240.58432983110347,309.3705443707811,217.97428105597103
2025-07-21,255.21158250321471,255.40277052008364,247.80236851574364,248.90179443359375,12190000,253.03563995361327,246.75492218017578,261.868969039917,251.00321935425592,48.153339310444714,0.5591687568609984,1.414487712068185,-0.8553189552071865,261.2535769517864,253.03563995361327,244.81770295544015,0.06495477869978819,5.743189147304815,0.023074117084507722,21.900770043907666,21.162455756663036,23.682719069390057,1031889595.0,9133324.1,259.94389746296383,240.58432983110347,309.3705443707811,217.97428105597103
2025-07-22,250.192420079337,250.62261496899794,247.37212715265252,248.28036499023438,6724044,252.78372650146486,246.91037231445313,261.8290613555908,250.7438998910158,47.43083018484364,0.29582750978812555,1.1907556716121732,-0.8949281618240477,261.2564567475014,252.78372650146486,244.31099625542834,0.0670354089901228,5.565139052236286,0.02241473687399799,20.823380017096298,20.27955772257579,23.246890484577822,1025165551.0,9432121.0,259.94389746296383,240.58432983110347,309.3705443707811,217.97428105597103
2025-07-23,248.80616803289453,250.24020934720517,246.79850435773062,249.9055938720703,6510321,252.40083694458008,247.07213195800782,261.8361819458008,250.6640612225448,49.56230189816814,0.21578265425307563,0.9957610681403537,-0.7799784138872781,260.66451908792885,252.40083694458008,244.1371548012313,0.06548062394233058,5.413465190610447,0.02166204088005195,19.942021554280615,19.358623236061014,22.94807660525824,1031675872.0,9452351.8,259.94389746296383,240.58432983110347,309.3705443707811,217.97428105597103
2025-07-24,250.47922899208316,251.8176617851558,248.80618070683067,250.33583068847656,8139900,252.08200225830078,247.17308868408202,261.83748580932615,250.63280117168114,50.13865701062953,0.18493127240185459,0.833595108992654,-0.6486638365907994,260.1452857543869,252.08200225830078,244.01871876221463,0.06397349611515654,5.241894896875781,0.020939451146323958,18.733723247473154,20.713737290011665,22.006381993995767,1039815772.0,9511280.9,259.94389746296383,240.58432983110347,309.3705443707811,217.97428105597103
2025-07-25,250.28801660936216,250.52702351184462,244.79085785226582,247.8023681640625,8427780,251.80236587524413,247.2665887451172,261.8310437774658,250.3632361233365,46.75086936521623,-0.04344709165022209,0.6581866688640788,-0.7016337605143009,260.04990886478777,251.80236587524413,243.55482288570053,0.06550806590617878,5.277199951354568,0.02129600290123415,18.451325451205157,19.10550579252158,25.732655062352904,1031387992.0,9490070.95,259.94389746296383,240.58432983110347,309.3705443707811,217.97428105597103
2025-07-28,247.60738980612828,247.60738980612828,242.7332285894722,243.75680541992188,8998911,251.27599487304687,247.32812591552735,261.8149195098877,249.73405224682082,41.884089506847914,-0.5446038397518009,0.4176285671409029,-0.9622324068927038,260.1432369945341,251.27599487304687,242.40875275155963,0.07057770978853167,5.262338495871407,0.021588478265482405,18.57074851126282,17.79092896402307,26.75502109930181,1022389081.0,9466154.55,259.94389746296383,240.58432983110347,309.3705443707811,217.97428105597103
2025-07-29,242.9281836016165,246.34009633443347,241.02726376828457,245.46275329589844,12923128,250.90327835083008,247.46278778076172,261.7974823760986,249.32726187054251,44.507451260004395,-0.7949546940013477,0.17511191491245282,-0.9700666089138005,260.08436943033706,250.90327835083008,241.7221872713231,0.07318430544115376,5.2659452151769415,0.021453133497728646,18.984106973346574,16.508833443793968,27.140944688810904,1035312209.0,9560121.95,259.94389746296383,240.58432983110347,309.3705443707811,217.97428105597103
2025-07-30,245.12155539507043,246.14513218703763,242.92818293003742,243.90301513671875,6057152,250.33546142578126,247.54311950683595,261.78665908813474,248.81066694351168,42.6134491973298,-1.1064627697838034,-0.08120302202679844,-1.025259747757005,259.76988921982996,250.33546142578126,240.90103363173256,0.0753742816963692,5.119588361021461,0.0209902626999166,19.367939830995777,15.767868744850347,25.922779760388895,1029255057.0,10011973.6,259.94389746296383,240.58432983110347,309.3705443707811,217.97428105597103
2025-07-31,241.85587881684572,243.85427296047746,239.85746979845484,242.05084228515625,7338764,249.67264556884766,247.6816278076172,261.7588414001465,248.1668741189064,40.414095458504086,-1.4856642216493015,-0.36209526195129904,-1.1235689596980025,259.4723677600426,249.67264556884766,239.87292337765277,0.07850056756411958,5.042871002253064,0.020833932882217108,20.262717850791514,14.864335422171568,28.78678792803551,1021916293.0,9877286.85,259.94389746296383,239.85746979845484,309.3705443707811,217.97428105597103
2025-08-01,240.29613896378774,240.68606589658398,236.10435749981247,236.64051818847656,7436999,248.59590835571288,247.68477844238282,261.65417274475095,247.06912593505595,34.76904743305576,-2.197421535277357,-0.7291605166165107,-1.4682610186608462,259.1270750983931,248.59590835571288,238.06474161303268,0.08472518161973361,5.107414843902402,0.021583010732906315,21.65761806815061,13.62816986492833,31.64161537946922,1014479294.0,9776326.95,259.94389746296383,236.10435749981247,309.3705443707811,217.97428105597103
2025-08-04,236.64051839138318,240.21815080825093,235.0320511987707,239.8574676513672,5234393,247.7899627685547,247.69720092773437,261.6044909667969,246.3823013366094,40.12442522947707,-2.47340156418241,-1.0780087261296907,-1.3953928380527194,258.40528558239345,247.7899627685547,237.17463995471596,0.08568000652838277,5.113035184300818,0.02131697309392349,23.10102293098789,12.640818853991707,30.847204106420993,1019713687.0,9791087.95,259.94389746296383,235.0320511987707,309.3705443707811,217.97428105597103
2025-08-05,239.85746895680657,240.7348119985049,238.37571982827956,239.7209930419922,7383968,246.88637161254883,247.74494384765626,261.5560015106201,245.74789102283634,39.97448726867461,-2.6723251845660627,-1.3968720178169651,-1.2754531667490976,257.0071131772865,246.88637161254883,236.76563004781113,0.08198704123385694,4.916324969009714,0.0205085291305652,24.263389629067284,12.958205496299472,29.789919038821584,1012329719.0,9810346.7,259.94389746296383,235.0320511987707,309.3705443707811,217.97428105597103
2025-08-06,239.80872590831794,239.80872590831794,233.2870959823132,233.92074584960938,7700190,245.78120040893555,247.69236083984376,261.48647872924806,244.62149624443379,34.13606435701925,-3.2604209573693765,-1.7695818057274475,-1.490839151641929,256.48005151359,245.78120040893555,235.08234930428105,0.08705996298214447,5.030989608795073,0.021507239943692556,26.02264165255737,11.758375935300046,34.256287651325785,1004629529.0,9903594.3,259.94389746296383,233.2870959823132,309.3705443707811,217.97428105597103
2025-08-07,233.0921411684065,237.05970071274936,232.60472504073846,236.2213592529297,6190830,244.92251358032226,247.63397338867188,261.38182334899903,243.82148319762388,38.00382315973711,-3.500499243404846,-2.1157652932629274,-1.3847339501419187,255.79449015244109,244.92251358032226,234.05053700820343,0.08877890736290654,4.989845756167632,0.021123601066171355,27.737169117806936,11.008520539048963,33.04849432083625,1010820359.0,9710382.15,259.94389746296383,232.60472504073846,309.3705443707811,217.97428105597103
2025-08-08,236.2993246485287,237.12793798708202,232.3999957607658,233.0336456298828,8922847,244.22710037231445,247.5208184814453,261.26251846313477,242.79407009593427,34.94200196425747,-3.9029935828106943,-2.473210951172481,-1.4297826316382132,256.215383005096,244.22710037231445,232.23881773953292,0.09817323806003408,4.971138361178246,0.021332277353089558,29.35461960611215,10.26066583219174,31.09754072266619,1001897512.0,9674372.1,259.94389746296383,232.3999957607658,309.3705443707811,217.97428105597103
2025-08-11,233.0336446237802,238.5901852899006,232.61445903528065,235.53895568847656,3047287,243.85054779052734,247.49581970214842,261.1619502258301,242.10310681903354,39.095095121644064,-3.9740057975250522,-2.7733699204429954,-1.2006358770820569,256.4195872065337,243.85054779052734,231.281508374521,0.10308805561350165,5.042894639281226,0.021410023766730756,30.299360476866813,11.463345275988477,28.465401787689125,1004944799.0,9465021.6,259.94389746296383,232.3999957607658,309.3705443707811,217.97428105597103
2025-08-12,236.59177549712652,240.09141957743057,235.03205287869676,235.63644409179688,8101435,243.32829513549805,247.50068634033204,261.0577682495117,241.48723417834432,39.25758980535071,-3.9765774800418114,-3.014011432362759,-0.9625660476790525,256.343233989229,243.32829513549805,230.31335628176708,0.1069743150625665,5.044071214956411,0.021406159112600562,30.624219386831257,12.76793433116061,26.425993260425315,1013046234.0,9097964.9,259.94389746296383,232.3999957607658,309.3705443707811,217.97428105597103
2025-08-13,236.77700412958293,236.77700412958293,234.07671463760067,235.56820678710938,5820844,242.54450378417968,247.49195098876953,260.9539482116699,240.92351728394098,39.17879609269337,-3.938718640449764,-3.1989528739801605,-0.7397657664696036,255.44579551439435,242.54450378417968,229.64321205396502,0.1063828825549843,4.876658234743972,0.02070168254560415,31.092662903078324,12.262946851603418,26.780099802674222,1007225390.0,9065529.2,259.94389746296383,232.3999957607658,309.3705443707811,217.97428105597103
2025-08-14,236.98172361315326,242.17756636517944,236.30908698725327,240.5983428955078,12857225,242.11738128662108,247.56316833496095,260.8833638763428,240.89254829456638,47.53784080378661,-3.4629070550230665,-3.251743710188742,-0.21116334483432464,254.6779902033151,242.11738128662108,229.55677236992707,0.10375635858893276,5.0004226164101215,0.020783279536475494,29.772610438089757,18.819621207548288,24.251751947897617,1020082615.0,8747604.5,259.94389746296383,232.3999957607658,309.3705443707811,217.97428105597103
2025-08-18,242.3822874367516,242.7429706054472,238.59993358753013,239.0386199951172,5789317,241.30873336791993,247.59076293945313,260.76947692871096,240.71598369461884,45.45188119833756,-3.175079211713978,-3.236410810493789,0.06133159877981109,252.38832746261937,241.30873336791993,230.22913927322048,0.09182920104102944,4.939180787946332,0.020662689518736444,28.38762879260643,18.509709153312603,22.79870725452479,1014293298.0,9016257.2,255.40277052008364,232.3999957607658,309.3705443707811,217.97428105597103
2025-08-19,239.28233472982822,241.27098600900808,238.61944105359495,240.7445831298828,4090961,240.90087280273437,247.6008514404297,260.6556832122803,240.7187074503583,48.132697059994754,-2.77730160051658,-3.1445889684983475,0.3672873679817674,251.41870252989636,240.90087280273437,230.38304307557237,0.08732081046277232,4.775778228479674,0.019837531405236728,27.10157440751477,17.775657869886572,21.894564451306124,1018384259.0,7789766.75,251.8176617851558,232.3999957607658,309.3705443707811,217.97428105597103
2025-08-20,239.12635241728586,246.52532557896734,239.12635241728586,244.52691650390625,10099384,240.71320037841798,247.618134765625,260.55365348815917,241.08139402688667,53.579839035948325,-2.13227771460771,-2.94212671772022,0.8098490031125101,250.8236957178989,240.71320037841798,230.60270503893707,0.08400449434087122,4.9631492951369465,0.020296944672173387,25.810417477021755,23.44475910928613,19.56313441524516,1028483643.0,7384814.8,251.8176617851558,232.3999957607658,309.3705443707811,217.97428105597103
2025-08-21,246.3791078589765,246.3791078589765,243.32787816102336,243.62033081054688,7607486,240.3989372253418,247.53984771728517,260.4786109161377,241.32319753009241,52.16569461703911,-1.6749378853504027,-2.688688951246257,1.0137510658958542,249.70578054268606,240.3989372253418,231.09209390799754,0.07742832330926938,4.8265836096238175,0.019811908117706504,24.611486041563953,22.386108118952166,18.679758666908608,1020876157.0,7553581.8,251.8176617851558,232.3999957607658,309.3705443707811,217.97428105597103
2025-08-22,245.65773070556986,246.6325629702745,241.37821765850688,242.38229370117188,13572686,240.00126037597656,247.42360748291014,260.39843284606934,241.42406383209996,50.21652989527747,-1.3962963881291728,-2.43021043862284,1.0339140504936672,248.18802501593163,240.00126037597656,231.81449573602148,0.06822268039034468,4.857138016919803,0.02003916186595737,22.950398460810153,20.656336656330765,20.103526966235254,1007303471.0,7608440.05,250.52702351184462,232.3999957607658,309.3705443707811,217.97428105597103
2025-08-25,244.2929690295729,250.81459919486161,244.2929690295729,247.451416015625,16391069,239.98371276855468,247.3972772216797,260.36832427978516,241.99809737338805,57.25854067267123,-0.7577008835905872,-2.0957085276163894,1.3380076440258022,248.10475893654586,239.98371276855468,231.8626666005635,0.06767997773101618,5.11250712240337,0.02066065009739345,22.392839028108146,24.065665911453,17.73511837779981,1023694540.0,7880079.35,250.81459919486161,232.3999957607658,309.3705443707811,217.97428105597103
2025-08-26,246.63255439625433,248.40675619622257,244.9850855462151,245.6869659423828,15797327,240.08022079467773,247.28441467285157,260.32259719848633,242.34941818948278,54.37534049274398,-0.3894958544404403,-1.7544659929811997,1.3649701385407593,248.42122249639286,240.08022079467773,231.7392190929626,0.06948512188222744,4.991733088660807,0.020317451800969537,21.875105269170568,22.887363688564317,16.866772183489424,1007897213.0,8278243.8,250.81459919486161,232.3999957607658,309.3705443707811,217.97428105597103
2025-08-28,245.67722032009752,245.99891673776128,242.81121121251053,244.34169006347656,5851451,240.02416763305663,247.14426391601563,260.22280494689943,242.53915836795838,52.21645995565886,-0.20389288627896462,-1.4443513716407528,1.2404584853617882,248.23376167909498,240.02416763305663,231.8145735870183,0.0684063952975684,4.862873976988659,0.019901941317199502,20.7551527492705,21.81571381893547,19.270129470063225,1002045762.0,8618164.6,250.81459919486161,232.3999957607658,309.3705443707811,217.97428105597103
2025-08-29,244.19548291273827,246.73005275714573,242.4017951111859,243.13291931152344,10117017,239.98566284179688,247.00517730712892,260.1181407165527,242.5957070292503,50.28458606868792,-0.15258004657857782,-1.1859971066283177,1.0334170600497399,248.1290822546289,239.98566284179688,231.84224342896485,0.06786588262316594,4.824687096200886,0.019843824973857487,19.89864263056168,21.50021699757958,18.035318300604708,991928745.0,8264580.75,250.81459919486161,232.3999957607658,309.3705443707811,217.97428105597103
2025-09-01,243.142661030958,246.62281934658193,243.123160220783,244.0590057373047,3198345,240.0860710144043,246.80832153320313,260.004983291626,242.73506881096975,51.75722371497384,-0.036763035109089515,-0.9561502923244721,0.9193872572153826,248.37705308958726,240.0860710144043,231.79508893922133,0.06906674793878849,4.730042241172175,0.01938073224088851,19.10331180604635,20.363962713854775,17.082178726259503,995127090.0,8467574.0,250.81459919486161,232.3999957607658,309.3705443707811,217.97428105597103
2025-09-02,244.05899265747667,246.77876797811365,243.31812553289043,244.61463928222656,5046939,240.4847770690918,246.60422241210938,259.88405838012693,242.914075522518,52.66321745463706,0.09871978412837734,-0.7451762770339023,0.8438960611622797,248.84131564405445,240.4847770690918,232.12823849412914,0.06949744326279583,4.639370827175821,0.01896603915771002,18.408630554931836,19.519058575347085,16.172028945808584,1000174029.0,8260553.05,250.81459919486161,232.3999957607658,309.3705443707811,217.97428105597103
2025-09-03,245.56023287741706,246.04764899259635,242.85020046700103,243.2791290283203,3862765,240.65586013793944,246.43651123046874,259.7631346893311,242.9488425230706,50.22187191085233,0.09720584978200009,-0.5766998516707219,0.673905701452722,249.09372932644598,240.65586013793944,232.2179909494329,0.07012394531901373,4.536376377062928,0.018646796357672118,17.59735229101757,18.53634871627607,16.094611529806993,996311264.0,8141050.05,250.81459919486161,232.3999957607658,309.3705443707811,217.97428105597103
2025-09-04,243.2206458758789,244.03950139425618,238.2879970809629,238.80465698242188,5021036,240.61004333496095,246.14623168945312,259.62370552062987,242.55415818586593,43.025309116605904,-0.26202598107136055,-0.5137650775508497,0.2517390964794891,249.0776188469827,240.61004333496095,232.1424678229392,0.07038422332382656,4.6231712296508105,0.019359635980596125,17.232999837490517,16.88918174089203,21.713081946159456,991290228.0,8072468.65,250.81459919486161,232.3999957607658,309.3705443707811,217.97428105597103
2025-09-05,239.90621883891225,241.09551535487674,235.19777736172693,237.53736877441406,6233782,240.79087448120117,245.7457113647461,259.48332992553713,242.0763687181086,41.223553332408486,-0.6415835861557468,-0.5393287792718291,-0.10225480688391775,248.8225593019276,240.79087448120117,232.75918966047473,0.0667108738072504,4.714211712757882,0.01984618983144039,17.629331511196483,15.37994640109559,24.455002313879245,985056446.0,7954322.05,250.81459919486161,232.3999957607658,309.3705443707811,217.97428105597103
2025-09-08,238.21000856602762,240.77382213657367,236.1043673417334,236.41632080078125,6596932,240.80062255859374,245.33978729248048,259.36980667114256,241.537316535506,39.64208009142256,-1.0210746126950596,-0.6356779459564752,-0.3853966667385844,248.8105433481977,240.80062255859374,232.79070176898978,0.06652740931062105,4.711014790049481,0.019926774827103703,17.997353779637734,14.291070229771213,22.723626365301897,978459514.0,7881001.65,250.81459919486161,232.3999957607658,309.3705443707811,217.97428105597103
2025-09-09,238.83389256709856,243.5618347576162,238.83389256709856,242.8794403076172,12836972,241.29291229248048,245.12947418212892,259.2671559906006,241.66513784713564,51.25300777146066,-0.7911839792367061,-0.6667791526125215,-0.12440482662418462,248.5032205280465,241.29291229248048,234.08260405691445,0.05976394554702989,4.884907587677015,0.020112478773378555,17.378598375591462,16.874599441913603,20.349374850686647,991296486.0,7901306.75,250.81459919486161,232.61445903528065,309.3705443707811,217.97428105597103
2025-09-10,243.02567441536718,250.69761406985873,242.97692982961703,249.31333923339844,15261331,241.98163146972655,245.03005645751952,259.20804061889646,242.39353797916067,59.58727660205063,-0.08880839507753535,-0.5511850011055243,0.4623766060279889,249.48729964612565,241.98163146972655,234.47596329332745,0.062035024152964316,5.094426600145909,0.02043383084038149,17.281347514307182,25.029861572640787,18.118716567165883,1006557817.0,8097013.0,250.81459919486161,234.07671463760067,309.3705443707811,217.97428105597103
2025-09-11,249.26459645464794,249.26459645464794,245.82343989732132,247.5196533203125,5865301,242.57579193115234,244.9221078491211,259.1059761047363,242.88173944022276,56.677961576114335,0.3194118717534309,-0.37706562653373327,0.6964774982871642,249.85621807182747,242.57579193115234,235.2953657904772,0.06002599090960781,4.979817509855281,0.02011887720047407,17.191043143114637,23.77692269756313,17.211734149878765,1000692516.0,8707715.2,250.81459919486161,234.07671463760067,309.3705443707811,217.97428105597103
2025-09-12,248.4652524024239,249.45957060265388,244.5074357874524,245.5992431640625,5345794,243.07734375,244.72890563964845,258.96899963378905,243.1405493186837,53.65732477391838,0.48240743162949684,-0.20517101490108725,0.6875784465305841,249.7109995628396,243.07734375,236.44368793716043,0.05458061792597302,4.977840174522867,0.020268141344383643,16.71561945809034,22.087341293340064,17.877048271317967,995346722.0,8595908.5,250.81459919486161,235.19777736172693,309.3705443707811,217.97428105597103
2025-09-15,245.17030534459616,245.45300014582503,243.31813006128027,244.95584106445312,3700703,243.29521865844725,244.52187927246095,258.81345642089843,243.3134342468522,52.64501208704259,0.5532874614025616,-0.0534793196403575,0.606766781042919,249.87489744430468,243.29521865844725,236.71553987258983,0.05408802377735488,4.785216812255678,0.01953501819536765,15.927032787021165,21.335267240411945,19.043602423297685,991646019.0,8572156.0,250.81459919486161,235.19777736172693,309.3705443707811,217.97428105597103
2025-09-16,245.65771906058336,248.0947996068193,243.90301809234163,247.61712646484375,7316998,243.7241439819336,244.31071655273436,258.68551483154295,243.72330969618474,56.316146351070884,0.8148112493026076,0.12017879414823554,0.6946324551543721,250.25624289222375,243.7241439819336,237.19204507164343,0.053602394933629234,4.742828576700106,0.019153879396033958,15.835935620453874,23.96701753831132,17.841387040700255,998963017.0,8114329.9,250.81459919486161,235.19777736172693,309.3705443707811,217.97428105597103
2025-09-17,246.92500261772264,249.06963051215138,246.4863310966648,247.75360107421875,7339871,244.0745948791504,244.14626098632812,258.5833312988281,244.10714697028322,56.502374437346255,1.0213100690684485,0.3004050491322781,0.7209050199361704,250.68131881510158,244.0745948791504,237.46787094319922,0.05413692432202862,4.588576493756283,0.01852072572855035,15.973487657396014,24.520707900576507,17.123927609865795,1006302888.0,8190713.95,250.81459919486161,235.19777736172693,309.3705443707811,217.97428105597103
2025-09-18,250.53188370180976,253.26140205244997,249.557051469507,250.46363830566406,10498239,244.37143096923828,243.9996774291992,258.48145698547364,244.71252709746236,60.13655994087549,1.3876433386974725,0.517852707045317,0.8697906316521554,251.54216389684652,244.37143096923828,237.20069804163003,0.058687162400018034,4.654235385504492,0.018582479345063636,16.949311889394657,28.881129131910885,15.676472037087597,1016801127.0,8353159.45,253.26140205244997,235.19777736172693,309.3705443707811,217.97428105597103
2025-09-19,250.53188608599783,251.17527893538278,248.28976895541248,249.44007873535156,10741757,244.66241836547852,243.86799560546876,258.35876358032226,245.16277011059466,58.160094636215945,1.5771915091374922,0.7297204674637521,0.8474710416737401,252.152820477896,244.66241836547852,237.17201625306103,0.061230508244451885,4.527897856537764,0.01815224674195893,17.439710673043926,27.566473239810907,16.96205181506721,1006059370.0,8373102.2,253.26140205244997,235.19777736172693,309.3705443707811,217.97428105597103
2025-09-22,242.29455445414862,245.44325840137773,240.98828283204853,244.02975463867188,15784007,244.74479141235352,243.68068878173827,258.2119479370117,245.05486387517345,48.99392858586098,1.2761314126344416,0.8390026564978901,0.43712875613655156,252.16902480790282,244.74479141235352,237.32055801680423,0.06066918403211873,4.808176288449569,0.019703237810360062,16.41982850396512,24.105312327654474,25.679179490508147,990275363.0,8529815.75,253.26140205244997,235.19777736172693,309.3705443707811,217.97428105597103
2025-09-23,243.92252905470636,245.6577292858718,242.48952444389133,243.34738159179688,8674114,244.53958969116212,243.60879821777343,258.050705871582,244.89224651485188,47.96711992071506,0.9712809924025976,0.8654583236788317,0.10582266872376589,251.8796304280233,244.53958969116212,237.19954895430095,0.06003151265716256,4.691035470844633,0.019277115045000202,15.4223572040197,23.269013891659203,24.440389625005917,981601249.0,8640381.8,253.26140205244997,235.19777736172693,309.3705443707811,217.97428105597103
2025-09-24,242.08009737465142,242.8502083166328,238.10277996125882,238.43421936035156,7888797,244.17695236206055,243.5160824584961,257.84005683898926,244.27719630966135,41.26180199084464,0.3294361718503467,0.7582538933131348,-0.42881772146278807,251.95782568141533,244.17695236206055,236.39607904270576,0.06373143119435339,4.7305759108227345,0.019840171949787534,15.409010751327042,21.426340210336537,29.128649074023865,973712452.0,8254534.05,253.26140205244997,235.19777736172693,309.3705443707811,217.97428105597103
2025-09-25,239.27257691489723,239.45779742555374,235.20752814724804,235.90940856933594,7957740,243.7553382873535,243.31264068603517,257.62592346191406,243.48026414391606,38.29891796659356,-0.37859736800069754,0.5308836410503683,-0.9094810090510659,252.32831818181003,243.7553382873535,235.182358392897,0.07034085862234678,4.6962682942143745,0.019907083497409973,15.912417419835716,20.04123262768855,31.649200175771853,965754712.0,7859107.55,253.26140205244997,235.19777736172693,309.3705443707811,217.97428105597103
2025-09-26,235.37323685334195,235.47072602537375,229.09531496833094,229.8166961669922,16999628,243.08952713012695,242.88409393310548,257.35132972717287,242.1789719556376,32.27593286211044,-1.415038340230467,0.14169924479420132,-1.5567375850246683,253.6015409256857,243.08952713012695,232.5775133345682,0.0864867682261903,4.847541530413705,0.021093078141247515,17.27857567773491,18.02897793045427,37.477791004682466,948755084.0,7964422.0,253.26140205244997,229.09531496833094,309.3705443707811,217.97428105597103
2025-09-29,230.9182635642424,234.72984628139795,230.34310124332197,233.60879516601562,8894412,242.5670166015625,242.5734539794922,257.07530799865725,241.36276464234024,38.7339452166419,-1.9084353260698208,-0.2683276693786031,-1.6401076566912178,253.84528078490592,242.5670166015625,231.28875241821908,0.0929909131204673,4.852227857841709,0.020770741334432383,18.54715120292702,16.72502498970831,34.76719498633197,957649496.0,8308552.55,253.26140205244997,229.09531496833094,309.3705443707811,217.97428105597103
2025-09-30,233.89148471164037,235.42197841930238,232.98489789736342,233.3455810546875,5590909,242.00356369018556,242.13613403320312,256.7937519073486,240.5992233482781,38.459802272567075,-2.2942485024764494,-0.6735118359981724,-1.620736666478277,253.92403973925732,242.00356369018556,230.0830876411138,0.09851488025467618,4.679717333848655,0.020054878745494234,19.523864276827485,17.159315279503623,33.47391703110801,952058587.0,8593355.9,253.26140205244997,229.09531496833094,309.3705443707811,217.97428105597103
2025-10-01,233.95973001432264,237.43988813817003,231.85408887425157,235.0028076171875,9479378,241.5897476196289,241.858154296875,256.52001319885255,240.0662313738885,41.27782735468848,-2.4381780915132367,-1.0264450871011852,-1.4117330044120515,253.87345544779893,241.5897476196289,229.30603979145886,0.10169063835862875,4.744437471710784,0.0201888544218558,19.85015642986117,18.754303122197044,30.658912509230536,961537965.0,8620554.4,253.26140205244997,229.09531496833094,309.3705443707811,217.97428105597103
2025-10-03,234.91506958007812,235.32449733686522,232.0685612175871,234.91506958007812,10968346,241.39526824951173,241.59084838867187,256.24185188293455,239.57564453638275,41.17033907244594,-2.530156979428142,-1.3271874655665767,-1.2029695138615653,253.96893551571065,241.39526824951173,228.8216009833128,0.10417492734946644,4.638115946537022,0.019743799130587388,20.153142000535304,17.813914924684536,29.121597084370777,950569619.0,8901385.05,253.26140205244997,229.09531496833094,309.3705443707811,217.97428105597103
2025-10-06,233.95973540089406,236.8452453490659,233.29685662380936,236.0361328125,6064946,241.32020645141603,241.31345916748046,255.97281105041503,239.23854818172725,43.20540361863413,-2.4839569673229107,-1.5585413659178438,-0.925415601405067,254.0025548254911,241.32020645141603,228.63785807734095,0.10510805175055542,4.56027828787413,0.01932025505390176,19.982469295267652,19.205811595692037,27.50304381333131,956634565.0,9198750.55,253.26140205244997,229.09531496833094,309.3705443707811,217.97428105597103
2025-10-07,236.786745094051,238.83389874750486,236.04587794672727,237.40089416503906,6587728,241.36943511962892,241.0547604370117,255.7122344970703,239.06353351347124,45.66938680207827,-2.310583323250796,-1.7089497573844343,-0.6016335658663619,253.98271579116863,241.36943511962892,228.7561544480892,0.10451431570271724,4.434384548383468,0.01867888730570965,19.260365197926028,21.543581242734483,26.26358885063635,963222293.0,9190308.75,253.26140205244997,229.09531496833094,309.3705443707811,217.97428105597103
2025-10-08,237.1279356552237,240.14992146342618,236.46505689070705,238.1222686767578,7360563,241.13157653808594,240.86115844726564,255.43768852233887,238.97388924330807,46.97877740795151,-2.090872292649749,-1.7853342644374974,-0.3055380282122515,253.80127808657457,241.13157653808594,228.4618749895973,0.10508537894859651,4.3808474072645875,0.01839747047434453,18.23215717391606,22.394967278470297,24.68565264803108,970582856.0,9189848.55,253.26140205244997,229.09531496833094,309.3705443707811,217.97428105597103
2025-10-09,237.8493198184994,240.5885959894731,237.04020728716665,240.1986541748047,4629760,240.67584228515625,240.7899954223633,255.17282150268554,239.09053352249822,50.66444772719693,-1.7292688267489211,-1.7741211768997822,0.04485235015086109,252.7785850799654,240.67584228515625,228.5730994903471,0.10057297550013061,4.32138607119615,0.017990883779270717,17.15681811290395,21.806554941577577,23.2377988886421,975212616.0,8916028.1,253.26140205244997,229.09531496833094,309.3705443707811,217.97428105597103
2025-10-10,241.75840103104505,244.9266058832664,240.05244457215662,242.44078063964844,7070200,240.42189865112306,240.72955596923828,254.95455207824708,239.40960467651252,54.354256304942766,-1.2473954095256943,-1.6687760234249647,0.4213806138992704,252.14682446164693,240.42189865112306,228.6969728405992,0.09753625502756674,4.360870016904267,0.017987361719421457,16.782883908084326,27.17102057875793,21.382586186011086,982282816.0,8384449.55,253.26140205244997,229.09531496833094,309.3705443707811,217.97428105597103
2025-10-13,239.86721916970842,241.46594345215223,238.35622621913274,238.96063232421875,6717589,240.08996810913087,240.63070831298828,254.70622688293457,239.36684540486547,48.31420025900024,-1.133262593165398,-1.5616733373730516,0.4284107442076537,251.58341208115064,240.08996810913087,228.5965241371111,0.09574280893565305,4.341133188590797,0.018166729583728263,15.971614597851978,25.344941873472834,22.736470640988237,975565227.0,8444694.5,253.26140205244997,229.09531496833094,309.3705443707811,217.97428105597103
2025-10-14,239.6137605282582,243.85427172283678,238.94112392245552,242.16781616210938,7888607,239.95056686401367,240.63304779052734,254.4861238861084,239.633604524603,53.44818755969182,-0.7750838970608811,-1.4043554493106176,0.6292715522497365,251.2708879766051,239.95056686401367,228.63024575142222,0.09435544379444595,4.381991375147259,0.018094854405483484,15.764783001939307,27.20823988875296,20.915582256905253,983453834.0,8513284.25,253.26140205244997,229.09531496833094,309.3705443707811,217.97428105597103
2025-10-15,243.7080594468892,245.78445687329972,242.28479783482518,243.91278076171875,13278925,239.7653495788574,240.7784930419922,254.27591758728028,240.04114511861403,56.008537901299334,-0.34642724234282696,-1.1927698079170597,0.8463425655742327,250.69224524473248,239.7653495788574,228.83845391298235,0.09114657881189187,4.327323470578908,0.017741273979432513,15.981125639304363,28.770011726110276,19.666969033728783,996732759.0,8722679.45,253.26140205244997,229.09531496833094,309.3705443707811,217.97428105597103
2025-10-16,244.0979834561764,247.67563081561443,242.5382608193318,247.4221649169922,10661302,239.7487777709961,240.92978698730468,254.0642756652832,240.74409938512625,60.691091520598505,0.2733136276414996,-0.8995531208053479,1.1728667484468476,250.62806461469532,239.7487777709961,228.86949092729688,0.09075572309353691,4.385183936700601,0.017723488670353317,16.558469093098605,29.442979086095807,18.021224471875858,1007394061.0,9020775.8,253.26140205244997,229.09531496833094,309.3705443707811,217.97428105597103
2025-10-17,243.70806129004103,243.70806129004103,233.09213873523723,234.8370819091797,43802251,238.9674499511719,240.83210876464844,253.81501808166504,240.18152629217897,43.01044460076059,-0.2481873395483376,-0.7692799645539459,0.5210926250056083,248.85584181090752,238.9674499511719,229.07905809143625,0.0827593202484784,5.095529811347341,0.02169814822225552,15.949994875394012,23.528570115412787,27.642649178736534,963591810.0,9186847.35,251.17527893538278,229.09531496833094,309.3705443707811,217.97428105597103
2025-10-20,234.83707906104348,235.8509129135795,233.24811263554014,235.1685333251953,9871824,238.25387268066407,240.85706451416016,253.57608871459962,239.70409839056148,43.4774729581257,-0.6275018038519704,-0.7409243324135508,0.11342252856158042,247.01142292395284,238.25387268066407,229.4963224373753,0.07351444192495174,4.917477701825343,0.02091044083276807,15.384983101811175,22.6390291679189,26.597567891557638,973463634.0,10852047.95,247.67563081561443,229.09531496833094,309.3705443707811,217.97428105597103
2025-10-21,234.93456700499294,236.0653759596895,234.31067497391194,235.28550720214844,2082336,237.8166603088379,240.83834747314452,253.34500938415528,239.2832801821412,43.65297116842253,-0.9082032338046702,-0.7743801126917748,-0.1338231211128954,246.24400531635115,237.8166603088379,229.38931530132464,0.07087262092209333,4.691565079250501,0.01993988127462388,14.808103469095025,22.36074216502523,25.887010329966735,975545970.0,10808551.3,247.67563081561443,229.09531496833094,309.3705443707811,217.97428105597103
2025-10-23,238.63893589655402,241.56343262353442,237.24491805515171,238.15151977539062,18964626,237.55686721801757,240.94070495605467,253.11185554504394,239.17549347673636,47.919731298985795,-0.8891483285368338,-0.7973337558607867,-0.09181457267604709,245.59768960543673,237.55686721801757,229.51604483059842,0.06769597933819946,4.804876532260178,0.020175712238963802,14.434995507949141,28.447216306105982,23.471061224584872,994510596.0,10123467.75,247.67563081561443,229.09531496833094,309.3705443707811,217.97428105597103
2025-10-24,238.83389610245257,239.69175322388642,236.06537614206434,236.86473083496094,6803979,237.47839279174804,240.96722045898437,252.91609115600585,238.9554208441863,46.227192482729116,-0.9667363572241072,-0.8312142761334509,-0.13552208109065633,245.51406656075628,237.47839279174804,229.4427190227398,0.06767498865511495,4.720698000086029,0.019929932090122972,13.813828858774341,26.88630407823178,23.96795010471691,987706617.0,10637993.35,247.67563081561443,229.09531496833094,309.3705443707811,217.97428105597103
2025-10-27,237.1669256922204,239.54551870335686,236.94271844519798,237.77133178710938,9550336,237.5714889526367,241.00991821289062,252.72556289672852,238.84265045779804,47.630636499646414,-0.944186316768139,-0.8538086842603886,-0.09037763250775044,245.57537586426923,237.5714889526367,229.5676020410042,0.06738087088580069,4.574990133536735,0.019241134324944575,13.23703125596917,25.760985838736342,22.964778700507743,997256953.0,10583752.45,247.67563081561443,229.09531496833094,309.3705443707811,217.97428105597103
2025-10-28,237.52763028499794,238.5414492830063,235.32449987384408,236.27984619140625,8780789,237.89464645385743,241.02415100097656,252.52874893188476,238.5985738609988,45.52552584983839,-1.0347378560479399,-0.8899945186178989,-0.14474333743004097,245.10233599952258,237.89464645385743,230.6869569081923,0.06059564309752692,4.477987224652842,0.018952049008129544,12.301992434620653,24.439094295954387,24.367598466417014,988476164.0,10663382.25,247.67563081561443,230.34310124332197,309.3705443707811,217.97428105597103
2025-10-29,237.46914350586005,237.46914350586005,235.55846573925115,236.18235778808594,8776917,238.02332458496093,240.93583129882813,252.3150429534912,238.3684580445309,45.38433287889014,-1.1016677625172235,-0.9323291673977638,-0.1693385951194597,245.00882661299582,238.02332458496093,231.03782255692605,0.05869594536766884,4.294607977649703,0.018183441040515946,11.433742100511315,23.662452078045774,23.59322829177444,979699247.0,10252440.3,247.67563081561443,231.85408887425157,309.3705443707811,217.97428105597103
2025-10-30,236.77699407004698,238.60968337840853,234.44714569122434,235.83140563964844,8344622,238.147615814209,240.87168701171876,252.1241891479492,238.1268340059707,44.8451289915262,-1.169547287831307,-0.9797727914844725,-0.1897744963468344,244.8796355832358,238.147615814209,231.41559604518218,0.05653652879127537,4.285174385473595,0.018170499276170888,10.923068951795297,23.92178706003014,21.95622703560673,971354625.0,10246565.55,247.67563081561443,231.85408887425157,309.3705443707811,217.97428105597103
2025-10-31,236.01663004340736,237.06945062894138,234.44714956980002,234.6128692626953,5659566,238.12811889648438,240.749052734375,251.8885747528076,237.79217069708733,42.93764645319363,-1.3066062589559237,-1.0451394849787627,-0.261466773977161,244.89860577475554,238.12811889648438,231.35763201821322,0.056864236862462475,4.166397719307007,0.01775860690166107,10.448872456558997,22.84634402797358,20.969148966713263,965695059.0,10384251.2,247.67563081561443,232.0685612175871,309.3705443707811,217.97428105597103
2025-11-03,234.61287851290575,235.2172697549134,233.47232655229786,234.44715881347656,4902693,238.1047233581543,240.5474575805664,251.6929086303711,237.47359813674345,42.671829524319925,-1.4123176110971372,-1.1185751102024377,-0.29374250089469944,244.92252794677333,238.1047233581543,231.28691876953528,0.057267277124643724,3.9934366824004726,0.01703341897001876,9.714645303240232,22.133288798914492,22.058299072587104,960792366.0,10193260.6,247.67563081561443,233.09213873523723,309.3705443707811,217.97428105597103
2025-11-04,234.4471520764222,234.7785914657564,231.5421561865202,231.9320831298828,6848284,237.89952087402344,240.31369262695313,251.47998008728027,236.94583480275674,38.75071138670268,-1.6796779260118626,-1.2307956733643226,-0.44888225264754,245.1850209446461,237.89952087402344,230.61402080340076,0.06124854765454207,3.9393651536030236,0.016984994488222507,9.563875141993456,20.83443998297533,24.263635910174816,953944082.0,9889977.95,247.67563081561443,231.5421561865202,309.3705443707811,217.97428105597103
2025-11-06,233.95973929941277,234.56413053267985,232.37075797674785,234.00848388671875,7141517,237.72990036010742,240.14621643066405,251.27837104797362,236.6660870964674,43.37674021935942,-1.7043678226104362,-1.3255101032135455,-0.3788577193968907,245.20932111658394,237.72990036010742,230.2504796036309,0.06292368562092418,3.8459853142597393,0.016435238801519453,9.423874277978594,19.81598958850812,23.077556054699034,961085599.0,9929144.85,247.67563081561443,231.5421561865202,309.3705443707811,217.97428105597103
2025-11-07,232.69245689676944,233.2286176133613,230.0604127763982,230.5380859375,5520619,237.35069122314454,239.80794982910157,251.08097023010254,236.0824679384705,38.185632321841275,-1.9811296256084177,-1.45663400769252,-0.5244956179158977,245.45502246840175,237.35069122314454,229.24635997788732,0.06828993169131284,3.853277156835511,0.01671427582633853,9.935712438873757,18.365741010989463,25.671316452546147,955564980.0,9956834.3,247.67563081561443,230.0604127763982,309.3705443707811,217.97428105597103
2025-11-10,231.46416532937656,235.47072635951724,231.05473758082863,233.8037567138672,8566758,237.03094635009765,239.57028564453125,250.92848831176758,235.86544782184163,44.871491052213855,-1.9148794705763237,-1.5482831002692807,-0.36659637030704295,245.16514625453263,237.03094635009765,228.89674644566267,0.0686340752521037,3.9303745329199207,0.016810570489378306,9.642644649021394,20.79406789734819,23.37005678960157,964131738.0,9864837.1,247.67563081561443,230.0604127763982,309.3705443707811,217.97428105597103
2025-11-11,235.0320607959346,235.95814845600435,232.79968661954322,235.60720825195312,8831094,236.68926773071288,239.39559600830077,250.6992515563965,235.84085357709034,48.203347041615714,-1.6972870102271713,-1.578083882260859,-0.11920312796631238,244.4513792730624,236.68926773071288,228.92715618836337,0.06558904522177708,3.8752379117442928,0.016447875005590657,9.210676181319766,20.481920053312944,22.009524054636408,972962832.0,10061687.0,247.67563081561443,230.0604127763982,309.3705443707811,217.97428105597103
2025-11-12,236.64051836014002,240.1011756715635,236.0068833751967,239.04835510253906,13152546,236.69365386962892,239.3139047241211,250.49612602233887,236.14632991284736,53.925436208865776,-1.232958843693467,-1.5090588745473805,0.27610003085391344,244.4609917575589,236.69365386962892,228.92631598169893,0.06563199106477303,3.9194328765918707,0.016395983460796633,9.495887271077622,26.354811257801273,20.20696582132322,986115378.0,10149731.7,247.67563081561443,230.0604127763982,309.3705443707811,217.97428105597103
2025-11-13,239.80872968420658,239.80872968420658,237.8590652152293,239.1555938720703,6211124,236.54304275512695,239.2158364868164,250.2431512451172,236.4329264803924,54.09562864992434,-0.8465634969173834,-1.3765597990213814,0.529996302103998,243.99017255044197,236.54304275512695,229.09591295981193,0.06296638200451667,3.778735133190829,0.015800320920831813,9.76072614013849,25.383529347607666,19.46225700249827,992326502.0,10471479.55,247.67563081561443,230.0604127763982,309.3705443707811,217.97428105597103
2025-11-14,237.78107030280245,239.71123390899896,236.0556131303455,238.21974182128906,6841554,236.25839080810547,239.08793853759767,249.94518898010253,236.60309937000162,52.28069624317026,-0.6088395170620231,-1.2230157426295098,0.6141762255674867,242.95430684394637,236.25839080810547,229.56247477226458,0.05668299028820079,3.769941250723874,0.015825477863006247,9.394786908937064,23.625401205105693,21.531227807690996,985484948.0,10387605.4,247.67563081561443,230.0604127763982,309.3705443707811,217.97428105597103
2025-11-17,237.82981803387048,238.61942975254223,236.58203398156658,237.90780639648438,6559062,235.78267288208008,238.98051208496094,249.63441825866698,236.7273571820476,51.65856387592042,-0.440533931210382,-1.0665193803456843,0.6259854491353023,240.20400811753265,235.78267288208008,231.3613376466275,0.03750347878755092,3.646188002170429,0.01532605448050699,9.054986194250027,22.682453735540356,20.671863913650146,978925886.0,10065736.85,243.70806129004103,230.0604127763982,309.3705443707811,217.97428105597103
2025-11-18,236.81599017687407,237.85906781908002,234.25219148693935,234.8370819091797,4730012,235.78267288208008,238.9011605834961,249.3652409362793,236.547330965584,45.87165455989772,-0.5486083295308504,-0.9629371701827175,0.41432884065186715,240.20400811753265,235.78267288208008,231.3613376466275,0.03750347878755092,3.6468613526971856,0.015529324939012672,8.838026360181253,21.0583895640032,23.755060674367503,974195874.0,9860624.85,241.56343262353442,230.0604127763982,309.3705443707811,217.97428105597103
2025-11-19,235.12952541952873,240.63733631548203,234.48613259278574,239.87696838378906,13298452,236.01809463500976,238.9479525756836,249.11337577819825,236.86443929112733,54.817806063365346,-0.22498783075857887,-0.8153473022978899,0.590359471539311,240.77243258147925,236.01809463500976,231.26375668854027,0.04028791058432903,3.8257429505542646,0.015948771473688547,8.652662037668643,23.82708437844312,21.02688437088122,987494326.0,7907012.9,241.56343262353442,230.0604127763982,309.3705443707811,217.97428105597103
2025-11-20,241.27097688534437,241.56342952924817,239.5260337388253,240.0621795654297,6705862,236.25692825317384,239.02086975097657,248.82013259887697,237.16898598391802,55.11142122913109,0.04589963810562381,-0.6430979142171872,0.688997552322811,241.310555765774,236.25692825317384,231.20330074057367,0.04278077726621998,3.698003867687736,0.01540435846405299,8.747473060363424,24.67820223906102,20.19940927049631,994200188.0,8078344.3,241.56343262353442,230.0604127763982,309.3705443707811,217.97428105597103
2025-11-21,238.8339053168725,241.02727791672132,237.4788890612896,238.3367462158203,5516450,236.2661895751953,238.93001586914062,248.53475379943848,237.28020124409917,51.73824865167654,0.11996893040245027,-0.4904845452932597,0.61045347569571,241.33432938109107,236.2661895751953,231.19804976929956,0.04290194729096218,3.6873170810980196,0.015471038938154569,8.154704236845241,22.981888402213055,22.776565856665382,988683738.0,8309520.6,241.56342952924817,230.0604127763982,309.3705443707811,217.97428105597103
2025-11-24,238.85339568452147,243.10366477606482,238.85339568452147,241.04676818847656,19711070,236.47529144287108,238.76468444824218,248.2490626525879,237.63892190546846,56.26593282663509,0.3928173489049698,-0.3138241664536138,0.7066415153585835,241.95345562218023,236.47529144287108,230.99712726356194,0.04633181036279716,3.764431472465626,0.015617016982871075,8.219199789245877,24.843028775843127,20.71641726934752,1008394808.0,7637111.8,243.10366477606482,230.0604127763982,309.3705443707811,217.97428105597103
2025-11-25,241.75839890303692,241.75839890303692,237.85906988847182,239.45779418945312,8188793,236.5596145629883,238.603447265625,247.98936569213868,237.81214783727654,53.11924538833261,0.4753551657708215,-0.1559883000087267,0.6313434657795483,242.16541170817783,236.5596145629883,230.95381741779875,0.04739437165169117,3.7740670111870167,0.015760886063291252,7.946515708875504,23.009630659014757,21.069436450994104,1000206015.0,8282466.35,243.10366477606482,230.0604127763982,309.3705443707811,217.97428105597103
2025-11-26,239.8087305717115,244.24422023000196,239.43828956131182,243.89328002929688,8202096,236.9402862548828,238.5693280029297,247.70978073120116,238.39130328413563,59.866461558664376,0.8884323238638672,0.05289582476579208,0.8355364990980751,243.3890220729305,236.9402862548828,230.49155043683513,0.05443342641285246,3.8477715581515253,0.015776455823995332,8.397279086602552,25.5713999649906,19.189716698524947,1008408111.0,8214389.2,244.24422023000196,230.0604127763982,309.3705443707811,217.97428105597103
2025-11-27,244.09798453187923,245.57973368695687,241.4561975174728,243.2791290283203,5268129,237.29512481689454,238.53579376220702,247.41445777893065,238.8568104978675,58.60866469373515,1.1529515864073971,0.2729069770941131,0.8800446093132841,244.29539955862595,237.29512481689454,230.29485007516314,0.05900057784274385,3.8674690303895654,0.01589724957433299,9.16059389124997,26.09050566462171,17.728268281582398,1003139982.0,8185454.55,245.57973368695687,230.0604127763982,309.3705443707811,217.97428105597103
2025-11-28,244.68289780384242,245.647987098301,242.34330632454626,243.24989318847656,7049965,237.66604919433593,238.4484490966797,247.11492553710937,239.27519932554458,58.54560580458021,1.3447247697071418,0.48727053561671885,0.857454234090423,245.0901225634824,237.66604919433593,230.24197582518946,0.06247483302148821,3.8272698692013636,0.015733901540651005,9.887237047248057,24.608743505425508,16.63486919434933,996090017.0,8010015.15,245.647987098301,230.0604127763982,309.3705443707811,217.97428105597103
2025-12-01,243.805555398611,244.4391904208848,242.59675803523524,243.98101806640625,3865446,238.13445663452148,238.37299743652343,246.8149856567383,239.72337253895998,59.71298056254761,1.537973268028054,0.697411082098986,0.8405621859290681,245.90302330427664,238.13445663452148,230.36588996476632,0.06524521297376147,3.6854957632333787,0.015105665975335294,10.561977120674852,23.730010282052714,16.04086843911725,999955463.0,7945282.3,245.647987098301,230.0604127763982,309.3705443707811,217.97428105597103
2025-12-02,243.70805960131725,245.121563372053,242.60649441199627,243.873779296875,8535708,238.6057876586914,238.24120025634767,246.5142707824707,240.11864937304713,59.44854133965116,1.663297366088642,0.8905883388969171,0.772709027191725,246.5638494984456,238.6057876586914,230.64772581893723,0.06670468405517155,3.6018938487207617,0.01476950026815333,11.387727031218082,23.899656806787775,15.240815308379094,991419755.0,7855576.3,245.647987098301,230.0604127763982,309.3705443707811,217.97428105597103
2025-12-03,244.29296894561833,250.65862237799195,244.24422435793778,248.280029296875,17215454,239.423184967041,238.21799926757814,246.2305679321289,240.89592365150693,66.09285775839552,2.094026532761859,1.1312759776699055,0.9627505550919535,247.817749793986,239.423184967041,231.02862014009602,0.07012324080561022,3.829247365320489,0.015423098572063388,13.445155459058993,31.203413582547803,13.311929356382056,1008635209.0,8037227.05,250.65862237799195,230.0604127763982,309.3705443707811,217.97428105597103
2025-12-04,249.557051469507,252.2865698201472,249.0696353533556,250.46363830566406,10687381,240.24594268798828,238.34667694091797,245.9867029571533,241.80713457095047,68.81943746675447,2.581819885896323,1.4213847593151892,1.1604351265811337,249.53440445465753,240.24594268798828,230.95748092131902,0.0773246087966809,3.8419111623170403,0.015339197291498253,15.647985879491078,31.90576125789895,12.320332388921658,1019322590.0,8555585.55,252.2865698201472,230.0604127763982,309.3705443707811,217.97428105597103
2025-12-05,251.7016975348242,254.528705095151,251.21428141237067,253.36865234375,7886562,241.3874710083008,238.54710235595704,245.77074729919434,242.90823150169328,72.0406017285513,3.166310728160653,1.770369953084282,1.3959407750763708,251.21883813453763,241.3874710083008,231.55610388206395,0.08145714510508925,3.8578508499720328,0.015226235819962504,18.060205474859433,33.655708141598275,11.393040114815788,1027209152.0,8732878.75,254.528705095151,231.05473758082863,309.3705443707811,217.97428105597103
2025-12-08,253.46613561647285,256.44911983647165,253.17366810009898,254.80165100097656,9684253,242.43736572265624,238.87445098876952,245.5698440551758,244.04093812067262,73.49517657338264,3.70247511879424,2.1567909862262735,1.5456841325679664,253.24163175053513,242.43736572265624,231.63309969477734,0.08913036978168433,3.816250913286364,0.014977339818224874,20.583166578931074,35.186826140455175,10.69457314376096,1036893405.0,8851175.9,256.44911983647165,232.79968661954322,309.3705443707811,217.97428105597103
2025-12-09,254.80164941918085,255.23057797425164,250.58060926348844,250.9315643310547,8560580,243.20358352661134,239.1748941040039,245.35174140930175,244.69718823594712,63.83612742022415,3.771628623612628,2.4797585137035445,1.2918701099090835,254.13445162085003,243.20358352661134,232.27271543237265,0.08989068282410924,3.87580218453471,0.015445654255840663,21.805479527339884,32.171456993372516,14.556934002775096,1028332825.0,8907050.65,256.44911983647165,234.25219148693935,309.3705443707811,217.97428105597103
2025-12-10,251.51647217035628,253.81706194413258,250.77559015869068,251.4872283935547,7944200,243.8255271911621,239.60830474853515,245.14956253051758,245.34385872714785,64.55638827301236,3.8271536751243502,2.7492375459877056,1.0779161291366446,255.14838864095583,243.8255271911621,232.5026657413684,0.09287675150532096,3.8162071560280806,0.015174556498972834,22.940484408005208,30.340009194525987,13.728240893139784,1036277025.0,8893524.95,256.44911983647165,234.25219148693935,309.3705443707811,217.97428105597103
2025-12-11,251.8089055874984,253.4368884667086,251.233758153992,252.72525024414062,6473376,244.50401000976564,239.99063385009765,244.92082977294922,246.04684839543287,66.17290522820274,3.925801499288525,2.9845503366478696,0.9412511626406554,256.24475931778045,244.50401000976564,232.76326070175082,0.09603727405162706,3.7009873815058327,0.014644311868048647,23.99441751148015,29.049948171533252,13.14451435644216,1042750401.0,8633107.65,256.44911983647165,234.25219148693935,309.3705443707811,217.97428105597103
2025-12-12,252.96896885836975,254.25575456816978,250.88281356373759,254.04129028320312,4008271,245.29508743286132,240.40454803466798,244.68959487915038,246.80822381331575,67.85143615099001,4.063334452968718,3.2003071599120396,0.8630272930566782,257.3630416101939,245.29508743286132,233.22713325552877,0.09839540044303269,3.677555497429144,0.014476211695073016,25.14561919852937,28.737295781543477,12.283389710558213,1046758672.0,8646220.25,256.44911983647165,234.25219148693935,309.3705443707811,217.97428105597103
2025-12-15,253.44661626763695,255.89345462984815,252.03312741558292,255.15257263183594,4023911,246.1573257446289,240.80754333496094,244.46774055480958,247.60292370079384,69.23946510824146,4.21343169003967,3.402932065937566,0.8104996241021039,258.452906945556,246.1573257446289,233.86174454370183,0.09990018508474441,3.690610620060293,0.014464328468228062,26.544288406807876,29.759864492043057,11.3656572641527,1050782583.0,8504556.1,256.44911983647165,234.25219148693935,309.3705443707811,217.97428105597103
2025-12-16,255.1525809388959,255.1623387811405,252.28657177377085,252.69601440429688,2982041,247.05027236938477,241.1631622314453,244.2668253326416,248.08797995827032,62.786079109240646,4.08704816600337,3.539755285950727,0.5472928800526433,258.4920033638079,247.05027236938477,235.60854137496167,0.09262674260334881,3.632407504868105,0.014374613360765134,27.843052671637917,28.07695001540241,10.722931584017543,1047800542.0,8377798.55,256.44911983647165,234.48613259278574,309.3705443707811,217.97428105597103
2025-12-17,252.48154799161765,255.53277763653588,251.80891137183292,254.5677032470703,4923276,247.78480911254883,241.5337936401367,244.12928421020507,248.70509646196555,65.42986503144881,4.090762199688982,3.6499566686983784,0.44080553099060316,259.17630272079475,247.78480911254883,236.39331550430288,0.09194666653734768,3.6389402734277376,0.014294587361288205,28.786387316453308,26.02464908785749,10.876729833362795,1052723818.0,8290400.0,256.44911983647165,237.4788890612896,309.3705443707811,217.97428105597103
2025-12-18,254.60668789496253,258.32079650390807,254.43122522434786,257.2095031738281,9008412,248.64217529296874,241.9299658203125,244.0228776550293,249.51503995833343,68.79915344807492,4.2577955569938695,3.7715244463574766,0.48627111063639283,260.1601173731637,248.64217529296874,237.12423321277376,0.09264672871063545,3.656842488151486,0.014217369276904623,30.24222710045768,29.49323785886538,10.050376494920476,1061732230.0,7871641.2,258.32079650390807,237.4788890612896,309.3705443707811,217.97428105597103
2025-12-19,260.2802134395507,260.2802134395507,256.67332217747196,257.7944030761719,12750745,249.61505813598632,242.3234085083008,243.90409896850585,250.30355073146092,69.50774020843434,4.386798942453964,3.8945793455767745,0.49221959687718986,260.7680517540275,249.61505813598632,238.46206451794512,0.08936154494305563,3.6532745434320057,0.014171271757023186,31.936805475993843,31.244363372153817,9.341606972260257,1074482975.0,7986768.7,260.2802134395507,237.85906988847182,309.3705443707811,217.97428105597103
2025-12-22,260.77738759923454,266.2266963670133,260.0852352744315,265.8075256347656,14651313,250.85309600830078,242.8355859375,243.90593124389648,251.78011976987088,77.16050113558191,5.077101412175693,4.131083758896558,0.9460176532791351,263.3436683637137,250.85309600830078,238.3625236528879,0.0995847574071765,3.994633025389821,0.01502829167778594,34.28557449411638,37.166356617333676,7.933089070200895,1089134288.0,8348483.45,266.2266963670133,237.85906988847182,309.3705443707811,217.97428105597103
2025-12-23,265.15436328849967,265.622293462953,263.40940528846386,264.5694580078125,7572420,252.10867919921876,243.2781594848633,243.87337051391603,252.99815198300817,74.06747670454847,5.461314745423806,4.397129956202008,1.0641847892217982,264.8116543531084,252.10867919921876,239.40570404532914,0.10077380274442364,3.88059640545496,0.014667590260325398,36.466574296658735,35.5257878068899,7.58291273645248,1081561868.0,8095495.6,266.2266963670133,239.43828956131182,309.3705443707811,217.97428105597103
2025-12-24,264.1210593132444,264.1600609341609,260.47519611983154,261.31353759765625,4694861,252.9796920776367,243.72521759033202,243.84149963378906,253.7900934701175,66.51605240110706,5.440367839945679,4.605777532950743,0.8345903069949365,265.6989000304016,252.9796920776367,240.26048412487182,0.10055516985024635,3.8958582256353886,0.014908750084099474,37.09220476093274,32.85900186884731,12.393414979211983,1076867007.0,8064676.95,266.2266963670133,241.4561975174728,309.3705443707811,217.97428105597103
2025-12-26,260.47518163736993,262.112892630566,259.05190517349195,259.5978088378906,2899112,253.79562606811524,244.07381744384764,243.7766714477539,254.34320921942924,62.878074219374405,5.225090701370959,4.729640166634787,0.4954505347361726,266.00443301368193,253.79562606811524,241.58681912254855,0.09620975061477235,3.8362245993095807,0.014777569257933002,37.06661530093451,30.986234405332393,14.337160229817139,1073967895.0,7889315.2,266.2266963670133,242.34330632454626,309.3705443707811,217.97428105597103
2025-12-29,259.29561705835073,260.66040598902146,256.9657834829414,257.58966064453125,3755074,254.51261444091796,244.3473550415039,243.69797836303712,254.65239506943897,58.8228794822717,4.836686925508872,4.751049518409604,0.08563740709926737,265.8101859059207,254.51261444091796,243.21504297591517,0.08877808661719885,3.826110164078901,0.014853508306604197,36.21761622299907,28.84899404327968,17.242792610675348,1070212821.0,7770864.35,266.2266963670133,242.59675803523524,309.3705443707811,217.97428105597103
2025-12-30,257.3557236173418,258.05760405355176,256.40037726681373,257.0145263671875,5117699,255.16428985595704,244.53920227050781,243.62166778564452,254.8773599549388,57.675616698069135,4.431383376136409,4.687116289954965,-0.255732913818556,265.41150439644616,255.16428985595704,244.9170753154679,0.0803185629640714,3.671189922840267,0.014283978321113914,35.21404892764419,27.91879105530716,17.78690198291768,1065095122.0,7606119.8,266.2266963670133,242.60649441199627,309.3705443707811,217.97428105597103
2025-12-31,257.35571953640823,257.94062484889497,254.6846886337934,256.6538391113281,5705044,255.80329284667968,244.9755374145508,243.56219635009765,255.0465484460235,56.925771218008286,4.034564992244555,4.556606030412883,-0.5220410381683287,264.65319297097966,255.80329284667968,246.95339272237973,0.06919301175379561,3.6415289437160743,0.014188484210191366,33.64586154379124,26.135752661195042,20.01626079538489,1059390078.0,7668732.45,266.2266963670133,244.24422435793778,309.3705443707811,217.97428105597103
2026-01-01,257.84312115997614,261.30376362734427,257.1119969978968,260.62139892578125,3639755,256.420361328125,245.4845947265625,243.53762008666993,255.5774865869528,62.67439348770972,3.994189947416828,4.444122813813673,-0.4499328663968445,264.7941638405347,256.420361328125,248.04655881571534,0.06531308566166662,3.713557198880365,0.01424885759261041,33.01618460165748,30.26703605833901,18.226023087463247,1063029833.0,7527199.25,266.2266963670133,249.0696353533556,309.3705443707811,217.97428105597103
2026-01-02,260.6213912392056,265.5442818855403,259.45158071457286,262.2298583984375,8286204,257.0086723327637,246.0234817504883,243.5650633239746,256.2110458070942,64.72947704647572,4.045349400741827,4.364368131199304,-0.31901873045747653,265.2784770809333,257.0086723327637,248.73886758459406,0.06435428558194525,3.88349605402944,0.01480951131098418,33.25490210179737,34.674769569793305,16.183575644265996,1071316037.0,6848414.3,266.2266963670133,250.58060926348844,309.3705443707811,217.97428105597103
2026-01-05,262.66855122506394,262.86349981760594,255.113601587763,256.6733093261719,7006599,257.1739051818848,246.3939175415039,243.58647338867186,256.2550709041492,53.72480353893954,3.5960732697958804,4.210709158918619,-0.6146358891227388,265.276559534644,257.1739051818848,249.07125082912557,0.06301303662227041,4.15966763801612,0.016206077869710064,32.06884836387157,30.06028799691117,21.478930865586296,1064309438.0,6728355.45,266.2266963670133,250.58060926348844,309.3705443707811,217.97428105597103
2026-01-06,256.67330390277135,259.402851886349,256.332136435652,258.9154357910156,4083654,257.37959442138674,246.834931640625,243.63893173217772,256.5084389886127,56.9083269916414,3.3819545003551355,4.044958227205923,-0.6630037268507873,265.4396715364049,257.37959442138674,249.3195173063686,0.06263182699574882,4.081885338921899,0.015765322474696353,30.967512750083323,28.44502265573679,20.324777831649055,1068393092.0,6684357.3,266.2266963670133,250.58060926348844,309.3705443707811,217.97428105597103
2026-01-07,258.3305430258428,265.64178480959305,257.8431269069261,263.98455810546875,10242615,258.0322441101074,247.35919616699218,243.71673568725586,257.2204503330752,63.09067239300861,3.580031267326831,3.9519728352301047,-0.3719415679032738,266.01163802692395,258.0322441101074,250.05285019329088,0.06184803720430824,4.347369093475117,0.016468270434735918,31.101311274156558,35.05099321851996,17.720477131146264,1078635707.0,6404327.35,266.2266963670133,250.77559015869068,309.3705443707811,217.97428105597103
2026-01-08,264.08205118733326,264.08205118733326,254.77241507805792,255.6010284423828,9269522,258.2379341125488,247.7456198120117,243.72465812683106,257.0662196768188,50.2503054832478,3.025649943342529,3.76670825685259,-0.7410583135100608,265.7290094392241,258.2379341125488,250.74685878587354,0.058016846768998875,4.701816737460848,0.018395140137398642,30.33979861133103,30.093760570046797,19.879216994717904,1069366185.0,6488429.1,266.2266963670133,250.88281356373759,309.3705443707811,217.97428105597103
2026-01-09,254.7724097743928,257.3069795274099,253.89506671552655,255.35731506347656,4735387,258.3695373535156,248.12911895751952,243.7203677368164,256.9034668565005,49.93215707496179,2.537383736851268,3.5208433528523257,-0.9834596160010576,265.55484099583754,258.3695373535156,251.1842337111937,0.05562036233776723,4.6096807427767414,0.01805188444134005,29.392479936703424,28.502741070988275,20.187708781731963,1064630798.0,6554695.2,266.2266963670133,250.88281356373759,309.3705443707811,217.97428105597103
2026-01-12,254.13877165896557,257.8431221952334,252.53027469631817,256.4783630371094,3802164,258.49139099121095,248.54205810546875,243.73936920166017,256.8629807784632,51.454693890736365,2.215351262575524,3.2597449347969656,-1.0443936722214415,265.4582955201218,258.49139099121095,251.5244864623001,0.05390434476131338,4.659906939643775,0.018168811140491962,28.13914659911051,26.181561721691725,20.63567885295432,1068432962.0,6467795.75,266.2266963670133,251.80891137183292,309.3705443707811,217.97428105597103
2026-01-13,256.8195655172956,258.1843247033359,254.72365240176612,257.5506896972656,6931244,258.6112968444824,249.00081451416017,243.7393536376953,256.9284768659682,52.92920498403691,2.0233421771289386,3.0124643832633606,-0.989122206134422,265.42508369452906,258.6112968444824,251.79750999443576,0.05269519880366378,4.57424732263849,0.01776057104725763,27.050189705364843,25.29951879953408,19.5205332938919,1075364206.0,6457490.4,266.2266963670133,251.80891137183292,309.3705443707811,217.97428105597103
2026-01-14,257.3557178937383,257.3557178937383,253.06646187874662,253.6513671875,5625861,258.65906448364257,249.38489868164064,243.71219314575194,256.6163711823046,47.30276067370973,1.5387926116595168,2.717730028942592,-1.178937417283075,265.317940621511,258.65906448364257,252.0001883457741,0.05148766892172506,4.567817358058527,0.018008250492424823,25.5669723714635,23.525479798548986,20.743132431424343,1069738345.0,6602857.05,266.2266963670133,251.80891137183292,309.3705443707811,217.97428105597103
2026-01-15,253.6513671875,253.6513671875,253.6513671875,253.6513671875,0,258.6132476806641,249.81928436279296,243.7022410583496,256.33398984946604,47.30276067370973,1.1416236630819299,2.4025087557704596,-1.2608850926885298,265.3955624617744,258.6132476806641,251.83093289955377,0.0524514102965453,4.2415446896257745,0.01672194688582305,24.189699132840822,23.525479798548986,20.743132431424343,1069738345.0,6735048.05,266.2266963670133,252.53027469631817,309.3705443707811,217.97428105597103
2026-01-16,256.62459515288,263.00973462344757,256.3808870853084,260.7189025878906,12028289,258.78871765136716,250.3534927368164,243.70468200683592,256.75160058645884,56.927463046071615,1.3812334514003624,2.19825369489644,-0.8170202434960778,265.5982177605648,258.78871765136716,251.97921754216952,0.05262594266857652,4.60703202864876,0.017670494862165542,24.765929584705386,34.621508885676,17.7334188665546,1081766634.0,6488884.25,266.2266963670133,252.53027469631817,309.3705443707811,217.97428105597103
2026-01-19,245.6577170977665,245.6577170977665,235.47072347084665,239.75997924804688,65833247,257.8869964599609,250.53793060302735,243.64989074707032,255.1333509351815,35.955153731660346,-0.11871553872401819,1.7348598481723487,-1.853575386896367,268.62653704876425,257.8869964599609,247.14745587115758,0.08328873294292478,6.081399677819847,0.025364532049480425,24.47229844673206,24.35448738266794,37.034424657085125,1015933387.0,6639878.1,266.2266963670133,235.47072347084665,309.3705443707811,217.97428105597103
2026-01-20,239.75998155890707,239.80872614486398,233.37482754229322,233.86224365234375,16796201,256.2897323608398,250.53910034179688,243.56393768310548,253.10753119395886,32.34420054460848,-1.76301099971829,1.035285678594221,-2.7982966783125107,270.7127526638428,256.2897323608398,241.86671205783682,0.11255246294998891,6.106578172444912,0.026111860029543136,24.434259628270066,22.52163601306112,36.69888322030738,999137186.0,9294003.2,265.64178480959305,233.37482754229322,309.3705443707811,217.97428105597103
2026-01-21,233.86225475607444,236.4943137751243,231.6201524431948,233.5210723876953,14397792,254.737313079834,250.49737762451173,243.47149856567384,251.24215416479092,32.14309675528831,-3.058401322181851,0.2165482784390066,-3.2749496006208574,271.71833472758533,254.737313079834,237.75629143208266,0.1333218242937934,6.018548398122384,0.025773041963983005,24.594416218594162,21.21882913618197,36.65842771767868,984739394.0,9401247.6,265.64178480959305,231.6201524431948,309.3705443707811,217.97428105597103
2026-01-22,235.90939798131257,236.78674103216582,233.17986478178355,234.59336853027344,8537915,253.40130462646485,250.4082778930664,243.41907699584962,249.65655553293212,33.541717381765196,-3.9529154002347298,-0.6173444572957407,-3.335570942938989,272.2087971885505,253.40130462646485,234.59381206437925,0.1484403767360982,5.846286101855233,0.02492093505661389,24.68507704717162,20.641039061494872,35.042964865247434,993277309.0,9742516.2,265.64178480959305,231.6201524431948,309.3705443707811,217.97428105597103
2026-01-23,236.2018484564108,237.42038872406175,231.86384807852525,232.39999389648438,13546802,252.04141387939453,250.27316589355468,243.40372894287108,248.01307347231804,32.08495061869726,-4.783668105675503,-1.450609186971693,-3.3330589187038093,272.70191345428475,252.04141387939453,231.38091430450427,0.1639452759519639,5.825589997832466,0.025067083265188472,24.928964485342618,19.234771044570813,34.26908876353181,979730507.0,9934668.9,265.64178480959305,231.6201524431948,309.3705443707811,217.97428105597103
2026-01-27,235.1999969482422,236.39999389648438,231.75,234.8000030517578,15677537,250.90193099975585,250.20477111816408,243.41663352966307,246.75468581321707,35.391529981220486,-5.188574274410115,-2.1982022044593776,-2.9903720699507375,272.6954896532706,250.90193099975585,229.10837234624108,0.1737217291766158,5.7416188477361745,0.024453231572022293,25.16982079178441,18.12207380796189,32.42831565879374,995408044.0,10467053.4,265.64178480959305,231.6201524431948,309.3705443707811,217.97428105597103
2026-01-28,235.5,238.10000610351562,234.9499969482422,237.35000610351562,10155128,249.91870498657227,250.19361511230468,243.4214944458008,245.85900203134074,38.800872582038785,-5.243260353769529,-2.807213834321408,-2.4360465194481207,272.28721934192606,249.91870498657227,227.55019063121847,0.1790063241289252,5.567217719452006,0.023455730256117927,24.99836834832469,19.535941398379816,31.055309479327462,1005563172.0,11063176.55,265.64178480959305,231.6201524431948,309.3705443707811,217.97428105597103
2026-01-29,236.1999969482422,240.89999389648438,235.4499969482422,239.8000030517578,12201949,249.07601318359374,250.29287353515625,243.48927490234374,245.2819545094757,41.969332939893405,-5.030911965900543,-3.2519534606372353,-1.778958505263308,271.63516068521443,249.07601318359374,226.51686568197303,0.18114267378282123,5.558844807222733,0.023181170710923328,24.216204085609395,21.76569498815441,28.880508422137368,1017765121.0,11315048.0,265.64178480959305,231.6201524431948,309.3705443707811,217.97428105597103
2026-01-30,238.0,238.0,235.3000030517578,236.89999389648438,11362317,247.88994293212892,250.23333404541015,243.52773681640625,244.48367254633365,39.370982020465114,-5.038549577923561,-3.609272684094501,-1.4292768938290603,270.39060932632884,247.88994293212892,225.38927653792896,0.18153754951132095,5.4832130352782515,0.023145686688680084,23.514966916788268,20.48977953471855,27.382912845139447,1006402804.0,11639893.25,265.64178480959305,231.6201524431948,309.3705443707811,217.97428105597103
2026-02-02,244.0,244.0800018310547,239.2899932861328,242.3000030517578,12335721,246.89345016479493,250.2780905151367,243.5728832244873,244.27570402304073,46.066773912074986,-4.556344132473328,-3.798686973770266,-0.7576571587030614,268.51359926924715,246.89345016479493,225.27330106034267,0.17513748615057512,5.60441267094197,0.023130056130229636,22.042562343165983,26.363765809067324,24.8771127214117,1018738525.0,12026021.35,265.64178480959305,231.6201524431948,309.3705443707811,217.97428105597103
2026-02-03,259.2099914550781,259.8900146484375,242.27999877929688,242.69000244140625,25915412,246.19428482055665,250.36515563964844,243.60253211975098,244.12468482478982,46.52609609385108,-4.095512631223016,-3.8580521052608168,-0.23746052596219958,267.40466398015195,246.19428482055665,224.98390566096134,0.17230602387910743,6.461955756527589,0.026626378060578444,22.73868202768395,38.707827725861975,20.03463417346784,1044653937.0,12228497.2,265.64178480959305,231.6201524431948,309.3705443707811,217.97428105597103
2026-02-04,235.91000366210938,235.9199981689453,226.25999450683594,233.33999633789062,25995324,244.9155128479004,250.21102020263672,243.63681747436524,243.09757163556134,38.139770083896735,-4.4336592338717935,-3.9731735309830123,-0.4604857028887812,265.98729879826726,244.9155128479004,223.84372689753357,0.1720739181062249,7.17395948353064,0.030744662707298184,21.15093407460536,32.37570071520929,32.70776350355059,1018658613.0,13173937.85,265.64178480959305,226.25999450683594,309.3705443707811,217.97428105597103
2026-02-05,233.33999633789062,235.57000732421875,231.6999969482422,233.38999938964844,10102736,243.3857849121094,250.08966430664063,243.66394355773926,242.1730409454744,38.20392136663026,-4.644074029722816,-4.107353630730973,-0.536720398991843,263.0962310662724,243.3857849121094,223.67533875794635,0.16196875393754656,6.937963118705349,0.029726908337328994,19.67659668960381,31.08575544747782,31.404587855844383,1028761349.0,14269521.35,264.08205118733326,226.25999450683594,309.3705443707811,217.97428105597103
2026-02-06,232.92999267578125,232.92999267578125,228.60000610351562,230.72000122070312,12279085,242.1417335510254,249.82619873046875,243.69827430725098,241.08227525740097,36.053888670518745,-4.9689963131148716,-4.279682167207753,-0.6893141459071188,261.7517568259435,242.1417335510254,222.53171027610728,0.1619714452964036,6.784536702093026,0.029405932152379993,18.67805331113155,29.51810908565361,33.084577498848795,1016482264.0,14262527.4,263.00973462344757,226.25999450683594,309.3705443707811,217.97428105597103
2026-02-09,231.85000610351562,232.92999267578125,229.61000061035156,230.0800018310547,9112474,240.87786788940429,249.56221618652344,243.684232711792,240.03443969298704,35.53761652018365,-5.2179923974183,-4.467344213249862,-0.7506481841684378,260.1737312459582,240.87786788940429,221.58200453285036,0.1602128375315357,6.537069228045644,0.028412157406212755,17.75083445969302,28.44729405336695,31.88438331229641,1007369790.0,14413005.55,263.00973462344757,226.25999450683594,309.3705443707811,217.97428105597103
2026-02-10,229.97999572753906,232.86000061035156,227.1999969482422,231.47000122070312,12435622,239.627449798584,249.32661834716797,243.68120422363282,239.21877888610285,37.62664994343876,-5.242727356630894,-4.622420841926068,-0.6203065147048257,257.93325932310114,239.627449798584,221.32164027406682,0.1527855806161096,6.474421687621625,0.027970888899112083,17.192254414241134,26.67094357884177,32.552227184469984,1019805412.0,14631859.9,263.00973462344757,226.25999450683594,309.3705443707811,217.97428105597103
2026-02-11,231.47000122070312,233.0,229.5,229.80999755859375,7874912,238.24041519165038,249.0431979370117,243.6787190246582,238.32270447395913,36.12115341394119,-5.33478236203257,-4.764893145947369,-0.5698892160852012,255.04622282914124,238.24041519165038,221.43460755415953,0.14108275981614266,6.261962995648652,0.027248435934785927,16.651581025125402,25.765837582798213,31.25262563751537,1011930500.0,15063532.8,263.00973462344757,226.25999450683594,309.3705443707811,217.97428105597103
2026-02-12,226.1999969482422,226.25999450683594,218.5,219.0800018310547,40899346,236.51184692382813,248.54732238769532,243.6244958496094,236.49006612701584,28.25227525468361,-6.202064064050887,-5.052327329568072,-1.1497367344828149,253.7283557763328,236.51184692382813,219.29533807132347,0.14558686236169363,6.6225368930018735,0.030228851732934055,17.3862977231248,22.62276540727728,39.30449126373708,971031154.0,15110716.2,263.00973462344757,218.5,309.3705443707811,217.97428105597103
2026-02-13,210.64999389648438,216.47999572753906,209.00999450683594,214.08999633789062,23721186,234.53377838134764,247.86352172851562,243.54102058410643,234.35672614709915,25.47308133206532,-7.208942598545008,-5.48365038336346,-1.7252922151815477,252.49352231602663,234.53377838134764,216.57403444666866,0.1531527275826066,6.868784780945936,0.03208363257713909,18.85710034262744,20.25375191663443,45.057266339244244,947309968.0,16874390.45,263.00973462344757,209.00999450683594,306.88486488761436,209.00999450683594
2026-02-16,214.6199951171875,216.91000366210938,210.11000061035156,213.25999450683594,20754327,232.16083297729492,247.11944885253905,243.4529172515869,232.34751360993124,25.031995004388534,-7.981865327494404,-5.983293372189649,-1.9985719553047554,248.07973849125113,232.16083297729492,216.2419274633387,0.1371368745520746,6.863871800289641,0.032185463645736066,20.15070887315731,19.268002763660206,41.868837359992995,926555641.0,18060449.75,259.8900146484375,209.00999450683594,306.88486488761436,209.00999450683594
2026-02-17,213.25999450683594,219.38999938964844,212.25999450683594,215.69000244140625,26941553,230.95733413696288,246.36587585449217,243.37610359191893,230.7610839748336,28.91301206122816,-8.30262335308737,-6.447159368369193,-1.8554639847181766,247.99629425274128,230.95733413696288,213.9183740211845,0.14755071692742963,6.882881306184132,0.031910989050379916,20.926497072115975,20.415971118005142,38.770830232552115,953497194.0,18496751.65,259.8900146484375,209.00999450683594,306.3112315756385,209.00999450683594
2026-02-18,216.1999969482422,216.39999389648438,210.25999450683594,211.9499969482422,22679760,229.86172180175782,245.5088427734375,243.27155532836915,228.969551877063,26.62815078688142,-8.757660724695086,-6.909259639634372,-1.848401085060714,248.73214230087535,229.86172180175782,210.9913013026403,0.16418932522738303,6.829818312145868,0.03222372451278543,21.82619628903095,19.104975668403263,38.37286028638697,930817434.0,16552166.95,259.8900146484375,209.00999450683594,302.58272940235975,209.00999450683594
2026-02-19,214.0,215.44000244140625,210.39999389648438,211.2100067138672,14151588,228.7461685180664,244.71441162109375,243.17468391418458,227.2781666234253,26.187196131338354,-9.073399644512278,-7.342087640609954,-1.7313120039023246,249.1915606419733,228.7461685180664,208.30077639415953,0.1787605209421648,6.701974757344154,0.03173133158611907,22.661631276166283,18.078740394413295,36.31163898606849,916665846.0,16846344.9,259.8900146484375,209.00999450683594,302.58272940235975,209.00999450683594
2026-02-20,209.6999969482422,211.9600067138672,208.25,209.86000061035156,17690420,227.5095001220703,243.88186706542967,243.05743911743164,225.61929366979925,25.362048457711154,-9.325065670922896,-7.738683246672543,-1.5863824242503535,249.33600195504454,227.5095001220703,205.68299828909608,0.19187332239984012,6.488262754238657,0.030917100616450758,23.64347762726464,17.34034938654827,37.19546532492448,898975426.0,16834034.7,259.8900146484375,208.25,302.58272940235975,208.25
2026-02-23,210.36000061035156,211.74000549316406,204.27999877929688,205.88999938964844,20946229,226.18400039672852,242.94516204833985,242.93215118408204,223.74031326216584,23.060833103521517,-9.732666607558002,-8.137479918849635,-1.5951866887083668,249.80741168065688,226.18400039672852,202.56058911280016,0.20888666963616093,6.557673037069266,0.03185037183209088,24.91607240523857,15.931322542147708,38.49733937542694,878029197.0,17291659.95,259.8900146484375,204.27999877929688,302.58272940235975,204.27999877929688
2026-02-24,203.0,203.2899932861328,199.36000061035156,200.13999938964844,25036686,224.45100021362305,241.86713623046876,242.776010055542,221.49266432192607,20.201767092371398,-10.39978794984981,-8.589941525049671,-1.8098464248001385,250.27469668589697,224.45100021362305,198.62730374134912,0.23010542566258124,6.555696304371239,0.03275555273490378,26.498636046382934,14.79783156266992,41.11896606677559,852992511.0,17661631.3,259.8900146484375,199.36000061035156,302.58272940235975,199.36000061035156
2026-02-25,201.30999755859375,205.47999572753906,201.30999755859375,201.9199981689453,13979068,222.67949981689452,240.80248474121095,242.55577613830567,219.62860087878505,23.369071609566348,-10.661951059566405,-9.004343431953018,-1.6576076276133875,249.56002780478318,222.67949981689452,195.79897182900586,0.24142795371816486,6.468860592479766,0.03203675045137088,27.506598901226376,16.34347666603056,38.69443743373701,866971579.0,18129588.75,259.8900146484375,199.36000061035156,302.58272940235975,199.36000061035156
2026-02-26,203.7100067138672,204.6300048828125,199.1199951171875,201.0800018310547,14378069,220.74349975585938,239.7701644897461,242.3586368560791,217.86206763614408,22.90700224459276,-10.812854046446006,-9.366045554851615,-1.4468084915943908,247.98787048464357,220.74349975585938,193.49912902707518,0.24684188443977972,6.400371247704426,0.03182997408704,28.634218474228238,15.338482328884087,38.75909346005118,852593510.0,18320785.75,259.8900146484375,199.1199951171875,300.47946510667174,199.1199951171875
2026-02-27,204.0,204.0,200.0500030517578,200.9600067138672,13288519,218.9465003967285,238.69801055908204,242.15434883117675,216.25234754830817,22.83753408553909,-10.81743173444417,-9.656322790770126,-1.1611089436740443,246.43121921329782,218.9465003967285,191.4617815801592,0.251063330692816,6.225344512028552,0.03097802699067572,29.681293792015683,14.643317607217526,37.00246892318509,839304991.0,18429591.75,259.8900146484375,199.1199951171875,299.0454193049779,199.1199951171875
2026-03-02,195.0,200.36000061035156,194.6999969482422,198.57000732421875,10486866,216.76000061035157,237.52522064208983,241.92075889587403,214.56831514601396,21.442720057485218,-10.888397888779991,-9.9027378103721,-0.985660078407891,243.4105112977231,216.76000061035157,190.10948992298003,0.24589878771294688,6.227820601571155,0.03136334981044025,31.113209513669734,13.591960237408664,40.48184240077572,828818125.0,18525901.85,259.8900146484375,194.6999969482422,289.96315532321836,194.6999969482422
2026-03-04,196.00999450683594,197.1199951171875,194.50999450683594,195.5500030517578,19562075,214.40300064086915,236.28033264160158,241.6828720855713,212.75704732751336,19.797332440284336,-11.060825867458448,-10.13435542178937,-0.9264704456690769,239.77084888955932,214.40300064086915,189.035152392179,0.23663706359391865,6.0729771884148445,0.031055878770850545,32.45836259216247,12.942907756167811,38.77220135642829,809256050.0,18433459.1,235.9199981689453,194.50999450683594,283.2709519686693,194.50999450683594
2026-03-05,196.39999389648438,196.97000122070312,193.22000122070312,195.67999267578125,13149281,212.52000045776367,234.87778198242188,241.4578723144531,211.13066117020554,20.0815958529372,-11.059500172854683,-10.319384372002434,-0.7401158008522497,237.57460502971074,212.52000045776367,187.4653958858166,0.23578585091266674,5.907050246385213,0.030187297973648743,33.81693780152322,12.356007332567692,38.57393432454722,822405331.0,18115792.25,235.57000732421875,193.22000122070312,282.7929646443696,193.22000122070312
2026-03-06,195.60000610351562,198.92999267578125,195.0,195.39999389648438,9022914,210.62050018310546,233.4943927001953,241.24122398376466,209.6325023822321,19.917836374555918,-10.954763418190453,-10.446460181240038,-0.5083032369504146,234.80331141197655,210.62050018310546,186.43768895423437,0.22963397397544372,5.76583184848493,0.02950784047383058,34.56211158954018,14.182532616880117,36.69593397258249,813382417.0,17473490.1,233.0,193.22000122070312,281.07212843212847,193.22000122070312
2026-03-09,194.0,199.5,193.02999877929688,198.75,25862728,209.02200012207032,232.2431219482422,241.0355418395996,208.59607358392427,27.532102137053684,-10.480627144390297,-10.45329357387009,-0.027333570520207573,231.86869169170578,209.02200012207032,186.17530855243487,0.21860561621544933,5.816129660786229,0.029263545463075368,35.4496613923612,13.055604958114781,36.19949908393533,839245145.0,17419499.0,233.0,193.02999877929688,279.16005162477023,193.02999877929688
2026-03-10,200.5,201.30999755859375,197.4199981689453,200.92999267578125,12982340,207.56449966430665,231.069765625,240.86456466674804,207.8659706402916,32.0591719123143,-9.815812959790605,-10.325797451054193,0.5099844912635874,228.49013740960794,207.56449966430665,186.63886191900536,0.20163021883938967,5.67854892713353,0.02826133048387845,35.78719233368902,14.693516612403595,34.428221255881745,852227485.0,18098681.15,233.0,193.02999877929688,279.16005162477023,193.02999877929688
2026-03-11,202.69000244140625,205.9499969482422,201.5800018310547,202.22999572753906,29199002,206.10249938964844,229.96257232666017,240.69329971313476,207.32921112479139,34.67972840960957,-9.079382082145912,-10.076514377272536,0.9971322951266242,224.0114167592967,206.10249938964844,188.19358202000018,0.17378651324155409,5.631510023228345,0.02784705603621522,34.964782656403386,19.64319670560724,32.236093933967275,881426487.0,18292174.45,233.0,193.02999877929688,279.16005162477023,193.02999877929688
2026-03-12,201.05999755859375,203.8000030517578,199.6999969482422,202.50999450683594,19042475,204.73749923706055,228.87248168945314,240.50966796875,206.87023811355755,35.25894225091267,-8.376601496672464,-9.736531801152521,1.3599303044800575,219.00103821121195,204.73749923706055,190.47396026290915,0.13933489494893164,5.522116886106008,0.027268367171476085,34.45623081814719,18.60144783534823,32.95828471113824,900468962.0,19130343.45,226.25999450683594,193.02999877929688,279.16005162477023,193.02999877929688
2026-03-13,200.60000610351562,202.07000732421875,196.0399932861328,197.5800018310547,12629652,203.66249923706056,227.69100494384764,240.3108987426758,205.98545370570014,30.183885390832188,-8.123805849749345,-9.413986610871886,1.2901807611225404,216.62130017537248,203.66249923706056,190.70369829874863,0.12725760497741948,5.589822910005802,0.02829144072377076,34.44778034469925,17.063558708994808,34.910304433369895,887839310.0,19688721.6,219.38999938964844,193.02999877929688,275.0491451553082,193.02999877929688
2026-03-16,196.24000549316406,198.2899932861328,192.77000427246094,195.11000061035156,12631649,202.7134994506836,226.38077697753906,240.10369926452637,204.9496962680479,28.008681947925325,-8.030204732589311,-9.137230235215371,1.10702550262606,215.25186564309618,202.7134994506836,190.17513325827102,0.12370529073188766,5.584834774553379,0.02862403135196892,34.8136519572963,15.858884924540359,36.627894630141206,875207661.0,18275236.9,219.38999938964844,192.77000427246094,273.0892569692443,192.77000427246094
2026-03-17,195.0,195.11000061035156,188.25,191.32000732421875,21778468,201.61650009155272,224.9625799560547,239.86459564208985,203.65163065434987,25.028237923753977,-8.16769386610028,-8.943322961392354,0.775629095292075,214.11104359552206,201.61650009155272,189.12195658758338,0.12394366034819224,5.675918048538963,0.029667143169821854,35.61108865188203,14.489792869658139,39.15401898836102,853429193.0,17720760.05,219.38999938964844,188.25,267.01848264133116,188.25
2026-03-18,193.0,198.0,192.69000244140625,194.3000030517578,24529164,200.5470001220703,223.7151138305664,239.6426387023926,202.760999454103,31.22520889648989,-7.944613683422261,-8.743581105798336,0.7989674223760748,211.62092574680238,200.5470001220703,189.47307449733822,0.11043721040944549,5.747637664770555,0.029581253600080976,35.64206550146364,16.878454089305908,35.90363316124383,877958357.0,17771967.1,216.39999389648438,188.25,266.2266963670133,188.25
2026-03-19,191.97999572753906,192.7899932861328,187.67999267578125,188.41000366210938,13685195,199.37000045776367,222.3050051879883,239.40074424743653,201.39423795010362,26.553389903638106,-8.149156355616043,-8.624696155761878,0.4755398001458353,210.34935313418674,199.37000045776367,188.3906477813406,0.11014046898945602,5.80995000128527,0.030836738434041513,36.18573862629231,15.504757227187213,39.1409188575992,864273162.0,17651347.65,215.44000244140625,187.67999267578125,266.2266963670133,187.67999267578125
2026-03-20,191.19000244140625,192.3000030517578,188.41000366210938,190.89999389648438,24395304,198.35449981689453,220.8433139038086,239.17827865600586,200.3947861354732,31.23722026626784,-8.017911007662576,-8.503339126142018,0.485428118479442,208.4901927674319,198.35449981689453,188.21880686635717,0.10219776168318688,5.672810671882639,0.02971613857127059,36.690577956490365,14.745326476353362,37.22377710808302,888668466.0,17201619.4,211.9600067138672,187.67999267578125,266.2266963670133,187.67999267578125
2026-03-23,189.41000366210938,190.6199951171875,187.0,187.5399932861328,12014988,197.2384994506836,219.4820932006836,238.93595375061034,199.17052014982175,28.587879956678535,-8.091745487354842,-8.421020398384584,0.32927491102974216,206.96813690113254,197.2384994506836,187.50886200023467,0.09865860344249554,5.546180902211335,0.029573323561707908,37.30318868998498,14.00470508205663,37.17004467247627,876653478.0,17713805.2,211.74000549316406,187.0,266.2266963670133,187.0
2026-03-24,191.5,191.5,187.8000030517578,188.74000549316406,11843191,196.38099975585936,218.14974700927735,238.6944664001465,198.17713780156865,30.84381900001904,-7.961651920885004,-8.329146702884668,0.3674947819996639,205.9308590051419,196.38099975585936,186.83114050657682,0.09725848489573759,5.432882745901038,0.028785008942355948,37.630331374942635,14.432546375430599,35.23482336308942,888496669.0,17430033.6,205.9499969482422,187.0,266.2266963670133,187.0
2026-03-25,189.0,190.6199951171875,187.89999389648438,189.0500030517578,13862888,195.82649993896484,216.8011798095703,238.45142196655274,197.30788687301524,31.446300373297007,-7.7442665359751,-8.212170669502754,0.4679041335276537,205.72056979818416,195.82649993896484,185.93243007974553,0.10104934584750375,5.239105494101187,0.027712803012580924,37.93410672526046,13.89733309463533,33.92818315422758,902359557.0,16974881.7,205.9499969482422,187.0,266.2266963670133,187.0
2026-03-27,189.0500030517578,192.2899932861328,187.89999389648438,191.60000610351562,26269256,195.31050033569335,215.48216613769532,238.20822120666503,196.76427918068194,36.35791339889222,-7.282277554655025,-8.026192046533208,0.7439144918781828,204.95280824973932,195.31050033569335,185.66819242164738,0.09873824394974244,5.178455058068848,0.027027426373207354,37.7219359466445,15.359304334855095,31.873727286202673,928628813.0,16416191.8,205.9499969482422,187.0,266.2266963670133,187.0
2026-03-30,189.99000549316406,191.6300048828125,186.5,187.63999938964844,27946986,194.63850021362305,214.1619387817383,237.92810745239257,195.89530015296447,32.467610011327025,-7.153229429032933,-7.851599523033153,0.6983700940002198,204.45061785991572,194.63850021362305,184.82638256733037,0.10082401616867691,5.174994331264823,0.027579377254838732,37.720828131308984,14.271748882193895,31.549186047837548,900681827.0,17030701.2,205.9499969482422,186.5,266.2266963670133,186.5
2026-04-01,191.50999450683594,194.49000549316406,190.41000366210938,191.17999267578125,11769673,194.14949951171874,212.9125112915039,237.64633399963378,195.4462232503756,38.774405269596684,-6.6882124367995175,-7.618922105786426,0.9307096689869088,203.62162345253458,194.14949951171874,184.6773755709029,0.09757556897790615,5.294638029282738,0.02769451946920942,36.88469106154381,16.811224979699205,28.63367422256668,912451500.0,17709147.05,205.9499969482422,186.5,266.2266963670133,186.5
2026-04-02,190.5,195.33999633789062,188.5800018310547,194.91000366210938,16623045,193.96649932861328,211.5963333129883,237.37991249084473,195.39515471815977,44.64089150779455,-5.950113205379068,-7.285160325704955,1.3350471203258865,203.22904061762185,193.96649932861328,184.70395803960471,0.0955066088326541,5.399306349107967,0.02770153531199997,36.400363811163665,15.307807144042208,28.49393011647745,929074545.0,17633204.75,205.9499969482422,186.5,266.2266963670133,186.5
2026-04-06,197.0,201.17999267578125,196.11000061035156,197.2899932861328,23282287,194.05349884033203,210.74693359375,237.12252281188964,195.5756155341572,48.06061862731758,-5.114166051718655,-6.850961470907696,1.7367954191890407,203.4061466514774,194.05349884033203,184.70085102918665,0.09639246771675855,5.461497968005388,0.02768258986194242,34.46717736402156,21.690407852171234,26.15735728513474,952356832.0,17940013.7,205.9499969482422,186.5,266.2266963670133,186.5
2026-04-07,197.00999450683594,205.27000427246094,197.00999450683594,204.72000122070312,24771466,194.50549926757813,210.1640887451172,236.88947235107423,196.44650940906632,56.992542807898225,-3.808233420290037,-6.242415860784164,2.4341824404941272,204.9400841515655,194.50549926757813,184.07091438359078,0.10729346906158846,5.66139166783536,0.027654316305576642,32.17760693713791,24.590227145398178,23.431374002290312,977128298.0,18126024.3,205.9499969482422,186.5,266.2266963670133,186.5
2026-04-08,207.6999969482422,209.0,202.8000030517578,203.4199981689453,22084158,194.90649948120117,209.5620672607422,236.64982620239257,197.11065119572146,55.20376367126495,-2.8453721044073745,-5.563007109508807,2.7176350051014326,206.04072558902288,194.90649948120117,183.77227337337945,0.1142519735099508,5.699863473578705,0.02802017267173913,30.716995805482725,27.353955491300713,21.610848601228007,955044140.0,18707133.55,209.0,186.5,266.2266963670133,186.5
2026-04-09,203.7100067138672,204.16000366210938,201.6300048828125,202.8699951171875,14540807,195.11249923706055,208.92759979248046,236.4137399291992,197.659160140623,54.425465076352566,-2.1024425749596674,-4.870894202598979,2.768451627639312,206.66802608457874,195.11249923706055,183.55697238954235,0.11844988806666144,5.473444566844289,0.02698005963712161,29.111399461842176,26.450822540445753,22.424183337604706,940503333.0,19360195.75,209.0,186.5,266.2266963670133,186.5
2026-04-10,208.6999969482422,208.6999969482422,200.6199951171875,204.8800048828125,51219565,195.30999984741212,208.37720001220703,236.16863098144532,198.34685963987914,56.821341716234556,-1.3360731608985361,-4.163929994258891,2.8278568333603546,207.38006041417825,195.30999984741212,183.23993928064598,0.1235990023674772,5.659627228573603,0.027624107251514384,28.37733499136212,29.483286698414357,20.137467331279918,991722898.0,18794099.7,209.0,186.5,266.2266963670133,186.5
2026-04-13,203.00999450683594,203.39999389648438,200.30999755859375,202.97000122070312,21930624,195.3470001220703,207.74059997558595,235.90938301086425,198.78715883805285,53.92054562408751,-0.8727803433163785,-3.5057000640703886,2.63291972075401,207.50589569756042,195.3470001220703,183.1881045465802,0.12448510156687473,5.581797235405399,0.02750060206846001,27.62423659686424,27.759074553736742,19.356502568728878,969792274.0,20705960.95,209.0,186.5,266.2266963670133,186.5
2026-04-15,206.5,210.49000549316406,205.10000610351562,209.75,27890080,195.70900039672853,207.18859985351563,235.6998095703125,199.83123894871449,61.44487693368022,0.04099917813283582,-2.796360215629744,2.8373593937625796,209.0709668764706,195.70900039672853,182.34703391698645,0.1365493304105133,5.72024059519508,0.02727170724765235,27.93298935206151,34.00572489873537,17.538884440930303,997682354.0,20342542.05,210.49000549316406,186.5,266.2266963670133,186.5
2026-04-16,212.97999572753906,212.97999572753906,208.2100067138672,210.25999450683594,36305074,196.34300003051757,206.5977996826172,235.48451637268067,200.82445376377368,61.94821088899052,0.7971394000058183,-2.0776602925026317,2.87479969250845,211.12746764718182,196.34300003051757,181.55853241385333,0.15059836728955242,5.652365482229137,0.026882743412443913,28.516201153607543,35.10251083150048,16.481674899211843,1033987428.0,20784922.3,212.97999572753906,186.5,266.2266963670133,186.5
2026-04-17,205.0,206.4499969482422,202.5,204.32000732421875,80542603,196.80350036621093,205.94619995117188,235.21829948425292,201.1573636266732,53.231588115488066,0.9066276116917606,-1.4808027116637534,2.387430323355514,211.97435110142752,196.80350036621093,181.63264963099434,0.1541725701726519,5.8029104125581945,0.028401087532020444,27.78504413213104,31.749571507429376,21.935871072252024,953444825.0,21968693.4,212.97999572753906,186.5,266.2266963670133,186.5
2026-04-20,204.5,205.1999969482422,202.0,202.47999572753906,27927164,197.36149978637695,205.1497998046875,234.94713684082032,201.28332858866042,50.84494752501377,0.8352954836570916,-1.0175830725995845,1.852878556256676,212.50547678542563,197.36149978637695,182.21752278732828,0.15346434857295305,5.616988022249909,0.02774095288804843,27.003079079040656,30.45759118516768,21.67906439416042,925517661.0,25364241.1,212.97999572753906,186.5,266.2266963670133,186.5
2026-04-21,203.0,205.6999969482422,202.47999572753906,205.00999450683594,21530723,197.89699935913086,204.3961996459961,234.70521133422852,201.63824915229617,53.90517826950853,0.9717127163526413,-0.6197239148091394,1.5914366311617807,213.32484243665127,197.89699935913086,182.46915628161045,0.15591790807826186,5.445774679282281,0.026563459466366138,26.353972558573922,29.827043603036767,20.763457892868587,947048384.0,25671675.9,212.97999572753906,186.5,266.2266963670133,186.5
2026-04-22,203.5,205.3800048828125,202.1999969482422,204.0,21790433,198.6764991760254,203.8093997192383,234.4537902069092,201.86317780445842,52.50000859709358,0.986949303060527,-0.2983892712352061,1.285338574295733,213.6777180618314,198.6764991760254,183.6752802902194,0.15101150813529352,5.283934197517141,0.02590163822312324,25.68589587973171,28.544851858119006,20.24939175663055,925257951.0,25521753.85,212.97999572753906,186.5,266.2266963670133,186.5
2026-04-23,204.0,204.89999389648438,202.3000030517578,202.75999450683594,20307250,199.26949920654297,203.19679962158204,234.20300476074217,201.9485889189706,50.750843406809295,0.8887216971455416,-0.06096707755905656,0.9496887747045981,213.92794905179903,199.26949920654297,184.61104936128692,0.14712186163585994,5.0922239580321,0.02511453983029388,25.065538963663943,27.503819855110326,19.510895548456443,904950701.0,25927015.75,212.97999572753906,186.5,266.2266963670133,186.5
2026-04-24,202.75,202.75,197.8800048828125,199.36000061035156,39363394,199.8604995727539,202.569599609375,233.92350799560546,201.70205669910212,46.20514135591568,0.5304102797188079,0.05730839389651634,0.4731018858222916,213.4971561427445,199.8604995727539,186.2238430027633,0.13646174806069214,5.077064362745767,0.0254668155457567,23.45022805517338,25.615518918017493,24.389795528634163,865587307.0,25722613.05,212.97999572753906,186.5,266.2266963670133,186.5
2026-04-27,199.36000061035156,205.25,199.36000061035156,205.0500030517578,42632215,200.6759994506836,202.06899963378908,233.67222221374513,202.02090873268835,53.68210864672162,0.6975407282890842,0.18535486077502994,0.5121858675140543,213.4803484681514,200.6759994506836,187.87165043321582,0.12761216141957696,5.135131150381672,0.025043311748137283,22.440923525944786,26.994320943077767,22.391573080026703,908219522.0,27090033.35,212.97999572753906,186.5,266.2266963670133,186.5
2026-04-28,204.55999755859375,205.67999267578125,201.02000427246094,201.5800018310547,23455983,201.30249938964843,201.47119964599608,233.38924591064452,201.97891759919943,49.191770734747834,0.5437249911493893,0.2570288868499018,0.2866961042994875,212.94346286670685,201.30249938964843,189.66153591259,0.11565642267089539,5.101192382734432,0.025306043934902676,21.587103179796078,25.8350127886556,20.930507522684945,884763539.0,28629484.55,212.97999572753906,186.5,266.2266963670133,186.5
2026-04-29,201.5800018310547,203.60000610351562,200.3000030517578,200.67999267578125,15667662,201.75649871826172,200.88859954833984,233.11276397705078,201.85521046363579,48.06868305136046,0.3452221876574697,0.2746675470114154,0.07055464064605432,212.52392166161036,201.75649871826172,190.9890757749131,0.10673681404815176,4.972536001950387,0.02477843424074676,20.615205358243134,24.61034850968513,20.972586990635985,869095877.0,29109139.3,212.97999572753906,186.5,266.2266963670133,186.5
2026-04-30,200.88999938964844,202.14999389648438,200.0,200.64999389648438,15300274,202.40699844360353,200.51999938964843,232.82704986572264,201.7404279334309,48.02932179051324,0.18337282716964864,0.25640860304306207,-0.07303577587341342,211.0461278670722,202.40699844360353,193.76786902013487,0.08536393988250136,4.770925851559958,0.02377735358427813,19.634993163161866,23.818167753453757,20.746655568920737,853795603.0,28579059.6,212.97999572753906,188.5800018310547,266.2266963670133,186.5
2026-05-01,200.64999389648438,200.64999389648438,200.64999389648438,200.64999389648438,0,202.88049850463867,200.2511993408203,232.5501789855957,201.63657707276934,48.02932179051324,0.0544780538282339,0.21602249320009642,-0.16154443937186252,209.89092140613425,202.88049850463867,195.87007560314308,0.06910888876128526,4.430145433591389,0.02207897118540112,18.724796124872114,23.818167753453757,20.746655568920737,853795603.0,27946724.0,212.97999572753906,188.5800018310547,266.2266963670133,186.5
2026-05-04,202.39999389648438,203.3699951171875,200.05999755859375,200.75,8446995,203.1724983215332,200.0009994506836,232.28695350646973,201.55214116107703,48.19333721242215,-0.03915101735626081,0.164987791088825,-0.2041388084450858,209.2558379351206,203.1724983215332,197.08915870794578,0.05988349470369899,4.350134871091558,0.02166941405275994,18.516888286923102,26.989859973189713,19.619081673971564,862242598.0,27358240.35,212.97999572753906,196.11000061035156,266.2266963670133,186.5
2026-05-05,200.0,202.3000030517578,199.60000610351562,199.77999877929688,8899200,203.2969985961914,199.6827993774414,232.051143951416,201.3833656961456,46.65533119169548,-0.1894399765756134,0.09410223755593733,-0.28354221413155073,208.9825994537256,203.2969985961914,197.6113977386572,0.055933938000014595,4.232267876602317,0.021184642619193495,18.18194026905653,25.75998002490064,19.50140894519702,853343398.0,26949437.85,212.97999572753906,197.00999450683594,266.2266963670133,186.5
2026-05-06,200.50999450683594,201.1300048828125,198.25,199.1199951171875,13166683,203.01699829101562,199.42619934082032,231.83139389038087,201.1678065933877,45.58924532512354,-0.35767874129950883,0.0037460417848481087,-0.36142478308435694,208.9412653972871,203.01699829101562,197.09273118474414,0.05836227661862401,4.1356776627601874,0.020769775834547553,17.452814177748916,24.478641074594726,20.86301784836864,840176715.0,26230283.5,212.97999572753906,197.8800048828125,266.2266963670133,186.5
2026-05-07,199.5,200.27999877929688,197.19000244140625,197.36000061035156,19303572,202.71399841308593,199.14919921875,231.5877864074707,200.8051584045271,42.78187094150227,-0.6258120504883209,-0.1221655766697857,-0.5036464738185352,209.12473532968426,202.71399841308593,196.3032614964876,0.06324907965689347,4.060986139555219,0.020576540975862864,16.454384713895873,23.148230383381946,21.593542505668434,820873143.0,25650044.35,212.97999572753906,197.19000244140625,266.2266963670133,186.5
2026-05-08,198.0,198.94000244140625,196.6999969482422,197.91000366210938,15970687,202.46599884033202,198.91019927978516,231.32111625671388,200.5294293814397,43.94359148534879,-0.7848813564021384,-0.25470873261625626,-0.5301726237858821,209.20857540872467,202.46599884033202,195.72342227193937,0.06660453218824121,3.930916093384422,0.01986213946059873,15.377060474454206,22.20602610936573,21.605006490723053,836843830.0,25511015.05,212.97999572753906,196.6999969482422,266.2266963670133,186.5
2026-05-11,197.8800048828125,198.24000549316406,196.14999389648438,196.67999267578125,9199527,202.05599822998047,198.7259991455078,231.05881225585938,200.16281636185317,41.89498460785178,-0.9986843231197611,-0.40350385071695727,-0.5951804724028038,209.1496591473985,202.05599822998047,194.96233731256245,0.07021480163478248,3.7994229150483694,0.01931779060675256,14.354327606260952,21.33350916736746,21.790102101368003,827644303.0,25582509.05,212.97999572753906,196.14999389648438,266.2266963670133,186.5
2026-05-12,196.10000610351562,196.13999938964844,189.10000610351562,189.57000732421875,27435195,201.38599853515626,198.5145993041992,230.73060440063477,199.15397740588799,32.47152855601519,-1.7219910706941732,-0.6672012947124004,-1.0547897759817728,210.3043694813209,201.38599853515626,192.46762758899163,0.08856992056086496,4.069463176278173,0.021466809194759545,15.162114364450696,18.49516159417925,31.265379562094118,800209108.0,23481507.15,212.97999572753906,189.10000610351562,266.2266963670133,186.5
2026-05-13,190.6699981689453,191.3000030517578,187.30999755859375,187.8000030517578,17242394,200.28849868774415,198.23219940185547,230.42509544372558,198.07264651501845,30.624765258444867,-2.410257483597576,-1.0158125324894356,-1.3944449511081403,210.16998983166198,200.28849868774415,190.40700754382632,0.09867257689442639,4.0637876274843086,0.021638911402809328,16.250262631654227,17.198064207589272,32.21895544581007,782966714.0,23756735.7,212.97999572753906,187.30999755859375,266.2266963670133,186.5
2026-05-14,188.25,190.17999267578125,187.0,188.3000030517578,18280387,199.19049911499025,197.97659942626953,230.1251936340332,197.1419185661365,31.804660823252377,-2.882144189050706,-1.3890788638016898,-1.4930653252490163,209.2741549366178,199.19049911499025,189.1068432933627,0.10124635327919318,4.000659416648376,0.02124619942543877,17.319028623591983,16.221623066944105,30.94316065018454,801247101.0,23224351.4,206.4499969482422,187.0,266.2266963670133,186.5
2026-05-15,189.89999389648438,191.89999389648438,188.8000030517578,190.0,17902610,198.4744987487793,197.7573992919922,229.82566566467284,196.46173584555208,35.802454247126434,-3.0833987551265523,-1.7279428420666623,-1.35545591305989,209.02249251698993,198.4744987487793,187.92650498056867,0.10629067043582097,3.972040232939675,0.020905474910208815,17.697334998723257,18.26451755801728,28.939960270336194,819149711.0,22323117.05,205.6999969482422,187.0,266.2266963670133,186.5
2026-05-18,190.99000549316406,192.75,189.1999969482422,192.1699981689453,16327369,197.9589988708496,197.62939910888673,229.5348365020752,196.0529989239705,40.5900834451506,-3.032833119570654,-1.9889208975674606,-1.0439122220031933,208.67990164722468,197.9589988708496,187.2380960944745,0.10831437658835107,3.941894719998113,0.020512539717737914,17.75349058742688,18.629851611704588,27.078329278587194,835477080.0,19191117.4,205.6999969482422,187.0,266.2266963670133,186.5
2026-05-19,192.39999389648438,198.0,192.39999389648438,195.1699981689453,20534622,197.46699905395508,197.62179901123048,229.27167465209962,195.9689036139681,46.52727386387915,-2.719337728527478,-2.1350042637594644,-0.5843334647680134,207.74230431231595,197.46699905395508,187.1916937955942,0.10407111373129534,4.076759513645011,0.020888248972139863,16.714721104834798,25.925350640105258,24.31235952197603,856011702.0,18611127.65,205.67999267578125,187.0,266.2266963670133,186.5
2026-05-20,194.61000061035156,197.94000244140625,194.00999450683594,197.1199951171875,16201692,197.12299880981445,197.6505990600586,229.03849060058593,196.07853137617946,50.02339254956442,-2.2871767655594795,-2.1654387641194677,-0.12173800144001179,206.95135653401476,197.12299880981445,187.29464108561413,0.09971802157578558,4.066277257996818,0.020628436275982168,15.750149442427864,24.135597871564972,22.633959358049577,872213394.0,18561322.6,205.67999267578125,187.0,266.2266963670133,186.5
2026-05-21,198.5,200.0399932861328,197.5,199.74000549316406,18980608,196.97199935913085,197.73739929199218,228.80987686157226,196.42724319684467,54.34273372432483,-1.7135207473093885,-2.075055160757452,0.3615344134480636,206.53860862871605,196.97199935913085,187.40539008954565,0.09713674330068407,3.984400180207425,0.01994793266561609,15.395737327269105,26.63683800399031,21.449140046801745,891194002.0,18281885.55,205.67999267578125,187.0,266.2266963670133,186.5
2026-05-22,200.0,205.39999389648438,198.8300018310547,203.11000061035156,40014399,197.15949935913085,197.8245993041992,228.60591178894043,197.06369628384533,59.22433931806153,-0.9757163276818517,-1.855187394142332,0.8794710664604803,207.04756741076474,197.15949935913085,187.27143130749695,0.10030526638356427,4.169085314866158,0.020526243426409005,16.195100180098606,32.821754897143975,19.034758452024285,931208401.0,18215553.45,205.67999267578125,187.0,266.2266963670133,186.5
2026-05-25,207.0,209.5500030517578,204.05999755859375,206.83999633789062,72041558,197.2489990234375,197.94279937744142,228.4298575592041,197.99477247946868,63.833510948162946,-0.08899564084600797,-1.5019490434830673,1.4129534026370594,207.44861880461474,197.2489990234375,187.04937924226027,0.10341872284954201,4.331293681047593,0.020940310180493613,17.61204056654606,36.179853108070056,17.01319333727736,1003249959.0,18248103.7,209.5500030517578,187.0,266.2266963670133,186.5
2026-05-26,206.99000549316406,208.69000244140625,202.94000244140625,203.72999572753906,46458415,197.35649871826172,197.97279937744142,228.26530494689942,198.54098421738016,57.95153012626421,0.35865152255399835,-1.1298289302756541,1.4884804528296525,207.7793181801362,197.35649871826172,186.93367925638725,0.105624284273037,4.432629846687051,0.02175737466079902,18.57752708654933,32.82753562601483,17.241591288052707,956791544.0,19718570.85,209.5500030517578,187.0,266.2266963670133,186.5
2026-05-27,203.85000610351562,205.99000549316406,200.1999969482422,201.5800018310547,39465643,197.4014991760254,197.95419952392578,228.07391761779786,198.83041446630153,54.23116758422156,0.5337755531614619,-0.797108033588231,1.3308835867496929,207.8888982178114,197.4014991760254,186.9141001342394,0.10625450247907449,4.529585467989538,0.02247041088820809,18.661696042282514,29.830230257209408,19.988162212248067,917325901.0,20868692.45,209.5500030517578,187.0,266.2266963670133,186.5
2026-05-28,201.5800018310547,201.5800018310547,201.5800018310547,201.5800018310547,0,197.4479995727539,198.0341995239258,227.88321266174316,199.09227992961135,54.23116758422156,0.6648980779603448,-0.5047068112785159,1.1696048892388609,208.00064487201027,197.4479995727539,186.89535427349753,0.10689037439822756,4.2060436488474275,0.020865381539050366,18.73985292974904,29.830230257209408,19.988162212248067,917325901.0,22058591.5,209.5500030517578,187.0,266.2266963670133,186.5
2026-05-29,211.0,211.0,203.64999389648438,204.25,82734524,197.62799987792968,198.21699951171874,227.73485893249511,199.58349136488647,58.104876098156026,0.9730435216592923,-0.20915674469095427,1.1822002663502467,208.51062873336133,197.62799987792968,186.74537102249803,0.11013245959230068,4.578468971711562,0.022416004757461746,20.285226901211043,40.142459497664454,17.05067913964214,1000060425.0,21293577.8,211.0,187.0,266.2266963670133,186.5
2026-06-01,205.10000610351562,207.75,205.10000610351562,206.41000366210938,26491139,197.91100006103517,198.51879943847655,227.58580215454103,200.23363539319342,60.98194910735645,1.3756871839659368,0.10781204104042394,1.2678751429255128,209.38212012540325,197.91100006103517,186.4398799966671,0.11592200596056228,4.5014354737321645,0.02180822340907933,21.720217017568615,37.91303403261485,16.10372126147526,1026551564.0,25430304.0,211.0,187.0,266.2266963670133,186.5
2026-06-02,208.0,210.17999267578125,206.50999450683594,209.83999633789062,42476874,198.41399993896485,198.8295993041992,227.46983390808106,201.148526911736,65.08259909490744,1.9490890452774465,0.4760674418878285,1.473021603389618,210.99716803031723,198.41399993896485,185.83083184761247,0.12683750234583396,4.4491892980135725,0.021202770566433653,23.3567380388288,39.51954734641397,15.12905168576335,1069028438.0,26332511.2,211.0,187.0,266.2266963670133,186.5
2026-06-03,208.0,208.39999389648438,202.0,204.10000610351562,62282204,198.66300048828126,199.14339935302735,227.31263916015624,201.429620168096,54.71865245238853,1.9182327179755987,0.7645004971053826,1.153732220870216,211.4869843272961,198.66300048828126,185.8390166492664,0.12910289090062665,4.691389800861933,0.02298574062012791,23.586388190706728,34.80219553471148,20.18980819899444,1006746234.0,28011394.9,211.0,187.0,266.2266963670133,186.5
2026-06-04,203.0,205.08999633789062,202.10000610351562,204.32000732421875,40659957,199.0110008239746,199.41179962158202,227.15605697631835,201.70489513534577,55.01433997412298,1.889747285781226,0.9895498548405512,0.9001974309406748,212.05059161896247,199.0110008239746,185.97141002898672,0.13104391959237874,4.56986126039858,0.022366195656732923,23.79963476030766,33.17572813927962,19.246245178008166,1047406191.0,30467170.95,211.0,187.0,266.2266963670133,186.5
2026-06-05,191.52000427246094,199.0,188.14999389648438,198.3699951171875,43539069,199.03400039672852,199.62839965820314,226.97006591796875,201.3872856098069,46.22309936204696,1.371249209446603,1.0658897257617617,0.3053594836848412,212.06736338916008,199.03400039672852,186.00063740429695,0.1309661963931042,5.398443558065423,0.02721401265789355,22.9985590804237,26.077756768762455,33.58621407147687,1003867122.0,31534990.2,211.0,187.0,266.2266963670133,186.5
2026-06-08,193.38999938964844,193.88999938964844,181.0,181.75999450683594,75164049,198.28800048828126,199.48879943847658,226.6758741760254,199.51801979047633,31.223204656438313,-0.3756225424612296,0.7775872721171634,-1.153209814578393,213.32836194888552,198.28800048828126,183.247639027677,0.15170218493875165,6.253554383717,0.03440555992909543,23.16540117731117,20.903893349355368,35.08943935912572,928703073.0,32913409.3,211.0,181.0,266.2266963670133,181.0
2026-06-09,183.97000122070312,184.35000610351562,180.60000610351562,181.6699981689453,28381665,197.89300003051758,199.3411993408203,226.38903106689452,197.8182082074734,31.164194749445997,-1.7471528531898457,0.27263924705576154,-2.019792100245607,214.19083088847108,197.89300003051758,181.59516917256408,0.16471356597191583,6.074729070594357,0.03343826240888228,23.36678179372193,19.982163823300816,34.012542326423706,900321408.0,36211635.4,211.0,180.60000610351562,266.2266963670133,180.60000610351562
2026-06-10,182.10000610351562,182.2899932861328,178.5,178.92999267578125,16935979,197.44949951171876,199.08779907226562,226.07995811462402,196.01933053778842,29.345734871901286,-3.0203790008998226,-0.3859644025353553,-2.6344145983644673,215.23651533276845,197.44949951171876,179.66248369066906,0.18016774785487893,5.911533657418532,0.03303824903257081,23.80192778297969,19.06709711857572,34.992385991724895,883385429.0,36258958.9,211.0,178.5,266.2266963670133,178.5
2026-06-11,176.97000122070312,178.1999969482422,175.8300018310547,177.3699951171875,14468882,196.90299911499022,198.8823989868164,225.74417350769042,194.24320335487403,28.33209503121323,-4.107944830692617,-1.1303604881668077,-2.977584342525809,216.37292267250862,196.90299911499022,177.43307555747182,0.19776157443034248,5.710709170797678,0.032196590900420555,24.510261930113657,18.327786556421085,36.975173767461776,868916547.0,36243638.15,211.0,175.8300018310547,266.2266963670133,175.8300018310547
2026-06-12,178.64999389648438,180.4499969482422,177.57000732421875,180.13999938964844,13850153,196.40999908447264,198.66159912109376,225.42677185058594,192.9000410724716,32.77254092922588,-4.69224313337449,-1.8427370172083442,-2.8495061161661455,217.02007137491606,196.40999908447264,175.79992679402923,0.20986785180503326,5.522801503673178,0.030658385269154945,24.671758942111772,20.507715189366596,35.502272186733165,882766700.0,36053062.9,211.0,175.8300018310547,266.2266963670133,175.8300018310547
2026-06-15,183.0,183.0,180.91000366210938,181.3800048828125,13870660,195.87049942016603,198.3909991455078,225.12176040649413,191.80289476869456,34.722359382900095,-4.997636030512467,-2.473716819869169,-2.523919210643298,217.43888980641907,195.87049942016603,174.30210903391298,0.22023112668933595,5.332601439864491,0.029400161518960275,24.281758129728207,23.137739865093913,34.14222143814523,896637360.0,35850440.05,211.0,175.8300018310547,266.2266963670133,175.8300018310547
2026-06-16,182.38999938964844,183.3800048828125,181.6300048828125,182.6699981689453,11706020,195.24549942016603,198.09859924316407,224.79785331726075,190.93309509252794,36.77670325908325,-5.077045405381881,-2.9943825369717114,-2.0826628684101696,217.57004801828825,195.24549942016603,172.9209508220438,0.2286818253370343,5.09455847987417,0.027889410034166555,23.838898702403274,23.021719837035292,33.18483519462334,908343380.0,35727604.6,211.0,175.8300018310547,266.2266963670133,175.8300018310547
2026-06-17,184.0,185.25,183.5800018310547,184.47000122070312,16131548,194.6129997253418,197.69359924316407,224.49176849365233,190.31756234283034,39.63159013482738,-4.937812673240444,-3.383068564225458,-1.5547441090149858,217.4012592490485,194.6129997253418,171.8247402016351,0.23419051713778496,4.914947290672778,0.02664361282674059,23.02423864055543,24.876171237145314,31.940570498411354,924474928.0,35286174.5,211.0,175.8300018310547,266.2266963670133,175.8300018310547
2026-06-18,184.47000122070312,184.75999450683594,181.7100067138672,182.83999633789062,18165845,193.76799926757812,197.28199920654296,224.1842600250244,189.60541319950275,37.959968598258335,-4.902484709385419,-3.6869517932574505,-1.2155329161279687,216.98248080710133,193.76799926757812,170.5535177280549,0.23961109808917275,4.781735897979633,0.026152570519324035,22.574174528622716,23.742810880932552,33.278715167289974,906309083.0,35282667.3,211.0,175.8300018310547,266.2266963670133,175.8300018310547
2026-06-19,176.75999450683594,181.47999572753906,174.88999938964844,180.8000030517578,37469436,192.65249938964843,196.84059936523437,223.87259544372557,188.76680270924135,35.918070900528704,-4.981671840764477,-3.945895802758856,-1.0357760380056211,216.10700813724867,192.65249938964843,169.19799064204818,0.2434903136155263,5.008040258712673,0.02769933724657635,23.116074815487405,21.050636122300016,39.23249900910131,868839647.0,35241929.15,211.0,174.88999938964844,266.2266963670133,174.88999938964844
2026-06-22,180.83999633789062,182.39999389648438,180.32000732421875,180.5399932861328,5068640,191.33749923706054,196.35379913330078,223.55500038146974,187.98329704989766,35.65481872265457,-5.007683371259304,-4.158253316458946,-0.8494300548003579,214.40875030578903,191.33749923706054,168.26624816833206,0.2411576524280168,4.798893566823598,0.026580778471714937,23.4063220934494,21.768283336944638,38.01788761707567,863771007.0,35114681.0,211.0,174.88999938964844,266.2266963670133,174.88999938964844
